$ cargo run
warning: use of deprecated method `services::workflow_orchestrator::WorkflowOrchestrator::phase_processing_plan025`: Use phase_processing_per_file() with per-file pipeline
   --> wkmp-ai\src\services\workflow_orchestrator\mod.rs:448:14
    |
448 |             .phase_processing_plan025(session, start_time, &cancel_token)
    |              ^^^^^^^^^^^^^^^^^^^^^^^^
    |
    = note: `#[warn(deprecated)]` on by default

warning: use of deprecated method `workflow::pipeline::Pipeline::extract`: Use extract_with_audio() to avoid re-decoding audio
   --> wkmp-ai\src\workflow\pipeline.rs:430:43
    |
430 |         let mut extraction_results = self.extract(file_path, boundary, passage_index).await?;
    |                                           ^^^^^^^

warning: `wkmp-ai` (lib) generated 2 warnings
    Finished `dev` profile [unoptimized + debuginfo] target(s) in 0.33s
     Running `C:\Users\Mango Cat\Dev\McRhythm\target\debug\wkmp-ai.exe`
2026-02-06T02:58:52.744548Z  INFO main ThreadId(01) wkmp_ai: wkmp-ai\src\main.rs:39: Starting WKMP Audio Ingest (wkmp-ai) v0.1.0 [ca7a2a35] built 2026-02-05T21:56:17-05:00 (debug)
2026-02-06T02:58:52.744980Z  WARN main ThreadId(01) wkmp_common::config: wkmp-common\src\config.rs:231: Config file not found at C:\Users\Mango Cat\AppData\Roaming\WKMP\audio-ingest.toml, using default configuration
2026-02-06T02:58:52.745091Z  INFO main ThreadId(01) wkmp_common::config: wkmp-common\src\config.rs:248: Root folder: C:\Users\Mango Cat\Music (compiled default)
2026-02-06T02:58:52.745234Z  INFO main ThreadId(01) wkmp_common::config: wkmp-common\src\config.rs:373: Root folder directory exists: C:\Users\Mango Cat\Music
2026-02-06T02:58:52.745448Z  INFO main ThreadId(01) wkmp_ai: wkmp-ai\src\main.rs:59: Database: C:\Users\Mango Cat\Music\wkmp.db
2026-02-06T02:58:52.745557Z  INFO main ThreadId(01) wkmp_ai: wkmp-ai\src\main.rs:63: Stage 1: Reading RESTART_REQUIRED configuration parameters
2026-02-06T02:58:52.746624Z DEBUG main ThreadId(01) wkmp_ai::models::bootstrap_config: wkmp-ai\src\models\bootstrap_config.rs:90: Creating bootstrap connection to read RESTART_REQUIRED parameters
2026-02-06T02:58:52.750802Z  WARN main ThreadId(01) wkmp_ai::models::bootstrap_config: wkmp-ai\src\models\bootstrap_config.rs:179: ai_database_lock_retry_ms=300 below minimum 1000ms, clamping to 1000ms (values below 1000ms cause cascading lock failures)
2026-02-06T02:58:52.750889Z  WARN main ThreadId(01) wkmp_ai::models::bootstrap_config: wkmp-ai\src\models\bootstrap_config.rs:190: ai_database_max_lock_wait_ms=5000 below minimum 10000ms, clamping to 10000ms (values below 10000ms exhaust retry budget before transactions complete)
2026-02-06T02:58:52.750945Z  INFO main ThreadId(01) wkmp_ai::models::bootstrap_config: wkmp-ai\src\models\bootstrap_config.rs:214: ai_processing_thread_count is NULL, using single-worker default: 1 workers
2026-02-06T02:58:52.757581Z DEBUG main ThreadId(01) wkmp_ai::models::bootstrap_config: wkmp-ai\src\models\bootstrap_config.rs:277: Bootstrap connection closed
2026-02-06T02:58:52.757697Z  INFO main ThreadId(01) wkmp_ai: wkmp-ai\src\main.rs:73: Configuration loaded: pool_size=96, lock_retry=1000ms, max_wait=10000ms, threads=1
2026-02-06T02:58:52.757749Z  INFO main ThreadId(01) wkmp_ai: wkmp-ai\src\main.rs:87: Building Tokio runtime: worker_threads=1, max_blocking_threads=2
2026-02-06T02:58:52.757875Z  INFO main ThreadId(01) wkmp_ai: wkmp-ai\src\main.rs:106: Stage 2: Creating production database pool with configuration
2026-02-06T02:58:52.757949Z DEBUG main ThreadId(01) wkmp_ai::models::bootstrap_config: wkmp-ai\src\models\bootstrap_config.rs:312: Creating production database pool: 96 connections, busy_timeout=1000ms
2026-02-06T02:58:52.806341Z  INFO main ThreadId(01) wkmp_ai::models::bootstrap_config: wkmp-ai\src\models\bootstrap_config.rs:337: Production database pool ready: max=96 min=48 connections, busy_timeout=1000ms, thread_count=1
2026-02-06T02:58:52.806444Z  INFO main ThreadId(01) wkmp_ai: wkmp-ai\src\main.rs:117: Initializing database schema
2026-02-06T02:58:52.814081Z  INFO main ThreadId(01) wkmp_common::db::table_schemas: wkmp-common\src\db\table_schemas.rs:411: === Phase 2: Automatic Schema Synchronization ===
2026-02-06T02:58:52.814259Z  INFO main ThreadId(01) wkmp_common::db::schema_sync: wkmp-common\src\db\schema_sync.rs:324: Schema sync: Checking table 'files'
2026-02-06T02:58:52.814813Z  INFO main ThreadId(01) wkmp_common::db::schema_sync: wkmp-common\src\db\schema_sync.rs:342:   ✓ Schema up to date for 'files'
2026-02-06T02:58:52.814901Z  INFO main ThreadId(01) wkmp_common::db::schema_sync: wkmp-common\src\db\schema_sync.rs:324: Schema sync: Checking table 'passages'
2026-02-06T02:58:52.815499Z  INFO main ThreadId(01) wkmp_common::db::schema_sync: wkmp-common\src\db\schema_sync.rs:342:   ✓ Schema up to date for 'passages'
2026-02-06T02:58:52.815639Z  INFO main ThreadId(01) wkmp_common::db::schema_sync: wkmp-common\src\db\schema_sync.rs:324: Schema sync: Checking table 'songs'
2026-02-06T02:58:52.816058Z  INFO main ThreadId(01) wkmp_common::db::schema_sync: wkmp-common\src\db\schema_sync.rs:342:   ✓ Schema up to date for 'songs'
2026-02-06T02:58:52.816147Z  INFO main ThreadId(01) wkmp_common::db::schema_sync: wkmp-common\src\db\schema_sync.rs:324: Schema sync: Checking table 'works'
2026-02-06T02:58:52.816580Z  INFO main ThreadId(01) wkmp_common::db::schema_sync: wkmp-common\src\db\schema_sync.rs:342:   ✓ Schema up to date for 'works'
2026-02-06T02:58:52.816679Z  INFO main ThreadId(01) wkmp_common::db::schema_sync: wkmp-common\src\db\schema_sync.rs:324: Schema sync: Checking table 'albums'
2026-02-06T02:58:52.817059Z  INFO main ThreadId(01) wkmp_common::db::schema_sync: wkmp-common\src\db\schema_sync.rs:342:   ✓ Schema up to date for 'albums'
2026-02-06T02:58:52.817147Z  INFO main ThreadId(01) wkmp_common::db::schema_sync: wkmp-common\src\db\schema_sync.rs:324: Schema sync: Checking table 'artists'
2026-02-06T02:58:52.817570Z  INFO main ThreadId(01) wkmp_common::db::schema_sync: wkmp-common\src\db\schema_sync.rs:342:   ✓ Schema up to date for 'artists'
2026-02-06T02:58:52.817660Z  INFO main ThreadId(01) wkmp_common::db::table_schemas: wkmp-common\src\db\table_schemas.rs:422: === Schema Synchronization Complete ===
2026-02-06T02:58:52.818025Z  INFO main ThreadId(01) wkmp_common::db::migrations: wkmp-common\src\db\migrations.rs:98: Database schema is up to date (v4)
2026-02-06T02:58:52.826143Z  INFO main ThreadId(01) wkmp_common::db::init: wkmp-common\src\db\init.rs:297: Default settings initialized
2026-02-06T02:58:52.826474Z  INFO main ThreadId(01) wkmp_common::db::init: wkmp-common\src\db\init.rs:90: Database busy timeout set to 300 ms
2026-02-06T02:58:52.826560Z  INFO main ThreadId(01) wkmp_ai: wkmp-ai\src\main.rs:122: Database pool ready (96 connections, schema verified)
2026-02-06T02:58:52.827884Z  WARN main ThreadId(01) wkmp_ai::config: wkmp-ai\src\config.rs:51: AcoustID API key found in multiple sources: database, TOML. Using database (highest priority).
2026-02-06T02:58:52.828099Z  INFO main ThreadId(01) wkmp_ai::config: wkmp-ai\src\config.rs:60: AcoustID API key loaded from database
2026-02-06T02:58:52.840301Z  INFO main ThreadId(01) wkmp_ai: wkmp-ai\src\main.rs:203: Cleaned up 1 stale import session(s) from previous run
2026-02-06T02:58:52.840577Z  INFO main ThreadId(01) wkmp_ai: wkmp-ai\src\main.rs:218: Event bus initialized
2026-02-06T02:58:52.843132Z  INFO main ThreadId(01) wkmp_ai: wkmp-ai\src\main.rs:260: Listening on http://127.0.0.1:5723
2026-02-06T02:58:52.843329Z  INFO main ThreadId(01) wkmp_ai: wkmp-ai\src\main.rs:261: Health check: http://127.0.0.1:5723/health
2026-02-06T02:58:52.853322Z DEBUG tokio-runtime-worker ThreadId(23) wkmp_ai: wkmp-ai\src\main.rs:240: Pool utilization snapshot pool_size=48 idle_connections=48 in_use_connections=0 utilization_pct=0
2026-02-06T02:58:53.200188Z  INFO tokio-runtime-worker ThreadId(23) wkmp_common::sse: wkmp-common\src\sse.rs:30: New SSE client connected to wkmp-ai general events
2026-02-06T02:58:53.200796Z  INFO tokio-runtime-worker ThreadId(23) wkmp_common::sse: wkmp-common\src\sse.rs:33: SSE: wkmp-ai event stream started
2026-02-06T02:58:53.404782Z  INFO tokio-runtime-worker ThreadId(23) wkmp_ai::api::sse: wkmp-ai\src\api\sse.rs:40: New SSE client connected to import events
2026-02-06T02:58:53.405161Z  INFO tokio-runtime-worker ThreadId(23) wkmp_ai::api::sse: wkmp-ai\src\api\sse.rs:47: SSE: Import event stream started
2026-02-06T02:59:02.849585Z DEBUG tokio-runtime-worker ThreadId(23) wkmp_ai: wkmp-ai\src\main.rs:240: Pool utilization snapshot pool_size=48 idle_connections=48 in_use_connections=0 utilization_pct=0
2026-02-06T02:59:08.418755Z DEBUG tokio-runtime-worker ThreadId(23) wkmp_ai::api::sse: wkmp-ai\src\api\sse.rs:53: SSE: Sending heartbeat
2026-02-06T02:59:11.189127Z  INFO tokio-runtime-worker ThreadId(23) wkmp_common::sse: wkmp-common\src\sse.rs:30: New SSE client connected to wkmp-ai general events
2026-02-06T02:59:11.189586Z  INFO tokio-runtime-worker ThreadId(23) wkmp_common::sse: wkmp-common\src\sse.rs:33: SSE: wkmp-ai event stream started
2026-02-06T02:59:12.850054Z DEBUG tokio-runtime-worker ThreadId(23) wkmp_ai: wkmp-ai\src\main.rs:240: Pool utilization snapshot pool_size=48 idle_connections=48 in_use_connections=0 utilization_pct=0
2026-02-06T02:59:13.225385Z  INFO tokio-runtime-worker ThreadId(23) wkmp_common::sse: wkmp-common\src\sse.rs:30: New SSE client connected to wkmp-ai general events
2026-02-06T02:59:13.225636Z  INFO tokio-runtime-worker ThreadId(23) wkmp_common::sse: wkmp-common\src\sse.rs:33: SSE: wkmp-ai event stream started
2026-02-06T02:59:14.410105Z  INFO tokio-runtime-worker ThreadId(23) wkmp_common::sse: wkmp-common\src\sse.rs:30: New SSE client connected to wkmp-ai general events
2026-02-06T02:59:14.410398Z  INFO tokio-runtime-worker ThreadId(23) wkmp_common::sse: wkmp-common\src\sse.rs:33: SSE: wkmp-ai event stream started
2026-02-06T02:59:15.450326Z DEBUG tokio-runtime-worker ThreadId(23) wkmp_ai::extractors::acoustid_client: wkmp-ai\src\extractors\acoustid_client.rs:118: Validating AcoustID API key
2026-02-06T02:59:15.717269Z DEBUG tokio-runtime-worker ThreadId(23) wkmp_ai::extractors::acoustid_client: wkmp-ai\src\extractors\acoustid_client.rs:155: AcoustID API key is valid (error code 3 = fingerprint rejected, key accepted)
2026-02-06T02:59:15.718836Z  INFO tokio-runtime-worker ThreadId(23) wkmp_ai::api::import_workflow: wkmp-ai\src\api\import_workflow.rs:109: AcoustID API key validated successfully
2026-02-06T02:59:15.728747Z  INFO tokio-runtime-worker ThreadId(23) wkmp_ai::api::import_workflow: wkmp-ai\src\api\import_workflow.rs:165: Import session started and persisted to database session_id=e6293ba0-b57f-441f-a6ea-884d33b9111b root_folder=C:\Users\Mango Cat\Music
2026-02-06T02:59:15.729772Z  INFO tokio-runtime-worker ThreadId(23) wkmp_ai::api::import_workflow: wkmp-ai\src\api\import_workflow.rs:184: Background import workflow task started session_id=e6293ba0-b57f-441f-a6ea-884d33b9111b
2026-02-06T02:59:15.729987Z  INFO tokio-runtime-worker ThreadId(23) wkmp_ai::api::import_workflow: wkmp-ai\src\api\import_workflow.rs:342: Starting import workflow orchestration session_id=e6293ba0-b57f-441f-a6ea-884d33b9111b
2026-02-06T02:59:15.731373Z  INFO tokio-runtime-worker ThreadId(23) wkmp_ai::services::workflow_orchestrator: wkmp-ai\src\services\workflow_orchestrator\mod.rs:128: AcoustID client initialized with configured API key
2026-02-06T02:59:15.732791Z  WARN tokio-runtime-worker ThreadId(23) wkmp_ai::services::workflow_orchestrator: wkmp-ai\src\services\workflow_orchestrator\mod.rs:146: Essentia not available - install essentia_streaming_extractor_music for fallback analysis
2026-02-06T02:59:15.733194Z  INFO tokio-runtime-worker ThreadId(23) wkmp_ai::services::workflow_orchestrator: wkmp-ai\src\services\workflow_orchestrator\mod.rs:340: Starting PLAN024 import workflow session_id=e6293ba0-b57f-441f-a6ea-884d33b9111b root_folder=C:\Users\Mango Cat\Music
2026-02-06T02:59:15.733792Z DEBUG tokio-runtime-worker ThreadId(23) wkmp_ai::services::workflow_orchestrator: wkmp-ai\src\services\workflow_orchestrator\mod.rs:347: Broadcasting ImportSessionStarted event session_id=e6293ba0-b57f-441f-a6ea-884d33b9111b
2026-02-06T02:59:15.733926Z DEBUG tokio-runtime-worker ThreadId(23) wkmp_ai::services::workflow_orchestrator: wkmp-ai\src\services\workflow_orchestrator\mod.rs:353: ImportSessionStarted event broadcast complete session_id=e6293ba0-b57f-441f-a6ea-884d33b9111b
2026-02-06T02:59:15.734006Z DEBUG tokio-runtime-worker ThreadId(23) wkmp_ai::services::workflow_orchestrator: wkmp-ai\src\services\workflow_orchestrator\mod.rs:356: Calling phase_scanning() session_id=e6293ba0-b57f-441f-a6ea-884d33b9111b
2026-02-06T02:59:15.734123Z DEBUG tokio-runtime-worker ThreadId(23) wkmp_ai::services::workflow_orchestrator::phase_scanning: wkmp-ai\src\services\workflow_orchestrator\phase_scanning.rs:45: phase_scanning() entry session_id=e6293ba0-b57f-441f-a6ea-884d33b9111b
2026-02-06T02:59:15.734395Z DEBUG tokio-runtime-worker ThreadId(23) wkmp_ai::services::workflow_orchestrator::phase_scanning: wkmp-ai\src\services\workflow_orchestrator\phase_scanning.rs:47: transitioned to Scanning state session_id=e6293ba0-b57f-441f-a6ea-884d33b9111b
2026-02-06T02:59:15.734534Z DEBUG tokio-runtime-worker ThreadId(23) wkmp_ai::services::workflow_orchestrator::phase_scanning: wkmp-ai\src\services\workflow_orchestrator\phase_scanning.rs:49: updated progress, about to save session to database session_id=e6293ba0-b57f-441f-a6ea-884d33b9111b
2026-02-06T02:59:15.734995Z DEBUG tokio-runtime-worker ThreadId(23) wkmp_ai::api::sse: wkmp-ai\src\api\sse.rs:71: SSE: Broadcasting import event: ImportSessionStarted
2026-02-06T02:59:15.735540Z  INFO tokio-runtime-worker ThreadId(23) wkmp_ai::api::sse: wkmp-ai\src\api\sse.rs:40: New SSE client connected to import events
2026-02-06T02:59:15.735749Z  INFO tokio-runtime-worker ThreadId(23) wkmp_ai::api::sse: wkmp-ai\src\api\sse.rs:47: SSE: Import event stream started
2026-02-06T02:59:15.736394Z DEBUG tokio-runtime-worker ThreadId(23) wkmp_ai::services::workflow_orchestrator::phase_scanning: wkmp-ai\src\services\workflow_orchestrator\phase_scanning.rs:51: session saved to database session_id=e6293ba0-b57f-441f-a6ea-884d33b9111b
2026-02-06T02:59:15.736528Z DEBUG tokio-runtime-worker ThreadId(23) wkmp_ai::services::workflow_orchestrator: wkmp-ai\src\services\workflow_orchestrator\mod.rs:1438: Acquiring all statistics Mutex locks for SSE conversion
2026-02-06T02:59:15.736649Z DEBUG tokio-runtime-worker ThreadId(23) wkmp_ai::services::workflow_orchestrator: wkmp-ai\src\services\workflow_orchestrator\mod.rs:1467: All statistics Mutex locks acquired and data cloned
2026-02-06T02:59:15.736848Z DEBUG tokio-runtime-worker ThreadId(23) wkmp_ai::services::workflow_orchestrator: wkmp-ai\src\services\workflow_orchestrator\mod.rs:1577: Releasing all statistics Mutex locks for SSE conversion
2026-02-06T02:59:15.737033Z  INFO tokio-runtime-worker ThreadId(23) wkmp_ai::services::workflow_orchestrator::phase_scanning: wkmp-ai\src\services\workflow_orchestrator\phase_scanning.rs:64: Phase 1: SCANNING (file discovery + classification) session_id=e6293ba0-b57f-441f-a6ea-884d33b9111b
2026-02-06T02:59:15.737350Z DEBUG tokio-runtime-worker ThreadId(23) wkmp_ai::api::sse: wkmp-ai\src\api\sse.rs:71: SSE: Broadcasting import event: ImportProgressUpdate
2026-02-06T02:59:15.737628Z DEBUG tokio-runtime-worker ThreadId(23) wkmp_ai::api::sse: wkmp-ai\src\api\sse.rs:71: SSE: Broadcasting import event: ImportProgressUpdate
2026-02-06T02:59:15.742158Z DEBUG tokio-runtime-worker ThreadId(73) wkmp_ai::services::workflow_orchestrator::phase_scanning: wkmp-ai\src\services\workflow_orchestrator\phase_scanning.rs:94: File discovery and magic byte analysis progress session_id=e6293ba0-b57f-441f-a6ea-884d33b9111b total_files=100 audio_files=80 image_files=18 other_files=2
2026-02-06T02:59:15.746884Z DEBUG tokio-runtime-worker ThreadId(73) wkmp_ai::services::workflow_orchestrator::phase_scanning: wkmp-ai\src\services\workflow_orchestrator\phase_scanning.rs:94: File discovery and magic byte analysis progress session_id=e6293ba0-b57f-441f-a6ea-884d33b9111b total_files=200 audio_files=164 image_files=29 other_files=7
2026-02-06T02:59:15.751409Z DEBUG tokio-runtime-worker ThreadId(73) wkmp_ai::services::workflow_orchestrator::phase_scanning: wkmp-ai\src\services\workflow_orchestrator\phase_scanning.rs:94: File discovery and magic byte analysis progress session_id=e6293ba0-b57f-441f-a6ea-884d33b9111b total_files=300 audio_files=249 image_files=44 other_files=7
2026-02-06T02:59:15.756007Z DEBUG tokio-runtime-worker ThreadId(73) wkmp_ai::services::workflow_orchestrator::phase_scanning: wkmp-ai\src\services\workflow_orchestrator\phase_scanning.rs:94: File discovery and magic byte analysis progress session_id=e6293ba0-b57f-441f-a6ea-884d33b9111b total_files=400 audio_files=338 image_files=55 other_files=7
2026-02-06T02:59:15.761638Z DEBUG tokio-runtime-worker ThreadId(73) wkmp_ai::services::workflow_orchestrator::phase_scanning: wkmp-ai\src\services\workflow_orchestrator\phase_scanning.rs:94: File discovery and magic byte analysis progress session_id=e6293ba0-b57f-441f-a6ea-884d33b9111b total_files=500 audio_files=416 image_files=77 other_files=7
2026-02-06T02:59:15.766417Z DEBUG tokio-runtime-worker ThreadId(73) wkmp_ai::services::workflow_orchestrator::phase_scanning: wkmp-ai\src\services\workflow_orchestrator\phase_scanning.rs:94: File discovery and magic byte analysis progress session_id=e6293ba0-b57f-441f-a6ea-884d33b9111b total_files=600 audio_files=501 image_files=92 other_files=7
2026-02-06T02:59:15.771165Z DEBUG tokio-runtime-worker ThreadId(73) wkmp_ai::services::workflow_orchestrator::phase_scanning: wkmp-ai\src\services\workflow_orchestrator\phase_scanning.rs:94: File discovery and magic byte analysis progress session_id=e6293ba0-b57f-441f-a6ea-884d33b9111b total_files=700 audio_files=580 image_files=113 other_files=7
2026-02-06T02:59:15.775888Z DEBUG tokio-runtime-worker ThreadId(73) wkmp_ai::services::workflow_orchestrator::phase_scanning: wkmp-ai\src\services\workflow_orchestrator\phase_scanning.rs:94: File discovery and magic byte analysis progress session_id=e6293ba0-b57f-441f-a6ea-884d33b9111b total_files=800 audio_files=662 image_files=131 other_files=7
2026-02-06T02:59:15.780534Z DEBUG tokio-runtime-worker ThreadId(73) wkmp_ai::services::workflow_orchestrator::phase_scanning: wkmp-ai\src\services\workflow_orchestrator\phase_scanning.rs:94: File discovery and magic byte analysis progress session_id=e6293ba0-b57f-441f-a6ea-884d33b9111b total_files=900 audio_files=748 image_files=145 other_files=7
2026-02-06T02:59:15.784857Z DEBUG tokio-runtime-worker ThreadId(73) wkmp_ai::services::workflow_orchestrator::phase_scanning: wkmp-ai\src\services\workflow_orchestrator\phase_scanning.rs:94: File discovery and magic byte analysis progress session_id=e6293ba0-b57f-441f-a6ea-884d33b9111b total_files=1000 audio_files=842 image_files=151 other_files=7
2026-02-06T02:59:15.789324Z DEBUG tokio-runtime-worker ThreadId(73) wkmp_ai::services::workflow_orchestrator::phase_scanning: wkmp-ai\src\services\workflow_orchestrator\phase_scanning.rs:94: File discovery and magic byte analysis progress session_id=e6293ba0-b57f-441f-a6ea-884d33b9111b total_files=1100 audio_files=922 image_files=171 other_files=7
2026-02-06T02:59:15.793801Z DEBUG tokio-runtime-worker ThreadId(73) wkmp_ai::services::workflow_orchestrator::phase_scanning: wkmp-ai\src\services\workflow_orchestrator\phase_scanning.rs:94: File discovery and magic byte analysis progress session_id=e6293ba0-b57f-441f-a6ea-884d33b9111b total_files=1200 audio_files=1000 image_files=191 other_files=9
2026-02-06T02:59:15.798200Z DEBUG tokio-runtime-worker ThreadId(73) wkmp_ai::services::workflow_orchestrator::phase_scanning: wkmp-ai\src\services\workflow_orchestrator\phase_scanning.rs:94: File discovery and magic byte analysis progress session_id=e6293ba0-b57f-441f-a6ea-884d33b9111b total_files=1300 audio_files=1092 image_files=199 other_files=9
2026-02-06T02:59:15.802437Z DEBUG tokio-runtime-worker ThreadId(73) wkmp_ai::services::workflow_orchestrator::phase_scanning: wkmp-ai\src\services\workflow_orchestrator\phase_scanning.rs:94: File discovery and magic byte analysis progress session_id=e6293ba0-b57f-441f-a6ea-884d33b9111b total_files=1400 audio_files=1186 image_files=205 other_files=9
2026-02-06T02:59:15.807206Z DEBUG tokio-runtime-worker ThreadId(73) wkmp_ai::services::workflow_orchestrator::phase_scanning: wkmp-ai\src\services\workflow_orchestrator\phase_scanning.rs:94: File discovery and magic byte analysis progress session_id=e6293ba0-b57f-441f-a6ea-884d33b9111b total_files=1500 audio_files=1270 image_files=221 other_files=9
2026-02-06T02:59:15.813035Z DEBUG tokio-runtime-worker ThreadId(73) wkmp_ai::services::workflow_orchestrator::phase_scanning: wkmp-ai\src\services\workflow_orchestrator\phase_scanning.rs:94: File discovery and magic byte analysis progress session_id=e6293ba0-b57f-441f-a6ea-884d33b9111b total_files=1600 audio_files=1358 image_files=233 other_files=9
2026-02-06T02:59:15.817694Z DEBUG tokio-runtime-worker ThreadId(73) wkmp_ai::services::workflow_orchestrator::phase_scanning: wkmp-ai\src\services\workflow_orchestrator\phase_scanning.rs:94: File discovery and magic byte analysis progress session_id=e6293ba0-b57f-441f-a6ea-884d33b9111b total_files=1700 audio_files=1443 image_files=248 other_files=9
2026-02-06T02:59:15.822986Z DEBUG tokio-runtime-worker ThreadId(73) wkmp_ai::services::workflow_orchestrator::phase_scanning: wkmp-ai\src\services\workflow_orchestrator\phase_scanning.rs:94: File discovery and magic byte analysis progress session_id=e6293ba0-b57f-441f-a6ea-884d33b9111b total_files=1800 audio_files=1527 image_files=264 other_files=9
2026-02-06T02:59:15.829042Z DEBUG tokio-runtime-worker ThreadId(73) wkmp_ai::services::workflow_orchestrator::phase_scanning: wkmp-ai\src\services\workflow_orchestrator\phase_scanning.rs:94: File discovery and magic byte analysis progress session_id=e6293ba0-b57f-441f-a6ea-884d33b9111b total_files=1900 audio_files=1608 image_files=281 other_files=11
2026-02-06T02:59:15.834211Z DEBUG tokio-runtime-worker ThreadId(73) wkmp_ai::services::workflow_orchestrator::phase_scanning: wkmp-ai\src\services\workflow_orchestrator\phase_scanning.rs:94: File discovery and magic byte analysis progress session_id=e6293ba0-b57f-441f-a6ea-884d33b9111b total_files=2000 audio_files=1686 image_files=302 other_files=12
2026-02-06T02:59:15.838608Z DEBUG tokio-runtime-worker ThreadId(73) wkmp_ai::services::workflow_orchestrator::phase_scanning: wkmp-ai\src\services\workflow_orchestrator\phase_scanning.rs:94: File discovery and magic byte analysis progress session_id=e6293ba0-b57f-441f-a6ea-884d33b9111b total_files=2100 audio_files=1763 image_files=323 other_files=14
2026-02-06T02:59:15.842771Z DEBUG tokio-runtime-worker ThreadId(73) wkmp_ai::services::workflow_orchestrator::phase_scanning: wkmp-ai\src\services\workflow_orchestrator\phase_scanning.rs:94: File discovery and magic byte analysis progress session_id=e6293ba0-b57f-441f-a6ea-884d33b9111b total_files=2200 audio_files=1847 image_files=338 other_files=15
2026-02-06T02:59:15.847944Z DEBUG tokio-runtime-worker ThreadId(73) wkmp_ai::services::workflow_orchestrator::phase_scanning: wkmp-ai\src\services\workflow_orchestrator\phase_scanning.rs:94: File discovery and magic byte analysis progress session_id=e6293ba0-b57f-441f-a6ea-884d33b9111b total_files=2300 audio_files=1922 image_files=360 other_files=18
2026-02-06T02:59:15.852428Z DEBUG tokio-runtime-worker ThreadId(73) wkmp_ai::services::workflow_orchestrator::phase_scanning: wkmp-ai\src\services\workflow_orchestrator\phase_scanning.rs:94: File discovery and magic byte analysis progress session_id=e6293ba0-b57f-441f-a6ea-884d33b9111b total_files=2400 audio_files=2010 image_files=372 other_files=18
2026-02-06T02:59:15.856745Z DEBUG tokio-runtime-worker ThreadId(73) wkmp_ai::services::workflow_orchestrator::phase_scanning: wkmp-ai\src\services\workflow_orchestrator\phase_scanning.rs:94: File discovery and magic byte analysis progress session_id=e6293ba0-b57f-441f-a6ea-884d33b9111b total_files=2500 audio_files=2090 image_files=392 other_files=18
2026-02-06T02:59:15.861422Z DEBUG tokio-runtime-worker ThreadId(73) wkmp_ai::services::workflow_orchestrator::phase_scanning: wkmp-ai\src\services\workflow_orchestrator\phase_scanning.rs:94: File discovery and magic byte analysis progress session_id=e6293ba0-b57f-441f-a6ea-884d33b9111b total_files=2600 audio_files=2176 image_files=406 other_files=18
2026-02-06T02:59:15.865579Z DEBUG tokio-runtime-worker ThreadId(73) wkmp_ai::services::workflow_orchestrator::phase_scanning: wkmp-ai\src\services\workflow_orchestrator\phase_scanning.rs:94: File discovery and magic byte analysis progress session_id=e6293ba0-b57f-441f-a6ea-884d33b9111b total_files=2700 audio_files=2256 image_files=426 other_files=18
2026-02-06T02:59:15.869887Z DEBUG tokio-runtime-worker ThreadId(73) wkmp_ai::services::workflow_orchestrator::phase_scanning: wkmp-ai\src\services\workflow_orchestrator\phase_scanning.rs:94: File discovery and magic byte analysis progress session_id=e6293ba0-b57f-441f-a6ea-884d33b9111b total_files=2800 audio_files=2336 image_files=446 other_files=18
2026-02-06T02:59:15.874618Z DEBUG tokio-runtime-worker ThreadId(73) wkmp_ai::services::workflow_orchestrator::phase_scanning: wkmp-ai\src\services\workflow_orchestrator\phase_scanning.rs:94: File discovery and magic byte analysis progress session_id=e6293ba0-b57f-441f-a6ea-884d33b9111b total_files=2900 audio_files=2417 image_files=465 other_files=18
2026-02-06T02:59:15.880152Z DEBUG tokio-runtime-worker ThreadId(73) wkmp_ai::services::workflow_orchestrator::phase_scanning: wkmp-ai\src\services\workflow_orchestrator\phase_scanning.rs:94: File discovery and magic byte analysis progress session_id=e6293ba0-b57f-441f-a6ea-884d33b9111b total_files=3000 audio_files=2501 image_files=480 other_files=19
2026-02-06T02:59:15.884918Z DEBUG tokio-runtime-worker ThreadId(73) wkmp_ai::services::workflow_orchestrator::phase_scanning: wkmp-ai\src\services\workflow_orchestrator\phase_scanning.rs:94: File discovery and magic byte analysis progress session_id=e6293ba0-b57f-441f-a6ea-884d33b9111b total_files=3100 audio_files=2589 image_files=492 other_files=19
2026-02-06T02:59:15.891322Z DEBUG tokio-runtime-worker ThreadId(73) wkmp_ai::services::workflow_orchestrator::phase_scanning: wkmp-ai\src\services\workflow_orchestrator\phase_scanning.rs:94: File discovery and magic byte analysis progress session_id=e6293ba0-b57f-441f-a6ea-884d33b9111b total_files=3200 audio_files=2669 image_files=512 other_files=19
2026-02-06T02:59:15.897939Z DEBUG tokio-runtime-worker ThreadId(73) wkmp_ai::services::workflow_orchestrator::phase_scanning: wkmp-ai\src\services\workflow_orchestrator\phase_scanning.rs:94: File discovery and magic byte analysis progress session_id=e6293ba0-b57f-441f-a6ea-884d33b9111b total_files=3300 audio_files=2744 image_files=534 other_files=22
2026-02-06T02:59:15.903611Z DEBUG tokio-runtime-worker ThreadId(73) wkmp_ai::services::workflow_orchestrator::phase_scanning: wkmp-ai\src\services\workflow_orchestrator\phase_scanning.rs:94: File discovery and magic byte analysis progress session_id=e6293ba0-b57f-441f-a6ea-884d33b9111b total_files=3400 audio_files=2829 image_files=549 other_files=22
2026-02-06T02:59:15.908191Z DEBUG tokio-runtime-worker ThreadId(73) wkmp_ai::services::workflow_orchestrator::phase_scanning: wkmp-ai\src\services\workflow_orchestrator\phase_scanning.rs:94: File discovery and magic byte analysis progress session_id=e6293ba0-b57f-441f-a6ea-884d33b9111b total_files=3500 audio_files=2910 image_files=568 other_files=22
2026-02-06T02:59:15.913533Z DEBUG tokio-runtime-worker ThreadId(73) wkmp_ai::services::workflow_orchestrator::phase_scanning: wkmp-ai\src\services\workflow_orchestrator\phase_scanning.rs:94: File discovery and magic byte analysis progress session_id=e6293ba0-b57f-441f-a6ea-884d33b9111b total_files=3600 audio_files=3000 image_files=577 other_files=23
2026-02-06T02:59:15.917906Z DEBUG tokio-runtime-worker ThreadId(73) wkmp_ai::services::workflow_orchestrator::phase_scanning: wkmp-ai\src\services\workflow_orchestrator\phase_scanning.rs:94: File discovery and magic byte analysis progress session_id=e6293ba0-b57f-441f-a6ea-884d33b9111b total_files=3700 audio_files=3078 image_files=598 other_files=24
2026-02-06T02:59:15.921969Z DEBUG tokio-runtime-worker ThreadId(73) wkmp_ai::services::workflow_orchestrator::phase_scanning: wkmp-ai\src\services\workflow_orchestrator\phase_scanning.rs:94: File discovery and magic byte analysis progress session_id=e6293ba0-b57f-441f-a6ea-884d33b9111b total_files=3800 audio_files=3165 image_files=611 other_files=24
2026-02-06T02:59:15.926111Z DEBUG tokio-runtime-worker ThreadId(73) wkmp_ai::services::workflow_orchestrator::phase_scanning: wkmp-ai\src\services\workflow_orchestrator\phase_scanning.rs:94: File discovery and magic byte analysis progress session_id=e6293ba0-b57f-441f-a6ea-884d33b9111b total_files=3900 audio_files=3253 image_files=623 other_files=24
2026-02-06T02:59:15.933056Z DEBUG tokio-runtime-worker ThreadId(73) wkmp_ai::services::workflow_orchestrator::phase_scanning: wkmp-ai\src\services\workflow_orchestrator\phase_scanning.rs:94: File discovery and magic byte analysis progress session_id=e6293ba0-b57f-441f-a6ea-884d33b9111b total_files=4000 audio_files=3336 image_files=640 other_files=24
2026-02-06T02:59:15.937393Z DEBUG tokio-runtime-worker ThreadId(73) wkmp_ai::services::workflow_orchestrator::phase_scanning: wkmp-ai\src\services\workflow_orchestrator\phase_scanning.rs:94: File discovery and magic byte analysis progress session_id=e6293ba0-b57f-441f-a6ea-884d33b9111b total_files=4100 audio_files=3417 image_files=658 other_files=25
2026-02-06T02:59:15.940801Z  WARN tokio-runtime-worker ThreadId(73) wkmp_ai::services::file_scanner: wkmp-ai\src\services\file_scanner.rs:578: Error getting metadata for C:\Users\Mango Cat\Music\nul: Incorrect function. (os error 1)
2026-02-06T02:59:15.943166Z DEBUG tokio-runtime-worker ThreadId(73) wkmp_ai::services::workflow_orchestrator::phase_scanning: wkmp-ai\src\services\workflow_orchestrator\phase_scanning.rs:94: File discovery and magic byte analysis progress session_id=e6293ba0-b57f-441f-a6ea-884d33b9111b total_files=4200 audio_files=3500 image_files=674 other_files=26
2026-02-06T02:59:15.949152Z DEBUG tokio-runtime-worker ThreadId(73) wkmp_ai::services::workflow_orchestrator::phase_scanning: wkmp-ai\src\services\workflow_orchestrator\phase_scanning.rs:94: File discovery and magic byte analysis progress session_id=e6293ba0-b57f-441f-a6ea-884d33b9111b total_files=4300 audio_files=3573 image_files=699 other_files=28
2026-02-06T02:59:15.953456Z DEBUG tokio-runtime-worker ThreadId(73) wkmp_ai::services::workflow_orchestrator::phase_scanning: wkmp-ai\src\services\workflow_orchestrator\phase_scanning.rs:94: File discovery and magic byte analysis progress session_id=e6293ba0-b57f-441f-a6ea-884d33b9111b total_files=4400 audio_files=3656 image_files=716 other_files=28
2026-02-06T02:59:15.957847Z DEBUG tokio-runtime-worker ThreadId(73) wkmp_ai::services::workflow_orchestrator::phase_scanning: wkmp-ai\src\services\workflow_orchestrator\phase_scanning.rs:94: File discovery and magic byte analysis progress session_id=e6293ba0-b57f-441f-a6ea-884d33b9111b total_files=4500 audio_files=3727 image_files=743 other_files=30
2026-02-06T02:59:15.963919Z DEBUG tokio-runtime-worker ThreadId(73) wkmp_ai::services::workflow_orchestrator::phase_scanning: wkmp-ai\src\services\workflow_orchestrator\phase_scanning.rs:94: File discovery and magic byte analysis progress session_id=e6293ba0-b57f-441f-a6ea-884d33b9111b total_files=4600 audio_files=3799 image_files=771 other_files=30
2026-02-06T02:59:15.969263Z DEBUG tokio-runtime-worker ThreadId(73) wkmp_ai::services::workflow_orchestrator::phase_scanning: wkmp-ai\src\services\workflow_orchestrator\phase_scanning.rs:94: File discovery and magic byte analysis progress session_id=e6293ba0-b57f-441f-a6ea-884d33b9111b total_files=4700 audio_files=3879 image_files=791 other_files=30
2026-02-06T02:59:15.974499Z DEBUG tokio-runtime-worker ThreadId(73) wkmp_ai::services::workflow_orchestrator::phase_scanning: wkmp-ai\src\services\workflow_orchestrator\phase_scanning.rs:94: File discovery and magic byte analysis progress session_id=e6293ba0-b57f-441f-a6ea-884d33b9111b total_files=4800 audio_files=3960 image_files=809 other_files=31
2026-02-06T02:59:15.980751Z DEBUG tokio-runtime-worker ThreadId(73) wkmp_ai::services::workflow_orchestrator::phase_scanning: wkmp-ai\src\services\workflow_orchestrator\phase_scanning.rs:94: File discovery and magic byte analysis progress session_id=e6293ba0-b57f-441f-a6ea-884d33b9111b total_files=4900 audio_files=4041 image_files=828 other_files=31
2026-02-06T02:59:15.985735Z DEBUG tokio-runtime-worker ThreadId(73) wkmp_ai::services::workflow_orchestrator::phase_scanning: wkmp-ai\src\services\workflow_orchestrator\phase_scanning.rs:94: File discovery and magic byte analysis progress session_id=e6293ba0-b57f-441f-a6ea-884d33b9111b total_files=5000 audio_files=4123 image_files=845 other_files=32
2026-02-06T02:59:15.989880Z DEBUG tokio-runtime-worker ThreadId(73) wkmp_ai::services::workflow_orchestrator::phase_scanning: wkmp-ai\src\services\workflow_orchestrator\phase_scanning.rs:94: File discovery and magic byte analysis progress session_id=e6293ba0-b57f-441f-a6ea-884d33b9111b total_files=5100 audio_files=4206 image_files=861 other_files=33
2026-02-06T02:59:15.994009Z DEBUG tokio-runtime-worker ThreadId(73) wkmp_ai::services::workflow_orchestrator::phase_scanning: wkmp-ai\src\services\workflow_orchestrator\phase_scanning.rs:94: File discovery and magic byte analysis progress session_id=e6293ba0-b57f-441f-a6ea-884d33b9111b total_files=5200 audio_files=4292 image_files=875 other_files=33
2026-02-06T02:59:15.999501Z DEBUG tokio-runtime-worker ThreadId(73) wkmp_ai::services::workflow_orchestrator::phase_scanning: wkmp-ai\src\services\workflow_orchestrator\phase_scanning.rs:94: File discovery and magic byte analysis progress session_id=e6293ba0-b57f-441f-a6ea-884d33b9111b total_files=5300 audio_files=4376 image_files=891 other_files=33
2026-02-06T02:59:16.004506Z DEBUG tokio-runtime-worker ThreadId(73) wkmp_ai::services::workflow_orchestrator::phase_scanning: wkmp-ai\src\services\workflow_orchestrator\phase_scanning.rs:94: File discovery and magic byte analysis progress session_id=e6293ba0-b57f-441f-a6ea-884d33b9111b total_files=5400 audio_files=4462 image_files=901 other_files=37
2026-02-06T02:59:16.009484Z DEBUG tokio-runtime-worker ThreadId(73) wkmp_ai::services::workflow_orchestrator::phase_scanning: wkmp-ai\src\services\workflow_orchestrator\phase_scanning.rs:94: File discovery and magic byte analysis progress session_id=e6293ba0-b57f-441f-a6ea-884d33b9111b total_files=5500 audio_files=4537 image_files=912 other_files=51
2026-02-06T02:59:16.016461Z DEBUG tokio-runtime-worker ThreadId(73) wkmp_ai::services::workflow_orchestrator::phase_scanning: wkmp-ai\src\services\workflow_orchestrator\phase_scanning.rs:94: File discovery and magic byte analysis progress session_id=e6293ba0-b57f-441f-a6ea-884d33b9111b total_files=5600 audio_files=4617 image_files=930 other_files=53
2026-02-06T02:59:16.021017Z DEBUG tokio-runtime-worker ThreadId(73) wkmp_ai::services::workflow_orchestrator::phase_scanning: wkmp-ai\src\services\workflow_orchestrator\phase_scanning.rs:94: File discovery and magic byte analysis progress session_id=e6293ba0-b57f-441f-a6ea-884d33b9111b total_files=5700 audio_files=4703 image_files=944 other_files=53
2026-02-06T02:59:16.027237Z DEBUG tokio-runtime-worker ThreadId(73) wkmp_ai::services::workflow_orchestrator::phase_scanning: wkmp-ai\src\services\workflow_orchestrator\phase_scanning.rs:94: File discovery and magic byte analysis progress session_id=e6293ba0-b57f-441f-a6ea-884d33b9111b total_files=5800 audio_files=4780 image_files=966 other_files=54
2026-02-06T02:59:16.033221Z DEBUG tokio-runtime-worker ThreadId(73) wkmp_ai::services::workflow_orchestrator::phase_scanning: wkmp-ai\src\services\workflow_orchestrator\phase_scanning.rs:94: File discovery and magic byte analysis progress session_id=e6293ba0-b57f-441f-a6ea-884d33b9111b total_files=5900 audio_files=4867 image_files=979 other_files=54
2026-02-06T02:59:16.037677Z DEBUG tokio-runtime-worker ThreadId(73) wkmp_ai::services::workflow_orchestrator::phase_scanning: wkmp-ai\src\services\workflow_orchestrator\phase_scanning.rs:94: File discovery and magic byte analysis progress session_id=e6293ba0-b57f-441f-a6ea-884d33b9111b total_files=6000 audio_files=4958 image_files=988 other_files=54
2026-02-06T02:59:16.042656Z DEBUG tokio-runtime-worker ThreadId(73) wkmp_ai::services::workflow_orchestrator::phase_scanning: wkmp-ai\src\services\workflow_orchestrator\phase_scanning.rs:94: File discovery and magic byte analysis progress session_id=e6293ba0-b57f-441f-a6ea-884d33b9111b total_files=6100 audio_files=5041 image_files=1005 other_files=54
2026-02-06T02:59:16.049299Z DEBUG tokio-runtime-worker ThreadId(73) wkmp_ai::services::workflow_orchestrator::phase_scanning: wkmp-ai\src\services\workflow_orchestrator\phase_scanning.rs:94: File discovery and magic byte analysis progress session_id=e6293ba0-b57f-441f-a6ea-884d33b9111b total_files=6200 audio_files=5121 image_files=1025 other_files=54
2026-02-06T02:59:16.054523Z DEBUG tokio-runtime-worker ThreadId(73) wkmp_ai::services::workflow_orchestrator::phase_scanning: wkmp-ai\src\services\workflow_orchestrator\phase_scanning.rs:94: File discovery and magic byte analysis progress session_id=e6293ba0-b57f-441f-a6ea-884d33b9111b total_files=6300 audio_files=5207 image_files=1036 other_files=57
2026-02-06T02:59:16.059931Z DEBUG tokio-runtime-worker ThreadId(73) wkmp_ai::services::workflow_orchestrator::phase_scanning: wkmp-ai\src\services\workflow_orchestrator\phase_scanning.rs:94: File discovery and magic byte analysis progress session_id=e6293ba0-b57f-441f-a6ea-884d33b9111b total_files=6400 audio_files=5294 image_files=1048 other_files=58
2026-02-06T02:59:16.064653Z DEBUG tokio-runtime-worker ThreadId(73) wkmp_ai::services::workflow_orchestrator::phase_scanning: wkmp-ai\src\services\workflow_orchestrator\phase_scanning.rs:94: File discovery and magic byte analysis progress session_id=e6293ba0-b57f-441f-a6ea-884d33b9111b total_files=6500 audio_files=5388 image_files=1054 other_files=58
2026-02-06T02:59:16.069381Z DEBUG tokio-runtime-worker ThreadId(73) wkmp_ai::services::workflow_orchestrator::phase_scanning: wkmp-ai\src\services\workflow_orchestrator\phase_scanning.rs:94: File discovery and magic byte analysis progress session_id=e6293ba0-b57f-441f-a6ea-884d33b9111b total_files=6600 audio_files=5469 image_files=1073 other_files=58
2026-02-06T02:59:16.074425Z DEBUG tokio-runtime-worker ThreadId(73) wkmp_ai::services::workflow_orchestrator::phase_scanning: wkmp-ai\src\services\workflow_orchestrator\phase_scanning.rs:94: File discovery and magic byte analysis progress session_id=e6293ba0-b57f-441f-a6ea-884d33b9111b total_files=6700 audio_files=5547 image_files=1092 other_files=61
2026-02-06T02:59:16.080090Z DEBUG tokio-runtime-worker ThreadId(73) wkmp_ai::services::workflow_orchestrator::phase_scanning: wkmp-ai\src\services\workflow_orchestrator\phase_scanning.rs:94: File discovery and magic byte analysis progress session_id=e6293ba0-b57f-441f-a6ea-884d33b9111b total_files=6800 audio_files=5634 image_files=1105 other_files=61
2026-02-06T02:59:16.085272Z DEBUG tokio-runtime-worker ThreadId(73) wkmp_ai::services::workflow_orchestrator::phase_scanning: wkmp-ai\src\services\workflow_orchestrator\phase_scanning.rs:94: File discovery and magic byte analysis progress session_id=e6293ba0-b57f-441f-a6ea-884d33b9111b total_files=6900 audio_files=5712 image_files=1127 other_files=61
2026-02-06T02:59:16.087444Z DEBUG tokio-runtime-worker ThreadId(73) wkmp_ai::services::workflow_orchestrator::phase_scanning: wkmp-ai\src\services\workflow_orchestrator\phase_scanning.rs:94: File discovery and magic byte analysis progress session_id=e6293ba0-b57f-441f-a6ea-884d33b9111b total_files=6931 audio_files=5737 image_files=1133 other_files=61
2026-02-06T02:59:16.092841Z  INFO tokio-runtime-worker ThreadId(73) wkmp_ai::services::file_scanner: wkmp-ai\src\services\file_scanner.rs:612: File classification complete: 5737 audio, 1133 image, 61 other (total 6931) | Audio: 5736 confirmed, 1 denied | Images: 1132 confirmed, 1 denied
2026-02-06T02:59:16.093185Z  INFO tokio-runtime-worker ThreadId(23) wkmp_ai::services::workflow_orchestrator::phase_scanning: wkmp-ai\src\services\workflow_orchestrator\phase_scanning.rs:108: File classification completed with magic byte verification session_id=e6293ba0-b57f-441f-a6ea-884d33b9111b audio_files=5737 image_files=1133 other_files=61 total_files=6931 audio_confirmed=5736 audio_denied=1 image_confirmed=1132 image_denied=1
2026-02-06T02:59:16.096612Z  INFO tokio-runtime-worker ThreadId(23) wkmp_ai::services::workflow_orchestrator::phase_scanning: wkmp-ai\src\services\workflow_orchestrator\phase_scanning.rs:136: Filtered to confirmed audio files only (magic byte verified) session_id=e6293ba0-b57f-441f-a6ea-884d33b9111b confirmed_audio_files=5736 denied_audio_files=1
2026-02-06T02:59:16.135154Z  INFO tokio-runtime-worker ThreadId(23) wkmp_ai::services::workflow_orchestrator::phase_scanning: wkmp-ai\src\services\workflow_orchestrator\phase_scanning.rs:155: Phase 1.5: BULK_INSERTING - Creating database records for confirmed files session_id=e6293ba0-b57f-441f-a6ea-884d33b9111b files_to_insert=5736
2026-02-06T02:59:16.135352Z DEBUG tokio-runtime-worker ThreadId(23) wkmp_ai::services::workflow_orchestrator: wkmp-ai\src\services\workflow_orchestrator\mod.rs:1438: Acquiring all statistics Mutex locks for SSE conversion
2026-02-06T02:59:16.135473Z DEBUG tokio-runtime-worker ThreadId(23) wkmp_ai::services::workflow_orchestrator: wkmp-ai\src\services\workflow_orchestrator\mod.rs:1467: All statistics Mutex locks acquired and data cloned
2026-02-06T02:59:16.135620Z DEBUG tokio-runtime-worker ThreadId(23) wkmp_ai::services::workflow_orchestrator: wkmp-ai\src\services\workflow_orchestrator\mod.rs:1577: Releasing all statistics Mutex locks for SSE conversion
2026-02-06T02:59:16.228939Z DEBUG tokio-runtime-worker ThreadId(23) wkmp_ai::api::sse: wkmp-ai\src\api\sse.rs:71: SSE: Broadcasting import event: ImportProgressUpdate
2026-02-06T02:59:16.229455Z DEBUG tokio-runtime-worker ThreadId(23) wkmp_ai::api::sse: wkmp-ai\src\api\sse.rs:71: SSE: Broadcasting import event: ImportProgressUpdate
2026-02-06T02:59:16.230040Z DEBUG tokio-runtime-worker ThreadId(23) wkmp_ai::utils::pool_monitor: wkmp-ai\src\utils\pool_monitor.rs:138: Connection acquisition requested caller="files::batch_save"
2026-02-06T02:59:16.230273Z DEBUG tokio-runtime-worker ThreadId(23) wkmp_ai::utils::pool_monitor: wkmp-ai\src\utils\pool_monitor.rs:162: Connection acquired caller="files::batch_save" wait_ms=0
2026-02-06T02:59:16.230434Z DEBUG tokio-runtime-worker ThreadId(23) wkmp_ai::db::files: wkmp-ai\src\db\files.rs:144: Batch inserting file chunk chunk_size=100
2026-02-06T02:59:16.231910Z DEBUG tokio-runtime-worker ThreadId(23) wkmp_ai::db::files: wkmp-ai\src\db\files.rs:194: Chunk batch insert complete rows_affected=100 chunk_size=100
2026-02-06T02:59:16.232002Z DEBUG tokio-runtime-worker ThreadId(23) wkmp_ai::db::files: wkmp-ai\src\db\files.rs:144: Batch inserting file chunk chunk_size=100
2026-02-06T02:59:16.232812Z DEBUG tokio-runtime-worker ThreadId(23) wkmp_ai::db::files: wkmp-ai\src\db\files.rs:194: Chunk batch insert complete rows_affected=100 chunk_size=100
2026-02-06T02:59:16.232894Z DEBUG tokio-runtime-worker ThreadId(23) wkmp_ai::db::files: wkmp-ai\src\db\files.rs:144: Batch inserting file chunk chunk_size=100
2026-02-06T02:59:16.233702Z DEBUG tokio-runtime-worker ThreadId(23) wkmp_ai::db::files: wkmp-ai\src\db\files.rs:194: Chunk batch insert complete rows_affected=100 chunk_size=100
2026-02-06T02:59:16.233782Z DEBUG tokio-runtime-worker ThreadId(23) wkmp_ai::db::files: wkmp-ai\src\db\files.rs:144: Batch inserting file chunk chunk_size=100
2026-02-06T02:59:16.234583Z DEBUG tokio-runtime-worker ThreadId(23) wkmp_ai::db::files: wkmp-ai\src\db\files.rs:194: Chunk batch insert complete rows_affected=100 chunk_size=100
2026-02-06T02:59:16.234663Z DEBUG tokio-runtime-worker ThreadId(23) wkmp_ai::db::files: wkmp-ai\src\db\files.rs:144: Batch inserting file chunk chunk_size=100
2026-02-06T02:59:16.235421Z DEBUG tokio-runtime-worker ThreadId(23) wkmp_ai::db::files: wkmp-ai\src\db\files.rs:194: Chunk batch insert complete rows_affected=100 chunk_size=100
2026-02-06T02:59:16.235500Z DEBUG tokio-runtime-worker ThreadId(23) wkmp_ai::db::files: wkmp-ai\src\db\files.rs:144: Batch inserting file chunk chunk_size=100
2026-02-06T02:59:16.236247Z DEBUG tokio-runtime-worker ThreadId(23) wkmp_ai::db::files: wkmp-ai\src\db\files.rs:194: Chunk batch insert complete rows_affected=100 chunk_size=100
2026-02-06T02:59:16.236345Z DEBUG tokio-runtime-worker ThreadId(23) wkmp_ai::db::files: wkmp-ai\src\db\files.rs:144: Batch inserting file chunk chunk_size=100
2026-02-06T02:59:16.237080Z DEBUG tokio-runtime-worker ThreadId(23) wkmp_ai::db::files: wkmp-ai\src\db\files.rs:194: Chunk batch insert complete rows_affected=100 chunk_size=100
2026-02-06T02:59:16.237176Z DEBUG tokio-runtime-worker ThreadId(23) wkmp_ai::db::files: wkmp-ai\src\db\files.rs:144: Batch inserting file chunk chunk_size=100
2026-02-06T02:59:16.237929Z DEBUG tokio-runtime-worker ThreadId(23) wkmp_ai::db::files: wkmp-ai\src\db\files.rs:194: Chunk batch insert complete rows_affected=100 chunk_size=100
2026-02-06T02:59:16.238005Z DEBUG tokio-runtime-worker ThreadId(23) wkmp_ai::db::files: wkmp-ai\src\db\files.rs:144: Batch inserting file chunk chunk_size=100
2026-02-06T02:59:16.238718Z DEBUG tokio-runtime-worker ThreadId(23) wkmp_ai::db::files: wkmp-ai\src\db\files.rs:194: Chunk batch insert complete rows_affected=100 chunk_size=100
2026-02-06T02:59:16.238789Z DEBUG tokio-runtime-worker ThreadId(23) wkmp_ai::db::files: wkmp-ai\src\db\files.rs:144: Batch inserting file chunk chunk_size=100
2026-02-06T02:59:16.239516Z DEBUG tokio-runtime-worker ThreadId(23) wkmp_ai::db::files: wkmp-ai\src\db\files.rs:194: Chunk batch insert complete rows_affected=100 chunk_size=100
2026-02-06T02:59:16.239593Z DEBUG tokio-runtime-worker ThreadId(23) wkmp_ai::db::files: wkmp-ai\src\db\files.rs:144: Batch inserting file chunk chunk_size=100
2026-02-06T02:59:16.240337Z DEBUG tokio-runtime-worker ThreadId(23) wkmp_ai::db::files: wkmp-ai\src\db\files.rs:194: Chunk batch insert complete rows_affected=100 chunk_size=100
2026-02-06T02:59:16.240413Z DEBUG tokio-runtime-worker ThreadId(23) wkmp_ai::db::files: wkmp-ai\src\db\files.rs:144: Batch inserting file chunk chunk_size=100
2026-02-06T02:59:16.241132Z DEBUG tokio-runtime-worker ThreadId(23) wkmp_ai::db::files: wkmp-ai\src\db\files.rs:194: Chunk batch insert complete rows_affected=100 chunk_size=100
2026-02-06T02:59:16.241210Z DEBUG tokio-runtime-worker ThreadId(23) wkmp_ai::db::files: wkmp-ai\src\db\files.rs:144: Batch inserting file chunk chunk_size=100
2026-02-06T02:59:16.242005Z DEBUG tokio-runtime-worker ThreadId(23) wkmp_ai::db::files: wkmp-ai\src\db\files.rs:194: Chunk batch insert complete rows_affected=100 chunk_size=100
2026-02-06T02:59:16.242080Z DEBUG tokio-runtime-worker ThreadId(23) wkmp_ai::db::files: wkmp-ai\src\db\files.rs:144: Batch inserting file chunk chunk_size=100
2026-02-06T02:59:16.242835Z DEBUG tokio-runtime-worker ThreadId(23) wkmp_ai::db::files: wkmp-ai\src\db\files.rs:194: Chunk batch insert complete rows_affected=100 chunk_size=100
2026-02-06T02:59:16.242927Z DEBUG tokio-runtime-worker ThreadId(23) wkmp_ai::db::files: wkmp-ai\src\db\files.rs:144: Batch inserting file chunk chunk_size=100
2026-02-06T02:59:16.243645Z DEBUG tokio-runtime-worker ThreadId(23) wkmp_ai::db::files: wkmp-ai\src\db\files.rs:194: Chunk batch insert complete rows_affected=100 chunk_size=100
2026-02-06T02:59:16.243715Z DEBUG tokio-runtime-worker ThreadId(23) wkmp_ai::db::files: wkmp-ai\src\db\files.rs:144: Batch inserting file chunk chunk_size=100
2026-02-06T02:59:16.244564Z DEBUG tokio-runtime-worker ThreadId(23) wkmp_ai::db::files: wkmp-ai\src\db\files.rs:194: Chunk batch insert complete rows_affected=100 chunk_size=100
2026-02-06T02:59:16.244681Z DEBUG tokio-runtime-worker ThreadId(23) wkmp_ai::db::files: wkmp-ai\src\db\files.rs:144: Batch inserting file chunk chunk_size=100
2026-02-06T02:59:16.245818Z DEBUG tokio-runtime-worker ThreadId(23) wkmp_ai::db::files: wkmp-ai\src\db\files.rs:194: Chunk batch insert complete rows_affected=100 chunk_size=100
2026-02-06T02:59:16.245927Z DEBUG tokio-runtime-worker ThreadId(23) wkmp_ai::db::files: wkmp-ai\src\db\files.rs:144: Batch inserting file chunk chunk_size=100
2026-02-06T02:59:16.246847Z DEBUG tokio-runtime-worker ThreadId(23) wkmp_ai::db::files: wkmp-ai\src\db\files.rs:194: Chunk batch insert complete rows_affected=100 chunk_size=100
2026-02-06T02:59:16.246955Z DEBUG tokio-runtime-worker ThreadId(23) wkmp_ai::db::files: wkmp-ai\src\db\files.rs:144: Batch inserting file chunk chunk_size=100
2026-02-06T02:59:16.247949Z DEBUG tokio-runtime-worker ThreadId(23) wkmp_ai::db::files: wkmp-ai\src\db\files.rs:194: Chunk batch insert complete rows_affected=100 chunk_size=100
2026-02-06T02:59:16.248075Z DEBUG tokio-runtime-worker ThreadId(23) wkmp_ai::db::files: wkmp-ai\src\db\files.rs:144: Batch inserting file chunk chunk_size=100
2026-02-06T02:59:16.249180Z DEBUG tokio-runtime-worker ThreadId(23) wkmp_ai::db::files: wkmp-ai\src\db\files.rs:194: Chunk batch insert complete rows_affected=100 chunk_size=100
2026-02-06T02:59:16.249335Z DEBUG tokio-runtime-worker ThreadId(23) wkmp_ai::db::files: wkmp-ai\src\db\files.rs:144: Batch inserting file chunk chunk_size=100
2026-02-06T02:59:16.250476Z DEBUG tokio-runtime-worker ThreadId(23) wkmp_ai::db::files: wkmp-ai\src\db\files.rs:194: Chunk batch insert complete rows_affected=100 chunk_size=100
2026-02-06T02:59:16.250605Z DEBUG tokio-runtime-worker ThreadId(23) wkmp_ai::db::files: wkmp-ai\src\db\files.rs:144: Batch inserting file chunk chunk_size=100
2026-02-06T02:59:16.251488Z DEBUG tokio-runtime-worker ThreadId(23) wkmp_ai::db::files: wkmp-ai\src\db\files.rs:194: Chunk batch insert complete rows_affected=100 chunk_size=100
2026-02-06T02:59:16.251571Z DEBUG tokio-runtime-worker ThreadId(23) wkmp_ai::db::files: wkmp-ai\src\db\files.rs:144: Batch inserting file chunk chunk_size=100
2026-02-06T02:59:16.252312Z DEBUG tokio-runtime-worker ThreadId(23) wkmp_ai::db::files: wkmp-ai\src\db\files.rs:194: Chunk batch insert complete rows_affected=100 chunk_size=100
2026-02-06T02:59:16.252402Z DEBUG tokio-runtime-worker ThreadId(23) wkmp_ai::db::files: wkmp-ai\src\db\files.rs:144: Batch inserting file chunk chunk_size=100
2026-02-06T02:59:16.253333Z DEBUG tokio-runtime-worker ThreadId(23) wkmp_ai::db::files: wkmp-ai\src\db\files.rs:194: Chunk batch insert complete rows_affected=100 chunk_size=100
2026-02-06T02:59:16.253429Z DEBUG tokio-runtime-worker ThreadId(23) wkmp_ai::db::files: wkmp-ai\src\db\files.rs:144: Batch inserting file chunk chunk_size=100
2026-02-06T02:59:16.254165Z DEBUG tokio-runtime-worker ThreadId(23) wkmp_ai::db::files: wkmp-ai\src\db\files.rs:194: Chunk batch insert complete rows_affected=100 chunk_size=100
2026-02-06T02:59:16.254253Z DEBUG tokio-runtime-worker ThreadId(23) wkmp_ai::db::files: wkmp-ai\src\db\files.rs:144: Batch inserting file chunk chunk_size=100
2026-02-06T02:59:16.255037Z DEBUG tokio-runtime-worker ThreadId(23) wkmp_ai::db::files: wkmp-ai\src\db\files.rs:194: Chunk batch insert complete rows_affected=100 chunk_size=100
2026-02-06T02:59:16.255113Z DEBUG tokio-runtime-worker ThreadId(23) wkmp_ai::db::files: wkmp-ai\src\db\files.rs:144: Batch inserting file chunk chunk_size=100
2026-02-06T02:59:16.256079Z DEBUG tokio-runtime-worker ThreadId(23) wkmp_ai::db::files: wkmp-ai\src\db\files.rs:194: Chunk batch insert complete rows_affected=100 chunk_size=100
2026-02-06T02:59:16.256198Z DEBUG tokio-runtime-worker ThreadId(23) wkmp_ai::db::files: wkmp-ai\src\db\files.rs:144: Batch inserting file chunk chunk_size=100
2026-02-06T02:59:16.257011Z DEBUG tokio-runtime-worker ThreadId(23) wkmp_ai::db::files: wkmp-ai\src\db\files.rs:194: Chunk batch insert complete rows_affected=100 chunk_size=100
2026-02-06T02:59:16.257092Z DEBUG tokio-runtime-worker ThreadId(23) wkmp_ai::db::files: wkmp-ai\src\db\files.rs:144: Batch inserting file chunk chunk_size=100
2026-02-06T02:59:16.257908Z DEBUG tokio-runtime-worker ThreadId(23) wkmp_ai::db::files: wkmp-ai\src\db\files.rs:194: Chunk batch insert complete rows_affected=100 chunk_size=100
2026-02-06T02:59:16.257985Z DEBUG tokio-runtime-worker ThreadId(23) wkmp_ai::db::files: wkmp-ai\src\db\files.rs:144: Batch inserting file chunk chunk_size=100
2026-02-06T02:59:16.258765Z DEBUG tokio-runtime-worker ThreadId(23) wkmp_ai::db::files: wkmp-ai\src\db\files.rs:194: Chunk batch insert complete rows_affected=100 chunk_size=100
2026-02-06T02:59:16.258842Z DEBUG tokio-runtime-worker ThreadId(23) wkmp_ai::db::files: wkmp-ai\src\db\files.rs:144: Batch inserting file chunk chunk_size=100
2026-02-06T02:59:16.259655Z DEBUG tokio-runtime-worker ThreadId(23) wkmp_ai::db::files: wkmp-ai\src\db\files.rs:194: Chunk batch insert complete rows_affected=100 chunk_size=100
2026-02-06T02:59:16.259728Z DEBUG tokio-runtime-worker ThreadId(23) wkmp_ai::db::files: wkmp-ai\src\db\files.rs:144: Batch inserting file chunk chunk_size=100
2026-02-06T02:59:16.260456Z DEBUG tokio-runtime-worker ThreadId(23) wkmp_ai::db::files: wkmp-ai\src\db\files.rs:194: Chunk batch insert complete rows_affected=100 chunk_size=100
2026-02-06T02:59:16.260532Z DEBUG tokio-runtime-worker ThreadId(23) wkmp_ai::db::files: wkmp-ai\src\db\files.rs:144: Batch inserting file chunk chunk_size=100
2026-02-06T02:59:16.261476Z DEBUG tokio-runtime-worker ThreadId(23) wkmp_ai::db::files: wkmp-ai\src\db\files.rs:194: Chunk batch insert complete rows_affected=100 chunk_size=100
2026-02-06T02:59:16.261765Z DEBUG tokio-runtime-worker ThreadId(23) wkmp_ai::db::files: wkmp-ai\src\db\files.rs:144: Batch inserting file chunk chunk_size=100
2026-02-06T02:59:16.263118Z DEBUG tokio-runtime-worker ThreadId(23) wkmp_ai::db::files: wkmp-ai\src\db\files.rs:194: Chunk batch insert complete rows_affected=100 chunk_size=100
2026-02-06T02:59:16.263248Z DEBUG tokio-runtime-worker ThreadId(23) wkmp_ai::db::files: wkmp-ai\src\db\files.rs:144: Batch inserting file chunk chunk_size=100
2026-02-06T02:59:16.264422Z DEBUG tokio-runtime-worker ThreadId(23) wkmp_ai::db::files: wkmp-ai\src\db\files.rs:194: Chunk batch insert complete rows_affected=100 chunk_size=100
2026-02-06T02:59:16.264547Z DEBUG tokio-runtime-worker ThreadId(23) wkmp_ai::db::files: wkmp-ai\src\db\files.rs:144: Batch inserting file chunk chunk_size=100
2026-02-06T02:59:16.265611Z DEBUG tokio-runtime-worker ThreadId(23) wkmp_ai::db::files: wkmp-ai\src\db\files.rs:194: Chunk batch insert complete rows_affected=100 chunk_size=100
2026-02-06T02:59:16.265730Z DEBUG tokio-runtime-worker ThreadId(23) wkmp_ai::db::files: wkmp-ai\src\db\files.rs:144: Batch inserting file chunk chunk_size=100
2026-02-06T02:59:16.266728Z DEBUG tokio-runtime-worker ThreadId(23) wkmp_ai::db::files: wkmp-ai\src\db\files.rs:194: Chunk batch insert complete rows_affected=100 chunk_size=100
2026-02-06T02:59:16.266808Z DEBUG tokio-runtime-worker ThreadId(23) wkmp_ai::db::files: wkmp-ai\src\db\files.rs:144: Batch inserting file chunk chunk_size=100
2026-02-06T02:59:16.267682Z DEBUG tokio-runtime-worker ThreadId(23) wkmp_ai::db::files: wkmp-ai\src\db\files.rs:194: Chunk batch insert complete rows_affected=100 chunk_size=100
2026-02-06T02:59:16.267793Z DEBUG tokio-runtime-worker ThreadId(23) wkmp_ai::db::files: wkmp-ai\src\db\files.rs:144: Batch inserting file chunk chunk_size=100
2026-02-06T02:59:16.268731Z DEBUG tokio-runtime-worker ThreadId(23) wkmp_ai::db::files: wkmp-ai\src\db\files.rs:194: Chunk batch insert complete rows_affected=100 chunk_size=100
2026-02-06T02:59:16.268808Z DEBUG tokio-runtime-worker ThreadId(23) wkmp_ai::db::files: wkmp-ai\src\db\files.rs:144: Batch inserting file chunk chunk_size=100
2026-02-06T02:59:16.269570Z DEBUG tokio-runtime-worker ThreadId(23) wkmp_ai::db::files: wkmp-ai\src\db\files.rs:194: Chunk batch insert complete rows_affected=100 chunk_size=100
2026-02-06T02:59:16.269651Z DEBUG tokio-runtime-worker ThreadId(23) wkmp_ai::db::files: wkmp-ai\src\db\files.rs:144: Batch inserting file chunk chunk_size=100
2026-02-06T02:59:16.270418Z DEBUG tokio-runtime-worker ThreadId(23) wkmp_ai::db::files: wkmp-ai\src\db\files.rs:194: Chunk batch insert complete rows_affected=100 chunk_size=100
2026-02-06T02:59:16.270496Z DEBUG tokio-runtime-worker ThreadId(23) wkmp_ai::db::files: wkmp-ai\src\db\files.rs:144: Batch inserting file chunk chunk_size=100
2026-02-06T02:59:16.271331Z DEBUG tokio-runtime-worker ThreadId(23) wkmp_ai::db::files: wkmp-ai\src\db\files.rs:194: Chunk batch insert complete rows_affected=100 chunk_size=100
2026-02-06T02:59:16.271406Z DEBUG tokio-runtime-worker ThreadId(23) wkmp_ai::db::files: wkmp-ai\src\db\files.rs:144: Batch inserting file chunk chunk_size=100
2026-02-06T02:59:16.272158Z DEBUG tokio-runtime-worker ThreadId(23) wkmp_ai::db::files: wkmp-ai\src\db\files.rs:194: Chunk batch insert complete rows_affected=100 chunk_size=100
2026-02-06T02:59:16.272293Z DEBUG tokio-runtime-worker ThreadId(23) wkmp_ai::db::files: wkmp-ai\src\db\files.rs:144: Batch inserting file chunk chunk_size=100
2026-02-06T02:59:16.273091Z DEBUG tokio-runtime-worker ThreadId(23) wkmp_ai::db::files: wkmp-ai\src\db\files.rs:194: Chunk batch insert complete rows_affected=100 chunk_size=100
2026-02-06T02:59:16.273194Z DEBUG tokio-runtime-worker ThreadId(23) wkmp_ai::db::files: wkmp-ai\src\db\files.rs:144: Batch inserting file chunk chunk_size=100
2026-02-06T02:59:16.274063Z DEBUG tokio-runtime-worker ThreadId(23) wkmp_ai::db::files: wkmp-ai\src\db\files.rs:194: Chunk batch insert complete rows_affected=100 chunk_size=100
2026-02-06T02:59:16.274174Z DEBUG tokio-runtime-worker ThreadId(23) wkmp_ai::db::files: wkmp-ai\src\db\files.rs:144: Batch inserting file chunk chunk_size=100
2026-02-06T02:59:16.275452Z DEBUG tokio-runtime-worker ThreadId(23) wkmp_ai::db::files: wkmp-ai\src\db\files.rs:194: Chunk batch insert complete rows_affected=100 chunk_size=100
2026-02-06T02:59:16.275596Z DEBUG tokio-runtime-worker ThreadId(23) wkmp_ai::db::files: wkmp-ai\src\db\files.rs:144: Batch inserting file chunk chunk_size=100
2026-02-06T02:59:16.276692Z DEBUG tokio-runtime-worker ThreadId(23) wkmp_ai::db::files: wkmp-ai\src\db\files.rs:194: Chunk batch insert complete rows_affected=100 chunk_size=100
2026-02-06T02:59:16.276824Z DEBUG tokio-runtime-worker ThreadId(23) wkmp_ai::db::files: wkmp-ai\src\db\files.rs:144: Batch inserting file chunk chunk_size=100
2026-02-06T02:59:16.278258Z DEBUG tokio-runtime-worker ThreadId(23) wkmp_ai::db::files: wkmp-ai\src\db\files.rs:194: Chunk batch insert complete rows_affected=100 chunk_size=100
2026-02-06T02:59:16.278430Z DEBUG tokio-runtime-worker ThreadId(23) wkmp_ai::db::files: wkmp-ai\src\db\files.rs:144: Batch inserting file chunk chunk_size=100
2026-02-06T02:59:16.279666Z DEBUG tokio-runtime-worker ThreadId(23) wkmp_ai::db::files: wkmp-ai\src\db\files.rs:194: Chunk batch insert complete rows_affected=100 chunk_size=100
2026-02-06T02:59:16.279812Z DEBUG tokio-runtime-worker ThreadId(23) wkmp_ai::db::files: wkmp-ai\src\db\files.rs:144: Batch inserting file chunk chunk_size=100
2026-02-06T02:59:16.280930Z DEBUG tokio-runtime-worker ThreadId(23) wkmp_ai::db::files: wkmp-ai\src\db\files.rs:194: Chunk batch insert complete rows_affected=100 chunk_size=100
2026-02-06T02:59:16.281037Z DEBUG tokio-runtime-worker ThreadId(23) wkmp_ai::db::files: wkmp-ai\src\db\files.rs:144: Batch inserting file chunk chunk_size=100
2026-02-06T02:59:16.282323Z DEBUG tokio-runtime-worker ThreadId(23) wkmp_ai::db::files: wkmp-ai\src\db\files.rs:194: Chunk batch insert complete rows_affected=100 chunk_size=100
2026-02-06T02:59:16.282471Z DEBUG tokio-runtime-worker ThreadId(23) wkmp_ai::db::files: wkmp-ai\src\db\files.rs:144: Batch inserting file chunk chunk_size=100
2026-02-06T02:59:16.283319Z DEBUG tokio-runtime-worker ThreadId(23) wkmp_ai::db::files: wkmp-ai\src\db\files.rs:194: Chunk batch insert complete rows_affected=100 chunk_size=100
2026-02-06T02:59:16.283412Z DEBUG tokio-runtime-worker ThreadId(23) wkmp_ai::db::files: wkmp-ai\src\db\files.rs:144: Batch inserting file chunk chunk_size=100
2026-02-06T02:59:16.284249Z DEBUG tokio-runtime-worker ThreadId(23) wkmp_ai::db::files: wkmp-ai\src\db\files.rs:194: Chunk batch insert complete rows_affected=100 chunk_size=100
2026-02-06T02:59:16.284330Z DEBUG tokio-runtime-worker ThreadId(23) wkmp_ai::db::files: wkmp-ai\src\db\files.rs:144: Batch inserting file chunk chunk_size=100
2026-02-06T02:59:16.285160Z DEBUG tokio-runtime-worker ThreadId(23) wkmp_ai::db::files: wkmp-ai\src\db\files.rs:194: Chunk batch insert complete rows_affected=100 chunk_size=100
2026-02-06T02:59:16.285247Z DEBUG tokio-runtime-worker ThreadId(23) wkmp_ai::db::files: wkmp-ai\src\db\files.rs:144: Batch inserting file chunk chunk_size=100
2026-02-06T02:59:16.286091Z DEBUG tokio-runtime-worker ThreadId(23) wkmp_ai::db::files: wkmp-ai\src\db\files.rs:194: Chunk batch insert complete rows_affected=100 chunk_size=100
2026-02-06T02:59:16.286173Z DEBUG tokio-runtime-worker ThreadId(23) wkmp_ai::db::files: wkmp-ai\src\db\files.rs:144: Batch inserting file chunk chunk_size=100
2026-02-06T02:59:16.287027Z DEBUG tokio-runtime-worker ThreadId(23) wkmp_ai::db::files: wkmp-ai\src\db\files.rs:194: Chunk batch insert complete rows_affected=100 chunk_size=100
2026-02-06T02:59:16.287108Z DEBUG tokio-runtime-worker ThreadId(23) wkmp_ai::db::files: wkmp-ai\src\db\files.rs:144: Batch inserting file chunk chunk_size=100
2026-02-06T02:59:16.288076Z DEBUG tokio-runtime-worker ThreadId(23) wkmp_ai::db::files: wkmp-ai\src\db\files.rs:194: Chunk batch insert complete rows_affected=100 chunk_size=100
2026-02-06T02:59:16.288175Z DEBUG tokio-runtime-worker ThreadId(23) wkmp_ai::db::files: wkmp-ai\src\db\files.rs:144: Batch inserting file chunk chunk_size=36
2026-02-06T02:59:16.288826Z DEBUG tokio-runtime-worker ThreadId(23) wkmp_ai::db::files: wkmp-ai\src\db\files.rs:194: Chunk batch insert complete rows_affected=36 chunk_size=36
2026-02-06T02:59:16.292014Z DEBUG tokio-runtime-worker ThreadId(23) wkmp_ai::utils::pool_monitor: wkmp-ai\src\utils\pool_monitor.rs:52: Connection released (commit) caller="files::batch_save" held_ms=58
2026-02-06T02:59:16.292107Z  INFO tokio-runtime-worker ThreadId(23) wkmp_ai::db::files: wkmp-ai\src\db\files.rs:212: Batch file save complete total_saved=5736 total_files=5736
2026-02-06T02:59:16.362003Z DEBUG tokio-runtime-worker ThreadId(23) wkmp_ai::services::workflow_orchestrator: wkmp-ai\src\services\workflow_orchestrator\mod.rs:1438: Acquiring all statistics Mutex locks for SSE conversion
2026-02-06T02:59:16.362245Z DEBUG tokio-runtime-worker ThreadId(23) wkmp_ai::services::workflow_orchestrator: wkmp-ai\src\services\workflow_orchestrator\mod.rs:1467: All statistics Mutex locks acquired and data cloned
2026-02-06T02:59:16.362541Z DEBUG tokio-runtime-worker ThreadId(23) wkmp_ai::services::workflow_orchestrator: wkmp-ai\src\services\workflow_orchestrator\mod.rs:1577: Releasing all statistics Mutex locks for SSE conversion
2026-02-06T02:59:16.362768Z  INFO tokio-runtime-worker ThreadId(23) wkmp_ai::services::workflow_orchestrator::phase_scanning: wkmp-ai\src\services\workflow_orchestrator\phase_scanning.rs:256: BULK_INSERTING phase complete - minimal records created in database session_id=e6293ba0-b57f-441f-a6ea-884d33b9111b files_inserted=5736
2026-02-06T02:59:16.362905Z  INFO tokio-runtime-worker ThreadId(23) wkmp_ai::services::workflow_orchestrator::phase_scanning: wkmp-ai\src\services\workflow_orchestrator\phase_scanning.rs:286: SCANNING + BULK_INSERTING phases complete - 5736 confirmed files ready for processing session_id=e6293ba0-b57f-441f-a6ea-884d33b9111b files_inserted=5736 total_files_scanned=6931 audio_confirmed=5736 audio_denied=1
2026-02-06T02:59:16.364205Z DEBUG tokio-runtime-worker ThreadId(23) wkmp_ai::services::workflow_orchestrator: wkmp-ai\src\services\workflow_orchestrator\mod.rs:360: phase_scanning() returned session_id=e6293ba0-b57f-441f-a6ea-884d33b9111b
2026-02-06T02:59:16.394672Z DEBUG tokio-runtime-worker ThreadId(23) wkmp_ai::api::sse: wkmp-ai\src\api\sse.rs:71: SSE: Broadcasting import event: ImportProgressUpdate
2026-02-06T02:59:16.395346Z DEBUG tokio-runtime-worker ThreadId(23) wkmp_ai::api::sse: wkmp-ai\src\api\sse.rs:71: SSE: Broadcasting import event: ImportProgressUpdate
2026-02-06T02:59:16.404323Z  INFO tokio-runtime-worker ThreadId(23) wkmp_ai::services::workflow_orchestrator: wkmp-ai\src\services\workflow_orchestrator\mod.rs:2844: Starting per-file processing with 12 workers session_id=e6293ba0-b57f-441f-a6ea-884d33b9111b parallelism=12
2026-02-06T02:59:16.419001Z  INFO tokio-runtime-worker ThreadId(23) wkmp_ai::services::workflow_orchestrator: wkmp-ai\src\services\workflow_orchestrator\mod.rs:2860: Processing 5736 files through per-file pipeline session_id=e6293ba0-b57f-441f-a6ea-884d33b9111b total_files=5736
2026-02-06T02:59:16.419484Z  INFO tokio-runtime-worker ThreadId(23) wkmp_ai::services::workflow_orchestrator: wkmp-ai\src\services\workflow_orchestrator\mod.rs:2869: Running AcoustID diagnostic connectivity test...
2026-02-06T02:59:16.420134Z  INFO tokio-runtime-worker ThreadId(23) wkmp_ai::services::acoustid_client: wkmp-ai\src\services\acoustid_client.rs:246: DIAGNOSTIC: Testing AcoustID API with large POST body body_len_approx=4066
2026-02-06T02:59:16.953497Z  INFO tokio-runtime-worker ThreadId(23) wkmp_ai::services::acoustid_client: wkmp-ai\src\services\acoustid_client.rs:263: DIAGNOSTIC: AcoustID large POST succeeded elapsed_ms=532 status=200 body_preview="{\"results\": [], \"status\": \"ok\"}"
2026-02-06T02:59:16.954272Z DEBUG tokio-runtime-worker ThreadId(23) wkmp_ai::services::workflow_orchestrator: wkmp-ai\src\services\workflow_orchestrator\mod.rs:2876: Initializing PLAN033 ProgressManager for time updates session_id=e6293ba0-b57f-441f-a6ea-884d33b9111b total_files=5736
2026-02-06T02:59:16.954992Z DEBUG tokio-runtime-worker ThreadId(23) wkmp_ai::services::workflow_orchestrator: wkmp-ai\src\services\workflow_orchestrator\mod.rs:1438: Acquiring all statistics Mutex locks for SSE conversion
2026-02-06T02:59:16.955629Z DEBUG tokio-runtime-worker ThreadId(23) wkmp_ai::services::workflow_orchestrator: wkmp-ai\src\services\workflow_orchestrator\mod.rs:1467: All statistics Mutex locks acquired and data cloned
2026-02-06T02:59:16.956044Z DEBUG tokio-runtime-worker ThreadId(23) wkmp_ai::services::workflow_orchestrator: wkmp-ai\src\services\workflow_orchestrator\mod.rs:1577: Releasing all statistics Mutex locks for SSE conversion
2026-02-06T02:59:16.956615Z DEBUG tokio-runtime-worker ThreadId(23) wkmp_ai::services::workflow_orchestrator: wkmp-ai\src\services\workflow_orchestrator\mod.rs:3118: Starting per-file pipeline file_index=0 file_id=f3cd04a4-8beb-4218-8432-1a66b9131ede file=10,000_Maniacs/MTV_Unplugged/01-These_Are_Days.mp3
2026-02-06T02:59:16.957068Z  INFO tokio-runtime-worker ThreadId(23) wkmp_ai::services::workflow_orchestrator: wkmp-ai\src\services\workflow_orchestrator\mod.rs:1733: Starting PLAN024 10-phase per-file pipeline (late audio decode) file="C:\\Users\\Mango Cat\\Music\\10,000_Maniacs/MTV_Unplugged/01-These_Are_Days.mp3"
2026-02-06T02:59:16.957393Z DEBUG tokio-runtime-worker ThreadId(23) wkmp_ai::services::workflow_orchestrator: wkmp-ai\src\services\workflow_orchestrator\mod.rs:1742: Phase 1: Filename Matching - START file="C:\\Users\\Mango Cat\\Music\\10,000_Maniacs/MTV_Unplugged/01-These_Are_Days.mp3"
2026-02-06T02:59:16.957836Z DEBUG tokio-runtime-worker ThreadId(23) wkmp_ai::services::filename_matcher: wkmp-ai\src\services\filename_matcher.rs:54: Checking if file exists in database path=10,000_Maniacs/MTV_Unplugged/01-These_Are_Days.mp3 norm_us=10
2026-02-06T02:59:16.958366Z DEBUG tokio-runtime-worker ThreadId(23) wkmp_ai::services::workflow_orchestrator: wkmp-ai\src\services\workflow_orchestrator\mod.rs:3118: Starting per-file pipeline file_index=1 file_id=a08edb68-8543-4cd8-9d54-7e39e52514d4 file=10,000_Maniacs/MTV_Unplugged/02-Eat_For_Two.mp3
2026-02-06T02:59:16.958640Z  INFO tokio-runtime-worker ThreadId(23) wkmp_ai::services::workflow_orchestrator: wkmp-ai\src\services\workflow_orchestrator\mod.rs:1733: Starting PLAN024 10-phase per-file pipeline (late audio decode) file="C:\\Users\\Mango Cat\\Music\\10,000_Maniacs/MTV_Unplugged/02-Eat_For_Two.mp3"
2026-02-06T02:59:16.958964Z DEBUG tokio-runtime-worker ThreadId(23) wkmp_ai::services::workflow_orchestrator: wkmp-ai\src\services\workflow_orchestrator\mod.rs:1742: Phase 1: Filename Matching - START file="C:\\Users\\Mango Cat\\Music\\10,000_Maniacs/MTV_Unplugged/02-Eat_For_Two.mp3"
2026-02-06T02:59:16.959258Z DEBUG tokio-runtime-worker ThreadId(23) wkmp_ai::services::filename_matcher: wkmp-ai\src\services\filename_matcher.rs:54: Checking if file exists in database path=10,000_Maniacs/MTV_Unplugged/02-Eat_For_Two.mp3 norm_us=9
2026-02-06T02:59:16.959667Z DEBUG tokio-runtime-worker ThreadId(23) wkmp_ai::services::workflow_orchestrator: wkmp-ai\src\services\workflow_orchestrator\mod.rs:3118: Starting per-file pipeline file_index=2 file_id=9da8449c-4ee2-4810-b6df-0528a91e817a file=10,000_Maniacs/MTV_Unplugged/03-Candy_Everybody_Wants.mp3
2026-02-06T02:59:16.959890Z  INFO tokio-runtime-worker ThreadId(23) wkmp_ai::services::workflow_orchestrator: wkmp-ai\src\services\workflow_orchestrator\mod.rs:1733: Starting PLAN024 10-phase per-file pipeline (late audio decode) file="C:\\Users\\Mango Cat\\Music\\10,000_Maniacs/MTV_Unplugged/03-Candy_Everybody_Wants.mp3"
2026-02-06T02:59:16.960379Z DEBUG tokio-runtime-worker ThreadId(23) wkmp_ai::services::workflow_orchestrator: wkmp-ai\src\services\workflow_orchestrator\mod.rs:1742: Phase 1: Filename Matching - START file="C:\\Users\\Mango Cat\\Music\\10,000_Maniacs/MTV_Unplugged/03-Candy_Everybody_Wants.mp3"
2026-02-06T02:59:16.960667Z DEBUG tokio-runtime-worker ThreadId(23) wkmp_ai::services::filename_matcher: wkmp-ai\src\services\filename_matcher.rs:54: Checking if file exists in database path=10,000_Maniacs/MTV_Unplugged/03-Candy_Everybody_Wants.mp3 norm_us=7
2026-02-06T02:59:16.961195Z DEBUG tokio-runtime-worker ThreadId(23) wkmp_ai::services::workflow_orchestrator: wkmp-ai\src\services\workflow_orchestrator\mod.rs:3118: Starting per-file pipeline file_index=3 file_id=48c8dd91-ea38-4b0d-a57c-1de2e785746f file=10,000_Maniacs/MTV_Unplugged/04-I'm_Not_The_Man.mp3
2026-02-06T02:59:16.961426Z  INFO tokio-runtime-worker ThreadId(23) wkmp_ai::services::workflow_orchestrator: wkmp-ai\src\services\workflow_orchestrator\mod.rs:1733: Starting PLAN024 10-phase per-file pipeline (late audio decode) file="C:\\Users\\Mango Cat\\Music\\10,000_Maniacs/MTV_Unplugged/04-I\'m_Not_The_Man.mp3"
2026-02-06T02:59:16.961838Z DEBUG tokio-runtime-worker ThreadId(23) wkmp_ai::services::workflow_orchestrator: wkmp-ai\src\services\workflow_orchestrator\mod.rs:1742: Phase 1: Filename Matching - START file="C:\\Users\\Mango Cat\\Music\\10,000_Maniacs/MTV_Unplugged/04-I\'m_Not_The_Man.mp3"
2026-02-06T02:59:16.962142Z DEBUG tokio-runtime-worker ThreadId(23) wkmp_ai::services::filename_matcher: wkmp-ai\src\services\filename_matcher.rs:54: Checking if file exists in database path=10,000_Maniacs/MTV_Unplugged/04-I'm_Not_The_Man.mp3 norm_us=6
2026-02-06T02:59:16.962676Z DEBUG tokio-runtime-worker ThreadId(23) wkmp_ai::services::workflow_orchestrator: wkmp-ai\src\services\workflow_orchestrator\mod.rs:3118: Starting per-file pipeline file_index=4 file_id=725441db-0316-4c69-8f99-ca2b832bf6ec file=10,000_Maniacs/MTV_Unplugged/05-Don't_Talk.mp3
2026-02-06T02:59:16.962863Z  INFO tokio-runtime-worker ThreadId(23) wkmp_ai::services::workflow_orchestrator: wkmp-ai\src\services\workflow_orchestrator\mod.rs:1733: Starting PLAN024 10-phase per-file pipeline (late audio decode) file="C:\\Users\\Mango Cat\\Music\\10,000_Maniacs/MTV_Unplugged/05-Don\'t_Talk.mp3"
2026-02-06T02:59:16.963036Z DEBUG tokio-runtime-worker ThreadId(23) wkmp_ai::services::workflow_orchestrator: wkmp-ai\src\services\workflow_orchestrator\mod.rs:1742: Phase 1: Filename Matching - START file="C:\\Users\\Mango Cat\\Music\\10,000_Maniacs/MTV_Unplugged/05-Don\'t_Talk.mp3"
2026-02-06T02:59:16.963235Z DEBUG tokio-runtime-worker ThreadId(23) wkmp_ai::services::filename_matcher: wkmp-ai\src\services\filename_matcher.rs:54: Checking if file exists in database path=10,000_Maniacs/MTV_Unplugged/05-Don't_Talk.mp3 norm_us=6
2026-02-06T02:59:16.963582Z DEBUG tokio-runtime-worker ThreadId(23) wkmp_ai::services::workflow_orchestrator: wkmp-ai\src\services\workflow_orchestrator\mod.rs:3118: Starting per-file pipeline file_index=5 file_id=87df9d29-e13a-4038-b999-c2ef2a12b5f5 file=10,000_Maniacs/MTV_Unplugged/06-Hey_Jack_Kerouac.mp3
2026-02-06T02:59:16.963873Z  INFO tokio-runtime-worker ThreadId(23) wkmp_ai::services::workflow_orchestrator: wkmp-ai\src\services\workflow_orchestrator\mod.rs:1733: Starting PLAN024 10-phase per-file pipeline (late audio decode) file="C:\\Users\\Mango Cat\\Music\\10,000_Maniacs/MTV_Unplugged/06-Hey_Jack_Kerouac.mp3"
2026-02-06T02:59:16.964145Z DEBUG tokio-runtime-worker ThreadId(23) wkmp_ai::services::workflow_orchestrator: wkmp-ai\src\services\workflow_orchestrator\mod.rs:1742: Phase 1: Filename Matching - START file="C:\\Users\\Mango Cat\\Music\\10,000_Maniacs/MTV_Unplugged/06-Hey_Jack_Kerouac.mp3"
2026-02-06T02:59:16.964482Z DEBUG tokio-runtime-worker ThreadId(23) wkmp_ai::services::filename_matcher: wkmp-ai\src\services\filename_matcher.rs:54: Checking if file exists in database path=10,000_Maniacs/MTV_Unplugged/06-Hey_Jack_Kerouac.mp3 norm_us=13
2026-02-06T02:59:16.964978Z DEBUG tokio-runtime-worker ThreadId(23) wkmp_ai::api::sse: wkmp-ai\src\api\sse.rs:71: SSE: Broadcasting import event: ImportProgressUpdate
2026-02-06T02:59:16.965452Z DEBUG tokio-runtime-worker ThreadId(23) wkmp_ai::services::progress_manager: wkmp-ai\src\services\progress_manager.rs:206: PLAN033: Time update task started (15s elapsed, 60s estimated remaining)
2026-02-06T02:59:16.965837Z DEBUG tokio-runtime-worker ThreadId(23) wkmp_ai::api::sse: wkmp-ai\src\api\sse.rs:71: SSE: Broadcasting import event: ImportProgressUpdate
2026-02-06T02:59:16.966169Z DEBUG tokio-runtime-worker ThreadId(23) wkmp_ai::services::workflow_orchestrator: wkmp-ai\src\services\workflow_orchestrator\mod.rs:3118: Starting per-file pipeline file_index=6 file_id=525a9986-869c-4dec-9711-000b859f5691 file=10,000_Maniacs/MTV_Unplugged/07-What's_The_Matter_Here-.mp3
2026-02-06T02:59:16.966403Z  INFO tokio-runtime-worker ThreadId(23) wkmp_ai::services::workflow_orchestrator: wkmp-ai\src\services\workflow_orchestrator\mod.rs:1733: Starting PLAN024 10-phase per-file pipeline (late audio decode) file="C:\\Users\\Mango Cat\\Music\\10,000_Maniacs/MTV_Unplugged/07-What\'s_The_Matter_Here-.mp3"
2026-02-06T02:59:16.966634Z DEBUG tokio-runtime-worker ThreadId(23) wkmp_ai::services::workflow_orchestrator: wkmp-ai\src\services\workflow_orchestrator\mod.rs:1742: Phase 1: Filename Matching - START file="C:\\Users\\Mango Cat\\Music\\10,000_Maniacs/MTV_Unplugged/07-What\'s_The_Matter_Here-.mp3"
2026-02-06T02:59:16.966853Z DEBUG tokio-runtime-worker ThreadId(23) wkmp_ai::services::filename_matcher: wkmp-ai\src\services\filename_matcher.rs:54: Checking if file exists in database path=10,000_Maniacs/MTV_Unplugged/07-What's_The_Matter_Here-.mp3 norm_us=6
2026-02-06T02:59:16.967176Z DEBUG tokio-runtime-worker ThreadId(23) wkmp_ai::services::workflow_orchestrator: wkmp-ai\src\services\workflow_orchestrator\mod.rs:3118: Starting per-file pipeline file_index=7 file_id=ede28fbc-f8a9-40ab-9af2-870b24ab4c58 file=10,000_Maniacs/MTV_Unplugged/08-Gold_Rush_Brides.mp3
2026-02-06T02:59:16.967330Z  INFO tokio-runtime-worker ThreadId(23) wkmp_ai::services::workflow_orchestrator: wkmp-ai\src\services\workflow_orchestrator\mod.rs:1733: Starting PLAN024 10-phase per-file pipeline (late audio decode) file="C:\\Users\\Mango Cat\\Music\\10,000_Maniacs/MTV_Unplugged/08-Gold_Rush_Brides.mp3"
2026-02-06T02:59:16.967602Z DEBUG tokio-runtime-worker ThreadId(23) wkmp_ai::services::workflow_orchestrator: wkmp-ai\src\services\workflow_orchestrator\mod.rs:1742: Phase 1: Filename Matching - START file="C:\\Users\\Mango Cat\\Music\\10,000_Maniacs/MTV_Unplugged/08-Gold_Rush_Brides.mp3"
2026-02-06T02:59:16.967929Z DEBUG tokio-runtime-worker ThreadId(23) wkmp_ai::services::filename_matcher: wkmp-ai\src\services\filename_matcher.rs:54: Checking if file exists in database path=10,000_Maniacs/MTV_Unplugged/08-Gold_Rush_Brides.mp3 norm_us=6
2026-02-06T02:59:16.968114Z DEBUG tokio-runtime-worker ThreadId(23) wkmp_ai::services::workflow_orchestrator: wkmp-ai\src\services\workflow_orchestrator\mod.rs:3118: Starting per-file pipeline file_index=8 file_id=5e1f5026-df7c-492b-b9b9-c85a0f84b86c file=10,000_Maniacs/MTV_Unplugged/09-Like_The_Weather.mp3
2026-02-06T02:59:16.968273Z  INFO tokio-runtime-worker ThreadId(23) wkmp_ai::services::workflow_orchestrator: wkmp-ai\src\services\workflow_orchestrator\mod.rs:1733: Starting PLAN024 10-phase per-file pipeline (late audio decode) file="C:\\Users\\Mango Cat\\Music\\10,000_Maniacs/MTV_Unplugged/09-Like_The_Weather.mp3"
2026-02-06T02:59:16.968844Z DEBUG tokio-runtime-worker ThreadId(23) wkmp_ai::services::workflow_orchestrator: wkmp-ai\src\services\workflow_orchestrator\mod.rs:1742: Phase 1: Filename Matching - START file="C:\\Users\\Mango Cat\\Music\\10,000_Maniacs/MTV_Unplugged/09-Like_The_Weather.mp3"
2026-02-06T02:59:16.969068Z DEBUG tokio-runtime-worker ThreadId(23) wkmp_ai::services::filename_matcher: wkmp-ai\src\services\filename_matcher.rs:54: Checking if file exists in database path=10,000_Maniacs/MTV_Unplugged/09-Like_The_Weather.mp3 norm_us=5
2026-02-06T02:59:16.969543Z DEBUG tokio-runtime-worker ThreadId(23) wkmp_ai::services::workflow_orchestrator: wkmp-ai\src\services\workflow_orchestrator\mod.rs:3118: Starting per-file pipeline file_index=9 file_id=4aa7606b-8f3a-4186-86d6-8d07cff7af76 file=10,000_Maniacs/MTV_Unplugged/10-Trouble_Me.mp3
2026-02-06T02:59:16.969883Z  INFO tokio-runtime-worker ThreadId(23) wkmp_ai::services::workflow_orchestrator: wkmp-ai\src\services\workflow_orchestrator\mod.rs:1733: Starting PLAN024 10-phase per-file pipeline (late audio decode) file="C:\\Users\\Mango Cat\\Music\\10,000_Maniacs/MTV_Unplugged/10-Trouble_Me.mp3"
2026-02-06T02:59:16.970021Z DEBUG tokio-runtime-worker ThreadId(23) wkmp_ai::services::workflow_orchestrator: wkmp-ai\src\services\workflow_orchestrator\mod.rs:1742: Phase 1: Filename Matching - START file="C:\\Users\\Mango Cat\\Music\\10,000_Maniacs/MTV_Unplugged/10-Trouble_Me.mp3"
2026-02-06T02:59:16.970136Z DEBUG tokio-runtime-worker ThreadId(23) wkmp_ai::services::filename_matcher: wkmp-ai\src\services\filename_matcher.rs:54: Checking if file exists in database path=10,000_Maniacs/MTV_Unplugged/10-Trouble_Me.mp3 norm_us=8
2026-02-06T02:59:16.970470Z DEBUG tokio-runtime-worker ThreadId(23) wkmp_ai::services::workflow_orchestrator: wkmp-ai\src\services\workflow_orchestrator\mod.rs:3118: Starting per-file pipeline file_index=10 file_id=a7190db8-49a2-419a-8ece-40f3df6dbb23 file=10,000_Maniacs/MTV_Unplugged/11-Jezebel.mp3
2026-02-06T02:59:16.970648Z  INFO tokio-runtime-worker ThreadId(23) wkmp_ai::services::workflow_orchestrator: wkmp-ai\src\services\workflow_orchestrator\mod.rs:1733: Starting PLAN024 10-phase per-file pipeline (late audio decode) file="C:\\Users\\Mango Cat\\Music\\10,000_Maniacs/MTV_Unplugged/11-Jezebel.mp3"
2026-02-06T02:59:16.970833Z DEBUG tokio-runtime-worker ThreadId(23) wkmp_ai::services::workflow_orchestrator: wkmp-ai\src\services\workflow_orchestrator\mod.rs:1742: Phase 1: Filename Matching - START file="C:\\Users\\Mango Cat\\Music\\10,000_Maniacs/MTV_Unplugged/11-Jezebel.mp3"
2026-02-06T02:59:16.971012Z DEBUG tokio-runtime-worker ThreadId(23) wkmp_ai::services::filename_matcher: wkmp-ai\src\services\filename_matcher.rs:54: Checking if file exists in database path=10,000_Maniacs/MTV_Unplugged/11-Jezebel.mp3 norm_us=5
2026-02-06T02:59:16.971265Z DEBUG tokio-runtime-worker ThreadId(23) wkmp_ai::services::workflow_orchestrator: wkmp-ai\src\services\workflow_orchestrator\mod.rs:3118: Starting per-file pipeline file_index=11 file_id=e45bbb84-2fa2-4d1e-aad4-a8169f75b158 file=10,000_Maniacs/MTV_Unplugged/12-Because_The_Night.mp3
2026-02-06T02:59:16.971484Z  INFO tokio-runtime-worker ThreadId(23) wkmp_ai::services::workflow_orchestrator: wkmp-ai\src\services\workflow_orchestrator\mod.rs:1733: Starting PLAN024 10-phase per-file pipeline (late audio decode) file="C:\\Users\\Mango Cat\\Music\\10,000_Maniacs/MTV_Unplugged/12-Because_The_Night.mp3"
2026-02-06T02:59:16.971709Z DEBUG tokio-runtime-worker ThreadId(23) wkmp_ai::services::workflow_orchestrator: wkmp-ai\src\services\workflow_orchestrator\mod.rs:1742: Phase 1: Filename Matching - START file="C:\\Users\\Mango Cat\\Music\\10,000_Maniacs/MTV_Unplugged/12-Because_The_Night.mp3"
2026-02-06T02:59:16.971922Z DEBUG tokio-runtime-worker ThreadId(23) wkmp_ai::services::filename_matcher: wkmp-ai\src\services\filename_matcher.rs:54: Checking if file exists in database path=10,000_Maniacs/MTV_Unplugged/12-Because_The_Night.mp3 norm_us=6
2026-02-06T02:59:16.972605Z DEBUG tokio-runtime-worker ThreadId(23) wkmp_ai::services::progress_manager: wkmp-ai\src\services\progress_manager.rs:309: PLAN033: Time update broadcast elapsed_seconds=0 estimated_remaining_seconds=None
2026-02-06T02:59:16.973062Z DEBUG tokio-runtime-worker ThreadId(23) wkmp_ai::api::sse: wkmp-ai\src\api\sse.rs:71: SSE: Broadcasting import event: ImportProgressUpdate
2026-02-06T02:59:16.973924Z DEBUG tokio-runtime-worker ThreadId(23) wkmp_ai::services::filename_matcher: wkmp-ai\src\services\filename_matcher.rs:65: Database query completed path=10,000_Maniacs/MTV_Unplugged/12-Because_The_Night.mp3 query_us=1757
2026-02-06T02:59:16.974187Z DEBUG tokio-runtime-worker ThreadId(23) wkmp_ai::services::filename_matcher: wkmp-ai\src\services\filename_matcher.rs:81: File already processed (INGEST COMPLETE) path=10,000_Maniacs/MTV_Unplugged/12-Because_The_Night.mp3 guid=e45bbb84-2fa2-4d1e-aad4-a8169f75b158
2026-02-06T02:59:16.974422Z  INFO tokio-runtime-worker ThreadId(23) wkmp_ai::services::workflow_orchestrator: wkmp-ai\src\services\workflow_orchestrator\mod.rs:1756: Phase 1 completed phase="Filename Matching" duration_ms=2 path_us=1 db_ms=2 file_index=11
2026-02-06T02:59:16.974619Z  INFO tokio-runtime-worker ThreadId(23) wkmp_ai::services::workflow_orchestrator: wkmp-ai\src\services\workflow_orchestrator\mod.rs:1770: File already processed (INGEST COMPLETE/NO AUDIO/DUPLICATE HASH), skipping all remaining phases file="C:\\Users\\Mango Cat\\Music\\10,000_Maniacs/MTV_Unplugged/12-Because_The_Night.mp3" file_id=e45bbb84-2fa2-4d1e-aad4-a8169f75b158
2026-02-06T02:59:16.975039Z DEBUG tokio-runtime-worker ThreadId(23) wkmp_ai::services::workflow_orchestrator: wkmp-ai\src\services\workflow_orchestrator\mod.rs:2936: File processing complete session_id=e6293ba0-b57f-441f-a6ea-884d33b9111b file_index=11 file=10,000_Maniacs/MTV_Unplugged/12-Because_The_Night.mp3
2026-02-06T02:59:16.975236Z DEBUG tokio-runtime-worker ThreadId(23) wkmp_ai::services::workflow_orchestrator: wkmp-ai\src\services\workflow_orchestrator\mod.rs:1438: Acquiring all statistics Mutex locks for SSE conversion
2026-02-06T02:59:16.975347Z DEBUG tokio-runtime-worker ThreadId(23) wkmp_ai::services::workflow_orchestrator: wkmp-ai\src\services\workflow_orchestrator\mod.rs:1467: All statistics Mutex locks acquired and data cloned
2026-02-06T02:59:16.975544Z DEBUG tokio-runtime-worker ThreadId(23) wkmp_ai::services::workflow_orchestrator: wkmp-ai\src\services\workflow_orchestrator\mod.rs:1577: Releasing all statistics Mutex locks for SSE conversion
2026-02-06T02:59:16.975801Z DEBUG tokio-runtime-worker ThreadId(23) wkmp_ai::services::filename_matcher: wkmp-ai\src\services\filename_matcher.rs:65: Database query completed path=10,000_Maniacs/MTV_Unplugged/08-Gold_Rush_Brides.mp3 query_us=7751
2026-02-06T02:59:16.975888Z DEBUG tokio-runtime-worker ThreadId(23) wkmp_ai::services::filename_matcher: wkmp-ai\src\services\filename_matcher.rs:81: File already processed (INGEST COMPLETE) path=10,000_Maniacs/MTV_Unplugged/08-Gold_Rush_Brides.mp3 guid=ede28fbc-f8a9-40ab-9af2-870b24ab4c58
2026-02-06T02:59:16.975975Z  INFO tokio-runtime-worker ThreadId(23) wkmp_ai::services::workflow_orchestrator: wkmp-ai\src\services\workflow_orchestrator\mod.rs:1756: Phase 1 completed phase="Filename Matching" duration_ms=8 path_us=1 db_ms=8 file_index=7
2026-02-06T02:59:16.976056Z  INFO tokio-runtime-worker ThreadId(23) wkmp_ai::services::workflow_orchestrator: wkmp-ai\src\services\workflow_orchestrator\mod.rs:1770: File already processed (INGEST COMPLETE/NO AUDIO/DUPLICATE HASH), skipping all remaining phases file="C:\\Users\\Mango Cat\\Music\\10,000_Maniacs/MTV_Unplugged/08-Gold_Rush_Brides.mp3" file_id=ede28fbc-f8a9-40ab-9af2-870b24ab4c58
2026-02-06T02:59:16.976138Z DEBUG tokio-runtime-worker ThreadId(23) wkmp_ai::services::workflow_orchestrator: wkmp-ai\src\services\workflow_orchestrator\mod.rs:2936: File processing complete session_id=e6293ba0-b57f-441f-a6ea-884d33b9111b file_index=7 file=10,000_Maniacs/MTV_Unplugged/08-Gold_Rush_Brides.mp3
2026-02-06T02:59:16.976249Z DEBUG tokio-runtime-worker ThreadId(23) wkmp_ai::services::workflow_orchestrator: wkmp-ai\src\services\workflow_orchestrator\mod.rs:1438: Acquiring all statistics Mutex locks for SSE conversion
2026-02-06T02:59:16.976317Z DEBUG tokio-runtime-worker ThreadId(23) wkmp_ai::services::workflow_orchestrator: wkmp-ai\src\services\workflow_orchestrator\mod.rs:1467: All statistics Mutex locks acquired and data cloned
2026-02-06T02:59:16.976493Z DEBUG tokio-runtime-worker ThreadId(23) wkmp_ai::services::workflow_orchestrator: wkmp-ai\src\services\workflow_orchestrator\mod.rs:1577: Releasing all statistics Mutex locks for SSE conversion
2026-02-06T02:59:16.976591Z DEBUG tokio-runtime-worker ThreadId(23) wkmp_ai::services::filename_matcher: wkmp-ai\src\services\filename_matcher.rs:65: Database query completed path=10,000_Maniacs/MTV_Unplugged/07-What's_The_Matter_Here-.mp3 query_us=9460
2026-02-06T02:59:16.976773Z DEBUG tokio-runtime-worker ThreadId(23) wkmp_ai::services::filename_matcher: wkmp-ai\src\services\filename_matcher.rs:81: File already processed (INGEST COMPLETE) path=10,000_Maniacs/MTV_Unplugged/07-What's_The_Matter_Here-.mp3 guid=525a9986-869c-4dec-9711-000b859f5691
2026-02-06T02:59:16.976852Z  INFO tokio-runtime-worker ThreadId(23) wkmp_ai::services::workflow_orchestrator: wkmp-ai\src\services\workflow_orchestrator\mod.rs:1756: Phase 1 completed phase="Filename Matching" duration_ms=10 path_us=1 db_ms=10 file_index=6
2026-02-06T02:59:16.977042Z  INFO tokio-runtime-worker ThreadId(23) wkmp_ai::services::workflow_orchestrator: wkmp-ai\src\services\workflow_orchestrator\mod.rs:1770: File already processed (INGEST COMPLETE/NO AUDIO/DUPLICATE HASH), skipping all remaining phases file="C:\\Users\\Mango Cat\\Music\\10,000_Maniacs/MTV_Unplugged/07-What\'s_The_Matter_Here-.mp3" file_id=525a9986-869c-4dec-9711-000b859f5691
2026-02-06T02:59:16.977126Z DEBUG tokio-runtime-worker ThreadId(23) wkmp_ai::services::workflow_orchestrator: wkmp-ai\src\services\workflow_orchestrator\mod.rs:2936: File processing complete session_id=e6293ba0-b57f-441f-a6ea-884d33b9111b file_index=6 file=10,000_Maniacs/MTV_Unplugged/07-What's_The_Matter_Here-.mp3
2026-02-06T02:59:16.977242Z DEBUG tokio-runtime-worker ThreadId(23) wkmp_ai::services::workflow_orchestrator: wkmp-ai\src\services\workflow_orchestrator\mod.rs:1438: Acquiring all statistics Mutex locks for SSE conversion
2026-02-06T02:59:16.977326Z DEBUG tokio-runtime-worker ThreadId(23) wkmp_ai::services::workflow_orchestrator: wkmp-ai\src\services\workflow_orchestrator\mod.rs:1467: All statistics Mutex locks acquired and data cloned
2026-02-06T02:59:16.977415Z DEBUG tokio-runtime-worker ThreadId(23) wkmp_ai::services::workflow_orchestrator: wkmp-ai\src\services\workflow_orchestrator\mod.rs:1577: Releasing all statistics Mutex locks for SSE conversion
2026-02-06T02:59:16.977733Z DEBUG tokio-runtime-worker ThreadId(23) wkmp_ai::services::filename_matcher: wkmp-ai\src\services\filename_matcher.rs:65: Database query completed path=10,000_Maniacs/MTV_Unplugged/01-These_Are_Days.mp3 query_us=19548
2026-02-06T02:59:16.978017Z DEBUG tokio-runtime-worker ThreadId(23) wkmp_ai::services::filename_matcher: wkmp-ai\src\services\filename_matcher.rs:81: File already processed (INGEST COMPLETE) path=10,000_Maniacs/MTV_Unplugged/01-These_Are_Days.mp3 guid=f3cd04a4-8beb-4218-8432-1a66b9131ede
2026-02-06T02:59:16.978195Z  INFO tokio-runtime-worker ThreadId(23) wkmp_ai::services::workflow_orchestrator: wkmp-ai\src\services\workflow_orchestrator\mod.rs:1756: Phase 1 completed phase="Filename Matching" duration_ms=20 path_us=1 db_ms=20 file_index=0
2026-02-06T02:59:16.978358Z  INFO tokio-runtime-worker ThreadId(23) wkmp_ai::services::workflow_orchestrator: wkmp-ai\src\services\workflow_orchestrator\mod.rs:1770: File already processed (INGEST COMPLETE/NO AUDIO/DUPLICATE HASH), skipping all remaining phases file="C:\\Users\\Mango Cat\\Music\\10,000_Maniacs/MTV_Unplugged/01-These_Are_Days.mp3" file_id=f3cd04a4-8beb-4218-8432-1a66b9131ede
2026-02-06T02:59:16.979073Z DEBUG tokio-runtime-worker ThreadId(23) wkmp_ai::services::workflow_orchestrator: wkmp-ai\src\services\workflow_orchestrator\mod.rs:2936: File processing complete session_id=e6293ba0-b57f-441f-a6ea-884d33b9111b file_index=0 file=10,000_Maniacs/MTV_Unplugged/01-These_Are_Days.mp3
2026-02-06T02:59:16.979259Z DEBUG tokio-runtime-worker ThreadId(23) wkmp_ai::services::workflow_orchestrator: wkmp-ai\src\services\workflow_orchestrator\mod.rs:1438: Acquiring all statistics Mutex locks for SSE conversion
2026-02-06T02:59:16.979344Z DEBUG tokio-runtime-worker ThreadId(23) wkmp_ai::services::workflow_orchestrator: wkmp-ai\src\services\workflow_orchestrator\mod.rs:1467: All statistics Mutex locks acquired and data cloned
2026-02-06T02:59:16.979460Z DEBUG tokio-runtime-worker ThreadId(23) wkmp_ai::services::workflow_orchestrator: wkmp-ai\src\services\workflow_orchestrator\mod.rs:1577: Releasing all statistics Mutex locks for SSE conversion
2026-02-06T02:59:16.979678Z DEBUG tokio-runtime-worker ThreadId(23) wkmp_ai::services::filename_matcher: wkmp-ai\src\services\filename_matcher.rs:65: Database query completed path=10,000_Maniacs/MTV_Unplugged/05-Don't_Talk.mp3 query_us=16145
2026-02-06T02:59:16.979851Z DEBUG tokio-runtime-worker ThreadId(23) wkmp_ai::services::filename_matcher: wkmp-ai\src\services\filename_matcher.rs:81: File already processed (INGEST COMPLETE) path=10,000_Maniacs/MTV_Unplugged/05-Don't_Talk.mp3 guid=725441db-0316-4c69-8f99-ca2b832bf6ec
2026-02-06T02:59:16.979973Z  INFO tokio-runtime-worker ThreadId(23) wkmp_ai::services::workflow_orchestrator: wkmp-ai\src\services\workflow_orchestrator\mod.rs:1756: Phase 1 completed phase="Filename Matching" duration_ms=16 path_us=1 db_ms=16 file_index=4
2026-02-06T02:59:16.980128Z  INFO tokio-runtime-worker ThreadId(23) wkmp_ai::services::workflow_orchestrator: wkmp-ai\src\services\workflow_orchestrator\mod.rs:1770: File already processed (INGEST COMPLETE/NO AUDIO/DUPLICATE HASH), skipping all remaining phases file="C:\\Users\\Mango Cat\\Music\\10,000_Maniacs/MTV_Unplugged/05-Don\'t_Talk.mp3" file_id=725441db-0316-4c69-8f99-ca2b832bf6ec
2026-02-06T02:59:16.980272Z DEBUG tokio-runtime-worker ThreadId(23) wkmp_ai::services::workflow_orchestrator: wkmp-ai\src\services\workflow_orchestrator\mod.rs:2936: File processing complete session_id=e6293ba0-b57f-441f-a6ea-884d33b9111b file_index=4 file=10,000_Maniacs/MTV_Unplugged/05-Don't_Talk.mp3
2026-02-06T02:59:16.980417Z DEBUG tokio-runtime-worker ThreadId(23) wkmp_ai::services::workflow_orchestrator: wkmp-ai\src\services\workflow_orchestrator\mod.rs:1438: Acquiring all statistics Mutex locks for SSE conversion
2026-02-06T02:59:16.980536Z DEBUG tokio-runtime-worker ThreadId(23) wkmp_ai::services::workflow_orchestrator: wkmp-ai\src\services\workflow_orchestrator\mod.rs:1467: All statistics Mutex locks acquired and data cloned
2026-02-06T02:59:16.980682Z DEBUG tokio-runtime-worker ThreadId(23) wkmp_ai::services::workflow_orchestrator: wkmp-ai\src\services\workflow_orchestrator\mod.rs:1577: Releasing all statistics Mutex locks for SSE conversion
2026-02-06T02:59:16.980863Z DEBUG tokio-runtime-worker ThreadId(23) wkmp_ai::services::filename_matcher: wkmp-ai\src\services\filename_matcher.rs:65: Database query completed path=10,000_Maniacs/MTV_Unplugged/03-Candy_Everybody_Wants.mp3 query_us=19751
2026-02-06T02:59:16.981048Z DEBUG tokio-runtime-worker ThreadId(23) wkmp_ai::services::filename_matcher: wkmp-ai\src\services\filename_matcher.rs:81: File already processed (INGEST COMPLETE) path=10,000_Maniacs/MTV_Unplugged/03-Candy_Everybody_Wants.mp3 guid=9da8449c-4ee2-4810-b6df-0528a91e817a
2026-02-06T02:59:16.981172Z  INFO tokio-runtime-worker ThreadId(23) wkmp_ai::services::workflow_orchestrator: wkmp-ai\src\services\workflow_orchestrator\mod.rs:1756: Phase 1 completed phase="Filename Matching" duration_ms=20 path_us=2 db_ms=20 file_index=2
2026-02-06T02:59:16.981332Z  INFO tokio-runtime-worker ThreadId(23) wkmp_ai::services::workflow_orchestrator: wkmp-ai\src\services\workflow_orchestrator\mod.rs:1770: File already processed (INGEST COMPLETE/NO AUDIO/DUPLICATE HASH), skipping all remaining phases file="C:\\Users\\Mango Cat\\Music\\10,000_Maniacs/MTV_Unplugged/03-Candy_Everybody_Wants.mp3" file_id=9da8449c-4ee2-4810-b6df-0528a91e817a
2026-02-06T02:59:16.981470Z DEBUG tokio-runtime-worker ThreadId(23) wkmp_ai::services::workflow_orchestrator: wkmp-ai\src\services\workflow_orchestrator\mod.rs:2936: File processing complete session_id=e6293ba0-b57f-441f-a6ea-884d33b9111b file_index=2 file=10,000_Maniacs/MTV_Unplugged/03-Candy_Everybody_Wants.mp3
2026-02-06T02:59:16.981621Z DEBUG tokio-runtime-worker ThreadId(23) wkmp_ai::services::workflow_orchestrator: wkmp-ai\src\services\workflow_orchestrator\mod.rs:1438: Acquiring all statistics Mutex locks for SSE conversion
2026-02-06T02:59:16.981726Z DEBUG tokio-runtime-worker ThreadId(23) wkmp_ai::services::workflow_orchestrator: wkmp-ai\src\services\workflow_orchestrator\mod.rs:1467: All statistics Mutex locks acquired and data cloned
2026-02-06T02:59:16.981840Z DEBUG tokio-runtime-worker ThreadId(23) wkmp_ai::services::workflow_orchestrator: wkmp-ai\src\services\workflow_orchestrator\mod.rs:1577: Releasing all statistics Mutex locks for SSE conversion
2026-02-06T02:59:16.981984Z DEBUG tokio-runtime-worker ThreadId(23) wkmp_ai::services::filename_matcher: wkmp-ai\src\services\filename_matcher.rs:65: Database query completed path=10,000_Maniacs/MTV_Unplugged/11-Jezebel.mp3 query_us=10763
2026-02-06T02:59:16.982102Z DEBUG tokio-runtime-worker ThreadId(23) wkmp_ai::services::filename_matcher: wkmp-ai\src\services\filename_matcher.rs:81: File already processed (INGEST COMPLETE) path=10,000_Maniacs/MTV_Unplugged/11-Jezebel.mp3 guid=a7190db8-49a2-419a-8ece-40f3df6dbb23
2026-02-06T02:59:16.982218Z  INFO tokio-runtime-worker ThreadId(23) wkmp_ai::services::workflow_orchestrator: wkmp-ai\src\services\workflow_orchestrator\mod.rs:1756: Phase 1 completed phase="Filename Matching" duration_ms=11 path_us=1 db_ms=11 file_index=10
2026-02-06T02:59:16.982343Z  INFO tokio-runtime-worker ThreadId(23) wkmp_ai::services::workflow_orchestrator: wkmp-ai\src\services\workflow_orchestrator\mod.rs:1770: File already processed (INGEST COMPLETE/NO AUDIO/DUPLICATE HASH), skipping all remaining phases file="C:\\Users\\Mango Cat\\Music\\10,000_Maniacs/MTV_Unplugged/11-Jezebel.mp3" file_id=a7190db8-49a2-419a-8ece-40f3df6dbb23
2026-02-06T02:59:16.982471Z DEBUG tokio-runtime-worker ThreadId(23) wkmp_ai::services::workflow_orchestrator: wkmp-ai\src\services\workflow_orchestrator\mod.rs:2936: File processing complete session_id=e6293ba0-b57f-441f-a6ea-884d33b9111b file_index=10 file=10,000_Maniacs/MTV_Unplugged/11-Jezebel.mp3
2026-02-06T02:59:16.982596Z DEBUG tokio-runtime-worker ThreadId(23) wkmp_ai::services::workflow_orchestrator: wkmp-ai\src\services\workflow_orchestrator\mod.rs:1438: Acquiring all statistics Mutex locks for SSE conversion
2026-02-06T02:59:16.982698Z DEBUG tokio-runtime-worker ThreadId(23) wkmp_ai::services::workflow_orchestrator: wkmp-ai\src\services\workflow_orchestrator\mod.rs:1467: All statistics Mutex locks acquired and data cloned
2026-02-06T02:59:16.982811Z DEBUG tokio-runtime-worker ThreadId(23) wkmp_ai::services::workflow_orchestrator: wkmp-ai\src\services\workflow_orchestrator\mod.rs:1577: Releasing all statistics Mutex locks for SSE conversion
2026-02-06T02:59:16.982936Z DEBUG tokio-runtime-worker ThreadId(23) wkmp_ai::services::filename_matcher: wkmp-ai\src\services\filename_matcher.rs:65: Database query completed path=10,000_Maniacs/MTV_Unplugged/09-Like_The_Weather.mp3 query_us=13514
2026-02-06T02:59:16.983052Z DEBUG tokio-runtime-worker ThreadId(23) wkmp_ai::services::filename_matcher: wkmp-ai\src\services\filename_matcher.rs:81: File already processed (INGEST COMPLETE) path=10,000_Maniacs/MTV_Unplugged/09-Like_The_Weather.mp3 guid=5e1f5026-df7c-492b-b9b9-c85a0f84b86c
2026-02-06T02:59:16.983196Z  INFO tokio-runtime-worker ThreadId(23) wkmp_ai::services::workflow_orchestrator: wkmp-ai\src\services\workflow_orchestrator\mod.rs:1756: Phase 1 completed phase="Filename Matching" duration_ms=14 path_us=1 db_ms=14 file_index=8
2026-02-06T02:59:16.983320Z  INFO tokio-runtime-worker ThreadId(23) wkmp_ai::services::workflow_orchestrator: wkmp-ai\src\services\workflow_orchestrator\mod.rs:1770: File already processed (INGEST COMPLETE/NO AUDIO/DUPLICATE HASH), skipping all remaining phases file="C:\\Users\\Mango Cat\\Music\\10,000_Maniacs/MTV_Unplugged/09-Like_The_Weather.mp3" file_id=5e1f5026-df7c-492b-b9b9-c85a0f84b86c
2026-02-06T02:59:16.983448Z DEBUG tokio-runtime-worker ThreadId(23) wkmp_ai::services::workflow_orchestrator: wkmp-ai\src\services\workflow_orchestrator\mod.rs:2936: File processing complete session_id=e6293ba0-b57f-441f-a6ea-884d33b9111b file_index=8 file=10,000_Maniacs/MTV_Unplugged/09-Like_The_Weather.mp3
2026-02-06T02:59:16.983636Z DEBUG tokio-runtime-worker ThreadId(23) wkmp_ai::services::workflow_orchestrator: wkmp-ai\src\services\workflow_orchestrator\mod.rs:1438: Acquiring all statistics Mutex locks for SSE conversion
2026-02-06T02:59:16.983740Z DEBUG tokio-runtime-worker ThreadId(23) wkmp_ai::services::workflow_orchestrator: wkmp-ai\src\services\workflow_orchestrator\mod.rs:1467: All statistics Mutex locks acquired and data cloned
2026-02-06T02:59:16.983860Z DEBUG tokio-runtime-worker ThreadId(23) wkmp_ai::services::workflow_orchestrator: wkmp-ai\src\services\workflow_orchestrator\mod.rs:1577: Releasing all statistics Mutex locks for SSE conversion
2026-02-06T02:59:16.983982Z DEBUG tokio-runtime-worker ThreadId(23) wkmp_ai::services::filename_matcher: wkmp-ai\src\services\filename_matcher.rs:65: Database query completed path=10,000_Maniacs/MTV_Unplugged/10-Trouble_Me.mp3 query_us=13561
2026-02-06T02:59:16.984095Z DEBUG tokio-runtime-worker ThreadId(23) wkmp_ai::services::filename_matcher: wkmp-ai\src\services\filename_matcher.rs:81: File already processed (INGEST COMPLETE) path=10,000_Maniacs/MTV_Unplugged/10-Trouble_Me.mp3 guid=4aa7606b-8f3a-4186-86d6-8d07cff7af76
2026-02-06T02:59:16.984208Z  INFO tokio-runtime-worker ThreadId(23) wkmp_ai::services::workflow_orchestrator: wkmp-ai\src\services\workflow_orchestrator\mod.rs:1756: Phase 1 completed phase="Filename Matching" duration_ms=14 path_us=3 db_ms=14 file_index=9
2026-02-06T02:59:16.984329Z  INFO tokio-runtime-worker ThreadId(23) wkmp_ai::services::workflow_orchestrator: wkmp-ai\src\services\workflow_orchestrator\mod.rs:1770: File already processed (INGEST COMPLETE/NO AUDIO/DUPLICATE HASH), skipping all remaining phases file="C:\\Users\\Mango Cat\\Music\\10,000_Maniacs/MTV_Unplugged/10-Trouble_Me.mp3" file_id=4aa7606b-8f3a-4186-86d6-8d07cff7af76
2026-02-06T02:59:16.984425Z DEBUG tokio-runtime-worker ThreadId(23) wkmp_ai::services::workflow_orchestrator: wkmp-ai\src\services\workflow_orchestrator\mod.rs:2936: File processing complete session_id=e6293ba0-b57f-441f-a6ea-884d33b9111b file_index=9 file=10,000_Maniacs/MTV_Unplugged/10-Trouble_Me.mp3
2026-02-06T02:59:16.984519Z DEBUG tokio-runtime-worker ThreadId(23) wkmp_ai::services::workflow_orchestrator: wkmp-ai\src\services\workflow_orchestrator\mod.rs:1438: Acquiring all statistics Mutex locks for SSE conversion
2026-02-06T02:59:16.984597Z DEBUG tokio-runtime-worker ThreadId(23) wkmp_ai::services::workflow_orchestrator: wkmp-ai\src\services\workflow_orchestrator\mod.rs:1467: All statistics Mutex locks acquired and data cloned
2026-02-06T02:59:16.984681Z DEBUG tokio-runtime-worker ThreadId(23) wkmp_ai::services::workflow_orchestrator: wkmp-ai\src\services\workflow_orchestrator\mod.rs:1577: Releasing all statistics Mutex locks for SSE conversion
2026-02-06T02:59:16.984775Z DEBUG tokio-runtime-worker ThreadId(23) wkmp_ai::services::filename_matcher: wkmp-ai\src\services\filename_matcher.rs:65: Database query completed path=10,000_Maniacs/MTV_Unplugged/02-Eat_For_Two.mp3 query_us=25199
2026-02-06T02:59:16.984862Z DEBUG tokio-runtime-worker ThreadId(23) wkmp_ai::services::filename_matcher: wkmp-ai\src\services\filename_matcher.rs:81: File already processed (INGEST COMPLETE) path=10,000_Maniacs/MTV_Unplugged/02-Eat_For_Two.mp3 guid=a08edb68-8543-4cd8-9d54-7e39e52514d4
2026-02-06T02:59:16.984950Z  INFO tokio-runtime-worker ThreadId(23) wkmp_ai::services::workflow_orchestrator: wkmp-ai\src\services\workflow_orchestrator\mod.rs:1756: Phase 1 completed phase="Filename Matching" duration_ms=25 path_us=1 db_ms=25 file_index=1
2026-02-06T02:59:16.985043Z  INFO tokio-runtime-worker ThreadId(23) wkmp_ai::services::workflow_orchestrator: wkmp-ai\src\services\workflow_orchestrator\mod.rs:1770: File already processed (INGEST COMPLETE/NO AUDIO/DUPLICATE HASH), skipping all remaining phases file="C:\\Users\\Mango Cat\\Music\\10,000_Maniacs/MTV_Unplugged/02-Eat_For_Two.mp3" file_id=a08edb68-8543-4cd8-9d54-7e39e52514d4
2026-02-06T02:59:16.985138Z DEBUG tokio-runtime-worker ThreadId(23) wkmp_ai::services::workflow_orchestrator: wkmp-ai\src\services\workflow_orchestrator\mod.rs:2936: File processing complete session_id=e6293ba0-b57f-441f-a6ea-884d33b9111b file_index=1 file=10,000_Maniacs/MTV_Unplugged/02-Eat_For_Two.mp3
2026-02-06T02:59:17.112741Z DEBUG tokio-runtime-worker ThreadId(23) wkmp_ai::services::workflow_orchestrator: wkmp-ai\src\services\workflow_orchestrator\mod.rs:1438: Acquiring all statistics Mutex locks for SSE conversion
2026-02-06T02:59:17.113277Z DEBUG tokio-runtime-worker ThreadId(23) wkmp_ai::services::workflow_orchestrator: wkmp-ai\src\services\workflow_orchestrator\mod.rs:1467: All statistics Mutex locks acquired and data cloned
2026-02-06T02:59:17.114038Z DEBUG tokio-runtime-worker ThreadId(23) wkmp_ai::services::workflow_orchestrator: wkmp-ai\src\services\workflow_orchestrator\mod.rs:1577: Releasing all statistics Mutex locks for SSE conversion
2026-02-06T02:59:17.114492Z DEBUG tokio-runtime-worker ThreadId(23) wkmp_ai::services::filename_matcher: wkmp-ai\src\services\filename_matcher.rs:65: Database query completed path=10,000_Maniacs/MTV_Unplugged/06-Hey_Jack_Kerouac.mp3 query_us=149835
2026-02-06T02:59:17.114813Z DEBUG tokio-runtime-worker ThreadId(23) wkmp_ai::services::filename_matcher: wkmp-ai\src\services\filename_matcher.rs:81: File already processed (INGEST COMPLETE) path=10,000_Maniacs/MTV_Unplugged/06-Hey_Jack_Kerouac.mp3 guid=87df9d29-e13a-4038-b999-c2ef2a12b5f5
2026-02-06T02:59:17.115219Z  INFO tokio-runtime-worker ThreadId(23) wkmp_ai::services::workflow_orchestrator: wkmp-ai\src\services\workflow_orchestrator\mod.rs:1756: Phase 1 completed phase="Filename Matching" duration_ms=151
 path_us=3 db_ms=150 file_index=5
2026-02-06T02:59:17.115745Z  INFO tokio-runtime-worker ThreadId(23) wkmp_ai::services::workflow_orchestrator: wkmp-ai\src\services\workflow_orchestrator\mod.rs:1770: File already processed (INGEST COMPLETE/NO AUDIO/DUPLICATE HASH), skipping all remaining phases file="C:\\Users\\Mango Cat\\Music\\10,000_Maniacs/MTV_Unplugged/06-Hey_Jack_Kerouac.mp3" file_id=87df9d29-e13a-4038-b999-c2ef2a12b5f5
2026-02-06T02:59:17.116093Z DEBUG tokio-runtime-worker ThreadId(23) wkmp_ai::services::workflow_orchestrator: wkmp-ai\src\services\workflow_orchestrator\mod.rs:2936: File processing complete session_id=e6293ba0-b57f-441f-a6ea-884d33b9111b file_index=5 file=10,000_Maniacs/MTV_Unplugged/06-Hey_Jack_Kerouac.mp3
2026-02-06T02:59:17.116432Z DEBUG tokio-runtime-worker ThreadId(23) wkmp_ai::services::workflow_orchestrator: wkmp-ai\src\services\workflow_orchestrator\mod.rs:1438: Acquiring all statistics Mutex locks for SSE conversion
2026-02-06T02:59:17.116666Z DEBUG tokio-runtime-worker ThreadId(23) wkmp_ai::services::workflow_orchestrator: wkmp-ai\src\services\workflow_orchestrator\mod.rs:1467: All statistics Mutex locks acquired and data cloned
2026-02-06T02:59:17.116920Z DEBUG tokio-runtime-worker ThreadId(23) wkmp_ai::services::workflow_orchestrator: wkmp-ai\src\services\workflow_orchestrator\mod.rs:1577: Releasing all statistics Mutex locks for SSE conversion
2026-02-06T02:59:17.117193Z DEBUG tokio-runtime-worker ThreadId(23) wkmp_ai::services::filename_matcher: wkmp-ai\src\services\filename_matcher.rs:65: Database query completed path=10,000_Maniacs/MTV_Unplugged/04-I'm_Not_The_Man.mp3 query_us=154569
2026-02-06T02:59:17.117389Z DEBUG tokio-runtime-worker ThreadId(23) wkmp_ai::services::filename_matcher: wkmp-ai\src\services\filename_matcher.rs:81: File already processed (INGEST COMPLETE) path=10,000_Maniacs/MTV_Unplugged/04-I'm_Not_The_Man.mp3 guid=48c8dd91-ea38-4b0d-a57c-1de2e785746f
2026-02-06T02:59:17.117619Z  INFO tokio-runtime-worker ThreadId(23) wkmp_ai::services::workflow_orchestrator: wkmp-ai\src\services\workflow_orchestrator\mod.rs:1756: Phase 1 completed phase="Filename Matching" duration_ms=155
 path_us=1 db_ms=155 file_index=3
2026-02-06T02:59:17.117894Z  INFO tokio-runtime-worker ThreadId(23) wkmp_ai::services::workflow_orchestrator: wkmp-ai\src\services\workflow_orchestrator\mod.rs:1770: File already processed (INGEST COMPLETE/NO AUDIO/DUPLICATE HASH), skipping all remaining phases file="C:\\Users\\Mango Cat\\Music\\10,000_Maniacs/MTV_Unplugged/04-I\'m_Not_The_Man.mp3" file_id=48c8dd91-ea38-4b0d-a57c-1de2e785746f
2026-02-06T02:59:17.118006Z DEBUG tokio-runtime-worker ThreadId(23) wkmp_ai::services::workflow_orchestrator: wkmp-ai\src\services\workflow_orchestrator\mod.rs:2936: File processing complete session_id=e6293ba0-b57f-441f-a6ea-884d33b9111b file_index=3 file=10,000_Maniacs/MTV_Unplugged/04-I'm_Not_The_Man.mp3
2026-02-06T02:59:17.118175Z DEBUG tokio-runtime-worker ThreadId(23) wkmp_ai::services::workflow_orchestrator: wkmp-ai\src\services\workflow_orchestrator\mod.rs:1438: Acquiring all statistics Mutex locks for SSE conversion
2026-02-06T02:59:17.118421Z DEBUG tokio-runtime-worker ThreadId(23) wkmp_ai::services::workflow_orchestrator: wkmp-ai\src\services\workflow_orchestrator\mod.rs:1467: All statistics Mutex locks acquired and data cloned
2026-02-06T02:59:17.118674Z DEBUG tokio-runtime-worker ThreadId(23) wkmp_ai::services::workflow_orchestrator: wkmp-ai\src\services\workflow_orchestrator\mod.rs:1577: Releasing all statistics Mutex locks for SSE conversion
2026-02-06T02:59:17.118806Z DEBUG tokio-runtime-worker ThreadId(23) wkmp_ai::services::workflow_orchestrator: wkmp-ai\src\services\workflow_orchestrator\mod.rs:3118: Starting per-file pipeline file_index=12 file_id=358785d6-9b90-436f-b6fa-5ea771541ca1 file=10,000_Maniacs/MTV_Unplugged/13-Stockton_Gala_Days.mp3
2026-02-06T02:59:17.118962Z  INFO tokio-runtime-worker ThreadId(23) wkmp_ai::services::workflow_orchestrator: wkmp-ai\src\services\workflow_orchestrator\mod.rs:1733: Starting PLAN024 10-phase per-file pipeline (late audio decode) file="C:\\Users\\Mango Cat\\Music\\10,000_Maniacs/MTV_Unplugged/13-Stockton_Gala_Days.mp3"
2026-02-06T02:59:17.119114Z DEBUG tokio-runtime-worker ThreadId(23) wkmp_ai::services::workflow_orchestrator: wkmp-ai\src\services\workflow_orchestrator\mod.rs:1742: Phase 1: Filename Matching - START file="C:\\Users\\Mango Cat\\Music\\10,000_Maniacs/MTV_Unplugged/13-Stockton_Gala_Days.mp3"
2026-02-06T02:59:17.119264Z DEBUG tokio-runtime-worker ThreadId(23) wkmp_ai::services::filename_matcher: wkmp-ai\src\services\filename_matcher.rs:54: Checking if file exists in database path=10,000_Maniacs/MTV_Unplugged/13-Stockton_Gala_Days.mp3 norm_us=10
2026-02-06T02:59:17.119458Z DEBUG tokio-runtime-worker ThreadId(23) wkmp_ai::services::workflow_orchestrator: wkmp-ai\src\services\workflow_orchestrator\mod.rs:3118: Starting per-file pipeline file_index=13 file_id=54a73214-4532-44b4-9bba-02169b2ac758 file=10,000_Maniacs/MTV_Unplugged/14-Noah's_Dove.mp3
2026-02-06T02:59:17.119590Z  INFO tokio-runtime-worker ThreadId(23) wkmp_ai::services::workflow_orchestrator: wkmp-ai\src\services\workflow_orchestrator\mod.rs:1733: Starting PLAN024 10-phase per-file pipeline (late audio decode) file="C:\\Users\\Mango Cat\\Music\\10,000_Maniacs/MTV_Unplugged/14-Noah\'s_Dove.mp3"
2026-02-06T02:59:17.119714Z DEBUG tokio-runtime-worker ThreadId(23) wkmp_ai::services::workflow_orchestrator: wkmp-ai\src\services\workflow_orchestrator\mod.rs:1742: Phase 1: Filename Matching - START file="C:\\Users\\Mango Cat\\Music\\10,000_Maniacs/MTV_Unplugged/14-Noah\'s_Dove.mp3"
2026-02-06T02:59:17.119861Z DEBUG tokio-runtime-worker ThreadId(23) wkmp_ai::services::filename_matcher: wkmp-ai\src\services\filename_matcher.rs:54: Checking if file exists in database path=10,000_Maniacs/MTV_Unplugged/14-Noah's_Dove.mp3 norm_us=3
2026-02-06T02:59:17.120021Z DEBUG tokio-runtime-worker ThreadId(23) wkmp_ai::services::workflow_orchestrator: wkmp-ai\src\services\workflow_orchestrator\mod.rs:3118: Starting per-file pipeline file_index=14 file_id=4b6f8417-fe03-4dc3-9bea-ec6596c6156c file=38 Special/Anthology.mp3
2026-02-06T02:59:17.120180Z  INFO tokio-runtime-worker ThreadId(23) wkmp_ai::services::workflow_orchestrator: wkmp-ai\src\services\workflow_orchestrator\mod.rs:1733: Starting PLAN024 10-phase per-file pipeline (late audio decode) file="C:\\Users\\Mango Cat\\Music\\38 Special/Anthology.mp3"
2026-02-06T02:59:17.120329Z DEBUG tokio-runtime-worker ThreadId(23) wkmp_ai::services::workflow_orchestrator: wkmp-ai\src\services\workflow_orchestrator\mod.rs:1742: Phase 1: Filename Matching - START file="C:\\Users\\Mango Cat\\Music\\38 Special/Anthology.mp3"
2026-02-06T02:59:17.120468Z DEBUG tokio-runtime-worker ThreadId(23) wkmp_ai::services::filename_matcher: wkmp-ai\src\services\filename_matcher.rs:54: Checking if file exists in database path=38 Special/Anthology.mp3 norm_us=2
2026-02-06T02:59:17.120612Z DEBUG tokio-runtime-worker ThreadId(23) wkmp_ai::services::workflow_orchestrator: wkmp-ai\src\services\workflow_orchestrator\mod.rs:3118: Starting per-file pipeline file_index=15 file_id=14cecdde-75b1-43b5-a5a8-6316820829b4 file=4 Non Blondes/Bigger,_Better,_Faster,_More/(4_Non_Blondes)Bigger,_Better,_Faster,_More-01-Train_.mp3
2026-02-06T02:59:17.120732Z  INFO tokio-runtime-worker ThreadId(23) wkmp_ai::services::workflow_orchestrator: wkmp-ai\src\services\workflow_orchestrator\mod.rs:1733: Starting PLAN024 10-phase per-file pipeline (late audio decode) file="C:\\Users\\Mango Cat\\Music\\4 Non Blondes/Bigger,_Better,_Faster,_More/(4_Non_Blondes)Bigger,_Better,_Faster,_More-01-Train_.mp3"
2026-02-06T02:59:17.120870Z DEBUG tokio-runtime-worker ThreadId(23) wkmp_ai::services::workflow_orchestrator: wkmp-ai\src\services\workflow_orchestrator\mod.rs:1742: Phase 1: Filename Matching - START file="C:\\Users\\Mango Cat\\Music\\4 Non Blondes/Bigger,_Better,_Faster,_More/(4_Non_Blondes)Bigger,_Better,_Faster,_More-01-Train_.mp3"
2026-02-06T02:59:17.120999Z DEBUG tokio-runtime-worker ThreadId(23) wkmp_ai::services::filename_matcher: wkmp-ai\src\services\filename_matcher.rs:54: Checking if file exists in database path=4 Non Blondes/Bigger,_Better,_Faster,_More/(4_Non_Blondes)Bigger,_Better,_Faster,_More-01-Train_.mp3 norm_us=2
2026-02-06T02:59:17.121141Z DEBUG tokio-runtime-worker ThreadId(23) wkmp_ai::services::workflow_orchestrator: wkmp-ai\src\services\workflow_orchestrator\mod.rs:3118: Starting per-file pipeline file_index=16 file_id=b46287e4-4dd1-4d32-a0c3-e278a5e3942f file=4 Non Blondes/Bigger,_Better,_Faster,_More/(4_Non_Blondes)Bigger,_Better,_Faster,_More-02-Superfly_.mp3
2026-02-06T02:59:17.121255Z  INFO tokio-runtime-worker ThreadId(23) wkmp_ai::services::workflow_orchestrator: wkmp-ai\src\services\workflow_orchestrator\mod.rs:1733: Starting PLAN024 10-phase per-file pipeline (late audio decode) file="C:\\Users\\Mango Cat\\Music\\4 Non Blondes/Bigger,_Better,_Faster,_More/(4_Non_Blondes)Bigger,_Better,_Faster,_More-02-Superfly_.mp3"
2026-02-06T02:59:17.121391Z DEBUG tokio-runtime-worker ThreadId(23) wkmp_ai::services::workflow_orchestrator: wkmp-ai\src\services\workflow_orchestrator\mod.rs:1742: Phase 1: Filename Matching - START file="C:\\Users\\Mango Cat\\Music\\4 Non Blondes/Bigger,_Better,_Faster,_More/(4_Non_Blondes)Bigger,_Better,_Faster,_More-02-Superfly_.mp3"
2026-02-06T02:59:17.121519Z DEBUG tokio-runtime-worker ThreadId(23) wkmp_ai::services::filename_matcher: wkmp-ai\src\services\filename_matcher.rs:54: Checking if file exists in database path=4 Non Blondes/Bigger,_Better,_Faster,_More/(4_Non_Blondes)Bigger,_Better,_Faster,_More-02-Superfly_.mp3 norm_us=2
2026-02-06T02:59:17.121663Z DEBUG tokio-runtime-worker ThreadId(23) wkmp_ai::services::workflow_orchestrator: wkmp-ai\src\services\workflow_orchestrator\mod.rs:3118: Starting per-file pipeline file_index=17 file_id=6d834e79-1038-4d41-b371-3bb9a31ed408 file=4 Non Blondes/Bigger,_Better,_Faster,_More/(4_Non_Blondes)Bigger,_Better,_Faster,_More-03-What's_Up_.mp3
2026-02-06T02:59:17.121798Z  INFO tokio-runtime-worker ThreadId(23) wkmp_ai::services::workflow_orchestrator: wkmp-ai\src\services\workflow_orchestrator\mod.rs:1733: Starting PLAN024 10-phase per-file pipeline (late audio decode) file="C:\\Users\\Mango Cat\\Music\\4 Non Blondes/Bigger,_Better,_Faster,_More/(4_Non_Blondes)Bigger,_Better,_Faster,_More-03-What\'s_Up_.mp3"
2026-02-06T02:59:17.121929Z DEBUG tokio-runtime-worker ThreadId(23) wkmp_ai::services::workflow_orchestrator: wkmp-ai\src\services\workflow_orchestrator\mod.rs:1742: Phase 1: Filename Matching - START file="C:\\Users\\Mango Cat\\Music\\4 Non Blondes/Bigger,_Better,_Faster,_More/(4_Non_Blondes)Bigger,_Better,_Faster,_More-03-What\'s_Up_.mp3"
2026-02-06T02:59:17.122080Z DEBUG tokio-runtime-worker ThreadId(23) wkmp_ai::services::filename_matcher: wkmp-ai\src\services\filename_matcher.rs:54: Checking if file exists in database path=4 Non Blondes/Bigger,_Better,_Faster,_More/(4_Non_Blondes)Bigger,_Better,_Faster,_More-03-What's_Up_.mp3 norm_us=2
2026-02-06T02:59:17.122199Z DEBUG tokio-runtime-worker ThreadId(23) wkmp_ai::services::workflow_orchestrator: wkmp-ai\src\services\workflow_orchestrator\mod.rs:3118: Starting per-file pipeline file_index=18 file_id=92c36f49-e206-4316-8cd3-5928568381f1 file=4 Non Blondes/Bigger,_Better,_Faster,_More/(4_Non_Blondes)Bigger,_Better,_Faster,_More-04-Pleasantly_Blue_.mp3
2026-02-06T02:59:17.122290Z  INFO tokio-runtime-worker ThreadId(23) wkmp_ai::services::workflow_orchestrator: wkmp-ai\src\services\workflow_orchestrator\mod.rs:1733: Starting PLAN024 10-phase per-file pipeline (late audio decode) file="C:\\Users\\Mango Cat\\Music\\4 Non Blondes/Bigger,_Better,_Faster,_More/(4_Non_Blondes)Bigger,_Better,_Faster,_More-04-Pleasantly_Blue_.mp3"
2026-02-06T02:59:17.122400Z DEBUG tokio-runtime-worker ThreadId(23) wkmp_ai::services::workflow_orchestrator: wkmp-ai\src\services\workflow_orchestrator\mod.rs:1742: Phase 1: Filename Matching - START file="C:\\Users\\Mango Cat\\Music\\4 Non Blondes/Bigger,_Better,_Faster,_More/(4_Non_Blondes)Bigger,_Better,_Faster,_More-04-Pleasantly_Blue_.mp3"
2026-02-06T02:59:17.122502Z DEBUG tokio-runtime-worker ThreadId(23) wkmp_ai::services::filename_matcher: wkmp-ai\src\services\filename_matcher.rs:54: Checking if file exists in database path=4 Non Blondes/Bigger,_Better,_Faster,_More/(4_Non_Blondes)Bigger,_Better,_Faster,_More-04-Pleasantly_Blue_.mp3 norm_us=2
2026-02-06T02:59:17.122616Z DEBUG tokio-runtime-worker ThreadId(23) wkmp_ai::services::workflow_orchestrator: wkmp-ai\src\services\workflow_orchestrator\mod.rs:3118: Starting per-file pipeline file_index=19 file_id=6e58e1dd-74a4-4e97-9840-4a789d6306e5 file=4 Non Blondes/Bigger,_Better,_Faster,_More/(4_Non_Blondes)Bigger,_Better,_Faster,_More-05-Morphine_&_Chocolate.mp3
2026-02-06T02:59:17.122705Z  INFO tokio-runtime-worker ThreadId(23) wkmp_ai::services::workflow_orchestrator: wkmp-ai\src\services\workflow_orchestrator\mod.rs:1733: Starting PLAN024 10-phase per-file pipeline (late audio decode) file="C:\\Users\\Mango Cat\\Music\\4 Non Blondes/Bigger,_Better,_Faster,_More/(4_Non_Blondes)Bigger,_Better,_Faster,_More-05-Morphine_&_Chocolate.mp3"
2026-02-06T02:59:17.122815Z DEBUG tokio-runtime-worker ThreadId(23) wkmp_ai::services::workflow_orchestrator: wkmp-ai\src\services\workflow_orchestrator\mod.rs:1742: Phase 1: Filename Matching - START file="C:\\Users\\Mango Cat\\Music\\4 Non Blondes/Bigger,_Better,_Faster,_More/(4_Non_Blondes)Bigger,_Better,_Faster,_More-05-Morphine_&_Chocolate.mp3"
2026-02-06T02:59:17.122917Z DEBUG tokio-runtime-worker ThreadId(23) wkmp_ai::services::filename_matcher: wkmp-ai\src\services\filename_matcher.rs:54: Checking if file exists in database path=4 Non Blondes/Bigger,_Better,_Faster,_More/(4_Non_Blondes)Bigger,_Better,_Faster,_More-05-Morphine_&_Chocolate.mp3 norm_us=2
2026-02-06T02:59:17.123031Z DEBUG tokio-runtime-worker ThreadId(23) wkmp_ai::services::workflow_orchestrator: wkmp-ai\src\services\workflow_orchestrator\mod.rs:3118: Starting per-file pipeline file_index=20 file_id=9be4ff96-0f16-40fa-8b16-07bad67d1dbe file=4 Non Blondes/Bigger,_Better,_Faster,_More/(4_Non_Blondes)Bigger,_Better,_Faster,_More-06-Spaceman.mp3
2026-02-06T02:59:17.123129Z  INFO tokio-runtime-worker ThreadId(23) wkmp_ai::services::workflow_orchestrator: wkmp-ai\src\services\workflow_orchestrator\mod.rs:1733: Starting PLAN024 10-phase per-file pipeline (late audio decode) file="C:\\Users\\Mango Cat\\Music\\4 Non Blondes/Bigger,_Better,_Faster,_More/(4_Non_Blondes)Bigger,_Better,_Faster,_More-06-Spaceman.mp3"
2026-02-06T02:59:17.123239Z DEBUG tokio-runtime-worker ThreadId(23) wkmp_ai::services::workflow_orchestrator: wkmp-ai\src\services\workflow_orchestrator\mod.rs:1742: Phase 1: Filename Matching - START file="C:\\Users\\Mango Cat\\Music\\4 Non Blondes/Bigger,_Better,_Faster,_More/(4_Non_Blondes)Bigger,_Better,_Faster,_More-06-Spaceman.mp3"
2026-02-06T02:59:17.123341Z DEBUG tokio-runtime-worker ThreadId(23) wkmp_ai::services::filename_matcher: wkmp-ai\src\services\filename_matcher.rs:54: Checking if file exists in database path=4 Non Blondes/Bigger,_Better,_Faster,_More/(4_Non_Blondes)Bigger,_Better,_Faster,_More-06-Spaceman.mp3 norm_us=2
2026-02-06T02:59:17.123455Z DEBUG tokio-runtime-worker ThreadId(23) wkmp_ai::services::workflow_orchestrator: wkmp-ai\src\services\workflow_orchestrator\mod.rs:3118: Starting per-file pipeline file_index=21 file_id=2790ed2c-23bd-409a-870e-d491b2b1f075 file=4 Non Blondes/Bigger,_Better,_Faster,_More/(4_Non_Blondes)Bigger,_Better,_Faster,_More-07-Old_Mr._Heffer.mp3
2026-02-06T02:59:17.123543Z  INFO tokio-runtime-worker ThreadId(23) wkmp_ai::services::workflow_orchestrator: wkmp-ai\src\services\workflow_orchestrator\mod.rs:1733: Starting PLAN024 10-phase per-file pipeline (late audio decode) file="C:\\Users\\Mango Cat\\Music\\4 Non Blondes/Bigger,_Better,_Faster,_More/(4_Non_Blondes)Bigger,_Better,_Faster,_More-07-Old_Mr._Heffer.mp3"
2026-02-06T02:59:17.123652Z DEBUG tokio-runtime-worker ThreadId(23) wkmp_ai::services::workflow_orchestrator: wkmp-ai\src\services\workflow_orchestrator\mod.rs:1742: Phase 1: Filename Matching - START file="C:\\Users\\Mango Cat\\Music\\4 Non Blondes/Bigger,_Better,_Faster,_More/(4_Non_Blondes)Bigger,_Better,_Faster,_More-07-Old_Mr._Heffer.mp3"
2026-02-06T02:59:17.123755Z DEBUG tokio-runtime-worker ThreadId(23) wkmp_ai::services::filename_matcher: wkmp-ai\src\services\filename_matcher.rs:54: Checking if file exists in database path=4 Non Blondes/Bigger,_Better,_Faster,_More/(4_Non_Blondes)Bigger,_Better,_Faster,_More-07-Old_Mr._Heffer.mp3 norm_us=2
2026-02-06T02:59:17.123863Z DEBUG tokio-runtime-worker ThreadId(23) wkmp_ai::services::workflow_orchestrator: wkmp-ai\src\services\workflow_orchestrator\mod.rs:3118: Starting per-file pipeline file_index=22 file_id=91571a2e-a1ad-4506-a3cc-a60f9736934b file=4 Non Blondes/Bigger,_Better,_Faster,_More/(4_Non_Blondes)Bigger,_Better,_Faster,_More-08-Calling_All_The_People.mp3
2026-02-06T02:59:17.123952Z  INFO tokio-runtime-worker ThreadId(23) wkmp_ai::services::workflow_orchestrator: wkmp-ai\src\services\workflow_orchestrator\mod.rs:1733: Starting PLAN024 10-phase per-file pipeline (late audio decode) file="C:\\Users\\Mango Cat\\Music\\4 Non Blondes/Bigger,_Better,_Faster,_More/(4_Non_Blondes)Bigger,_Better,_Faster,_More-08-Calling_All_The_People.mp3"
2026-02-06T02:59:17.124063Z DEBUG tokio-runtime-worker ThreadId(23) wkmp_ai::services::workflow_orchestrator: wkmp-ai\src\services\workflow_orchestrator\mod.rs:1742: Phase 1: Filename Matching - START file="C:\\Users\\Mango Cat\\Music\\4 Non Blondes/Bigger,_Better,_Faster,_More/(4_Non_Blondes)Bigger,_Better,_Faster,_More-08-Calling_All_The_People.mp3"
2026-02-06T02:59:17.124166Z DEBUG tokio-runtime-worker ThreadId(23) wkmp_ai::services::filename_matcher: wkmp-ai\src\services\filename_matcher.rs:54: Checking if file exists in database path=4 Non Blondes/Bigger,_Better,_Faster,_More/(4_Non_Blondes)Bigger,_Better,_Faster,_More-08-Calling_All_The_People.mp3 norm_us=2
2026-02-06T02:59:17.124280Z DEBUG tokio-runtime-worker ThreadId(23) wkmp_ai::services::workflow_orchestrator: wkmp-ai\src\services\workflow_orchestrator\mod.rs:3118: Starting per-file pipeline file_index=23 file_id=30365188-7ec7-4711-b07f-9cc9b9ee4c70 file=4 Non Blondes/Bigger,_Better,_Faster,_More/(4_Non_Blondes)Bigger,_Better,_Faster,_More-09-Dear_Mr._President.mp3
2026-02-06T02:59:17.124369Z  INFO tokio-runtime-worker ThreadId(23) wkmp_ai::services::workflow_orchestrator: wkmp-ai\src\services\workflow_orchestrator\mod.rs:1733: Starting PLAN024 10-phase per-file pipeline (late audio decode) file="C:\\Users\\Mango Cat\\Music\\4 Non Blondes/Bigger,_Better,_Faster,_More/(4_Non_Blondes)Bigger,_Better,_Faster,_More-09-Dear_Mr._President.mp3"
2026-02-06T02:59:17.124478Z DEBUG tokio-runtime-worker ThreadId(23) wkmp_ai::services::workflow_orchestrator: wkmp-ai\src\services\workflow_orchestrator\mod.rs:1742: Phase 1: Filename Matching - START file="C:\\Users\\Mango Cat\\Music\\4 Non Blondes/Bigger,_Better,_Faster,_More/(4_Non_Blondes)Bigger,_Better,_Faster,_More-09-Dear_Mr._President.mp3"
2026-02-06T02:59:17.124581Z DEBUG tokio-runtime-worker ThreadId(23) wkmp_ai::services::filename_matcher: wkmp-ai\src\services\filename_matcher.rs:54: Checking if file exists in database path=4 Non Blondes/Bigger,_Better,_Faster,_More/(4_Non_Blondes)Bigger,_Better,_Faster,_More-09-Dear_Mr._President.mp3 norm_us=2
2026-02-06T02:59:17.124847Z DEBUG tokio-runtime-worker ThreadId(23) wkmp_ai::api::sse: wkmp-ai\src\api\sse.rs:71: SSE: Broadcasting import event: ImportProgressUpdate
2026-02-06T02:59:17.124997Z DEBUG tokio-runtime-worker ThreadId(23) wkmp_ai::api::sse: wkmp-ai\src\api\sse.rs:71: SSE: Broadcasting import event: ImportProgressUpdate
2026-02-06T02:59:17.125237Z DEBUG tokio-runtime-worker ThreadId(23) wkmp_ai::api::sse: wkmp-ai\src\api\sse.rs:71: SSE: Broadcasting import event: ImportProgressUpdate
2026-02-06T02:59:17.125363Z DEBUG tokio-runtime-worker ThreadId(23) wkmp_ai::api::sse: wkmp-ai\src\api\sse.rs:71: SSE: Broadcasting import event: ImportProgressUpdate
2026-02-06T02:59:17.125574Z DEBUG tokio-runtime-worker ThreadId(23) wkmp_ai::api::sse: wkmp-ai\src\api\sse.rs:71: SSE: Broadcasting import event: ImportProgressUpdate
2026-02-06T02:59:17.125700Z DEBUG tokio-runtime-worker ThreadId(23) wkmp_ai::api::sse: wkmp-ai\src\api\sse.rs:71: SSE: Broadcasting import event: ImportProgressUpdate
2026-02-06T02:59:17.125907Z DEBUG tokio-runtime-worker ThreadId(23) wkmp_ai::api::sse: wkmp-ai\src\api\sse.rs:71: SSE: Broadcasting import event: ImportProgressUpdate
2026-02-06T02:59:17.126028Z DEBUG tokio-runtime-worker ThreadId(23) wkmp_ai::api::sse: wkmp-ai\src\api\sse.rs:71: SSE: Broadcasting import event: ImportProgressUpdate
2026-02-06T02:59:17.126236Z DEBUG tokio-runtime-worker ThreadId(23) wkmp_ai::api::sse: wkmp-ai\src\api\sse.rs:71: SSE: Broadcasting import event: ImportProgressUpdate
2026-02-06T02:59:17.126358Z DEBUG tokio-runtime-worker ThreadId(23) wkmp_ai::api::sse: wkmp-ai\src\api\sse.rs:71: SSE: Broadcasting import event: ImportProgressUpdate
2026-02-06T02:59:17.126566Z DEBUG tokio-runtime-worker ThreadId(23) wkmp_ai::api::sse: wkmp-ai\src\api\sse.rs:71: SSE: Broadcasting import event: ImportProgressUpdate
2026-02-06T02:59:17.126689Z DEBUG tokio-runtime-worker ThreadId(23) wkmp_ai::api::sse: wkmp-ai\src\api\sse.rs:71: SSE: Broadcasting import event: ImportProgressUpdate
2026-02-06T02:59:17.126895Z DEBUG tokio-runtime-worker ThreadId(23) wkmp_ai::api::sse: wkmp-ai\src\api\sse.rs:71: SSE: Broadcasting import event: ImportProgressUpdate
2026-02-06T02:59:17.127016Z DEBUG tokio-runtime-worker ThreadId(23) wkmp_ai::api::sse: wkmp-ai\src\api\sse.rs:71: SSE: Broadcasting import event: ImportProgressUpdate
2026-02-06T02:59:17.127224Z DEBUG tokio-runtime-worker ThreadId(23) wkmp_ai::api::sse: wkmp-ai\src\api\sse.rs:71: SSE: Broadcasting import event: ImportProgressUpdate
2026-02-06T02:59:17.127346Z DEBUG tokio-runtime-worker ThreadId(23) wkmp_ai::api::sse: wkmp-ai\src\api\sse.rs:71: SSE: Broadcasting import event: ImportProgressUpdate
2026-02-06T02:59:17.127762Z DEBUG tokio-runtime-worker ThreadId(23) wkmp_ai::api::sse: wkmp-ai\src\api\sse.rs:71: SSE: Broadcasting import event: ImportProgressUpdate
2026-02-06T02:59:17.128102Z DEBUG tokio-runtime-worker ThreadId(23) wkmp_ai::api::sse: wkmp-ai\src\api\sse.rs:71: SSE: Broadcasting import event: ImportProgressUpdate
2026-02-06T02:59:17.128435Z DEBUG tokio-runtime-worker ThreadId(23) wkmp_ai::api::sse: wkmp-ai\src\api\sse.rs:71: SSE: Broadcasting import event: ImportProgressUpdate
2026-02-06T02:59:17.129100Z DEBUG tokio-runtime-worker ThreadId(23) wkmp_ai::api::sse: wkmp-ai\src\api\sse.rs:71: SSE: Broadcasting import event: ImportProgressUpdate
2026-02-06T02:59:17.130077Z DEBUG tokio-runtime-worker ThreadId(23) wkmp_ai::api::sse: wkmp-ai\src\api\sse.rs:71: SSE: Broadcasting import event: ImportProgressUpdate
2026-02-06T02:59:17.130371Z DEBUG tokio-runtime-worker ThreadId(23) wkmp_ai::api::sse: wkmp-ai\src\api\sse.rs:71: SSE: Broadcasting import event: ImportProgressUpdate
2026-02-06T02:59:17.131051Z DEBUG tokio-runtime-worker ThreadId(23) wkmp_ai::api::sse: wkmp-ai\src\api\sse.rs:71: SSE: Broadcasting import event: ImportProgressUpdate
2026-02-06T02:59:17.131342Z DEBUG tokio-runtime-worker ThreadId(23) wkmp_ai::api::sse: wkmp-ai\src\api\sse.rs:71: SSE: Broadcasting import event: ImportProgressUpdate
2026-02-06T02:59:17.131799Z DEBUG tokio-runtime-worker ThreadId(23) wkmp_ai::api::sse: wkmp-ai\src\api\sse.rs:71: SSE: Broadcasting import event: ImportProgressUpdate
2026-02-06T02:59:17.132249Z DEBUG tokio-runtime-worker ThreadId(23) wkmp_ai::api::sse: wkmp-ai\src\api\sse.rs:71: SSE: Broadcasting import event: ImportProgressUpdate
2026-02-06T02:59:17.132810Z DEBUG tokio-runtime-worker ThreadId(23) wkmp_ai::api::sse: wkmp-ai\src\api\sse.rs:71: SSE: Broadcasting import event: ImportProgressUpdate
2026-02-06T02:59:17.133278Z DEBUG tokio-runtime-worker ThreadId(23) wkmp_ai::api::sse: wkmp-ai\src\api\sse.rs:71: SSE: Broadcasting import event: ImportProgressUpdate
2026-02-06T02:59:17.133913Z DEBUG tokio-runtime-worker ThreadId(23) wkmp_ai::api::sse: wkmp-ai\src\api\sse.rs:71: SSE: Broadcasting import event: ImportProgressUpdate
2026-02-06T02:59:17.134282Z DEBUG tokio-runtime-worker ThreadId(23) wkmp_ai::api::sse: wkmp-ai\src\api\sse.rs:71: SSE: Broadcasting import event: ImportProgressUpdate
2026-02-06T02:59:17.134694Z DEBUG tokio-runtime-worker ThreadId(23) wkmp_ai::api::sse: wkmp-ai\src\api\sse.rs:71: SSE: Broadcasting import event: ImportProgressUpdate
2026-02-06T02:59:17.134957Z DEBUG tokio-runtime-worker ThreadId(23) wkmp_ai::api::sse: wkmp-ai\src\api\sse.rs:71: SSE: Broadcasting import event: ImportProgressUpdate
2026-02-06T02:59:17.135468Z DEBUG tokio-runtime-worker ThreadId(23) wkmp_ai::api::sse: wkmp-ai\src\api\sse.rs:71: SSE: Broadcasting import event: ImportProgressUpdate
2026-02-06T02:59:17.135941Z DEBUG tokio-runtime-worker ThreadId(23) wkmp_ai::api::sse: wkmp-ai\src\api\sse.rs:71: SSE: Broadcasting import event: ImportProgressUpdate
2026-02-06T02:59:17.136323Z DEBUG tokio-runtime-worker ThreadId(23) wkmp_ai::api::sse: wkmp-ai\src\api\sse.rs:71: SSE: Broadcasting import event: ImportProgressUpdate
2026-02-06T02:59:17.136706Z DEBUG tokio-runtime-worker ThreadId(23) wkmp_ai::api::sse: wkmp-ai\src\api\sse.rs:71: SSE: Broadcasting import event: ImportProgressUpdate
2026-02-06T02:59:17.137202Z DEBUG tokio-runtime-worker ThreadId(23) wkmp_ai::api::sse: wkmp-ai\src\api\sse.rs:71: SSE: Broadcasting import event: ImportProgressUpdate
2026-02-06T02:59:17.137702Z DEBUG tokio-runtime-worker ThreadId(23) wkmp_ai::api::sse: wkmp-ai\src\api\sse.rs:71: SSE: Broadcasting import event: ImportProgressUpdate
2026-02-06T02:59:17.138075Z DEBUG tokio-runtime-worker ThreadId(23) wkmp_ai::api::sse: wkmp-ai\src\api\sse.rs:71: SSE: Broadcasting import event: ImportProgressUpdate
2026-02-06T02:59:17.138410Z DEBUG tokio-runtime-worker ThreadId(23) wkmp_ai::api::sse: wkmp-ai\src\api\sse.rs:71: SSE: Broadcasting import event: ImportProgressUpdate
2026-02-06T02:59:17.138854Z DEBUG tokio-runtime-worker ThreadId(23) wkmp_ai::api::sse: wkmp-ai\src\api\sse.rs:71: SSE: Broadcasting import event: ImportProgressUpdate
2026-02-06T02:59:17.139291Z DEBUG tokio-runtime-worker ThreadId(23) wkmp_ai::api::sse: wkmp-ai\src\api\sse.rs:71: SSE: Broadcasting import event: ImportProgressUpdate
2026-02-06T02:59:17.139627Z DEBUG tokio-runtime-worker ThreadId(23) wkmp_ai::api::sse: wkmp-ai\src\api\sse.rs:71: SSE: Broadcasting import event: ImportProgressUpdate
2026-02-06T02:59:17.139912Z DEBUG tokio-runtime-worker ThreadId(23) wkmp_ai::api::sse: wkmp-ai\src\api\sse.rs:71: SSE: Broadcasting import event: ImportProgressUpdate
2026-02-06T02:59:17.140313Z DEBUG tokio-runtime-worker ThreadId(23) wkmp_ai::api::sse: wkmp-ai\src\api\sse.rs:71: SSE: Broadcasting import event: ImportProgressUpdate
2026-02-06T02:59:17.140685Z DEBUG tokio-runtime-worker ThreadId(23) wkmp_ai::api::sse: wkmp-ai\src\api\sse.rs:71: SSE: Broadcasting import event: ImportProgressUpdate
2026-02-06T02:59:17.141455Z DEBUG tokio-runtime-worker ThreadId(23) wkmp_ai::api::sse: wkmp-ai\src\api\sse.rs:71: SSE: Broadcasting import event: ImportProgressUpdate
2026-02-06T02:59:17.141966Z DEBUG tokio-runtime-worker ThreadId(23) wkmp_ai::api::sse: wkmp-ai\src\api\sse.rs:71: SSE: Broadcasting import event: ImportProgressUpdate
2026-02-06T02:59:17.142403Z DEBUG tokio-runtime-worker ThreadId(23) wkmp_ai::api::sse: wkmp-ai\src\api\sse.rs:71: SSE: Broadcasting import event: ImportProgressUpdate
2026-02-06T02:59:17.212732Z DEBUG tokio-runtime-worker ThreadId(23) wkmp_ai::services::filename_matcher: wkmp-ai\src\services\filename_matcher.rs:65: Database query completed path=4 Non Blondes/Bigger,_Better,_Faster,_More/(4_Non_Blondes)Bigger,_Better,_Faster,_More-01-Train_.mp3 query_us=91594
2026-02-06T02:59:17.213650Z DEBUG tokio-runtime-worker ThreadId(23) wkmp_ai::services::filename_matcher: wkmp-ai\src\services\filename_matcher.rs:81: File already processed (INGEST COMPLETE) path=4 Non Blondes/Bigger,_Better,_Faster,_More/(4_Non_Blondes)Bigger,_Better,_Faster,_More-01-Train_.mp3 guid=14cecdde-75b1-43b5-a5a8-6316820829b4
2026-02-06T02:59:17.214263Z  INFO tokio-runtime-worker ThreadId(23) wkmp_ai::services::workflow_orchestrator: wkmp-ai\src\services\workflow_orchestrator\mod.rs:1756: Phase 1 completed phase="Filename Matching" duration_ms=93 path_us=0 db_ms=93 file_index=15
2026-02-06T02:59:17.214859Z  INFO tokio-runtime-worker ThreadId(23) wkmp_ai::services::workflow_orchestrator: wkmp-ai\src\services\workflow_orchestrator\mod.rs:1770: File already processed (INGEST COMPLETE/NO AUDIO/DUPLICATE HASH), skipping all remaining phases file="C:\\Users\\Mango Cat\\Music\\4 Non Blondes/Bigger,_Better,_Faster,_More/(4_Non_Blondes)Bigger,_Better,_Faster,_More-01-Train_.mp3" file_id=14cecdde-75b1-43b5-a5a8-6316820829b4
2026-02-06T02:59:17.215474Z DEBUG tokio-runtime-worker ThreadId(23) wkmp_ai::services::workflow_orchestrator: wkmp-ai\src\services\workflow_orchestrator\mod.rs:2936: File processing complete session_id=e6293ba0-b57f-441f-a6ea-884d33b9111b file_index=15 file=4 Non Blondes/Bigger,_Better,_Faster,_More/(4_Non_Blondes)Bigger,_Better,_Faster,_More-01-Train_.mp3
2026-02-06T02:59:17.215822Z DEBUG tokio-runtime-worker ThreadId(23) wkmp_ai::services::workflow_orchestrator: wkmp-ai\src\services\workflow_orchestrator\mod.rs:1438: Acquiring all statistics Mutex locks for SSE conversion
2026-02-06T02:59:17.215983Z DEBUG tokio-runtime-worker ThreadId(23) wkmp_ai::services::workflow_orchestrator: wkmp-ai\src\services\workflow_orchestrator\mod.rs:1467: All statistics Mutex locks acquired and data cloned
2026-02-06T02:59:17.216421Z DEBUG tokio-runtime-worker ThreadId(23) wkmp_ai::services::workflow_orchestrator: wkmp-ai\src\services\workflow_orchestrator\mod.rs:1577: Releasing all statistics Mutex locks for SSE conversion
2026-02-06T02:59:17.216831Z DEBUG tokio-runtime-worker ThreadId(23) wkmp_ai::services::filename_matcher: wkmp-ai\src\services\filename_matcher.rs:65: Database query completed path=10,000_Maniacs/MTV_Unplugged/13-Stockton_Gala_Days.mp3 query_us=97425
2026-02-06T02:59:17.217172Z DEBUG tokio-runtime-worker ThreadId(23) wkmp_ai::services::filename_matcher: wkmp-ai\src\services\filename_matcher.rs:81: File already processed (INGEST COMPLETE) path=10,000_Maniacs/MTV_Unplugged/13-Stockton_Gala_Days.mp3 guid=358785d6-9b90-436f-b6fa-5ea771541ca1
2026-02-06T02:59:17.217436Z  INFO tokio-runtime-worker ThreadId(23) wkmp_ai::services::workflow_orchestrator: wkmp-ai\src\services\workflow_orchestrator\mod.rs:1756: Phase 1 completed phase="Filename Matching" duration_ms=98 path_us=1 db_ms=98 file_index=12
2026-02-06T02:59:17.217601Z  INFO tokio-runtime-worker ThreadId(23) wkmp_ai::services::workflow_orchestrator: wkmp-ai\src\services\workflow_orchestrator\mod.rs:1770: File already processed (INGEST COMPLETE/NO AUDIO/DUPLICATE HASH), skipping all remaining phases file="C:\\Users\\Mango Cat\\Music\\10,000_Maniacs/MTV_Unplugged/13-Stockton_Gala_Days.mp3" file_id=358785d6-9b90-436f-b6fa-5ea771541ca1
2026-02-06T02:59:17.217769Z DEBUG tokio-runtime-worker ThreadId(23) wkmp_ai::services::workflow_orchestrator: wkmp-ai\src\services\workflow_orchestrator\mod.rs:2936: File processing complete session_id=e6293ba0-b57f-441f-a6ea-884d33b9111b file_index=12 file=10,000_Maniacs/MTV_Unplugged/13-Stockton_Gala_Days.mp3
2026-02-06T02:59:17.217933Z DEBUG tokio-runtime-worker ThreadId(23) wkmp_ai::services::workflow_orchestrator: wkmp-ai\src\services\workflow_orchestrator\mod.rs:1438: Acquiring all statistics Mutex locks for SSE conversion
2026-02-06T02:59:17.218058Z DEBUG tokio-runtime-worker ThreadId(23) wkmp_ai::services::workflow_orchestrator: wkmp-ai\src\services\workflow_orchestrator\mod.rs:1467: All statistics Mutex locks acquired and data cloned
2026-02-06T02:59:17.218204Z DEBUG tokio-runtime-worker ThreadId(23) wkmp_ai::services::workflow_orchestrator: wkmp-ai\src\services\workflow_orchestrator\mod.rs:1577: Releasing all statistics Mutex locks for SSE conversion
2026-02-06T02:59:17.218374Z DEBUG tokio-runtime-worker ThreadId(23) wkmp_ai::services::filename_matcher: wkmp-ai\src\services\filename_matcher.rs:65: Database query completed path=4 Non Blondes/Bigger,_Better,_Faster,_More/(4_Non_Blondes)Bigger,_Better,_Faster,_More-05-Morphine_&_Chocolate.mp3 query_us=95353
2026-02-06T02:59:17.218508Z DEBUG tokio-runtime-worker ThreadId(23) wkmp_ai::services::filename_matcher: wkmp-ai\src\services\filename_matcher.rs:81: File already processed (INGEST COMPLETE) path=4 Non Blondes/Bigger,_Better,_Faster,_More/(4_Non_Blondes)Bigger,_Better,_Faster,_More-05-Morphine_&_Chocolate.mp3 guid=6e58e1dd-74a4-4e97-9840-4a789d6306e5
2026-02-06T02:59:17.218640Z  INFO tokio-runtime-worker ThreadId(23) wkmp_ai::services::workflow_orchestrator: wkmp-ai\src\services\workflow_orchestrator\mod.rs:1756: Phase 1 completed phase="Filename Matching" duration_ms=95 path_us=0 db_ms=95 file_index=19
2026-02-06T02:59:17.218779Z  INFO tokio-runtime-worker ThreadId(23) wkmp_ai::services::workflow_orchestrator: wkmp-ai\src\services\workflow_orchestrator\mod.rs:1770: File already processed (INGEST COMPLETE/NO AUDIO/DUPLICATE HASH), skipping all remaining phases file="C:\\Users\\Mango Cat\\Music\\4 Non Blondes/Bigger,_Better,_Faster,_More/(4_Non_Blondes)Bigger,_Better,_Faster,_More-05-Morphine_&_Chocolate.mp3" file_id=6e58e1dd-74a4-4e97-9840-4a789d6306e5
2026-02-06T02:59:17.218936Z DEBUG tokio-runtime-worker ThreadId(23) wkmp_ai::services::workflow_orchestrator: wkmp-ai\src\services\workflow_orchestrator\mod.rs:2936: File processing complete session_id=e6293ba0-b57f-441f-a6ea-884d33b9111b file_index=19 file=4 Non Blondes/Bigger,_Better,_Faster,_More/(4_Non_Blondes)Bigger,_Better,_Faster,_More-05-Morphine_&_Chocolate.mp3
2026-02-06T02:59:17.219081Z DEBUG tokio-runtime-worker ThreadId(23) wkmp_ai::services::workflow_orchestrator: wkmp-ai\src\services\workflow_orchestrator\mod.rs:1438: Acquiring all statistics Mutex locks for SSE conversion
2026-02-06T02:59:17.219194Z DEBUG tokio-runtime-worker ThreadId(23) wkmp_ai::services::workflow_orchestrator: wkmp-ai\src\services\workflow_orchestrator\mod.rs:1467: All statistics Mutex locks acquired and data cloned
2026-02-06T02:59:17.219330Z DEBUG tokio-runtime-worker ThreadId(23) wkmp_ai::services::workflow_orchestrator: wkmp-ai\src\services\workflow_orchestrator\mod.rs:1577: Releasing all statistics Mutex locks for SSE conversion
2026-02-06T02:59:17.219481Z DEBUG tokio-runtime-worker ThreadId(23) wkmp_ai::services::filename_matcher: wkmp-ai\src\services\filename_matcher.rs:65: Database query completed path=4 Non Blondes/Bigger,_Better,_Faster,_More/(4_Non_Blondes)Bigger,_Better,_Faster,_More-08-Calling_All_The_People.mp3 query_us=95210
2026-02-06T02:59:17.219614Z DEBUG tokio-runtime-worker ThreadId(23) wkmp_ai::services::filename_matcher: wkmp-ai\src\services\filename_matcher.rs:81: File already processed (INGEST COMPLETE) path=4 Non Blondes/Bigger,_Better,_Faster,_More/(4_Non_Blondes)Bigger,_Better,_Faster,_More-08-Calling_All_The_People.mp3 guid=91571a2e-a1ad-4506-a3cc-a60f9736934b
2026-02-06T02:59:17.219743Z  INFO tokio-runtime-worker ThreadId(23) wkmp_ai::services::workflow_orchestrator: wkmp-ai\src\services\workflow_orchestrator\mod.rs:1756: Phase 1 completed phase="Filename Matching" duration_ms=95 path_us=0 db_ms=95 file_index=22
2026-02-06T02:59:17.219881Z  INFO tokio-runtime-worker ThreadId(23) wkmp_ai::services::workflow_orchestrator: wkmp-ai\src\services\workflow_orchestrator\mod.rs:1770: File already processed (INGEST COMPLETE/NO AUDIO/DUPLICATE HASH), skipping all remaining phases file="C:\\Users\\Mango Cat\\Music\\4 Non Blondes/Bigger,_Better,_Faster,_More/(4_Non_Blondes)Bigger,_Better,_Faster,_More-08-Calling_All_The_People.mp3" file_id=91571a2e-a1ad-4506-a3cc-a60f9736934b
2026-02-06T02:59:17.220038Z DEBUG tokio-runtime-worker ThreadId(23) wkmp_ai::services::workflow_orchestrator: wkmp-ai\src\services\workflow_orchestrator\mod.rs:2936: File processing complete session_id=e6293ba0-b57f-441f-a6ea-884d33b9111b file_index=22 file=4 Non Blondes/Bigger,_Better,_Faster,_More/(4_Non_Blondes)Bigger,_Better,_Faster,_More-08-Calling_All_The_People.mp3
2026-02-06T02:59:17.220183Z DEBUG tokio-runtime-worker ThreadId(23) wkmp_ai::services::workflow_orchestrator: wkmp-ai\src\services\workflow_orchestrator\mod.rs:1438: Acquiring all statistics Mutex locks for SSE conversion
2026-02-06T02:59:17.220296Z DEBUG tokio-runtime-worker ThreadId(23) wkmp_ai::services::workflow_orchestrator: wkmp-ai\src\services\workflow_orchestrator\mod.rs:1467: All statistics Mutex locks acquired and data cloned
2026-02-06T02:59:17.220427Z DEBUG tokio-runtime-worker ThreadId(23) wkmp_ai::services::workflow_orchestrator: wkmp-ai\src\services\workflow_orchestrator\mod.rs:1577: Releasing all statistics Mutex locks for SSE conversion
2026-02-06T02:59:17.220577Z DEBUG tokio-runtime-worker ThreadId(23) wkmp_ai::services::filename_matcher: wkmp-ai\src\services\filename_matcher.rs:65: Database query completed path=4 Non Blondes/Bigger,_Better,_Faster,_More/(4_Non_Blondes)Bigger,_Better,_Faster,_More-02-Superfly_.mp3 query_us=98928
2026-02-06T02:59:17.220708Z DEBUG tokio-runtime-worker ThreadId(23) wkmp_ai::services::filename_matcher: wkmp-ai\src\services\filename_matcher.rs:81: File already processed (INGEST COMPLETE) path=4 Non Blondes/Bigger,_Better,_Faster,_More/(4_Non_Blondes)Bigger,_Better,_Faster,_More-02-Superfly_.mp3 guid=b46287e4-4dd1-4d32-a0c3-e278a5e3942f
2026-02-06T02:59:17.220837Z  INFO tokio-runtime-worker ThreadId(23) wkmp_ai::services::workflow_orchestrator: wkmp-ai\src\services\workflow_orchestrator\mod.rs:1756: Phase 1 completed phase="Filename Matching" duration_ms=99 path_us=0 db_ms=99 file_index=16
2026-02-06T02:59:17.220975Z  INFO tokio-runtime-worker ThreadId(23) wkmp_ai::services::workflow_orchestrator: wkmp-ai\src\services\workflow_orchestrator\mod.rs:1770: File already processed (INGEST COMPLETE/NO AUDIO/DUPLICATE HASH), skipping all remaining phases file="C:\\Users\\Mango Cat\\Music\\4 Non Blondes/Bigger,_Better,_Faster,_More/(4_Non_Blondes)Bigger,_Better,_Faster,_More-02-Superfly_.mp3" file_id=b46287e4-4dd1-4d32-a0c3-e278a5e3942f
2026-02-06T02:59:17.221121Z DEBUG tokio-runtime-worker ThreadId(23) wkmp_ai::services::workflow_orchestrator: wkmp-ai\src\services\workflow_orchestrator\mod.rs:2936: File processing complete session_id=e6293ba0-b57f-441f-a6ea-884d33b9111b file_index=16 file=4 Non Blondes/Bigger,_Better,_Faster,_More/(4_Non_Blondes)Bigger,_Better,_Faster,_More-02-Superfly_.mp3
2026-02-06T02:59:17.221266Z DEBUG tokio-runtime-worker ThreadId(23) wkmp_ai::services::workflow_orchestrator: wkmp-ai\src\services\workflow_orchestrator\mod.rs:1438: Acquiring all statistics Mutex locks for SSE conversion
2026-02-06T02:59:17.221381Z DEBUG tokio-runtime-worker ThreadId(23) wkmp_ai::services::workflow_orchestrator: wkmp-ai\src\services\workflow_orchestrator\mod.rs:1467: All statistics Mutex locks acquired and data cloned
2026-02-06T02:59:17.221516Z DEBUG tokio-runtime-worker ThreadId(23) wkmp_ai::services::workflow_orchestrator: wkmp-ai\src\services\workflow_orchestrator\mod.rs:1577: Releasing all statistics Mutex locks for SSE conversion
2026-02-06T02:59:17.221767Z DEBUG tokio-runtime-worker ThreadId(23) wkmp_ai::services::filename_matcher: wkmp-ai\src\services\filename_matcher.rs:65: Database query completed path=4 Non Blondes/Bigger,_Better,_Faster,_More/(4_Non_Blondes)Bigger,_Better,_Faster,_More-04-Pleasantly_Blue_.mp3 query_us=99158
2026-02-06T02:59:17.221988Z DEBUG tokio-runtime-worker ThreadId(23) wkmp_ai::services::filename_matcher: wkmp-ai\src\services\filename_matcher.rs:81: File already processed (INGEST COMPLETE) path=4 Non Blondes/Bigger,_Better,_Faster,_More/(4_Non_Blondes)Bigger,_Better,_Faster,_More-04-Pleasantly_Blue_.mp3 guid=92c36f49-e206-4316-8cd3-5928568381f1
2026-02-06T02:59:17.222193Z  INFO tokio-runtime-worker ThreadId(23) wkmp_ai::services::workflow_orchestrator: wkmp-ai\src\services\workflow_orchestrator\mod.rs:1756: Phase 1 completed phase="Filename Matching" duration_ms=99 path_us=0 db_ms=99 file_index=18
2026-02-06T02:59:17.222405Z  INFO tokio-runtime-worker ThreadId(23) wkmp_ai::services::workflow_orchestrator: wkmp-ai\src\services\workflow_orchestrator\mod.rs:1770: File already processed (INGEST COMPLETE/NO AUDIO/DUPLICATE HASH), skipping all remaining phases file="C:\\Users\\Mango Cat\\Music\\4 Non Blondes/Bigger,_Better,_Faster,_More/(4_Non_Blondes)Bigger,_Better,_Faster,_More-04-Pleasantly_Blue_.mp3" file_id=92c36f49-e206-4316-8cd3-5928568381f1
2026-02-06T02:59:17.222649Z DEBUG tokio-runtime-worker ThreadId(23) wkmp_ai::services::workflow_orchestrator: wkmp-ai\src\services\workflow_orchestrator\mod.rs:2936: File processing complete session_id=e6293ba0-b57f-441f-a6ea-884d33b9111b file_index=18 file=4 Non Blondes/Bigger,_Better,_Faster,_More/(4_Non_Blondes)Bigger,_Better,_Faster,_More-04-Pleasantly_Blue_.mp3
2026-02-06T02:59:17.222872Z DEBUG tokio-runtime-worker ThreadId(23) wkmp_ai::services::workflow_orchestrator: wkmp-ai\src\services\workflow_orchestrator\mod.rs:1438: Acquiring all statistics Mutex locks for SSE conversion
2026-02-06T02:59:17.223057Z DEBUG tokio-runtime-worker ThreadId(23) wkmp_ai::services::workflow_orchestrator: wkmp-ai\src\services\workflow_orchestrator\mod.rs:1467: All statistics Mutex locks acquired and data cloned
2026-02-06T02:59:17.223263Z DEBUG tokio-runtime-worker ThreadId(23) wkmp_ai::services::workflow_orchestrator: wkmp-ai\src\services\workflow_orchestrator\mod.rs:1577: Releasing all statistics Mutex locks for SSE conversion
2026-02-06T02:59:17.223494Z DEBUG tokio-runtime-worker ThreadId(23) wkmp_ai::services::filename_matcher: wkmp-ai\src\services\filename_matcher.rs:65: Database query completed path=4 Non Blondes/Bigger,_Better,_Faster,_More/(4_Non_Blondes)Bigger,_Better,_Faster,_More-03-What's_Up_.mp3 query_us=101308
2026-02-06T02:59:17.223834Z DEBUG tokio-runtime-worker ThreadId(23) wkmp_ai::services::filename_matcher: wkmp-ai\src\services\filename_matcher.rs:81: File already processed (INGEST COMPLETE) path=4 Non Blondes/Bigger,_Better,_Faster,_More/(4_Non_Blondes)Bigger,_Better,_Faster,_More-03-What's_Up_.mp3 guid=6d834e79-1038-4d41-b371-3bb9a31ed408
2026-02-06T02:59:17.224107Z  INFO tokio-runtime-worker ThreadId(23) wkmp_ai::services::workflow_orchestrator: wkmp-ai\src\services\workflow_orchestrator\mod.rs:1756: Phase 1 completed phase="Filename Matching" duration_ms=102
 path_us=0 db_ms=102 file_index=17
2026-02-06T02:59:17.224383Z  INFO tokio-runtime-worker ThreadId(23) wkmp_ai::services::workflow_orchestrator: wkmp-ai\src\services\workflow_orchestrator\mod.rs:1770: File already processed (INGEST COMPLETE/NO AUDIO/DUPLICATE HASH), skipping all remaining phases file="C:\\Users\\Mango Cat\\Music\\4 Non Blondes/Bigger,_Better,_Faster,_More/(4_Non_Blondes)Bigger,_Better,_Faster,_More-03-What\'s_Up_.mp3" file_id=6d834e79-1038-4d41-b371-3bb9a31ed408
2026-02-06T02:59:17.224676Z DEBUG tokio-runtime-worker ThreadId(23) wkmp_ai::services::workflow_orchestrator: wkmp-ai\src\services\workflow_orchestrator\mod.rs:2936: File processing complete session_id=e6293ba0-b57f-441f-a6ea-884d33b9111b file_index=17 file=4 Non Blondes/Bigger,_Better,_Faster,_More/(4_Non_Blondes)Bigger,_Better,_Faster,_More-03-What's_Up_.mp3
2026-02-06T02:59:17.224911Z DEBUG tokio-runtime-worker ThreadId(23) wkmp_ai::services::workflow_orchestrator: wkmp-ai\src\services\workflow_orchestrator\mod.rs:1438: Acquiring all statistics Mutex locks for SSE conversion
2026-02-06T02:59:17.225110Z DEBUG tokio-runtime-worker ThreadId(23) wkmp_ai::services::workflow_orchestrator: wkmp-ai\src\services\workflow_orchestrator\mod.rs:1467: All statistics Mutex locks acquired and data cloned
2026-02-06T02:59:17.225322Z DEBUG tokio-runtime-worker ThreadId(23) wkmp_ai::services::workflow_orchestrator: wkmp-ai\src\services\workflow_orchestrator\mod.rs:1577: Releasing all statistics Mutex locks for SSE conversion
2026-02-06T02:59:17.225548Z DEBUG tokio-runtime-worker ThreadId(23) wkmp_ai::services::filename_matcher: wkmp-ai\src\services\filename_matcher.rs:65: Database query completed path=10,000_Maniacs/MTV_Unplugged/14-Noah's_Dove.mp3 query_us=105546
2026-02-06T02:59:17.225766Z DEBUG tokio-runtime-worker ThreadId(23) wkmp_ai::services::filename_matcher: wkmp-ai\src\services\filename_matcher.rs:81: File already processed (INGEST COMPLETE) path=10,000_Maniacs/MTV_Unplugged/14-Noah's_Dove.mp3 guid=54a73214-4532-44b4-9bba-02169b2ac758
2026-02-06T02:59:17.225971Z  INFO tokio-runtime-worker ThreadId(23) wkmp_ai::services::workflow_orchestrator: wkmp-ai\src\services\workflow_orchestrator\mod.rs:1756: Phase 1 completed phase="Filename Matching" duration_ms=106
 path_us=0 db_ms=106 file_index=13
2026-02-06T02:59:17.226186Z  INFO tokio-runtime-worker ThreadId(23) wkmp_ai::services::workflow_orchestrator: wkmp-ai\src\services\workflow_orchestrator\mod.rs:1770: File already processed (INGEST COMPLETE/NO AUDIO/DUPLICATE HASH), skipping all remaining phases file="C:\\Users\\Mango Cat\\Music\\10,000_Maniacs/MTV_Unplugged/14-Noah\'s_Dove.mp3" file_id=54a73214-4532-44b4-9bba-02169b2ac758
2026-02-06T02:59:17.226403Z DEBUG tokio-runtime-worker ThreadId(23) wkmp_ai::services::workflow_orchestrator: wkmp-ai\src\services\workflow_orchestrator\mod.rs:2936: File processing complete session_id=e6293ba0-b57f-441f-a6ea-884d33b9111b file_index=13 file=10,000_Maniacs/MTV_Unplugged/14-Noah's_Dove.mp3
2026-02-06T02:59:17.234469Z DEBUG tokio-runtime-worker ThreadId(23) wkmp_ai::services::workflow_orchestrator: wkmp-ai\src\services\workflow_orchestrator\mod.rs:1438: Acquiring all statistics Mutex locks for SSE conversion
2026-02-06T02:59:17.234699Z DEBUG tokio-runtime-worker ThreadId(23) wkmp_ai::services::workflow_orchestrator: wkmp-ai\src\services\workflow_orchestrator\mod.rs:1467: All statistics Mutex locks acquired and data cloned
2026-02-06T02:59:17.235090Z DEBUG tokio-runtime-worker ThreadId(23) wkmp_ai::services::workflow_orchestrator: wkmp-ai\src\services\workflow_orchestrator\mod.rs:1577: Releasing all statistics Mutex locks for SSE conversion
2026-02-06T02:59:17.235626Z DEBUG tokio-runtime-worker ThreadId(23) wkmp_ai::services::filename_matcher: wkmp-ai\src\services\filename_matcher.rs:65: Database query completed path=4 Non Blondes/Bigger,_Better,_Faster,_More/(4_Non_Blondes)Bigger,_Better,_Faster,_More-07-Old_Mr._Heffer.mp3 query_us=111770
2026-02-06T02:59:17.235942Z DEBUG tokio-runtime-worker ThreadId(23) wkmp_ai::services::filename_matcher: wkmp-ai\src\services\filename_matcher.rs:81: File already processed (INGEST COMPLETE) path=4 Non Blondes/Bigger,_Better,_Faster,_More/(4_Non_Blondes)Bigger,_Better,_Faster,_More-07-Old_Mr._Heffer.mp3 guid=2790ed2c-23bd-409a-870e-d491b2b1f075
2026-02-06T02:59:17.236568Z  INFO tokio-runtime-worker ThreadId(23) wkmp_ai::services::workflow_orchestrator: wkmp-ai\src\services\workflow_orchestrator\mod.rs:1756: Phase 1 completed phase="Filename Matching" duration_ms=112
 path_us=0 db_ms=112 file_index=21
2026-02-06T02:59:17.237278Z  INFO tokio-runtime-worker ThreadId(23) wkmp_ai::services::workflow_orchestrator: wkmp-ai\src\services\workflow_orchestrator\mod.rs:1770: File already processed (INGEST COMPLETE/NO AUDIO/DUPLICATE HASH), skipping all remaining phases file="C:\\Users\\Mango Cat\\Music\\4 Non Blondes/Bigger,_Better,_Faster,_More/(4_Non_Blondes)Bigger,_Better,_Faster,_More-07-Old_Mr._Heffer.mp3" file_id=2790ed2c-23bd-409a-870e-d491b2b1f075
2026-02-06T02:59:17.237995Z DEBUG tokio-runtime-worker ThreadId(23) wkmp_ai::services::workflow_orchestrator: wkmp-ai\src\services\workflow_orchestrator\mod.rs:2936: File processing complete session_id=e6293ba0-b57f-441f-a6ea-884d33b9111b file_index=21 file=4 Non Blondes/Bigger,_Better,_Faster,_More/(4_Non_Blondes)Bigger,_Better,_Faster,_More-07-Old_Mr._Heffer.mp3
2026-02-06T02:59:17.238193Z DEBUG tokio-runtime-worker ThreadId(23) wkmp_ai::services::workflow_orchestrator: wkmp-ai\src\services\workflow_orchestrator\mod.rs:1438: Acquiring all statistics Mutex locks for SSE conversion
2026-02-06T02:59:17.238370Z DEBUG tokio-runtime-worker ThreadId(23) wkmp_ai::services::workflow_orchestrator: wkmp-ai\src\services\workflow_orchestrator\mod.rs:1467: All statistics Mutex locks acquired and data cloned
2026-02-06T02:59:17.238462Z DEBUG tokio-runtime-worker ThreadId(23) wkmp_ai::services::workflow_orchestrator: wkmp-ai\src\services\workflow_orchestrator\mod.rs:1577: Releasing all statistics Mutex locks for SSE conversion
2026-02-06T02:59:17.238646Z DEBUG tokio-runtime-worker ThreadId(23) wkmp_ai::services::filename_matcher: wkmp-ai\src\services\filename_matcher.rs:65: Database query completed path=38 Special/Anthology.mp3 query_us=118053
2026-02-06T02:59:17.238797Z DEBUG tokio-runtime-worker ThreadId(23) wkmp_ai::services::filename_matcher: wkmp-ai\src\services\filename_matcher.rs:88: File exists, reusing fileId path=38 Special/Anthology.mp3 guid=4b6f8417-fe03-4dc3-9bea-ec6596c6156c status=PENDING
2026-02-06T02:59:17.238955Z  INFO tokio-runtime-worker ThreadId(23) wkmp_ai::services::workflow_orchestrator: wkmp-ai\src\services\workflow_orchestrator\mod.rs:1756: Phase 1 completed phase="Filename Matching" duration_ms=118
 path_us=0 db_ms=118 file_index=14
2026-02-06T02:59:17.239132Z DEBUG tokio-runtime-worker ThreadId(23) wkmp_ai::services::workflow_orchestrator: wkmp-ai\src\services\workflow_orchestrator\mod.rs:1778: Reusing existing file record (incomplete processing) file_id=4b6f8417-fe03-4dc3-9bea-ec6596c6156c
2026-02-06T02:59:17.239319Z DEBUG tokio-runtime-worker ThreadId(23) wkmp_ai::services::workflow_orchestrator: wkmp-ai\src\services\workflow_orchestrator\mod.rs:1812: Phase 2: Hash Deduplication file="C:\\Users\\Mango Cat\\Music\\38 Special/Anthology.mp3" file_id=4b6f8417-fe03-4dc3-9bea-ec6596c6156c
2026-02-06T02:59:17.239441Z DEBUG tokio-runtime-worker ThreadId(23) wkmp_ai::services::hash_deduplicator: wkmp-ai\src\services\hash_deduplicator.rs:52: Calculating SHA-256 hash path=C:\Users\Mango Cat\Music\38 Special/Anthology.mp3
2026-02-06T02:59:17.239687Z DEBUG tokio-runtime-worker ThreadId(23) wkmp_ai::services::filename_matcher: wkmp-ai\src\services\filename_matcher.rs:65: Database query completed path=4 Non Blondes/Bigger,_Better,_Faster,_More/(4_Non_Blondes)Bigger,_Better,_Faster,_More-09-Dear_Mr._President.mp3 query_us=115001
2026-02-06T02:59:17.239903Z DEBUG tokio-runtime-worker ThreadId(23) wkmp_ai::services::filename_matcher: wkmp-ai\src\services\filename_matcher.rs:81: File already processed (INGEST COMPLETE) path=4 Non Blondes/Bigger,_Better,_Faster,_More/(4_Non_Blondes)Bigger,_Better,_Faster,_More-09-Dear_Mr._President.mp3 guid=30365188-7ec7-4711-b07f-9cc9b9ee4c70
2026-02-06T02:59:17.239979Z  INFO tokio-runtime-worker ThreadId(23) wkmp_ai::services::workflow_orchestrator: wkmp-ai\src\services\workflow_orchestrator\mod.rs:1756: Phase 1 completed phase="Filename Matching" duration_ms=115
 path_us=0 db_ms=115 file_index=23
2026-02-06T02:59:17.240057Z  INFO tokio-runtime-worker ThreadId(23) wkmp_ai::services::workflow_orchestrator: wkmp-ai\src\services\workflow_orchestrator\mod.rs:1770: File already processed (INGEST COMPLETE/NO AUDIO/DUPLICATE HASH), skipping all remaining phases file="C:\\Users\\Mango Cat\\Music\\4 Non Blondes/Bigger,_Better,_Faster,_More/(4_Non_Blondes)Bigger,_Better,_Faster,_More-09-Dear_Mr._President.mp3" file_id=30365188-7ec7-4711-b07f-9cc9b9ee4c70
2026-02-06T02:59:17.240148Z DEBUG tokio-runtime-worker ThreadId(23) wkmp_ai::services::workflow_orchestrator: wkmp-ai\src\services\workflow_orchestrator\mod.rs:2936: File processing complete session_id=e6293ba0-b57f-441f-a6ea-884d33b9111b file_index=23 file=4 Non Blondes/Bigger,_Better,_Faster,_More/(4_Non_Blondes)Bigger,_Better,_Faster,_More-09-Dear_Mr._President.mp3
2026-02-06T02:59:17.240233Z DEBUG tokio-runtime-worker ThreadId(23) wkmp_ai::services::workflow_orchestrator: wkmp-ai\src\services\workflow_orchestrator\mod.rs:1438: Acquiring all statistics Mutex locks for SSE conversion
2026-02-06T02:59:17.240294Z DEBUG tokio-runtime-worker ThreadId(23) wkmp_ai::services::workflow_orchestrator: wkmp-ai\src\services\workflow_orchestrator\mod.rs:1467: All statistics Mutex locks acquired and data cloned
2026-02-06T02:59:17.240369Z DEBUG tokio-runtime-worker ThreadId(23) wkmp_ai::services::workflow_orchestrator: wkmp-ai\src\services\workflow_orchestrator\mod.rs:1577: Releasing all statistics Mutex locks for SSE conversion
2026-02-06T02:59:17.240453Z DEBUG tokio-runtime-worker ThreadId(23) wkmp_ai::services::filename_matcher: wkmp-ai\src\services\filename_matcher.rs:65: Database query completed path=4 Non Blondes/Bigger,_Better,_Faster,_More/(4_Non_Blondes)Bigger,_Better,_Faster,_More-06-Spaceman.mp3 query_us=117010
2026-02-06T02:59:17.240525Z DEBUG tokio-runtime-worker ThreadId(23) wkmp_ai::services::filename_matcher: wkmp-ai\src\services\filename_matcher.rs:81: File already processed (INGEST COMPLETE) path=4 Non Blondes/Bigger,_Better,_Faster,_More/(4_Non_Blondes)Bigger,_Better,_Faster,_More-06-Spaceman.mp3 guid=9be4ff96-0f16-40fa-8b16-07bad67d1dbe
2026-02-06T02:59:17.240594Z  INFO tokio-runtime-worker ThreadId(23) wkmp_ai::services::workflow_orchestrator: wkmp-ai\src\services\workflow_orchestrator\mod.rs:1756: Phase 1 completed phase="Filename Matching" duration_ms=117
 path_us=0 db_ms=117 file_index=20
2026-02-06T02:59:17.240670Z  INFO tokio-runtime-worker ThreadId(23) wkmp_ai::services::workflow_orchestrator: wkmp-ai\src\services\workflow_orchestrator\mod.rs:1770: File already processed (INGEST COMPLETE/NO AUDIO/DUPLICATE HASH), skipping all remaining phases file="C:\\Users\\Mango Cat\\Music\\4 Non Blondes/Bigger,_Better,_Faster,_More/(4_Non_Blondes)Bigger,_Better,_Faster,_More-06-Spaceman.mp3" file_id=9be4ff96-0f16-40fa-8b16-07bad67d1dbe
2026-02-06T02:59:17.240766Z DEBUG tokio-runtime-worker ThreadId(23) wkmp_ai::services::workflow_orchestrator: wkmp-ai\src\services\workflow_orchestrator\mod.rs:2936: File processing complete session_id=e6293ba0-b57f-441f-a6ea-884d33b9111b file_index=20 file=4 Non Blondes/Bigger,_Better,_Faster,_More/(4_Non_Blondes)Bigger,_Better,_Faster,_More-06-Spaceman.mp3
2026-02-06T02:59:17.240872Z DEBUG tokio-runtime-worker ThreadId(23) wkmp_ai::services::workflow_orchestrator: wkmp-ai\src\services\workflow_orchestrator\mod.rs:1438: Acquiring all statistics Mutex locks for SSE conversion
2026-02-06T02:59:17.240952Z DEBUG tokio-runtime-worker ThreadId(23) wkmp_ai::services::workflow_orchestrator: wkmp-ai\src\services\workflow_orchestrator\mod.rs:1467: All statistics Mutex locks acquired and data cloned
2026-02-06T02:59:17.241048Z DEBUG tokio-runtime-worker ThreadId(23) wkmp_ai::services::workflow_orchestrator: wkmp-ai\src\services\workflow_orchestrator\mod.rs:1577: Releasing all statistics Mutex locks for SSE conversion
2026-02-06T02:59:17.241147Z DEBUG tokio-runtime-worker ThreadId(23) wkmp_ai::services::workflow_orchestrator: wkmp-ai\src\services\workflow_orchestrator\mod.rs:3118: Starting per-file pipeline file_index=24 file_id=64e270c8-8cfe-4189-91a1-fbd48b47979c file=4 Non Blondes/Bigger,_Better,_Faster,_More/(4_Non_Blondes)Bigger,_Better,_Faster,_More-10-Drifting.mp3
2026-02-06T02:59:17.241251Z  INFO tokio-runtime-worker ThreadId(23) wkmp_ai::services::workflow_orchestrator: wkmp-ai\src\services\workflow_orchestrator\mod.rs:1733: Starting PLAN024 10-phase per-file pipeline (late audio decode) file="C:\\Users\\Mango Cat\\Music\\4 Non Blondes/Bigger,_Better,_Faster,_More/(4_Non_Blondes)Bigger,_Better,_Faster,_More-10-Drifting.mp3"
2026-02-06T02:59:17.241367Z DEBUG tokio-runtime-worker ThreadId(23) wkmp_ai::services::workflow_orchestrator: wkmp-ai\src\services\workflow_orchestrator\mod.rs:1742: Phase 1: Filename Matching - START file="C:\\Users\\Mango Cat\\Music\\4 Non Blondes/Bigger,_Better,_Faster,_More/(4_Non_Blondes)Bigger,_Better,_Faster,_More-10-Drifting.mp3"
2026-02-06T02:59:17.241486Z DEBUG tokio-runtime-worker ThreadId(23) wkmp_ai::services::filename_matcher: wkmp-ai\src\services\filename_matcher.rs:54: Checking if file exists in database path=4 Non Blondes/Bigger,_Better,_Faster,_More/(4_Non_Blondes)Bigger,_Better,_Faster,_More-10-Drifting.mp3 norm_us=21
2026-02-06T02:59:17.241780Z DEBUG tokio-runtime-worker ThreadId(23) wkmp_ai::services::workflow_orchestrator: wkmp-ai\src\services\workflow_orchestrator\mod.rs:3118: Starting per-file pipeline file_index=25 file_id=843f35a3-e86d-4a12-ae19-676155729ebb file=4 Non Blondes/Bigger,_Better,_Faster,_More/(4_Non_Blondes)Bigger,_Better,_Faster,_More-11-No_Place_Like_Home.mp3
2026-02-06T02:59:17.241890Z  INFO tokio-runtime-worker ThreadId(23) wkmp_ai::services::workflow_orchestrator: wkmp-ai\src\services\workflow_orchestrator\mod.rs:1733: Starting PLAN024 10-phase per-file pipeline (late audio decode) file="C:\\Users\\Mango Cat\\Music\\4 Non Blondes/Bigger,_Better,_Faster,_More/(4_Non_Blondes)Bigger,_Better,_Faster,_More-11-No_Place_Like_Home.mp3"
2026-02-06T02:59:17.241983Z DEBUG tokio-runtime-worker ThreadId(23) wkmp_ai::services::workflow_orchestrator: wkmp-ai\src\services\workflow_orchestrator\mod.rs:1742: Phase 1: Filename Matching - START file="C:\\Users\\Mango Cat\\Music\\4 Non Blondes/Bigger,_Better,_Faster,_More/(4_Non_Blondes)Bigger,_Better,_Faster,_More-11-No_Place_Like_Home.mp3"
2026-02-06T02:59:17.242058Z DEBUG tokio-runtime-worker ThreadId(23) wkmp_ai::services::filename_matcher: wkmp-ai\src\services\filename_matcher.rs:54: Checking if file exists in database path=4 Non Blondes/Bigger,_Better,_Faster,_More/(4_Non_Blondes)Bigger,_Better,_Faster,_More-11-No_Place_Like_Home.mp3 norm_us=3
2026-02-06T02:59:17.242145Z DEBUG tokio-runtime-worker ThreadId(23) wkmp_ai::services::workflow_orchestrator: wkmp-ai\src\services\workflow_orchestrator\mod.rs:3118: Starting per-file pipeline file_index=26 file_id=fc503973-9646-435f-8101-fe38713c00d8 file=AC-DC/Back in Black/Disc 1 - 1 - Hells Bells.mp3
2026-02-06T02:59:17.242221Z  INFO tokio-runtime-worker ThreadId(23) wkmp_ai::services::workflow_orchestrator: wkmp-ai\src\services\workflow_orchestrator\mod.rs:1733: Starting PLAN024 10-phase per-file pipeline (late audio decode) file="C:\\Users\\Mango Cat\\Music\\AC-DC/Back in Black/Disc 1 - 1 - Hells Bells.mp3"
2026-02-06T02:59:17.242381Z DEBUG tokio-runtime-worker ThreadId(23) wkmp_ai::services::workflow_orchestrator: wkmp-ai\src\services\workflow_orchestrator\mod.rs:1742: Phase 1: Filename Matching - START file="C:\\Users\\Mango Cat\\Music\\AC-DC/Back in Black/Disc 1 - 1 - Hells Bells.mp3"
2026-02-06T02:59:17.242487Z DEBUG tokio-runtime-worker ThreadId(23) wkmp_ai::services::filename_matcher: wkmp-ai\src\services\filename_matcher.rs:54: Checking if file exists in database path=AC-DC/Back in Black/Disc 1 - 1 - Hells Bells.mp3 norm_us=4
2026-02-06T02:59:17.242602Z DEBUG tokio-runtime-worker ThreadId(23) wkmp_ai::services::workflow_orchestrator: wkmp-ai\src\services\workflow_orchestrator\mod.rs:3118: Starting per-file pipeline file_index=27 file_id=78c33984-9d00-402c-ac73-0965c3ba31d2 file=AC-DC/Back in Black/Disc 1 - 10 - Rock and Roll Ain't Noise Pollution.mp3
2026-02-06T02:59:17.242685Z  INFO tokio-runtime-worker ThreadId(23) wkmp_ai::services::workflow_orchestrator: wkmp-ai\src\services\workflow_orchestrator\mod.rs:1733: Starting PLAN024 10-phase per-file pipeline (late audio decode) file="C:\\Users\\Mango Cat\\Music\\AC-DC/Back in Black/Disc 1 - 10 - Rock and Roll Ain\'t Noise Pollution.mp3"
2026-02-06T02:59:17.242765Z DEBUG tokio-runtime-worker ThreadId(23) wkmp_ai::services::workflow_orchestrator: wkmp-ai\src\services\workflow_orchestrator\mod.rs:1742: Phase 1: Filename Matching - START file="C:\\Users\\Mango Cat\\Music\\AC-DC/Back in Black/Disc 1 - 10 - Rock and Roll Ain\'t Noise Pollution.mp3"
2026-02-06T02:59:17.242840Z DEBUG tokio-runtime-worker ThreadId(23) wkmp_ai::services::filename_matcher: wkmp-ai\src\services\filename_matcher.rs:54: Checking if file exists in database path=AC-DC/Back in Black/Disc 1 - 10 - Rock and Roll Ain't Noise Pollution.mp3 norm_us=2
2026-02-06T02:59:17.242928Z DEBUG tokio-runtime-worker ThreadId(23) wkmp_ai::services::workflow_orchestrator: wkmp-ai\src\services\workflow_orchestrator\mod.rs:3118: Starting per-file pipeline file_index=28 file_id=98057a1f-87f2-4e3a-9c19-f06158ba1cb4 file=AC-DC/Back in Black/Disc 1 - 2 - Shoot to Thrill.mp3
2026-02-06T02:59:17.243117Z  INFO tokio-runtime-worker ThreadId(23) wkmp_ai::services::workflow_orchestrator: wkmp-ai\src\services\workflow_orchestrator\mod.rs:1733: Starting PLAN024 10-phase per-file pipeline (late audio decode) file="C:\\Users\\Mango Cat\\Music\\AC-DC/Back in Black/Disc 1 - 2 - Shoot to Thrill.mp3"
2026-02-06T02:59:17.243294Z DEBUG tokio-runtime-worker ThreadId(23) wkmp_ai::services::workflow_orchestrator: wkmp-ai\src\services\workflow_orchestrator\mod.rs:1742: Phase 1: Filename Matching - START file="C:\\Users\\Mango Cat\\Music\\AC-DC/Back in Black/Disc 1 - 2 - Shoot to Thrill.mp3"
2026-02-06T02:59:17.243366Z DEBUG tokio-runtime-worker ThreadId(23) wkmp_ai::services::filename_matcher: wkmp-ai\src\services\filename_matcher.rs:54: Checking if file exists in database path=AC-DC/Back in Black/Disc 1 - 2 - Shoot to Thrill.mp3 norm_us=2
2026-02-06T02:59:17.243454Z DEBUG tokio-runtime-worker ThreadId(23) wkmp_ai::services::workflow_orchestrator: wkmp-ai\src\services\workflow_orchestrator\mod.rs:3118: Starting per-file pipeline file_index=29 file_id=928f44f0-5369-4b97-84c3-b1af72adfcdb file=AC-DC/Back in Black/Disc 1 - 3 - What Do You Do for Money Honey.mp3
2026-02-06T02:59:17.243550Z  INFO tokio-runtime-worker ThreadId(23) wkmp_ai::services::workflow_orchestrator: wkmp-ai\src\services\workflow_orchestrator\mod.rs:1733: Starting PLAN024 10-phase per-file pipeline (late audio decode) file="C:\\Users\\Mango Cat\\Music\\AC-DC/Back in Black/Disc 1 - 3 - What Do You Do for Money Honey.mp3"
2026-02-06T02:59:17.243640Z DEBUG tokio-runtime-worker ThreadId(23) wkmp_ai::services::workflow_orchestrator: wkmp-ai\src\services\workflow_orchestrator\mod.rs:1742: Phase 1: Filename Matching - START file="C:\\Users\\Mango Cat\\Music\\AC-DC/Back in Black/Disc 1 - 3 - What Do You Do for Money Honey.mp3"
2026-02-06T02:59:17.243713Z DEBUG tokio-runtime-worker ThreadId(23) wkmp_ai::services::filename_matcher: wkmp-ai\src\services\filename_matcher.rs:54: Checking if file exists in database path=AC-DC/Back in Black/Disc 1 - 3 - What Do You Do for Money Honey.mp3 norm_us=2
2026-02-06T02:59:17.243801Z DEBUG tokio-runtime-worker ThreadId(23) wkmp_ai::services::workflow_orchestrator: wkmp-ai\src\services\workflow_orchestrator\mod.rs:3118: Starting per-file pipeline file_index=30 file_id=59487249-1ffd-4a3f-9363-1d94b878be18 file=AC-DC/Back in Black/Disc 1 - 4 - Givin the Dog a Bone.mp3
2026-02-06T02:59:17.243960Z  INFO tokio-runtime-worker ThreadId(23) wkmp_ai::services::workflow_orchestrator: wkmp-ai\src\services\workflow_orchestrator\mod.rs:1733: Starting PLAN024 10-phase per-file pipeline (late audio decode) file="C:\\Users\\Mango Cat\\Music\\AC-DC/Back in Black/Disc 1 - 4 - Givin the Dog a Bone.mp3"
2026-02-06T02:59:17.244137Z DEBUG tokio-runtime-worker ThreadId(23) wkmp_ai::services::workflow_orchestrator: wkmp-ai\src\services\workflow_orchestrator\mod.rs:1742: Phase 1: Filename Matching - START file="C:\\Users\\Mango Cat\\Music\\AC-DC/Back in Black/Disc 1 - 4 - Givin the Dog a Bone.mp3"
2026-02-06T02:59:17.244407Z DEBUG tokio-runtime-worker ThreadId(23) wkmp_ai::services::filename_matcher: wkmp-ai\src\services\filename_matcher.rs:54: Checking if file exists in database path=AC-DC/Back in Black/Disc 1 - 4 - Givin the Dog a Bone.mp3 norm_us=6
2026-02-06T02:59:17.244767Z DEBUG tokio-runtime-worker ThreadId(23) wkmp_ai::services::workflow_orchestrator: wkmp-ai\src\services\workflow_orchestrator\mod.rs:3118: Starting per-file pipeline file_index=31 file_id=c85e7e20-300b-41f0-b5c8-abcef7c286f4 file=AC-DC/Back in Black/Disc 1 - 5 - Let Me Put My Love Into You.mp3
2026-02-06T02:59:17.245102Z  INFO tokio-runtime-worker ThreadId(23) wkmp_ai::services::workflow_orchestrator: wkmp-ai\src\services\workflow_orchestrator\mod.rs:1733: Starting PLAN024 10-phase per-file pipeline (late audio decode) file="C:\\Users\\Mango Cat\\Music\\AC-DC/Back in Black/Disc 1 - 5 - Let Me Put My Love Into You.mp3"
2026-02-06T02:59:17.245392Z DEBUG tokio-runtime-worker ThreadId(23) wkmp_ai::services::workflow_orchestrator: wkmp-ai\src\services\workflow_orchestrator\mod.rs:1742: Phase 1: Filename Matching - START file="C:\\Users\\Mango Cat\\Music\\AC-DC/Back in Black/Disc 1 - 5 - Let Me Put My Love Into You.mp3"
2026-02-06T02:59:17.245771Z DEBUG tokio-runtime-worker ThreadId(23) wkmp_ai::services::filename_matcher: wkmp-ai\src\services\filename_matcher.rs:54: Checking if file exists in database path=AC-DC/Back in Black/Disc 1 - 5 - Let Me Put My Love Into You.mp3 norm_us=8
2026-02-06T02:59:17.246045Z DEBUG tokio-runtime-worker ThreadId(23) wkmp_ai::services::workflow_orchestrator: wkmp-ai\src\services\workflow_orchestrator\mod.rs:3118: Starting per-file pipeline file_index=32 file_id=a6784401-fc57-473f-af66-016b89065d71 file=AC-DC/Back in Black/Disc 1 - 6 - Back in Black.mp3
2026-02-06T02:59:17.246275Z  INFO tokio-runtime-worker ThreadId(23) wkmp_ai::services::workflow_orchestrator: wkmp-ai\src\services\workflow_orchestrator\mod.rs:1733: Starting PLAN024 10-phase per-file pipeline (late audio decode) file="C:\\Users\\Mango Cat\\Music\\AC-DC/Back in Black/Disc 1 - 6 - Back in Black.mp3"
2026-02-06T02:59:17.246479Z DEBUG tokio-runtime-worker ThreadId(23) wkmp_ai::services::workflow_orchestrator: wkmp-ai\src\services\workflow_orchestrator\mod.rs:1742: Phase 1: Filename Matching - START file="C:\\Users\\Mango Cat\\Music\\AC-DC/Back in Black/Disc 1 - 6 - Back in Black.mp3"
2026-02-06T02:59:17.246656Z DEBUG tokio-runtime-worker ThreadId(23) wkmp_ai::services::filename_matcher: wkmp-ai\src\services\filename_matcher.rs:54: Checking if file exists in database path=AC-DC/Back in Black/Disc 1 - 6 - Back in Black.mp3 norm_us=9
2026-02-06T02:59:17.246912Z DEBUG tokio-runtime-worker ThreadId(23) wkmp_ai::services::workflow_orchestrator: wkmp-ai\src\services\workflow_orchestrator\mod.rs:3118: Starting per-file pipeline file_index=33 file_id=e1047039-c809-41f6-abf4-3d03eb967b03 file=AC-DC/Back in Black/Disc 1 - 7 - You Shook Me All Night Long.mp3
2026-02-06T02:59:17.247056Z  INFO tokio-runtime-worker ThreadId(23) wkmp_ai::services::workflow_orchestrator: wkmp-ai\src\services\workflow_orchestrator\mod.rs:1733: Starting PLAN024 10-phase per-file pipeline (late audio decode) file="C:\\Users\\Mango Cat\\Music\\AC-DC/Back in Black/Disc 1 - 7 - You Shook Me All Night Long.mp3"
2026-02-06T02:59:17.247180Z DEBUG tokio-runtime-worker ThreadId(23) wkmp_ai::services::workflow_orchestrator: wkmp-ai\src\services\workflow_orchestrator\mod.rs:1742: Phase 1: Filename Matching - START file="C:\\Users\\Mango Cat\\Music\\AC-DC/Back in Black/Disc 1 - 7 - You Shook Me All Night Long.mp3"
2026-02-06T02:59:17.247292Z DEBUG tokio-runtime-worker ThreadId(23) wkmp_ai::services::filename_matcher: wkmp-ai\src\services\filename_matcher.rs:54: Checking if file exists in database path=AC-DC/Back in Black/Disc 1 - 7 - You Shook Me All Night Long.mp3 norm_us=5
2026-02-06T02:59:17.247423Z DEBUG tokio-runtime-worker ThreadId(23) wkmp_ai::services::workflow_orchestrator: wkmp-ai\src\services\workflow_orchestrator\mod.rs:3118: Starting per-file pipeline file_index=34 file_id=deadcfcf-af37-4d32-b611-da8df38844cd file=AC-DC/Back in Black/Disc 1 - 8 - Have a Drink on Me.mp3
2026-02-06T02:59:17.247545Z  INFO tokio-runtime-worker ThreadId(23) wkmp_ai::services::workflow_orchestrator: wkmp-ai\src\services\workflow_orchestrator\mod.rs:1733: Starting PLAN024 10-phase per-file pipeline (late audio decode) file="C:\\Users\\Mango Cat\\Music\\AC-DC/Back in Black/Disc 1 - 8 - Have a Drink on Me.mp3"
2026-02-06T02:59:17.247662Z DEBUG tokio-runtime-worker ThreadId(23) wkmp_ai::services::workflow_orchestrator: wkmp-ai\src\services\workflow_orchestrator\mod.rs:1742: Phase 1: Filename Matching - START file="C:\\Users\\Mango Cat\\Music\\AC-DC/Back in Black/Disc 1 - 8 - Have a Drink on Me.mp3"
2026-02-06T02:59:17.247769Z DEBUG tokio-runtime-worker ThreadId(23) wkmp_ai::services::filename_matcher: wkmp-ai\src\services\filename_matcher.rs:54: Checking if file exists in database path=AC-DC/Back in Black/Disc 1 - 8 - Have a Drink on Me.mp3 norm_us=3
2026-02-06T02:59:17.248065Z DEBUG tokio-runtime-worker ThreadId(23) wkmp_ai::api::sse: wkmp-ai\src\api\sse.rs:71: SSE: Broadcasting import event: ImportProgressUpdate
2026-02-06T02:59:17.248542Z DEBUG tokio-runtime-worker ThreadId(23) wkmp_ai::api::sse: wkmp-ai\src\api\sse.rs:71: SSE: Broadcasting import event: ImportProgressUpdate
2026-02-06T02:59:17.248721Z DEBUG tokio-runtime-worker ThreadId(23) wkmp_ai::api::sse: wkmp-ai\src\api\sse.rs:71: SSE: Broadcasting import event: ImportProgressUpdate
2026-02-06T02:59:17.249113Z DEBUG tokio-runtime-worker ThreadId(23) wkmp_ai::api::sse: wkmp-ai\src\api\sse.rs:71: SSE: Broadcasting import event: ImportProgressUpdate
2026-02-06T02:59:17.249279Z DEBUG tokio-runtime-worker ThreadId(23) wkmp_ai::api::sse: wkmp-ai\src\api\sse.rs:71: SSE: Broadcasting import event: ImportProgressUpdate
2026-02-06T02:59:17.249686Z DEBUG tokio-runtime-worker ThreadId(23) wkmp_ai::api::sse: wkmp-ai\src\api\sse.rs:71: SSE: Broadcasting import event: ImportProgressUpdate
2026-02-06T02:59:17.249850Z DEBUG tokio-runtime-worker ThreadId(23) wkmp_ai::api::sse: wkmp-ai\src\api\sse.rs:71: SSE: Broadcasting import event: ImportProgressUpdate
2026-02-06T02:59:17.250212Z DEBUG tokio-runtime-worker ThreadId(23) wkmp_ai::api::sse: wkmp-ai\src\api\sse.rs:71: SSE: Broadcasting import event: ImportProgressUpdate
2026-02-06T02:59:17.250330Z DEBUG tokio-runtime-worker ThreadId(23) wkmp_ai::api::sse: wkmp-ai\src\api\sse.rs:71: SSE: Broadcasting import event: ImportProgressUpdate
2026-02-06T02:59:17.250608Z DEBUG tokio-runtime-worker ThreadId(23) wkmp_ai::api::sse: wkmp-ai\src\api\sse.rs:71: SSE: Broadcasting import event: ImportProgressUpdate
2026-02-06T02:59:17.250829Z DEBUG tokio-runtime-worker ThreadId(23) wkmp_ai::api::sse: wkmp-ai\src\api\sse.rs:71: SSE: Broadcasting import event: ImportProgressUpdate
2026-02-06T02:59:17.251084Z DEBUG tokio-runtime-worker ThreadId(23) wkmp_ai::api::sse: wkmp-ai\src\api\sse.rs:71: SSE: Broadcasting import event: ImportProgressUpdate
2026-02-06T02:59:17.251196Z DEBUG tokio-runtime-worker ThreadId(23) wkmp_ai::api::sse: wkmp-ai\src\api\sse.rs:71: SSE: Broadcasting import event: ImportProgressUpdate
2026-02-06T02:59:17.251446Z DEBUG tokio-runtime-worker ThreadId(23) wkmp_ai::api::sse: wkmp-ai\src\api\sse.rs:71: SSE: Broadcasting import event: ImportProgressUpdate
2026-02-06T02:59:17.251559Z DEBUG tokio-runtime-worker ThreadId(23) wkmp_ai::api::sse: wkmp-ai\src\api\sse.rs:71: SSE: Broadcasting import event: ImportProgressUpdate
2026-02-06T02:59:17.251825Z DEBUG tokio-runtime-worker ThreadId(23) wkmp_ai::api::sse: wkmp-ai\src\api\sse.rs:71: SSE: Broadcasting import event: ImportProgressUpdate
2026-02-06T02:59:17.252053Z DEBUG tokio-runtime-worker ThreadId(23) wkmp_ai::api::sse: wkmp-ai\src\api\sse.rs:71: SSE: Broadcasting import event: ImportProgressUpdate
2026-02-06T02:59:17.252430Z DEBUG tokio-runtime-worker ThreadId(23) wkmp_ai::api::sse: wkmp-ai\src\api\sse.rs:71: SSE: Broadcasting import event: ImportProgressUpdate
2026-02-06T02:59:17.252577Z DEBUG tokio-runtime-worker ThreadId(23) wkmp_ai::api::sse: wkmp-ai\src\api\sse.rs:71: SSE: Broadcasting import event: ImportProgressUpdate
2026-02-06T02:59:17.252911Z DEBUG tokio-runtime-worker ThreadId(23) wkmp_ai::api::sse: wkmp-ai\src\api\sse.rs:71: SSE: Broadcasting import event: ImportProgressUpdate
2026-02-06T02:59:17.253053Z DEBUG tokio-runtime-worker ThreadId(23) wkmp_ai::api::sse: wkmp-ai\src\api\sse.rs:71: SSE: Broadcasting import event: ImportProgressUpdate
2026-02-06T02:59:17.253335Z DEBUG tokio-runtime-worker ThreadId(23) wkmp_ai::api::sse: wkmp-ai\src\api\sse.rs:71: SSE: Broadcasting import event: ImportProgressUpdate
2026-02-06T02:59:17.253552Z DEBUG tokio-runtime-worker ThreadId(23) wkmp_ai::api::sse: wkmp-ai\src\api\sse.rs:71: SSE: Broadcasting import event: ImportProgressUpdate
2026-02-06T02:59:17.253837Z DEBUG tokio-runtime-worker ThreadId(23) wkmp_ai::api::sse: wkmp-ai\src\api\sse.rs:71: SSE: Broadcasting import event: ImportProgressUpdate
2026-02-06T02:59:17.253955Z DEBUG tokio-runtime-worker ThreadId(23) wkmp_ai::api::sse: wkmp-ai\src\api\sse.rs:71: SSE: Broadcasting import event: ImportProgressUpdate
2026-02-06T02:59:17.254208Z DEBUG tokio-runtime-worker ThreadId(23) wkmp_ai::api::sse: wkmp-ai\src\api\sse.rs:71: SSE: Broadcasting import event: ImportProgressUpdate
2026-02-06T02:59:17.254315Z DEBUG tokio-runtime-worker ThreadId(23) wkmp_ai::api::sse: wkmp-ai\src\api\sse.rs:71: SSE: Broadcasting import event: ImportProgressUpdate
2026-02-06T02:59:17.254595Z DEBUG tokio-runtime-worker ThreadId(23) wkmp_ai::api::sse: wkmp-ai\src\api\sse.rs:71: SSE: Broadcasting import event: ImportProgressUpdate
2026-02-06T02:59:17.254861Z DEBUG tokio-runtime-worker ThreadId(23) wkmp_ai::api::sse: wkmp-ai\src\api\sse.rs:71: SSE: Broadcasting import event: ImportProgressUpdate
2026-02-06T02:59:17.255194Z DEBUG tokio-runtime-worker ThreadId(23) wkmp_ai::api::sse: wkmp-ai\src\api\sse.rs:71: SSE: Broadcasting import event: ImportProgressUpdate
2026-02-06T02:59:17.255333Z DEBUG tokio-runtime-worker ThreadId(23) wkmp_ai::api::sse: wkmp-ai\src\api\sse.rs:71: SSE: Broadcasting import event: ImportProgressUpdate
2026-02-06T02:59:17.255599Z DEBUG tokio-runtime-worker ThreadId(23) wkmp_ai::api::sse: wkmp-ai\src\api\sse.rs:71: SSE: Broadcasting import event: ImportProgressUpdate
2026-02-06T02:59:17.255711Z DEBUG tokio-runtime-worker ThreadId(23) wkmp_ai::api::sse: wkmp-ai\src\api\sse.rs:71: SSE: Broadcasting import event: ImportProgressUpdate
2026-02-06T02:59:17.255970Z DEBUG tokio-runtime-worker ThreadId(23) wkmp_ai::api::sse: wkmp-ai\src\api\sse.rs:71: SSE: Broadcasting import event: ImportProgressUpdate
2026-02-06T02:59:17.256080Z DEBUG tokio-runtime-worker ThreadId(23) wkmp_ai::api::sse: wkmp-ai\src\api\sse.rs:71: SSE: Broadcasting import event: ImportProgressUpdate
2026-02-06T02:59:17.256335Z DEBUG tokio-runtime-worker ThreadId(23) wkmp_ai::api::sse: wkmp-ai\src\api\sse.rs:71: SSE: Broadcasting import event: ImportProgressUpdate
2026-02-06T02:59:17.256444Z DEBUG tokio-runtime-worker ThreadId(23) wkmp_ai::api::sse: wkmp-ai\src\api\sse.rs:71: SSE: Broadcasting import event: ImportProgressUpdate
2026-02-06T02:59:17.256701Z DEBUG tokio-runtime-worker ThreadId(23) wkmp_ai::api::sse: wkmp-ai\src\api\sse.rs:71: SSE: Broadcasting import event: ImportProgressUpdate
2026-02-06T02:59:17.257469Z DEBUG tokio-runtime-worker ThreadId(23) wkmp_ai::api::sse: wkmp-ai\src\api\sse.rs:71: SSE: Broadcasting import event: ImportProgressUpdate
2026-02-06T02:59:17.258910Z DEBUG tokio-runtime-worker ThreadId(23) wkmp_ai::api::sse: wkmp-ai\src\api\sse.rs:71: SSE: Broadcasting import event: ImportProgressUpdate
2026-02-06T02:59:17.259822Z DEBUG tokio-runtime-worker ThreadId(23) wkmp_ai::api::sse: wkmp-ai\src\api\sse.rs:71: SSE: Broadcasting import event: ImportProgressUpdate
2026-02-06T02:59:17.261215Z DEBUG tokio-runtime-worker ThreadId(23) wkmp_ai::api::sse: wkmp-ai\src\api\sse.rs:71: SSE: Broadcasting import event: ImportProgressUpdate
2026-02-06T02:59:17.262297Z DEBUG tokio-runtime-worker ThreadId(23) wkmp_ai::api::sse: wkmp-ai\src\api\sse.rs:71: SSE: Broadcasting import event: ImportProgressUpdate
2026-02-06T02:59:17.263587Z DEBUG tokio-runtime-worker ThreadId(23) wkmp_ai::api::sse: wkmp-ai\src\api\sse.rs:71: SSE: Broadcasting import event: ImportProgressUpdate
2026-02-06T02:59:17.265806Z DEBUG tokio-runtime-worker ThreadId(23) wkmp_ai::services::filename_matcher: wkmp-ai\src\services\filename_matcher.rs:65: Database query completed path=4 Non Blondes/Bigger,_Better,_Faster,_More/(4_Non_Blondes)Bigger,_Better,_Faster,_More-10-Drifting.mp3 query_us=24069
2026-02-06T02:59:17.266118Z DEBUG tokio-runtime-worker ThreadId(23) wkmp_ai::services::filename_matcher: wkmp-ai\src\services\filename_matcher.rs:81: File already processed (INGEST COMPLETE) path=4 Non Blondes/Bigger,_Better,_Faster,_More/(4_Non_Blondes)Bigger,_Better,_Faster,_More-10-Drifting.mp3 guid=64e270c8-8cfe-4189-91a1-fbd48b47979c
2026-02-06T02:59:17.266658Z  INFO tokio-runtime-worker ThreadId(23) wkmp_ai::services::workflow_orchestrator: wkmp-ai\src\services\workflow_orchestrator\mod.rs:1756: Phase 1 completed phase="Filename Matching" duration_ms=25 path_us=1 db_ms=25 file_index=24
2026-02-06T02:59:17.267352Z  INFO tokio-runtime-worker ThreadId(23) wkmp_ai::services::workflow_orchestrator: wkmp-ai\src\services\workflow_orchestrator\mod.rs:1770: File already processed (INGEST COMPLETE/NO AUDIO/DUPLICATE HASH), skipping all remaining phases file="C:\\Users\\Mango Cat\\Music\\4 Non Blondes/Bigger,_Better,_Faster,_More/(4_Non_Blondes)Bigger,_Better,_Faster,_More-10-Drifting.mp3" file_id=64e270c8-8cfe-4189-91a1-fbd48b47979c
2026-02-06T02:59:17.267801Z DEBUG tokio-runtime-worker ThreadId(23) wkmp_ai::services::workflow_orchestrator: wkmp-ai\src\services\workflow_orchestrator\mod.rs:2936: File processing complete session_id=e6293ba0-b57f-441f-a6ea-884d33b9111b file_index=24 file=4 Non Blondes/Bigger,_Better,_Faster,_More/(4_Non_Blondes)Bigger,_Better,_Faster,_More-10-Drifting.mp3
2026-02-06T02:59:17.268273Z DEBUG tokio-runtime-worker ThreadId(23) wkmp_ai::services::workflow_orchestrator: wkmp-ai\src\services\workflow_orchestrator\mod.rs:1438: Acquiring all statistics Mutex locks for SSE conversion
2026-02-06T02:59:17.268535Z DEBUG tokio-runtime-worker ThreadId(23) wkmp_ai::services::workflow_orchestrator: wkmp-ai\src\services\workflow_orchestrator\mod.rs:1467: All statistics Mutex locks acquired and data cloned
2026-02-06T02:59:17.268747Z DEBUG tokio-runtime-worker ThreadId(23) wkmp_ai::services::workflow_orchestrator: wkmp-ai\src\services\workflow_orchestrator\mod.rs:1577: Releasing all statistics Mutex locks for SSE conversion
2026-02-06T02:59:17.268976Z DEBUG tokio-runtime-worker ThreadId(23) wkmp_ai::services::filename_matcher: wkmp-ai\src\services\filename_matcher.rs:65: Database query completed path=AC-DC/Back in Black/Disc 1 - 6 - Back in Black.mp3 query_us=22099
2026-02-06T02:59:17.269164Z DEBUG tokio-runtime-worker ThreadId(23) wkmp_ai::services::filename_matcher: wkmp-ai\src\services\filename_matcher.rs:81: File already processed (INGEST COMPLETE) path=AC-DC/Back in Black/Disc 1 - 6 - Back in Black.mp3 guid=a6784401-fc57-473f-af66-016b89065d71
2026-02-06T02:59:17.269354Z  INFO tokio-runtime-worker ThreadId(23) wkmp_ai::services::workflow_orchestrator: wkmp-ai\src\services\workflow_orchestrator\mod.rs:1756: Phase 1 completed phase="Filename Matching" duration_ms=22 path_us=2 db_ms=22 file_index=32
2026-02-06T02:59:17.269578Z  INFO tokio-runtime-worker ThreadId(23) wkmp_ai::services::workflow_orchestrator: wkmp-ai\src\services\workflow_orchestrator\mod.rs:1770: File already processed (INGEST COMPLETE/NO AUDIO/DUPLICATE HASH), skipping all remaining phases file="C:\\Users\\Mango Cat\\Music\\AC-DC/Back in Black/Disc 1 - 6 - Back in Black.mp3" file_id=a6784401-fc57-473f-af66-016b89065d71
2026-02-06T02:59:17.269813Z DEBUG tokio-runtime-worker ThreadId(23) wkmp_ai::services::workflow_orchestrator: wkmp-ai\src\services\workflow_orchestrator\mod.rs:2936: File processing complete session_id=e6293ba0-b57f-441f-a6ea-884d33b9111b file_index=32 file=AC-DC/Back in Black/Disc 1 - 6 - Back in Black.mp3
2026-02-06T02:59:17.269973Z DEBUG tokio-runtime-worker ThreadId(23) wkmp_ai::services::workflow_orchestrator: wkmp-ai\src\services\workflow_orchestrator\mod.rs:1438: Acquiring all statistics Mutex locks for SSE conversion
2026-02-06T02:59:17.270097Z DEBUG tokio-runtime-worker ThreadId(23) wkmp_ai::services::workflow_orchestrator: wkmp-ai\src\services\workflow_orchestrator\mod.rs:1467: All statistics Mutex locks acquired and data cloned
2026-02-06T02:59:17.270254Z DEBUG tokio-runtime-worker ThreadId(23) wkmp_ai::services::workflow_orchestrator: wkmp-ai\src\services\workflow_orchestrator\mod.rs:1577: Releasing all statistics Mutex locks for SSE conversion
2026-02-06T02:59:17.270429Z DEBUG tokio-runtime-worker ThreadId(23) wkmp_ai::services::filename_matcher: wkmp-ai\src\services\filename_matcher.rs:65: Database query completed path=AC-DC/Back in Black/Disc 1 - 10 - Rock and Roll Ain't Noise Pollution.mp3 query_us=27517
2026-02-06T02:59:17.270570Z DEBUG tokio-runtime-worker ThreadId(23) wkmp_ai::services::filename_matcher: wkmp-ai\src\services\filename_matcher.rs:81: File already processed (INGEST COMPLETE) path=AC-DC/Back in Black/Disc 1 - 10 - Rock and Roll Ain't Noise Pollution.mp3 guid=78c33984-9d00-402c-ac73-0965c3ba31d2
2026-02-06T02:59:17.270707Z  INFO tokio-runtime-worker ThreadId(23) wkmp_ai::services::workflow_orchestrator: wkmp-ai\src\services\workflow_orchestrator\mod.rs:1756: Phase 1 completed phase="Filename Matching" duration_ms=27 path_us=0 db_ms=27 file_index=27
2026-02-06T02:59:17.270850Z  INFO tokio-runtime-worker ThreadId(23) wkmp_ai::services::workflow_orchestrator: wkmp-ai\src\services\workflow_orchestrator\mod.rs:1770: File already processed (INGEST COMPLETE/NO AUDIO/DUPLICATE HASH), skipping all remaining phases file="C:\\Users\\Mango Cat\\Music\\AC-DC/Back in Black/Disc 1 - 10 - Rock and Roll Ain\'t Noise Pollution.mp3" file_id=78c33984-9d00-402c-ac73-0965c3ba31d2
2026-02-06T02:59:17.270994Z DEBUG tokio-runtime-worker ThreadId(23) wkmp_ai::services::workflow_orchestrator: wkmp-ai\src\services\workflow_orchestrator\mod.rs:2936: File processing complete session_id=e6293ba0-b57f-441f-a6ea-884d33b9111b file_index=27 file=AC-DC/Back in Black/Disc 1 - 10 - Rock and Roll Ain't Noise Pollution.mp3
2026-02-06T02:59:17.271145Z DEBUG tokio-runtime-worker ThreadId(23) wkmp_ai::services::workflow_orchestrator: wkmp-ai\src\services\workflow_orchestrator\mod.rs:1438: Acquiring all statistics Mutex locks for SSE conversion
2026-02-06T02:59:17.271272Z DEBUG tokio-runtime-worker ThreadId(23) wkmp_ai::services::workflow_orchestrator: wkmp-ai\src\services\workflow_orchestrator\mod.rs:1467: All statistics Mutex locks acquired and data cloned
2026-02-06T02:59:17.271396Z DEBUG tokio-runtime-worker ThreadId(23) wkmp_ai::services::workflow_orchestrator: wkmp-ai\src\services\workflow_orchestrator\mod.rs:1577: Releasing all statistics Mutex locks for SSE conversion
2026-02-06T02:59:17.271553Z DEBUG tokio-runtime-worker ThreadId(23) wkmp_ai::services::filename_matcher: wkmp-ai\src\services\filename_matcher.rs:65: Database query completed path=AC-DC/Back in Black/Disc 1 - 1 - Hells Bells.mp3 query_us=28987
2026-02-06T02:59:17.271709Z DEBUG tokio-runtime-worker ThreadId(23) wkmp_ai::services::filename_matcher: wkmp-ai\src\services\filename_matcher.rs:81: File already processed (INGEST COMPLETE) path=AC-DC/Back in Black/Disc 1 - 1 - Hells Bells.mp3 guid=fc503973-9646-435f-8101-fe38713c00d8
2026-02-06T02:59:17.271830Z  INFO tokio-runtime-worker ThreadId(23) wkmp_ai::services::workflow_orchestrator: wkmp-ai\src\services\workflow_orchestrator\mod.rs:1756: Phase 1 completed phase="Filename Matching" duration_ms=29 path_us=1 db_ms=29 file_index=26
2026-02-06T02:59:17.271953Z  INFO tokio-runtime-worker ThreadId(23) wkmp_ai::services::workflow_orchestrator: wkmp-ai\src\services\workflow_orchestrator\mod.rs:1770: File already processed (INGEST COMPLETE/NO AUDIO/DUPLICATE HASH), skipping all remaining phases file="C:\\Users\\Mango Cat\\Music\\AC-DC/Back in Black/Disc 1 - 1 - Hells Bells.mp3" file_id=fc503973-9646-435f-8101-fe38713c00d8
2026-02-06T02:59:17.272110Z DEBUG tokio-runtime-worker ThreadId(23) wkmp_ai::services::workflow_orchestrator: wkmp-ai\src\services\workflow_orchestrator\mod.rs:2936: File processing complete session_id=e6293ba0-b57f-441f-a6ea-884d33b9111b file_index=26 file=AC-DC/Back in Black/Disc 1 - 1 - Hells Bells.mp3
2026-02-06T02:59:17.272251Z DEBUG tokio-runtime-worker ThreadId(23) wkmp_ai::services::workflow_orchestrator: wkmp-ai\src\services\workflow_orchestrator\mod.rs:1438: Acquiring all statistics Mutex locks for SSE conversion
2026-02-06T02:59:17.272372Z DEBUG tokio-runtime-worker ThreadId(23) wkmp_ai::services::workflow_orchestrator: wkmp-ai\src\services\workflow_orchestrator\mod.rs:1467: All statistics Mutex locks acquired and data cloned
2026-02-06T02:59:17.272536Z DEBUG tokio-runtime-worker ThreadId(23) wkmp_ai::services::workflow_orchestrator: wkmp-ai\src\services\workflow_orchestrator\mod.rs:1577: Releasing all statistics Mutex locks for SSE conversion
2026-02-06T02:59:17.272680Z DEBUG tokio-runtime-worker ThreadId(23) wkmp_ai::services::filename_matcher: wkmp-ai\src\services\filename_matcher.rs:65: Database query completed path=4 Non Blondes/Bigger,_Better,_Faster,_More/(4_Non_Blondes)Bigger,_Better,_Faster,_More-11-No_Place_Like_Home.mp3 query_us=30551
2026-02-06T02:59:17.272821Z DEBUG tokio-runtime-worker ThreadId(23) wkmp_ai::services::filename_matcher: wkmp-ai\src\services\filename_matcher.rs:81: File already processed (INGEST COMPLETE) path=4 Non Blondes/Bigger,_Better,_Faster,_More/(4_Non_Blondes)Bigger,_Better,_Faster,_More-11-No_Place_Like_Home.mp3 guid=843f35a3-e86d-4a12-ae19-676155729ebb
2026-02-06T02:59:17.272975Z  INFO tokio-runtime-worker ThreadId(23) wkmp_ai::services::workflow_orchestrator: wkmp-ai\src\services\workflow_orchestrator\mod.rs:1756: Phase 1 completed phase="Filename Matching" duration_ms=30 path_us=0 db_ms=30 file_index=25
2026-02-06T02:59:17.273121Z  INFO tokio-runtime-worker ThreadId(23) wkmp_ai::services::workflow_orchestrator: wkmp-ai\src\services\workflow_orchestrator\mod.rs:1770: File already processed (INGEST COMPLETE/NO AUDIO/DUPLICATE HASH), skipping all remaining phases file="C:\\Users\\Mango Cat\\Music\\4 Non Blondes/Bigger,_Better,_Faster,_More/(4_Non_Blondes)Bigger,_Better,_Faster,_More-11-No_Place_Like_Home.mp3" file_id=843f35a3-e86d-4a12-ae19-676155729ebb
2026-02-06T02:59:17.273298Z DEBUG tokio-runtime-worker ThreadId(23) wkmp_ai::services::workflow_orchestrator: wkmp-ai\src\services\workflow_orchestrator\mod.rs:2936: File processing complete session_id=e6293ba0-b57f-441f-a6ea-884d33b9111b file_index=25 file=4 Non Blondes/Bigger,_Better,_Faster,_More/(4_Non_Blondes)Bigger,_Better,_Faster,_More-11-No_Place_Like_Home.mp3
2026-02-06T02:59:17.273458Z DEBUG tokio-runtime-worker ThreadId(23) wkmp_ai::services::workflow_orchestrator: wkmp-ai\src\services\workflow_orchestrator\mod.rs:1438: Acquiring all statistics Mutex locks for SSE conversion
2026-02-06T02:59:17.273567Z DEBUG tokio-runtime-worker ThreadId(23) wkmp_ai::services::workflow_orchestrator: wkmp-ai\src\services\workflow_orchestrator\mod.rs:1467: All statistics Mutex locks acquired and data cloned
2026-02-06T02:59:17.273689Z DEBUG tokio-runtime-worker ThreadId(23) wkmp_ai::services::workflow_orchestrator: wkmp-ai\src\services\workflow_orchestrator\mod.rs:1577: Releasing all statistics Mutex locks for SSE conversion
2026-02-06T02:59:17.273814Z DEBUG tokio-runtime-worker ThreadId(23) wkmp_ai::services::filename_matcher: wkmp-ai\src\services\filename_matcher.rs:65: Database query completed path=AC-DC/Back in Black/Disc 1 - 7 - You Shook Me All Night Long.mp3 query_us=26415
2026-02-06T02:59:17.273936Z DEBUG tokio-runtime-worker ThreadId(23) wkmp_ai::services::filename_matcher: wkmp-ai\src\services\filename_matcher.rs:81: File already processed (INGEST COMPLETE) path=AC-DC/Back in Black/Disc 1 - 7 - You Shook Me All Night Long.mp3 guid=e1047039-c809-41f6-abf4-3d03eb967b03
2026-02-06T02:59:17.274072Z  INFO tokio-runtime-worker ThreadId(23) wkmp_ai::services::workflow_orchestrator: wkmp-ai\src\services\workflow_orchestrator\mod.rs:1756: Phase 1 completed phase="Filename Matching" duration_ms=26 path_us=0 db_ms=26 file_index=33
2026-02-06T02:59:17.274213Z  INFO tokio-runtime-worker ThreadId(23) wkmp_ai::services::workflow_orchestrator: wkmp-ai\src\services\workflow_orchestrator\mod.rs:1770: File already processed (INGEST COMPLETE/NO AUDIO/DUPLICATE HASH), skipping all remaining phases file="C:\\Users\\Mango Cat\\Music\\AC-DC/Back in Black/Disc 1 - 7 - You Shook Me All Night Long.mp3" file_id=e1047039-c809-41f6-abf4-3d03eb967b03
2026-02-06T02:59:17.274348Z DEBUG tokio-runtime-worker ThreadId(23) wkmp_ai::services::workflow_orchestrator: wkmp-ai\src\services\workflow_orchestrator\mod.rs:2936: File processing complete session_id=e6293ba0-b57f-441f-a6ea-884d33b9111b file_index=33 file=AC-DC/Back in Black/Disc 1 - 7 - You Shook Me All Night Long.mp3
2026-02-06T02:59:17.274496Z DEBUG tokio-runtime-worker ThreadId(23) wkmp_ai::services::workflow_orchestrator: wkmp-ai\src\services\workflow_orchestrator\mod.rs:1438: Acquiring all statistics Mutex locks for SSE conversion
2026-02-06T02:59:17.274596Z DEBUG tokio-runtime-worker ThreadId(23) wkmp_ai::services::workflow_orchestrator: wkmp-ai\src\services\workflow_orchestrator\mod.rs:1467: All statistics Mutex locks acquired and data cloned
2026-02-06T02:59:17.274721Z DEBUG tokio-runtime-worker ThreadId(23) wkmp_ai::services::workflow_orchestrator: wkmp-ai\src\services\workflow_orchestrator\mod.rs:1577: Releasing all statistics Mutex locks for SSE conversion
2026-02-06T02:59:17.274855Z DEBUG tokio-runtime-worker ThreadId(23) wkmp_ai::services::filename_matcher: wkmp-ai\src\services\filename_matcher.rs:65: Database query completed path=AC-DC/Back in Black/Disc 1 - 5 - Let Me Put My Love Into You.mp3 query_us=28880
2026-02-06T02:59:17.274967Z DEBUG tokio-runtime-worker ThreadId(23) wkmp_ai::services::filename_matcher: wkmp-ai\src\services\filename_matcher.rs:81: File already processed (INGEST COMPLETE) path=AC-DC/Back in Black/Disc 1 - 5 - Let Me Put My Love Into You.mp3 guid=c85e7e20-300b-41f0-b5c8-abcef7c286f4
2026-02-06T02:59:17.275081Z  INFO tokio-runtime-worker ThreadId(23) wkmp_ai::services::workflow_orchestrator: wkmp-ai\src\services\workflow_orchestrator\mod.rs:1756: Phase 1 completed phase="Filename Matching" duration_ms=29 path_us=2 db_ms=29 file_index=31
2026-02-06T02:59:17.275206Z  INFO tokio-runtime-worker ThreadId(23) wkmp_ai::services::workflow_orchestrator: wkmp-ai\src\services\workflow_orchestrator\mod.rs:1770: File already processed (INGEST COMPLETE/NO AUDIO/DUPLICATE HASH), skipping all remaining phases file="C:\\Users\\Mango Cat\\Music\\AC-DC/Back in Black/Disc 1 - 5 - Let Me Put My Love Into You.mp3" file_id=c85e7e20-300b-41f0-b5c8-abcef7c286f4
2026-02-06T02:59:17.275329Z DEBUG tokio-runtime-worker ThreadId(23) wkmp_ai::services::workflow_orchestrator: wkmp-ai\src\services\workflow_orchestrator\mod.rs:2936: File processing complete session_id=e6293ba0-b57f-441f-a6ea-884d33b9111b file_index=31 file=AC-DC/Back in Black/Disc 1 - 5 - Let Me Put My Love Into You.mp3
2026-02-06T02:59:17.283007Z DEBUG tokio-runtime-worker ThreadId(23) wkmp_ai::services::workflow_orchestrator: wkmp-ai\src\services\workflow_orchestrator\mod.rs:1438: Acquiring all statistics Mutex locks for SSE conversion
2026-02-06T02:59:17.283185Z DEBUG tokio-runtime-worker ThreadId(23) wkmp_ai::services::workflow_orchestrator: wkmp-ai\src\services\workflow_orchestrator\mod.rs:1467: All statistics Mutex locks acquired and data cloned
2026-02-06T02:59:17.283399Z DEBUG tokio-runtime-worker ThreadId(23) wkmp_ai::services::workflow_orchestrator: wkmp-ai\src\services\workflow_orchestrator\mod.rs:1577: Releasing all statistics Mutex locks for SSE conversion
2026-02-06T02:59:17.283723Z DEBUG tokio-runtime-worker ThreadId(23) wkmp_ai::services::filename_matcher: wkmp-ai\src\services\filename_matcher.rs:65: Database query completed path=AC-DC/Back in Black/Disc 1 - 8 - Have a Drink on Me.mp3 query_us=35842
2026-02-06T02:59:17.283859Z DEBUG tokio-runtime-worker ThreadId(23) wkmp_ai::services::filename_matcher: wkmp-ai\src\services\filename_matcher.rs:81: File already processed (INGEST COMPLETE) path=AC-DC/Back in Black/Disc 1 - 8 - Have a Drink on Me.mp3 guid=deadcfcf-af37-4d32-b611-da8df38844cd
2026-02-06T02:59:17.283999Z  INFO tokio-runtime-worker ThreadId(23) wkmp_ai::services::workflow_orchestrator: wkmp-ai\src\services\workflow_orchestrator\mod.rs:1756: Phase 1 completed phase="Filename Matching" duration_ms=36 path_us=0 db_ms=36 file_index=34
2026-02-06T02:59:17.284241Z  INFO tokio-runtime-worker ThreadId(23) wkmp_ai::services::workflow_orchestrator: wkmp-ai\src\services\workflow_orchestrator\mod.rs:1770: File already processed (INGEST COMPLETE/NO AUDIO/DUPLICATE HASH), skipping all remaining phases file="C:\\Users\\Mango Cat\\Music\\AC-DC/Back in Black/Disc 1 - 8 - Have a Drink on Me.mp3" file_id=deadcfcf-af37-4d32-b611-da8df38844cd
2026-02-06T02:59:17.284470Z DEBUG tokio-runtime-worker ThreadId(23) wkmp_ai::services::workflow_orchestrator: wkmp-ai\src\services\workflow_orchestrator\mod.rs:2936: File processing complete session_id=e6293ba0-b57f-441f-a6ea-884d33b9111b file_index=34 file=AC-DC/Back in Black/Disc 1 - 8 - Have a Drink on Me.mp3
2026-02-06T02:59:17.284615Z DEBUG tokio-runtime-worker ThreadId(23) wkmp_ai::services::workflow_orchestrator: wkmp-ai\src\services\workflow_orchestrator\mod.rs:1438: Acquiring all statistics Mutex locks for SSE conversion
2026-02-06T02:59:17.284829Z DEBUG tokio-runtime-worker ThreadId(23) wkmp_ai::services::workflow_orchestrator: wkmp-ai\src\services\workflow_orchestrator\mod.rs:1467: All statistics Mutex locks acquired and data cloned
2026-02-06T02:59:17.284960Z DEBUG tokio-runtime-worker ThreadId(23) wkmp_ai::services::workflow_orchestrator: wkmp-ai\src\services\workflow_orchestrator\mod.rs:1577: Releasing all statistics Mutex locks for SSE conversion
2026-02-06T02:59:17.285098Z DEBUG tokio-runtime-worker ThreadId(23) wkmp_ai::services::filename_matcher: wkmp-ai\src\services\filename_matcher.rs:65: Database query completed path=AC-DC/Back in Black/Disc 1 - 2 - Shoot to Thrill.mp3 query_us=41658
2026-02-06T02:59:17.285185Z DEBUG tokio-runtime-worker ThreadId(23) wkmp_ai::services::filename_matcher: wkmp-ai\src\services\filename_matcher.rs:81: File already processed (INGEST COMPLETE) path=AC-DC/Back in Black/Disc 1 - 2 - Shoot to Thrill.mp3 guid=98057a1f-87f2-4e3a-9c19-f06158ba1cb4
2026-02-06T02:59:17.285295Z  INFO tokio-runtime-worker ThreadId(23) wkmp_ai::services::workflow_orchestrator: wkmp-ai\src\services\workflow_orchestrator\mod.rs:1756: Phase 1 completed phase="Filename Matching" duration_ms=42 path_us=0 db_ms=41 file_index=28
2026-02-06T02:59:17.285397Z  INFO tokio-runtime-worker ThreadId(23) wkmp_ai::services::workflow_orchestrator: wkmp-ai\src\services\workflow_orchestrator\mod.rs:1770: File already processed (INGEST COMPLETE/NO AUDIO/DUPLICATE HASH), skipping all remaining phases file="C:\\Users\\Mango Cat\\Music\\AC-DC/Back in Black/Disc 1 - 2 - Shoot to Thrill.mp3" file_id=98057a1f-87f2-4e3a-9c19-f06158ba1cb4
2026-02-06T02:59:17.285481Z DEBUG tokio-runtime-worker ThreadId(23) wkmp_ai::services::workflow_orchestrator: wkmp-ai\src\services\workflow_orchestrator\mod.rs:2936: File processing complete session_id=e6293ba0-b57f-441f-a6ea-884d33b9111b file_index=28 file=AC-DC/Back in Black/Disc 1 - 2 - Shoot to Thrill.mp3
2026-02-06T02:59:17.285631Z DEBUG tokio-runtime-worker ThreadId(23) wkmp_ai::services::workflow_orchestrator: wkmp-ai\src\services\workflow_orchestrator\mod.rs:1438: Acquiring all statistics Mutex locks for SSE conversion
2026-02-06T02:59:17.285745Z DEBUG tokio-runtime-worker ThreadId(23) wkmp_ai::services::workflow_orchestrator: wkmp-ai\src\services\workflow_orchestrator\mod.rs:1467: All statistics Mutex locks acquired and data cloned
2026-02-06T02:59:17.285869Z DEBUG tokio-runtime-worker ThreadId(23) wkmp_ai::services::workflow_orchestrator: wkmp-ai\src\services\workflow_orchestrator\mod.rs:1577: Releasing all statistics Mutex locks for SSE conversion
2026-02-06T02:59:17.286002Z DEBUG tokio-runtime-worker ThreadId(23) wkmp_ai::services::filename_matcher: wkmp-ai\src\services\filename_matcher.rs:65: Database query completed path=AC-DC/Back in Black/Disc 1 - 3 - What Do You Do for Money Honey.mp3 query_us=42214
2026-02-06T02:59:17.286114Z DEBUG tokio-runtime-worker ThreadId(23) wkmp_ai::services::filename_matcher: wkmp-ai\src\services\filename_matcher.rs:81: File already processed (INGEST COMPLETE) path=AC-DC/Back in Black/Disc 1 - 3 - What Do You Do for Money Honey.mp3 guid=928f44f0-5369-4b97-84c3-b1af72adfcdb
2026-02-06T02:59:17.286242Z  INFO tokio-runtime-worker ThreadId(23) wkmp_ai::services::workflow_orchestrator: wkmp-ai\src\services\workflow_orchestrator\mod.rs:1756: Phase 1 completed phase="Filename Matching" duration_ms=42 path_us=0 db_ms=42 file_index=29
2026-02-06T02:59:17.286366Z  INFO tokio-runtime-worker ThreadId(23) wkmp_ai::services::workflow_orchestrator: wkmp-ai\src\services\workflow_orchestrator\mod.rs:1770: File already processed (INGEST COMPLETE/NO AUDIO/DUPLICATE HASH), skipping all remaining phases file="C:\\Users\\Mango Cat\\Music\\AC-DC/Back in Black/Disc 1 - 3 - What Do You Do for Money Honey.mp3" file_id=928f44f0-5369-4b97-84c3-b1af72adfcdb
2026-02-06T02:59:17.286533Z DEBUG tokio-runtime-worker ThreadId(23) wkmp_ai::services::workflow_orchestrator: wkmp-ai\src\services\workflow_orchestrator\mod.rs:2936: File processing complete session_id=e6293ba0-b57f-441f-a6ea-884d33b9111b file_index=29 file=AC-DC/Back in Black/Disc 1 - 3 - What Do You Do for Money Honey.mp3
2026-02-06T02:59:17.286721Z DEBUG tokio-runtime-worker ThreadId(23) wkmp_ai::services::workflow_orchestrator: wkmp-ai\src\services\workflow_orchestrator\mod.rs:1438: Acquiring all statistics Mutex locks for SSE conversion
2026-02-06T02:59:17.286852Z DEBUG tokio-runtime-worker ThreadId(23) wkmp_ai::services::workflow_orchestrator: wkmp-ai\src\services\workflow_orchestrator\mod.rs:1467: All statistics Mutex locks acquired and data cloned
2026-02-06T02:59:17.287010Z DEBUG tokio-runtime-worker ThreadId(23) wkmp_ai::services::workflow_orchestrator: wkmp-ai\src\services\workflow_orchestrator\mod.rs:1577: Releasing all statistics Mutex locks for SSE conversion
2026-02-06T02:59:17.287163Z DEBUG tokio-runtime-worker ThreadId(23) wkmp_ai::services::filename_matcher: wkmp-ai\src\services\filename_matcher.rs:65: Database query completed path=AC-DC/Back in Black/Disc 1 - 4 - Givin the Dog a Bone.mp3 query_us=42464
2026-02-06T02:59:17.287278Z DEBUG tokio-runtime-worker ThreadId(23) wkmp_ai::services::filename_matcher: wkmp-ai\src\services\filename_matcher.rs:81: File already processed (INGEST COMPLETE) path=AC-DC/Back in Black/Disc 1 - 4 - Givin the Dog a Bone.mp3 guid=59487249-1ffd-4a3f-9363-1d94b878be18
2026-02-06T02:59:17.287410Z  INFO tokio-runtime-worker ThreadId(23) wkmp_ai::services::workflow_orchestrator: wkmp-ai\src\services\workflow_orchestrator\mod.rs:1756: Phase 1 completed phase="Filename Matching" duration_ms=43 path_us=2 db_ms=43 file_index=30
2026-02-06T02:59:17.287514Z  INFO tokio-runtime-worker ThreadId(23) wkmp_ai::services::workflow_orchestrator: wkmp-ai\src\services\workflow_orchestrator\mod.rs:1770: File already processed (INGEST COMPLETE/NO AUDIO/DUPLICATE HASH), skipping all remaining phases file="C:\\Users\\Mango Cat\\Music\\AC-DC/Back in Black/Disc 1 - 4 - Givin the Dog a Bone.mp3" file_id=59487249-1ffd-4a3f-9363-1d94b878be18
2026-02-06T02:59:17.287712Z DEBUG tokio-runtime-worker ThreadId(23) wkmp_ai::services::workflow_orchestrator: wkmp-ai\src\services\workflow_orchestrator\mod.rs:2936: File processing complete session_id=e6293ba0-b57f-441f-a6ea-884d33b9111b file_index=30 file=AC-DC/Back in Black/Disc 1 - 4 - Givin the Dog a Bone.mp3
2026-02-06T02:59:17.287866Z DEBUG tokio-runtime-worker ThreadId(23) wkmp_ai::services::workflow_orchestrator: wkmp-ai\src\services\workflow_orchestrator\mod.rs:1438: Acquiring all statistics Mutex locks for SSE conversion
2026-02-06T02:59:17.288008Z DEBUG tokio-runtime-worker ThreadId(23) wkmp_ai::services::workflow_orchestrator: wkmp-ai\src\services\workflow_orchestrator\mod.rs:1467: All statistics Mutex locks acquired and data cloned
2026-02-06T02:59:17.288098Z DEBUG tokio-runtime-worker ThreadId(23) wkmp_ai::services::workflow_orchestrator: wkmp-ai\src\services\workflow_orchestrator\mod.rs:1577: Releasing all statistics Mutex locks for SSE conversion
2026-02-06T02:59:17.288181Z DEBUG tokio-runtime-worker ThreadId(23) wkmp_ai::services::workflow_orchestrator: wkmp-ai\src\services\workflow_orchestrator\mod.rs:3118: Starting per-file pipeline file_index=35 file_id=5a946ee7-fdcb-43f3-8472-acd5d644a537 file=AC-DC/Back in Black/Disc 1 - 9 - Shake a Leg.mp3
2026-02-06T02:59:17.288365Z  INFO tokio-runtime-worker ThreadId(23) wkmp_ai::services::workflow_orchestrator: wkmp-ai\src\services\workflow_orchestrator\mod.rs:1733: Starting PLAN024 10-phase per-file pipeline (late audio decode) file="C:\\Users\\Mango Cat\\Music\\AC-DC/Back in Black/Disc 1 - 9 - Shake a Leg.mp3"
2026-02-06T02:59:17.288513Z DEBUG tokio-runtime-worker ThreadId(23) wkmp_ai::services::workflow_orchestrator: wkmp-ai\src\services\workflow_orchestrator\mod.rs:1742: Phase 1: Filename Matching - START file="C:\\Users\\Mango Cat\\Music\\AC-DC/Back in Black/Disc 1 - 9 - Shake a Leg.mp3"
2026-02-06T02:59:17.288644Z DEBUG tokio-runtime-worker ThreadId(23) wkmp_ai::services::filename_matcher: wkmp-ai\src\services\filename_matcher.rs:54: Checking if file exists in database path=AC-DC/Back in Black/Disc 1 - 9 - Shake a Leg.mp3 norm_us=8
2026-02-06T02:59:17.288847Z DEBUG tokio-runtime-worker ThreadId(23) wkmp_ai::services::workflow_orchestrator: wkmp-ai\src\services\workflow_orchestrator\mod.rs:3118: Starting per-file pipeline file_index=36 file_id=7e89c56d-07e8-4637-92b4-a36aa2fa5af4 file=AURORA/AuroraTeardrop.mp3
2026-02-06T02:59:17.289002Z  INFO tokio-runtime-worker ThreadId(23) wkmp_ai::services::workflow_orchestrator: wkmp-ai\src\services\workflow_orchestrator\mod.rs:1733: Starting PLAN024 10-phase per-file pipeline (late audio decode) file="C:\\Users\\Mango Cat\\Music\\AURORA/AuroraTeardrop.mp3"
2026-02-06T02:59:17.289162Z DEBUG tokio-runtime-worker ThreadId(23) wkmp_ai::services::workflow_orchestrator: wkmp-ai\src\services\workflow_orchestrator\mod.rs:1742: Phase 1: Filename Matching - START file="C:\\Users\\Mango Cat\\Music\\AURORA/AuroraTeardrop.mp3"
2026-02-06T02:59:17.289312Z DEBUG tokio-runtime-worker ThreadId(23) wkmp_ai::services::filename_matcher: wkmp-ai\src\services\filename_matcher.rs:54: Checking if file exists in database path=AURORA/AuroraTeardrop.mp3 norm_us=6
2026-02-06T02:59:17.289510Z DEBUG tokio-runtime-worker ThreadId(23) wkmp_ai::services::workflow_orchestrator: wkmp-ai\src\services\workflow_orchestrator\mod.rs:3118: Starting per-file pipeline file_index=37 file_id=0d8c56aa-ccc0-4691-9647-1f0b7c72aaea file=Abdul, Paula/Shut_up_and_dance_(The_Dance_Mixes)/(Paula_Abdul)Shut_up_and_dance_(The_Dance_Mixes)-01-Coldhearted_(Quiverin'_12-).mp3
2026-02-06T02:59:17.289659Z  INFO tokio-runtime-worker ThreadId(23) wkmp_ai::services::workflow_orchestrator: wkmp-ai\src\services\workflow_orchestrator\mod.rs:1733: Starting PLAN024 10-phase per-file pipeline (late audio decode) file="C:\\Users\\Mango Cat\\Music\\Abdul, Paula/Shut_up_and_dance_(The_Dance_Mixes)/(Paula_Abdul)Shut_up_and_dance_(The_Dance_Mixes)-01-Coldhearted_(Quiverin\'_12-).mp3"
2026-02-06T02:59:17.289830Z DEBUG tokio-runtime-worker ThreadId(23) wkmp_ai::services::workflow_orchestrator: wkmp-ai\src\services\workflow_orchestrator\mod.rs:1742: Phase 1: Filename Matching - START file="C:\\Users\\Mango Cat\\Music\\Abdul, Paula/Shut_up_and_dance_(The_Dance_Mixes)/(Paula_Abdul)Shut_up_and_dance_(The_Dance_Mixes)-01-Coldhearted_(Quiverin\'_12-).mp3"
2026-02-06T02:59:17.289968Z DEBUG tokio-runtime-worker ThreadId(23) wkmp_ai::services::filename_matcher: wkmp-ai\src\services\filename_matcher.rs:54: Checking if file exists in database path=Abdul, Paula/Shut_up_and_dance_(The_Dance_Mixes)/(Paula_Abdul)Shut_up_and_dance_(The_Dance_Mixes)-01-Coldhearted_(Quiverin'_12-).mp3 norm_us=7
2026-02-06T02:59:17.290136Z DEBUG tokio-runtime-worker ThreadId(23) wkmp_ai::services::workflow_orchestrator: wkmp-ai\src\services\workflow_orchestrator\mod.rs:3118: Starting per-file pipeline file_index=38 file_id=9b13e3b4-dc6b-4258-bb86-355ea651d1d0 file=Abdul, Paula/Shut_up_and_dance_(The_Dance_Mixes)/(Paula_Abdul)Shut_up_and_dance_(The_Dance_Mixes)-02-Straight_up_(Ultimix_Mix).mp3
2026-02-06T02:59:17.290305Z  INFO tokio-runtime-worker ThreadId(23) wkmp_ai::services::workflow_orchestrator: wkmp-ai\src\services\workflow_orchestrator\mod.rs:1733: Starting PLAN024 10-phase per-file pipeline (late audio decode) file="C:\\Users\\Mango Cat\\Music\\Abdul, Paula/Shut_up_and_dance_(The_Dance_Mixes)/(Paula_Abdul)Shut_up_and_dance_(The_Dance_Mixes)-02-Straight_up_(Ultimix_Mix).mp3"
2026-02-06T02:59:17.290480Z DEBUG tokio-runtime-worker ThreadId(23) wkmp_ai::services::workflow_orchestrator: wkmp-ai\src\services\workflow_orchestrator\mod.rs:1742: Phase 1: Filename Matching - START file="C:\\Users\\Mango Cat\\Music\\Abdul, Paula/Shut_up_and_dance_(The_Dance_Mixes)/(Paula_Abdul)Shut_up_and_dance_(The_Dance_Mixes)-02-Straight_up_(Ultimix_Mix).mp3"
2026-02-06T02:59:17.290623Z DEBUG tokio-runtime-worker ThreadId(23) wkmp_ai::services::filename_matcher: wkmp-ai\src\services\filename_matcher.rs:54: Checking if file exists in database path=Abdul, Paula/Shut_up_and_dance_(The_Dance_Mixes)/(Paula_Abdul)Shut_up_and_dance_(The_Dance_Mixes)-02-Straight_up_(Ultimix_Mix).mp3 norm_us=13
2026-02-06T02:59:17.290951Z DEBUG tokio-runtime-worker ThreadId(23) wkmp_ai::api::sse: wkmp-ai\src\api\sse.rs:71: SSE: Broadcasting import event: ImportProgressUpdate
2026-02-06T02:59:17.291542Z DEBUG tokio-runtime-worker ThreadId(23) wkmp_ai::api::sse: wkmp-ai\src\api\sse.rs:71: SSE: Broadcasting import event: ImportProgressUpdate
2026-02-06T02:59:17.291746Z DEBUG tokio-runtime-worker ThreadId(23) wkmp_ai::api::sse: wkmp-ai\src\api\sse.rs:71: SSE: Broadcasting import event: ImportProgressUpdate
2026-02-06T02:59:17.292461Z DEBUG tokio-runtime-worker ThreadId(23) wkmp_ai::api::sse: wkmp-ai\src\api\sse.rs:71: SSE: Broadcasting import event: ImportProgressUpdate
2026-02-06T02:59:17.292672Z DEBUG tokio-runtime-worker ThreadId(23) wkmp_ai::api::sse: wkmp-ai\src\api\sse.rs:71: SSE: Broadcasting import event: ImportProgressUpdate
2026-02-06T02:59:17.293271Z DEBUG tokio-runtime-worker ThreadId(23) wkmp_ai::api::sse: wkmp-ai\src\api\sse.rs:71: SSE: Broadcasting import event: ImportProgressUpdate
2026-02-06T02:59:17.293495Z DEBUG tokio-runtime-worker ThreadId(23) wkmp_ai::api::sse: wkmp-ai\src\api\sse.rs:71: SSE: Broadcasting import event: ImportProgressUpdate
2026-02-06T02:59:17.294052Z DEBUG tokio-runtime-worker ThreadId(23) wkmp_ai::api::sse: wkmp-ai\src\api\sse.rs:71: SSE: Broadcasting import event: ImportProgressUpdate
2026-02-06T02:59:17.294259Z DEBUG tokio-runtime-worker ThreadId(23) wkmp_ai::api::sse: wkmp-ai\src\api\sse.rs:71: SSE: Broadcasting import event: ImportProgressUpdate
2026-02-06T02:59:17.294954Z DEBUG tokio-runtime-worker ThreadId(23) wkmp_ai::api::sse: wkmp-ai\src\api\sse.rs:71: SSE: Broadcasting import event: ImportProgressUpdate
2026-02-06T02:59:17.295171Z DEBUG tokio-runtime-worker ThreadId(23) wkmp_ai::api::sse: wkmp-ai\src\api\sse.rs:71: SSE: Broadcasting import event: ImportProgressUpdate
2026-02-06T02:59:17.295728Z DEBUG tokio-runtime-worker ThreadId(23) wkmp_ai::api::sse: wkmp-ai\src\api\sse.rs:71: SSE: Broadcasting import event: ImportProgressUpdate
2026-02-06T02:59:17.295927Z DEBUG tokio-runtime-worker ThreadId(23) wkmp_ai::api::sse: wkmp-ai\src\api\sse.rs:71: SSE: Broadcasting import event: ImportProgressUpdate
2026-02-06T02:59:17.296519Z DEBUG tokio-runtime-worker ThreadId(23) wkmp_ai::api::sse: wkmp-ai\src\api\sse.rs:71: SSE: Broadcasting import event: ImportProgressUpdate
2026-02-06T02:59:17.296722Z DEBUG tokio-runtime-worker ThreadId(23) wkmp_ai::api::sse: wkmp-ai\src\api\sse.rs:71: SSE: Broadcasting import event: ImportProgressUpdate
2026-02-06T02:59:17.297310Z DEBUG tokio-runtime-worker ThreadId(23) wkmp_ai::api::sse: wkmp-ai\src\api\sse.rs:71: SSE: Broadcasting import event: ImportProgressUpdate
2026-02-06T02:59:17.297655Z DEBUG tokio-runtime-worker ThreadId(23) wkmp_ai::api::sse: wkmp-ai\src\api\sse.rs:71: SSE: Broadcasting import event: ImportProgressUpdate
2026-02-06T02:59:17.298270Z DEBUG tokio-runtime-worker ThreadId(23) wkmp_ai::api::sse: wkmp-ai\src\api\sse.rs:71: SSE: Broadcasting import event: ImportProgressUpdate
2026-02-06T02:59:17.298470Z DEBUG tokio-runtime-worker ThreadId(23) wkmp_ai::api::sse: wkmp-ai\src\api\sse.rs:71: SSE: Broadcasting import event: ImportProgressUpdate
2026-02-06T02:59:17.299035Z DEBUG tokio-runtime-worker ThreadId(23) wkmp_ai::api::sse: wkmp-ai\src\api\sse.rs:71: SSE: Broadcasting import event: ImportProgressUpdate
2026-02-06T02:59:17.299221Z DEBUG tokio-runtime-worker ThreadId(23) wkmp_ai::api::sse: wkmp-ai\src\api\sse.rs:71: SSE: Broadcasting import event: ImportProgressUpdate
2026-02-06T02:59:17.299801Z DEBUG tokio-runtime-worker ThreadId(23) wkmp_ai::api::sse: wkmp-ai\src\api\sse.rs:71: SSE: Broadcasting import event: ImportProgressUpdate
2026-02-06T02:59:17.300163Z DEBUG tokio-runtime-worker ThreadId(23) wkmp_ai::api::sse: wkmp-ai\src\api\sse.rs:71: SSE: Broadcasting import event: ImportProgressUpdate
2026-02-06T02:59:17.300597Z DEBUG tokio-runtime-worker ThreadId(23) wkmp_ai::api::sse: wkmp-ai\src\api\sse.rs:71: SSE: Broadcasting import event: ImportProgressUpdate
2026-02-06T02:59:17.300793Z DEBUG tokio-runtime-worker ThreadId(23) wkmp_ai::api::sse: wkmp-ai\src\api\sse.rs:71: SSE: Broadcasting import event: ImportProgressUpdate
2026-02-06T02:59:17.301410Z DEBUG tokio-runtime-worker ThreadId(23) wkmp_ai::api::sse: wkmp-ai\src\api\sse.rs:71: SSE: Broadcasting import event: ImportProgressUpdate
2026-02-06T02:59:17.301607Z DEBUG tokio-runtime-worker ThreadId(23) wkmp_ai::api::sse: wkmp-ai\src\api\sse.rs:71: SSE: Broadcasting import event: ImportProgressUpdate
2026-02-06T02:59:17.302183Z DEBUG tokio-runtime-worker ThreadId(23) wkmp_ai::api::sse: wkmp-ai\src\api\sse.rs:71: SSE: Broadcasting import event: ImportProgressUpdate
2026-02-06T02:59:17.302398Z DEBUG tokio-runtime-worker ThreadId(23) wkmp_ai::api::sse: wkmp-ai\src\api\sse.rs:71: SSE: Broadcasting import event: ImportProgressUpdate
2026-02-06T02:59:17.302990Z DEBUG tokio-runtime-worker ThreadId(23) wkmp_ai::api::sse: wkmp-ai\src\api\sse.rs:71: SSE: Broadcasting import event: ImportProgressUpdate
2026-02-06T02:59:17.303212Z DEBUG tokio-runtime-worker ThreadId(23) wkmp_ai::api::sse: wkmp-ai\src\api\sse.rs:71: SSE: Broadcasting import event: ImportProgressUpdate
2026-02-06T02:59:17.303820Z DEBUG tokio-runtime-worker ThreadId(23) wkmp_ai::api::sse: wkmp-ai\src\api\sse.rs:71: SSE: Broadcasting import event: ImportProgressUpdate
2026-02-06T02:59:17.304037Z DEBUG tokio-runtime-worker ThreadId(23) wkmp_ai::api::sse: wkmp-ai\src\api\sse.rs:71: SSE: Broadcasting import event: ImportProgressUpdate
2026-02-06T02:59:17.304645Z DEBUG tokio-runtime-worker ThreadId(23) wkmp_ai::api::sse: wkmp-ai\src\api\sse.rs:71: SSE: Broadcasting import event: ImportProgressUpdate
2026-02-06T02:59:17.304852Z DEBUG tokio-runtime-worker ThreadId(23) wkmp_ai::api::sse: wkmp-ai\src\api\sse.rs:71: SSE: Broadcasting import event: ImportProgressUpdate
2026-02-06T02:59:17.305458Z DEBUG tokio-runtime-worker ThreadId(23) wkmp_ai::api::sse: wkmp-ai\src\api\sse.rs:71: SSE: Broadcasting import event: ImportProgressUpdate
2026-02-06T02:59:17.305658Z DEBUG tokio-runtime-worker ThreadId(23) wkmp_ai::api::sse: wkmp-ai\src\api\sse.rs:71: SSE: Broadcasting import event: ImportProgressUpdate
2026-02-06T02:59:17.306296Z DEBUG tokio-runtime-worker ThreadId(23) wkmp_ai::api::sse: wkmp-ai\src\api\sse.rs:71: SSE: Broadcasting import event: ImportProgressUpdate
2026-02-06T02:59:17.306636Z DEBUG tokio-runtime-worker ThreadId(23) wkmp_ai::api::sse: wkmp-ai\src\api\sse.rs:71: SSE: Broadcasting import event: ImportProgressUpdate
2026-02-06T02:59:17.307294Z DEBUG tokio-runtime-worker ThreadId(23) wkmp_ai::api::sse: wkmp-ai\src\api\sse.rs:71: SSE: Broadcasting import event: ImportProgressUpdate
2026-02-06T02:59:17.307482Z DEBUG tokio-runtime-worker ThreadId(23) wkmp_ai::api::sse: wkmp-ai\src\api\sse.rs:71: SSE: Broadcasting import event: ImportProgressUpdate
2026-02-06T02:59:17.308085Z DEBUG tokio-runtime-worker ThreadId(23) wkmp_ai::api::sse: wkmp-ai\src\api\sse.rs:71: SSE: Broadcasting import event: ImportProgressUpdate
2026-02-06T02:59:17.308298Z DEBUG tokio-runtime-worker ThreadId(23) wkmp_ai::api::sse: wkmp-ai\src\api\sse.rs:71: SSE: Broadcasting import event: ImportProgressUpdate
2026-02-06T02:59:17.308679Z DEBUG tokio-runtime-worker ThreadId(23) wkmp_ai::api::sse: wkmp-ai\src\api\sse.rs:71: SSE: Broadcasting import event: ImportProgressUpdate
2026-02-06T02:59:17.309043Z DEBUG tokio-runtime-worker ThreadId(23) wkmp_ai::services::progress_manager: wkmp-ai\src\services\progress_manager.rs:521: Progress synced to database session_id=e6293ba0-b57f-441f-a6ea-884d33b9111b
2026-02-06T02:59:17.309408Z DEBUG tokio-runtime-worker ThreadId(23) wkmp_ai::services::progress_manager: wkmp-ai\src\services\progress_manager.rs:166: Background sync completed successfully session_id=e6293ba0-b57f-441f-a6ea-884d33b9111b
2026-02-06T02:59:17.309541Z DEBUG tokio-runtime-worker ThreadId(23) wkmp_ai::services::workflow_orchestrator: wkmp-ai\src\services\workflow_orchestrator\mod.rs:3118: Starting per-file pipeline file_index=39 file_id=172c859d-db35-425b-b79f-66c3122e9f01 file=Abdul, Paula/Shut_up_and_dance_(The_Dance_Mixes)/(Paula_Abdul)Shut_up_and_dance_(The_Dance_Mixes)-03-One_or_the_other_(1990_Mix).mp3
2026-02-06T02:59:17.309643Z  INFO tokio-runtime-worker ThreadId(23) wkmp_ai::services::workflow_orchestrator: wkmp-ai\src\services\workflow_orchestrator\mod.rs:1733: Starting PLAN024 10-phase per-file pipeline (late audio decode) file="C:\\Users\\Mango Cat\\Music\\Abdul, Paula/Shut_up_and_dance_(The_Dance_Mixes)/(Paula_Abdul)Shut_up_and_dance_(The_Dance_Mixes)-03-One_or_the_other_(1990_Mix).mp3"
2026-02-06T02:59:17.309732Z DEBUG tokio-runtime-worker ThreadId(23) wkmp_ai::services::workflow_orchestrator: wkmp-ai\src\services\workflow_orchestrator\mod.rs:1742: Phase 1: Filename Matching - START file="C:\\Users\\Mango Cat\\Music\\Abdul, Paula/Shut_up_and_dance_(The_Dance_Mixes)/(Paula_Abdul)Shut_up_and_dance_(The_Dance_Mixes)-03-One_or_the_other_(1990_Mix).mp3"
2026-02-06T02:59:17.309815Z DEBUG tokio-runtime-worker ThreadId(23) wkmp_ai::services::filename_matcher: wkmp-ai\src\services\filename_matcher.rs:54: Checking if file exists in database path=Abdul, Paula/Shut_up_and_dance_(The_Dance_Mixes)/(Paula_Abdul)Shut_up_and_dance_(The_Dance_Mixes)-03-One_or_the_other_(1990_Mix).mp3 norm_us=7
2026-02-06T02:59:17.309921Z DEBUG tokio-runtime-worker ThreadId(23) wkmp_ai::services::workflow_orchestrator: wkmp-ai\src\services\workflow_orchestrator\mod.rs:3118: Starting per-file pipeline file_index=40 file_id=9d2a8194-ee50-43c3-a2b4-82954ac65658 file=Abdul, Paula/Shut_up_and_dance_(The_Dance_Mixes)/(Paula_Abdul)Shut_up_and_dance_(The_Dance_Mixes)-04-Forever_your_Girl_(Frankie_Foncett_Mix).mp3
2026-02-06T02:59:17.310008Z  INFO tokio-runtime-worker ThreadId(23) wkmp_ai::services::workflow_orchestrator: wkmp-ai\src\services\workflow_orchestrator\mod.rs:1733: Starting PLAN024 10-phase per-file pipeline (late audio decode) file="C:\\Users\\Mango Cat\\Music\\Abdul, Paula/Shut_up_and_dance_(The_Dance_Mixes)/(Paula_Abdul)Shut_up_and_dance_(The_Dance_Mixes)-04-Forever_your_Girl_(Frankie_Foncett_Mix).mp3"
2026-02-06T02:59:17.310091Z DEBUG tokio-runtime-worker ThreadId(23) wkmp_ai::services::workflow_orchestrator: wkmp-ai\src\services\workflow_orchestrator\mod.rs:1742: Phase 1: Filename Matching - START file="C:\\Users\\Mango Cat\\Music\\Abdul, Paula/Shut_up_and_dance_(The_Dance_Mixes)/(Paula_Abdul)Shut_up_and_dance_(The_Dance_Mixes)-04-Forever_your_Girl_(Frankie_Foncett_Mix).mp3"
2026-02-06T02:59:17.310169Z DEBUG tokio-runtime-worker ThreadId(23) wkmp_ai::services::filename_matcher: wkmp-ai\src\services\filename_matcher.rs:54: Checking if file exists in database path=Abdul, Paula/Shut_up_and_dance_(The_Dance_Mixes)/(Paula_Abdul)Shut_up_and_dance_(The_Dance_Mixes)-04-Forever_your_Girl_(Frankie_Foncett_Mix).mp3 norm_us=3
2026-02-06T02:59:17.310260Z DEBUG tokio-runtime-worker ThreadId(23) wkmp_ai::services::workflow_orchestrator: wkmp-ai\src\services\workflow_orchestrator\mod.rs:3118: Starting per-file pipeline file_index=41 file_id=f1b3ec7b-3510-4440-833d-f767587c8e8c file=Abdul, Paula/Shut_up_and_dance_(The_Dance_Mixes)/(Paula_Abdul)Shut_up_and_dance_(The_Dance_Mixes)-05-Knocked_out_(Pettibone_12-).mp3
2026-02-06T02:59:17.310344Z  INFO tokio-runtime-worker ThreadId(23) wkmp_ai::services::workflow_orchestrator: wkmp-ai\src\services\workflow_orchestrator\mod.rs:1733: Starting PLAN024 10-phase per-file pipeline (late audio decode) file="C:\\Users\\Mango Cat\\Music\\Abdul, Paula/Shut_up_and_dance_(The_Dance_Mixes)/(Paula_Abdul)Shut_up_and_dance_(The_Dance_Mixes)-05-Knocked_out_(Pettibone_12-).mp3"
2026-02-06T02:59:17.310423Z DEBUG tokio-runtime-worker ThreadId(23) wkmp_ai::services::workflow_orchestrator: wkmp-ai\src\services\workflow_orchestrator\mod.rs:1742: Phase 1: Filename Matching - START file="C:\\Users\\Mango Cat\\Music\\Abdul, Paula/Shut_up_and_dance_(The_Dance_Mixes)/(Paula_Abdul)Shut_up_and_dance_(The_Dance_Mixes)-05-Knocked_out_(Pettibone_12-).mp3"
2026-02-06T02:59:17.310499Z DEBUG tokio-runtime-worker ThreadId(23) wkmp_ai::services::filename_matcher: wkmp-ai\src\services\filename_matcher.rs:54: Checking if file exists in database path=Abdul, Paula/Shut_up_and_dance_(The_Dance_Mixes)/(Paula_Abdul)Shut_up_and_dance_(The_Dance_Mixes)-05-Knocked_out_(Pettibone_12-).mp3 norm_us=3
2026-02-06T02:59:17.310593Z DEBUG tokio-runtime-worker ThreadId(23) wkmp_ai::services::workflow_orchestrator: wkmp-ai\src\services\workflow_orchestrator\mod.rs:3118: Starting per-file pipeline file_index=42 file_id=a039ec07-05b6-46d6-8543-e84fa89afd75 file=Abdul, Paula/Shut_up_and_dance_(The_Dance_Mixes)/(Paula_Abdul)Shut_up_and_dance_(The_Dance_Mixes)-06-The_Way_that_you_love_me_(HouseAFire_Mix).mp3
2026-02-06T02:59:17.310676Z  INFO tokio-runtime-worker ThreadId(23) wkmp_ai::services::workflow_orchestrator: wkmp-ai\src\services\workflow_orchestrator\mod.rs:1733: Starting PLAN024 10-phase per-file pipeline (late audio decode) file="C:\\Users\\Mango Cat\\Music\\Abdul, Paula/Shut_up_and_dance_(The_Dance_Mixes)/(Paula_Abdul)Shut_up_and_dance_(The_Dance_Mixes)-06-The_Way_that_you_love_me_(HouseAFire_Mix).mp3"
2026-02-06T02:59:17.310756Z DEBUG tokio-runtime-worker ThreadId(23) wkmp_ai::services::workflow_orchestrator: wkmp-ai\src\services\workflow_orchestrator\mod.rs:1742: Phase 1: Filename Matching - START file="C:\\Users\\Mango Cat\\Music\\Abdul, Paula/Shut_up_and_dance_(The_Dance_Mixes)/(Paula_Abdul)Shut_up_and_dance_(The_Dance_Mixes)-06-The_Way_that_you_love_me_(HouseAFire_Mix).mp3"
2026-02-06T02:59:17.310832Z DEBUG tokio-runtime-worker ThreadId(23) wkmp_ai::services::filename_matcher: wkmp-ai\src\services\filename_matcher.rs:54: Checking if file exists in database path=Abdul, Paula/Shut_up_and_dance_(The_Dance_Mixes)/(Paula_Abdul)Shut_up_and_dance_(The_Dance_Mixes)-06-The_Way_that_you_love_me_(HouseAFire_Mix).mp3 norm_us=3
2026-02-06T02:59:17.310992Z DEBUG tokio-runtime-worker ThreadId(23) wkmp_ai::services::workflow_orchestrator: wkmp-ai\src\services\workflow_orchestrator\mod.rs:3118: Starting per-file pipeline file_index=43 file_id=4594e072-ded1-4ab1-978e-ea0f03c90983 file=Abdul, Paula/Shut_up_and_dance_(The_Dance_Mixes)/(Paula_Abdul)Shut_up_and_dance_(The_Dance_Mixes)-07-Opposites_attract_(1990_Mix).mp3
2026-02-06T02:59:17.311165Z  INFO tokio-runtime-worker ThreadId(23) wkmp_ai::services::workflow_orchestrator: wkmp-ai\src\services\workflow_orchestrator\mod.rs:1733: Starting PLAN024 10-phase per-file pipeline (late audio decode) file="C:\\Users\\Mango Cat\\Music\\Abdul, Paula/Shut_up_and_dance_(The_Dance_Mixes)/(Paula_Abdul)Shut_up_and_dance_(The_Dance_Mixes)-07-Opposites_attract_(1990_Mix).mp3"
2026-02-06T02:59:17.311318Z DEBUG tokio-runtime-worker ThreadId(23) wkmp_ai::services::workflow_orchestrator: wkmp-ai\src\services\workflow_orchestrator\mod.rs:1742: Phase 1: Filename Matching - START file="C:\\Users\\Mango Cat\\Music\\Abdul, Paula/Shut_up_and_dance_(The_Dance_Mixes)/(Paula_Abdul)Shut_up_and_dance_(The_Dance_Mixes)-07-Opposites_attract_(1990_Mix).mp3"
2026-02-06T02:59:17.311476Z DEBUG tokio-runtime-worker ThreadId(23) wkmp_ai::services::filename_matcher: wkmp-ai\src\services\filename_matcher.rs:54: Checking if file exists in database path=Abdul, Paula/Shut_up_and_dance_(The_Dance_Mixes)/(Paula_Abdul)Shut_up_and_dance_(The_Dance_Mixes)-07-Opposites_attract_(1990_Mix).mp3 norm_us=11
2026-02-06T02:59:17.311663Z DEBUG tokio-runtime-worker ThreadId(23) wkmp_ai::services::workflow_orchestrator: wkmp-ai\src\services\workflow_orchestrator\mod.rs:3118: Starting per-file pipeline file_index=44 file_id=9913be8b-2c8a-48af-b60b-e04e0864bc20 file=Abdul, Paula/Shut_up_and_dance_(The_Dance_Mixes)/(Paula_Abdul)Shut_up_and_dance_(The_Dance_Mixes)-08-1990_Medley_Mix.mp3
2026-02-06T02:59:17.311814Z  INFO tokio-runtime-worker ThreadId(23) wkmp_ai::services::workflow_orchestrator: wkmp-ai\src\services\workflow_orchestrator\mod.rs:1733: Starting PLAN024 10-phase per-file pipeline (late audio decode) file="C:\\Users\\Mango Cat\\Music\\Abdul, Paula/Shut_up_and_dance_(The_Dance_Mixes)/(Paula_Abdul)Shut_up_and_dance_(The_Dance_Mixes)-08-1990_Medley_Mix.mp3"
2026-02-06T02:59:17.311956Z DEBUG tokio-runtime-worker ThreadId(23) wkmp_ai::services::workflow_orchestrator: wkmp-ai\src\services\workflow_orchestrator\mod.rs:1742: Phase 1: Filename Matching - START file="C:\\Users\\Mango Cat\\Music\\Abdul, Paula/Shut_up_and_dance_(The_Dance_Mixes)/(Paula_Abdul)Shut_up_and_dance_(The_Dance_Mixes)-08-1990_Medley_Mix.mp3"
2026-02-06T02:59:17.312096Z DEBUG tokio-runtime-worker ThreadId(23) wkmp_ai::services::filename_matcher: wkmp-ai\src\services\filename_matcher.rs:54: Checking if file exists in database path=Abdul, Paula/Shut_up_and_dance_(The_Dance_Mixes)/(Paula_Abdul)Shut_up_and_dance_(The_Dance_Mixes)-08-1990_Medley_Mix.mp3 norm_us=10
2026-02-06T02:59:17.312258Z DEBUG tokio-runtime-worker ThreadId(23) wkmp_ai::services::workflow_orchestrator: wkmp-ai\src\services\workflow_orchestrator\mod.rs:3118: Starting per-file pipeline file_index=45 file_id=e7e6d982-1560-40c5-b8ec-347b47ee29ff file=Ace of Base/HappyNation.mp3
2026-02-06T02:59:17.312404Z  INFO tokio-runtime-worker ThreadId(23) wkmp_ai::services::workflow_orchestrator: wkmp-ai\src\services\workflow_orchestrator\mod.rs:1733: Starting PLAN024 10-phase per-file pipeline (late audio decode) file="C:\\Users\\Mango Cat\\Music\\Ace of Base/HappyNation.mp3"
2026-02-06T02:59:17.312540Z DEBUG tokio-runtime-worker ThreadId(23) wkmp_ai::services::workflow_orchestrator: wkmp-ai\src\services\workflow_orchestrator\mod.rs:1742: Phase 1: Filename Matching - START file="C:\\Users\\Mango Cat\\Music\\Ace of Base/HappyNation.mp3"
2026-02-06T02:59:17.312674Z DEBUG tokio-runtime-worker ThreadId(23) wkmp_ai::services::filename_matcher: wkmp-ai\src\services\filename_matcher.rs:54: Checking if file exists in database path=Ace of Base/HappyNation.mp3 norm_us=8
2026-02-06T02:59:17.314077Z DEBUG tokio-runtime-worker ThreadId(23) wkmp_ai::services::filename_matcher: wkmp-ai\src\services\filename_matcher.rs:65: Database query completed path=AC-DC/Back in Black/Disc 1 - 9 - Shake a Leg.mp3 query_us=25290
2026-02-06T02:59:17.314187Z DEBUG tokio-runtime-worker ThreadId(23) wkmp_ai::services::filename_matcher: wkmp-ai\src\services\filename_matcher.rs:81: File already processed (INGEST COMPLETE) path=AC-DC/Back in Black/Disc 1 - 9 - Shake a Leg.mp3 guid=5a946ee7-fdcb-43f3-8472-acd5d644a537
2026-02-06T02:59:17.314269Z  INFO tokio-runtime-worker ThreadId(23) wkmp_ai::services::workflow_orchestrator: wkmp-ai\src\services\workflow_orchestrator\mod.rs:1756: Phase 1 completed phase="Filename Matching" duration_ms=25 path_us=1 db_ms=25 file_index=35
2026-02-06T02:59:17.314355Z  INFO tokio-runtime-worker ThreadId(23) wkmp_ai::services::workflow_orchestrator: wkmp-ai\src\services\workflow_orchestrator\mod.rs:1770: File already processed (INGEST COMPLETE/NO AUDIO/DUPLICATE HASH), skipping all remaining phases file="C:\\Users\\Mango Cat\\Music\\AC-DC/Back in Black/Disc 1 - 9 - Shake a Leg.mp3" file_id=5a946ee7-fdcb-43f3-8472-acd5d644a537
2026-02-06T02:59:17.314526Z DEBUG tokio-runtime-worker ThreadId(23) wkmp_ai::services::workflow_orchestrator: wkmp-ai\src\services\workflow_orchestrator\mod.rs:2936: File processing complete session_id=e6293ba0-b57f-441f-a6ea-884d33b9111b file_index=35 file=AC-DC/Back in Black/Disc 1 - 9 - Shake a Leg.mp3
2026-02-06T02:59:17.314766Z DEBUG tokio-runtime-worker ThreadId(23) wkmp_ai::services::workflow_orchestrator: wkmp-ai\src\services\workflow_orchestrator\mod.rs:1438: Acquiring all statistics Mutex locks for SSE conversion
2026-02-06T02:59:17.314870Z DEBUG tokio-runtime-worker ThreadId(23) wkmp_ai::services::workflow_orchestrator: wkmp-ai\src\services\workflow_orchestrator\mod.rs:1467: All statistics Mutex locks acquired and data cloned
2026-02-06T02:59:17.314972Z DEBUG tokio-runtime-worker ThreadId(23) wkmp_ai::services::workflow_orchestrator: wkmp-ai\src\services\workflow_orchestrator\mod.rs:1577: Releasing all statistics Mutex locks for SSE conversion
2026-02-06T02:59:17.315294Z DEBUG tokio-runtime-worker ThreadId(23) wkmp_ai::services::filename_matcher: wkmp-ai\src\services\filename_matcher.rs:65: Database query completed path=AURORA/AuroraTeardrop.mp3 query_us=25845
2026-02-06T02:59:17.315430Z DEBUG tokio-runtime-worker ThreadId(23) wkmp_ai::services::filename_matcher: wkmp-ai\src\services\filename_matcher.rs:81: File already processed (INGEST COMPLETE) path=AURORA/AuroraTeardrop.mp3 guid=7e89c56d-07e8-4637-92b4-a36aa2fa5af4
2026-02-06T02:59:17.315564Z  INFO tokio-runtime-worker ThreadId(23) wkmp_ai::services::workflow_orchestrator: wkmp-ai\src\services\workflow_orchestrator\mod.rs:1756: Phase 1 completed phase="Filename Matching" duration_ms=26 path_us=1 db_ms=26 file_index=36
2026-02-06T02:59:17.315707Z  INFO tokio-runtime-worker ThreadId(23) wkmp_ai::services::workflow_orchestrator: wkmp-ai\src\services\workflow_orchestrator\mod.rs:1770: File already processed (INGEST COMPLETE/NO AUDIO/DUPLICATE HASH), skipping all remaining phases file="C:\\Users\\Mango Cat\\Music\\AURORA/AuroraTeardrop.mp3" file_id=7e89c56d-07e8-4637-92b4-a36aa2fa5af4
2026-02-06T02:59:17.315857Z DEBUG tokio-runtime-worker ThreadId(23) wkmp_ai::services::workflow_orchestrator: wkmp-ai\src\services\workflow_orchestrator\mod.rs:2936: File processing complete session_id=e6293ba0-b57f-441f-a6ea-884d33b9111b file_index=36 file=AURORA/AuroraTeardrop.mp3
2026-02-06T02:59:17.316004Z DEBUG tokio-runtime-worker ThreadId(23) wkmp_ai::services::workflow_orchestrator: wkmp-ai\src\services\workflow_orchestrator\mod.rs:1438: Acquiring all statistics Mutex locks for SSE conversion
2026-02-06T02:59:17.316113Z DEBUG tokio-runtime-worker ThreadId(23) wkmp_ai::services::workflow_orchestrator: wkmp-ai\src\services\workflow_orchestrator\mod.rs:1467: All statistics Mutex locks acquired and data cloned
2026-02-06T02:59:17.316274Z DEBUG tokio-runtime-worker ThreadId(23) wkmp_ai::services::workflow_orchestrator: wkmp-ai\src\services\workflow_orchestrator\mod.rs:1577: Releasing all statistics Mutex locks for SSE conversion
2026-02-06T02:59:17.316423Z DEBUG tokio-runtime-worker ThreadId(23) wkmp_ai::services::filename_matcher: wkmp-ai\src\services\filename_matcher.rs:65: Database query completed path=Ace of Base/HappyNation.mp3 query_us=3632
2026-02-06T02:59:17.316533Z DEBUG tokio-runtime-worker ThreadId(23) wkmp_ai::services::filename_matcher: wkmp-ai\src\services\filename_matcher.rs:88: File exists, reusing fileId path=Ace of Base/HappyNation.mp3 guid=e7e6d982-1560-40c5-b8ec-347b47ee29ff status=PENDING
2026-02-06T02:59:17.316680Z  INFO tokio-runtime-worker ThreadId(23) wkmp_ai::services::workflow_orchestrator: wkmp-ai\src\services\workflow_orchestrator\mod.rs:1756: Phase 1 completed phase="Filename Matching" duration_ms=4 path_us=2 db_ms=4 file_index=45
2026-02-06T02:59:17.316818Z DEBUG tokio-runtime-worker ThreadId(23) wkmp_ai::services::workflow_orchestrator: wkmp-ai\src\services\workflow_orchestrator\mod.rs:1778: Reusing existing file record (incomplete processing) file_id=e7e6d982-1560-40c5-b8ec-347b47ee29ff
2026-02-06T02:59:17.316975Z DEBUG tokio-runtime-worker ThreadId(23) wkmp_ai::services::workflow_orchestrator: wkmp-ai\src\services\workflow_orchestrator\mod.rs:1812: Phase 2: Hash Deduplication file="C:\\Users\\Mango Cat\\Music\\Ace of Base/HappyNation.mp3" file_id=e7e6d982-1560-40c5-b8ec-347b47ee29ff
2026-02-06T02:59:17.317106Z DEBUG tokio-runtime-worker ThreadId(23) wkmp_ai::services::hash_deduplicator: wkmp-ai\src\services\hash_deduplicator.rs:52: Calculating SHA-256 hash path=C:\Users\Mango Cat\Music\Ace of Base/HappyNation.mp3
2026-02-06T02:59:17.317334Z DEBUG tokio-runtime-worker ThreadId(23) wkmp_ai::services::filename_matcher: wkmp-ai\src\services\filename_matcher.rs:65: Database query completed path=Abdul, Paula/Shut_up_and_dance_(The_Dance_Mixes)/(Paula_Abdul)Shut_up_and_dance_(The_Dance_Mixes)-03-One_or_the_other_(1990_Mix).mp3 query_us=7440
2026-02-06T02:59:17.317477Z DEBUG tokio-runtime-worker ThreadId(23) wkmp_ai::services::filename_matcher: wkmp-ai\src\services\filename_matcher.rs:81: File already processed (INGEST COMPLETE) path=Abdul, Paula/Shut_up_and_dance_(The_Dance_Mixes)/(Paula_Abdul)Shut_up_and_dance_(The_Dance_Mixes)-03-One_or_the_other_(1990_Mix).mp3 guid=172c859d-db35-425b-b79f-66c3122e9f01
2026-02-06T02:59:17.317609Z  INFO tokio-runtime-worker ThreadId(23) wkmp_ai::services::workflow_orchestrator: wkmp-ai\src\services\workflow_orchestrator\mod.rs:1756: Phase 1 completed phase="Filename Matching" duration_ms=7 path_us=1 db_ms=7 file_index=39
2026-02-06T02:59:17.317747Z  INFO tokio-runtime-worker ThreadId(23) wkmp_ai::services::workflow_orchestrator: wkmp-ai\src\services\workflow_orchestrator\mod.rs:1770: File already processed (INGEST COMPLETE/NO AUDIO/DUPLICATE HASH), skipping all remaining phases file="C:\\Users\\Mango Cat\\Music\\Abdul, Paula/Shut_up_and_dance_(The_Dance_Mixes)/(Paula_Abdul)Shut_up_and_dance_(The_Dance_Mixes)-03-One_or_the_other_(1990_Mix).mp3" file_id=172c859d-db35-425b-b79f-66c3122e9f01
2026-02-06T02:59:17.317912Z DEBUG tokio-runtime-worker ThreadId(23) wkmp_ai::services::workflow_orchestrator: wkmp-ai\src\services\workflow_orchestrator\mod.rs:2936: File processing complete session_id=e6293ba0-b57f-441f-a6ea-884d33b9111b file_index=39 file=Abdul, Paula/Shut_up_and_dance_(The_Dance_Mixes)/(Paula_Abdul)Shut_up_and_dance_(The_Dance_Mixes)-03-One_or_the_other_(1990_Mix).mp3
2026-02-06T02:59:17.318069Z DEBUG tokio-runtime-worker ThreadId(23) wkmp_ai::services::workflow_orchestrator: wkmp-ai\src\services\workflow_orchestrator\mod.rs:1438: Acquiring all statistics Mutex locks for SSE conversion
2026-02-06T02:59:17.318191Z DEBUG tokio-runtime-worker ThreadId(23) wkmp_ai::services::workflow_orchestrator: wkmp-ai\src\services\workflow_orchestrator\mod.rs:1467: All statistics Mutex locks acquired and data cloned
2026-02-06T02:59:17.318339Z DEBUG tokio-runtime-worker ThreadId(23) wkmp_ai::services::workflow_orchestrator: wkmp-ai\src\services\workflow_orchestrator\mod.rs:1577: Releasing all statistics Mutex locks for SSE conversion
2026-02-06T02:59:17.318502Z DEBUG tokio-runtime-worker ThreadId(23) wkmp_ai::services::filename_matcher: wkmp-ai\src\services\filename_matcher.rs:65: Database query completed path=Abdul, Paula/Shut_up_and_dance_(The_Dance_Mixes)/(Paula_Abdul)Shut_up_and_dance_(The_Dance_Mixes)-04-Forever_your_Girl_(Frankie_Foncett_Mix).mp3 query_us=8257
2026-02-06T02:59:17.318644Z DEBUG tokio-runtime-worker ThreadId(23) wkmp_ai::services::filename_matcher: wkmp-ai\src\services\filename_matcher.rs:81: File already processed (INGEST COMPLETE) path=Abdul, Paula/Shut_up_and_dance_(The_Dance_Mixes)/(Paula_Abdul)Shut_up_and_dance_(The_Dance_Mixes)-04-Forever_your_Girl_(Frankie_Foncett_Mix).mp3 guid=9d2a8194-ee50-43c3-a2b4-82954ac65658
2026-02-06T02:59:17.318782Z  INFO tokio-runtime-worker ThreadId(23) wkmp_ai::services::workflow_orchestrator: wkmp-ai\src\services\workflow_orchestrator\mod.rs:1756: Phase 1 completed phase="Filename Matching" duration_ms=8 path_us=0 db_ms=8 file_index=40
2026-02-06T02:59:17.318928Z  INFO tokio-runtime-worker ThreadId(23) wkmp_ai::services::workflow_orchestrator: wkmp-ai\src\services\workflow_orchestrator\mod.rs:1770: File already processed (INGEST COMPLETE/NO AUDIO/DUPLICATE HASH), skipping all remaining phases file="C:\\Users\\Mango Cat\\Music\\Abdul, Paula/Shut_up_and_dance_(The_Dance_Mixes)/(Paula_Abdul)Shut_up_and_dance_(The_Dance_Mixes)-04-Forever_your_Girl_(Frankie_Foncett_Mix).mp3" file_id=9d2a8194-ee50-43c3-a2b4-82954ac65658
2026-02-06T02:59:17.319095Z DEBUG tokio-runtime-worker ThreadId(23) wkmp_ai::services::workflow_orchestrator: wkmp-ai\src\services\workflow_orchestrator\mod.rs:2936: File processing complete session_id=e6293ba0-b57f-441f-a6ea-884d33b9111b file_index=40 file=Abdul, Paula/Shut_up_and_dance_(The_Dance_Mixes)/(Paula_Abdul)Shut_up_and_dance_(The_Dance_Mixes)-04-Forever_your_Girl_(Frankie_Foncett_Mix).mp3
2026-02-06T02:59:17.319251Z DEBUG tokio-runtime-worker ThreadId(23) wkmp_ai::services::workflow_orchestrator: wkmp-ai\src\services\workflow_orchestrator\mod.rs:1438: Acquiring all statistics Mutex locks for SSE conversion
2026-02-06T02:59:17.319373Z DEBUG tokio-runtime-worker ThreadId(23) wkmp_ai::services::workflow_orchestrator: wkmp-ai\src\services\workflow_orchestrator\mod.rs:1467: All statistics Mutex locks acquired and data cloned
2026-02-06T02:59:17.319523Z DEBUG tokio-runtime-worker ThreadId(23) wkmp_ai::services::workflow_orchestrator: wkmp-ai\src\services\workflow_orchestrator\mod.rs:1577: Releasing all statistics Mutex locks for SSE conversion
2026-02-06T02:59:17.319683Z DEBUG tokio-runtime-worker ThreadId(23) wkmp_ai::services::filename_matcher: wkmp-ai\src\services\filename_matcher.rs:65: Database query completed path=Abdul, Paula/Shut_up_and_dance_(The_Dance_Mixes)/(Paula_Abdul)Shut_up_and_dance_(The_Dance_Mixes)-02-Straight_up_(Ultimix_Mix).mp3 query_us=28922
2026-02-06T02:59:17.319827Z DEBUG tokio-runtime-worker ThreadId(23) wkmp_ai::services::filename_matcher: wkmp-ai\src\services\filename_matcher.rs:81: File already processed (INGEST COMPLETE) path=Abdul, Paula/Shut_up_and_dance_(The_Dance_Mixes)/(Paula_Abdul)Shut_up_and_dance_(The_Dance_Mixes)-02-Straight_up_(Ultimix_Mix).mp3 guid=9b13e3b4-dc6b-4258-bb86-355ea651d1d0
2026-02-06T02:59:17.319956Z  INFO tokio-runtime-worker ThreadId(23) wkmp_ai::services::workflow_orchestrator: wkmp-ai\src\services\workflow_orchestrator\mod.rs:1756: Phase 1 completed phase="Filename Matching" duration_ms=29 path_us=3 db_ms=29 file_index=38
2026-02-06T02:59:17.320100Z  INFO tokio-runtime-worker ThreadId(23) wkmp_ai::services::workflow_orchestrator: wkmp-ai\src\services\workflow_orchestrator\mod.rs:1770: File already processed (INGEST COMPLETE/NO AUDIO/DUPLICATE HASH), skipping all remaining phases file="C:\\Users\\Mango Cat\\Music\\Abdul, Paula/Shut_up_and_dance_(The_Dance_Mixes)/(Paula_Abdul)Shut_up_and_dance_(The_Dance_Mixes)-02-Straight_up_(Ultimix_Mix).mp3" file_id=9b13e3b4-dc6b-4258-bb86-355ea651d1d0
2026-02-06T02:59:17.320262Z DEBUG tokio-runtime-worker ThreadId(23) wkmp_ai::services::workflow_orchestrator: wkmp-ai\src\services\workflow_orchestrator\mod.rs:2936: File processing complete session_id=e6293ba0-b57f-441f-a6ea-884d33b9111b file_index=38 file=Abdul, Paula/Shut_up_and_dance_(The_Dance_Mixes)/(Paula_Abdul)Shut_up_and_dance_(The_Dance_Mixes)-02-Straight_up_(Ultimix_Mix).mp3
2026-02-06T02:59:17.320412Z DEBUG tokio-runtime-worker ThreadId(23) wkmp_ai::services::workflow_orchestrator: wkmp-ai\src\services\workflow_orchestrator\mod.rs:1438: Acquiring all statistics Mutex locks for SSE conversion
2026-02-06T02:59:17.320529Z DEBUG tokio-runtime-worker ThreadId(23) wkmp_ai::services::workflow_orchestrator: wkmp-ai\src\services\workflow_orchestrator\mod.rs:1467: All statistics Mutex locks acquired and data cloned
2026-02-06T02:59:17.320673Z DEBUG tokio-runtime-worker ThreadId(23) wkmp_ai::services::workflow_orchestrator: wkmp-ai\src\services\workflow_orchestrator\mod.rs:1577: Releasing all statistics Mutex locks for SSE conversion
2026-02-06T02:59:17.320834Z DEBUG tokio-runtime-worker ThreadId(23) wkmp_ai::services::filename_matcher: wkmp-ai\src\services\filename_matcher.rs:65: Database query completed path=Abdul, Paula/Shut_up_and_dance_(The_Dance_Mixes)/(Paula_Abdul)Shut_up_and_dance_(The_Dance_Mixes)-08-1990_Medley_Mix.mp3 query_us=8623
2026-02-06T02:59:17.320976Z DEBUG tokio-runtime-worker ThreadId(23) wkmp_ai::services::filename_matcher: wkmp-ai\src\services\filename_matcher.rs:81: File already processed (INGEST COMPLETE) path=Abdul, Paula/Shut_up_and_dance_(The_Dance_Mixes)/(Paula_Abdul)Shut_up_and_dance_(The_Dance_Mixes)-08-1990_Medley_Mix.mp3 guid=9913be8b-2c8a-48af-b60b-e04e0864bc20
2026-02-06T02:59:17.321111Z  INFO tokio-runtime-worker ThreadId(23) wkmp_ai::services::workflow_orchestrator: wkmp-ai\src\services\workflow_orchestrator\mod.rs:1756: Phase 1 completed phase="Filename Matching" duration_ms=9 path_us=2 db_ms=9 file_index=44
2026-02-06T02:59:17.321251Z  INFO tokio-runtime-worker ThreadId(23) wkmp_ai::services::workflow_orchestrator: wkmp-ai\src\services\workflow_orchestrator\mod.rs:1770: File already processed (INGEST COMPLETE/NO AUDIO/DUPLICATE HASH), skipping all remaining phases file="C:\\Users\\Mango Cat\\Music\\Abdul, Paula/Shut_up_and_dance_(The_Dance_Mixes)/(Paula_Abdul)Shut_up_and_dance_(The_Dance_Mixes)-08-1990_Medley_Mix.mp3" file_id=9913be8b-2c8a-48af-b60b-e04e0864bc20
2026-02-06T02:59:17.321416Z DEBUG tokio-runtime-worker ThreadId(23) wkmp_ai::services::workflow_orchestrator: wkmp-ai\src\services\workflow_orchestrator\mod.rs:2936: File processing complete session_id=e6293ba0-b57f-441f-a6ea-884d33b9111b file_index=44 file=Abdul, Paula/Shut_up_and_dance_(The_Dance_Mixes)/(Paula_Abdul)Shut_up_and_dance_(The_Dance_Mixes)-08-1990_Medley_Mix.mp3
2026-02-06T02:59:17.329161Z DEBUG tokio-runtime-worker ThreadId(23) wkmp_ai::services::workflow_orchestrator: wkmp-ai\src\services\workflow_orchestrator\mod.rs:1438: Acquiring all statistics Mutex locks for SSE conversion
2026-02-06T02:59:17.329340Z DEBUG tokio-runtime-worker ThreadId(23) wkmp_ai::services::workflow_orchestrator: wkmp-ai\src\services\workflow_orchestrator\mod.rs:1467: All statistics Mutex locks acquired and data cloned
2026-02-06T02:59:17.329564Z DEBUG tokio-runtime-worker ThreadId(23) wkmp_ai::services::workflow_orchestrator: wkmp-ai\src\services\workflow_orchestrator\mod.rs:1577: Releasing all statistics Mutex locks for SSE conversion
2026-02-06T02:59:17.330159Z DEBUG tokio-runtime-worker ThreadId(23) wkmp_ai::services::filename_matcher: wkmp-ai\src\services\filename_matcher.rs:65: Database query completed path=Abdul, Paula/Shut_up_and_dance_(The_Dance_Mixes)/(Paula_Abdul)Shut_up_and_dance_(The_Dance_Mixes)-01-Coldhearted_(Quiverin'_12-).mp3 query_us=40059
2026-02-06T02:59:17.330506Z DEBUG tokio-runtime-worker ThreadId(23) wkmp_ai::services::filename_matcher: wkmp-ai\src\services\filename_matcher.rs:81: File already processed (INGEST COMPLETE) path=Abdul, Paula/Shut_up_and_dance_(The_Dance_Mixes)/(Paula_Abdul)Shut_up_and_dance_(The_Dance_Mixes)-01-Coldhearted_(Quiverin'_12-).mp3 guid=0d8c56aa-ccc0-4691-9647-1f0b7c72aaea
2026-02-06T02:59:17.330787Z  INFO tokio-runtime-worker ThreadId(23) wkmp_ai::services::workflow_orchestrator: wkmp-ai\src\services\workflow_orchestrator\mod.rs:1756: Phase 1 completed phase="Filename Matching" duration_ms=40 path_us=1 db_ms=40 file_index=37
2026-02-06T02:59:17.331208Z  INFO tokio-runtime-worker ThreadId(23) wkmp_ai::services::workflow_orchestrator: wkmp-ai\src\services\workflow_orchestrator\mod.rs:1770: File already processed (INGEST COMPLETE/NO AUDIO/DUPLICATE HASH), skipping all remaining phases file="C:\\Users\\Mango Cat\\Music\\Abdul, Paula/Shut_up_and_dance_(The_Dance_Mixes)/(Paula_Abdul)Shut_up_and_dance_(The_Dance_Mixes)-01-Coldhearted_(Quiverin\'_12-).mp3" file_id=0d8c56aa-ccc0-4691-9647-1f0b7c72aaea
2026-02-06T02:59:17.331602Z DEBUG tokio-runtime-worker ThreadId(23) wkmp_ai::services::workflow_orchestrator: wkmp-ai\src\services\workflow_orchestrator\mod.rs:2936: File processing complete session_id=e6293ba0-b57f-441f-a6ea-884d33b9111b file_index=37 file=Abdul, Paula/Shut_up_and_dance_(The_Dance_Mixes)/(Paula_Abdul)Shut_up_and_dance_(The_Dance_Mixes)-01-Coldhearted_(Quiverin'_12-).mp3
2026-02-06T02:59:17.331913Z DEBUG tokio-runtime-worker ThreadId(23) wkmp_ai::services::workflow_orchestrator: wkmp-ai\src\services\workflow_orchestrator\mod.rs:1438: Acquiring all statistics Mutex locks for SSE conversion
2026-02-06T02:59:17.332002Z DEBUG tokio-runtime-worker ThreadId(23) wkmp_ai::services::workflow_orchestrator: wkmp-ai\src\services\workflow_orchestrator\mod.rs:1467: All statistics Mutex locks acquired and data cloned
2026-02-06T02:59:17.332239Z DEBUG tokio-runtime-worker ThreadId(23) wkmp_ai::services::workflow_orchestrator: wkmp-ai\src\services\workflow_orchestrator\mod.rs:1577: Releasing all statistics Mutex locks for SSE conversion
2026-02-06T02:59:17.332556Z DEBUG tokio-runtime-worker ThreadId(23) wkmp_ai::services::filename_matcher: wkmp-ai\src\services\filename_matcher.rs:65: Database query completed path=Abdul, Paula/Shut_up_and_dance_(The_Dance_Mixes)/(Paula_Abdul)Shut_up_and_dance_(The_Dance_Mixes)-05-Knocked_out_(Pettibone_12-).mp3 query_us=21979
2026-02-06T02:59:17.332757Z DEBUG tokio-runtime-worker ThreadId(23) wkmp_ai::services::filename_matcher: wkmp-ai\src\services\filename_matcher.rs:81: File already processed (INGEST COMPLETE) path=Abdul, Paula/Shut_up_and_dance_(The_Dance_Mixes)/(Paula_Abdul)Shut_up_and_dance_(The_Dance_Mixes)-05-Knocked_out_(Pettibone_12-).mp3 guid=f1b3ec7b-3510-4440-833d-f767587c8e8c
2026-02-06T02:59:17.332973Z  INFO tokio-runtime-worker ThreadId(23) wkmp_ai::services::workflow_orchestrator: wkmp-ai\src\services\workflow_orchestrator\mod.rs:1756: Phase 1 completed phase="Filename Matching" duration_ms=22 path_us=0 db_ms=22 file_index=41
2026-02-06T02:59:17.333082Z  INFO tokio-runtime-worker ThreadId(23) wkmp_ai::services::workflow_orchestrator: wkmp-ai\src\services\workflow_orchestrator\mod.rs:1770: File already processed (INGEST COMPLETE/NO AUDIO/DUPLICATE HASH), skipping all remaining phases file="C:\\Users\\Mango Cat\\Music\\Abdul, Paula/Shut_up_and_dance_(The_Dance_Mixes)/(Paula_Abdul)Shut_up_and_dance_(The_Dance_Mixes)-05-Knocked_out_(Pettibone_12-).mp3" file_id=f1b3ec7b-3510-4440-833d-f767587c8e8c
2026-02-06T02:59:17.333325Z DEBUG tokio-runtime-worker ThreadId(23) wkmp_ai::services::workflow_orchestrator: wkmp-ai\src\services\workflow_orchestrator\mod.rs:2936: File processing complete session_id=e6293ba0-b57f-441f-a6ea-884d33b9111b file_index=41 file=Abdul, Paula/Shut_up_and_dance_(The_Dance_Mixes)/(Paula_Abdul)Shut_up_and_dance_(The_Dance_Mixes)-05-Knocked_out_(Pettibone_12-).mp3
2026-02-06T02:59:17.333514Z DEBUG tokio-runtime-worker ThreadId(23) wkmp_ai::services::workflow_orchestrator: wkmp-ai\src\services\workflow_orchestrator\mod.rs:1438: Acquiring all statistics Mutex locks for SSE conversion
2026-02-06T02:59:17.333865Z DEBUG tokio-runtime-worker ThreadId(23) wkmp_ai::services::workflow_orchestrator: wkmp-ai\src\services\workflow_orchestrator\mod.rs:1467: All statistics Mutex locks acquired and data cloned
2026-02-06T02:59:17.334014Z DEBUG tokio-runtime-worker ThreadId(23) wkmp_ai::services::workflow_orchestrator: wkmp-ai\src\services\workflow_orchestrator\mod.rs:1577: Releasing all statistics Mutex locks for SSE conversion
2026-02-06T02:59:17.334298Z DEBUG tokio-runtime-worker ThreadId(23) wkmp_ai::services::filename_matcher: wkmp-ai\src\services\filename_matcher.rs:65: Database query completed path=Abdul, Paula/Shut_up_and_dance_(The_Dance_Mixes)/(Paula_Abdul)Shut_up_and_dance_(The_Dance_Mixes)-06-The_Way_that_you_love_me_(HouseAFire_Mix).mp3 query_us=23370
2026-02-06T02:59:17.334524Z DEBUG tokio-runtime-worker ThreadId(23) wkmp_ai::services::filename_matcher: wkmp-ai\src\services\filename_matcher.rs:81: File already processed (INGEST COMPLETE) path=Abdul, Paula/Shut_up_and_dance_(The_Dance_Mixes)/(Paula_Abdul)Shut_up_and_dance_(The_Dance_Mixes)-06-The_Way_that_you_love_me_(HouseAFire_Mix).mp3 guid=a039ec07-05b6-46d6-8543-e84fa89afd75
2026-02-06T02:59:17.334670Z  INFO tokio-runtime-worker ThreadId(23) wkmp_ai::services::workflow_orchestrator: wkmp-ai\src\services\workflow_orchestrator\mod.rs:1756: Phase 1 completed phase="Filename Matching" duration_ms=23 path_us=0 db_ms=23 file_index=42
2026-02-06T02:59:17.334834Z  INFO tokio-runtime-worker ThreadId(23) wkmp_ai::services::workflow_orchestrator: wkmp-ai\src\services\workflow_orchestrator\mod.rs:1770: File already processed (INGEST COMPLETE/NO AUDIO/DUPLICATE HASH), skipping all remaining phases file="C:\\Users\\Mango Cat\\Music\\Abdul, Paula/Shut_up_and_dance_(The_Dance_Mixes)/(Paula_Abdul)Shut_up_and_dance_(The_Dance_Mixes)-06-The_Way_that_you_love_me_(HouseAFire_Mix).mp3" file_id=a039ec07-05b6-46d6-8543-e84fa89afd75
2026-02-06T02:59:17.334987Z DEBUG tokio-runtime-worker ThreadId(23) wkmp_ai::services::workflow_orchestrator: wkmp-ai\src\services\workflow_orchestrator\mod.rs:2936: File processing complete session_id=e6293ba0-b57f-441f-a6ea-884d33b9111b file_index=42 file=Abdul, Paula/Shut_up_and_dance_(The_Dance_Mixes)/(Paula_Abdul)Shut_up_and_dance_(The_Dance_Mixes)-06-The_Way_that_you_love_me_(HouseAFire_Mix).mp3
2026-02-06T02:59:17.335161Z DEBUG tokio-runtime-worker ThreadId(23) wkmp_ai::services::workflow_orchestrator: wkmp-ai\src\services\workflow_orchestrator\mod.rs:1438: Acquiring all statistics Mutex locks for SSE conversion
2026-02-06T02:59:17.335289Z DEBUG tokio-runtime-worker ThreadId(23) wkmp_ai::services::workflow_orchestrator: wkmp-ai\src\services\workflow_orchestrator\mod.rs:1467: All statistics Mutex locks acquired and data cloned
2026-02-06T02:59:17.335468Z DEBUG tokio-runtime-worker ThreadId(23) wkmp_ai::services::workflow_orchestrator: wkmp-ai\src\services\workflow_orchestrator\mod.rs:1577: Releasing all statistics Mutex locks for SSE conversion
2026-02-06T02:59:17.335657Z DEBUG tokio-runtime-worker ThreadId(23) wkmp_ai::services::filename_matcher: wkmp-ai\src\services\filename_matcher.rs:65: Database query completed path=Abdul, Paula/Shut_up_and_dance_(The_Dance_Mixes)/(Paula_Abdul)Shut_up_and_dance_(The_Dance_Mixes)-07-Opposites_attract_(1990_Mix).mp3 query_us=24058
2026-02-06T02:59:17.335792Z DEBUG tokio-runtime-worker ThreadId(23) wkmp_ai::services::filename_matcher: wkmp-ai\src\services\filename_matcher.rs:81: File already processed (INGEST COMPLETE) path=Abdul, Paula/Shut_up_and_dance_(The_Dance_Mixes)/(Paula_Abdul)Shut_up_and_dance_(The_Dance_Mixes)-07-Opposites_attract_(1990_Mix).mp3 guid=4594e072-ded1-4ab1-978e-ea0f03c90983
2026-02-06T02:59:17.335909Z  INFO tokio-runtime-worker ThreadId(23) wkmp_ai::services::workflow_orchestrator: wkmp-ai\src\services\workflow_orchestrator\mod.rs:1756: Phase 1 completed phase="Filename Matching" duration_ms=24 path_us=2 db_ms=24 file_index=43
2026-02-06T02:59:17.336038Z  INFO tokio-runtime-worker ThreadId(23) wkmp_ai::services::workflow_orchestrator: wkmp-ai\src\services\workflow_orchestrator\mod.rs:1770: File already processed (INGEST COMPLETE/NO AUDIO/DUPLICATE HASH), skipping all remaining phases file="C:\\Users\\Mango Cat\\Music\\Abdul, Paula/Shut_up_and_dance_(The_Dance_Mixes)/(Paula_Abdul)Shut_up_and_dance_(The_Dance_Mixes)-07-Opposites_attract_(1990_Mix).mp3" file_id=4594e072-ded1-4ab1-978e-ea0f03c90983
2026-02-06T02:59:17.336253Z DEBUG tokio-runtime-worker ThreadId(23) wkmp_ai::services::workflow_orchestrator: wkmp-ai\src\services\workflow_orchestrator\mod.rs:2936: File processing complete session_id=e6293ba0-b57f-441f-a6ea-884d33b9111b file_index=43 file=Abdul, Paula/Shut_up_and_dance_(The_Dance_Mixes)/(Paula_Abdul)Shut_up_and_dance_(The_Dance_Mixes)-07-Opposites_attract_(1990_Mix).mp3
2026-02-06T02:59:17.336414Z DEBUG tokio-runtime-worker ThreadId(23) wkmp_ai::services::workflow_orchestrator: wkmp-ai\src\services\workflow_orchestrator\mod.rs:1438: Acquiring all statistics Mutex locks for SSE conversion
2026-02-06T02:59:17.336528Z DEBUG tokio-runtime-worker ThreadId(23) wkmp_ai::services::workflow_orchestrator: wkmp-ai\src\services\workflow_orchestrator\mod.rs:1467: All statistics Mutex locks acquired and data cloned
2026-02-06T02:59:17.336679Z DEBUG tokio-runtime-worker ThreadId(23) wkmp_ai::services::workflow_orchestrator: wkmp-ai\src\services\workflow_orchestrator\mod.rs:1577: Releasing all statistics Mutex locks for SSE conversion
2026-02-06T02:59:17.336829Z DEBUG tokio-runtime-worker ThreadId(23) wkmp_ai::services::workflow_orchestrator: wkmp-ai\src\services\workflow_orchestrator\mod.rs:3118: Starting per-file pipeline file_index=46 file_id=62a7341f-b287-4cc2-be57-6de77b65772a file=Aerosmith/(Aerosmith)Single-03-Angel.mp3
2026-02-06T02:59:17.337015Z  INFO tokio-runtime-worker ThreadId(23) wkmp_ai::services::workflow_orchestrator: wkmp-ai\src\services\workflow_orchestrator\mod.rs:1733: Starting PLAN024 10-phase per-file pipeline (late audio decode) file="C:\\Users\\Mango Cat\\Music\\Aerosmith/(Aerosmith)Single-03-Angel.mp3"
2026-02-06T02:59:17.337178Z DEBUG tokio-runtime-worker ThreadId(23) wkmp_ai::services::workflow_orchestrator: wkmp-ai\src\services\workflow_orchestrator\mod.rs:1742: Phase 1: Filename Matching - START file="C:\\Users\\Mango Cat\\Music\\Aerosmith/(Aerosmith)Single-03-Angel.mp3"
2026-02-06T02:59:17.337296Z DEBUG tokio-runtime-worker ThreadId(23) wkmp_ai::services::filename_matcher: wkmp-ai\src\services\filename_matcher.rs:54: Checking if file exists in database path=Aerosmith/(Aerosmith)Single-03-Angel.mp3 norm_us=7
2026-02-06T02:59:17.337505Z DEBUG tokio-runtime-worker ThreadId(23) wkmp_ai::services::workflow_orchestrator: wkmp-ai\src\services\workflow_orchestrator\mod.rs:3118: Starting per-file pipeline file_index=47 file_id=85decb52-878d-428d-9e4f-39631a68ff68 file=Aerosmith/Pump.mp3
2026-02-06T02:59:17.337695Z  INFO tokio-runtime-worker ThreadId(23) wkmp_ai::services::workflow_orchestrator: wkmp-ai\src\services\workflow_orchestrator\mod.rs:1733: Starting PLAN024 10-phase per-file pipeline (late audio decode) file="C:\\Users\\Mango Cat\\Music\\Aerosmith/Pump.mp3"
2026-02-06T02:59:17.337890Z DEBUG tokio-runtime-worker ThreadId(23) wkmp_ai::services::workflow_orchestrator: wkmp-ai\src\services\workflow_orchestrator\mod.rs:1742: Phase 1: Filename Matching - START file="C:\\Users\\Mango Cat\\Music\\Aerosmith/Pump.mp3"
2026-02-06T02:59:17.338039Z DEBUG tokio-runtime-worker ThreadId(23) wkmp_ai::services::filename_matcher: wkmp-ai\src\services\filename_matcher.rs:54: Checking if file exists in database path=Aerosmith/Pump.mp3 norm_us=4
2026-02-06T02:59:17.338179Z DEBUG tokio-runtime-worker ThreadId(23) wkmp_ai::services::workflow_orchestrator: wkmp-ai\src\services\workflow_orchestrator\mod.rs:3118: Starting per-file pipeline file_index=48 file_id=772e94ca-d6b9-401e-ac9e-b8dd4c77e60f file=Aerosmith/Toys_In_The_Attic/(Aerosmith)Toys_In_The_Attic-01-Toys_In_The_Attic.mp3
2026-02-06T02:59:17.338330Z  INFO tokio-runtime-worker ThreadId(23) wkmp_ai::services::workflow_orchestrator: wkmp-ai\src\services\workflow_orchestrator\mod.rs:1733: Starting PLAN024 10-phase per-file pipeline (late audio decode) file="C:\\Users\\Mango Cat\\Music\\Aerosmith/Toys_In_The_Attic/(Aerosmith)Toys_In_The_Attic-01-Toys_In_The_Attic.mp3"
2026-02-06T02:59:17.338433Z DEBUG tokio-runtime-worker ThreadId(23) wkmp_ai::services::workflow_orchestrator: wkmp-ai\src\services\workflow_orchestrator\mod.rs:1742: Phase 1: Filename Matching - START file="C:\\Users\\Mango Cat\\Music\\Aerosmith/Toys_In_The_Attic/(Aerosmith)Toys_In_The_Attic-01-Toys_In_The_Attic.mp3"
2026-02-06T02:59:17.338567Z DEBUG tokio-runtime-worker ThreadId(23) wkmp_ai::services::filename_matcher: wkmp-ai\src\services\filename_matcher.rs:54: Checking if file exists in database path=Aerosmith/Toys_In_The_Attic/(Aerosmith)Toys_In_The_Attic-01-Toys_In_The_Attic.mp3 norm_us=7
2026-02-06T02:59:17.338727Z DEBUG tokio-runtime-worker ThreadId(23) wkmp_ai::services::workflow_orchestrator: wkmp-ai\src\services\workflow_orchestrator\mod.rs:3118: Starting per-file pipeline file_index=49 file_id=94964f38-443a-4c10-9981-835bfe2711ea file=Aerosmith/Toys_In_The_Attic/(Aerosmith)Toys_In_The_Attic-02-Uncle_Salty.mp3
2026-02-06T02:59:17.338861Z  INFO tokio-runtime-worker ThreadId(23) wkmp_ai::services::workflow_orchestrator: wkmp-ai\src\services\workflow_orchestrator\mod.rs:1733: Starting PLAN024 10-phase per-file pipeline (late audio decode) file="C:\\Users\\Mango Cat\\Music\\Aerosmith/Toys_In_The_Attic/(Aerosmith)Toys_In_The_Attic-02-Uncle_Salty.mp3"
2026-02-06T02:59:17.338992Z DEBUG tokio-runtime-worker ThreadId(23) wkmp_ai::services::workflow_orchestrator: wkmp-ai\src\services\workflow_orchestrator\mod.rs:1742: Phase 1: Filename Matching - START file="C:\\Users\\Mango Cat\\Music\\Aerosmith/Toys_In_The_Attic/(Aerosmith)Toys_In_The_Attic-02-Uncle_Salty.mp3"
2026-02-06T02:59:17.339115Z DEBUG tokio-runtime-worker ThreadId(23) wkmp_ai::services::filename_matcher: wkmp-ai\src\services\filename_matcher.rs:54: Checking if file exists in database path=Aerosmith/Toys_In_The_Attic/(Aerosmith)Toys_In_The_Attic-02-Uncle_Salty.mp3 norm_us=5
2026-02-06T02:59:17.339268Z DEBUG tokio-runtime-worker ThreadId(23) wkmp_ai::services::workflow_orchestrator: wkmp-ai\src\services\workflow_orchestrator\mod.rs:3118: Starting per-file pipeline file_index=50 file_id=1c5f8ccb-582a-4909-b51f-190f7f212073 file=Aerosmith/Toys_In_The_Attic/(Aerosmith)Toys_In_The_Attic-03-Adam's_Apple.mp3
2026-02-06T02:59:17.339399Z  INFO tokio-runtime-worker ThreadId(23) wkmp_ai::services::workflow_orchestrator: wkmp-ai\src\services\workflow_orchestrator\mod.rs:1733: Starting PLAN024 10-phase per-file pipeline (late audio decode) file="C:\\Users\\Mango Cat\\Music\\Aerosmith/Toys_In_The_Attic/(Aerosmith)Toys_In_The_Attic-03-Adam\'s_Apple.mp3"
2026-02-06T02:59:17.339529Z DEBUG tokio-runtime-worker ThreadId(23) wkmp_ai::services::workflow_orchestrator: wkmp-ai\src\services\workflow_orchestrator\mod.rs:1742: Phase 1: Filename Matching - START file="C:\\Users\\Mango Cat\\Music\\Aerosmith/Toys_In_The_Attic/(Aerosmith)Toys_In_The_Attic-03-Adam\'s_Apple.mp3"
2026-02-06T02:59:17.339651Z DEBUG tokio-runtime-worker ThreadId(23) wkmp_ai::services::filename_matcher: wkmp-ai\src\services\filename_matcher.rs:54: Checking if file exists in database path=Aerosmith/Toys_In_The_Attic/(Aerosmith)Toys_In_The_Attic-03-Adam's_Apple.mp3 norm_us=4
2026-02-06T02:59:17.339810Z DEBUG tokio-runtime-worker ThreadId(23) wkmp_ai::services::workflow_orchestrator: wkmp-ai\src\services\workflow_orchestrator\mod.rs:3118: Starting per-file pipeline file_index=51 file_id=fa231ae7-0546-421c-a4fd-1ad476f8922c file=Aerosmith/Toys_In_The_Attic/(Aerosmith)Toys_In_The_Attic-04-Walk_This_Way.mp3
2026-02-06T02:59:17.339971Z  INFO tokio-runtime-worker ThreadId(23) wkmp_ai::services::workflow_orchestrator: wkmp-ai\src\services\workflow_orchestrator\mod.rs:1733: Starting PLAN024 10-phase per-file pipeline (late audio decode) file="C:\\Users\\Mango Cat\\Music\\Aerosmith/Toys_In_The_Attic/(Aerosmith)Toys_In_The_Attic-04-Walk_This_Way.mp3"
2026-02-06T02:59:17.340108Z DEBUG tokio-runtime-worker ThreadId(23) wkmp_ai::services::workflow_orchestrator: wkmp-ai\src\services\workflow_orchestrator\mod.rs:1742: Phase 1: Filename Matching - START file="C:\\Users\\Mango Cat\\Music\\Aerosmith/Toys_In_The_Attic/(Aerosmith)Toys_In_The_Attic-04-Walk_This_Way.mp3"
2026-02-06T02:59:17.340236Z DEBUG tokio-runtime-worker ThreadId(23) wkmp_ai::services::filename_matcher: wkmp-ai\src\services\filename_matcher.rs:54: Checking if file exists in database path=Aerosmith/Toys_In_The_Attic/(Aerosmith)Toys_In_The_Attic-04-Walk_This_Way.mp3 norm_us=4
2026-02-06T02:59:17.340393Z DEBUG tokio-runtime-worker ThreadId(23) wkmp_ai::services::workflow_orchestrator: wkmp-ai\src\services\workflow_orchestrator\mod.rs:3118: Starting per-file pipeline file_index=52 file_id=b39e3a56-21f1-492f-bc2b-a146b987bb31 file=Aerosmith/Toys_In_The_Attic/(Aerosmith)Toys_In_The_Attic-05-Big_Ten_Inch_Record.mp3
2026-02-06T02:59:17.340530Z  INFO tokio-runtime-worker ThreadId(23) wkmp_ai::services::workflow_orchestrator: wkmp-ai\src\services\workflow_orchestrator\mod.rs:1733: Starting PLAN024 10-phase per-file pipeline (late audio decode) file="C:\\Users\\Mango Cat\\Music\\Aerosmith/Toys_In_The_Attic/(Aerosmith)Toys_In_The_Attic-05-Big_Ten_Inch_Record.mp3"
2026-02-06T02:59:17.340664Z DEBUG tokio-runtime-worker ThreadId(23) wkmp_ai::services::workflow_orchestrator: wkmp-ai\src\services\workflow_orchestrator\mod.rs:1742: Phase 1: Filename Matching - START file="C:\\Users\\Mango Cat\\Music\\Aerosmith/Toys_In_The_Attic/(Aerosmith)Toys_In_The_Attic-05-Big_Ten_Inch_Record.mp3"
2026-02-06T02:59:17.340790Z DEBUG tokio-runtime-worker ThreadId(23) wkmp_ai::services::filename_matcher: wkmp-ai\src\services\filename_matcher.rs:54: Checking if file exists in database path=Aerosmith/Toys_In_The_Attic/(Aerosmith)Toys_In_The_Attic-05-Big_Ten_Inch_Record.mp3 norm_us=4
2026-02-06T02:59:17.340946Z DEBUG tokio-runtime-worker ThreadId(23) wkmp_ai::services::workflow_orchestrator: wkmp-ai\src\services\workflow_orchestrator\mod.rs:3118: Starting per-file pipeline file_index=53 file_id=82330b3a-b62f-40f5-b9ec-4a31fb4abc04 file=Aerosmith/Toys_In_The_Attic/(Aerosmith)Toys_In_The_Attic-06-Sweet_Emotion.mp3
2026-02-06T02:59:17.341086Z  INFO tokio-runtime-worker ThreadId(23) wkmp_ai::services::workflow_orchestrator: wkmp-ai\src\services\workflow_orchestrator\mod.rs:1733: Starting PLAN024 10-phase per-file pipeline (late audio decode) file="C:\\Users\\Mango Cat\\Music\\Aerosmith/Toys_In_The_Attic/(Aerosmith)Toys_In_The_Attic-06-Sweet_Emotion.mp3"
2026-02-06T02:59:17.341220Z DEBUG tokio-runtime-worker ThreadId(23) wkmp_ai::services::workflow_orchestrator: wkmp-ai\src\services\workflow_orchestrator\mod.rs:1742: Phase 1: Filename Matching - START file="C:\\Users\\Mango Cat\\Music\\Aerosmith/Toys_In_The_Attic/(Aerosmith)Toys_In_The_Attic-06-Sweet_Emotion.mp3"
2026-02-06T02:59:17.341346Z DEBUG tokio-runtime-worker ThreadId(23) wkmp_ai::services::filename_matcher: wkmp-ai\src\services\filename_matcher.rs:54: Checking if file exists in database path=Aerosmith/Toys_In_The_Attic/(Aerosmith)Toys_In_The_Attic-06-Sweet_Emotion.mp3 norm_us=4
2026-02-06T02:59:17.341501Z DEBUG tokio-runtime-worker ThreadId(23) wkmp_ai::services::workflow_orchestrator: wkmp-ai\src\services\workflow_orchestrator\mod.rs:3118: Starting per-file pipeline file_index=54 file_id=f6c5f401-9047-4a3d-90c8-38a5412d72ad file=Aerosmith/Toys_In_The_Attic/(Aerosmith)Toys_In_The_Attic-07-No_More_No_More.mp3
2026-02-06T02:59:17.341636Z  INFO tokio-runtime-worker ThreadId(23) wkmp_ai::services::workflow_orchestrator: wkmp-ai\src\services\workflow_orchestrator\mod.rs:1733: Starting PLAN024 10-phase per-file pipeline (late audio decode) file="C:\\Users\\Mango Cat\\Music\\Aerosmith/Toys_In_The_Attic/(Aerosmith)Toys_In_The_Attic-07-No_More_No_More.mp3"
2026-02-06T02:59:17.341772Z DEBUG tokio-runtime-worker ThreadId(23) wkmp_ai::services::workflow_orchestrator: wkmp-ai\src\services\workflow_orchestrator\mod.rs:1742: Phase 1: Filename Matching - START file="C:\\Users\\Mango Cat\\Music\\Aerosmith/Toys_In_The_Attic/(Aerosmith)Toys_In_The_Attic-07-No_More_No_More.mp3"
2026-02-06T02:59:17.341900Z DEBUG tokio-runtime-worker ThreadId(23) wkmp_ai::services::filename_matcher: wkmp-ai\src\services\filename_matcher.rs:54: Checking if file exists in database path=Aerosmith/Toys_In_The_Attic/(Aerosmith)Toys_In_The_Attic-07-No_More_No_More.mp3 norm_us=4
2026-02-06T02:59:17.342055Z DEBUG tokio-runtime-worker ThreadId(23) wkmp_ai::services::workflow_orchestrator: wkmp-ai\src\services\workflow_orchestrator\mod.rs:3118: Starting per-file pipeline file_index=55 file_id=e98beade-e9e4-4b85-a7b1-e7aa6468f731 file=Aerosmith/Toys_In_The_Attic/(Aerosmith)Toys_In_The_Attic-08-Round_And_Round.mp3
2026-02-06T02:59:17.342191Z  INFO tokio-runtime-worker ThreadId(23) wkmp_ai::services::workflow_orchestrator: wkmp-ai\src\services\workflow_orchestrator\mod.rs:1733: Starting PLAN024 10-phase per-file pipeline (late audio decode) file="C:\\Users\\Mango Cat\\Music\\Aerosmith/Toys_In_The_Attic/(Aerosmith)Toys_In_The_Attic-08-Round_And_Round.mp3"
2026-02-06T02:59:17.342324Z DEBUG tokio-runtime-worker ThreadId(23) wkmp_ai::services::workflow_orchestrator: wkmp-ai\src\services\workflow_orchestrator\mod.rs:1742: Phase 1: Filename Matching - START file="C:\\Users\\Mango Cat\\Music\\Aerosmith/Toys_In_The_Attic/(Aerosmith)Toys_In_The_Attic-08-Round_And_Round.mp3"
2026-02-06T02:59:17.342454Z DEBUG tokio-runtime-worker ThreadId(23) wkmp_ai::services::filename_matcher: wkmp-ai\src\services\filename_matcher.rs:54: Checking if file exists in database path=Aerosmith/Toys_In_The_Attic/(Aerosmith)Toys_In_The_Attic-08-Round_And_Round.mp3 norm_us=5
2026-02-06T02:59:17.342777Z DEBUG tokio-runtime-worker ThreadId(23) wkmp_ai::api::sse: wkmp-ai\src\api\sse.rs:71: SSE: Broadcasting import event: ImportProgressUpdate
2026-02-06T02:59:17.343556Z DEBUG tokio-runtime-worker ThreadId(23) wkmp_ai::api::sse: wkmp-ai\src\api\sse.rs:71: SSE: Broadcasting import event: ImportProgressUpdate
2026-02-06T02:59:17.343809Z DEBUG tokio-runtime-worker ThreadId(23) wkmp_ai::api::sse: wkmp-ai\src\api\sse.rs:71: SSE: Broadcasting import event: ImportProgressUpdate
2026-02-06T02:59:17.344525Z DEBUG tokio-runtime-worker ThreadId(23) wkmp_ai::api::sse: wkmp-ai\src\api\sse.rs:71: SSE: Broadcasting import event: ImportProgressUpdate
2026-02-06T02:59:17.344754Z DEBUG tokio-runtime-worker ThreadId(23) wkmp_ai::api::sse: wkmp-ai\src\api\sse.rs:71: SSE: Broadcasting import event: ImportProgressUpdate
2026-02-06T02:59:17.345492Z DEBUG tokio-runtime-worker ThreadId(23) wkmp_ai::api::sse: wkmp-ai\src\api\sse.rs:71: SSE: Broadcasting import event: ImportProgressUpdate
2026-02-06T02:59:17.345719Z DEBUG tokio-runtime-worker ThreadId(23) wkmp_ai::api::sse: wkmp-ai\src\api\sse.rs:71: SSE: Broadcasting import event: ImportProgressUpdate
2026-02-06T02:59:17.346648Z DEBUG tokio-runtime-worker ThreadId(23) wkmp_ai::api::sse: wkmp-ai\src\api\sse.rs:71: SSE: Broadcasting import event: ImportProgressUpdate
2026-02-06T02:59:17.346940Z DEBUG tokio-runtime-worker ThreadId(23) wkmp_ai::api::sse: wkmp-ai\src\api\sse.rs:71: SSE: Broadcasting import event: ImportProgressUpdate
2026-02-06T02:59:17.347779Z DEBUG tokio-runtime-worker ThreadId(23) wkmp_ai::api::sse: wkmp-ai\src\api\sse.rs:71: SSE: Broadcasting import event: ImportProgressUpdate
2026-02-06T02:59:17.348161Z DEBUG tokio-runtime-worker ThreadId(23) wkmp_ai::api::sse: wkmp-ai\src\api\sse.rs:71: SSE: Broadcasting import event: ImportProgressUpdate
2026-02-06T02:59:17.349392Z DEBUG tokio-runtime-worker ThreadId(23) wkmp_ai::api::sse: wkmp-ai\src\api\sse.rs:71: SSE: Broadcasting import event: ImportProgressUpdate
2026-02-06T02:59:17.349756Z DEBUG tokio-runtime-worker ThreadId(23) wkmp_ai::api::sse: wkmp-ai\src\api\sse.rs:71: SSE: Broadcasting import event: ImportProgressUpdate
2026-02-06T02:59:17.350575Z DEBUG tokio-runtime-worker ThreadId(23) wkmp_ai::api::sse: wkmp-ai\src\api\sse.rs:71: SSE: Broadcasting import event: ImportProgressUpdate
2026-02-06T02:59:17.350813Z DEBUG tokio-runtime-worker ThreadId(23) wkmp_ai::api::sse: wkmp-ai\src\api\sse.rs:71: SSE: Broadcasting import event: ImportProgressUpdate
2026-02-06T02:59:17.351575Z DEBUG tokio-runtime-worker ThreadId(23) wkmp_ai::api::sse: wkmp-ai\src\api\sse.rs:71: SSE: Broadcasting import event: ImportProgressUpdate
2026-02-06T02:59:17.351946Z DEBUG tokio-runtime-worker ThreadId(23) wkmp_ai::api::sse: wkmp-ai\src\api\sse.rs:71: SSE: Broadcasting import event: ImportProgressUpdate
2026-02-06T02:59:17.352706Z DEBUG tokio-runtime-worker ThreadId(23) wkmp_ai::api::sse: wkmp-ai\src\api\sse.rs:71: SSE: Broadcasting import event: ImportProgressUpdate
2026-02-06T02:59:17.352923Z DEBUG tokio-runtime-worker ThreadId(23) wkmp_ai::api::sse: wkmp-ai\src\api\sse.rs:71: SSE: Broadcasting import event: ImportProgressUpdate
2026-02-06T02:59:17.353664Z DEBUG tokio-runtime-worker ThreadId(23) wkmp_ai::api::sse: wkmp-ai\src\api\sse.rs:71: SSE: Broadcasting import event: ImportProgressUpdate
2026-02-06T02:59:17.354005Z DEBUG tokio-runtime-worker ThreadId(23) wkmp_ai::api::sse: wkmp-ai\src\api\sse.rs:71: SSE: Broadcasting import event: ImportProgressUpdate
2026-02-06T02:59:17.354714Z DEBUG tokio-runtime-worker ThreadId(23) wkmp_ai::api::sse: wkmp-ai\src\api\sse.rs:71: SSE: Broadcasting import event: ImportProgressUpdate
2026-02-06T02:59:17.354932Z DEBUG tokio-runtime-worker ThreadId(23) wkmp_ai::api::sse: wkmp-ai\src\api\sse.rs:71: SSE: Broadcasting import event: ImportProgressUpdate
2026-02-06T02:59:17.355633Z DEBUG tokio-runtime-worker ThreadId(23) wkmp_ai::api::sse: wkmp-ai\src\api\sse.rs:71: SSE: Broadcasting import event: ImportProgressUpdate
2026-02-06T02:59:17.355856Z DEBUG tokio-runtime-worker ThreadId(23) wkmp_ai::api::sse: wkmp-ai\src\api\sse.rs:71: SSE: Broadcasting import event: ImportProgressUpdate
2026-02-06T02:59:17.356558Z DEBUG tokio-runtime-worker ThreadId(23) wkmp_ai::api::sse: wkmp-ai\src\api\sse.rs:71: SSE: Broadcasting import event: ImportProgressUpdate
2026-02-06T02:59:17.356772Z DEBUG tokio-runtime-worker ThreadId(23) wkmp_ai::api::sse: wkmp-ai\src\api\sse.rs:71: SSE: Broadcasting import event: ImportProgressUpdate
2026-02-06T02:59:17.357484Z DEBUG tokio-runtime-worker ThreadId(23) wkmp_ai::api::sse: wkmp-ai\src\api\sse.rs:71: SSE: Broadcasting import event: ImportProgressUpdate
2026-02-06T02:59:17.357727Z DEBUG tokio-runtime-worker ThreadId(23) wkmp_ai::api::sse: wkmp-ai\src\api\sse.rs:71: SSE: Broadcasting import event: ImportProgressUpdate
2026-02-06T02:59:17.358431Z DEBUG tokio-runtime-worker ThreadId(23) wkmp_ai::api::sse: wkmp-ai\src\api\sse.rs:71: SSE: Broadcasting import event: ImportProgressUpdate
2026-02-06T02:59:17.358641Z DEBUG tokio-runtime-worker ThreadId(23) wkmp_ai::api::sse: wkmp-ai\src\api\sse.rs:71: SSE: Broadcasting import event: ImportProgressUpdate
2026-02-06T02:59:17.359341Z DEBUG tokio-runtime-worker ThreadId(23) wkmp_ai::api::sse: wkmp-ai\src\api\sse.rs:71: SSE: Broadcasting import event: ImportProgressUpdate
2026-02-06T02:59:17.359568Z DEBUG tokio-runtime-worker ThreadId(23) wkmp_ai::api::sse: wkmp-ai\src\api\sse.rs:71: SSE: Broadcasting import event: ImportProgressUpdate
2026-02-06T02:59:17.360272Z DEBUG tokio-runtime-worker ThreadId(23) wkmp_ai::api::sse: wkmp-ai\src\api\sse.rs:71: SSE: Broadcasting import event: ImportProgressUpdate
2026-02-06T02:59:17.360552Z DEBUG tokio-runtime-worker ThreadId(23) wkmp_ai::api::sse: wkmp-ai\src\api\sse.rs:71: SSE: Broadcasting import event: ImportProgressUpdate
2026-02-06T02:59:17.361483Z DEBUG tokio-runtime-worker ThreadId(23) wkmp_ai::api::sse: wkmp-ai\src\api\sse.rs:71: SSE: Broadcasting import event: ImportProgressUpdate
2026-02-06T02:59:17.361912Z DEBUG tokio-runtime-worker ThreadId(23) wkmp_ai::api::sse: wkmp-ai\src\api\sse.rs:71: SSE: Broadcasting import event: ImportProgressUpdate
2026-02-06T02:59:17.362931Z DEBUG tokio-runtime-worker ThreadId(23) wkmp_ai::api::sse: wkmp-ai\src\api\sse.rs:71: SSE: Broadcasting import event: ImportProgressUpdate
2026-02-06T02:59:17.363292Z DEBUG tokio-runtime-worker ThreadId(23) wkmp_ai::api::sse: wkmp-ai\src\api\sse.rs:71: SSE: Broadcasting import event: ImportProgressUpdate
2026-02-06T02:59:17.364291Z DEBUG tokio-runtime-worker ThreadId(23) wkmp_ai::api::sse: wkmp-ai\src\api\sse.rs:71: SSE: Broadcasting import event: ImportProgressUpdate
2026-02-06T02:59:17.365249Z DEBUG tokio-runtime-worker ThreadId(23) wkmp_ai::services::filename_matcher: wkmp-ai\src\services\filename_matcher.rs:65: Database query completed path=Aerosmith/(Aerosmith)Single-03-Angel.mp3 query_us=27801
2026-02-06T02:59:17.365707Z DEBUG tokio-runtime-worker ThreadId(23) wkmp_ai::services::filename_matcher: wkmp-ai\src\services\filename_matcher.rs:81: File already processed (INGEST COMPLETE) path=Aerosmith/(Aerosmith)Single-03-Angel.mp3 guid=62a7341f-b287-4cc2-be57-6de77b65772a
2026-02-06T02:59:17.365945Z  INFO tokio-runtime-worker ThreadId(23) wkmp_ai::services::workflow_orchestrator: wkmp-ai\src\services\workflow_orchestrator\mod.rs:1756: Phase 1 completed phase="Filename Matching" duration_ms=28 path_us=1 db_ms=28 file_index=46
2026-02-06T02:59:17.366172Z  INFO tokio-runtime-worker ThreadId(23) wkmp_ai::services::workflow_orchestrator: wkmp-ai\src\services\workflow_orchestrator\mod.rs:1770: File already processed (INGEST COMPLETE/NO AUDIO/DUPLICATE HASH), skipping all remaining phases file="C:\\Users\\Mango Cat\\Music\\Aerosmith/(Aerosmith)Single-03-Angel.mp3" file_id=62a7341f-b287-4cc2-be57-6de77b65772a
2026-02-06T02:59:17.366402Z DEBUG tokio-runtime-worker ThreadId(23) wkmp_ai::services::workflow_orchestrator: wkmp-ai\src\services\workflow_orchestrator\mod.rs:2936: File processing complete session_id=e6293ba0-b57f-441f-a6ea-884d33b9111b file_index=46 file=Aerosmith/(Aerosmith)Single-03-Angel.mp3
2026-02-06T02:59:17.366644Z DEBUG tokio-runtime-worker ThreadId(23) wkmp_ai::services::workflow_orchestrator: wkmp-ai\src\services\workflow_orchestrator\mod.rs:1438: Acquiring all statistics Mutex locks for SSE conversion
2026-02-06T02:59:17.366799Z DEBUG tokio-runtime-worker ThreadId(23) wkmp_ai::services::workflow_orchestrator: wkmp-ai\src\services\workflow_orchestrator\mod.rs:1467: All statistics Mutex locks acquired and data cloned
2026-02-06T02:59:17.367016Z DEBUG tokio-runtime-worker ThreadId(23) wkmp_ai::services::workflow_orchestrator: wkmp-ai\src\services\workflow_orchestrator\mod.rs:1577: Releasing all statistics Mutex locks for SSE conversion
2026-02-06T02:59:17.367228Z DEBUG tokio-runtime-worker ThreadId(23) wkmp_ai::services::filename_matcher: wkmp-ai\src\services\filename_matcher.rs:65: Database query completed path=Aerosmith/Pump.mp3 query_us=29095
2026-02-06T02:59:17.367390Z DEBUG tokio-runtime-worker ThreadId(23) wkmp_ai::services::filename_matcher: wkmp-ai\src\services\filename_matcher.rs:88: File exists, reusing fileId path=Aerosmith/Pump.mp3 guid=85decb52-878d-428d-9e4f-39631a68ff68 status=PENDING
2026-02-06T02:59:17.367546Z  INFO tokio-runtime-worker ThreadId(23) wkmp_ai::services::workflow_orchestrator: wkmp-ai\src\services\workflow_orchestrator\mod.rs:1756: Phase 1 completed phase="Filename Matching" duration_ms=29 path_us=1 db_ms=29 file_index=47
2026-02-06T02:59:17.367764Z DEBUG tokio-runtime-worker ThreadId(23) wkmp_ai::services::workflow_orchestrator: wkmp-ai\src\services\workflow_orchestrator\mod.rs:1778: Reusing existing file record (incomplete processing) file_id=85decb52-878d-428d-9e4f-39631a68ff68
2026-02-06T02:59:17.367982Z DEBUG tokio-runtime-worker ThreadId(23) wkmp_ai::services::workflow_orchestrator: wkmp-ai\src\services\workflow_orchestrator\mod.rs:1812: Phase 2: Hash Deduplication file="C:\\Users\\Mango Cat\\Music\\Aerosmith/Pump.mp3" file_id=85decb52-878d-428d-9e4f-39631a68ff68
2026-02-06T02:59:17.368144Z DEBUG tokio-runtime-worker ThreadId(23) wkmp_ai::services::hash_deduplicator: wkmp-ai\src\services\hash_deduplicator.rs:52: Calculating SHA-256 hash path=C:\Users\Mango Cat\Music\Aerosmith/Pump.mp3
2026-02-06T02:59:17.368355Z DEBUG tokio-runtime-worker ThreadId(23) wkmp_ai::services::filename_matcher: wkmp-ai\src\services\filename_matcher.rs:65: Database query completed path=Aerosmith/Toys_In_The_Attic/(Aerosmith)Toys_In_The_Attic-01-Toys_In_The_Attic.mp3 query_us=29662
2026-02-06T02:59:17.368515Z DEBUG tokio-runtime-worker ThreadId(23) wkmp_ai::services::filename_matcher: wkmp-ai\src\services\filename_matcher.rs:81: File already processed (INGEST COMPLETE) path=Aerosmith/Toys_In_The_Attic/(Aerosmith)Toys_In_The_Attic-01-Toys_In_The_Attic.mp3 guid=772e94ca-d6b9-401e-ac9e-b8dd4c77e60f
2026-02-06T02:59:17.368711Z  INFO tokio-runtime-worker ThreadId(23) wkmp_ai::services::workflow_orchestrator: wkmp-ai\src\services\workflow_orchestrator\mod.rs:1756: Phase 1 completed phase="Filename Matching" duration_ms=30 path_us=1 db_ms=30 file_index=48
2026-02-06T02:59:17.368885Z  INFO tokio-runtime-worker ThreadId(23) wkmp_ai::services::workflow_orchestrator: wkmp-ai\src\services\workflow_orchestrator\mod.rs:1770: File already processed (INGEST COMPLETE/NO AUDIO/DUPLICATE HASH), skipping all remaining phases file="C:\\Users\\Mango Cat\\Music\\Aerosmith/Toys_In_The_Attic/(Aerosmith)Toys_In_The_Attic-01-Toys_In_The_Attic.mp3" file_id=772e94ca-d6b9-401e-ac9e-b8dd4c77e60f
2026-02-06T02:59:17.369084Z DEBUG tokio-runtime-worker ThreadId(23) wkmp_ai::services::workflow_orchestrator: wkmp-ai\src\services\workflow_orchestrator\mod.rs:2936: File processing complete session_id=e6293ba0-b57f-441f-a6ea-884d33b9111b file_index=48 file=Aerosmith/Toys_In_The_Attic/(Aerosmith)Toys_In_The_Attic-01-Toys_In_The_Attic.mp3
2026-02-06T02:59:17.369270Z DEBUG tokio-runtime-worker ThreadId(23) wkmp_ai::services::workflow_orchestrator: wkmp-ai\src\services\workflow_orchestrator\mod.rs:1438: Acquiring all statistics Mutex locks for SSE conversion
2026-02-06T02:59:17.369410Z DEBUG tokio-runtime-worker ThreadId(23) wkmp_ai::services::workflow_orchestrator: wkmp-ai\src\services\workflow_orchestrator\mod.rs:1467: All statistics Mutex locks acquired and data cloned
2026-02-06T02:59:17.369660Z DEBUG tokio-runtime-worker ThreadId(23) wkmp_ai::services::workflow_orchestrator: wkmp-ai\src\services\workflow_orchestrator\mod.rs:1577: Releasing all statistics Mutex locks for SSE conversion
2026-02-06T02:59:17.369958Z DEBUG tokio-runtime-worker ThreadId(23) wkmp_ai::services::filename_matcher: wkmp-ai\src\services\filename_matcher.rs:65: Database query completed path=Aerosmith/Toys_In_The_Attic/(Aerosmith)Toys_In_The_Attic-02-Uncle_Salty.mp3 query_us=30724
2026-02-06T02:59:17.370111Z DEBUG tokio-runtime-worker ThreadId(23) wkmp_ai::services::filename_matcher: wkmp-ai\src\services\filename_matcher.rs:81: File already processed (INGEST COMPLETE) path=Aerosmith/Toys_In_The_Attic/(Aerosmith)Toys_In_The_Attic-02-Uncle_Salty.mp3 guid=94964f38-443a-4c10-9981-835bfe2711ea
2026-02-06T02:59:17.370304Z  INFO tokio-runtime-worker ThreadId(23) wkmp_ai::services::workflow_orchestrator: wkmp-ai\src\services\workflow_orchestrator\mod.rs:1756: Phase 1 completed phase="Filename Matching" duration_ms=31 path_us=0 db_ms=31 file_index=49
2026-02-06T02:59:17.370503Z  INFO tokio-runtime-worker ThreadId(23) wkmp_ai::services::workflow_orchestrator: wkmp-ai\src\services\workflow_orchestrator\mod.rs:1770: File already processed (INGEST COMPLETE/NO AUDIO/DUPLICATE HASH), skipping all remaining phases file="C:\\Users\\Mango Cat\\Music\\Aerosmith/Toys_In_The_Attic/(Aerosmith)Toys_In_The_Attic-02-Uncle_Salty.mp3" file_id=94964f38-443a-4c10-9981-835bfe2711ea
2026-02-06T02:59:17.370720Z DEBUG tokio-runtime-worker ThreadId(23) wkmp_ai::services::workflow_orchestrator: wkmp-ai\src\services\workflow_orchestrator\mod.rs:2936: File processing complete session_id=e6293ba0-b57f-441f-a6ea-884d33b9111b file_index=49 file=Aerosmith/Toys_In_The_Attic/(Aerosmith)Toys_In_The_Attic-02-Uncle_Salty.mp3
2026-02-06T02:59:17.370897Z DEBUG tokio-runtime-worker ThreadId(23) wkmp_ai::services::workflow_orchestrator: wkmp-ai\src\services\workflow_orchestrator\mod.rs:1438: Acquiring all statistics Mutex locks for SSE conversion
2026-02-06T02:59:17.371044Z DEBUG tokio-runtime-worker ThreadId(23) wkmp_ai::services::workflow_orchestrator: wkmp-ai\src\services\workflow_orchestrator\mod.rs:1467: All statistics Mutex locks acquired and data cloned
2026-02-06T02:59:17.371228Z DEBUG tokio-runtime-worker ThreadId(23) wkmp_ai::services::workflow_orchestrator: wkmp-ai\src\services\workflow_orchestrator\mod.rs:1577: Releasing all statistics Mutex locks for SSE conversion
2026-02-06T02:59:17.371413Z DEBUG tokio-runtime-worker ThreadId(23) wkmp_ai::services::filename_matcher: wkmp-ai\src\services\filename_matcher.rs:65: Database query completed path=Aerosmith/Toys_In_The_Attic/(Aerosmith)Toys_In_The_Attic-03-Adam's_Apple.mp3 query_us=31639
2026-02-06T02:59:17.371678Z DEBUG tokio-runtime-worker ThreadId(23) wkmp_ai::services::filename_matcher: wkmp-ai\src\services\filename_matcher.rs:81: File already processed (INGEST COMPLETE) path=Aerosmith/Toys_In_The_Attic/(Aerosmith)Toys_In_The_Attic-03-Adam's_Apple.mp3 guid=1c5f8ccb-582a-4909-b51f-190f7f212073
2026-02-06T02:59:17.372011Z  INFO tokio-runtime-worker ThreadId(23) wkmp_ai::services::workflow_orchestrator: wkmp-ai\src\services\workflow_orchestrator\mod.rs:1756: Phase 1 completed phase="Filename Matching" duration_ms=32 path_us=0 db_ms=32 file_index=50
2026-02-06T02:59:17.372145Z  INFO tokio-runtime-worker ThreadId(23) wkmp_ai::services::workflow_orchestrator: wkmp-ai\src\services\workflow_orchestrator\mod.rs:1770: File already processed (INGEST COMPLETE/NO AUDIO/DUPLICATE HASH), skipping all remaining phases file="C:\\Users\\Mango Cat\\Music\\Aerosmith/Toys_In_The_Attic/(Aerosmith)Toys_In_The_Attic-03-Adam\'s_Apple.mp3" file_id=1c5f8ccb-582a-4909-b51f-190f7f212073
2026-02-06T02:59:17.372390Z DEBUG tokio-runtime-worker ThreadId(23) wkmp_ai::services::workflow_orchestrator: wkmp-ai\src\services\workflow_orchestrator\mod.rs:2936: File processing complete session_id=e6293ba0-b57f-441f-a6ea-884d33b9111b file_index=50 file=Aerosmith/Toys_In_The_Attic/(Aerosmith)Toys_In_The_Attic-03-Adam's_Apple.mp3
2026-02-06T02:59:17.372534Z DEBUG tokio-runtime-worker ThreadId(23) wkmp_ai::services::workflow_orchestrator: wkmp-ai\src\services\workflow_orchestrator\mod.rs:1438: Acquiring all statistics Mutex locks for SSE conversion
2026-02-06T02:59:17.372676Z DEBUG tokio-runtime-worker ThreadId(23) wkmp_ai::services::workflow_orchestrator: wkmp-ai\src\services\workflow_orchestrator\mod.rs:1467: All statistics Mutex locks acquired and data cloned
2026-02-06T02:59:17.372812Z DEBUG tokio-runtime-worker ThreadId(23) wkmp_ai::services::workflow_orchestrator: wkmp-ai\src\services\workflow_orchestrator\mod.rs:1577: Releasing all statistics Mutex locks for SSE conversion
2026-02-06T02:59:17.372961Z DEBUG tokio-runtime-worker ThreadId(23) wkmp_ai::services::filename_matcher: wkmp-ai\src\services\filename_matcher.rs:65: Database query completed path=Aerosmith/Toys_In_The_Attic/(Aerosmith)Toys_In_The_Attic-04-Walk_This_Way.mp3 query_us=32602
2026-02-06T02:59:17.373050Z DEBUG tokio-runtime-worker ThreadId(23) wkmp_ai::services::filename_matcher: wkmp-ai\src\services\filename_matcher.rs:81: File already processed (INGEST COMPLETE) path=Aerosmith/Toys_In_The_Attic/(Aerosmith)Toys_In_The_Attic-04-Walk_This_Way.mp3 guid=fa231ae7-0546-421c-a4fd-1ad476f8922c
2026-02-06T02:59:17.373188Z  INFO tokio-runtime-worker ThreadId(23) wkmp_ai::services::workflow_orchestrator: wkmp-ai\src\services\workflow_orchestrator\mod.rs:1756: Phase 1 completed phase="Filename Matching" duration_ms=33 path_us=0 db_ms=32 file_index=51
2026-02-06T02:59:17.373282Z  INFO tokio-runtime-worker ThreadId(23) wkmp_ai::services::workflow_orchestrator: wkmp-ai\src\services\workflow_orchestrator\mod.rs:1770: File already processed (INGEST COMPLETE/NO AUDIO/DUPLICATE HASH), skipping all remaining phases file="C:\\Users\\Mango Cat\\Music\\Aerosmith/Toys_In_The_Attic/(Aerosmith)Toys_In_The_Attic-04-Walk_This_Way.mp3" file_id=fa231ae7-0546-421c-a4fd-1ad476f8922c
2026-02-06T02:59:17.373432Z DEBUG tokio-runtime-worker ThreadId(23) wkmp_ai::services::workflow_orchestrator: wkmp-ai\src\services\workflow_orchestrator\mod.rs:2936: File processing complete session_id=e6293ba0-b57f-441f-a6ea-884d33b9111b file_index=51 file=Aerosmith/Toys_In_The_Attic/(Aerosmith)Toys_In_The_Attic-04-Walk_This_Way.mp3
2026-02-06T02:59:17.373591Z DEBUG tokio-runtime-worker ThreadId(23) wkmp_ai::services::workflow_orchestrator: wkmp-ai\src\services\workflow_orchestrator\mod.rs:1438: Acquiring all statistics Mutex locks for SSE conversion
2026-02-06T02:59:17.373698Z DEBUG tokio-runtime-worker ThreadId(23) wkmp_ai::services::workflow_orchestrator: wkmp-ai\src\services\workflow_orchestrator\mod.rs:1467: All statistics Mutex locks acquired and data cloned
2026-02-06T02:59:17.373882Z DEBUG tokio-runtime-worker ThreadId(23) wkmp_ai::services::workflow_orchestrator: wkmp-ai\src\services\workflow_orchestrator\mod.rs:1577: Releasing all statistics Mutex locks for SSE conversion
2026-02-06T02:59:17.374049Z DEBUG tokio-runtime-worker ThreadId(23) wkmp_ai::services::filename_matcher: wkmp-ai\src\services\filename_matcher.rs:65: Database query completed path=Aerosmith/Toys_In_The_Attic/(Aerosmith)Toys_In_The_Attic-05-Big_Ten_Inch_Record.mp3 query_us=33137
2026-02-06T02:59:17.374185Z DEBUG tokio-runtime-worker ThreadId(23) wkmp_ai::services::filename_matcher: wkmp-ai\src\services\filename_matcher.rs:81: File already processed (INGEST COMPLETE) path=Aerosmith/Toys_In_The_Attic/(Aerosmith)Toys_In_The_Attic-05-Big_Ten_Inch_Record.mp3 guid=b39e3a56-21f1-492f-bc2b-a146b987bb31
2026-02-06T02:59:17.374325Z  INFO tokio-runtime-worker ThreadId(23) wkmp_ai::services::workflow_orchestrator: wkmp-ai\src\services\workflow_orchestrator\mod.rs:1756: Phase 1 completed phase="Filename Matching" duration_ms=33 path_us=0 db_ms=33 file_index=52
2026-02-06T02:59:17.374474Z  INFO tokio-runtime-worker ThreadId(23) wkmp_ai::services::workflow_orchestrator: wkmp-ai\src\services\workflow_orchestrator\mod.rs:1770: File already processed (INGEST COMPLETE/NO AUDIO/DUPLICATE HASH), skipping all remaining phases file="C:\\Users\\Mango Cat\\Music\\Aerosmith/Toys_In_The_Attic/(Aerosmith)Toys_In_The_Attic-05-Big_Ten_Inch_Record.mp3" file_id=b39e3a56-21f1-492f-bc2b-a146b987bb31
2026-02-06T02:59:17.374638Z DEBUG tokio-runtime-worker ThreadId(23) wkmp_ai::services::workflow_orchestrator: wkmp-ai\src\services\workflow_orchestrator\mod.rs:2936: File processing complete session_id=e6293ba0-b57f-441f-a6ea-884d33b9111b file_index=52 file=Aerosmith/Toys_In_The_Attic/(Aerosmith)Toys_In_The_Attic-05-Big_Ten_Inch_Record.mp3
2026-02-06T02:59:17.383748Z DEBUG tokio-runtime-worker ThreadId(23) wkmp_ai::services::workflow_orchestrator: wkmp-ai\src\services\workflow_orchestrator\mod.rs:1438: Acquiring all statistics Mutex locks for SSE conversion
2026-02-06T02:59:17.383989Z DEBUG tokio-runtime-worker ThreadId(23) wkmp_ai::services::workflow_orchestrator: wkmp-ai\src\services\workflow_orchestrator\mod.rs:1467: All statistics Mutex locks acquired and data cloned
2026-02-06T02:59:17.384612Z DEBUG tokio-runtime-worker ThreadId(23) wkmp_ai::services::workflow_orchestrator: wkmp-ai\src\services\workflow_orchestrator\mod.rs:1577: Releasing all statistics Mutex locks for SSE conversion
2026-02-06T02:59:17.385280Z DEBUG tokio-runtime-worker ThreadId(23) wkmp_ai::services::filename_matcher: wkmp-ai\src\services\filename_matcher.rs:65: Database query completed path=Aerosmith/Toys_In_The_Attic/(Aerosmith)Toys_In_The_Attic-07-No_More_No_More.mp3 query_us=43256
2026-02-06T02:59:17.385945Z DEBUG tokio-runtime-worker ThreadId(23) wkmp_ai::services::filename_matcher: wkmp-ai\src\services\filename_matcher.rs:81: File already processed (INGEST COMPLETE) path=Aerosmith/Toys_In_The_Attic/(Aerosmith)Toys_In_The_Attic-07-No_More_No_More.mp3 guid=f6c5f401-9047-4a3d-90c8-38a5412d72ad
2026-02-06T02:59:17.386596Z  INFO tokio-runtime-worker ThreadId(23) wkmp_ai::services::workflow_orchestrator: wkmp-ai\src\services\workflow_orchestrator\mod.rs:1756: Phase 1 completed phase="Filename Matching" duration_ms=44 path_us=0 db_ms=44 file_index=54
2026-02-06T02:59:17.387121Z  INFO tokio-runtime-worker ThreadId(23) wkmp_ai::services::workflow_orchestrator: wkmp-ai\src\services\workflow_orchestrator\mod.rs:1770: File already processed (INGEST COMPLETE/NO AUDIO/DUPLICATE HASH), skipping all remaining phases file="C:\\Users\\Mango Cat\\Music\\Aerosmith/Toys_In_The_Attic/(Aerosmith)Toys_In_The_Attic-07-No_More_No_More.mp3" file_id=f6c5f401-9047-4a3d-90c8-38a5412d72ad
2026-02-06T02:59:17.387635Z DEBUG tokio-runtime-worker ThreadId(23) wkmp_ai::services::workflow_orchestrator: wkmp-ai\src\services\workflow_orchestrator\mod.rs:2936: File processing complete session_id=e6293ba0-b57f-441f-a6ea-884d33b9111b file_index=54 file=Aerosmith/Toys_In_The_Attic/(Aerosmith)Toys_In_The_Attic-07-No_More_No_More.mp3
2026-02-06T02:59:17.387853Z DEBUG tokio-runtime-worker ThreadId(23) wkmp_ai::services::workflow_orchestrator: wkmp-ai\src\services\workflow_orchestrator\mod.rs:1438: Acquiring all statistics Mutex locks for SSE conversion
2026-02-06T02:59:17.388293Z DEBUG tokio-runtime-worker ThreadId(23) wkmp_ai::services::workflow_orchestrator: wkmp-ai\src\services\workflow_orchestrator\mod.rs:1467: All statistics Mutex locks acquired and data cloned
2026-02-06T02:59:17.388508Z DEBUG tokio-runtime-worker ThreadId(23) wkmp_ai::services::workflow_orchestrator: wkmp-ai\src\services\workflow_orchestrator\mod.rs:1577: Releasing all statistics Mutex locks for SSE conversion
2026-02-06T02:59:17.388798Z DEBUG tokio-runtime-worker ThreadId(23) wkmp_ai::services::filename_matcher: wkmp-ai\src\services\filename_matcher.rs:65: Database query completed path=Aerosmith/Toys_In_The_Attic/(Aerosmith)Toys_In_The_Attic-06-Sweet_Emotion.mp3 query_us=47332
2026-02-06T02:59:17.388897Z DEBUG tokio-runtime-worker ThreadId(23) wkmp_ai::services::filename_matcher: wkmp-ai\src\services\filename_matcher.rs:81: File already processed (INGEST COMPLETE) path=Aerosmith/Toys_In_The_Attic/(Aerosmith)Toys_In_The_Attic-06-Sweet_Emotion.mp3 guid=82330b3a-b62f-40f5-b9ec-4a31fb4abc04
2026-02-06T02:59:17.389141Z  INFO tokio-runtime-worker ThreadId(23) wkmp_ai::services::workflow_orchestrator: wkmp-ai\src\services\workflow_orchestrator\mod.rs:1756: Phase 1 completed phase="Filename Matching" duration_ms=47 path_us=0 db_ms=47 file_index=53
2026-02-06T02:59:17.389238Z  INFO tokio-runtime-worker ThreadId(23) wkmp_ai::services::workflow_orchestrator: wkmp-ai\src\services\workflow_orchestrator\mod.rs:1770: File already processed (INGEST COMPLETE/NO AUDIO/DUPLICATE HASH), skipping all remaining phases file="C:\\Users\\Mango Cat\\Music\\Aerosmith/Toys_In_The_Attic/(Aerosmith)Toys_In_The_Attic-06-Sweet_Emotion.mp3" file_id=82330b3a-b62f-40f5-b9ec-4a31fb4abc04
2026-02-06T02:59:17.389481Z DEBUG tokio-runtime-worker ThreadId(23) wkmp_ai::services::workflow_orchestrator: wkmp-ai\src\services\workflow_orchestrator\mod.rs:2936: File processing complete session_id=e6293ba0-b57f-441f-a6ea-884d33b9111b file_index=53 file=Aerosmith/Toys_In_The_Attic/(Aerosmith)Toys_In_The_Attic-06-Sweet_Emotion.mp3
2026-02-06T02:59:17.389590Z DEBUG tokio-runtime-worker ThreadId(23) wkmp_ai::services::workflow_orchestrator: wkmp-ai\src\services\workflow_orchestrator\mod.rs:1438: Acquiring all statistics Mutex locks for SSE conversion
2026-02-06T02:59:17.389709Z DEBUG tokio-runtime-worker ThreadId(23) wkmp_ai::services::workflow_orchestrator: wkmp-ai\src\services\workflow_orchestrator\mod.rs:1467: All statistics Mutex locks acquired and data cloned
2026-02-06T02:59:17.389821Z DEBUG tokio-runtime-worker ThreadId(23) wkmp_ai::services::workflow_orchestrator: wkmp-ai\src\services\workflow_orchestrator\mod.rs:1577: Releasing all statistics Mutex locks for SSE conversion
2026-02-06T02:59:17.389965Z DEBUG tokio-runtime-worker ThreadId(23) wkmp_ai::services::filename_matcher: wkmp-ai\src\services\filename_matcher.rs:65: Database query completed path=Aerosmith/Toys_In_The_Attic/(Aerosmith)Toys_In_The_Attic-08-Round_And_Round.mp3 query_us=47387
2026-02-06T02:59:17.390057Z DEBUG tokio-runtime-worker ThreadId(23) wkmp_ai::services::filename_matcher: wkmp-ai\src\services\filename_matcher.rs:81: File already processed (INGEST COMPLETE) path=Aerosmith/Toys_In_The_Attic/(Aerosmith)Toys_In_The_Attic-08-Round_And_Round.mp3 guid=e98beade-e9e4-4b85-a7b1-e7aa6468f731
2026-02-06T02:59:17.390187Z  INFO tokio-runtime-worker ThreadId(23) wkmp_ai::services::workflow_orchestrator: wkmp-ai\src\services\workflow_orchestrator\mod.rs:1756: Phase 1 completed phase="Filename Matching" duration_ms=47 path_us=0 db_ms=47 file_index=55
2026-02-06T02:59:17.390380Z  INFO tokio-runtime-worker ThreadId(23) wkmp_ai::services::workflow_orchestrator: wkmp-ai\src\services\workflow_orchestrator\mod.rs:1770: File already processed (INGEST COMPLETE/NO AUDIO/DUPLICATE HASH), skipping all remaining phases file="C:\\Users\\Mango Cat\\Music\\Aerosmith/Toys_In_The_Attic/(Aerosmith)Toys_In_The_Attic-08-Round_And_Round.mp3" file_id=e98beade-e9e4-4b85-a7b1-e7aa6468f731
2026-02-06T02:59:17.390621Z DEBUG tokio-runtime-worker ThreadId(23) wkmp_ai::services::workflow_orchestrator: wkmp-ai\src\services\workflow_orchestrator\mod.rs:2936: File processing complete session_id=e6293ba0-b57f-441f-a6ea-884d33b9111b file_index=55 file=Aerosmith/Toys_In_The_Attic/(Aerosmith)Toys_In_The_Attic-08-Round_And_Round.mp3
2026-02-06T02:59:17.390844Z DEBUG tokio-runtime-worker ThreadId(23) wkmp_ai::services::workflow_orchestrator: wkmp-ai\src\services\workflow_orchestrator\mod.rs:1438: Acquiring all statistics Mutex locks for SSE conversion
2026-02-06T02:59:17.390984Z DEBUG tokio-runtime-worker ThreadId(23) wkmp_ai::services::workflow_orchestrator: wkmp-ai\src\services\workflow_orchestrator\mod.rs:1467: All statistics Mutex locks acquired and data cloned
2026-02-06T02:59:17.391146Z DEBUG tokio-runtime-worker ThreadId(23) wkmp_ai::services::workflow_orchestrator: wkmp-ai\src\services\workflow_orchestrator\mod.rs:1577: Releasing all statistics Mutex locks for SSE conversion
2026-02-06T02:59:17.391288Z DEBUG tokio-runtime-worker ThreadId(23) wkmp_ai::services::workflow_orchestrator: wkmp-ai\src\services\workflow_orchestrator\mod.rs:3118: Starting per-file pipeline file_index=56 file_id=0d0a45d1-85b4-47a7-93c4-6ece163a722f file=Aerosmith/Toys_In_The_Attic/(Aerosmith)Toys_In_The_Attic-09-You_See_Me_Crying.mp3
2026-02-06T02:59:17.391474Z  INFO tokio-runtime-worker ThreadId(23) wkmp_ai::services::workflow_orchestrator: wkmp-ai\src\services\workflow_orchestrator\mod.rs:1733: Starting PLAN024 10-phase per-file pipeline (late audio decode) file="C:\\Users\\Mango Cat\\Music\\Aerosmith/Toys_In_The_Attic/(Aerosmith)Toys_In_The_Attic-09-You_See_Me_Crying.mp3"
2026-02-06T02:59:17.391661Z DEBUG tokio-runtime-worker ThreadId(23) wkmp_ai::services::workflow_orchestrator: wkmp-ai\src\services\workflow_orchestrator\mod.rs:1742: Phase 1: Filename Matching - START file="C:\\Users\\Mango Cat\\Music\\Aerosmith/Toys_In_The_Attic/(Aerosmith)Toys_In_The_Attic-09-You_See_Me_Crying.mp3"
2026-02-06T02:59:17.391808Z DEBUG tokio-runtime-worker ThreadId(23) wkmp_ai::services::filename_matcher: wkmp-ai\src\services\filename_matcher.rs:54: Checking if file exists in database path=Aerosmith/Toys_In_The_Attic/(Aerosmith)Toys_In_The_Attic-09-You_See_Me_Crying.mp3 norm_us=14
2026-02-06T02:59:17.391999Z DEBUG tokio-runtime-worker ThreadId(23) wkmp_ai::services::workflow_orchestrator: wkmp-ai\src\services\workflow_orchestrator\mod.rs:3118: Starting per-file pipeline file_index=57 file_id=f7204740-f321-45e5-b65b-2b08dbba2f65 file=Alice In Chains/AliceInChainsGreatestHits.mp3
2026-02-06T02:59:17.392142Z  INFO tokio-runtime-worker ThreadId(23) wkmp_ai::services::workflow_orchestrator: wkmp-ai\src\services\workflow_orchestrator\mod.rs:1733: Starting PLAN024 10-phase per-file pipeline (late audio decode) file="C:\\Users\\Mango Cat\\Music\\Alice In Chains/AliceInChainsGreatestHits.mp3"
2026-02-06T02:59:17.392293Z DEBUG tokio-runtime-worker ThreadId(23) wkmp_ai::services::workflow_orchestrator: wkmp-ai\src\services\workflow_orchestrator\mod.rs:1742: Phase 1: Filename Matching - START file="C:\\Users\\Mango Cat\\Music\\Alice In Chains/AliceInChainsGreatestHits.mp3"
2026-02-06T02:59:17.392452Z DEBUG tokio-runtime-worker ThreadId(23) wkmp_ai::services::filename_matcher: wkmp-ai\src\services\filename_matcher.rs:54: Checking if file exists in database path=Alice In Chains/AliceInChainsGreatestHits.mp3 norm_us=12
2026-02-06T02:59:17.392630Z DEBUG tokio-runtime-worker ThreadId(23) wkmp_ai::services::workflow_orchestrator: wkmp-ai\src\services\workflow_orchestrator\mod.rs:3118: Starting per-file pipeline file_index=58 file_id=832ed86e-2a94-450e-9900-09837e2c9bb1 file=Allman Brothers/AtFillmoreEast.mp3
2026-02-06T02:59:17.392801Z  INFO tokio-runtime-worker ThreadId(23) wkmp_ai::services::workflow_orchestrator: wkmp-ai\src\services\workflow_orchestrator\mod.rs:1733: Starting PLAN024 10-phase per-file pipeline (late audio decode) file="C:\\Users\\Mango Cat\\Music\\Allman Brothers/AtFillmoreEast.mp3"
2026-02-06T02:59:17.392962Z DEBUG tokio-runtime-worker ThreadId(23) wkmp_ai::services::workflow_orchestrator: wkmp-ai\src\services\workflow_orchestrator\mod.rs:1742: Phase 1: Filename Matching - START file="C:\\Users\\Mango Cat\\Music\\Allman Brothers/AtFillmoreEast.mp3"
2026-02-06T02:59:17.393091Z DEBUG tokio-runtime-worker ThreadId(23) wkmp_ai::services::filename_matcher: wkmp-ai\src\services\filename_matcher.rs:54: Checking if file exists in database path=Allman Brothers/AtFillmoreEast.mp3
 norm_us=5
2026-02-06T02:59:17.393294Z DEBUG tokio-runtime-worker ThreadId(23) wkmp_ai::services::workflow_orchestrator: wkmp-ai\src\services\workflow_orchestrator\mod.rs:3118: Starting per-file pipeline file_index=59 file_id=f5eb96cf-f264-459d-881c-a84a08a40d73 file=Allman Brothers/EatAPeach.mp3
2026-02-06T02:59:17.393466Z  INFO tokio-runtime-worker ThreadId(23) wkmp_ai::services::workflow_orchestrator: wkmp-ai\src\services\workflow_orchestrator\mod.rs:1733: Starting PLAN024 10-phase per-file pipeline (late audio decode) file="C:\\Users\\Mango Cat\\Music\\Allman Brothers/EatAPeach.mp3"
2026-02-06T02:59:17.393642Z DEBUG tokio-runtime-worker ThreadId(23) wkmp_ai::services::workflow_orchestrator: wkmp-ai\src\services\workflow_orchestrator\mod.rs:1742: Phase 1: Filename Matching - START file="C:\\Users\\Mango Cat\\Music\\Allman Brothers/EatAPeach.mp3"
2026-02-06T02:59:17.393802Z DEBUG tokio-runtime-worker ThreadId(23) wkmp_ai::services::filename_matcher: wkmp-ai\src\services\filename_matcher.rs:54: Checking if file exists in database path=Allman Brothers/EatAPeach.mp3 norm_us=12
2026-02-06T02:59:17.393990Z DEBUG tokio-runtime-worker ThreadId(23) wkmp_ai::services::workflow_orchestrator: wkmp-ai\src\services\workflow_orchestrator\mod.rs:3118: Starting per-file pipeline file_index=60 file_id=8fc21985-273e-4111-b8d1-0d820c98fc69 file=Ambrosia/TheEssentialsAmbrosia.mp3
2026-02-06T02:59:17.394201Z  INFO tokio-runtime-worker ThreadId(23) wkmp_ai::services::workflow_orchestrator: wkmp-ai\src\services\workflow_orchestrator\mod.rs:1733: Starting PLAN024 10-phase per-file pipeline (late audio decode) file="C:\\Users\\Mango Cat\\Music\\Ambrosia/TheEssentialsAmbrosia.mp3"
2026-02-06T02:59:17.394445Z DEBUG tokio-runtime-worker ThreadId(23) wkmp_ai::services::workflow_orchestrator: wkmp-ai\src\services\workflow_orchestrator\mod.rs:1742: Phase 1: Filename Matching - START file="C:\\Users\\Mango Cat\\Music\\Ambrosia/TheEssentialsAmbrosia.mp3"
2026-02-06T02:59:17.394699Z DEBUG tokio-runtime-worker ThreadId(23) wkmp_ai::services::filename_matcher: wkmp-ai\src\services\filename_matcher.rs:54: Checking if file exists in database path=Ambrosia/TheEssentialsAmbrosia.mp3
 norm_us=8
2026-02-06T02:59:17.394965Z DEBUG tokio-runtime-worker ThreadId(23) wkmp_ai::services::workflow_orchestrator: wkmp-ai\src\services\workflow_orchestrator\mod.rs:3118: Starting per-file pipeline file_index=61 file_id=5c8462a6-483b-445a-9c84-008baead6a4e file=America/History America’s Greatest Hits/01 - A Horse With No Name.mp3
2026-02-06T02:59:17.395211Z  INFO tokio-runtime-worker ThreadId(23) wkmp_ai::services::workflow_orchestrator: wkmp-ai\src\services\workflow_orchestrator\mod.rs:1733: Starting PLAN024 10-phase per-file pipeline (late audio decode) file="C:\\Users\\Mango Cat\\Music\\America/History\u{f03a} America’s Greatest Hits/01 - A Horse With No Name.mp3"
2026-02-06T02:59:17.395532Z DEBUG tokio-runtime-worker ThreadId(23) wkmp_ai::services::workflow_orchestrator: wkmp-ai\src\services\workflow_orchestrator\mod.rs:1742: Phase 1: Filename Matching - START file="C:\\Users\\Mango Cat\\Music\\America/History\u{f03a} America’s Greatest Hits/01 - A Horse With No Name.mp3"
2026-02-06T02:59:17.395752Z DEBUG tokio-runtime-worker ThreadId(23) wkmp_ai::services::filename_matcher: wkmp-ai\src\services\filename_matcher.rs:54: Checking if file exists in database path=America/History America’s Greatest Hits/01 - A Horse With No Name.mp3 norm_us=7
2026-02-06T02:59:17.396382Z DEBUG tokio-runtime-worker ThreadId(23) wkmp_ai::services::workflow_orchestrator: wkmp-ai\src\services\workflow_orchestrator\mod.rs:3118: Starting per-file pipeline file_index=62 file_id=4f302e6c-1c70-4e92-b36e-3e7f241bd495 file=America/History America’s Greatest Hits/02 - I Need You.mp3
2026-02-06T02:59:17.396726Z  INFO tokio-runtime-worker ThreadId(23) wkmp_ai::services::workflow_orchestrator: wkmp-ai\src\services\workflow_orchestrator\mod.rs:1733: Starting PLAN024 10-phase per-file pipeline (late audio decode) file="C:\\Users\\Mango Cat\\Music\\America/History\u{f03a} America’s Greatest Hits/02 - I Need You.mp3"
2026-02-06T02:59:17.397132Z DEBUG tokio-runtime-worker ThreadId(23) wkmp_ai::services::workflow_orchestrator: wkmp-ai\src\services\workflow_orchestrator\mod.rs:1742: Phase 1: Filename Matching - START file="C:\\Users\\Mango Cat\\Music\\America/History\u{f03a} America’s Greatest Hits/02 - I Need You.mp3"
2026-02-06T02:59:17.397345Z DEBUG tokio-runtime-worker ThreadId(23) wkmp_ai::services::filename_matcher: wkmp-ai\src\services\filename_matcher.rs:54: Checking if file exists in database path=America/History America’s Greatest Hits/02 - I Need You.mp3 norm_us=7
2026-02-06T02:59:17.397773Z DEBUG tokio-runtime-worker ThreadId(23) wkmp_ai::services::workflow_orchestrator: wkmp-ai\src\services\workflow_orchestrator\mod.rs:3118: Starting per-file pipeline file_index=63 file_id=1f8a016b-9876-45fc-bd70-089353cf5f64 file=America/History America’s Greatest Hits/03 - Sandman.mp3
2026-02-06T02:59:17.398136Z  INFO tokio-runtime-worker ThreadId(23) wkmp_ai::services::workflow_orchestrator: wkmp-ai\src\services\workflow_orchestrator\mod.rs:1733: Starting PLAN024 10-phase per-file pipeline (late audio decode) file="C:\\Users\\Mango Cat\\Music\\America/History\u{f03a} America’s Greatest Hits/03 - Sandman.mp3"
2026-02-06T02:59:17.398325Z DEBUG tokio-runtime-worker ThreadId(23) wkmp_ai::services::workflow_orchestrator: wkmp-ai\src\services\workflow_orchestrator\mod.rs:1742: Phase 1: Filename Matching - START file="C:\\Users\\Mango Cat\\Music\\America/History\u{f03a} America’s Greatest Hits/03 - Sandman.mp3"
2026-02-06T02:59:17.398573Z DEBUG tokio-runtime-worker ThreadId(23) wkmp_ai::services::filename_matcher: wkmp-ai\src\services\filename_matcher.rs:54: Checking if file exists in database path=America/History America’s Greatest Hits/03 - Sandman.mp3 norm_us=7
2026-02-06T02:59:17.398806Z DEBUG tokio-runtime-worker ThreadId(23) wkmp_ai::services::workflow_orchestrator: wkmp-ai\src\services\workflow_orchestrator\mod.rs:3118: Starting per-file pipeline file_index=64 file_id=30dabc34-c6f4-4e3f-a695-4a53095db5b2 file=America/History America’s Greatest Hits/04 - Ventura Highway.mp3
2026-02-06T02:59:17.399128Z  INFO tokio-runtime-worker ThreadId(23) wkmp_ai::services::workflow_orchestrator: wkmp-ai\src\services\workflow_orchestrator\mod.rs:1733: Starting PLAN024 10-phase per-file pipeline (late audio decode) file="C:\\Users\\Mango Cat\\Music\\America/History\u{f03a} America’s Greatest Hits/04 - Ventura Highway.mp3"
2026-02-06T02:59:17.399275Z DEBUG tokio-runtime-worker ThreadId(23) wkmp_ai::services::workflow_orchestrator: wkmp-ai\src\services\workflow_orchestrator\mod.rs:1742: Phase 1: Filename Matching - START file="C:\\Users\\Mango Cat\\Music\\America/History\u{f03a} America’s Greatest Hits/04 - Ventura Highway.mp3"
2026-02-06T02:59:17.399523Z DEBUG tokio-runtime-worker ThreadId(23) wkmp_ai::services::filename_matcher: wkmp-ai\src\services\filename_matcher.rs:54: Checking if file exists in database path=America/History America’s Greatest Hits/04 - Ventura Highway.mp3 norm_us=5
2026-02-06T02:59:17.399925Z DEBUG tokio-runtime-worker ThreadId(23) wkmp_ai::api::sse: wkmp-ai\src\api\sse.rs:71: SSE: Broadcasting import event: ImportProgressUpdate
2026-02-06T02:59:17.400866Z DEBUG tokio-runtime-worker ThreadId(23) wkmp_ai::api::sse: wkmp-ai\src\api\sse.rs:71: SSE: Broadcasting import event: ImportProgressUpdate
2026-02-06T02:59:17.401243Z DEBUG tokio-runtime-worker ThreadId(23) wkmp_ai::api::sse: wkmp-ai\src\api\sse.rs:71: SSE: Broadcasting import event: ImportProgressUpdate
2026-02-06T02:59:17.402207Z DEBUG tokio-runtime-worker ThreadId(23) wkmp_ai::api::sse: wkmp-ai\src\api\sse.rs:71: SSE: Broadcasting import event: ImportProgressUpdate
2026-02-06T02:59:17.402598Z DEBUG tokio-runtime-worker ThreadId(23) wkmp_ai::api::sse: wkmp-ai\src\api\sse.rs:71: SSE: Broadcasting import event: ImportProgressUpdate
2026-02-06T02:59:17.403440Z DEBUG tokio-runtime-worker ThreadId(23) wkmp_ai::api::sse: wkmp-ai\src\api\sse.rs:71: SSE: Broadcasting import event: ImportProgressUpdate
2026-02-06T02:59:17.403740Z DEBUG tokio-runtime-worker ThreadId(23) wkmp_ai::api::sse: wkmp-ai\src\api\sse.rs:71: SSE: Broadcasting import event: ImportProgressUpdate
2026-02-06T02:59:17.404600Z DEBUG tokio-runtime-worker ThreadId(23) wkmp_ai::api::sse: wkmp-ai\src\api\sse.rs:71: SSE: Broadcasting import event: ImportProgressUpdate
2026-02-06T02:59:17.404813Z DEBUG tokio-runtime-worker ThreadId(23) wkmp_ai::api::sse: wkmp-ai\src\api\sse.rs:71: SSE: Broadcasting import event: ImportProgressUpdate
2026-02-06T02:59:17.405642Z DEBUG tokio-runtime-worker ThreadId(23) wkmp_ai::api::sse: wkmp-ai\src\api\sse.rs:71: SSE: Broadcasting import event: ImportProgressUpdate
2026-02-06T02:59:17.405995Z DEBUG tokio-runtime-worker ThreadId(23) wkmp_ai::api::sse: wkmp-ai\src\api\sse.rs:71: SSE: Broadcasting import event: ImportProgressUpdate
2026-02-06T02:59:17.406827Z DEBUG tokio-runtime-worker ThreadId(23) wkmp_ai::api::sse: wkmp-ai\src\api\sse.rs:71: SSE: Broadcasting import event: ImportProgressUpdate
2026-02-06T02:59:17.407175Z DEBUG tokio-runtime-worker ThreadId(23) wkmp_ai::api::sse: wkmp-ai\src\api\sse.rs:71: SSE: Broadcasting import event: ImportProgressUpdate
2026-02-06T02:59:17.407989Z DEBUG tokio-runtime-worker ThreadId(23) wkmp_ai::api::sse: wkmp-ai\src\api\sse.rs:71: SSE: Broadcasting import event: ImportProgressUpdate
2026-02-06T02:59:17.408259Z DEBUG tokio-runtime-worker ThreadId(23) wkmp_ai::api::sse: wkmp-ai\src\api\sse.rs:71: SSE: Broadcasting import event: ImportProgressUpdate
2026-02-06T02:59:17.409090Z DEBUG tokio-runtime-worker ThreadId(23) wkmp_ai::api::sse: wkmp-ai\src\api\sse.rs:71: SSE: Broadcasting import event: ImportProgressUpdate
2026-02-06T02:59:17.409631Z DEBUG tokio-runtime-worker ThreadId(23) wkmp_ai::api::sse: wkmp-ai\src\api\sse.rs:71: SSE: Broadcasting import event: ImportProgressUpdate
2026-02-06T02:59:17.410398Z DEBUG tokio-runtime-worker ThreadId(23) wkmp_ai::api::sse: wkmp-ai\src\api\sse.rs:71: SSE: Broadcasting import event: ImportProgressUpdate
2026-02-06T02:59:17.410809Z DEBUG tokio-runtime-worker ThreadId(23) wkmp_ai::api::sse: wkmp-ai\src\api\sse.rs:71: SSE: Broadcasting import event: ImportProgressUpdate
2026-02-06T02:59:17.411788Z DEBUG tokio-runtime-worker ThreadId(23) wkmp_ai::api::sse: wkmp-ai\src\api\sse.rs:71: SSE: Broadcasting import event: ImportProgressUpdate
2026-02-06T02:59:17.412126Z DEBUG tokio-runtime-worker ThreadId(23) wkmp_ai::api::sse: wkmp-ai\src\api\sse.rs:71: SSE: Broadcasting import event: ImportProgressUpdate
2026-02-06T02:59:17.412996Z DEBUG tokio-runtime-worker ThreadId(23) wkmp_ai::api::sse: wkmp-ai\src\api\sse.rs:71: SSE: Broadcasting import event: ImportProgressUpdate
2026-02-06T02:59:17.413246Z DEBUG tokio-runtime-worker ThreadId(23) wkmp_ai::api::sse: wkmp-ai\src\api\sse.rs:71: SSE: Broadcasting import event: ImportProgressUpdate
2026-02-06T02:59:17.414066Z DEBUG tokio-runtime-worker ThreadId(23) wkmp_ai::api::sse: wkmp-ai\src\api\sse.rs:71: SSE: Broadcasting import event: ImportProgressUpdate
2026-02-06T02:59:17.414333Z DEBUG tokio-runtime-worker ThreadId(23) wkmp_ai::api::sse: wkmp-ai\src\api\sse.rs:71: SSE: Broadcasting import event: ImportProgressUpdate
2026-02-06T02:59:17.415217Z DEBUG tokio-runtime-worker ThreadId(23) wkmp_ai::api::sse: wkmp-ai\src\api\sse.rs:71: SSE: Broadcasting import event: ImportProgressUpdate
2026-02-06T02:59:17.415470Z DEBUG tokio-runtime-worker ThreadId(23) wkmp_ai::api::sse: wkmp-ai\src\api\sse.rs:71: SSE: Broadcasting import event: ImportProgressUpdate
2026-02-06T02:59:17.416297Z DEBUG tokio-runtime-worker ThreadId(23) wkmp_ai::api::sse: wkmp-ai\src\api\sse.rs:71: SSE: Broadcasting import event: ImportProgressUpdate
2026-02-06T02:59:17.416530Z DEBUG tokio-runtime-worker ThreadId(23) wkmp_ai::api::sse: wkmp-ai\src\api\sse.rs:71: SSE: Broadcasting import event: ImportProgressUpdate
2026-02-06T02:59:17.417354Z DEBUG tokio-runtime-worker ThreadId(23) wkmp_ai::api::sse: wkmp-ai\src\api\sse.rs:71: SSE: Broadcasting import event: ImportProgressUpdate
2026-02-06T02:59:17.417710Z DEBUG tokio-runtime-worker ThreadId(23) wkmp_ai::api::sse: wkmp-ai\src\api\sse.rs:71: SSE: Broadcasting import event: ImportProgressUpdate
2026-02-06T02:59:17.418255Z DEBUG tokio-runtime-worker ThreadId(23) wkmp_ai::api::sse: wkmp-ai\src\api\sse.rs:71: SSE: Broadcasting import event: ImportProgressUpdate
2026-02-06T02:59:17.418530Z DEBUG tokio-runtime-worker ThreadId(23) wkmp_ai::api::sse: wkmp-ai\src\api\sse.rs:71: SSE: Broadcasting import event: ImportProgressUpdate
2026-02-06T02:59:17.419355Z DEBUG tokio-runtime-worker ThreadId(23) wkmp_ai::api::sse: wkmp-ai\src\api\sse.rs:71: SSE: Broadcasting import event: ImportProgressUpdate
2026-02-06T02:59:17.419724Z DEBUG tokio-runtime-worker ThreadId(23) wkmp_ai::api::sse: wkmp-ai\src\api\sse.rs:71: SSE: Broadcasting import event: ImportProgressUpdate
2026-02-06T02:59:17.420553Z DEBUG tokio-runtime-worker ThreadId(23) wkmp_ai::api::sse: wkmp-ai\src\api\sse.rs:71: SSE: Broadcasting import event: ImportProgressUpdate
2026-02-06T02:59:17.421147Z DEBUG tokio-runtime-worker ThreadId(23) wkmp_ai::services::filename_matcher: wkmp-ai\src\services\filename_matcher.rs:65: Database query completed path=Aerosmith/Toys_In_The_Attic/(Aerosmith)Toys_In_The_Attic-09-You_See_Me_Crying.mp3 query_us=29206
2026-02-06T02:59:17.421419Z DEBUG tokio-runtime-worker ThreadId(23) wkmp_ai::services::filename_matcher: wkmp-ai\src\services\filename_matcher.rs:81: File already processed (INGEST COMPLETE) path=Aerosmith/Toys_In_The_Attic/(Aerosmith)Toys_In_The_Attic-09-You_See_Me_Crying.mp3 guid=0d0a45d1-85b4-47a7-93c4-6ece163a722f
2026-02-06T02:59:17.421580Z  INFO tokio-runtime-worker ThreadId(23) wkmp_ai::services::workflow_orchestrator: wkmp-ai\src\services\workflow_orchestrator\mod.rs:1756: Phase 1 completed phase="Filename Matching" duration_ms=29 path_us=3 db_ms=29 file_index=56
2026-02-06T02:59:17.421730Z  INFO tokio-runtime-worker ThreadId(23) wkmp_ai::services::workflow_orchestrator: wkmp-ai\src\services\workflow_orchestrator\mod.rs:1770: File already processed (INGEST COMPLETE/NO AUDIO/DUPLICATE HASH), skipping all remaining phases file="C:\\Users\\Mango Cat\\Music\\Aerosmith/Toys_In_The_Attic/(Aerosmith)Toys_In_The_Attic-09-You_See_Me_Crying.mp3" file_id=0d0a45d1-85b4-47a7-93c4-6ece163a722f
2026-02-06T02:59:17.421897Z DEBUG tokio-runtime-worker ThreadId(23) wkmp_ai::services::workflow_orchestrator: wkmp-ai\src\services\workflow_orchestrator\mod.rs:2936: File processing complete session_id=e6293ba0-b57f-441f-a6ea-884d33b9111b file_index=56 file=Aerosmith/Toys_In_The_Attic/(Aerosmith)Toys_In_The_Attic-09-You_See_Me_Crying.mp3
2026-02-06T02:59:17.422061Z DEBUG tokio-runtime-worker ThreadId(23) wkmp_ai::services::workflow_orchestrator: wkmp-ai\src\services\workflow_orchestrator\mod.rs:1438: Acquiring all statistics Mutex locks for SSE conversion
2026-02-06T02:59:17.422183Z DEBUG tokio-runtime-worker ThreadId(23) wkmp_ai::services::workflow_orchestrator: wkmp-ai\src\services\workflow_orchestrator\mod.rs:1467: All statistics Mutex locks acquired and data cloned
2026-02-06T02:59:17.422358Z DEBUG tokio-runtime-worker ThreadId(23) wkmp_ai::services::workflow_orchestrator: wkmp-ai\src\services\workflow_orchestrator\mod.rs:1577: Releasing all statistics Mutex locks for SSE conversion
2026-02-06T02:59:17.422529Z DEBUG tokio-runtime-worker ThreadId(23) wkmp_ai::services::filename_matcher: wkmp-ai\src\services\filename_matcher.rs:65: Database query completed path=Alice In Chains/AliceInChainsGreatestHits.mp3
 query_us=29958
2026-02-06T02:59:17.422664Z DEBUG tokio-runtime-worker ThreadId(23) wkmp_ai::services::filename_matcher: wkmp-ai\src\services\filename_matcher.rs:88: File exists, reusing fileId path=Alice In Chains/AliceInChainsGreatestHits.mp3 guid=f7204740-f321-45e5-b65b-2b08dbba2f65 status=PENDING
2026-02-06T02:59:17.422802Z  INFO tokio-runtime-worker ThreadId(23) wkmp_ai::services::workflow_orchestrator: wkmp-ai\src\services\workflow_orchestrator\mod.rs:1756: Phase 1 completed phase="Filename Matching" duration_ms=30 path_us=2 db_ms=30 file_index=57
2026-02-06T02:59:17.422948Z DEBUG tokio-runtime-worker ThreadId(23) wkmp_ai::services::workflow_orchestrator: wkmp-ai\src\services\workflow_orchestrator\mod.rs:1778: Reusing existing file record (incomplete processing) file_id=f7204740-f321-45e5-b65b-2b08dbba2f65
2026-02-06T02:59:17.423104Z DEBUG tokio-runtime-worker ThreadId(23) wkmp_ai::services::workflow_orchestrator: wkmp-ai\src\services\workflow_orchestrator\mod.rs:1812: Phase 2: Hash Deduplication file="C:\\Users\\Mango Cat\\Music\\Alice In Chains/AliceInChainsGreatestHits.mp3" file_id=f7204740-f321-45e5-b65b-2b08dbba2f65
2026-02-06T02:59:17.423236Z DEBUG tokio-runtime-worker ThreadId(23) wkmp_ai::services::hash_deduplicator: wkmp-ai\src\services\hash_deduplicator.rs:52: Calculating SHA-256 hash path=C:\Users\Mango Cat\Music\Alice In Chains/AliceInChainsGreatestHits.mp3
2026-02-06T02:59:17.423405Z DEBUG tokio-runtime-worker ThreadId(23) wkmp_ai::services::filename_matcher: wkmp-ai\src\services\filename_matcher.rs:65: Database query completed path=Allman Brothers/AtFillmoreEast.mp3 query_us=30172
2026-02-06T02:59:17.423535Z DEBUG tokio-runtime-worker ThreadId(23) wkmp_ai::services::filename_matcher: wkmp-ai\src\services\filename_matcher.rs:88: File exists, reusing fileId path=Allman Brothers/AtFillmoreEast.mp3 guid=832ed86e-2a94-450e-9900-09837e2c9bb1 status=PENDING
2026-02-06T02:59:17.423675Z  INFO tokio-runtime-worker ThreadId(23) wkmp_ai::services::workflow_orchestrator: wkmp-ai\src\services\workflow_orchestrator\mod.rs:1756: Phase 1 completed phase="Filename Matching" duration_ms=30 path_us=1 db_ms=30 file_index=58
2026-02-06T02:59:17.423822Z DEBUG tokio-runtime-worker ThreadId(23) wkmp_ai::services::workflow_orchestrator: wkmp-ai\src\services\workflow_orchestrator\mod.rs:1778: Reusing existing file record (incomplete processing) file_id=832ed86e-2a94-450e-9900-09837e2c9bb1
2026-02-06T02:59:17.423993Z DEBUG tokio-runtime-worker ThreadId(23) wkmp_ai::services::workflow_orchestrator: wkmp-ai\src\services\workflow_orchestrator\mod.rs:1812: Phase 2: Hash Deduplication file="C:\\Users\\Mango Cat\\Music\\Allman Brothers/AtFillmoreEast.mp3" file_id=832ed86e-2a94-450e-9900-09837e2c9bb1
2026-02-06T02:59:17.424124Z DEBUG tokio-runtime-worker ThreadId(23) wkmp_ai::services::hash_deduplicator: wkmp-ai\src\services\hash_deduplicator.rs:52: Calculating SHA-256 hash path=C:\Users\Mango Cat\Music\Allman Brothers/AtFillmoreEast.mp3
2026-02-06T02:59:17.424288Z DEBUG tokio-runtime-worker ThreadId(23) wkmp_ai::services::filename_matcher: wkmp-ai\src\services\filename_matcher.rs:65: Database query completed path=Ambrosia/TheEssentialsAmbrosia.mp3 query_us=29396
2026-02-06T02:59:17.424419Z DEBUG tokio-runtime-worker ThreadId(23) wkmp_ai::services::filename_matcher: wkmp-ai\src\services\filename_matcher.rs:88: File exists, reusing fileId path=Ambrosia/TheEssentialsAmbrosia.mp3 guid=8fc21985-273e-4111-b8d1-0d820c98fc69 status=PENDING
2026-02-06T02:59:17.424556Z  INFO tokio-runtime-worker ThreadId(23) wkmp_ai::services::workflow_orchestrator: wkmp-ai\src\services\workflow_orchestrator\mod.rs:1756: Phase 1 completed phase="Filename Matching" duration_ms=30 path_us=1 db_ms=29 file_index=60
2026-02-06T02:59:17.424705Z DEBUG tokio-runtime-worker ThreadId(23) wkmp_ai::services::workflow_orchestrator: wkmp-ai\src\services\workflow_orchestrator\mod.rs:1778: Reusing existing file record (incomplete processing) file_id=8fc21985-273e-4111-b8d1-0d820c98fc69
2026-02-06T02:59:17.424860Z DEBUG tokio-runtime-worker ThreadId(23) wkmp_ai::services::workflow_orchestrator: wkmp-ai\src\services\workflow_orchestrator\mod.rs:1812: Phase 2: Hash Deduplication file="C:\\Users\\Mango Cat\\Music\\Ambrosia/TheEssentialsAmbrosia.mp3" file_id=8fc21985-273e-4111-b8d1-0d820c98fc69
2026-02-06T02:59:17.425000Z DEBUG tokio-runtime-worker ThreadId(23) wkmp_ai::services::hash_deduplicator: wkmp-ai\src\services\hash_deduplicator.rs:52: Calculating SHA-256 hash path=C:\Users\Mango Cat\Music\Ambrosia/TheEssentialsAmbrosia.mp3
2026-02-06T02:59:17.425170Z DEBUG tokio-runtime-worker ThreadId(23) wkmp_ai::services::filename_matcher: wkmp-ai\src\services\filename_matcher.rs:65: Database query completed path=Allman Brothers/EatAPeach.mp3 query_us=31240
2026-02-06T02:59:17.425293Z DEBUG tokio-runtime-worker ThreadId(23) wkmp_ai::services::filename_matcher: wkmp-ai\src\services\filename_matcher.rs:88: File exists, reusing fileId path=Allman Brothers/EatAPeach.mp3 guid=f5eb96cf-f264-459d-881c-a84a08a40d73 status=PENDING
2026-02-06T02:59:17.425434Z  INFO tokio-runtime-worker ThreadId(23) wkmp_ai::services::workflow_orchestrator: wkmp-ai\src\services\workflow_orchestrator\mod.rs:1756: Phase 1 completed phase="Filename Matching" duration_ms=31 path_us=3 db_ms=31 file_index=59
2026-02-06T02:59:17.425580Z DEBUG tokio-runtime-worker ThreadId(23) wkmp_ai::services::workflow_orchestrator: wkmp-ai\src\services\workflow_orchestrator\mod.rs:1778: Reusing existing file record (incomplete processing) file_id=f5eb96cf-f264-459d-881c-a84a08a40d73
2026-02-06T02:59:17.425734Z DEBUG tokio-runtime-worker ThreadId(23) wkmp_ai::services::workflow_orchestrator: wkmp-ai\src\services\workflow_orchestrator\mod.rs:1812: Phase 2: Hash Deduplication file="C:\\Users\\Mango Cat\\Music\\Allman Brothers/EatAPeach.mp3" file_id=f5eb96cf-f264-459d-881c-a84a08a40d73
2026-02-06T02:59:17.425865Z DEBUG tokio-runtime-worker ThreadId(23) wkmp_ai::services::hash_deduplicator: wkmp-ai\src\services\hash_deduplicator.rs:52: Calculating SHA-256 hash path=C:\Users\Mango Cat\Music\Allman Brothers/EatAPeach.mp3
2026-02-06T02:59:17.426036Z DEBUG tokio-runtime-worker ThreadId(23) wkmp_ai::services::filename_matcher: wkmp-ai\src\services\filename_matcher.rs:65: Database query completed path=America/History America’s Greatest Hits/01 - A Horse With No Name.mp3 query_us=29716
2026-02-06T02:59:17.426171Z DEBUG tokio-runtime-worker ThreadId(23) wkmp_ai::services::filename_matcher: wkmp-ai\src\services\filename_matcher.rs:81: File already processed (INGEST COMPLETE) path=America/History America’s Greatest Hits/01 - A Horse With No Name.mp3 guid=5c8462a6-483b-445a-9c84-008baead6a4e
2026-02-06T02:59:17.426310Z  INFO tokio-runtime-worker ThreadId(23) wkmp_ai::services::workflow_orchestrator: wkmp-ai\src\services\workflow_orchestrator\mod.rs:1756: Phase 1 completed phase="Filename Matching" duration_ms=30 path_us=1 db_ms=30 file_index=61
2026-02-06T02:59:17.426458Z  INFO tokio-runtime-worker ThreadId(23) wkmp_ai::services::workflow_orchestrator: wkmp-ai\src\services\workflow_orchestrator\mod.rs:1770: File already processed (INGEST COMPLETE/NO AUDIO/DUPLICATE HASH), skipping all remaining phases file="C:\\Users\\Mango Cat\\Music\\America/History\u{f03a} America’s Greatest Hits/01 - A Horse With No Name.mp3" file_id=5c8462a6-483b-445a-9c84-008baead6a4e
2026-02-06T02:59:17.426624Z DEBUG tokio-runtime-worker ThreadId(23) wkmp_ai::services::workflow_orchestrator: wkmp-ai\src\services\workflow_orchestrator\mod.rs:2936: File processing complete session_id=e6293ba0-b57f-441f-a6ea-884d33b9111b file_index=61 file=America/History America’s Greatest Hits/01 - A Horse With No Name.mp3
2026-02-06T02:59:17.426769Z DEBUG tokio-runtime-worker ThreadId(23) wkmp_ai::services::workflow_orchestrator: wkmp-ai\src\services\workflow_orchestrator\mod.rs:1438: Acquiring all statistics Mutex locks for SSE conversion
2026-02-06T02:59:17.426890Z DEBUG tokio-runtime-worker ThreadId(23) wkmp_ai::services::workflow_orchestrator: wkmp-ai\src\services\workflow_orchestrator\mod.rs:1467: All statistics Mutex locks acquired and data cloned
2026-02-06T02:59:17.427068Z DEBUG tokio-runtime-worker ThreadId(23) wkmp_ai::services::workflow_orchestrator: wkmp-ai\src\services\workflow_orchestrator\mod.rs:1577: Releasing all statistics Mutex locks for SSE conversion
2026-02-06T02:59:17.427233Z DEBUG tokio-runtime-worker ThreadId(23) wkmp_ai::services::filename_matcher: wkmp-ai\src\services\filename_matcher.rs:65: Database query completed path=America/History America’s Greatest Hits/04 - Ventura Highway.mp3 query_us=27572
2026-02-06T02:59:17.427371Z DEBUG tokio-runtime-worker ThreadId(23) wkmp_ai::services::filename_matcher: wkmp-ai\src\services\filename_matcher.rs:81: File already processed (INGEST COMPLETE) path=America/History America’s Greatest Hits/04 - Ventura Highway.mp3 guid=30dabc34-c6f4-4e3f-a695-4a53095db5b2
2026-02-06T02:59:17.427511Z  INFO tokio-runtime-worker ThreadId(23) wkmp_ai::services::workflow_orchestrator: wkmp-ai\src\services\workflow_orchestrator\mod.rs:1756: Phase 1 completed phase="Filename Matching" duration_ms=28 path_us=1 db_ms=27 file_index=64
2026-02-06T02:59:17.427655Z  INFO tokio-runtime-worker ThreadId(23) wkmp_ai::services::workflow_orchestrator: wkmp-ai\src\services\workflow_orchestrator\mod.rs:1770: File already processed (INGEST COMPLETE/NO AUDIO/DUPLICATE HASH), skipping all remaining phases file="C:\\Users\\Mango Cat\\Music\\America/History\u{f03a} America’s Greatest Hits/04 - Ventura Highway.mp3" file_id=30dabc34-c6f4-4e3f-a695-4a53095db5b2
2026-02-06T02:59:17.427856Z DEBUG tokio-runtime-worker ThreadId(23) wkmp_ai::services::workflow_orchestrator: wkmp-ai\src\services\workflow_orchestrator\mod.rs:2936: File processing complete session_id=e6293ba0-b57f-441f-a6ea-884d33b9111b file_index=64 file=America/History America’s Greatest Hits/04 - Ventura Highway.mp3
2026-02-06T02:59:17.428014Z DEBUG tokio-runtime-worker ThreadId(23) wkmp_ai::services::workflow_orchestrator: wkmp-ai\src\services\workflow_orchestrator\mod.rs:1438: Acquiring all statistics Mutex locks for SSE conversion
2026-02-06T02:59:17.428134Z DEBUG tokio-runtime-worker ThreadId(23) wkmp_ai::services::workflow_orchestrator: wkmp-ai\src\services\workflow_orchestrator\mod.rs:1467: All statistics Mutex locks acquired and data cloned
2026-02-06T02:59:17.428332Z DEBUG tokio-runtime-worker ThreadId(23) wkmp_ai::services::workflow_orchestrator: wkmp-ai\src\services\workflow_orchestrator\mod.rs:1577: Releasing all statistics Mutex locks for SSE conversion
2026-02-06T02:59:17.428502Z DEBUG tokio-runtime-worker ThreadId(23) wkmp_ai::services::filename_matcher: wkmp-ai\src\services\filename_matcher.rs:65: Database query completed path=America/History America’s Greatest Hits/03 - Sandman.mp3 query_us=29766
2026-02-06T02:59:17.428643Z DEBUG tokio-runtime-worker ThreadId(23) wkmp_ai::services::filename_matcher: wkmp-ai\src\services\filename_matcher.rs:81: File already processed (INGEST COMPLETE) path=America/History America’s Greatest Hits/03 - Sandman.mp3 guid=1f8a016b-9876-45fc-bd70-089353cf5f64
2026-02-06T02:59:17.428785Z  INFO tokio-runtime-worker ThreadId(23) wkmp_ai::services::workflow_orchestrator: wkmp-ai\src\services\workflow_orchestrator\mod.rs:1756: Phase 1 completed phase="Filename Matching" duration_ms=30 path_us=2 db_ms=30 file_index=63
2026-02-06T02:59:17.428947Z  INFO tokio-runtime-worker ThreadId(23) wkmp_ai::services::workflow_orchestrator: wkmp-ai\src\services\workflow_orchestrator\mod.rs:1770: File already processed (INGEST COMPLETE/NO AUDIO/DUPLICATE HASH), skipping all remaining phases file="C:\\Users\\Mango Cat\\Music\\America/History\u{f03a} America’s Greatest Hits/03 - Sandman.mp3" file_id=1f8a016b-9876-45fc-bd70-089353cf5f64
2026-02-06T02:59:17.429144Z DEBUG tokio-runtime-worker ThreadId(23) wkmp_ai::services::workflow_orchestrator: wkmp-ai\src\services\workflow_orchestrator\mod.rs:2936: File processing complete session_id=e6293ba0-b57f-441f-a6ea-884d33b9111b file_index=63 file=America/History America’s Greatest Hits/03 - Sandman.mp3
2026-02-06T02:59:17.429315Z DEBUG tokio-runtime-worker ThreadId(23) wkmp_ai::services::workflow_orchestrator: wkmp-ai\src\services\workflow_orchestrator\mod.rs:1438: Acquiring all statistics Mutex locks for SSE conversion
2026-02-06T02:59:17.429438Z DEBUG tokio-runtime-worker ThreadId(23) wkmp_ai::services::workflow_orchestrator: wkmp-ai\src\services\workflow_orchestrator\mod.rs:1467: All statistics Mutex locks acquired and data cloned
2026-02-06T02:59:17.429614Z DEBUG tokio-runtime-worker ThreadId(23) wkmp_ai::services::workflow_orchestrator: wkmp-ai\src\services\workflow_orchestrator\mod.rs:1577: Releasing all statistics Mutex locks for SSE conversion
2026-02-06T02:59:17.429790Z DEBUG tokio-runtime-worker ThreadId(23) wkmp_ai::services::filename_matcher: wkmp-ai\src\services\filename_matcher.rs:65: Database query completed path=America/History America’s Greatest Hits/02 - I Need You.mp3 query_us=32100
2026-02-06T02:59:17.430042Z DEBUG tokio-runtime-worker ThreadId(23) wkmp_ai::services::filename_matcher: wkmp-ai\src\services\filename_matcher.rs:81: File already processed (INGEST COMPLETE) path=America/History America’s Greatest Hits/02 - I Need You.mp3 guid=4f302e6c-1c70-4e92-b36e-3e7f241bd495
2026-02-06T02:59:17.430191Z  INFO tokio-runtime-worker ThreadId(23) wkmp_ai::services::workflow_orchestrator: wkmp-ai\src\services\workflow_orchestrator\mod.rs:1756: Phase 1 completed phase="Filename Matching" duration_ms=33 path_us=1 db_ms=32 file_index=62
2026-02-06T02:59:17.430334Z  INFO tokio-runtime-worker ThreadId(23) wkmp_ai::services::workflow_orchestrator: wkmp-ai\src\services\workflow_orchestrator\mod.rs:1770: File already processed (INGEST COMPLETE/NO AUDIO/DUPLICATE HASH), skipping all remaining phases file="C:\\Users\\Mango Cat\\Music\\America/History\u{f03a} America’s Greatest Hits/02 - I Need You.mp3" file_id=4f302e6c-1c70-4e92-b36e-3e7f241bd495
2026-02-06T02:59:17.430497Z DEBUG tokio-runtime-worker ThreadId(23) wkmp_ai::services::workflow_orchestrator: wkmp-ai\src\services\workflow_orchestrator\mod.rs:2936: File processing complete session_id=e6293ba0-b57f-441f-a6ea-884d33b9111b file_index=62 file=America/History America’s Greatest Hits/02 - I Need You.mp3
2026-02-06T02:59:17.430650Z DEBUG tokio-runtime-worker ThreadId(23) wkmp_ai::services::workflow_orchestrator: wkmp-ai\src\services\workflow_orchestrator\mod.rs:1438: Acquiring all statistics Mutex locks for SSE conversion
2026-02-06T02:59:17.430769Z DEBUG tokio-runtime-worker ThreadId(23) wkmp_ai::services::workflow_orchestrator: wkmp-ai\src\services\workflow_orchestrator\mod.rs:1467: All statistics Mutex locks acquired and data cloned
2026-02-06T02:59:17.430938Z DEBUG tokio-runtime-worker ThreadId(23) wkmp_ai::services::workflow_orchestrator: wkmp-ai\src\services\workflow_orchestrator\mod.rs:1577: Releasing all statistics Mutex locks for SSE conversion
2026-02-06T02:59:17.431074Z DEBUG tokio-runtime-worker ThreadId(23) wkmp_ai::services::workflow_orchestrator: wkmp-ai\src\services\workflow_orchestrator\mod.rs:3118: Starting per-file pipeline file_index=65 file_id=0b8e6c77-122d-4d6b-a9ea-9e8cafe85115 file=America/History America’s Greatest Hits/05 - Don’t Cross the River.mp3
2026-02-06T02:59:17.431224Z  INFO tokio-runtime-worker ThreadId(23) wkmp_ai::services::workflow_orchestrator: wkmp-ai\src\services\workflow_orchestrator\mod.rs:1733: Starting PLAN024 10-phase per-file pipeline (late audio decode) file="C:\\Users\\Mango Cat\\Music\\America/History\u{f03a} America’s Greatest Hits/05 - Don’t Cross the River.mp3"
2026-02-06T02:59:17.431372Z DEBUG tokio-runtime-worker ThreadId(23) wkmp_ai::services::workflow_orchestrator: wkmp-ai\src\services\workflow_orchestrator\mod.rs:1742: Phase 1: Filename Matching - START file="C:\\Users\\Mango Cat\\Music\\America/History\u{f03a} America’s Greatest Hits/05 - Don’t Cross the River.mp3"
2026-02-06T02:59:17.431532Z DEBUG tokio-runtime-worker ThreadId(23) wkmp_ai::services::filename_matcher: wkmp-ai\src\services\filename_matcher.rs:54: Checking if file exists in database path=America/History America’s Greatest Hits/05 - Don’t Cross the River.mp3 norm_us=12
2026-02-06T02:59:17.431723Z DEBUG tokio-runtime-worker ThreadId(23) wkmp_ai::services::workflow_orchestrator: wkmp-ai\src\services\workflow_orchestrator\mod.rs:3118: Starting per-file pipeline file_index=66 file_id=e4909c02-f640-4af0-9dc1-899ac084e26a file=America/History America’s Greatest Hits/06 - Only in Your Heart.mp3
2026-02-06T02:59:17.431874Z  INFO tokio-runtime-worker ThreadId(23) wkmp_ai::services::workflow_orchestrator: wkmp-ai\src\services\workflow_orchestrator\mod.rs:1733: Starting PLAN024 10-phase per-file pipeline (late audio decode) file="C:\\Users\\Mango Cat\\Music\\America/History\u{f03a} America’s Greatest Hits/06 - Only in Your Heart.mp3"
2026-02-06T02:59:17.432023Z DEBUG tokio-runtime-worker ThreadId(23) wkmp_ai::services::workflow_orchestrator: wkmp-ai\src\services\workflow_orchestrator\mod.rs:1742: Phase 1: Filename Matching - START file="C:\\Users\\Mango Cat\\Music\\America/History\u{f03a} America’s Greatest Hits/06 - Only in Your Heart.mp3"
2026-02-06T02:59:17.432161Z DEBUG tokio-runtime-worker ThreadId(23) wkmp_ai::services::filename_matcher: wkmp-ai\src\services\filename_matcher.rs:54: Checking if file exists in database path=America/History America’s Greatest Hits/06 - Only in Your Heart.mp3 norm_us=9
2026-02-06T02:59:17.432333Z DEBUG tokio-runtime-worker ThreadId(23) wkmp_ai::services::workflow_orchestrator: wkmp-ai\src\services\workflow_orchestrator\mod.rs:3118: Starting per-file pipeline file_index=67 file_id=137f5e49-5d61-4f62-813a-0e87f6b89229 file=America/History America’s Greatest Hits/07 - Muskrat Love.mp3
2026-02-06T02:59:17.432481Z  INFO tokio-runtime-worker ThreadId(23) wkmp_ai::services::workflow_orchestrator: wkmp-ai\src\services\workflow_orchestrator\mod.rs:1733: Starting PLAN024 10-phase per-file pipeline (late audio decode) file="C:\\Users\\Mango Cat\\Music\\America/History\u{f03a} America’s Greatest Hits/07 - Muskrat Love.mp3"
2026-02-06T02:59:17.432746Z DEBUG tokio-runtime-worker ThreadId(23) wkmp_ai::services::workflow_orchestrator: wkmp-ai\src\services\workflow_orchestrator\mod.rs:1742: Phase 1: Filename Matching - START file="C:\\Users\\Mango Cat\\Music\\America/History\u{f03a} America’s Greatest Hits/07 - Muskrat Love.mp3"
2026-02-06T02:59:17.433049Z DEBUG tokio-runtime-worker ThreadId(23) wkmp_ai::services::filename_matcher: wkmp-ai\src\services\filename_matcher.rs:54: Checking if file exists in database path=America/History America’s Greatest Hits/07 - Muskrat Love.mp3 norm_us=7
2026-02-06T02:59:17.433372Z DEBUG tokio-runtime-worker ThreadId(23) wkmp_ai::services::workflow_orchestrator: wkmp-ai\src\services\workflow_orchestrator\mod.rs:3118: Starting per-file pipeline file_index=68 file_id=edf05a54-18cb-4788-a7fe-85bd45405beb file=America/History America’s Greatest Hits/08 - Tin Man.mp3
2026-02-06T02:59:17.433674Z  INFO tokio-runtime-worker ThreadId(23) wkmp_ai::services::workflow_orchestrator: wkmp-ai\src\services\workflow_orchestrator\mod.rs:1733: Starting PLAN024 10-phase per-file pipeline (late audio decode) file="C:\\Users\\Mango Cat\\Music\\America/History\u{f03a} America’s Greatest Hits/08 - Tin Man.mp3"
2026-02-06T02:59:17.433913Z DEBUG tokio-runtime-worker ThreadId(23) wkmp_ai::services::workflow_orchestrator: wkmp-ai\src\services\workflow_orchestrator\mod.rs:1742: Phase 1: Filename Matching - START file="C:\\Users\\Mango Cat\\Music\\America/History\u{f03a} America’s Greatest Hits/08 - Tin Man.mp3"
2026-02-06T02:59:17.434061Z DEBUG tokio-runtime-worker ThreadId(23) wkmp_ai::services::filename_matcher: wkmp-ai\src\services\filename_matcher.rs:54: Checking if file exists in database path=America/History America’s Greatest Hits/08 - Tin Man.mp3 norm_us=6
2026-02-06T02:59:17.434496Z DEBUG tokio-runtime-worker ThreadId(23) wkmp_ai::api::sse: wkmp-ai\src\api\sse.rs:71: SSE: Broadcasting import event: ImportProgressUpdate
2026-02-06T02:59:17.435503Z DEBUG tokio-runtime-worker ThreadId(23) wkmp_ai::api::sse: wkmp-ai\src\api\sse.rs:71: SSE: Broadcasting import event: ImportProgressUpdate
2026-02-06T02:59:17.435774Z DEBUG tokio-runtime-worker ThreadId(23) wkmp_ai::api::sse: wkmp-ai\src\api\sse.rs:71: SSE: Broadcasting import event: ImportProgressUpdate
2026-02-06T02:59:17.436720Z DEBUG tokio-runtime-worker ThreadId(23) wkmp_ai::api::sse: wkmp-ai\src\api\sse.rs:71: SSE: Broadcasting import event: ImportProgressUpdate
2026-02-06T02:59:17.436970Z DEBUG tokio-runtime-worker ThreadId(23) wkmp_ai::api::sse: wkmp-ai\src\api\sse.rs:71: SSE: Broadcasting import event: ImportProgressUpdate
2026-02-06T02:59:17.437930Z DEBUG tokio-runtime-worker ThreadId(23) wkmp_ai::api::sse: wkmp-ai\src\api\sse.rs:71: SSE: Broadcasting import event: ImportProgressUpdate
2026-02-06T02:59:17.438174Z DEBUG tokio-runtime-worker ThreadId(23) wkmp_ai::api::sse: wkmp-ai\src\api\sse.rs:71: SSE: Broadcasting import event: ImportProgressUpdate
2026-02-06T02:59:17.439173Z DEBUG tokio-runtime-worker ThreadId(23) wkmp_ai::api::sse: wkmp-ai\src\api\sse.rs:71: SSE: Broadcasting import event: ImportProgressUpdate
2026-02-06T02:59:17.439425Z DEBUG tokio-runtime-worker ThreadId(23) wkmp_ai::api::sse: wkmp-ai\src\api\sse.rs:71: SSE: Broadcasting import event: ImportProgressUpdate
2026-02-06T02:59:17.440342Z DEBUG tokio-runtime-worker ThreadId(23) wkmp_ai::api::sse: wkmp-ai\src\api\sse.rs:71: SSE: Broadcasting import event: ImportProgressUpdate
2026-02-06T02:59:17.440760Z DEBUG tokio-runtime-worker ThreadId(23) wkmp_ai::api::sse: wkmp-ai\src\api\sse.rs:71: SSE: Broadcasting import event: ImportProgressUpdate
2026-02-06T02:59:17.441716Z DEBUG tokio-runtime-worker ThreadId(23) wkmp_ai::api::sse: wkmp-ai\src\api\sse.rs:71: SSE: Broadcasting import event: ImportProgressUpdate
2026-02-06T02:59:17.441956Z DEBUG tokio-runtime-worker ThreadId(23) wkmp_ai::api::sse: wkmp-ai\src\api\sse.rs:71: SSE: Broadcasting import event: ImportProgressUpdate
2026-02-06T02:59:17.442943Z DEBUG tokio-runtime-worker ThreadId(23) wkmp_ai::api::sse: wkmp-ai\src\api\sse.rs:71: SSE: Broadcasting import event: ImportProgressUpdate
2026-02-06T02:59:17.443179Z DEBUG tokio-runtime-worker ThreadId(23) wkmp_ai::api::sse: wkmp-ai\src\api\sse.rs:71: SSE: Broadcasting import event: ImportProgressUpdate
2026-02-06T02:59:17.444119Z DEBUG tokio-runtime-worker ThreadId(23) wkmp_ai::api::sse: wkmp-ai\src\api\sse.rs:71: SSE: Broadcasting import event: ImportProgressUpdate
2026-02-06T02:59:17.444435Z DEBUG tokio-runtime-worker ThreadId(23) wkmp_ai::api::sse: wkmp-ai\src\api\sse.rs:71: SSE: Broadcasting import event: ImportProgressUpdate
2026-02-06T02:59:17.445367Z DEBUG tokio-runtime-worker ThreadId(23) wkmp_ai::api::sse: wkmp-ai\src\api\sse.rs:71: SSE: Broadcasting import event: ImportProgressUpdate
2026-02-06T02:59:17.445644Z DEBUG tokio-runtime-worker ThreadId(23) wkmp_ai::api::sse: wkmp-ai\src\api\sse.rs:71: SSE: Broadcasting import event: ImportProgressUpdate
2026-02-06T02:59:17.446586Z DEBUG tokio-runtime-worker ThreadId(23) wkmp_ai::api::sse: wkmp-ai\src\api\sse.rs:71: SSE: Broadcasting import event: ImportProgressUpdate
2026-02-06T02:59:17.447114Z DEBUG tokio-runtime-worker ThreadId(23) wkmp_ai::services::workflow_orchestrator: wkmp-ai\src\services\workflow_orchestrator\mod.rs:3118: Starting per-file pipeline file_index=69 file_id=25fd2df3-3cf6-443c-ba48-31f4c9ca076c file=America/History America’s Greatest Hits/09 - Lonely People.mp3
2026-02-06T02:59:17.447296Z  INFO tokio-runtime-worker ThreadId(23) wkmp_ai::services::workflow_orchestrator: wkmp-ai\src\services\workflow_orchestrator\mod.rs:1733: Starting PLAN024 10-phase per-file pipeline (late audio decode) file="C:\\Users\\Mango Cat\\Music\\America/History\u{f03a} America’s Greatest Hits/09 - Lonely People.mp3"
2026-02-06T02:59:17.447474Z DEBUG tokio-runtime-worker ThreadId(23) wkmp_ai::services::workflow_orchestrator: wkmp-ai\src\services\workflow_orchestrator\mod.rs:1742: Phase 1: Filename Matching - START file="C:\\Users\\Mango Cat\\Music\\America/History\u{f03a} America’s Greatest Hits/09 - Lonely People.mp3"
2026-02-06T02:59:17.447623Z DEBUG tokio-runtime-worker ThreadId(23) wkmp_ai::services::filename_matcher: wkmp-ai\src\services\filename_matcher.rs:54: Checking if file exists in database path=America/History America’s Greatest Hits/09 - Lonely People.mp3 norm_us=12
2026-02-06T02:59:17.448072Z DEBUG tokio-runtime-worker ThreadId(23) wkmp_ai::services::filename_matcher: wkmp-ai\src\services\filename_matcher.rs:65: Database query completed path=America/History America’s Greatest Hits/06 - Only in Your Heart.mp3 query_us=15784
2026-02-06T02:59:17.448237Z DEBUG tokio-runtime-worker ThreadId(23) wkmp_ai::services::filename_matcher: wkmp-ai\src\services\filename_matcher.rs:81: File already processed (INGEST COMPLETE) path=America/History America’s Greatest Hits/06 - Only in Your Heart.mp3 guid=e4909c02-f640-4af0-9dc1-899ac084e26a
2026-02-06T02:59:17.448384Z  INFO tokio-runtime-worker ThreadId(23) wkmp_ai::services::workflow_orchestrator: wkmp-ai\src\services\workflow_orchestrator\mod.rs:1756: Phase 1 completed phase="Filename Matching" duration_ms=16 path_us=1 db_ms=16 file_index=66
2026-02-06T02:59:17.448536Z  INFO tokio-runtime-worker ThreadId(23) wkmp_ai::services::workflow_orchestrator: wkmp-ai\src\services\workflow_orchestrator\mod.rs:1770: File already processed (INGEST COMPLETE/NO AUDIO/DUPLICATE HASH), skipping all remaining phases file="C:\\Users\\Mango Cat\\Music\\America/History\u{f03a} America’s Greatest Hits/06 - Only in Your Heart.mp3" file_id=e4909c02-f640-4af0-9dc1-899ac084e26a
2026-02-06T02:59:17.448749Z DEBUG tokio-runtime-worker ThreadId(23) wkmp_ai::services::workflow_orchestrator: wkmp-ai\src\services\workflow_orchestrator\mod.rs:2936: File processing complete session_id=e6293ba0-b57f-441f-a6ea-884d33b9111b file_index=66 file=America/History America’s Greatest Hits/06 - Only in Your Heart.mp3
2026-02-06T02:59:17.448949Z DEBUG tokio-runtime-worker ThreadId(23) wkmp_ai::services::workflow_orchestrator: wkmp-ai\src\services\workflow_orchestrator\mod.rs:1438: Acquiring all statistics Mutex locks for SSE conversion
2026-02-06T02:59:17.449089Z DEBUG tokio-runtime-worker ThreadId(23) wkmp_ai::services::workflow_orchestrator: wkmp-ai\src\services\workflow_orchestrator\mod.rs:1467: All statistics Mutex locks acquired and data cloned
2026-02-06T02:59:17.449293Z DEBUG tokio-runtime-worker ThreadId(23) wkmp_ai::services::workflow_orchestrator: wkmp-ai\src\services\workflow_orchestrator\mod.rs:1577: Releasing all statistics Mutex locks for SSE conversion
2026-02-06T02:59:17.449473Z DEBUG tokio-runtime-worker ThreadId(23) wkmp_ai::services::filename_matcher: wkmp-ai\src\services\filename_matcher.rs:65: Database query completed path=America/History America’s Greatest Hits/05 - Don’t Cross the River.mp3 query_us=17812
2026-02-06T02:59:17.449620Z DEBUG tokio-runtime-worker ThreadId(23) wkmp_ai::services::filename_matcher: wkmp-ai\src\services\filename_matcher.rs:81: File already processed (INGEST COMPLETE) path=America/History America’s Greatest Hits/05 - Don’t Cross the River.mp3 guid=0b8e6c77-122d-4d6b-a9ea-9e8cafe85115
2026-02-06T02:59:17.449767Z  INFO tokio-runtime-worker ThreadId(23) wkmp_ai::services::workflow_orchestrator: wkmp-ai\src\services\workflow_orchestrator\mod.rs:1756: Phase 1 completed phase="Filename Matching" duration_ms=18 path_us=2 db_ms=18 file_index=65
2026-02-06T02:59:17.449927Z  INFO tokio-runtime-worker ThreadId(23) wkmp_ai::services::workflow_orchestrator: wkmp-ai\src\services\workflow_orchestrator\mod.rs:1770: File already processed (INGEST COMPLETE/NO AUDIO/DUPLICATE HASH), skipping all remaining phases file="C:\\Users\\Mango Cat\\Music\\America/History\u{f03a} America’s Greatest Hits/05 - Don’t Cross the River.mp3" file_id=0b8e6c77-122d-4d6b-a9ea-9e8cafe85115
2026-02-06T02:59:17.450104Z DEBUG tokio-runtime-worker ThreadId(23) wkmp_ai::services::workflow_orchestrator: wkmp-ai\src\services\workflow_orchestrator\mod.rs:2936: File processing complete session_id=e6293ba0-b57f-441f-a6ea-884d33b9111b file_index=65 file=America/History America’s Greatest Hits/05 - Don’t Cross the River.mp3
2026-02-06T02:59:17.457838Z DEBUG tokio-runtime-worker ThreadId(23) wkmp_ai::services::workflow_orchestrator: wkmp-ai\src\services\workflow_orchestrator\mod.rs:1438: Acquiring all statistics Mutex locks for SSE conversion
2026-02-06T02:59:17.458017Z DEBUG tokio-runtime-worker ThreadId(23) wkmp_ai::services::workflow_orchestrator: wkmp-ai\src\services\workflow_orchestrator\mod.rs:1467: All statistics Mutex locks acquired and data cloned
2026-02-06T02:59:17.458647Z DEBUG tokio-runtime-worker ThreadId(23) wkmp_ai::services::workflow_orchestrator: wkmp-ai\src\services\workflow_orchestrator\mod.rs:1577: Releasing all statistics Mutex locks for SSE conversion
2026-02-06T02:59:17.458882Z DEBUG tokio-runtime-worker ThreadId(23) wkmp_ai::services::filename_matcher: wkmp-ai\src\services\filename_matcher.rs:65: Database query completed path=America/History America’s Greatest Hits/08 - Tin Man.mp3 query_us=24556
2026-02-06T02:59:17.459247Z DEBUG tokio-runtime-worker ThreadId(23) wkmp_ai::services::filename_matcher: wkmp-ai\src\services\filename_matcher.rs:88: File exists, reusing fileId path=America/History America’s Greatest Hits/08 - Tin Man.mp3 guid=edf05a54-18cb-4788-a7fe-85bd45405beb status=PENDING
2026-02-06T02:59:17.459401Z  INFO tokio-runtime-worker ThreadId(23) wkmp_ai::services::workflow_orchestrator: wkmp-ai\src\services\workflow_orchestrator\mod.rs:1756: Phase 1 completed phase="Filename Matching" duration_ms=25 path_us=1 db_ms=25 file_index=68
2026-02-06T02:59:17.459561Z DEBUG tokio-runtime-worker ThreadId(23) wkmp_ai::services::workflow_orchestrator: wkmp-ai\src\services\workflow_orchestrator\mod.rs:1778: Reusing existing file record (incomplete processing) file_id=edf05a54-18cb-4788-a7fe-85bd45405beb
2026-02-06T02:59:17.459703Z DEBUG tokio-runtime-worker ThreadId(23) wkmp_ai::services::workflow_orchestrator: wkmp-ai\src\services\workflow_orchestrator\mod.rs:1812: Phase 2: Hash Deduplication file="C:\\Users\\Mango Cat\\Music\\America/History\u{f03a} America’s Greatest Hits/08 - Tin Man.mp3" file_id=edf05a54-18cb-4788-a7fe-85bd45405beb
2026-02-06T02:59:17.459880Z DEBUG tokio-runtime-worker ThreadId(23) wkmp_ai::services::hash_deduplicator: wkmp-ai\src\services\hash_deduplicator.rs:52: Calculating SHA-256 hash path=C:\Users\Mango Cat\Music\America/History America’s Greatest Hits/08 - Tin Man.mp3
2026-02-06T02:59:17.460029Z DEBUG tokio-runtime-worker ThreadId(23) wkmp_ai::services::filename_matcher: wkmp-ai\src\services\filename_matcher.rs:65: Database query completed path=America/History America’s Greatest Hits/09 - Lonely People.mp3 query_us=12274
2026-02-06T02:59:17.460202Z DEBUG tokio-runtime-worker ThreadId(23) wkmp_ai::services::filename_matcher: wkmp-ai\src\services\filename_matcher.rs:88: File exists, reusing fileId path=America/History America’s Greatest Hits/09 - Lonely People.mp3 guid=25fd2df3-3cf6-443c-ba48-31f4c9ca076c status=PENDING
2026-02-06T02:59:17.460314Z  INFO tokio-runtime-worker ThreadId(23) wkmp_ai::services::workflow_orchestrator: wkmp-ai\src\services\workflow_orchestrator\mod.rs:1756: Phase 1 completed phase="Filename Matching" duration_ms=12 path_us=2 db_ms=12 file_index=69
2026-02-06T02:59:17.460429Z DEBUG tokio-runtime-worker ThreadId(23) wkmp_ai::services::workflow_orchestrator: wkmp-ai\src\services\workflow_orchestrator\mod.rs:1778: Reusing existing file record (incomplete processing) file_id=25fd2df3-3cf6-443c-ba48-31f4c9ca076c
2026-02-06T02:59:17.460538Z DEBUG tokio-runtime-worker ThreadId(23) wkmp_ai::services::workflow_orchestrator: wkmp-ai\src\services\workflow_orchestrator\mod.rs:1812: Phase 2: Hash Deduplication file="C:\\Users\\Mango Cat\\Music\\America/History\u{f03a} America’s Greatest Hits/09 - Lonely People.mp3" file_id=25fd2df3-3cf6-443c-ba48-31f4c9ca076c
2026-02-06T02:59:17.460645Z DEBUG tokio-runtime-worker ThreadId(23) wkmp_ai::services::hash_deduplicator: wkmp-ai\src\services\hash_deduplicator.rs:52: Calculating SHA-256 hash path=C:\Users\Mango Cat\Music\America/History America’s Greatest Hits/09 - Lonely People.mp3
2026-02-06T02:59:17.460761Z DEBUG tokio-runtime-worker ThreadId(23) wkmp_ai::services::filename_matcher: wkmp-ai\src\services\filename_matcher.rs:65: Database query completed path=America/History America’s Greatest Hits/07 - Muskrat Love.mp3 query_us=27442
2026-02-06T02:59:17.460933Z DEBUG tokio-runtime-worker ThreadId(23) wkmp_ai::services::filename_matcher: wkmp-ai\src\services\filename_matcher.rs:81: File already processed (INGEST COMPLETE) path=America/History America’s Greatest Hits/07 - Muskrat Love.mp3 guid=137f5e49-5d61-4f62-813a-0e87f6b89229
2026-02-06T02:59:17.461127Z  INFO tokio-runtime-worker ThreadId(23) wkmp_ai::services::workflow_orchestrator: wkmp-ai\src\services\workflow_orchestrator\mod.rs:1756: Phase 1 completed phase="Filename Matching" duration_ms=28 path_us=2 db_ms=28 file_index=67
2026-02-06T02:59:17.461293Z  INFO tokio-runtime-worker ThreadId(23) wkmp_ai::services::workflow_orchestrator: wkmp-ai\src\services\workflow_orchestrator\mod.rs:1770: File already processed (INGEST COMPLETE/NO AUDIO/DUPLICATE HASH), skipping all remaining phases file="C:\\Users\\Mango Cat\\Music\\America/History\u{f03a} America’s Greatest Hits/07 - Muskrat Love.mp3" file_id=137f5e49-5d61-4f62-813a-0e87f6b89229
2026-02-06T02:59:17.461489Z DEBUG tokio-runtime-worker ThreadId(23) wkmp_ai::services::workflow_orchestrator: wkmp-ai\src\services\workflow_orchestrator\mod.rs:2936: File processing complete session_id=e6293ba0-b57f-441f-a6ea-884d33b9111b file_index=67 file=America/History America’s Greatest Hits/07 - Muskrat Love.mp3
2026-02-06T02:59:17.461709Z DEBUG tokio-runtime-worker ThreadId(23) wkmp_ai::services::workflow_orchestrator: wkmp-ai\src\services\workflow_orchestrator\mod.rs:1438: Acquiring all statistics Mutex locks for SSE conversion
2026-02-06T02:59:17.461984Z DEBUG tokio-runtime-worker ThreadId(23) wkmp_ai::services::workflow_orchestrator: wkmp-ai\src\services\workflow_orchestrator\mod.rs:1467: All statistics Mutex locks acquired and data cloned
2026-02-06T02:59:17.462239Z DEBUG tokio-runtime-worker ThreadId(23) wkmp_ai::services::workflow_orchestrator: wkmp-ai\src\services\workflow_orchestrator\mod.rs:1577: Releasing all statistics Mutex locks for SSE conversion
2026-02-06T02:59:17.462428Z DEBUG tokio-runtime-worker ThreadId(23) wkmp_ai::services::workflow_orchestrator: wkmp-ai\src\services\workflow_orchestrator\mod.rs:3118: Starting per-file pipeline file_index=70 file_id=ae489282-d5da-445f-9465-b9b2c7eb592f file=America/History America’s Greatest Hits/10 - Sister Golden Hair.mp3
2026-02-06T02:59:17.462622Z  INFO tokio-runtime-worker ThreadId(23) wkmp_ai::services::workflow_orchestrator: wkmp-ai\src\services\workflow_orchestrator\mod.rs:1733: Starting PLAN024 10-phase per-file pipeline (late audio decode) file="C:\\Users\\Mango Cat\\Music\\America/History\u{f03a} America’s Greatest Hits/10 - Sister Golden Hair.mp3"
2026-02-06T02:59:17.462814Z DEBUG tokio-runtime-worker ThreadId(23) wkmp_ai::services::workflow_orchestrator: wkmp-ai\src\services\workflow_orchestrator\mod.rs:1742: Phase 1: Filename Matching - START file="C:\\Users\\Mango Cat\\Music\\America/History\u{f03a} America’s Greatest Hits/10 - Sister Golden Hair.mp3"
2026-02-06T02:59:17.463024Z DEBUG tokio-runtime-worker ThreadId(23) wkmp_ai::services::filename_matcher: wkmp-ai\src\services\filename_matcher.rs:54: Checking if file exists in database path=America/History America’s Greatest Hits/10 - Sister Golden Hair.mp3 norm_us=14
2026-02-06T02:59:17.463246Z DEBUG tokio-runtime-worker ThreadId(23) wkmp_ai::services::workflow_orchestrator: wkmp-ai\src\services\workflow_orchestrator\mod.rs:3118: Starting per-file pipeline file_index=71 file_id=4520d2da-cef5-4a90-8968-81c336705072 file=America/History America’s Greatest Hits/11 - Daisy Jane.mp3
2026-02-06T02:59:17.463422Z  INFO tokio-runtime-worker ThreadId(23) wkmp_ai::services::workflow_orchestrator: wkmp-ai\src\services\workflow_orchestrator\mod.rs:1733: Starting PLAN024 10-phase per-file pipeline (late audio decode) file="C:\\Users\\Mango Cat\\Music\\America/History\u{f03a} America’s Greatest Hits/11 - Daisy Jane.mp3"
2026-02-06T02:59:17.463587Z DEBUG tokio-runtime-worker ThreadId(23) wkmp_ai::services::workflow_orchestrator: wkmp-ai\src\services\workflow_orchestrator\mod.rs:1742: Phase 1: Filename Matching - START file="C:\\Users\\Mango Cat\\Music\\America/History\u{f03a} America’s Greatest Hits/11 - Daisy Jane.mp3"
2026-02-06T02:59:17.463743Z DEBUG tokio-runtime-worker ThreadId(23) wkmp_ai::services::filename_matcher: wkmp-ai\src\services\filename_matcher.rs:54: Checking if file exists in database path=America/History America’s Greatest Hits/11 - Daisy Jane.mp3 norm_us=10
2026-02-06T02:59:17.463944Z DEBUG tokio-runtime-worker ThreadId(23) wkmp_ai::services::workflow_orchestrator: wkmp-ai\src\services\workflow_orchestrator\mod.rs:3118: Starting per-file pipeline file_index=72 file_id=6bd963c9-5049-4d1a-84ef-5b625d49aaf0 file=America/History America’s Greatest Hits/12 - Woman Tonight.mp3
2026-02-06T02:59:17.464118Z  INFO tokio-runtime-worker ThreadId(23) wkmp_ai::services::workflow_orchestrator: wkmp-ai\src\services\workflow_orchestrator\mod.rs:1733: Starting PLAN024 10-phase per-file pipeline (late audio decode) file="C:\\Users\\Mango Cat\\Music\\America/History\u{f03a} America’s Greatest Hits/12 - Woman Tonight.mp3"
2026-02-06T02:59:17.464287Z DEBUG tokio-runtime-worker ThreadId(23) wkmp_ai::services::workflow_orchestrator: wkmp-ai\src\services\workflow_orchestrator\mod.rs:1742: Phase 1: Filename Matching - START file="C:\\Users\\Mango Cat\\Music\\America/History\u{f03a} America’s Greatest Hits/12 - Woman Tonight.mp3"
2026-02-06T02:59:17.464444Z DEBUG tokio-runtime-worker ThreadId(23) wkmp_ai::services::filename_matcher: wkmp-ai\src\services\filename_matcher.rs:54: Checking if file exists in database path=America/History America’s Greatest Hits/12 - Woman Tonight.mp3 norm_us=9
2026-02-06T02:59:17.464901Z DEBUG tokio-runtime-worker ThreadId(23) wkmp_ai::api::sse: wkmp-ai\src\api\sse.rs:71: SSE: Broadcasting import event: ImportProgressUpdate
2026-02-06T02:59:17.465673Z DEBUG tokio-runtime-worker ThreadId(23) wkmp_ai::api::sse: wkmp-ai\src\api\sse.rs:71: SSE: Broadcasting import event: ImportProgressUpdate
2026-02-06T02:59:17.465931Z DEBUG tokio-runtime-worker ThreadId(23) wkmp_ai::api::sse: wkmp-ai\src\api\sse.rs:71: SSE: Broadcasting import event: ImportProgressUpdate
2026-02-06T02:59:17.466755Z DEBUG tokio-runtime-worker ThreadId(23) wkmp_ai::api::sse: wkmp-ai\src\api\sse.rs:71: SSE: Broadcasting import event: ImportProgressUpdate
2026-02-06T02:59:17.467041Z DEBUG tokio-runtime-worker ThreadId(23) wkmp_ai::api::sse: wkmp-ai\src\api\sse.rs:71: SSE: Broadcasting import event: ImportProgressUpdate
2026-02-06T02:59:17.468108Z DEBUG tokio-runtime-worker ThreadId(23) wkmp_ai::api::sse: wkmp-ai\src\api\sse.rs:71: SSE: Broadcasting import event: ImportProgressUpdate
2026-02-06T02:59:17.468520Z DEBUG tokio-runtime-worker ThreadId(23) wkmp_ai::api::sse: wkmp-ai\src\api\sse.rs:71: SSE: Broadcasting import event: ImportProgressUpdate
2026-02-06T02:59:17.469585Z DEBUG tokio-runtime-worker ThreadId(23) wkmp_ai::api::sse: wkmp-ai\src\api\sse.rs:71: SSE: Broadcasting import event: ImportProgressUpdate
2026-02-06T02:59:17.469849Z DEBUG tokio-runtime-worker ThreadId(23) wkmp_ai::api::sse: wkmp-ai\src\api\sse.rs:71: SSE: Broadcasting import event: ImportProgressUpdate
2026-02-06T02:59:17.470873Z DEBUG tokio-runtime-worker ThreadId(23) wkmp_ai::api::sse: wkmp-ai\src\api\sse.rs:71: SSE: Broadcasting import event: ImportProgressUpdate
2026-02-06T02:59:17.471163Z DEBUG tokio-runtime-worker ThreadId(23) wkmp_ai::api::sse: wkmp-ai\src\api\sse.rs:71: SSE: Broadcasting import event: ImportProgressUpdate
2026-02-06T02:59:17.472256Z DEBUG tokio-runtime-worker ThreadId(23) wkmp_ai::api::sse: wkmp-ai\src\api\sse.rs:71: SSE: Broadcasting import event: ImportProgressUpdate
2026-02-06T02:59:17.472684Z DEBUG tokio-runtime-worker ThreadId(23) wkmp_ai::services::filename_matcher: wkmp-ai\src\services\filename_matcher.rs:65: Database query completed path=America/History America’s Greatest Hits/11 - Daisy Jane.mp3 query_us=8788
2026-02-06T02:59:17.472850Z DEBUG tokio-runtime-worker ThreadId(23) wkmp_ai::services::filename_matcher: wkmp-ai\src\services\filename_matcher.rs:81: File already processed (INGEST COMPLETE) path=America/History America’s Greatest Hits/11 - Daisy Jane.mp3 guid=4520d2da-cef5-4a90-8968-81c336705072
2026-02-06T02:59:17.472994Z  INFO tokio-runtime-worker ThreadId(23) wkmp_ai::services::workflow_orchestrator: wkmp-ai\src\services\workflow_orchestrator\mod.rs:1756: Phase 1 completed phase="Filename Matching" duration_ms=9 path_us=1 db_ms=9 file_index=71
2026-02-06T02:59:17.473140Z  INFO tokio-runtime-worker ThreadId(23) wkmp_ai::services::workflow_orchestrator: wkmp-ai\src\services\workflow_orchestrator\mod.rs:1770: File already processed (INGEST COMPLETE/NO AUDIO/DUPLICATE HASH), skipping all remaining phases file="C:\\Users\\Mango Cat\\Music\\America/History\u{f03a} America’s Greatest Hits/11 - Daisy Jane.mp3" file_id=4520d2da-cef5-4a90-8968-81c336705072
2026-02-06T02:59:17.473301Z DEBUG tokio-runtime-worker ThreadId(23) wkmp_ai::services::workflow_orchestrator: wkmp-ai\src\services\workflow_orchestrator\mod.rs:2936: File processing complete session_id=e6293ba0-b57f-441f-a6ea-884d33b9111b file_index=71 file=America/History America’s Greatest Hits/11 - Daisy Jane.mp3
2026-02-06T02:59:17.473477Z DEBUG tokio-runtime-worker ThreadId(23) wkmp_ai::services::workflow_orchestrator: wkmp-ai\src\services\workflow_orchestrator\mod.rs:1438: Acquiring all statistics Mutex locks for SSE conversion
2026-02-06T02:59:17.473604Z DEBUG tokio-runtime-worker ThreadId(23) wkmp_ai::services::workflow_orchestrator: wkmp-ai\src\services\workflow_orchestrator\mod.rs:1467: All statistics Mutex locks acquired and data cloned
2026-02-06T02:59:17.473785Z DEBUG tokio-runtime-worker ThreadId(23) wkmp_ai::services::workflow_orchestrator: wkmp-ai\src\services\workflow_orchestrator\mod.rs:1577: Releasing all statistics Mutex locks for SSE conversion
2026-02-06T02:59:17.473956Z DEBUG tokio-runtime-worker ThreadId(23) wkmp_ai::services::filename_matcher: wkmp-ai\src\services\filename_matcher.rs:65: Database query completed path=America/History America’s Greatest Hits/10 - Sister Golden Hair.mp3 query_us=10778
2026-02-06T02:59:17.474231Z DEBUG tokio-runtime-worker ThreadId(23) wkmp_ai::services::filename_matcher: wkmp-ai\src\services\filename_matcher.rs:81: File already processed (INGEST COMPLETE) path=America/History America’s Greatest Hits/10 - Sister Golden Hair.mp3 guid=ae489282-d5da-445f-9465-b9b2c7eb592f
2026-02-06T02:59:17.474358Z  INFO tokio-runtime-worker ThreadId(23) wkmp_ai::services::workflow_orchestrator: wkmp-ai\src\services\workflow_orchestrator\mod.rs:1756: Phase 1 completed phase="Filename Matching" duration_ms=11 path_us=2 db_ms=11 file_index=70
2026-02-06T02:59:17.474682Z  INFO tokio-runtime-worker ThreadId(23) wkmp_ai::services::workflow_orchestrator: wkmp-ai\src\services\workflow_orchestrator\mod.rs:1770: File already processed (INGEST COMPLETE/NO AUDIO/DUPLICATE HASH), skipping all remaining phases file="C:\\Users\\Mango Cat\\Music\\America/History\u{f03a} America’s Greatest Hits/10 - Sister Golden Hair.mp3" file_id=ae489282-d5da-445f-9465-b9b2c7eb592f
2026-02-06T02:59:17.474997Z DEBUG tokio-runtime-worker ThreadId(23) wkmp_ai::services::workflow_orchestrator: wkmp-ai\src\services\workflow_orchestrator\mod.rs:2936: File processing complete session_id=e6293ba0-b57f-441f-a6ea-884d33b9111b file_index=70 file=America/History America’s Greatest Hits/10 - Sister Golden Hair.mp3
2026-02-06T02:59:17.475176Z DEBUG tokio-runtime-worker ThreadId(23) wkmp_ai::services::workflow_orchestrator: wkmp-ai\src\services\workflow_orchestrator\mod.rs:1438: Acquiring all statistics Mutex locks for SSE conversion
2026-02-06T02:59:17.475468Z DEBUG tokio-runtime-worker ThreadId(23) wkmp_ai::services::workflow_orchestrator: wkmp-ai\src\services\workflow_orchestrator\mod.rs:1467: All statistics Mutex locks acquired and data cloned
2026-02-06T02:59:17.475653Z DEBUG tokio-runtime-worker ThreadId(23) wkmp_ai::services::workflow_orchestrator: wkmp-ai\src\services\workflow_orchestrator\mod.rs:1577: Releasing all statistics Mutex locks for SSE conversion
2026-02-06T02:59:17.475976Z DEBUG tokio-runtime-worker ThreadId(23) wkmp_ai::services::filename_matcher: wkmp-ai\src\services\filename_matcher.rs:65: Database query completed path=America/History America’s Greatest Hits/12 - Woman Tonight.mp3 query_us=11347
2026-02-06T02:59:17.476121Z DEBUG tokio-runtime-worker ThreadId(23) wkmp_ai::services::filename_matcher: wkmp-ai\src\services\filename_matcher.rs:81: File already processed (INGEST COMPLETE) path=America/History America’s Greatest Hits/12 - Woman Tonight.mp3 guid=6bd963c9-5049-4d1a-84ef-5b625d49aaf0
2026-02-06T02:59:17.476332Z  INFO tokio-runtime-worker ThreadId(23) wkmp_ai::services::workflow_orchestrator: wkmp-ai\src\services\workflow_orchestrator\mod.rs:1756: Phase 1 completed phase="Filename Matching" duration_ms=12 path_us=1 db_ms=11 file_index=72
2026-02-06T02:59:17.476485Z  INFO tokio-runtime-worker ThreadId(23) wkmp_ai::services::workflow_orchestrator: wkmp-ai\src\services\workflow_orchestrator\mod.rs:1770: File already processed (INGEST COMPLETE/NO AUDIO/DUPLICATE HASH), skipping all remaining phases file="C:\\Users\\Mango Cat\\Music\\America/History\u{f03a} America’s Greatest Hits/12 - Woman Tonight.mp3" file_id=6bd963c9-5049-4d1a-84ef-5b625d49aaf0
2026-02-06T02:59:17.476704Z DEBUG tokio-runtime-worker ThreadId(23) wkmp_ai::services::workflow_orchestrator: wkmp-ai\src\services\workflow_orchestrator\mod.rs:2936: File processing complete session_id=e6293ba0-b57f-441f-a6ea-884d33b9111b file_index=72 file=America/History America’s Greatest Hits/12 - Woman Tonight.mp3
2026-02-06T02:59:17.476878Z DEBUG tokio-runtime-worker ThreadId(23) wkmp_ai::services::workflow_orchestrator: wkmp-ai\src\services\workflow_orchestrator\mod.rs:1438: Acquiring all statistics Mutex locks for SSE conversion
2026-02-06T02:59:17.477064Z DEBUG tokio-runtime-worker ThreadId(23) wkmp_ai::services::workflow_orchestrator: wkmp-ai\src\services\workflow_orchestrator\mod.rs:1467: All statistics Mutex locks acquired and data cloned
2026-02-06T02:59:17.477246Z DEBUG tokio-runtime-worker ThreadId(23) wkmp_ai::services::workflow_orchestrator: wkmp-ai\src\services\workflow_orchestrator\mod.rs:1577: Releasing all statistics Mutex locks for SSE conversion
2026-02-06T02:59:17.477443Z DEBUG tokio-runtime-worker ThreadId(23) wkmp_ai::services::workflow_orchestrator: wkmp-ai\src\services\workflow_orchestrator\mod.rs:3118: Starting per-file pipeline file_index=73 file_id=5b5c2a77-239b-4522-9d40-935be44993b4 file=Amos, Tori/From_The_Choirgirl_Hotel/01-Spark.mp3
2026-02-06T02:59:17.477603Z  INFO tokio-runtime-worker ThreadId(23) wkmp_ai::services::workflow_orchestrator: wkmp-ai\src\services\workflow_orchestrator\mod.rs:1733: Starting PLAN024 10-phase per-file pipeline (late audio decode) file="C:\\Users\\Mango Cat\\Music\\Amos, Tori/From_The_Choirgirl_Hotel/01-Spark.mp3"
2026-02-06T02:59:17.477874Z DEBUG tokio-runtime-worker ThreadId(23) wkmp_ai::services::workflow_orchestrator: wkmp-ai\src\services\workflow_orchestrator\mod.rs:1742: Phase 1: Filename Matching - START file="C:\\Users\\Mango Cat\\Music\\Amos, Tori/From_The_Choirgirl_Hotel/01-Spark.mp3"
2026-02-06T02:59:17.478062Z DEBUG tokio-runtime-worker ThreadId(23) wkmp_ai::services::filename_matcher: wkmp-ai\src\services\filename_matcher.rs:54: Checking if file exists in database path=Amos, Tori/From_The_Choirgirl_Hotel/01-Spark.mp3 norm_us=8
2026-02-06T02:59:17.478250Z DEBUG tokio-runtime-worker ThreadId(23) wkmp_ai::services::workflow_orchestrator: wkmp-ai\src\services\workflow_orchestrator\mod.rs:3118: Starting per-file pipeline file_index=74 file_id=c81e24a0-add6-4629-a083-107f4d58eb74 file=Amos, Tori/From_The_Choirgirl_Hotel/02-Cruel.mp3
2026-02-06T02:59:17.478509Z  INFO tokio-runtime-worker ThreadId(23) wkmp_ai::services::workflow_orchestrator: wkmp-ai\src\services\workflow_orchestrator\mod.rs:1733: Starting PLAN024 10-phase per-file pipeline (late audio decode) file="C:\\Users\\Mango Cat\\Music\\Amos, Tori/From_The_Choirgirl_Hotel/02-Cruel.mp3"
2026-02-06T02:59:17.478707Z DEBUG tokio-runtime-worker ThreadId(23) wkmp_ai::services::workflow_orchestrator: wkmp-ai\src\services\workflow_orchestrator\mod.rs:1742: Phase 1: Filename Matching - START file="C:\\Users\\Mango Cat\\Music\\Amos, Tori/From_The_Choirgirl_Hotel/02-Cruel.mp3"
2026-02-06T02:59:17.478893Z DEBUG tokio-runtime-worker ThreadId(23) wkmp_ai::services::filename_matcher: wkmp-ai\src\services\filename_matcher.rs:54: Checking if file exists in database path=Amos, Tori/From_The_Choirgirl_Hotel/02-Cruel.mp3 norm_us=8
2026-02-06T02:59:17.479109Z DEBUG tokio-runtime-worker ThreadId(23) wkmp_ai::services::workflow_orchestrator: wkmp-ai\src\services\workflow_orchestrator\mod.rs:3118: Starting per-file pipeline file_index=75 file_id=b88fa0fd-55c0-4293-b26b-746c91fd7165 file=Amos, Tori/From_The_Choirgirl_Hotel/03-Black-Dove_(January).mp3
2026-02-06T02:59:17.479291Z  INFO tokio-runtime-worker ThreadId(23) wkmp_ai::services::workflow_orchestrator: wkmp-ai\src\services\workflow_orchestrator\mod.rs:1733: Starting PLAN024 10-phase per-file pipeline (late audio decode) file="C:\\Users\\Mango Cat\\Music\\Amos, Tori/From_The_Choirgirl_Hotel/03-Black-Dove_(January).mp3"
2026-02-06T02:59:17.479489Z DEBUG tokio-runtime-worker ThreadId(23) wkmp_ai::services::workflow_orchestrator: wkmp-ai\src\services\workflow_orchestrator\mod.rs:1742: Phase 1: Filename Matching - START file="C:\\Users\\Mango Cat\\Music\\Amos, Tori/From_The_Choirgirl_Hotel/03-Black-Dove_(January).mp3"
2026-02-06T02:59:17.479648Z DEBUG tokio-runtime-worker ThreadId(23) wkmp_ai::services::filename_matcher: wkmp-ai\src\services\filename_matcher.rs:54: Checking if file exists in database path=Amos, Tori/From_The_Choirgirl_Hotel/03-Black-Dove_(January).mp3 norm_us=5
2026-02-06T02:59:17.480098Z DEBUG tokio-runtime-worker ThreadId(23) wkmp_ai::api::sse: wkmp-ai\src\api\sse.rs:71: SSE: Broadcasting import event: ImportProgressUpdate
2026-02-06T02:59:17.481329Z DEBUG tokio-runtime-worker ThreadId(23) wkmp_ai::api::sse: wkmp-ai\src\api\sse.rs:71: SSE: Broadcasting import event: ImportProgressUpdate
2026-02-06T02:59:17.481637Z DEBUG tokio-runtime-worker ThreadId(23) wkmp_ai::api::sse: wkmp-ai\src\api\sse.rs:71: SSE: Broadcasting import event: ImportProgressUpdate
2026-02-06T02:59:17.482760Z DEBUG tokio-runtime-worker ThreadId(23) wkmp_ai::api::sse: wkmp-ai\src\api\sse.rs:71: SSE: Broadcasting import event: ImportProgressUpdate
2026-02-06T02:59:17.483102Z DEBUG tokio-runtime-worker ThreadId(23) wkmp_ai::api::sse: wkmp-ai\src\api\sse.rs:71: SSE: Broadcasting import event: ImportProgressUpdate
2026-02-06T02:59:17.484234Z DEBUG tokio-runtime-worker ThreadId(23) wkmp_ai::api::sse: wkmp-ai\src\api\sse.rs:71: SSE: Broadcasting import event: ImportProgressUpdate
2026-02-06T02:59:17.484651Z DEBUG tokio-runtime-worker ThreadId(23) wkmp_ai::api::sse: wkmp-ai\src\api\sse.rs:71: SSE: Broadcasting import event: ImportProgressUpdate
2026-02-06T02:59:17.485773Z DEBUG tokio-runtime-worker ThreadId(23) wkmp_ai::api::sse: wkmp-ai\src\api\sse.rs:71: SSE: Broadcasting import event: ImportProgressUpdate
2026-02-06T02:59:17.486036Z DEBUG tokio-runtime-worker ThreadId(23) wkmp_ai::api::sse: wkmp-ai\src\api\sse.rs:71: SSE: Broadcasting import event: ImportProgressUpdate
2026-02-06T02:59:17.487166Z DEBUG tokio-runtime-worker ThreadId(23) wkmp_ai::api::sse: wkmp-ai\src\api\sse.rs:71: SSE: Broadcasting import event: ImportProgressUpdate
2026-02-06T02:59:17.487428Z DEBUG tokio-runtime-worker ThreadId(23) wkmp_ai::api::sse: wkmp-ai\src\api\sse.rs:71: SSE: Broadcasting import event: ImportProgressUpdate
2026-02-06T02:59:17.488594Z DEBUG tokio-runtime-worker ThreadId(23) wkmp_ai::api::sse: wkmp-ai\src\api\sse.rs:71: SSE: Broadcasting import event: ImportProgressUpdate
2026-02-06T02:59:17.489024Z DEBUG tokio-runtime-worker ThreadId(23) wkmp_ai::services::filename_matcher: wkmp-ai\src\services\filename_matcher.rs:65: Database query completed path=Amos, Tori/From_The_Choirgirl_Hotel/01-Spark.mp3 query_us=10839
2026-02-06T02:59:17.489194Z DEBUG tokio-runtime-worker ThreadId(23) wkmp_ai::services::filename_matcher: wkmp-ai\src\services\filename_matcher.rs:81: File already processed (INGEST COMPLETE) path=Amos, Tori/From_The_Choirgirl_Hotel/01-Spark.mp3 guid=5b5c2a77-239b-4522-9d40-935be44993b4
2026-02-06T02:59:17.489334Z  INFO tokio-runtime-worker ThreadId(23) wkmp_ai::services::workflow_orchestrator: wkmp-ai\src\services\workflow_orchestrator\mod.rs:1756: Phase 1 completed phase="Filename Matching" duration_ms=11 path_us=2 db_ms=11 file_index=73
2026-02-06T02:59:17.489484Z  INFO tokio-runtime-worker ThreadId(23) wkmp_ai::services::workflow_orchestrator: wkmp-ai\src\services\workflow_orchestrator\mod.rs:1770: File already processed (INGEST COMPLETE/NO AUDIO/DUPLICATE HASH), skipping all remaining phases file="C:\\Users\\Mango Cat\\Music\\Amos, Tori/From_The_Choirgirl_Hotel/01-Spark.mp3" file_id=5b5c2a77-239b-4522-9d40-935be44993b4
2026-02-06T02:59:17.489654Z DEBUG tokio-runtime-worker ThreadId(23) wkmp_ai::services::workflow_orchestrator: wkmp-ai\src\services\workflow_orchestrator\mod.rs:2936: File processing complete session_id=e6293ba0-b57f-441f-a6ea-884d33b9111b file_index=73 file=Amos, Tori/From_The_Choirgirl_Hotel/01-Spark.mp3
2026-02-06T02:59:17.489831Z DEBUG tokio-runtime-worker ThreadId(23) wkmp_ai::services::workflow_orchestrator: wkmp-ai\src\services\workflow_orchestrator\mod.rs:1438: Acquiring all statistics Mutex locks for SSE conversion
2026-02-06T02:59:17.489960Z DEBUG tokio-runtime-worker ThreadId(23) wkmp_ai::services::workflow_orchestrator: wkmp-ai\src\services\workflow_orchestrator\mod.rs:1467: All statistics Mutex locks acquired and data cloned
2026-02-06T02:59:17.490154Z DEBUG tokio-runtime-worker ThreadId(23) wkmp_ai::services::workflow_orchestrator: wkmp-ai\src\services\workflow_orchestrator\mod.rs:1577: Releasing all statistics Mutex locks for SSE conversion
2026-02-06T02:59:17.490333Z DEBUG tokio-runtime-worker ThreadId(23) wkmp_ai::services::filename_matcher: wkmp-ai\src\services\filename_matcher.rs:65: Database query completed path=Amos, Tori/From_The_Choirgirl_Hotel/02-Cruel.mp3 query_us=11284
2026-02-06T02:59:17.490475Z DEBUG tokio-runtime-worker ThreadId(23) wkmp_ai::services::filename_matcher: wkmp-ai\src\services\filename_matcher.rs:81: File already processed (INGEST COMPLETE) path=Amos, Tori/From_The_Choirgirl_Hotel/02-Cruel.mp3 guid=c81e24a0-add6-4629-a083-107f4d58eb74
2026-02-06T02:59:17.490609Z  INFO tokio-runtime-worker ThreadId(23) wkmp_ai::services::workflow_orchestrator: wkmp-ai\src\services\workflow_orchestrator\mod.rs:1756: Phase 1 completed phase="Filename Matching" duration_ms=11 path_us=1 db_ms=11 file_index=74
2026-02-06T02:59:17.490759Z  INFO tokio-runtime-worker ThreadId(23) wkmp_ai::services::workflow_orchestrator: wkmp-ai\src\services\workflow_orchestrator\mod.rs:1770: File already processed (INGEST COMPLETE/NO AUDIO/DUPLICATE HASH), skipping all remaining phases file="C:\\Users\\Mango Cat\\Music\\Amos, Tori/From_The_Choirgirl_Hotel/02-Cruel.mp3" file_id=c81e24a0-add6-4629-a083-107f4d58eb74
2026-02-06T02:59:17.490920Z DEBUG tokio-runtime-worker ThreadId(23) wkmp_ai::services::workflow_orchestrator: wkmp-ai\src\services\workflow_orchestrator\mod.rs:2936: File processing complete session_id=e6293ba0-b57f-441f-a6ea-884d33b9111b file_index=74 file=Amos, Tori/From_The_Choirgirl_Hotel/02-Cruel.mp3
2026-02-06T02:59:17.491230Z DEBUG tokio-runtime-worker ThreadId(23) wkmp_ai::services::workflow_orchestrator: wkmp-ai\src\services\workflow_orchestrator\mod.rs:1438: Acquiring all statistics Mutex locks for SSE conversion
2026-02-06T02:59:17.491357Z DEBUG tokio-runtime-worker ThreadId(23) wkmp_ai::services::workflow_orchestrator: wkmp-ai\src\services\workflow_orchestrator\mod.rs:1467: All statistics Mutex locks acquired and data cloned
2026-02-06T02:59:17.491537Z DEBUG tokio-runtime-worker ThreadId(23) wkmp_ai::services::workflow_orchestrator: wkmp-ai\src\services\workflow_orchestrator\mod.rs:1577: Releasing all statistics Mutex locks for SSE conversion
2026-02-06T02:59:17.491711Z DEBUG tokio-runtime-worker ThreadId(23) wkmp_ai::services::filename_matcher: wkmp-ai\src\services\filename_matcher.rs:65: Database query completed path=Amos, Tori/From_The_Choirgirl_Hotel/03-Black-Dove_(January).mp3 query_us=11906
2026-02-06T02:59:17.491852Z DEBUG tokio-runtime-worker ThreadId(23) wkmp_ai::services::filename_matcher: wkmp-ai\src\services\filename_matcher.rs:81: File already processed (INGEST COMPLETE) path=Amos, Tori/From_The_Choirgirl_Hotel/03-Black-Dove_(January).mp3 guid=b88fa0fd-55c0-4293-b26b-746c91fd7165
2026-02-06T02:59:17.491989Z  INFO tokio-runtime-worker ThreadId(23) wkmp_ai::services::workflow_orchestrator: wkmp-ai\src\services\workflow_orchestrator\mod.rs:1756: Phase 1 completed phase="Filename Matching" duration_ms=12 path_us=1 db_ms=12 file_index=75
2026-02-06T02:59:17.492146Z  INFO tokio-runtime-worker ThreadId(23) wkmp_ai::services::workflow_orchestrator: wkmp-ai\src\services\workflow_orchestrator\mod.rs:1770: File already processed (INGEST COMPLETE/NO AUDIO/DUPLICATE HASH), skipping all remaining phases file="C:\\Users\\Mango Cat\\Music\\Amos, Tori/From_The_Choirgirl_Hotel/03-Black-Dove_(January).mp3" file_id=b88fa0fd-55c0-4293-b26b-746c91fd7165
2026-02-06T02:59:17.492309Z DEBUG tokio-runtime-worker ThreadId(23) wkmp_ai::services::workflow_orchestrator: wkmp-ai\src\services\workflow_orchestrator\mod.rs:2936: File processing complete session_id=e6293ba0-b57f-441f-a6ea-884d33b9111b file_index=75 file=Amos, Tori/From_The_Choirgirl_Hotel/03-Black-Dove_(January).mp3
2026-02-06T02:59:17.492473Z DEBUG tokio-runtime-worker ThreadId(23) wkmp_ai::services::workflow_orchestrator: wkmp-ai\src\services\workflow_orchestrator\mod.rs:1438: Acquiring all statistics Mutex locks for SSE conversion
2026-02-06T02:59:17.492600Z DEBUG tokio-runtime-worker ThreadId(23) wkmp_ai::services::workflow_orchestrator: wkmp-ai\src\services\workflow_orchestrator\mod.rs:1467: All statistics Mutex locks acquired and data cloned
2026-02-06T02:59:17.492784Z DEBUG tokio-runtime-worker ThreadId(23) wkmp_ai::services::workflow_orchestrator: wkmp-ai\src\services\workflow_orchestrator\mod.rs:1577: Releasing all statistics Mutex locks for SSE conversion
2026-02-06T02:59:17.492927Z DEBUG tokio-runtime-worker ThreadId(23) wkmp_ai::services::workflow_orchestrator: wkmp-ai\src\services\workflow_orchestrator\mod.rs:3118: Starting per-file pipeline file_index=76 file_id=e58a8f01-a44f-4af2-8c43-603bcde91088 file=Amos, Tori/From_The_Choirgirl_Hotel/04-Raspberry_Swirl.mp3
2026-02-06T02:59:17.493082Z  INFO tokio-runtime-worker ThreadId(23) wkmp_ai::services::workflow_orchestrator: wkmp-ai\src\services\workflow_orchestrator\mod.rs:1733: Starting PLAN024 10-phase per-file pipeline (late audio decode) file="C:\\Users\\Mango Cat\\Music\\Amos, Tori/From_The_Choirgirl_Hotel/04-Raspberry_Swirl.mp3"
2026-02-06T02:59:17.493244Z DEBUG tokio-runtime-worker ThreadId(23) wkmp_ai::services::workflow_orchestrator: wkmp-ai\src\services\workflow_orchestrator\mod.rs:1742: Phase 1: Filename Matching - START file="C:\\Users\\Mango Cat\\Music\\Amos, Tori/From_The_Choirgirl_Hotel/04-Raspberry_Swirl.mp3"
2026-02-06T02:59:17.493401Z DEBUG tokio-runtime-worker ThreadId(23) wkmp_ai::services::filename_matcher: wkmp-ai\src\services\filename_matcher.rs:54: Checking if file exists in database path=Amos, Tori/From_The_Choirgirl_Hotel/04-Raspberry_Swirl.mp3 norm_us=9
2026-02-06T02:59:17.493607Z DEBUG tokio-runtime-worker ThreadId(23) wkmp_ai::services::workflow_orchestrator: wkmp-ai\src\services\workflow_orchestrator\mod.rs:3118: Starting per-file pipeline file_index=77 file_id=885822cf-86ae-466d-866a-963870cbd64d file=Amos, Tori/From_The_Choirgirl_Hotel/05-Jackie's_Strength.mp3
2026-02-06T02:59:17.493770Z  INFO tokio-runtime-worker ThreadId(23) wkmp_ai::services::workflow_orchestrator: wkmp-ai\src\services\workflow_orchestrator\mod.rs:1733: Starting PLAN024 10-phase per-file pipeline (late audio decode) file="C:\\Users\\Mango Cat\\Music\\Amos, Tori/From_The_Choirgirl_Hotel/05-Jackie\'s_Strength.mp3"
2026-02-06T02:59:17.493929Z DEBUG tokio-runtime-worker ThreadId(23) wkmp_ai::services::workflow_orchestrator: wkmp-ai\src\services\workflow_orchestrator\mod.rs:1742: Phase 1: Filename Matching - START file="C:\\Users\\Mango Cat\\Music\\Amos, Tori/From_The_Choirgirl_Hotel/05-Jackie\'s_Strength.mp3"
2026-02-06T02:59:17.494080Z DEBUG tokio-runtime-worker ThreadId(23) wkmp_ai::services::filename_matcher: wkmp-ai\src\services\filename_matcher.rs:54: Checking if file exists in database path=Amos, Tori/From_The_Choirgirl_Hotel/05-Jackie's_Strength.mp3 norm_us=6
2026-02-06T02:59:17.494259Z DEBUG tokio-runtime-worker ThreadId(23) wkmp_ai::services::workflow_orchestrator: wkmp-ai\src\services\workflow_orchestrator\mod.rs:3118: Starting per-file pipeline file_index=78 file_id=a39073cc-f7b2-4eb4-b99a-2ab6c8d6ca25 file=Amos, Tori/From_The_Choirgirl_Hotel/06-i_i_e_e_e.mp3
2026-02-06T02:59:17.494426Z  INFO tokio-runtime-worker ThreadId(23) wkmp_ai::services::workflow_orchestrator: wkmp-ai\src\services\workflow_orchestrator\mod.rs:1733: Starting PLAN024 10-phase per-file pipeline (late audio decode) file="C:\\Users\\Mango Cat\\Music\\Amos, Tori/From_The_Choirgirl_Hotel/06-i_i_e_e_e.mp3"
2026-02-06T02:59:17.494582Z DEBUG tokio-runtime-worker ThreadId(23) wkmp_ai::services::workflow_orchestrator: wkmp-ai\src\services\workflow_orchestrator\mod.rs:1742: Phase 1: Filename Matching - START file="C:\\Users\\Mango Cat\\Music\\Amos, Tori/From_The_Choirgirl_Hotel/06-i_i_e_e_e.mp3"
2026-02-06T02:59:17.494734Z DEBUG tokio-runtime-worker ThreadId(23) wkmp_ai::services::filename_matcher: wkmp-ai\src\services\filename_matcher.rs:54: Checking if file exists in database path=Amos, Tori/From_The_Choirgirl_Hotel/06-i_i_e_e_e.mp3 norm_us=7
2026-02-06T02:59:17.495098Z DEBUG tokio-runtime-worker ThreadId(23) wkmp_ai::api::sse: wkmp-ai\src\api\sse.rs:71: SSE: Broadcasting import event: ImportProgressUpdate
2026-02-06T02:59:17.496344Z DEBUG tokio-runtime-worker ThreadId(23) wkmp_ai::api::sse: wkmp-ai\src\api\sse.rs:71: SSE: Broadcasting import event: ImportProgressUpdate
2026-02-06T02:59:17.496847Z DEBUG tokio-runtime-worker ThreadId(23) wkmp_ai::api::sse: wkmp-ai\src\api\sse.rs:71: SSE: Broadcasting import event: ImportProgressUpdate
2026-02-06T02:59:17.497637Z DEBUG tokio-runtime-worker ThreadId(23) wkmp_ai::api::sse: wkmp-ai\src\api\sse.rs:71: SSE: Broadcasting import event: ImportProgressUpdate
2026-02-06T02:59:17.497847Z DEBUG tokio-runtime-worker ThreadId(23) wkmp_ai::api::sse: wkmp-ai\src\api\sse.rs:71: SSE: Broadcasting import event: ImportProgressUpdate
2026-02-06T02:59:17.498445Z DEBUG tokio-runtime-worker ThreadId(23) wkmp_ai::api::sse: wkmp-ai\src\api\sse.rs:71: SSE: Broadcasting import event: ImportProgressUpdate
2026-02-06T02:59:17.498801Z DEBUG tokio-runtime-worker ThreadId(23) wkmp_ai::api::sse: wkmp-ai\src\api\sse.rs:71: SSE: Broadcasting import event: ImportProgressUpdate
2026-02-06T02:59:17.499456Z DEBUG tokio-runtime-worker ThreadId(23) wkmp_ai::api::sse: wkmp-ai\src\api\sse.rs:71: SSE: Broadcasting import event: ImportProgressUpdate
2026-02-06T02:59:17.499678Z DEBUG tokio-runtime-worker ThreadId(23) wkmp_ai::api::sse: wkmp-ai\src\api\sse.rs:71: SSE: Broadcasting import event: ImportProgressUpdate
2026-02-06T02:59:17.500347Z DEBUG tokio-runtime-worker ThreadId(23) wkmp_ai::api::sse: wkmp-ai\src\api\sse.rs:71: SSE: Broadcasting import event: ImportProgressUpdate
2026-02-06T02:59:17.500528Z DEBUG tokio-runtime-worker ThreadId(23) wkmp_ai::api::sse: wkmp-ai\src\api\sse.rs:71: SSE: Broadcasting import event: ImportProgressUpdate
2026-02-06T02:59:17.501100Z DEBUG tokio-runtime-worker ThreadId(23) wkmp_ai::api::sse: wkmp-ai\src\api\sse.rs:71: SSE: Broadcasting import event: ImportProgressUpdate
2026-02-06T02:59:17.501507Z DEBUG tokio-runtime-worker ThreadId(23) wkmp_ai::services::filename_matcher: wkmp-ai\src\services\filename_matcher.rs:65: Database query completed path=Amos, Tori/From_The_Choirgirl_Hotel/04-Raspberry_Swirl.mp3 query_us=7958
2026-02-06T02:59:17.501696Z DEBUG tokio-runtime-worker ThreadId(23) wkmp_ai::services::filename_matcher: wkmp-ai\src\services\filename_matcher.rs:81: File already processed (INGEST COMPLETE) path=Amos, Tori/From_The_Choirgirl_Hotel/04-Raspberry_Swirl.mp3 guid=e58a8f01-a44f-4af2-8c43-603bcde91088
2026-02-06T02:59:17.502165Z  INFO tokio-runtime-worker ThreadId(23) wkmp_ai::services::workflow_orchestrator: wkmp-ai\src\services\workflow_orchestrator\mod.rs:1756: Phase 1 completed phase="Filename Matching" duration_ms=8 path_us=1 db_ms=8 file_index=76
2026-02-06T02:59:17.502436Z  INFO tokio-runtime-worker ThreadId(23) wkmp_ai::services::workflow_orchestrator: wkmp-ai\src\services\workflow_orchestrator\mod.rs:1770: File already processed (INGEST COMPLETE/NO AUDIO/DUPLICATE HASH), skipping all remaining phases file="C:\\Users\\Mango Cat\\Music\\Amos, Tori/From_The_Choirgirl_Hotel/04-Raspberry_Swirl.mp3" file_id=e58a8f01-a44f-4af2-8c43-603bcde91088
2026-02-06T02:59:17.502686Z DEBUG tokio-runtime-worker ThreadId(23) wkmp_ai::services::workflow_orchestrator: wkmp-ai\src\services\workflow_orchestrator\mod.rs:2936: File processing complete session_id=e6293ba0-b57f-441f-a6ea-884d33b9111b file_index=76 file=Amos, Tori/From_The_Choirgirl_Hotel/04-Raspberry_Swirl.mp3
2026-02-06T02:59:17.502927Z DEBUG tokio-runtime-worker ThreadId(23) wkmp_ai::services::workflow_orchestrator: wkmp-ai\src\services\workflow_orchestrator\mod.rs:1438: Acquiring all statistics Mutex locks for SSE conversion
2026-02-06T02:59:17.503124Z DEBUG tokio-runtime-worker ThreadId(23) wkmp_ai::services::workflow_orchestrator: wkmp-ai\src\services\workflow_orchestrator\mod.rs:1467: All statistics Mutex locks acquired and data cloned
2026-02-06T02:59:17.503384Z DEBUG tokio-runtime-worker ThreadId(23) wkmp_ai::services::workflow_orchestrator: wkmp-ai\src\services\workflow_orchestrator\mod.rs:1577: Releasing all statistics Mutex locks for SSE conversion
2026-02-06T02:59:17.503602Z DEBUG tokio-runtime-worker ThreadId(23) wkmp_ai::services::filename_matcher: wkmp-ai\src\services\filename_matcher.rs:65: Database query completed path=Amos, Tori/From_The_Choirgirl_Hotel/06-i_i_e_e_e.mp3 query_us=8725
2026-02-06T02:59:17.503813Z DEBUG tokio-runtime-worker ThreadId(23) wkmp_ai::services::filename_matcher: wkmp-ai\src\services\filename_matcher.rs:81: File already processed (INGEST COMPLETE) path=Amos, Tori/From_The_Choirgirl_Hotel/06-i_i_e_e_e.mp3 guid=a39073cc-f7b2-4eb4-b99a-2ab6c8d6ca25
2026-02-06T02:59:17.504032Z  INFO tokio-runtime-worker ThreadId(23) wkmp_ai::services::workflow_orchestrator: wkmp-ai\src\services\workflow_orchestrator\mod.rs:1756: Phase 1 completed phase="Filename Matching" duration_ms=9 path_us=1 db_ms=9 file_index=78
2026-02-06T02:59:17.504264Z  INFO tokio-runtime-worker ThreadId(23) wkmp_ai::services::workflow_orchestrator: wkmp-ai\src\services\workflow_orchestrator\mod.rs:1770: File already processed (INGEST COMPLETE/NO AUDIO/DUPLICATE HASH), skipping all remaining phases file="C:\\Users\\Mango Cat\\Music\\Amos, Tori/From_The_Choirgirl_Hotel/06-i_i_e_e_e.mp3" file_id=a39073cc-f7b2-4eb4-b99a-2ab6c8d6ca25
2026-02-06T02:59:17.504501Z DEBUG tokio-runtime-worker ThreadId(23) wkmp_ai::services::workflow_orchestrator: wkmp-ai\src\services\workflow_orchestrator\mod.rs:2936: File processing complete session_id=e6293ba0-b57f-441f-a6ea-884d33b9111b file_index=78 file=Amos, Tori/From_The_Choirgirl_Hotel/06-i_i_e_e_e.mp3
2026-02-06T02:59:17.504656Z DEBUG tokio-runtime-worker ThreadId(23) wkmp_ai::services::workflow_orchestrator: wkmp-ai\src\services\workflow_orchestrator\mod.rs:1438: Acquiring all statistics Mutex locks for SSE conversion
2026-02-06T02:59:17.504777Z DEBUG tokio-runtime-worker ThreadId(23) wkmp_ai::services::workflow_orchestrator: wkmp-ai\src\services\workflow_orchestrator\mod.rs:1467: All statistics Mutex locks acquired and data cloned
2026-02-06T02:59:17.504933Z DEBUG tokio-runtime-worker ThreadId(23) wkmp_ai::services::workflow_orchestrator: wkmp-ai\src\services\workflow_orchestrator\mod.rs:1577: Releasing all statistics Mutex locks for SSE conversion
2026-02-06T02:59:17.505164Z DEBUG tokio-runtime-worker ThreadId(23) wkmp_ai::services::filename_matcher: wkmp-ai\src\services\filename_matcher.rs:65: Database query completed path=Amos, Tori/From_The_Choirgirl_Hotel/05-Jackie's_Strength.mp3 query_us=10947
2026-02-06T02:59:17.505313Z DEBUG tokio-runtime-worker ThreadId(23) wkmp_ai::services::filename_matcher: wkmp-ai\src\services\filename_matcher.rs:81: File already processed (INGEST COMPLETE) path=Amos, Tori/From_The_Choirgirl_Hotel/05-Jackie's_Strength.mp3 guid=885822cf-86ae-466d-866a-963870cbd64d
2026-02-06T02:59:17.505451Z  INFO tokio-runtime-worker ThreadId(23) wkmp_ai::services::workflow_orchestrator: wkmp-ai\src\services\workflow_orchestrator\mod.rs:1756: Phase 1 completed phase="Filename Matching" duration_ms=11 path_us=1 db_ms=11 file_index=77
2026-02-06T02:59:17.505598Z  INFO tokio-runtime-worker ThreadId(23) wkmp_ai::services::workflow_orchestrator: wkmp-ai\src\services\workflow_orchestrator\mod.rs:1770: File already processed (INGEST COMPLETE/NO AUDIO/DUPLICATE HASH), skipping all remaining phases file="C:\\Users\\Mango Cat\\Music\\Amos, Tori/From_The_Choirgirl_Hotel/05-Jackie\'s_Strength.mp3" file_id=885822cf-86ae-466d-866a-963870cbd64d
2026-02-06T02:59:17.505744Z DEBUG tokio-runtime-worker ThreadId(23) wkmp_ai::services::workflow_orchestrator: wkmp-ai\src\services\workflow_orchestrator\mod.rs:2936: File processing complete session_id=e6293ba0-b57f-441f-a6ea-884d33b9111b file_index=77 file=Amos, Tori/From_The_Choirgirl_Hotel/05-Jackie's_Strength.mp3
2026-02-06T02:59:17.512969Z DEBUG tokio-runtime-worker ThreadId(23) wkmp_ai::services::workflow_orchestrator: wkmp-ai\src\services\workflow_orchestrator\mod.rs:1438: Acquiring all statistics Mutex locks for SSE conversion
2026-02-06T02:59:17.513156Z DEBUG tokio-runtime-worker ThreadId(23) wkmp_ai::services::workflow_orchestrator: wkmp-ai\src\services\workflow_orchestrator\mod.rs:1467: All statistics Mutex locks acquired and data cloned
2026-02-06T02:59:17.513383Z DEBUG tokio-runtime-worker ThreadId(23) wkmp_ai::services::workflow_orchestrator: wkmp-ai\src\services\workflow_orchestrator\mod.rs:1577: Releasing all statistics Mutex locks for SSE conversion
2026-02-06T02:59:17.513698Z DEBUG tokio-runtime-worker ThreadId(23) wkmp_ai::services::workflow_orchestrator: wkmp-ai\src\services\workflow_orchestrator\mod.rs:3118: Starting per-file pipeline file_index=79 file_id=5526e950-e8a3-4f62-b1ef-c8a8ab750c90 file=Amos, Tori/From_The_Choirgirl_Hotel/07-Liquid_Diamonds.mp3
2026-02-06T02:59:17.513906Z  INFO tokio-runtime-worker ThreadId(23) wkmp_ai::services::workflow_orchestrator: wkmp-ai\src\services\workflow_orchestrator\mod.rs:1733: Starting PLAN024 10-phase per-file pipeline (late audio decode) file="C:\\Users\\Mango Cat\\Music\\Amos, Tori/From_The_Choirgirl_Hotel/07-Liquid_Diamonds.mp3"
2026-02-06T02:59:17.514135Z DEBUG tokio-runtime-worker ThreadId(23) wkmp_ai::services::workflow_orchestrator: wkmp-ai\src\services\workflow_orchestrator\mod.rs:1742: Phase 1: Filename Matching - START file="C:\\Users\\Mango Cat\\Music\\Amos, Tori/From_The_Choirgirl_Hotel/07-Liquid_Diamonds.mp3"
2026-02-06T02:59:17.514258Z DEBUG tokio-runtime-worker ThreadId(23) wkmp_ai::services::filename_matcher: wkmp-ai\src\services\filename_matcher.rs:54: Checking if file exists in database path=Amos, Tori/From_The_Choirgirl_Hotel/07-Liquid_Diamonds.mp3 norm_us=10
2026-02-06T02:59:17.514417Z DEBUG tokio-runtime-worker ThreadId(23) wkmp_ai::services::workflow_orchestrator: wkmp-ai\src\services\workflow_orchestrator\mod.rs:3118: Starting per-file pipeline file_index=80 file_id=347c17a1-715b-41ca-971d-1056dcc5c750 file=Amos, Tori/From_The_Choirgirl_Hotel/08-She's_Your_Cocaine.mp3
2026-02-06T02:59:17.514540Z  INFO tokio-runtime-worker ThreadId(23) wkmp_ai::services::workflow_orchestrator: wkmp-ai\src\services\workflow_orchestrator\mod.rs:1733: Starting PLAN024 10-phase per-file pipeline (late audio decode) file="C:\\Users\\Mango Cat\\Music\\Amos, Tori/From_The_Choirgirl_Hotel/08-She\'s_Your_Cocaine.mp3"
2026-02-06T02:59:17.514638Z DEBUG tokio-runtime-worker ThreadId(23) wkmp_ai::services::workflow_orchestrator: wkmp-ai\src\services\workflow_orchestrator\mod.rs:1742: Phase 1: Filename Matching - START file="C:\\Users\\Mango Cat\\Music\\Amos, Tori/From_The_Choirgirl_Hotel/08-She\'s_Your_Cocaine.mp3"
2026-02-06T02:59:17.514747Z DEBUG tokio-runtime-worker ThreadId(23) wkmp_ai::services::filename_matcher: wkmp-ai\src\services\filename_matcher.rs:54: Checking if file exists in database path=Amos, Tori/From_The_Choirgirl_Hotel/08-She's_Your_Cocaine.mp3 norm_us=3
2026-02-06T02:59:17.514856Z DEBUG tokio-runtime-worker ThreadId(23) wkmp_ai::services::workflow_orchestrator: wkmp-ai\src\services\workflow_orchestrator\mod.rs:3118: Starting per-file pipeline file_index=81 file_id=4ab8b50d-5645-4c91-9d6f-d5dd6c9a9345 file=Amos, Tori/From_The_Choirgirl_Hotel/09-Northern_Lad.mp3
2026-02-06T02:59:17.514967Z  INFO tokio-runtime-worker ThreadId(23) wkmp_ai::services::workflow_orchestrator: wkmp-ai\src\services\workflow_orchestrator\mod.rs:1733: Starting PLAN024 10-phase per-file pipeline (late audio decode) file="C:\\Users\\Mango Cat\\Music\\Amos, Tori/From_The_Choirgirl_Hotel/09-Northern_Lad.mp3"
2026-02-06T02:59:17.515100Z DEBUG tokio-runtime-worker ThreadId(23) wkmp_ai::services::workflow_orchestrator: wkmp-ai\src\services\workflow_orchestrator\mod.rs:1742: Phase 1: Filename Matching - START file="C:\\Users\\Mango Cat\\Music\\Amos, Tori/From_The_Choirgirl_Hotel/09-Northern_Lad.mp3"
2026-02-06T02:59:17.515191Z DEBUG tokio-runtime-worker ThreadId(23) wkmp_ai::services::filename_matcher: wkmp-ai\src\services\filename_matcher.rs:54: Checking if file exists in database path=Amos, Tori/From_The_Choirgirl_Hotel/09-Northern_Lad.mp3 norm_us=3
2026-02-06T02:59:17.515493Z DEBUG tokio-runtime-worker ThreadId(23) wkmp_ai::api::sse: wkmp-ai\src\api\sse.rs:71: SSE: Broadcasting import event: ImportProgressUpdate
2026-02-06T02:59:17.516699Z DEBUG tokio-runtime-worker ThreadId(23) wkmp_ai::api::sse: wkmp-ai\src\api\sse.rs:71: SSE: Broadcasting import event: ImportProgressUpdate
2026-02-06T02:59:17.516964Z DEBUG tokio-runtime-worker ThreadId(23) wkmp_ai::api::sse: wkmp-ai\src\api\sse.rs:71: SSE: Broadcasting import event: ImportProgressUpdate
2026-02-06T02:59:17.517672Z DEBUG tokio-runtime-worker ThreadId(23) wkmp_ai::api::sse: wkmp-ai\src\api\sse.rs:71: SSE: Broadcasting import event: ImportProgressUpdate
2026-02-06T02:59:17.517890Z DEBUG tokio-runtime-worker ThreadId(23) wkmp_ai::api::sse: wkmp-ai\src\api\sse.rs:71: SSE: Broadcasting import event: ImportProgressUpdate
2026-02-06T02:59:17.518559Z DEBUG tokio-runtime-worker ThreadId(23) wkmp_ai::api::sse: wkmp-ai\src\api\sse.rs:71: SSE: Broadcasting import event: ImportProgressUpdate
2026-02-06T02:59:17.518916Z DEBUG tokio-runtime-worker ThreadId(23) wkmp_ai::api::sse: wkmp-ai\src\api\sse.rs:71: SSE: Broadcasting import event: ImportProgressUpdate
2026-02-06T02:59:17.519574Z DEBUG tokio-runtime-worker ThreadId(23) wkmp_ai::api::sse: wkmp-ai\src\api\sse.rs:71: SSE: Broadcasting import event: ImportProgressUpdate
2026-02-06T02:59:17.519801Z DEBUG tokio-runtime-worker ThreadId(23) wkmp_ai::api::sse: wkmp-ai\src\api\sse.rs:71: SSE: Broadcasting import event: ImportProgressUpdate
2026-02-06T02:59:17.520445Z DEBUG tokio-runtime-worker ThreadId(23) wkmp_ai::api::sse: wkmp-ai\src\api\sse.rs:71: SSE: Broadcasting import event: ImportProgressUpdate
2026-02-06T02:59:17.520686Z DEBUG tokio-runtime-worker ThreadId(23) wkmp_ai::api::sse: wkmp-ai\src\api\sse.rs:71: SSE: Broadcasting import event: ImportProgressUpdate
2026-02-06T02:59:17.521340Z DEBUG tokio-runtime-worker ThreadId(23) wkmp_ai::api::sse: wkmp-ai\src\api\sse.rs:71: SSE: Broadcasting import event: ImportProgressUpdate
2026-02-06T02:59:17.521697Z DEBUG tokio-runtime-worker ThreadId(23) wkmp_ai::services::filename_matcher: wkmp-ai\src\services\filename_matcher.rs:65: Database query completed path=Amos, Tori/From_The_Choirgirl_Hotel/09-Northern_Lad.mp3 query_us=6402
2026-02-06T02:59:17.521865Z DEBUG tokio-runtime-worker ThreadId(23) wkmp_ai::services::filename_matcher: wkmp-ai\src\services\filename_matcher.rs:81: File already processed (INGEST COMPLETE) path=Amos, Tori/From_The_Choirgirl_Hotel/09-Northern_Lad.mp3 guid=4ab8b50d-5645-4c91-9d6f-d5dd6c9a9345
2026-02-06T02:59:17.522000Z  INFO tokio-runtime-worker ThreadId(23) wkmp_ai::services::workflow_orchestrator: wkmp-ai\src\services\workflow_orchestrator\mod.rs:1756: Phase 1 completed phase="Filename Matching" duration_ms=6 path_us=0 db_ms=6 file_index=81
2026-02-06T02:59:17.522159Z  INFO tokio-runtime-worker ThreadId(23) wkmp_ai::services::workflow_orchestrator: wkmp-ai\src\services\workflow_orchestrator\mod.rs:1770: File already processed (INGEST COMPLETE/NO AUDIO/DUPLICATE HASH), skipping all remaining phases file="C:\\Users\\Mango Cat\\Music\\Amos, Tori/From_The_Choirgirl_Hotel/09-Northern_Lad.mp3" file_id=4ab8b50d-5645-4c91-9d6f-d5dd6c9a9345
2026-02-06T02:59:17.522299Z DEBUG tokio-runtime-worker ThreadId(23) wkmp_ai::services::workflow_orchestrator: wkmp-ai\src\services\workflow_orchestrator\mod.rs:2936: File processing complete session_id=e6293ba0-b57f-441f-a6ea-884d33b9111b file_index=81 file=Amos, Tori/From_The_Choirgirl_Hotel/09-Northern_Lad.mp3
2026-02-06T02:59:17.522460Z DEBUG tokio-runtime-worker ThreadId(23) wkmp_ai::services::workflow_orchestrator: wkmp-ai\src\services\workflow_orchestrator\mod.rs:1438: Acquiring all statistics Mutex locks for SSE conversion
2026-02-06T02:59:17.522593Z DEBUG tokio-runtime-worker ThreadId(23) wkmp_ai::services::workflow_orchestrator: wkmp-ai\src\services\workflow_orchestrator\mod.rs:1467: All statistics Mutex locks acquired and data cloned
2026-02-06T02:59:17.522763Z DEBUG tokio-runtime-worker ThreadId(23) wkmp_ai::services::workflow_orchestrator: wkmp-ai\src\services\workflow_orchestrator\mod.rs:1577: Releasing all statistics Mutex locks for SSE conversion
2026-02-06T02:59:17.522905Z DEBUG tokio-runtime-worker ThreadId(23) wkmp_ai::services::filename_matcher: wkmp-ai\src\services\filename_matcher.rs:65: Database query completed path=Amos, Tori/From_The_Choirgirl_Hotel/07-Liquid_Diamonds.mp3 query_us=8556
2026-02-06T02:59:17.523004Z DEBUG tokio-runtime-worker ThreadId(23) wkmp_ai::services::filename_matcher: wkmp-ai\src\services\filename_matcher.rs:81: File already processed (INGEST COMPLETE) path=Amos, Tori/From_The_Choirgirl_Hotel/07-Liquid_Diamonds.mp3 guid=5526e950-e8a3-4f62-b1ef-c8a8ab750c90
2026-02-06T02:59:17.523094Z  INFO tokio-runtime-worker ThreadId(23) wkmp_ai::services::workflow_orchestrator: wkmp-ai\src\services\workflow_orchestrator\mod.rs:1756: Phase 1 completed phase="Filename Matching" duration_ms=8 path_us=1 db_ms=8 file_index=79
2026-02-06T02:59:17.523193Z  INFO tokio-runtime-worker ThreadId(23) wkmp_ai::services::workflow_orchestrator: wkmp-ai\src\services\workflow_orchestrator\mod.rs:1770: File already processed (INGEST COMPLETE/NO AUDIO/DUPLICATE HASH), skipping all remaining phases file="C:\\Users\\Mango Cat\\Music\\Amos, Tori/From_The_Choirgirl_Hotel/07-Liquid_Diamonds.mp3" file_id=5526e950-e8a3-4f62-b1ef-c8a8ab750c90
2026-02-06T02:59:17.523349Z DEBUG tokio-runtime-worker ThreadId(23) wkmp_ai::services::workflow_orchestrator: wkmp-ai\src\services\workflow_orchestrator\mod.rs:2936: File processing complete session_id=e6293ba0-b57f-441f-a6ea-884d33b9111b file_index=79 file=Amos, Tori/From_The_Choirgirl_Hotel/07-Liquid_Diamonds.mp3
2026-02-06T02:59:17.523485Z DEBUG tokio-runtime-worker ThreadId(23) wkmp_ai::services::workflow_orchestrator: wkmp-ai\src\services\workflow_orchestrator\mod.rs:1438: Acquiring all statistics Mutex locks for SSE conversion
2026-02-06T02:59:17.523576Z DEBUG tokio-runtime-worker ThreadId(23) wkmp_ai::services::workflow_orchestrator: wkmp-ai\src\services\workflow_orchestrator\mod.rs:1467: All statistics Mutex locks acquired and data cloned
2026-02-06T02:59:17.523734Z DEBUG tokio-runtime-worker ThreadId(23) wkmp_ai::services::workflow_orchestrator: wkmp-ai\src\services\workflow_orchestrator\mod.rs:1577: Releasing all statistics Mutex locks for SSE conversion
2026-02-06T02:59:17.523883Z DEBUG tokio-runtime-worker ThreadId(23) wkmp_ai::services::filename_matcher: wkmp-ai\src\services\filename_matcher.rs:65: Database query completed path=Amos, Tori/From_The_Choirgirl_Hotel/08-She's_Your_Cocaine.mp3 query_us=9049
2026-02-06T02:59:17.523978Z DEBUG tokio-runtime-worker ThreadId(23) wkmp_ai::services::filename_matcher: wkmp-ai\src\services\filename_matcher.rs:81: File already processed (INGEST COMPLETE) path=Amos, Tori/From_The_Choirgirl_Hotel/08-She's_Your_Cocaine.mp3 guid=347c17a1-715b-41ca-971d-1056dcc5c750
2026-02-06T02:59:17.524084Z  INFO tokio-runtime-worker ThreadId(23) wkmp_ai::services::workflow_orchestrator: wkmp-ai\src\services\workflow_orchestrator\mod.rs:1756: Phase 1 completed phase="Filename Matching" duration_ms=9 path_us=0 db_ms=9 file_index=80
2026-02-06T02:59:17.524230Z  INFO tokio-runtime-worker ThreadId(23) wkmp_ai::services::workflow_orchestrator: wkmp-ai\src\services\workflow_orchestrator\mod.rs:1770: File already processed (INGEST COMPLETE/NO AUDIO/DUPLICATE HASH), skipping all remaining phases file="C:\\Users\\Mango Cat\\Music\\Amos, Tori/From_The_Choirgirl_Hotel/08-She\'s_Your_Cocaine.mp3" file_id=347c17a1-715b-41ca-971d-1056dcc5c750
2026-02-06T02:59:17.524355Z DEBUG tokio-runtime-worker ThreadId(23) wkmp_ai::services::workflow_orchestrator: wkmp-ai\src\services\workflow_orchestrator\mod.rs:2936: File processing complete session_id=e6293ba0-b57f-441f-a6ea-884d33b9111b file_index=80 file=Amos, Tori/From_The_Choirgirl_Hotel/08-She's_Your_Cocaine.mp3
2026-02-06T02:59:17.524468Z DEBUG tokio-runtime-worker ThreadId(23) wkmp_ai::services::workflow_orchestrator: wkmp-ai\src\services\workflow_orchestrator\mod.rs:1438: Acquiring all statistics Mutex locks for SSE conversion
2026-02-06T02:59:17.524582Z DEBUG tokio-runtime-worker ThreadId(23) wkmp_ai::services::workflow_orchestrator: wkmp-ai\src\services\workflow_orchestrator\mod.rs:1467: All statistics Mutex locks acquired and data cloned
2026-02-06T02:59:17.524720Z DEBUG tokio-runtime-worker ThreadId(23) wkmp_ai::services::workflow_orchestrator: wkmp-ai\src\services\workflow_orchestrator\mod.rs:1577: Releasing all statistics Mutex locks for SSE conversion
2026-02-06T02:59:17.524819Z DEBUG tokio-runtime-worker ThreadId(23) wkmp_ai::services::workflow_orchestrator: wkmp-ai\src\services\workflow_orchestrator\mod.rs:3118: Starting per-file pipeline file_index=82 file_id=a6876304-7c4d-40dd-9fd0-a7d121bbf78d file=Amos, Tori/From_The_Choirgirl_Hotel/10-Hotel.mp3
2026-02-06T02:59:17.524919Z  INFO tokio-runtime-worker ThreadId(23) wkmp_ai::services::workflow_orchestrator: wkmp-ai\src\services\workflow_orchestrator\mod.rs:1733: Starting PLAN024 10-phase per-file pipeline (late audio decode) file="C:\\Users\\Mango Cat\\Music\\Amos, Tori/From_The_Choirgirl_Hotel/10-Hotel.mp3"
2026-02-06T02:59:17.525069Z DEBUG tokio-runtime-worker ThreadId(23) wkmp_ai::services::workflow_orchestrator: wkmp-ai\src\services\workflow_orchestrator\mod.rs:1742: Phase 1: Filename Matching - START file="C:\\Users\\Mango Cat\\Music\\Amos, Tori/From_The_Choirgirl_Hotel/10-Hotel.mp3"
2026-02-06T02:59:17.525169Z DEBUG tokio-runtime-worker ThreadId(23) wkmp_ai::services::filename_matcher: wkmp-ai\src\services\filename_matcher.rs:54: Checking if file exists in database path=Amos, Tori/From_The_Choirgirl_Hotel/10-Hotel.mp3 norm_us=4
2026-02-06T02:59:17.525297Z DEBUG tokio-runtime-worker ThreadId(23) wkmp_ai::services::workflow_orchestrator: wkmp-ai\src\services\workflow_orchestrator\mod.rs:3118: Starting per-file pipeline file_index=83 file_id=c77f39cf-199c-4e2b-bd05-de4683f97f1f file=Amos, Tori/From_The_Choirgirl_Hotel/11-Playboy_Mommy.mp3
2026-02-06T02:59:17.525413Z  INFO tokio-runtime-worker ThreadId(23) wkmp_ai::services::workflow_orchestrator: wkmp-ai\src\services\workflow_orchestrator\mod.rs:1733: Starting PLAN024 10-phase per-file pipeline (late audio decode) file="C:\\Users\\Mango Cat\\Music\\Amos, Tori/From_The_Choirgirl_Hotel/11-Playboy_Mommy.mp3"
2026-02-06T02:59:17.525510Z DEBUG tokio-runtime-worker ThreadId(23) wkmp_ai::services::workflow_orchestrator: wkmp-ai\src\services\workflow_orchestrator\mod.rs:1742: Phase 1: Filename Matching - START file="C:\\Users\\Mango Cat\\Music\\Amos, Tori/From_The_Choirgirl_Hotel/11-Playboy_Mommy.mp3"
2026-02-06T02:59:17.525599Z DEBUG tokio-runtime-worker ThreadId(23) wkmp_ai::services::filename_matcher: wkmp-ai\src\services\filename_matcher.rs:54: Checking if file exists in database path=Amos, Tori/From_The_Choirgirl_Hotel/11-Playboy_Mommy.mp3 norm_us=2
2026-02-06T02:59:17.525720Z DEBUG tokio-runtime-worker ThreadId(23) wkmp_ai::services::workflow_orchestrator: wkmp-ai\src\services\workflow_orchestrator\mod.rs:3118: Starting per-file pipeline file_index=84 file_id=03e07a08-e422-4044-8a1e-8340889b7fbd file=Amos, Tori/From_The_Choirgirl_Hotel/12-Pandora's_Aquarium.mp3
2026-02-06T02:59:17.525815Z  INFO tokio-runtime-worker ThreadId(23) wkmp_ai::services::workflow_orchestrator: wkmp-ai\src\services\workflow_orchestrator\mod.rs:1733: Starting PLAN024 10-phase per-file pipeline (late audio decode) file="C:\\Users\\Mango Cat\\Music\\Amos, Tori/From_The_Choirgirl_Hotel/12-Pandora\'s_Aquarium.mp3"
2026-02-06T02:59:17.525919Z DEBUG tokio-runtime-worker ThreadId(23) wkmp_ai::services::workflow_orchestrator: wkmp-ai\src\services\workflow_orchestrator\mod.rs:1742: Phase 1: Filename Matching - START file="C:\\Users\\Mango Cat\\Music\\Amos, Tori/From_The_Choirgirl_Hotel/12-Pandora\'s_Aquarium.mp3"
2026-02-06T02:59:17.526022Z DEBUG tokio-runtime-worker ThreadId(23) wkmp_ai::services::filename_matcher: wkmp-ai\src\services\filename_matcher.rs:54: Checking if file exists in database path=Amos, Tori/From_The_Choirgirl_Hotel/12-Pandora's_Aquarium.mp3 norm_us=3
2026-02-06T02:59:17.526301Z DEBUG tokio-runtime-worker ThreadId(23) wkmp_ai::api::sse: wkmp-ai\src\api\sse.rs:71: SSE: Broadcasting import event: ImportProgressUpdate
2026-02-06T02:59:17.527547Z DEBUG tokio-runtime-worker ThreadId(23) wkmp_ai::api::sse: wkmp-ai\src\api\sse.rs:71: SSE: Broadcasting import event: ImportProgressUpdate
2026-02-06T02:59:17.528186Z DEBUG tokio-runtime-worker ThreadId(23) wkmp_ai::api::sse: wkmp-ai\src\api\sse.rs:71: SSE: Broadcasting import event: ImportProgressUpdate
2026-02-06T02:59:17.529544Z DEBUG tokio-runtime-worker ThreadId(23) wkmp_ai::api::sse: wkmp-ai\src\api\sse.rs:71: SSE: Broadcasting import event: ImportProgressUpdate
2026-02-06T02:59:17.529941Z DEBUG tokio-runtime-worker ThreadId(23) wkmp_ai::api::sse: wkmp-ai\src\api\sse.rs:71: SSE: Broadcasting import event: ImportProgressUpdate
2026-02-06T02:59:17.530817Z DEBUG tokio-runtime-worker ThreadId(23) wkmp_ai::api::sse: wkmp-ai\src\api\sse.rs:71: SSE: Broadcasting import event: ImportProgressUpdate
2026-02-06T02:59:17.531371Z DEBUG tokio-runtime-worker ThreadId(23) wkmp_ai::api::sse: wkmp-ai\src\api\sse.rs:71: SSE: Broadcasting import event: ImportProgressUpdate
2026-02-06T02:59:17.532710Z DEBUG tokio-runtime-worker ThreadId(23) wkmp_ai::api::sse: wkmp-ai\src\api\sse.rs:71: SSE: Broadcasting import event: ImportProgressUpdate
2026-02-06T02:59:17.533067Z DEBUG tokio-runtime-worker ThreadId(23) wkmp_ai::api::sse: wkmp-ai\src\api\sse.rs:71: SSE: Broadcasting import event: ImportProgressUpdate
2026-02-06T02:59:17.534418Z DEBUG tokio-runtime-worker ThreadId(23) wkmp_ai::api::sse: wkmp-ai\src\api\sse.rs:71: SSE: Broadcasting import event: ImportProgressUpdate
2026-02-06T02:59:17.534840Z DEBUG tokio-runtime-worker ThreadId(23) wkmp_ai::api::sse: wkmp-ai\src\api\sse.rs:71: SSE: Broadcasting import event: ImportProgressUpdate
2026-02-06T02:59:17.536233Z DEBUG tokio-runtime-worker ThreadId(23) wkmp_ai::api::sse: wkmp-ai\src\api\sse.rs:71: SSE: Broadcasting import event: ImportProgressUpdate
2026-02-06T02:59:17.536802Z DEBUG tokio-runtime-worker ThreadId(23) wkmp_ai::services::filename_matcher: wkmp-ai\src\services\filename_matcher.rs:65: Database query completed path=Amos, Tori/From_The_Choirgirl_Hotel/12-Pandora's_Aquarium.mp3 query_us=10648
2026-02-06T02:59:17.537127Z DEBUG tokio-runtime-worker ThreadId(23) wkmp_ai::services::filename_matcher: wkmp-ai\src\services\filename_matcher.rs:81: File already processed (INGEST COMPLETE) path=Amos, Tori/From_The_Choirgirl_Hotel/12-Pandora's_Aquarium.mp3 guid=03e07a08-e422-4044-8a1e-8340889b7fbd
2026-02-06T02:59:17.537384Z  INFO tokio-runtime-worker ThreadId(23) wkmp_ai::services::workflow_orchestrator: wkmp-ai\src\services\workflow_orchestrator\mod.rs:1756: Phase 1 completed phase="Filename Matching" duration_ms=11 path_us=0 db_ms=11 file_index=84
2026-02-06T02:59:17.537561Z  INFO tokio-runtime-worker ThreadId(23) wkmp_ai::services::workflow_orchestrator: wkmp-ai\src\services\workflow_orchestrator\mod.rs:1770: File already processed (INGEST COMPLETE/NO AUDIO/DUPLICATE HASH), skipping all remaining phases file="C:\\Users\\Mango Cat\\Music\\Amos, Tori/From_The_Choirgirl_Hotel/12-Pandora\'s_Aquarium.mp3" file_id=03e07a08-e422-4044-8a1e-8340889b7fbd
2026-02-06T02:59:17.537746Z DEBUG tokio-runtime-worker ThreadId(23) wkmp_ai::services::workflow_orchestrator: wkmp-ai\src\services\workflow_orchestrator\mod.rs:2936: File processing complete session_id=e6293ba0-b57f-441f-a6ea-884d33b9111b file_index=84 file=Amos, Tori/From_The_Choirgirl_Hotel/12-Pandora's_Aquarium.mp3
2026-02-06T02:59:17.537938Z DEBUG tokio-runtime-worker ThreadId(23) wkmp_ai::services::workflow_orchestrator: wkmp-ai\src\services\workflow_orchestrator\mod.rs:1438: Acquiring all statistics Mutex locks for SSE conversion
2026-02-06T02:59:17.538079Z DEBUG tokio-runtime-worker ThreadId(23) wkmp_ai::services::workflow_orchestrator: wkmp-ai\src\services\workflow_orchestrator\mod.rs:1467: All statistics Mutex locks acquired and data cloned
2026-02-06T02:59:17.538282Z DEBUG tokio-runtime-worker ThreadId(23) wkmp_ai::services::workflow_orchestrator: wkmp-ai\src\services\workflow_orchestrator\mod.rs:1577: Releasing all statistics Mutex locks for SSE conversion
2026-02-06T02:59:17.538471Z DEBUG tokio-runtime-worker ThreadId(23) wkmp_ai::services::filename_matcher: wkmp-ai\src\services\filename_matcher.rs:65: Database query completed path=Amos, Tori/From_The_Choirgirl_Hotel/10-Hotel.mp3 query_us=13209
2026-02-06T02:59:17.538633Z DEBUG tokio-runtime-worker ThreadId(23) wkmp_ai::services::filename_matcher: wkmp-ai\src\services\filename_matcher.rs:81: File already processed (INGEST COMPLETE) path=Amos, Tori/From_The_Choirgirl_Hotel/10-Hotel.mp3 guid=a6876304-7c4d-40dd-9fd0-a7d121bbf78d
2026-02-06T02:59:17.538786Z  INFO tokio-runtime-worker ThreadId(23) wkmp_ai::services::workflow_orchestrator: wkmp-ai\src\services\workflow_orchestrator\mod.rs:1756: Phase 1 completed phase="Filename Matching" duration_ms=13 path_us=0 db_ms=13 file_index=82
2026-02-06T02:59:17.538950Z  INFO tokio-runtime-worker ThreadId(23) wkmp_ai::services::workflow_orchestrator: wkmp-ai\src\services\workflow_orchestrator\mod.rs:1770: File already processed (INGEST COMPLETE/NO AUDIO/DUPLICATE HASH), skipping all remaining phases file="C:\\Users\\Mango Cat\\Music\\Amos, Tori/From_The_Choirgirl_Hotel/10-Hotel.mp3" file_id=a6876304-7c4d-40dd-9fd0-a7d121bbf78d
2026-02-06T02:59:17.539121Z DEBUG tokio-runtime-worker ThreadId(23) wkmp_ai::services::workflow_orchestrator: wkmp-ai\src\services\workflow_orchestrator\mod.rs:2936: File processing complete session_id=e6293ba0-b57f-441f-a6ea-884d33b9111b file_index=82 file=Amos, Tori/From_The_Choirgirl_Hotel/10-Hotel.mp3
2026-02-06T02:59:17.539296Z DEBUG tokio-runtime-worker ThreadId(23) wkmp_ai::services::workflow_orchestrator: wkmp-ai\src\services\workflow_orchestrator\mod.rs:1438: Acquiring all statistics Mutex locks for SSE conversion
2026-02-06T02:59:17.539432Z DEBUG tokio-runtime-worker ThreadId(23) wkmp_ai::services::workflow_orchestrator: wkmp-ai\src\services\workflow_orchestrator\mod.rs:1467: All statistics Mutex locks acquired and data cloned
2026-02-06T02:59:17.539627Z DEBUG tokio-runtime-worker ThreadId(23) wkmp_ai::services::workflow_orchestrator: wkmp-ai\src\services\workflow_orchestrator\mod.rs:1577: Releasing all statistics Mutex locks for SSE conversion
2026-02-06T02:59:17.539811Z DEBUG tokio-runtime-worker ThreadId(23) wkmp_ai::services::filename_matcher: wkmp-ai\src\services\filename_matcher.rs:65: Database query completed path=Amos, Tori/From_The_Choirgirl_Hotel/11-Playboy_Mommy.mp3 query_us=14121
2026-02-06T02:59:17.539971Z DEBUG tokio-runtime-worker ThreadId(23) wkmp_ai::services::filename_matcher: wkmp-ai\src\services\filename_matcher.rs:81: File already processed (INGEST COMPLETE) path=Amos, Tori/From_The_Choirgirl_Hotel/11-Playboy_Mommy.mp3 guid=c77f39cf-199c-4e2b-bd05-de4683f97f1f
2026-02-06T02:59:17.540124Z  INFO tokio-runtime-worker ThreadId(23) wkmp_ai::services::workflow_orchestrator: wkmp-ai\src\services\workflow_orchestrator\mod.rs:1756: Phase 1 completed phase="Filename Matching" duration_ms=14 path_us=0 db_ms=14 file_index=83
2026-02-06T02:59:17.540285Z  INFO tokio-runtime-worker ThreadId(23) wkmp_ai::services::workflow_orchestrator: wkmp-ai\src\services\workflow_orchestrator\mod.rs:1770: File already processed (INGEST COMPLETE/NO AUDIO/DUPLICATE HASH), skipping all remaining phases file="C:\\Users\\Mango Cat\\Music\\Amos, Tori/From_The_Choirgirl_Hotel/11-Playboy_Mommy.mp3" file_id=c77f39cf-199c-4e2b-bd05-de4683f97f1f
2026-02-06T02:59:17.540455Z DEBUG tokio-runtime-worker ThreadId(23) wkmp_ai::services::workflow_orchestrator: wkmp-ai\src\services\workflow_orchestrator\mod.rs:2936: File processing complete session_id=e6293ba0-b57f-441f-a6ea-884d33b9111b file_index=83 file=Amos, Tori/From_The_Choirgirl_Hotel/11-Playboy_Mommy.mp3
2026-02-06T02:59:17.540628Z DEBUG tokio-runtime-worker ThreadId(23) wkmp_ai::services::workflow_orchestrator: wkmp-ai\src\services\workflow_orchestrator\mod.rs:1438: Acquiring all statistics Mutex locks for SSE conversion
2026-02-06T02:59:17.540763Z DEBUG tokio-runtime-worker ThreadId(23) wkmp_ai::services::workflow_orchestrator: wkmp-ai\src\services\workflow_orchestrator\mod.rs:1467: All statistics Mutex locks acquired and data cloned
2026-02-06T02:59:17.540968Z DEBUG tokio-runtime-worker ThreadId(23) wkmp_ai::services::workflow_orchestrator: wkmp-ai\src\services\workflow_orchestrator\mod.rs:1577: Releasing all statistics Mutex locks for SSE conversion
2026-02-06T02:59:17.541121Z DEBUG tokio-runtime-worker ThreadId(23) wkmp_ai::services::workflow_orchestrator: wkmp-ai\src\services\workflow_orchestrator\mod.rs:3118: Starting per-file pipeline file_index=85 file_id=8c58c4de-95ed-41e3-922f-9473cb4a244b file=Apple, Fiona/Tidal/(Fiona_Apple)Tidal-01-Sleep_to_Dream.mp3
2026-02-06T02:59:17.541293Z  INFO tokio-runtime-worker ThreadId(23) wkmp_ai::services::workflow_orchestrator: wkmp-ai\src\services\workflow_orchestrator\mod.rs:1733: Starting PLAN024 10-phase per-file pipeline (late audio decode) file="C:\\Users\\Mango Cat\\Music\\Apple, Fiona/Tidal/(Fiona_Apple)Tidal-01-Sleep_to_Dream.mp3"
2026-02-06T02:59:17.541464Z DEBUG tokio-runtime-worker ThreadId(23) wkmp_ai::services::workflow_orchestrator: wkmp-ai\src\services\workflow_orchestrator\mod.rs:1742: Phase 1: Filename Matching - START file="C:\\Users\\Mango Cat\\Music\\Apple, Fiona/Tidal/(Fiona_Apple)Tidal-01-Sleep_to_Dream.mp3"
2026-02-06T02:59:17.541626Z DEBUG tokio-runtime-worker ThreadId(23) wkmp_ai::services::filename_matcher: wkmp-ai\src\services\filename_matcher.rs:54: Checking if file exists in database path=Apple, Fiona/Tidal/(Fiona_Apple)Tidal-01-Sleep_to_Dream.mp3 norm_us=8
2026-02-06T02:59:17.541835Z DEBUG tokio-runtime-worker ThreadId(23) wkmp_ai::services::workflow_orchestrator: wkmp-ai\src\services\workflow_orchestrator\mod.rs:3118: Starting per-file pipeline file_index=86 file_id=2cbe14db-ff6e-47aa-8b98-0df25ff1a572 file=Apple, Fiona/Tidal/(Fiona_Apple)Tidal-02-Sullen_Girl.mp3
2026-02-06T02:59:17.542013Z  INFO tokio-runtime-worker ThreadId(23) wkmp_ai::services::workflow_orchestrator: wkmp-ai\src\services\workflow_orchestrator\mod.rs:1733: Starting PLAN024 10-phase per-file pipeline (late audio decode) file="C:\\Users\\Mango Cat\\Music\\Apple, Fiona/Tidal/(Fiona_Apple)Tidal-02-Sullen_Girl.mp3"
2026-02-06T02:59:17.542183Z DEBUG tokio-runtime-worker ThreadId(23) wkmp_ai::services::workflow_orchestrator: wkmp-ai\src\services\workflow_orchestrator\mod.rs:1742: Phase 1: Filename Matching - START file="C:\\Users\\Mango Cat\\Music\\Apple, Fiona/Tidal/(Fiona_Apple)Tidal-02-Sullen_Girl.mp3"
2026-02-06T02:59:17.542340Z DEBUG tokio-runtime-worker ThreadId(23) wkmp_ai::services::filename_matcher: wkmp-ai\src\services\filename_matcher.rs:54: Checking if file exists in database path=Apple, Fiona/Tidal/(Fiona_Apple)Tidal-02-Sullen_Girl.mp3 norm_us=6
2026-02-06T02:59:17.542537Z DEBUG tokio-runtime-worker ThreadId(23) wkmp_ai::services::workflow_orchestrator: wkmp-ai\src\services\workflow_orchestrator\mod.rs:3118: Starting per-file pipeline file_index=87 file_id=d2913f11-4efa-4f14-a52b-5391ef3069ab file=Apple, Fiona/Tidal/(Fiona_Apple)Tidal-03-Shadowboxer.mp3
2026-02-06T02:59:17.542720Z  INFO tokio-runtime-worker ThreadId(23) wkmp_ai::services::workflow_orchestrator: wkmp-ai\src\services\workflow_orchestrator\mod.rs:1733: Starting PLAN024 10-phase per-file pipeline (late audio decode) file="C:\\Users\\Mango Cat\\Music\\Apple, Fiona/Tidal/(Fiona_Apple)Tidal-03-Shadowboxer.mp3"
2026-02-06T02:59:17.542888Z DEBUG tokio-runtime-worker ThreadId(23) wkmp_ai::services::workflow_orchestrator: wkmp-ai\src\services\workflow_orchestrator\mod.rs:1742: Phase 1: Filename Matching - START file="C:\\Users\\Mango Cat\\Music\\Apple, Fiona/Tidal/(Fiona_Apple)Tidal-03-Shadowboxer.mp3"
2026-02-06T02:59:17.543046Z DEBUG tokio-runtime-worker ThreadId(23) wkmp_ai::services::filename_matcher: wkmp-ai\src\services\filename_matcher.rs:54: Checking if file exists in database path=Apple, Fiona/Tidal/(Fiona_Apple)Tidal-03-Shadowboxer.mp3 norm_us=6
2026-02-06T02:59:17.543423Z DEBUG tokio-runtime-worker ThreadId(23) wkmp_ai::api::sse: wkmp-ai\src\api\sse.rs:71: SSE: Broadcasting import event: ImportProgressUpdate
2026-02-06T02:59:17.544701Z DEBUG tokio-runtime-worker ThreadId(23) wkmp_ai::api::sse: wkmp-ai\src\api\sse.rs:71: SSE: Broadcasting import event: ImportProgressUpdate
2026-02-06T02:59:17.545016Z DEBUG tokio-runtime-worker ThreadId(23) wkmp_ai::api::sse: wkmp-ai\src\api\sse.rs:71: SSE: Broadcasting import event: ImportProgressUpdate
2026-02-06T02:59:17.546274Z DEBUG tokio-runtime-worker ThreadId(23) wkmp_ai::api::sse: wkmp-ai\src\api\sse.rs:71: SSE: Broadcasting import event: ImportProgressUpdate
2026-02-06T02:59:17.546584Z DEBUG tokio-runtime-worker ThreadId(23) wkmp_ai::api::sse: wkmp-ai\src\api\sse.rs:71: SSE: Broadcasting import event: ImportProgressUpdate
2026-02-06T02:59:17.547895Z DEBUG tokio-runtime-worker ThreadId(23) wkmp_ai::api::sse: wkmp-ai\src\api\sse.rs:71: SSE: Broadcasting import event: ImportProgressUpdate
2026-02-06T02:59:17.548373Z DEBUG tokio-runtime-worker ThreadId(23) wkmp_ai::api::sse: wkmp-ai\src\api\sse.rs:71: SSE: Broadcasting import event: ImportProgressUpdate
2026-02-06T02:59:17.549695Z DEBUG tokio-runtime-worker ThreadId(23) wkmp_ai::api::sse: wkmp-ai\src\api\sse.rs:71: SSE: Broadcasting import event: ImportProgressUpdate
2026-02-06T02:59:17.549998Z DEBUG tokio-runtime-worker ThreadId(23) wkmp_ai::api::sse: wkmp-ai\src\api\sse.rs:71: SSE: Broadcasting import event: ImportProgressUpdate
2026-02-06T02:59:17.551258Z DEBUG tokio-runtime-worker ThreadId(23) wkmp_ai::api::sse: wkmp-ai\src\api\sse.rs:71: SSE: Broadcasting import event: ImportProgressUpdate
2026-02-06T02:59:17.551541Z DEBUG tokio-runtime-worker ThreadId(23) wkmp_ai::api::sse: wkmp-ai\src\api\sse.rs:71: SSE: Broadcasting import event: ImportProgressUpdate
2026-02-06T02:59:17.552803Z DEBUG tokio-runtime-worker ThreadId(23) wkmp_ai::api::sse: wkmp-ai\src\api\sse.rs:71: SSE: Broadcasting import event: ImportProgressUpdate
2026-02-06T02:59:17.553260Z DEBUG tokio-runtime-worker ThreadId(23) wkmp_ai::services::filename_matcher: wkmp-ai\src\services\filename_matcher.rs:65: Database query completed path=Apple, Fiona/Tidal/(Fiona_Apple)Tidal-03-Shadowboxer.mp3 query_us=10060
2026-02-06T02:59:17.553445Z DEBUG tokio-runtime-worker ThreadId(23) wkmp_ai::services::filename_matcher: wkmp-ai\src\services\filename_matcher.rs:81: File already processed (INGEST COMPLETE) path=Apple, Fiona/Tidal/(Fiona_Apple)Tidal-03-Shadowboxer.mp3 guid=d2913f11-4efa-4f14-a52b-5391ef3069ab
2026-02-06T02:59:17.553617Z  INFO tokio-runtime-worker ThreadId(23) wkmp_ai::services::workflow_orchestrator: wkmp-ai\src\services\workflow_orchestrator\mod.rs:1756: Phase 1 completed phase="Filename Matching" duration_ms=10 path_us=1 db_ms=10 file_index=87
2026-02-06T02:59:17.553796Z  INFO tokio-runtime-worker ThreadId(23) wkmp_ai::services::workflow_orchestrator: wkmp-ai\src\services\workflow_orchestrator\mod.rs:1770: File already processed (INGEST COMPLETE/NO AUDIO/DUPLICATE HASH), skipping all remaining phases file="C:\\Users\\Mango Cat\\Music\\Apple, Fiona/Tidal/(Fiona_Apple)Tidal-03-Shadowboxer.mp3" file_id=d2913f11-4efa-4f14-a52b-5391ef3069ab
2026-02-06T02:59:17.553994Z DEBUG tokio-runtime-worker ThreadId(23) wkmp_ai::services::workflow_orchestrator: wkmp-ai\src\services\workflow_orchestrator\mod.rs:2936: File processing complete session_id=e6293ba0-b57f-441f-a6ea-884d33b9111b file_index=87 file=Apple, Fiona/Tidal/(Fiona_Apple)Tidal-03-Shadowboxer.mp3
2026-02-06T02:59:17.554195Z DEBUG tokio-runtime-worker ThreadId(23) wkmp_ai::services::workflow_orchestrator: wkmp-ai\src\services\workflow_orchestrator\mod.rs:1438: Acquiring all statistics Mutex locks for SSE conversion
2026-02-06T02:59:17.554335Z DEBUG tokio-runtime-worker ThreadId(23) wkmp_ai::services::workflow_orchestrator: wkmp-ai\src\services\workflow_orchestrator\mod.rs:1467: All statistics Mutex locks acquired and data cloned
2026-02-06T02:59:17.554543Z DEBUG tokio-runtime-worker ThreadId(23) wkmp_ai::services::workflow_orchestrator: wkmp-ai\src\services\workflow_orchestrator\mod.rs:1577: Releasing all statistics Mutex locks for SSE conversion
2026-02-06T02:59:17.554739Z DEBUG tokio-runtime-worker ThreadId(23) wkmp_ai::services::filename_matcher: wkmp-ai\src\services\filename_matcher.rs:65: Database query completed path=Apple, Fiona/Tidal/(Fiona_Apple)Tidal-02-Sullen_Girl.mp3 query_us=12248
2026-02-06T02:59:17.554907Z DEBUG tokio-runtime-worker ThreadId(23) wkmp_ai::services::filename_matcher: wkmp-ai\src\services\filename_matcher.rs:81: File already processed (INGEST COMPLETE) path=Apple, Fiona/Tidal/(Fiona_Apple)Tidal-02-Sullen_Girl.mp3 guid=2cbe14db-ff6e-47aa-8b98-0df25ff1a572
2026-02-06T02:59:17.555065Z  INFO tokio-runtime-worker ThreadId(23) wkmp_ai::services::workflow_orchestrator: wkmp-ai\src\services\workflow_orchestrator\mod.rs:1756: Phase 1 completed phase="Filename Matching" duration_ms=12 path_us=1 db_ms=12 file_index=86
2026-02-06T02:59:17.555239Z  INFO tokio-runtime-worker ThreadId(23) wkmp_ai::services::workflow_orchestrator: wkmp-ai\src\services\workflow_orchestrator\mod.rs:1770: File already processed (INGEST COMPLETE/NO AUDIO/DUPLICATE HASH), skipping all remaining phases file="C:\\Users\\Mango Cat\\Music\\Apple, Fiona/Tidal/(Fiona_Apple)Tidal-02-Sullen_Girl.mp3" file_id=2cbe14db-ff6e-47aa-8b98-0df25ff1a572
2026-02-06T02:59:17.555418Z DEBUG tokio-runtime-worker ThreadId(23) wkmp_ai::services::workflow_orchestrator: wkmp-ai\src\services\workflow_orchestrator\mod.rs:2936: File processing complete session_id=e6293ba0-b57f-441f-a6ea-884d33b9111b file_index=86 file=Apple, Fiona/Tidal/(Fiona_Apple)Tidal-02-Sullen_Girl.mp3
2026-02-06T02:59:17.555614Z DEBUG tokio-runtime-worker ThreadId(23) wkmp_ai::services::workflow_orchestrator: wkmp-ai\src\services\workflow_orchestrator\mod.rs:1438: Acquiring all statistics Mutex locks for SSE conversion
2026-02-06T02:59:17.555769Z DEBUG tokio-runtime-worker ThreadId(23) wkmp_ai::services::workflow_orchestrator: wkmp-ai\src\services\workflow_orchestrator\mod.rs:1467: All statistics Mutex locks acquired and data cloned
2026-02-06T02:59:17.555986Z DEBUG tokio-runtime-worker ThreadId(23) wkmp_ai::services::workflow_orchestrator: wkmp-ai\src\services\workflow_orchestrator\mod.rs:1577: Releasing all statistics Mutex locks for SSE conversion
2026-02-06T02:59:17.556178Z DEBUG tokio-runtime-worker ThreadId(23) wkmp_ai::services::filename_matcher: wkmp-ai\src\services\filename_matcher.rs:65: Database query completed path=Apple, Fiona/Tidal/(Fiona_Apple)Tidal-01-Sleep_to_Dream.mp3 query_us=14400
2026-02-06T02:59:17.556342Z DEBUG tokio-runtime-worker ThreadId(23) wkmp_ai::services::filename_matcher: wkmp-ai\src\services\filename_matcher.rs:81: File already processed (INGEST COMPLETE) path=Apple, Fiona/Tidal/(Fiona_Apple)Tidal-01-Sleep_to_Dream.mp3 guid=8c58c4de-95ed-41e3-922f-9473cb4a244b
2026-02-06T02:59:17.556502Z  INFO tokio-runtime-worker ThreadId(23) wkmp_ai::services::workflow_orchestrator: wkmp-ai\src\services\workflow_orchestrator\mod.rs:1756: Phase 1 completed phase="Filename Matching" duration_ms=15 path_us=1 db_ms=14 file_index=85
2026-02-06T02:59:17.556701Z  INFO tokio-runtime-worker ThreadId(23) wkmp_ai::services::workflow_orchestrator: wkmp-ai\src\services\workflow_orchestrator\mod.rs:1770: File already processed (INGEST COMPLETE/NO AUDIO/DUPLICATE HASH), skipping all remaining phases file="C:\\Users\\Mango Cat\\Music\\Apple, Fiona/Tidal/(Fiona_Apple)Tidal-01-Sleep_to_Dream.mp3" file_id=8c58c4de-95ed-41e3-922f-9473cb4a244b
2026-02-06T02:59:17.556901Z DEBUG tokio-runtime-worker ThreadId(23) wkmp_ai::services::workflow_orchestrator: wkmp-ai\src\services\workflow_orchestrator\mod.rs:2936: File processing complete session_id=e6293ba0-b57f-441f-a6ea-884d33b9111b file_index=85 file=Apple, Fiona/Tidal/(Fiona_Apple)Tidal-01-Sleep_to_Dream.mp3
2026-02-06T02:59:17.557098Z DEBUG tokio-runtime-worker ThreadId(23) wkmp_ai::services::workflow_orchestrator: wkmp-ai\src\services\workflow_orchestrator\mod.rs:1438: Acquiring all statistics Mutex locks for SSE conversion
2026-02-06T02:59:17.557225Z DEBUG tokio-runtime-worker ThreadId(23) wkmp_ai::services::workflow_orchestrator: wkmp-ai\src\services\workflow_orchestrator\mod.rs:1467: All statistics Mutex locks acquired and data cloned
2026-02-06T02:59:17.557453Z DEBUG tokio-runtime-worker ThreadId(23) wkmp_ai::services::workflow_orchestrator: wkmp-ai\src\services\workflow_orchestrator\mod.rs:1577: Releasing all statistics Mutex locks for SSE conversion
2026-02-06T02:59:17.557613Z DEBUG tokio-runtime-worker ThreadId(23) wkmp_ai::services::workflow_orchestrator: wkmp-ai\src\services\workflow_orchestrator\mod.rs:3118: Starting per-file pipeline file_index=88 file_id=eeb15445-1019-465d-9e37-c755c4425564 file=Apple, Fiona/Tidal/(Fiona_Apple)Tidal-04-Criminal.mp3
2026-02-06T02:59:17.557793Z  INFO tokio-runtime-worker ThreadId(23) wkmp_ai::services::workflow_orchestrator: wkmp-ai\src\services\workflow_orchestrator\mod.rs:1733: Starting PLAN024 10-phase per-file pipeline (late audio decode) file="C:\\Users\\Mango Cat\\Music\\Apple, Fiona/Tidal/(Fiona_Apple)Tidal-04-Criminal.mp3"
2026-02-06T02:59:17.557981Z DEBUG tokio-runtime-worker ThreadId(23) wkmp_ai::services::workflow_orchestrator: wkmp-ai\src\services\workflow_orchestrator\mod.rs:1742: Phase 1: Filename Matching - START file="C:\\Users\\Mango Cat\\Music\\Apple, Fiona/Tidal/(Fiona_Apple)Tidal-04-Criminal.mp3"
2026-02-06T02:59:17.558269Z DEBUG tokio-runtime-worker ThreadId(23) wkmp_ai::services::filename_matcher: wkmp-ai\src\services\filename_matcher.rs:54: Checking if file exists in database path=Apple, Fiona/Tidal/(Fiona_Apple)Tidal-04-Criminal.mp3 norm_us=9
2026-02-06T02:59:17.558453Z DEBUG tokio-runtime-worker ThreadId(23) wkmp_ai::services::workflow_orchestrator: wkmp-ai\src\services\workflow_orchestrator\mod.rs:3118: Starting per-file pipeline file_index=89 file_id=92cdf8df-5bc3-4041-97ea-043a31454ad1 file=Apple, Fiona/Tidal/(Fiona_Apple)Tidal-05-Slow_Like_Honey.mp3
2026-02-06T02:59:17.558832Z  INFO tokio-runtime-worker ThreadId(23) wkmp_ai::services::workflow_orchestrator: wkmp-ai\src\services\workflow_orchestrator\mod.rs:1733: Starting PLAN024 10-phase per-file pipeline (late audio decode) file="C:\\Users\\Mango Cat\\Music\\Apple, Fiona/Tidal/(Fiona_Apple)Tidal-05-Slow_Like_Honey.mp3"
2026-02-06T02:59:17.559141Z DEBUG tokio-runtime-worker ThreadId(23) wkmp_ai::services::workflow_orchestrator: wkmp-ai\src\services\workflow_orchestrator\mod.rs:1742: Phase 1: Filename Matching - START file="C:\\Users\\Mango Cat\\Music\\Apple, Fiona/Tidal/(Fiona_Apple)Tidal-05-Slow_Like_Honey.mp3"
2026-02-06T02:59:17.559417Z DEBUG tokio-runtime-worker ThreadId(23) wkmp_ai::services::filename_matcher: wkmp-ai\src\services\filename_matcher.rs:54: Checking if file exists in database path=Apple, Fiona/Tidal/(Fiona_Apple)Tidal-05-Slow_Like_Honey.mp3 norm_us=5
2026-02-06T02:59:17.559728Z DEBUG tokio-runtime-worker ThreadId(23) wkmp_ai::services::workflow_orchestrator: wkmp-ai\src\services\workflow_orchestrator\mod.rs:3118: Starting per-file pipeline file_index=90 file_id=f81da72f-6a47-494f-b5cb-3fe2733ecbae file=Apple, Fiona/Tidal/(Fiona_Apple)Tidal-06-The_First_Taste.mp3
2026-02-06T02:59:17.560051Z  INFO tokio-runtime-worker ThreadId(23) wkmp_ai::services::workflow_orchestrator: wkmp-ai\src\services\workflow_orchestrator\mod.rs:1733: Starting PLAN024 10-phase per-file pipeline (late audio decode) file="C:\\Users\\Mango Cat\\Music\\Apple, Fiona/Tidal/(Fiona_Apple)Tidal-06-The_First_Taste.mp3"
2026-02-06T02:59:17.560279Z DEBUG tokio-runtime-worker ThreadId(23) wkmp_ai::services::workflow_orchestrator: wkmp-ai\src\services\workflow_orchestrator\mod.rs:1742: Phase 1: Filename Matching - START file="C:\\Users\\Mango Cat\\Music\\Apple, Fiona/Tidal/(Fiona_Apple)Tidal-06-The_First_Taste.mp3"
2026-02-06T02:59:17.560489Z DEBUG tokio-runtime-worker ThreadId(23) wkmp_ai::services::filename_matcher: wkmp-ai\src\services\filename_matcher.rs:54: Checking if file exists in database path=Apple, Fiona/Tidal/(Fiona_Apple)Tidal-06-The_First_Taste.mp3 norm_us=5
2026-02-06T02:59:17.561112Z DEBUG tokio-runtime-worker ThreadId(23) wkmp_ai::api::sse: wkmp-ai\src\api\sse.rs:71: SSE: Broadcasting import event: ImportProgressUpdate
2026-02-06T02:59:17.561941Z DEBUG tokio-runtime-worker ThreadId(23) wkmp_ai::api::sse: wkmp-ai\src\api\sse.rs:71: SSE: Broadcasting import event: ImportProgressUpdate
2026-02-06T02:59:17.562315Z DEBUG tokio-runtime-worker ThreadId(23) wkmp_ai::api::sse: wkmp-ai\src\api\sse.rs:71: SSE: Broadcasting import event: ImportProgressUpdate
2026-02-06T02:59:17.563690Z DEBUG tokio-runtime-worker ThreadId(23) wkmp_ai::api::sse: wkmp-ai\src\api\sse.rs:71: SSE: Broadcasting import event: ImportProgressUpdate
2026-02-06T02:59:17.564216Z DEBUG tokio-runtime-worker ThreadId(23) wkmp_ai::api::sse: wkmp-ai\src\api\sse.rs:71: SSE: Broadcasting import event: ImportProgressUpdate
2026-02-06T02:59:17.565567Z DEBUG tokio-runtime-worker ThreadId(23) wkmp_ai::api::sse: wkmp-ai\src\api\sse.rs:71: SSE: Broadcasting import event: ImportProgressUpdate
2026-02-06T02:59:17.565977Z DEBUG tokio-runtime-worker ThreadId(23) wkmp_ai::api::sse: wkmp-ai\src\api\sse.rs:71: SSE: Broadcasting import event: ImportProgressUpdate
2026-02-06T02:59:17.567301Z DEBUG tokio-runtime-worker ThreadId(23) wkmp_ai::api::sse: wkmp-ai\src\api\sse.rs:71: SSE: Broadcasting import event: ImportProgressUpdate
2026-02-06T02:59:17.567577Z DEBUG tokio-runtime-worker ThreadId(23) wkmp_ai::api::sse: wkmp-ai\src\api\sse.rs:71: SSE: Broadcasting import event: ImportProgressUpdate
2026-02-06T02:59:17.568855Z DEBUG tokio-runtime-worker ThreadId(23) wkmp_ai::api::sse: wkmp-ai\src\api\sse.rs:71: SSE: Broadcasting import event: ImportProgressUpdate
2026-02-06T02:59:17.569221Z DEBUG tokio-runtime-worker ThreadId(23) wkmp_ai::api::sse: wkmp-ai\src\api\sse.rs:71: SSE: Broadcasting import event: ImportProgressUpdate
2026-02-06T02:59:17.569976Z DEBUG tokio-runtime-worker ThreadId(23) wkmp_ai::api::sse: wkmp-ai\src\api\sse.rs:71: SSE: Broadcasting import event: ImportProgressUpdate
2026-02-06T02:59:17.570401Z DEBUG tokio-runtime-worker ThreadId(23) wkmp_ai::services::filename_matcher: wkmp-ai\src\services\filename_matcher.rs:65: Database query completed path=Apple, Fiona/Tidal/(Fiona_Apple)Tidal-05-Slow_Like_Honey.mp3 query_us=10715
2026-02-06T02:59:17.570582Z DEBUG tokio-runtime-worker ThreadId(23) wkmp_ai::services::filename_matcher: wkmp-ai\src\services\filename_matcher.rs:81: File already processed (INGEST COMPLETE) path=Apple, Fiona/Tidal/(Fiona_Apple)Tidal-05-Slow_Like_Honey.mp3 guid=92cdf8df-5bc3-4041-97ea-043a31454ad1
2026-02-06T02:59:17.570705Z  INFO tokio-runtime-worker ThreadId(23) wkmp_ai::services::workflow_orchestrator: wkmp-ai\src\services\workflow_orchestrator\mod.rs:1756: Phase 1 completed phase="Filename Matching" duration_ms=11 path_us=1 db_ms=11 file_index=89
2026-02-06T02:59:17.570884Z  INFO tokio-runtime-worker ThreadId(23) wkmp_ai::services::workflow_orchestrator: wkmp-ai\src\services\workflow_orchestrator\mod.rs:1770: File already processed (INGEST COMPLETE/NO AUDIO/DUPLICATE HASH), skipping all remaining phases file="C:\\Users\\Mango Cat\\Music\\Apple, Fiona/Tidal/(Fiona_Apple)Tidal-05-Slow_Like_Honey.mp3" file_id=92cdf8df-5bc3-4041-97ea-043a31454ad1
2026-02-06T02:59:17.571024Z DEBUG tokio-runtime-worker ThreadId(23) wkmp_ai::services::workflow_orchestrator: wkmp-ai\src\services\workflow_orchestrator\mod.rs:2936: File processing complete session_id=e6293ba0-b57f-441f-a6ea-884d33b9111b file_index=89 file=Apple, Fiona/Tidal/(Fiona_Apple)Tidal-05-Slow_Like_Honey.mp3
2026-02-06T02:59:17.579102Z DEBUG tokio-runtime-worker ThreadId(23) wkmp_ai::services::workflow_orchestrator: wkmp-ai\src\services\workflow_orchestrator\mod.rs:1438: Acquiring all statistics Mutex locks for SSE conversion
2026-02-06T02:59:17.579299Z DEBUG tokio-runtime-worker ThreadId(23) wkmp_ai::services::workflow_orchestrator: wkmp-ai\src\services\workflow_orchestrator\mod.rs:1467: All statistics Mutex locks acquired and data cloned
2026-02-06T02:59:17.579602Z DEBUG tokio-runtime-worker ThreadId(23) wkmp_ai::services::workflow_orchestrator: wkmp-ai\src\services\workflow_orchestrator\mod.rs:1577: Releasing all statistics Mutex locks for SSE conversion
2026-02-06T02:59:17.579874Z DEBUG tokio-runtime-worker ThreadId(23) wkmp_ai::services::filename_matcher: wkmp-ai\src\services\filename_matcher.rs:65: Database query completed path=Apple, Fiona/Tidal/(Fiona_Apple)Tidal-04-Criminal.mp3 query_us=21477
2026-02-06T02:59:17.580291Z DEBUG tokio-runtime-worker ThreadId(23) wkmp_ai::services::filename_matcher: wkmp-ai\src\services\filename_matcher.rs:81: File already processed (INGEST COMPLETE) path=Apple, Fiona/Tidal/(Fiona_Apple)Tidal-04-Criminal.mp3 guid=eeb15445-1019-465d-9e37-c755c4425564
2026-02-06T02:59:17.580457Z  INFO tokio-runtime-worker ThreadId(23) wkmp_ai::services::workflow_orchestrator: wkmp-ai\src\services\workflow_orchestrator\mod.rs:1756: Phase 1 completed phase="Filename Matching" duration_ms=22 path_us=2 db_ms=22 file_index=88
2026-02-06T02:59:17.580677Z  INFO tokio-runtime-worker ThreadId(23) wkmp_ai::services::workflow_orchestrator: wkmp-ai\src\services\workflow_orchestrator\mod.rs:1770: File already processed (INGEST COMPLETE/NO AUDIO/DUPLICATE HASH), skipping all remaining phases file="C:\\Users\\Mango Cat\\Music\\Apple, Fiona/Tidal/(Fiona_Apple)Tidal-04-Criminal.mp3" file_id=eeb15445-1019-465d-9e37-c755c4425564
2026-02-06T02:59:17.581009Z DEBUG tokio-runtime-worker ThreadId(23) wkmp_ai::services::workflow_orchestrator: wkmp-ai\src\services\workflow_orchestrator\mod.rs:2936: File processing complete session_id=e6293ba0-b57f-441f-a6ea-884d33b9111b file_index=88 file=Apple, Fiona/Tidal/(Fiona_Apple)Tidal-04-Criminal.mp3
2026-02-06T02:59:17.581240Z DEBUG tokio-runtime-worker ThreadId(23) wkmp_ai::services::workflow_orchestrator: wkmp-ai\src\services\workflow_orchestrator\mod.rs:1438: Acquiring all statistics Mutex locks for SSE conversion
2026-02-06T02:59:17.581408Z DEBUG tokio-runtime-worker ThreadId(23) wkmp_ai::services::workflow_orchestrator: wkmp-ai\src\services\workflow_orchestrator\mod.rs:1467: All statistics Mutex locks acquired and data cloned
2026-02-06T02:59:17.581658Z DEBUG tokio-runtime-worker ThreadId(23) wkmp_ai::services::workflow_orchestrator: wkmp-ai\src\services\workflow_orchestrator\mod.rs:1577: Releasing all statistics Mutex locks for SSE conversion
2026-02-06T02:59:17.581886Z DEBUG tokio-runtime-worker ThreadId(23) wkmp_ai::services::filename_matcher: wkmp-ai\src\services\filename_matcher.rs:65: Database query completed path=Apple, Fiona/Tidal/(Fiona_Apple)Tidal-06-The_First_Taste.mp3 query_us=20936
2026-02-06T02:59:17.582054Z DEBUG tokio-runtime-worker ThreadId(23) wkmp_ai::services::filename_matcher: wkmp-ai\src\services\filename_matcher.rs:81: File already processed (INGEST COMPLETE) path=Apple, Fiona/Tidal/(Fiona_Apple)Tidal-06-The_First_Taste.mp3 guid=f81da72f-6a47-494f-b5cb-3fe2733ecbae
2026-02-06T02:59:17.582225Z  INFO tokio-runtime-worker ThreadId(23) wkmp_ai::services::workflow_orchestrator: wkmp-ai\src\services\workflow_orchestrator\mod.rs:1756: Phase 1 completed phase="Filename Matching" duration_ms=21 path_us=1 db_ms=21 file_index=90
2026-02-06T02:59:17.582381Z  INFO tokio-runtime-worker ThreadId(23) wkmp_ai::services::workflow_orchestrator: wkmp-ai\src\services\workflow_orchestrator\mod.rs:1770: File already processed (INGEST COMPLETE/NO AUDIO/DUPLICATE HASH), skipping all remaining phases file="C:\\Users\\Mango Cat\\Music\\Apple, Fiona/Tidal/(Fiona_Apple)Tidal-06-The_First_Taste.mp3" file_id=f81da72f-6a47-494f-b5cb-3fe2733ecbae
2026-02-06T02:59:17.582564Z DEBUG tokio-runtime-worker ThreadId(23) wkmp_ai::services::workflow_orchestrator: wkmp-ai\src\services\workflow_orchestrator\mod.rs:2936: File processing complete session_id=e6293ba0-b57f-441f-a6ea-884d33b9111b file_index=90 file=Apple, Fiona/Tidal/(Fiona_Apple)Tidal-06-The_First_Taste.mp3
2026-02-06T02:59:17.582737Z DEBUG tokio-runtime-worker ThreadId(23) wkmp_ai::services::workflow_orchestrator: wkmp-ai\src\services\workflow_orchestrator\mod.rs:1438: Acquiring all statistics Mutex locks for SSE conversion
2026-02-06T02:59:17.582843Z DEBUG tokio-runtime-worker ThreadId(23) wkmp_ai::services::workflow_orchestrator: wkmp-ai\src\services\workflow_orchestrator\mod.rs:1467: All statistics Mutex locks acquired and data cloned
2026-02-06T02:59:17.583032Z DEBUG tokio-runtime-worker ThreadId(23) wkmp_ai::services::workflow_orchestrator: wkmp-ai\src\services\workflow_orchestrator\mod.rs:1577: Releasing all statistics Mutex locks for SSE conversion
2026-02-06T02:59:17.583156Z DEBUG tokio-runtime-worker ThreadId(23) wkmp_ai::services::workflow_orchestrator: wkmp-ai\src\services\workflow_orchestrator\mod.rs:3118: Starting per-file pipeline file_index=91 file_id=191785f3-b5f6-4892-ae0a-05eeb695a466 file=Apple, Fiona/Tidal/(Fiona_Apple)Tidal-07-Never_Is_a_Promise.mp3
2026-02-06T02:59:17.583330Z  INFO tokio-runtime-worker ThreadId(23) wkmp_ai::services::workflow_orchestrator: wkmp-ai\src\services\workflow_orchestrator\mod.rs:1733: Starting PLAN024 10-phase per-file pipeline (late audio decode) file="C:\\Users\\Mango Cat\\Music\\Apple, Fiona/Tidal/(Fiona_Apple)Tidal-07-Never_Is_a_Promise.mp3"
2026-02-06T02:59:17.583465Z DEBUG tokio-runtime-worker ThreadId(23) wkmp_ai::services::workflow_orchestrator: wkmp-ai\src\services\workflow_orchestrator\mod.rs:1742: Phase 1: Filename Matching - START file="C:\\Users\\Mango Cat\\Music\\Apple, Fiona/Tidal/(Fiona_Apple)Tidal-07-Never_Is_a_Promise.mp3"
2026-02-06T02:59:17.583632Z DEBUG tokio-runtime-worker ThreadId(23) wkmp_ai::services::filename_matcher: wkmp-ai\src\services\filename_matcher.rs:54: Checking if file exists in database path=Apple, Fiona/Tidal/(Fiona_Apple)Tidal-07-Never_Is_a_Promise.mp3 norm_us=8
2026-02-06T02:59:17.583811Z DEBUG tokio-runtime-worker ThreadId(23) wkmp_ai::services::workflow_orchestrator: wkmp-ai\src\services\workflow_orchestrator\mod.rs:3118: Starting per-file pipeline file_index=92 file_id=0ad76e1e-cf80-4a94-8923-b9e5d5fab054 file=Apple, Fiona/Tidal/(Fiona_Apple)Tidal-08-The_Child_Is_Gone.mp3
2026-02-06T02:59:17.583983Z  INFO tokio-runtime-worker ThreadId(23) wkmp_ai::services::workflow_orchestrator: wkmp-ai\src\services\workflow_orchestrator\mod.rs:1733: Starting PLAN024 10-phase per-file pipeline (late audio decode) file="C:\\Users\\Mango Cat\\Music\\Apple, Fiona/Tidal/(Fiona_Apple)Tidal-08-The_Child_Is_Gone.mp3"
2026-02-06T02:59:17.584115Z DEBUG tokio-runtime-worker ThreadId(23) wkmp_ai::services::workflow_orchestrator: wkmp-ai\src\services\workflow_orchestrator\mod.rs:1742: Phase 1: Filename Matching - START file="C:\\Users\\Mango Cat\\Music\\Apple, Fiona/Tidal/(Fiona_Apple)Tidal-08-The_Child_Is_Gone.mp3"
2026-02-06T02:59:17.584276Z DEBUG tokio-runtime-worker ThreadId(23) wkmp_ai::services::filename_matcher: wkmp-ai\src\services\filename_matcher.rs:54: Checking if file exists in database path=Apple, Fiona/Tidal/(Fiona_Apple)Tidal-08-The_Child_Is_Gone.mp3 norm_us=3
2026-02-06T02:59:17.584437Z DEBUG tokio-runtime-worker ThreadId(23) wkmp_ai::services::workflow_orchestrator: wkmp-ai\src\services\workflow_orchestrator\mod.rs:3118: Starting per-file pipeline file_index=93 file_id=82952d30-4396-494e-98b2-088ee842a904 file=Apple, Fiona/Tidal/(Fiona_Apple)Tidal-09-Pale_September.mp3
2026-02-06T02:59:17.584677Z  INFO tokio-runtime-worker ThreadId(23) wkmp_ai::services::workflow_orchestrator: wkmp-ai\src\services\workflow_orchestrator\mod.rs:1733: Starting PLAN024 10-phase per-file pipeline (late audio decode) file="C:\\Users\\Mango Cat\\Music\\Apple, Fiona/Tidal/(Fiona_Apple)Tidal-09-Pale_September.mp3"
2026-02-06T02:59:17.584860Z DEBUG tokio-runtime-worker ThreadId(23) wkmp_ai::services::workflow_orchestrator: wkmp-ai\src\services\workflow_orchestrator\mod.rs:1742: Phase 1: Filename Matching - START file="C:\\Users\\Mango Cat\\Music\\Apple, Fiona/Tidal/(Fiona_Apple)Tidal-09-Pale_September.mp3"
2026-02-06T02:59:17.584982Z DEBUG tokio-runtime-worker ThreadId(23) wkmp_ai::services::filename_matcher: wkmp-ai\src\services\filename_matcher.rs:54: Checking if file exists in database path=Apple, Fiona/Tidal/(Fiona_Apple)Tidal-09-Pale_September.mp3 norm_us=7
2026-02-06T02:59:17.585376Z DEBUG tokio-runtime-worker ThreadId(23) wkmp_ai::api::sse: wkmp-ai\src\api\sse.rs:71: SSE: Broadcasting import event: ImportProgressUpdate
2026-02-06T02:59:17.586859Z DEBUG tokio-runtime-worker ThreadId(23) wkmp_ai::api::sse: wkmp-ai\src\api\sse.rs:71: SSE: Broadcasting import event: ImportProgressUpdate
2026-02-06T02:59:17.587158Z DEBUG tokio-runtime-worker ThreadId(23) wkmp_ai::api::sse: wkmp-ai\src\api\sse.rs:71: SSE: Broadcasting import event: ImportProgressUpdate
2026-02-06T02:59:17.588477Z DEBUG tokio-runtime-worker ThreadId(23) wkmp_ai::api::sse: wkmp-ai\src\api\sse.rs:71: SSE: Broadcasting import event: ImportProgressUpdate
2026-02-06T02:59:17.588771Z DEBUG tokio-runtime-worker ThreadId(23) wkmp_ai::api::sse: wkmp-ai\src\api\sse.rs:71: SSE: Broadcasting import event: ImportProgressUpdate
2026-02-06T02:59:17.590056Z DEBUG tokio-runtime-worker ThreadId(23) wkmp_ai::api::sse: wkmp-ai\src\api\sse.rs:71: SSE: Broadcasting import event: ImportProgressUpdate
2026-02-06T02:59:17.590523Z DEBUG tokio-runtime-worker ThreadId(23) wkmp_ai::api::sse: wkmp-ai\src\api\sse.rs:71: SSE: Broadcasting import event: ImportProgressUpdate
2026-02-06T02:59:17.591855Z DEBUG tokio-runtime-worker ThreadId(23) wkmp_ai::api::sse: wkmp-ai\src\api\sse.rs:71: SSE: Broadcasting import event: ImportProgressUpdate
2026-02-06T02:59:17.592160Z DEBUG tokio-runtime-worker ThreadId(23) wkmp_ai::api::sse: wkmp-ai\src\api\sse.rs:71: SSE: Broadcasting import event: ImportProgressUpdate
2026-02-06T02:59:17.593492Z DEBUG tokio-runtime-worker ThreadId(23) wkmp_ai::api::sse: wkmp-ai\src\api\sse.rs:71: SSE: Broadcasting import event: ImportProgressUpdate
2026-02-06T02:59:17.593781Z DEBUG tokio-runtime-worker ThreadId(23) wkmp_ai::api::sse: wkmp-ai\src\api\sse.rs:71: SSE: Broadcasting import event: ImportProgressUpdate
2026-02-06T02:59:17.595109Z DEBUG tokio-runtime-worker ThreadId(23) wkmp_ai::api::sse: wkmp-ai\src\api\sse.rs:71: SSE: Broadcasting import event: ImportProgressUpdate
2026-02-06T02:59:17.595544Z DEBUG tokio-runtime-worker ThreadId(23) wkmp_ai::services::filename_matcher: wkmp-ai\src\services\filename_matcher.rs:65: Database query completed path=Apple, Fiona/Tidal/(Fiona_Apple)Tidal-07-Never_Is_a_Promise.mp3 query_us=11801
2026-02-06T02:59:17.595717Z DEBUG tokio-runtime-worker ThreadId(23) wkmp_ai::services::filename_matcher: wkmp-ai\src\services\filename_matcher.rs:81: File already processed (INGEST COMPLETE) path=Apple, Fiona/Tidal/(Fiona_Apple)Tidal-07-Never_Is_a_Promise.mp3 guid=191785f3-b5f6-4892-ae0a-05eeb695a466
2026-02-06T02:59:17.595877Z  INFO tokio-runtime-worker ThreadId(23) wkmp_ai::services::workflow_orchestrator: wkmp-ai\src\services\workflow_orchestrator\mod.rs:1756: Phase 1 completed phase="Filename Matching" duration_ms=12 path_us=2 db_ms=12 file_index=91
2026-02-06T02:59:17.596048Z  INFO tokio-runtime-worker ThreadId(23) wkmp_ai::services::workflow_orchestrator: wkmp-ai\src\services\workflow_orchestrator\mod.rs:1770: File already processed (INGEST COMPLETE/NO AUDIO/DUPLICATE HASH), skipping all remaining phases file="C:\\Users\\Mango Cat\\Music\\Apple, Fiona/Tidal/(Fiona_Apple)Tidal-07-Never_Is_a_Promise.mp3" file_id=191785f3-b5f6-4892-ae0a-05eeb695a466
2026-02-06T02:59:17.596344Z DEBUG tokio-runtime-worker ThreadId(23) wkmp_ai::services::workflow_orchestrator: wkmp-ai\src\services\workflow_orchestrator\mod.rs:2936: File processing complete session_id=e6293ba0-b57f-441f-a6ea-884d33b9111b file_index=91 file=Apple, Fiona/Tidal/(Fiona_Apple)Tidal-07-Never_Is_a_Promise.mp3
2026-02-06T02:59:17.596546Z DEBUG tokio-runtime-worker ThreadId(23) wkmp_ai::services::workflow_orchestrator: wkmp-ai\src\services\workflow_orchestrator\mod.rs:1438: Acquiring all statistics Mutex locks for SSE conversion
2026-02-06T02:59:17.596695Z DEBUG tokio-runtime-worker ThreadId(23) wkmp_ai::services::workflow_orchestrator: wkmp-ai\src\services\workflow_orchestrator\mod.rs:1467: All statistics Mutex locks acquired and data cloned
2026-02-06T02:59:17.596927Z DEBUG tokio-runtime-worker ThreadId(23) wkmp_ai::services::workflow_orchestrator: wkmp-ai\src\services\workflow_orchestrator\mod.rs:1577: Releasing all statistics Mutex locks for SSE conversion
2026-02-06T02:59:17.597132Z DEBUG tokio-runtime-worker ThreadId(23) wkmp_ai::services::filename_matcher: wkmp-ai\src\services\filename_matcher.rs:65: Database query completed path=Apple, Fiona/Tidal/(Fiona_Apple)Tidal-09-Pale_September.mp3 query_us=11989
2026-02-06T02:59:17.597299Z DEBUG tokio-runtime-worker ThreadId(23) wkmp_ai::services::filename_matcher: wkmp-ai\src\services\filename_matcher.rs:81: File already processed (INGEST COMPLETE) path=Apple, Fiona/Tidal/(Fiona_Apple)Tidal-09-Pale_September.mp3 guid=82952d30-4396-494e-98b2-088ee842a904
2026-02-06T02:59:17.597458Z  INFO tokio-runtime-worker ThreadId(23) wkmp_ai::services::workflow_orchestrator: wkmp-ai\src\services\workflow_orchestrator\mod.rs:1756: Phase 1 completed phase="Filename Matching" duration_ms=12 path_us=1 db_ms=12 file_index=93
2026-02-06T02:59:17.597626Z  INFO tokio-runtime-worker ThreadId(23) wkmp_ai::services::workflow_orchestrator: wkmp-ai\src\services\workflow_orchestrator\mod.rs:1770: File already processed (INGEST COMPLETE/NO AUDIO/DUPLICATE HASH), skipping all remaining phases file="C:\\Users\\Mango Cat\\Music\\Apple, Fiona/Tidal/(Fiona_Apple)Tidal-09-Pale_September.mp3" file_id=82952d30-4396-494e-98b2-088ee842a904
2026-02-06T02:59:17.597802Z DEBUG tokio-runtime-worker ThreadId(23) wkmp_ai::services::workflow_orchestrator: wkmp-ai\src\services\workflow_orchestrator\mod.rs:2936: File processing complete session_id=e6293ba0-b57f-441f-a6ea-884d33b9111b file_index=93 file=Apple, Fiona/Tidal/(Fiona_Apple)Tidal-09-Pale_September.mp3
2026-02-06T02:59:17.597981Z DEBUG tokio-runtime-worker ThreadId(23) wkmp_ai::services::workflow_orchestrator: wkmp-ai\src\services\workflow_orchestrator\mod.rs:1438: Acquiring all statistics Mutex locks for SSE conversion
2026-02-06T02:59:17.598121Z DEBUG tokio-runtime-worker ThreadId(23) wkmp_ai::services::workflow_orchestrator: wkmp-ai\src\services\workflow_orchestrator\mod.rs:1467: All statistics Mutex locks acquired and data cloned
2026-02-06T02:59:17.598333Z DEBUG tokio-runtime-worker ThreadId(23) wkmp_ai::services::workflow_orchestrator: wkmp-ai\src\services\workflow_orchestrator\mod.rs:1577: Releasing all statistics Mutex locks for SSE conversion
2026-02-06T02:59:17.598522Z DEBUG tokio-runtime-worker ThreadId(23) wkmp_ai::services::filename_matcher: wkmp-ai\src\services\filename_matcher.rs:65: Database query completed path=Apple, Fiona/Tidal/(Fiona_Apple)Tidal-08-The_Child_Is_Gone.mp3 query_us=14133
2026-02-06T02:59:17.598684Z DEBUG tokio-runtime-worker ThreadId(23) wkmp_ai::services::filename_matcher: wkmp-ai\src\services\filename_matcher.rs:81: File already processed (INGEST COMPLETE) path=Apple, Fiona/Tidal/(Fiona_Apple)Tidal-08-The_Child_Is_Gone.mp3 guid=0ad76e1e-cf80-4a94-8923-b9e5d5fab054
2026-02-06T02:59:17.598839Z  INFO tokio-runtime-worker ThreadId(23) wkmp_ai::services::workflow_orchestrator: wkmp-ai\src\services\workflow_orchestrator\mod.rs:1756: Phase 1 completed phase="Filename Matching" duration_ms=14 path_us=1 db_ms=14 file_index=92
2026-02-06T02:59:17.599004Z  INFO tokio-runtime-worker ThreadId(23) wkmp_ai::services::workflow_orchestrator: wkmp-ai\src\services\workflow_orchestrator\mod.rs:1770: File already processed (INGEST COMPLETE/NO AUDIO/DUPLICATE HASH), skipping all remaining phases file="C:\\Users\\Mango Cat\\Music\\Apple, Fiona/Tidal/(Fiona_Apple)Tidal-08-The_Child_Is_Gone.mp3" file_id=0ad76e1e-cf80-4a94-8923-b9e5d5fab054
2026-02-06T02:59:17.599182Z DEBUG tokio-runtime-worker ThreadId(23) wkmp_ai::services::workflow_orchestrator: wkmp-ai\src\services\workflow_orchestrator\mod.rs:2936: File processing complete session_id=e6293ba0-b57f-441f-a6ea-884d33b9111b file_index=92 file=Apple, Fiona/Tidal/(Fiona_Apple)Tidal-08-The_Child_Is_Gone.mp3
2026-02-06T02:59:17.599381Z DEBUG tokio-runtime-worker ThreadId(23) wkmp_ai::services::workflow_orchestrator: wkmp-ai\src\services\workflow_orchestrator\mod.rs:1438: Acquiring all statistics Mutex locks for SSE conversion
2026-02-06T02:59:17.599511Z DEBUG tokio-runtime-worker ThreadId(23) wkmp_ai::services::workflow_orchestrator: wkmp-ai\src\services\workflow_orchestrator\mod.rs:1467: All statistics Mutex locks acquired and data cloned
2026-02-06T02:59:17.599711Z DEBUG tokio-runtime-worker ThreadId(23) wkmp_ai::services::workflow_orchestrator: wkmp-ai\src\services\workflow_orchestrator\mod.rs:1577: Releasing all statistics Mutex locks for SSE conversion
2026-02-06T02:59:17.599856Z DEBUG tokio-runtime-worker ThreadId(23) wkmp_ai::services::workflow_orchestrator: wkmp-ai\src\services\workflow_orchestrator\mod.rs:3118: Starting per-file pipeline file_index=94 file_id=e9089392-b36e-411b-9a8c-9b50766c1085 file=Apple, Fiona/Tidal/(Fiona_Apple)Tidal-10-Carrion.mp3
2026-02-06T02:59:17.600035Z  INFO tokio-runtime-worker ThreadId(23) wkmp_ai::services::workflow_orchestrator: wkmp-ai\src\services\workflow_orchestrator\mod.rs:1733: Starting PLAN024 10-phase per-file pipeline (late audio decode) file="C:\\Users\\Mango Cat\\Music\\Apple, Fiona/Tidal/(Fiona_Apple)Tidal-10-Carrion.mp3"
2026-02-06T02:59:17.600214Z DEBUG tokio-runtime-worker ThreadId(23) wkmp_ai::services::workflow_orchestrator: wkmp-ai\src\services\workflow_orchestrator\mod.rs:1742: Phase 1: Filename Matching - START file="C:\\Users\\Mango Cat\\Music\\Apple, Fiona/Tidal/(Fiona_Apple)Tidal-10-Carrion.mp3"
2026-02-06T02:59:17.600391Z DEBUG tokio-runtime-worker ThreadId(23) wkmp_ai::services::filename_matcher: wkmp-ai\src\services\filename_matcher.rs:54: Checking if file exists in database path=Apple, Fiona/Tidal/(Fiona_Apple)Tidal-10-Carrion.mp3 norm_us=9
2026-02-06T02:59:17.600604Z DEBUG tokio-runtime-worker ThreadId(23) wkmp_ai::services::workflow_orchestrator: wkmp-ai\src\services\workflow_orchestrator\mod.rs:3118: Starting per-file pipeline file_index=95 file_id=b0a01a6f-12aa-4087-b2e5-95793ed0da93 file=Aretha Franklin/Knew You Were Waiting The Best of Aretha Franklin 1980–1998/01 - United Together (single version).mp3
2026-02-06T02:59:17.600787Z  INFO tokio-runtime-worker ThreadId(23) wkmp_ai::services::workflow_orchestrator: wkmp-ai\src\services\workflow_orchestrator\mod.rs:1733: Starting PLAN024 10-phase per-file pipeline (late audio decode) file="C:\\Users\\Mango Cat\\Music\\Aretha Franklin/Knew You Were Waiting\u{f03a} The Best of Aretha Franklin 1980–1998/01 - United Together (single version).mp3"
2026-02-06T02:59:17.600963Z DEBUG tokio-runtime-worker ThreadId(23) wkmp_ai::services::workflow_orchestrator: wkmp-ai\src\services\workflow_orchestrator\mod.rs:1742: Phase 1: Filename Matching - START file="C:\\Users\\Mango Cat\\Music\\Aretha Franklin/Knew You Were Waiting\u{f03a} The Best of Aretha Franklin 1980–1998/01 - United Together (single version).mp3"
2026-02-06T02:59:17.601123Z DEBUG tokio-runtime-worker ThreadId(23) wkmp_ai::services::filename_matcher: wkmp-ai\src\services\filename_matcher.rs:54: Checking if file exists in database path=Aretha Franklin/Knew You Were Waiting The Best of Aretha Franklin 1980–1998/01 - United Together (single version).mp3 norm_us=7
2026-02-06T02:59:17.601321Z DEBUG tokio-runtime-worker ThreadId(23) wkmp_ai::services::workflow_orchestrator: wkmp-ai\src\services\workflow_orchestrator\mod.rs:3118: Starting per-file pipeline file_index=96 file_id=2062ef41-9589-4ae1-b192-80dfac9ab310 file=Aretha Franklin/Knew You Were Waiting The Best of Aretha Franklin 1980–1998/02 - Love All the Hurt Away.mp3
2026-02-06T02:59:17.601496Z  INFO tokio-runtime-worker ThreadId(23) wkmp_ai::services::workflow_orchestrator: wkmp-ai\src\services\workflow_orchestrator\mod.rs:1733: Starting PLAN024 10-phase per-file pipeline (late audio decode) file="C:\\Users\\Mango Cat\\Music\\Aretha Franklin/Knew You Were Waiting\u{f03a} The Best of Aretha Franklin 1980–1998/02 - Love All the Hurt Away.mp3"
2026-02-06T02:59:17.601666Z DEBUG tokio-runtime-worker ThreadId(23) wkmp_ai::services::workflow_orchestrator: wkmp-ai\src\services\workflow_orchestrator\mod.rs:1742: Phase 1: Filename Matching - START file="C:\\Users\\Mango Cat\\Music\\Aretha Franklin/Knew You Were Waiting\u{f03a} The Best of Aretha Franklin 1980–1998/02 - Love All the Hurt Away.mp3"
2026-02-06T02:59:17.601824Z DEBUG tokio-runtime-worker ThreadId(23) wkmp_ai::services::filename_matcher: wkmp-ai\src\services\filename_matcher.rs:54: Checking if file exists in database path=Aretha Franklin/Knew You Were Waiting The Best of Aretha Franklin 1980–1998/02 - Love All the Hurt Away.mp3 norm_us=6
2026-02-06T02:59:17.602202Z DEBUG tokio-runtime-worker ThreadId(23) wkmp_ai::api::sse: wkmp-ai\src\api\sse.rs:71: SSE: Broadcasting import event: ImportProgressUpdate
2026-02-06T02:59:17.603576Z DEBUG tokio-runtime-worker ThreadId(23) wkmp_ai::api::sse: wkmp-ai\src\api\sse.rs:71: SSE: Broadcasting import event: ImportProgressUpdate
2026-02-06T02:59:17.603866Z DEBUG tokio-runtime-worker ThreadId(23) wkmp_ai::api::sse: wkmp-ai\src\api\sse.rs:71: SSE: Broadcasting import event: ImportProgressUpdate
2026-02-06T02:59:17.605272Z DEBUG tokio-runtime-worker ThreadId(23) wkmp_ai::api::sse: wkmp-ai\src\api\sse.rs:71: SSE: Broadcasting import event: ImportProgressUpdate
2026-02-06T02:59:17.605602Z DEBUG tokio-runtime-worker ThreadId(23) wkmp_ai::api::sse: wkmp-ai\src\api\sse.rs:71: SSE: Broadcasting import event: ImportProgressUpdate
2026-02-06T02:59:17.606425Z DEBUG tokio-runtime-worker ThreadId(23) wkmp_ai::api::sse: wkmp-ai\src\api\sse.rs:71: SSE: Broadcasting import event: ImportProgressUpdate
2026-02-06T02:59:17.606896Z DEBUG tokio-runtime-worker ThreadId(23) wkmp_ai::api::sse: wkmp-ai\src\api\sse.rs:71: SSE: Broadcasting import event: ImportProgressUpdate
2026-02-06T02:59:17.608254Z DEBUG tokio-runtime-worker ThreadId(23) wkmp_ai::api::sse: wkmp-ai\src\api\sse.rs:71: SSE: Broadcasting import event: ImportProgressUpdate
2026-02-06T02:59:17.608532Z DEBUG tokio-runtime-worker ThreadId(23) wkmp_ai::api::sse: wkmp-ai\src\api\sse.rs:71: SSE: Broadcasting import event: ImportProgressUpdate
2026-02-06T02:59:17.609861Z DEBUG tokio-runtime-worker ThreadId(23) wkmp_ai::api::sse: wkmp-ai\src\api\sse.rs:71: SSE: Broadcasting import event: ImportProgressUpdate
2026-02-06T02:59:17.610150Z DEBUG tokio-runtime-worker ThreadId(23) wkmp_ai::api::sse: wkmp-ai\src\api\sse.rs:71: SSE: Broadcasting import event: ImportProgressUpdate
2026-02-06T02:59:17.611467Z DEBUG tokio-runtime-worker ThreadId(23) wkmp_ai::api::sse: wkmp-ai\src\api\sse.rs:71: SSE: Broadcasting import event: ImportProgressUpdate
2026-02-06T02:59:17.612025Z DEBUG tokio-runtime-worker ThreadId(23) wkmp_ai::services::filename_matcher: wkmp-ai\src\services\filename_matcher.rs:65: Database query completed path=Apple, Fiona/Tidal/(Fiona_Apple)Tidal-10-Carrion.mp3 query_us=11477
2026-02-06T02:59:17.612198Z DEBUG tokio-runtime-worker ThreadId(23) wkmp_ai::services::filename_matcher: wkmp-ai\src\services\filename_matcher.rs:81: File already processed (INGEST COMPLETE) path=Apple, Fiona/Tidal/(Fiona_Apple)Tidal-10-Carrion.mp3 guid=e9089392-b36e-411b-9a8c-9b50766c1085
2026-02-06T02:59:17.612477Z  INFO tokio-runtime-worker ThreadId(23) wkmp_ai::services::workflow_orchestrator: wkmp-ai\src\services\workflow_orchestrator\mod.rs:1756: Phase 1 completed phase="Filename Matching" duration_ms=12 path_us=2 db_ms=12 file_index=94
2026-02-06T02:59:17.612703Z  INFO tokio-runtime-worker ThreadId(23) wkmp_ai::services::workflow_orchestrator: wkmp-ai\src\services\workflow_orchestrator\mod.rs:1770: File already processed (INGEST COMPLETE/NO AUDIO/DUPLICATE HASH), skipping all remaining phases file="C:\\Users\\Mango Cat\\Music\\Apple, Fiona/Tidal/(Fiona_Apple)Tidal-10-Carrion.mp3" file_id=e9089392-b36e-411b-9a8c-9b50766c1085
2026-02-06T02:59:17.612909Z DEBUG tokio-runtime-worker ThreadId(23) wkmp_ai::services::workflow_orchestrator: wkmp-ai\src\services\workflow_orchestrator\mod.rs:2936: File processing complete session_id=e6293ba0-b57f-441f-a6ea-884d33b9111b file_index=94 file=Apple, Fiona/Tidal/(Fiona_Apple)Tidal-10-Carrion.mp3
2026-02-06T02:59:17.613171Z DEBUG tokio-runtime-worker ThreadId(23) wkmp_ai::services::workflow_orchestrator: wkmp-ai\src\services\workflow_orchestrator\mod.rs:1438: Acquiring all statistics Mutex locks for SSE conversion
2026-02-06T02:59:17.613450Z DEBUG tokio-runtime-worker ThreadId(23) wkmp_ai::services::workflow_orchestrator: wkmp-ai\src\services\workflow_orchestrator\mod.rs:1467: All statistics Mutex locks acquired and data cloned
2026-02-06T02:59:17.613685Z DEBUG tokio-runtime-worker ThreadId(23) wkmp_ai::services::workflow_orchestrator: wkmp-ai\src\services\workflow_orchestrator\mod.rs:1577: Releasing all statistics Mutex locks for SSE conversion
2026-02-06T02:59:17.613906Z DEBUG tokio-runtime-worker ThreadId(23) wkmp_ai::services::filename_matcher: wkmp-ai\src\services\filename_matcher.rs:65: Database query completed path=Aretha Franklin/Knew You Were Waiting The Best of Aretha Franklin 1980–1998/01 - United Together (single version).mp3 query_us=12627
2026-02-06T02:59:17.614051Z DEBUG tokio-runtime-worker ThreadId(23) wkmp_ai::services::filename_matcher: wkmp-ai\src\services\filename_matcher.rs:81: File already processed (INGEST COMPLETE) path=Aretha Franklin/Knew You Were Waiting The Best of Aretha Franklin 1980–1998/01 - United Together (single version).mp3 guid=b0a01a6f-12aa-4087-b2e5-95793ed0da93
2026-02-06T02:59:17.614226Z  INFO tokio-runtime-worker ThreadId(23) wkmp_ai::services::workflow_orchestrator: wkmp-ai\src\services\workflow_orchestrator\mod.rs:1756: Phase 1 completed phase="Filename Matching" duration_ms=13 path_us=1 db_ms=13 file_index=95
2026-02-06T02:59:17.614358Z  INFO tokio-runtime-worker ThreadId(23) wkmp_ai::services::workflow_orchestrator: wkmp-ai\src\services\workflow_orchestrator\mod.rs:1770: File already processed (INGEST COMPLETE/NO AUDIO/DUPLICATE HASH), skipping all remaining phases file="C:\\Users\\Mango Cat\\Music\\Aretha Franklin/Knew You Were Waiting\u{f03a} The Best of Aretha Franklin 1980–1998/01 - United Together (single version).mp3" file_id=b0a01a6f-12aa-4087-b2e5-95793ed0da93
2026-02-06T02:59:17.614559Z DEBUG tokio-runtime-worker ThreadId(23) wkmp_ai::services::workflow_orchestrator: wkmp-ai\src\services\workflow_orchestrator\mod.rs:2936: File processing complete session_id=e6293ba0-b57f-441f-a6ea-884d33b9111b file_index=95 file=Aretha Franklin/Knew You Were Waiting The Best of Aretha Franklin 1980–1998/01 - United Together (single version).mp3
2026-02-06T02:59:17.614727Z DEBUG tokio-runtime-worker ThreadId(23) wkmp_ai::services::workflow_orchestrator: wkmp-ai\src\services\workflow_orchestrator\mod.rs:1438: Acquiring all statistics Mutex locks for SSE conversion
2026-02-06T02:59:17.614844Z DEBUG tokio-runtime-worker ThreadId(23) wkmp_ai::services::workflow_orchestrator: wkmp-ai\src\services\workflow_orchestrator\mod.rs:1467: All statistics Mutex locks acquired and data cloned
2026-02-06T02:59:17.615059Z DEBUG tokio-runtime-worker ThreadId(23) wkmp_ai::services::workflow_orchestrator: wkmp-ai\src\services\workflow_orchestrator\mod.rs:1577: Releasing all statistics Mutex locks for SSE conversion
2026-02-06T02:59:17.615247Z DEBUG tokio-runtime-worker ThreadId(23) wkmp_ai::services::filename_matcher: wkmp-ai\src\services\filename_matcher.rs:65: Database query completed path=Aretha Franklin/Knew You Were Waiting The Best of Aretha Franklin 1980–1998/02 - Love All the Hurt Away.mp3 query_us=13273
2026-02-06T02:59:17.615379Z DEBUG tokio-runtime-worker ThreadId(23) wkmp_ai::services::filename_matcher: wkmp-ai\src\services\filename_matcher.rs:81: File already processed (INGEST COMPLETE) path=Aretha Franklin/Knew You Were Waiting The Best of Aretha Franklin 1980–1998/02 - Love All the Hurt Away.mp3 guid=2062ef41-9589-4ae1-b192-80dfac9ab310
2026-02-06T02:59:17.615547Z  INFO tokio-runtime-worker ThreadId(23) wkmp_ai::services::workflow_orchestrator: wkmp-ai\src\services\workflow_orchestrator\mod.rs:1756: Phase 1 completed phase="Filename Matching" duration_ms=13 path_us=1 db_ms=13 file_index=96
2026-02-06T02:59:17.615706Z  INFO tokio-runtime-worker ThreadId(23) wkmp_ai::services::workflow_orchestrator: wkmp-ai\src\services\workflow_orchestrator\mod.rs:1770: File already processed (INGEST COMPLETE/NO AUDIO/DUPLICATE HASH), skipping all remaining phases file="C:\\Users\\Mango Cat\\Music\\Aretha Franklin/Knew You Were Waiting\u{f03a} The Best of Aretha Franklin 1980–1998/02 - Love All the Hurt Away.mp3" file_id=2062ef41-9589-4ae1-b192-80dfac9ab310
2026-02-06T02:59:17.615889Z DEBUG tokio-runtime-worker ThreadId(23) wkmp_ai::services::workflow_orchestrator: wkmp-ai\src\services\workflow_orchestrator\mod.rs:2936: File processing complete session_id=e6293ba0-b57f-441f-a6ea-884d33b9111b file_index=96 file=Aretha Franklin/Knew You Were Waiting The Best of Aretha Franklin 1980–1998/02 - Love All the Hurt Away.mp3
2026-02-06T02:59:17.616066Z DEBUG tokio-runtime-worker ThreadId(23) wkmp_ai::services::workflow_orchestrator: wkmp-ai\src\services\workflow_orchestrator\mod.rs:1438: Acquiring all statistics Mutex locks for SSE conversion
2026-02-06T02:59:17.616180Z DEBUG tokio-runtime-worker ThreadId(23) wkmp_ai::services::workflow_orchestrator: wkmp-ai\src\services\workflow_orchestrator\mod.rs:1467: All statistics Mutex locks acquired and data cloned
2026-02-06T02:59:17.616393Z DEBUG tokio-runtime-worker ThreadId(23) wkmp_ai::services::workflow_orchestrator: wkmp-ai\src\services\workflow_orchestrator\mod.rs:1577: Releasing all statistics Mutex locks for SSE conversion
2026-02-06T02:59:17.616562Z DEBUG tokio-runtime-worker ThreadId(23) wkmp_ai::services::workflow_orchestrator: wkmp-ai\src\services\workflow_orchestrator\mod.rs:3118: Starting per-file pipeline file_index=97 file_id=6948a174-c014-4eb8-8c5b-e7458ea8ff42 file=Aretha Franklin/Knew You Were Waiting The Best of Aretha Franklin 1980–1998/03 - Jump to It (original radio mix).mp3
2026-02-06T02:59:17.616695Z  INFO tokio-runtime-worker ThreadId(23) wkmp_ai::services::workflow_orchestrator: wkmp-ai\src\services\workflow_orchestrator\mod.rs:1733: Starting PLAN024 10-phase per-file pipeline (late audio decode) file="C:\\Users\\Mango Cat\\Music\\Aretha Franklin/Knew You Were Waiting\u{f03a} The Best of Aretha Franklin 1980–1998/03 - Jump to It (original radio mix).mp3"
2026-02-06T02:59:17.616839Z DEBUG tokio-runtime-worker ThreadId(23) wkmp_ai::services::workflow_orchestrator: wkmp-ai\src\services\workflow_orchestrator\mod.rs:1742: Phase 1: Filename Matching - START file="C:\\Users\\Mango Cat\\Music\\Aretha Franklin/Knew You Were Waiting\u{f03a} The Best of Aretha Franklin 1980–1998/03 - Jump to It (original radio mix).mp3"
2026-02-06T02:59:17.616987Z DEBUG tokio-runtime-worker ThreadId(23) wkmp_ai::services::filename_matcher: wkmp-ai\src\services\filename_matcher.rs:54: Checking if file exists in database path=Aretha Franklin/Knew You Were Waiting The Best of Aretha Franklin 1980–1998/03 - Jump to It (original radio mix).mp3 norm_us=9
2026-02-06T02:59:17.617188Z DEBUG tokio-runtime-worker ThreadId(23) wkmp_ai::services::workflow_orchestrator: wkmp-ai\src\services\workflow_orchestrator\mod.rs:3118: Starting per-file pipeline file_index=98 file_id=d13df405-aac5-47eb-b0c4-d7062c825ac8 file=Aretha Franklin/Knew You Were Waiting The Best of Aretha Franklin 1980–1998/04 - Get It Right.mp3
2026-02-06T02:59:17.617368Z  INFO tokio-runtime-worker ThreadId(23) wkmp_ai::services::workflow_orchestrator: wkmp-ai\src\services\workflow_orchestrator\mod.rs:1733: Starting PLAN024 10-phase per-file pipeline (late audio decode) file="C:\\Users\\Mango Cat\\Music\\Aretha Franklin/Knew You Were Waiting\u{f03a} The Best of Aretha Franklin 1980–1998/04 - Get It Right.mp3"
2026-02-06T02:59:17.617550Z DEBUG tokio-runtime-worker ThreadId(23) wkmp_ai::services::workflow_orchestrator: wkmp-ai\src\services\workflow_orchestrator\mod.rs:1742: Phase 1: Filename Matching - START file="C:\\Users\\Mango Cat\\Music\\Aretha Franklin/Knew You Were Waiting\u{f03a} The Best of Aretha Franklin 1980–1998/04 - Get It Right.mp3"
2026-02-06T02:59:17.617713Z DEBUG tokio-runtime-worker ThreadId(23) wkmp_ai::services::filename_matcher: wkmp-ai\src\services\filename_matcher.rs:54: Checking if file exists in database path=Aretha Franklin/Knew You Were Waiting The Best of Aretha Franklin 1980–1998/04 - Get It Right.mp3 norm_us=7
2026-02-06T02:59:17.617910Z DEBUG tokio-runtime-worker ThreadId(23) wkmp_ai::services::workflow_orchestrator: wkmp-ai\src\services\workflow_orchestrator\mod.rs:3118: Starting per-file pipeline file_index=99 file_id=671a9b8f-e24d-43eb-989d-491c2c6522e3 file=Aretha Franklin/Knew You Were Waiting The Best of Aretha Franklin 1980–1998/05 - Freeway of Love (single version).mp3
2026-02-06T02:59:17.618065Z  INFO tokio-runtime-worker ThreadId(23) wkmp_ai::services::workflow_orchestrator: wkmp-ai\src\services\workflow_orchestrator\mod.rs:1733: Starting PLAN024 10-phase per-file pipeline (late audio decode) file="C:\\Users\\Mango Cat\\Music\\Aretha Franklin/Knew You Were Waiting\u{f03a} The Best of Aretha Franklin 1980–1998/05 - Freeway of Love (single version).mp3"
2026-02-06T02:59:17.618214Z DEBUG tokio-runtime-worker ThreadId(23) wkmp_ai::services::workflow_orchestrator: wkmp-ai\src\services\workflow_orchestrator\mod.rs:1742: Phase 1: Filename Matching - START file="C:\\Users\\Mango Cat\\Music\\Aretha Franklin/Knew You Were Waiting\u{f03a} The Best of Aretha Franklin 1980–1998/05 - Freeway of Love (single version).mp3"
2026-02-06T02:59:17.618355Z DEBUG tokio-runtime-worker ThreadId(23) wkmp_ai::services::filename_matcher: wkmp-ai\src\services\filename_matcher.rs:54: Checking if file exists in database path=Aretha Franklin/Knew You Were Waiting The Best of Aretha Franklin 1980–1998/05 - Freeway of Love (single version).mp3 norm_us=7
2026-02-06T02:59:17.618716Z DEBUG tokio-runtime-worker ThreadId(23) wkmp_ai::api::sse: wkmp-ai\src\api\sse.rs:71: SSE: Broadcasting import event: ImportProgressUpdate
2026-02-06T02:59:17.620133Z DEBUG tokio-runtime-worker ThreadId(23) wkmp_ai::api::sse: wkmp-ai\src\api\sse.rs:71: SSE: Broadcasting import event: ImportProgressUpdate
2026-02-06T02:59:17.620418Z DEBUG tokio-runtime-worker ThreadId(23) wkmp_ai::api::sse: wkmp-ai\src\api\sse.rs:71: SSE: Broadcasting import event: ImportProgressUpdate
2026-02-06T02:59:17.621751Z DEBUG tokio-runtime-worker ThreadId(23) wkmp_ai::api::sse: wkmp-ai\src\api\sse.rs:71: SSE: Broadcasting import event: ImportProgressUpdate
2026-02-06T02:59:17.622054Z DEBUG tokio-runtime-worker ThreadId(23) wkmp_ai::api::sse: wkmp-ai\src\api\sse.rs:71: SSE: Broadcasting import event: ImportProgressUpdate
2026-02-06T02:59:17.623450Z DEBUG tokio-runtime-worker ThreadId(23) wkmp_ai::api::sse: wkmp-ai\src\api\sse.rs:71: SSE: Broadcasting import event: ImportProgressUpdate
2026-02-06T02:59:17.623851Z DEBUG tokio-runtime-worker ThreadId(23) wkmp_ai::api::sse: wkmp-ai\src\api\sse.rs:71: SSE: Broadcasting import event: ImportProgressUpdate
2026-02-06T02:59:17.625377Z DEBUG tokio-runtime-worker ThreadId(23) wkmp_ai::api::sse: wkmp-ai\src\api\sse.rs:71: SSE: Broadcasting import event: ImportProgressUpdate
2026-02-06T02:59:17.625700Z DEBUG tokio-runtime-worker ThreadId(23) wkmp_ai::api::sse: wkmp-ai\src\api\sse.rs:71: SSE: Broadcasting import event: ImportProgressUpdate
2026-02-06T02:59:17.627098Z DEBUG tokio-runtime-worker ThreadId(23) wkmp_ai::api::sse: wkmp-ai\src\api\sse.rs:71: SSE: Broadcasting import event: ImportProgressUpdate
2026-02-06T02:59:17.627449Z DEBUG tokio-runtime-worker ThreadId(23) wkmp_ai::api::sse: wkmp-ai\src\api\sse.rs:71: SSE: Broadcasting import event: ImportProgressUpdate
2026-02-06T02:59:17.628846Z DEBUG tokio-runtime-worker ThreadId(23) wkmp_ai::api::sse: wkmp-ai\src\api\sse.rs:71: SSE: Broadcasting import event: ImportProgressUpdate
2026-02-06T02:59:17.629375Z DEBUG tokio-runtime-worker ThreadId(23) wkmp_ai::services::filename_matcher: wkmp-ai\src\services\filename_matcher.rs:65: Database query completed path=Aretha Franklin/Knew You Were Waiting The Best of Aretha Franklin 1980–1998/03 - Jump to It (original radio mix).mp3 query_us=12217
2026-02-06T02:59:17.629564Z DEBUG tokio-runtime-worker ThreadId(23) wkmp_ai::services::filename_matcher: wkmp-ai\src\services\filename_matcher.rs:81: File already processed (INGEST COMPLETE) path=Aretha Franklin/Knew You Were Waiting The Best of Aretha Franklin 1980–1998/03 - Jump to It (original radio mix).mp3 guid=6948a174-c014-4eb8-8c5b-e7458ea8ff42
2026-02-06T02:59:17.629736Z  INFO tokio-runtime-worker ThreadId(23) wkmp_ai::services::workflow_orchestrator: wkmp-ai\src\services\workflow_orchestrator\mod.rs:1756: Phase 1 completed phase="Filename Matching" duration_ms=12 path_us=1 db_ms=12 file_index=97
2026-02-06T02:59:17.629899Z  INFO tokio-runtime-worker ThreadId(23) wkmp_ai::services::workflow_orchestrator: wkmp-ai\src\services\workflow_orchestrator\mod.rs:1770: File already processed (INGEST COMPLETE/NO AUDIO/DUPLICATE HASH), skipping all remaining phases file="C:\\Users\\Mango Cat\\Music\\Aretha Franklin/Knew You Were Waiting\u{f03a} The Best of Aretha Franklin 1980–1998/03 - Jump to It (original radio mix).mp3" file_id=6948a174-c014-4eb8-8c5b-e7458ea8ff42
2026-02-06T02:59:17.630092Z DEBUG tokio-runtime-worker ThreadId(23) wkmp_ai::services::workflow_orchestrator: wkmp-ai\src\services\workflow_orchestrator\mod.rs:2936: File processing complete session_id=e6293ba0-b57f-441f-a6ea-884d33b9111b file_index=97 file=Aretha Franklin/Knew You Were Waiting The Best of Aretha Franklin 1980–1998/03 - Jump to It (original radio mix).mp3
2026-02-06T02:59:17.630282Z DEBUG tokio-runtime-worker ThreadId(23) wkmp_ai::services::workflow_orchestrator: wkmp-ai\src\services\workflow_orchestrator\mod.rs:1438: Acquiring all statistics Mutex locks for SSE conversion
2026-02-06T02:59:17.630438Z DEBUG tokio-runtime-worker ThreadId(23) wkmp_ai::services::workflow_orchestrator: wkmp-ai\src\services\workflow_orchestrator\mod.rs:1467: All statistics Mutex locks acquired and data cloned
2026-02-06T02:59:17.630681Z DEBUG tokio-runtime-worker ThreadId(23) wkmp_ai::services::workflow_orchestrator: wkmp-ai\src\services\workflow_orchestrator\mod.rs:1577: Releasing all statistics Mutex locks for SSE conversion
2026-02-06T02:59:17.630893Z DEBUG tokio-runtime-worker ThreadId(23) wkmp_ai::services::filename_matcher: wkmp-ai\src\services\filename_matcher.rs:65: Database query completed path=Aretha Franklin/Knew You Were Waiting The Best of Aretha Franklin 1980–1998/05 - Freeway of Love (single version).mp3 query_us=12366
2026-02-06T02:59:17.631069Z DEBUG tokio-runtime-worker ThreadId(23) wkmp_ai::services::filename_matcher: wkmp-ai\src\services\filename_matcher.rs:81: File already processed (INGEST COMPLETE) path=Aretha Franklin/Knew You Were Waiting The Best of Aretha Franklin 1980–1998/05 - Freeway of Love (single version).mp3 guid=671a9b8f-e24d-43eb-989d-491c2c6522e3
2026-02-06T02:59:17.631224Z  INFO tokio-runtime-worker ThreadId(23) wkmp_ai::services::workflow_orchestrator: wkmp-ai\src\services\workflow_orchestrator\mod.rs:1756: Phase 1 completed phase="Filename Matching" duration_ms=13 path_us=1 db_ms=12 file_index=99
2026-02-06T02:59:17.631395Z  INFO tokio-runtime-worker ThreadId(23) wkmp_ai::services::workflow_orchestrator: wkmp-ai\src\services\workflow_orchestrator\mod.rs:1770: File already processed (INGEST COMPLETE/NO AUDIO/DUPLICATE HASH), skipping all remaining phases file="C:\\Users\\Mango Cat\\Music\\Aretha Franklin/Knew You Were Waiting\u{f03a} The Best of Aretha Franklin 1980–1998/05 - Freeway of Love (single version).mp3" file_id=671a9b8f-e24d-43eb-989d-491c2c6522e3
2026-02-06T02:59:17.631580Z DEBUG tokio-runtime-worker ThreadId(23) wkmp_ai::services::workflow_orchestrator: wkmp-ai\src\services\workflow_orchestrator\mod.rs:2936: File processing complete session_id=e6293ba0-b57f-441f-a6ea-884d33b9111b file_index=99 file=Aretha Franklin/Knew You Were Waiting The Best of Aretha Franklin 1980–1998/05 - Freeway of Love (single version).mp3
2026-02-06T02:59:17.639551Z DEBUG tokio-runtime-worker ThreadId(23) wkmp_ai::services::workflow_orchestrator: wkmp-ai\src\services\workflow_orchestrator\mod.rs:1438: Acquiring all statistics Mutex locks for SSE conversion
2026-02-06T02:59:17.639748Z DEBUG tokio-runtime-worker ThreadId(23) wkmp_ai::services::workflow_orchestrator: wkmp-ai\src\services\workflow_orchestrator\mod.rs:1467: All statistics Mutex locks acquired and data cloned
2026-02-06T02:59:17.640080Z DEBUG tokio-runtime-worker ThreadId(23) wkmp_ai::services::workflow_orchestrator: wkmp-ai\src\services\workflow_orchestrator\mod.rs:1577: Releasing all statistics Mutex locks for SSE conversion
2026-02-06T02:59:17.640383Z DEBUG tokio-runtime-worker ThreadId(23) wkmp_ai::services::filename_matcher: wkmp-ai\src\services\filename_matcher.rs:65: Database query completed path=Aretha Franklin/Knew You Were Waiting The Best of Aretha Franklin 1980–1998/04 - Get It Right.mp3 query_us=22509
2026-02-06T02:59:17.640645Z DEBUG tokio-runtime-worker ThreadId(23) wkmp_ai::services::filename_matcher: wkmp-ai\src\services\filename_matcher.rs:81: File already processed (INGEST COMPLETE) path=Aretha Franklin/Knew You Were Waiting The Best of Aretha Franklin 1980–1998/04 - Get It Right.mp3 guid=d13df405-aac5-47eb-b0c4-d7062c825ac8
2026-02-06T02:59:17.640805Z  INFO tokio-runtime-worker ThreadId(23) wkmp_ai::services::workflow_orchestrator: wkmp-ai\src\services\workflow_orchestrator\mod.rs:1756: Phase 1 completed phase="Filename Matching" duration_ms=23 path_us=2 db_ms=23 file_index=98
2026-02-06T02:59:17.641093Z  INFO tokio-runtime-worker ThreadId(23) wkmp_ai::services::workflow_orchestrator: wkmp-ai\src\services\workflow_orchestrator\mod.rs:1770: File already processed (INGEST COMPLETE/NO AUDIO/DUPLICATE HASH), skipping all remaining phases file="C:\\Users\\Mango Cat\\Music\\Aretha Franklin/Knew You Were Waiting\u{f03a} The Best of Aretha Franklin 1980–1998/04 - Get It Right.mp3" file_id=d13df405-aac5-47eb-b0c4-d7062c825ac8
2026-02-06T02:59:17.641343Z DEBUG tokio-runtime-worker ThreadId(23) wkmp_ai::services::workflow_orchestrator: wkmp-ai\src\services\workflow_orchestrator\mod.rs:2936: File processing complete session_id=e6293ba0-b57f-441f-a6ea-884d33b9111b file_index=98 file=Aretha Franklin/Knew You Were Waiting The Best of Aretha Franklin 1980–1998/04 - Get It Right.mp3
2026-02-06T02:59:17.641588Z DEBUG tokio-runtime-worker ThreadId(23) wkmp_ai::services::workflow_orchestrator: wkmp-ai\src\services\workflow_orchestrator\mod.rs:1438: Acquiring all statistics Mutex locks for SSE conversion
2026-02-06T02:59:17.641773Z DEBUG tokio-runtime-worker ThreadId(23) wkmp_ai::services::workflow_orchestrator: wkmp-ai\src\services\workflow_orchestrator\mod.rs:1467: All statistics Mutex locks acquired and data cloned
2026-02-06T02:59:17.642006Z DEBUG tokio-runtime-worker ThreadId(23) wkmp_ai::services::workflow_orchestrator: wkmp-ai\src\services\workflow_orchestrator\mod.rs:1577: Releasing all statistics Mutex locks for SSE conversion
2026-02-06T02:59:17.642169Z DEBUG tokio-runtime-worker ThreadId(23) wkmp_ai::services::workflow_orchestrator: wkmp-ai\src\services\workflow_orchestrator\mod.rs:3118: Starting per-file pipeline file_index=100 file_id=3018fc32-3091-4e8f-b38e-e9504217036a file=Aretha Franklin/Knew You Were Waiting The Best of Aretha Franklin 1980–1998/06 - Who's Zoomin' Who (single version).mp3
2026-02-06T02:59:17.642440Z  INFO tokio-runtime-worker ThreadId(23) wkmp_ai::services::workflow_orchestrator: wkmp-ai\src\services\workflow_orchestrator\mod.rs:1733: Starting PLAN024 10-phase per-file pipeline (late audio decode) file="C:\\Users\\Mango Cat\\Music\\Aretha Franklin/Knew You Were Waiting\u{f03a} The Best of Aretha Franklin 1980–1998/06 - Who\'s Zoomin\' Who (single version).mp3"
2026-02-06T02:59:17.642625Z DEBUG tokio-runtime-worker ThreadId(23) wkmp_ai::services::workflow_orchestrator: wkmp-ai\src\services\workflow_orchestrator\mod.rs:1742: Phase 1: Filename Matching - START file="C:\\Users\\Mango Cat\\Music\\Aretha Franklin/Knew You Were Waiting\u{f03a} The Best of Aretha Franklin 1980–1998/06 - Who\'s Zoomin\' Who (single version).mp3"
2026-02-06T02:59:17.642794Z DEBUG tokio-runtime-worker ThreadId(23) wkmp_ai::services::filename_matcher: wkmp-ai\src\services\filename_matcher.rs:54: Checking if file exists in database path=Aretha Franklin/Knew You Were Waiting The Best of Aretha Franklin 1980–1998/06 - Who's Zoomin' Who (single version).mp3 norm_us=11
2026-02-06T02:59:17.643021Z DEBUG tokio-runtime-worker ThreadId(23) wkmp_ai::services::workflow_orchestrator: wkmp-ai\src\services\workflow_orchestrator\mod.rs:3118: Starting per-file pipeline file_index=101 file_id=7cea5828-ce98-4e6c-86cd-f1c31ab2d082 file=Aretha Franklin/Knew You Were Waiting The Best of Aretha Franklin 1980–1998/07 - Sisters Are Doin' It for Themselves.mp3
2026-02-06T02:59:17.643199Z  INFO tokio-runtime-worker ThreadId(23) wkmp_ai::services::workflow_orchestrator: wkmp-ai\src\services\workflow_orchestrator\mod.rs:1733: Starting PLAN024 10-phase per-file pipeline (late audio decode) file="C:\\Users\\Mango Cat\\Music\\Aretha Franklin/Knew You Were Waiting\u{f03a} The Best of Aretha Franklin 1980–1998/07 - Sisters Are Doin\' It for Themselves.mp3"
2026-02-06T02:59:17.643368Z DEBUG tokio-runtime-worker ThreadId(23) wkmp_ai::services::workflow_orchestrator: wkmp-ai\src\services\workflow_orchestrator\mod.rs:1742: Phase 1: Filename Matching - START file="C:\\Users\\Mango Cat\\Music\\Aretha Franklin/Knew You Were Waiting\u{f03a} The Best of Aretha Franklin 1980–1998/07 - Sisters Are Doin\' It for Themselves.mp3"
2026-02-06T02:59:17.643527Z DEBUG tokio-runtime-worker ThreadId(23) wkmp_ai::services::filename_matcher: wkmp-ai\src\services\filename_matcher.rs:54: Checking if file exists in database path=Aretha Franklin/Knew You Were Waiting The Best of Aretha Franklin 1980–1998/07 - Sisters Are Doin' It for Themselves.mp3 norm_us=7
2026-02-06T02:59:17.643724Z DEBUG tokio-runtime-worker ThreadId(23) wkmp_ai::services::workflow_orchestrator: wkmp-ai\src\services\workflow_orchestrator\mod.rs:3118: Starting per-file pipeline file_index=102 file_id=bd9f86ce-6ee4-43ec-8bce-f1f65f2a088e file=Aretha Franklin/Knew You Were Waiting The Best of Aretha Franklin 1980–1998/08 - Another Night (single mix).mp3
2026-02-06T02:59:17.643891Z  INFO tokio-runtime-worker ThreadId(23) wkmp_ai::services::workflow_orchestrator: wkmp-ai\src\services\workflow_orchestrator\mod.rs:1733: Starting PLAN024 10-phase per-file pipeline (late audio decode) file="C:\\Users\\Mango Cat\\Music\\Aretha Franklin/Knew You Were Waiting\u{f03a} The Best of Aretha Franklin 1980–1998/08 - Another Night (single mix).mp3"
2026-02-06T02:59:17.644056Z DEBUG tokio-runtime-worker ThreadId(23) wkmp_ai::services::workflow_orchestrator: wkmp-ai\src\services\workflow_orchestrator\mod.rs:1742: Phase 1: Filename Matching - START file="C:\\Users\\Mango Cat\\Music\\Aretha Franklin/Knew You Were Waiting\u{f03a} The Best of Aretha Franklin 1980–1998/08 - Another Night (single mix).mp3"
2026-02-06T02:59:17.644214Z DEBUG tokio-runtime-worker ThreadId(23) wkmp_ai::services::filename_matcher: wkmp-ai\src\services\filename_matcher.rs:54: Checking if file exists in database path=Aretha Franklin/Knew You Were Waiting The Best of Aretha Franklin 1980–1998/08 - Another Night (single mix).mp3 norm_us=7
2026-02-06T02:59:17.644637Z DEBUG tokio-runtime-worker ThreadId(23) wkmp_ai::api::sse: wkmp-ai\src\api\sse.rs:71: SSE: Broadcasting import event: ImportProgressUpdate
2026-02-06T02:59:17.646178Z DEBUG tokio-runtime-worker ThreadId(23) wkmp_ai::api::sse: wkmp-ai\src\api\sse.rs:71: SSE: Broadcasting import event: ImportProgressUpdate
2026-02-06T02:59:17.646535Z DEBUG tokio-runtime-worker ThreadId(23) wkmp_ai::api::sse: wkmp-ai\src\api\sse.rs:71: SSE: Broadcasting import event: ImportProgressUpdate
2026-02-06T02:59:17.647953Z DEBUG tokio-runtime-worker ThreadId(23) wkmp_ai::api::sse: wkmp-ai\src\api\sse.rs:71: SSE: Broadcasting import event: ImportProgressUpdate
2026-02-06T02:59:17.648245Z DEBUG tokio-runtime-worker ThreadId(23) wkmp_ai::api::sse: wkmp-ai\src\api\sse.rs:71: SSE: Broadcasting import event: ImportProgressUpdate
2026-02-06T02:59:17.649651Z DEBUG tokio-runtime-worker ThreadId(23) wkmp_ai::api::sse: wkmp-ai\src\api\sse.rs:71: SSE: Broadcasting import event: ImportProgressUpdate
2026-02-06T02:59:17.650163Z DEBUG tokio-runtime-worker ThreadId(23) wkmp_ai::api::sse: wkmp-ai\src\api\sse.rs:71: SSE: Broadcasting import event: ImportProgressUpdate
2026-02-06T02:59:17.651643Z DEBUG tokio-runtime-worker ThreadId(23) wkmp_ai::api::sse: wkmp-ai\src\api\sse.rs:71: SSE: Broadcasting import event: ImportProgressUpdate
2026-02-06T02:59:17.651953Z DEBUG tokio-runtime-worker ThreadId(23) wkmp_ai::api::sse: wkmp-ai\src\api\sse.rs:71: SSE: Broadcasting import event: ImportProgressUpdate
2026-02-06T02:59:17.653373Z DEBUG tokio-runtime-worker ThreadId(23) wkmp_ai::api::sse: wkmp-ai\src\api\sse.rs:71: SSE: Broadcasting import event: ImportProgressUpdate
2026-02-06T02:59:17.653666Z DEBUG tokio-runtime-worker ThreadId(23) wkmp_ai::api::sse: wkmp-ai\src\api\sse.rs:71: SSE: Broadcasting import event: ImportProgressUpdate
2026-02-06T02:59:17.655070Z DEBUG tokio-runtime-worker ThreadId(23) wkmp_ai::api::sse: wkmp-ai\src\api\sse.rs:71: SSE: Broadcasting import event: ImportProgressUpdate
2026-02-06T02:59:17.655538Z DEBUG tokio-runtime-worker ThreadId(23) wkmp_ai::services::filename_matcher: wkmp-ai\src\services\filename_matcher.rs:65: Database query completed path=Aretha Franklin/Knew You Were Waiting The Best of Aretha Franklin 1980–1998/06 - Who's Zoomin' Who (single version).mp3 query_us=12590
2026-02-06T02:59:17.655687Z DEBUG tokio-runtime-worker ThreadId(23) wkmp_ai::services::filename_matcher: wkmp-ai\src\services\filename_matcher.rs:81: File already processed (INGEST COMPLETE) path=Aretha Franklin/Knew You Were Waiting The Best of Aretha Franklin 1980–1998/06 - Who's Zoomin' Who (single version).mp3 guid=3018fc32-3091-4e8f-b38e-e9504217036a
2026-02-06T02:59:17.655904Z  INFO tokio-runtime-worker ThreadId(23) wkmp_ai::services::workflow_orchestrator: wkmp-ai\src\services\workflow_orchestrator\mod.rs:1756: Phase 1 completed phase="Filename Matching" duration_ms=13 path_us=1 db_ms=13 file_index=100
2026-02-06T02:59:17.656064Z  INFO tokio-runtime-worker ThreadId(23) wkmp_ai::services::workflow_orchestrator: wkmp-ai\src\services\workflow_orchestrator\mod.rs:1770: File already processed (INGEST COMPLETE/NO AUDIO/DUPLICATE HASH), skipping all remaining phases file="C:\\Users\\Mango Cat\\Music\\Aretha Franklin/Knew You Were Waiting\u{f03a} The Best of Aretha Franklin 1980–1998/06 - Who\'s Zoomin\' Who (single version).mp3" file_id=3018fc32-3091-4e8f-b38e-e9504217036a
2026-02-06T02:59:17.656320Z DEBUG tokio-runtime-worker ThreadId(23) wkmp_ai::services::workflow_orchestrator: wkmp-ai\src\services\workflow_orchestrator\mod.rs:2936: File processing complete session_id=e6293ba0-b57f-441f-a6ea-884d33b9111b file_index=100 file=Aretha Franklin/Knew You Were Waiting The Best of Aretha Franklin 1980–1998/06 - Who's Zoomin' Who (single version).mp3
2026-02-06T02:59:17.656510Z DEBUG tokio-runtime-worker ThreadId(23) wkmp_ai::services::workflow_orchestrator: wkmp-ai\src\services\workflow_orchestrator\mod.rs:1438: Acquiring all statistics Mutex locks for SSE conversion
2026-02-06T02:59:17.656703Z DEBUG tokio-runtime-worker ThreadId(23) wkmp_ai::services::workflow_orchestrator: wkmp-ai\src\services\workflow_orchestrator\mod.rs:1467: All statistics Mutex locks acquired and data cloned
2026-02-06T02:59:17.656944Z DEBUG tokio-runtime-worker ThreadId(23) wkmp_ai::services::workflow_orchestrator: wkmp-ai\src\services\workflow_orchestrator\mod.rs:1577: Releasing all statistics Mutex locks for SSE conversion
2026-02-06T02:59:17.657142Z DEBUG tokio-runtime-worker ThreadId(23) wkmp_ai::services::filename_matcher: wkmp-ai\src\services\filename_matcher.rs:65: Database query completed path=Aretha Franklin/Knew You Were Waiting The Best of Aretha Franklin 1980–1998/07 - Sisters Are Doin' It for Themselves.mp3 query_us=13464
2026-02-06T02:59:17.657295Z DEBUG tokio-runtime-worker ThreadId(23) wkmp_ai::services::filename_matcher: wkmp-ai\src\services\filename_matcher.rs:81: File already processed (INGEST COMPLETE) path=Aretha Franklin/Knew You Were Waiting The Best of Aretha Franklin 1980–1998/07 - Sisters Are Doin' It for Themselves.mp3 guid=7cea5828-ce98-4e6c-86cd-f1c31ab2d082
2026-02-06T02:59:17.657448Z  INFO tokio-runtime-worker ThreadId(23) wkmp_ai::services::workflow_orchestrator: wkmp-ai\src\services\workflow_orchestrator\mod.rs:1756: Phase 1 completed phase="Filename Matching" duration_ms=14 path_us=1 db_ms=13 file_index=101
2026-02-06T02:59:17.657609Z  INFO tokio-runtime-worker ThreadId(23) wkmp_ai::services::workflow_orchestrator: wkmp-ai\src\services\workflow_orchestrator\mod.rs:1770: File already processed (INGEST COMPLETE/NO AUDIO/DUPLICATE HASH), skipping all remaining phases file="C:\\Users\\Mango Cat\\Music\\Aretha Franklin/Knew You Were Waiting\u{f03a} The Best of Aretha Franklin 1980–1998/07 - Sisters Are Doin\' It for Themselves.mp3" file_id=7cea5828-ce98-4e6c-86cd-f1c31ab2d082
2026-02-06T02:59:17.657787Z DEBUG tokio-runtime-worker ThreadId(23) wkmp_ai::services::workflow_orchestrator: wkmp-ai\src\services\workflow_orchestrator\mod.rs:2936: File processing complete session_id=e6293ba0-b57f-441f-a6ea-884d33b9111b file_index=101 file=Aretha Franklin/Knew You Were Waiting The Best of Aretha Franklin 1980–1998/07 - Sisters Are Doin' It for Themselves.mp3
2026-02-06T02:59:17.657953Z DEBUG tokio-runtime-worker ThreadId(23) wkmp_ai::services::workflow_orchestrator: wkmp-ai\src\services\workflow_orchestrator\mod.rs:1438: Acquiring all statistics Mutex locks for SSE conversion
2026-02-06T02:59:17.658080Z DEBUG tokio-runtime-worker ThreadId(23) wkmp_ai::services::workflow_orchestrator: wkmp-ai\src\services\workflow_orchestrator\mod.rs:1467: All statistics Mutex locks acquired and data cloned
2026-02-06T02:59:17.658273Z DEBUG tokio-runtime-worker ThreadId(23) wkmp_ai::services::workflow_orchestrator: wkmp-ai\src\services\workflow_orchestrator\mod.rs:1577: Releasing all statistics Mutex locks for SSE conversion
2026-02-06T02:59:17.658438Z DEBUG tokio-runtime-worker ThreadId(23) wkmp_ai::services::filename_matcher: wkmp-ai\src\services\filename_matcher.rs:65: Database query completed path=Aretha Franklin/Knew You Were Waiting The Best of Aretha Franklin 1980–1998/08 - Another Night (single mix).mp3 query_us=14075
2026-02-06T02:59:17.658589Z DEBUG tokio-runtime-worker ThreadId(23) wkmp_ai::services::filename_matcher: wkmp-ai\src\services\filename_matcher.rs:81: File already processed (INGEST COMPLETE) path=Aretha Franklin/Knew You Were Waiting The Best of Aretha Franklin 1980–1998/08 - Another Night (single mix).mp3 guid=bd9f86ce-6ee4-43ec-8bce-f1f65f2a088e
2026-02-06T02:59:17.658726Z  INFO tokio-runtime-worker ThreadId(23) wkmp_ai::services::workflow_orchestrator: wkmp-ai\src\services\workflow_orchestrator\mod.rs:1756: Phase 1 completed phase="Filename Matching" duration_ms=14 path_us=1 db_ms=14 file_index=102
2026-02-06T02:59:17.658872Z  INFO tokio-runtime-worker ThreadId(23) wkmp_ai::services::workflow_orchestrator: wkmp-ai\src\services\workflow_orchestrator\mod.rs:1770: File already processed (INGEST COMPLETE/NO AUDIO/DUPLICATE HASH), skipping all remaining phases file="C:\\Users\\Mango Cat\\Music\\Aretha Franklin/Knew You Were Waiting\u{f03a} The Best of Aretha Franklin 1980–1998/08 - Another Night (single mix).mp3" file_id=bd9f86ce-6ee4-43ec-8bce-f1f65f2a088e
2026-02-06T02:59:17.659035Z DEBUG tokio-runtime-worker ThreadId(23) wkmp_ai::services::workflow_orchestrator: wkmp-ai\src\services\workflow_orchestrator\mod.rs:2936: File processing complete session_id=e6293ba0-b57f-441f-a6ea-884d33b9111b file_index=102 file=Aretha Franklin/Knew You Were Waiting The Best of Aretha Franklin 1980–1998/08 - Another Night (single mix).mp3
2026-02-06T02:59:17.659192Z DEBUG tokio-runtime-worker ThreadId(23) wkmp_ai::services::workflow_orchestrator: wkmp-ai\src\services\workflow_orchestrator\mod.rs:1438: Acquiring all statistics Mutex locks for SSE conversion
2026-02-06T02:59:17.659311Z DEBUG tokio-runtime-worker ThreadId(23) wkmp_ai::services::workflow_orchestrator: wkmp-ai\src\services\workflow_orchestrator\mod.rs:1467: All statistics Mutex locks acquired and data cloned
2026-02-06T02:59:17.659498Z DEBUG tokio-runtime-worker ThreadId(23) wkmp_ai::services::workflow_orchestrator: wkmp-ai\src\services\workflow_orchestrator\mod.rs:1577: Releasing all statistics Mutex locks for SSE conversion
2026-02-06T02:59:17.659634Z DEBUG tokio-runtime-worker ThreadId(23) wkmp_ai::services::workflow_orchestrator: wkmp-ai\src\services\workflow_orchestrator\mod.rs:3118: Starting per-file pipeline file_index=103 file_id=5261fa60-d185-41d9-91fb-3b69feefc4bd file=Aretha Franklin/Knew You Were Waiting The Best of Aretha Franklin 1980–1998/09 - Jumpin' Jack Flash (single version).mp3
2026-02-06T02:59:17.659788Z  INFO tokio-runtime-worker ThreadId(23) wkmp_ai::services::workflow_orchestrator: wkmp-ai\src\services\workflow_orchestrator\mod.rs:1733: Starting PLAN024 10-phase per-file pipeline (late audio decode) file="C:\\Users\\Mango Cat\\Music\\Aretha Franklin/Knew You Were Waiting\u{f03a} The Best of Aretha Franklin 1980–1998/09 - Jumpin\' Jack Flash (single version).mp3"
2026-02-06T02:59:17.659944Z DEBUG tokio-runtime-worker ThreadId(23) wkmp_ai::services::workflow_orchestrator: wkmp-ai\src\services\workflow_orchestrator\mod.rs:1742: Phase 1: Filename Matching - START file="C:\\Users\\Mango Cat\\Music\\Aretha Franklin/Knew You Were Waiting\u{f03a} The Best of Aretha Franklin 1980–1998/09 - Jumpin\' Jack Flash (single version).mp3"
2026-02-06T02:59:17.660092Z DEBUG tokio-runtime-worker ThreadId(23) wkmp_ai::services::filename_matcher: wkmp-ai\src\services\filename_matcher.rs:54: Checking if file exists in database path=Aretha Franklin/Knew You Were Waiting The Best of Aretha Franklin 1980–1998/09 - Jumpin' Jack Flash (single version).mp3 norm_us=11
2026-02-06T02:59:17.660278Z DEBUG tokio-runtime-worker ThreadId(23) wkmp_ai::services::workflow_orchestrator: wkmp-ai\src\services\workflow_orchestrator\mod.rs:3118: Starting per-file pipeline file_index=104 file_id=0930d060-3ddd-4888-870a-4dfcf6448b19 file=Aretha Franklin/Knew You Were Waiting The Best of Aretha Franklin 1980–1998/10 - Jimmy Lee (single version).mp3
2026-02-06T02:59:17.660432Z  INFO tokio-runtime-worker ThreadId(23) wkmp_ai::services::workflow_orchestrator: wkmp-ai\src\services\workflow_orchestrator\mod.rs:1733: Starting PLAN024 10-phase per-file pipeline (late audio decode) file="C:\\Users\\Mango Cat\\Music\\Aretha Franklin/Knew You Were Waiting\u{f03a} The Best of Aretha Franklin 1980–1998/10 - Jimmy Lee (single version).mp3"
2026-02-06T02:59:17.660581Z DEBUG tokio-runtime-worker ThreadId(23) wkmp_ai::services::workflow_orchestrator: wkmp-ai\src\services\workflow_orchestrator\mod.rs:1742: Phase 1: Filename Matching - START file="C:\\Users\\Mango Cat\\Music\\Aretha Franklin/Knew You Were Waiting\u{f03a} The Best of Aretha Franklin 1980–1998/10 - Jimmy Lee (single version).mp3"
2026-02-06T02:59:17.660723Z DEBUG tokio-runtime-worker ThreadId(23) wkmp_ai::services::filename_matcher: wkmp-ai\src\services\filename_matcher.rs:54: Checking if file exists in database path=Aretha Franklin/Knew You Were Waiting The Best of Aretha Franklin 1980–1998/10 - Jimmy Lee (single version).mp3 norm_us=6
2026-02-06T02:59:17.660898Z DEBUG tokio-runtime-worker ThreadId(23) wkmp_ai::services::workflow_orchestrator: wkmp-ai\src\services\workflow_orchestrator\mod.rs:3118: Starting per-file pipeline file_index=105 file_id=d629a234-98cb-4d31-af61-e86c0316f909 file=Aretha Franklin/Knew You Were Waiting The Best of Aretha Franklin 1980–1998/11 - I Knew You Were Waiting (For Me).mp3
2026-02-06T02:59:17.661075Z  INFO tokio-runtime-worker ThreadId(23) wkmp_ai::services::workflow_orchestrator: wkmp-ai\src\services\workflow_orchestrator\mod.rs:1733: Starting PLAN024 10-phase per-file pipeline (late audio decode) file="C:\\Users\\Mango Cat\\Music\\Aretha Franklin/Knew You Were Waiting\u{f03a} The Best of Aretha Franklin 1980–1998/11 - I Knew You Were Waiting (For Me).mp3"
2026-02-06T02:59:17.661235Z DEBUG tokio-runtime-worker ThreadId(23) wkmp_ai::services::workflow_orchestrator: wkmp-ai\src\services\workflow_orchestrator\mod.rs:1742: Phase 1: Filename Matching - START file="C:\\Users\\Mango Cat\\Music\\Aretha Franklin/Knew You Were Waiting\u{f03a} The Best of Aretha Franklin 1980–1998/11 - I Knew You Were Waiting (For Me).mp3"
2026-02-06T02:59:17.661383Z DEBUG tokio-runtime-worker ThreadId(23) wkmp_ai::services::filename_matcher: wkmp-ai\src\services\filename_matcher.rs:54: Checking if file exists in database path=Aretha Franklin/Knew You Were Waiting The Best of Aretha Franklin 1980–1998/11 - I Knew You Were Waiting (For Me).mp3 norm_us=6
2026-02-06T02:59:17.661804Z DEBUG tokio-runtime-worker ThreadId(23) wkmp_ai::api::sse: wkmp-ai\src\api\sse.rs:71: SSE: Broadcasting import event: ImportProgressUpdate
2026-02-06T02:59:17.663370Z DEBUG tokio-runtime-worker ThreadId(23) wkmp_ai::api::sse: wkmp-ai\src\api\sse.rs:71: SSE: Broadcasting import event: ImportProgressUpdate
2026-02-06T02:59:17.663791Z DEBUG tokio-runtime-worker ThreadId(23) wkmp_ai::api::sse: wkmp-ai\src\api\sse.rs:71: SSE: Broadcasting import event: ImportProgressUpdate
2026-02-06T02:59:17.665230Z DEBUG tokio-runtime-worker ThreadId(23) wkmp_ai::api::sse: wkmp-ai\src\api\sse.rs:71: SSE: Broadcasting import event: ImportProgressUpdate
2026-02-06T02:59:17.665618Z DEBUG tokio-runtime-worker ThreadId(23) wkmp_ai::api::sse: wkmp-ai\src\api\sse.rs:71: SSE: Broadcasting import event: ImportProgressUpdate
2026-02-06T02:59:17.667003Z DEBUG tokio-runtime-worker ThreadId(23) wkmp_ai::api::sse: wkmp-ai\src\api\sse.rs:71: SSE: Broadcasting import event: ImportProgressUpdate
2026-02-06T02:59:17.667547Z DEBUG tokio-runtime-worker ThreadId(23) wkmp_ai::api::sse: wkmp-ai\src\api\sse.rs:71: SSE: Broadcasting import event: ImportProgressUpdate
2026-02-06T02:59:17.668979Z DEBUG tokio-runtime-worker ThreadId(23) wkmp_ai::api::sse: wkmp-ai\src\api\sse.rs:71: SSE: Broadcasting import event: ImportProgressUpdate
2026-02-06T02:59:17.669350Z DEBUG tokio-runtime-worker ThreadId(23) wkmp_ai::api::sse: wkmp-ai\src\api\sse.rs:71: SSE: Broadcasting import event: ImportProgressUpdate
2026-02-06T02:59:17.670762Z DEBUG tokio-runtime-worker ThreadId(23) wkmp_ai::api::sse: wkmp-ai\src\api\sse.rs:71: SSE: Broadcasting import event: ImportProgressUpdate
2026-02-06T02:59:17.671125Z DEBUG tokio-runtime-worker ThreadId(23) wkmp_ai::api::sse: wkmp-ai\src\api\sse.rs:71: SSE: Broadcasting import event: ImportProgressUpdate
2026-02-06T02:59:17.672509Z DEBUG tokio-runtime-worker ThreadId(23) wkmp_ai::api::sse: wkmp-ai\src\api\sse.rs:71: SSE: Broadcasting import event: ImportProgressUpdate
2026-02-06T02:59:17.673012Z DEBUG tokio-runtime-worker ThreadId(23) wkmp_ai::services::filename_matcher: wkmp-ai\src\services\filename_matcher.rs:65: Database query completed path=Aretha Franklin/Knew You Were Waiting The Best of Aretha Franklin 1980–1998/09 - Jumpin' Jack Flash (single version).mp3 query_us=12784
2026-02-06T02:59:17.673143Z DEBUG tokio-runtime-worker ThreadId(23) wkmp_ai::services::filename_matcher: wkmp-ai\src\services\filename_matcher.rs:81: File already processed (INGEST COMPLETE) path=Aretha Franklin/Knew You Were Waiting The Best of Aretha Franklin 1980–1998/09 - Jumpin' Jack Flash (single version).mp3 guid=5261fa60-d185-41d9-91fb-3b69feefc4bd
2026-02-06T02:59:17.673412Z  INFO tokio-runtime-worker ThreadId(23) wkmp_ai::services::workflow_orchestrator: wkmp-ai\src\services\workflow_orchestrator\mod.rs:1756: Phase 1 completed phase="Filename Matching" duration_ms=13 path_us=1 db_ms=13 file_index=103
2026-02-06T02:59:17.673533Z  INFO tokio-runtime-worker ThreadId(23) wkmp_ai::services::workflow_orchestrator: wkmp-ai\src\services\workflow_orchestrator\mod.rs:1770: File already processed (INGEST COMPLETE/NO AUDIO/DUPLICATE HASH), skipping all remaining phases file="C:\\Users\\Mango Cat\\Music\\Aretha Franklin/Knew You Were Waiting\u{f03a} The Best of Aretha Franklin 1980–1998/09 - Jumpin\' Jack Flash (single version).mp3" file_id=5261fa60-d185-41d9-91fb-3b69feefc4bd
2026-02-06T02:59:17.673825Z DEBUG tokio-runtime-worker ThreadId(23) wkmp_ai::services::workflow_orchestrator: wkmp-ai\src\services\workflow_orchestrator\mod.rs:2936: File processing complete session_id=e6293ba0-b57f-441f-a6ea-884d33b9111b file_index=103 file=Aretha Franklin/Knew You Were Waiting The Best of Aretha Franklin 1980–1998/09 - Jumpin' Jack Flash (single version).mp3
2026-02-06T02:59:17.674009Z DEBUG tokio-runtime-worker ThreadId(23) wkmp_ai::services::workflow_orchestrator: wkmp-ai\src\services\workflow_orchestrator\mod.rs:1438: Acquiring all statistics Mutex locks for SSE conversion
2026-02-06T02:59:17.674316Z DEBUG tokio-runtime-worker ThreadId(23) wkmp_ai::services::workflow_orchestrator: wkmp-ai\src\services\workflow_orchestrator\mod.rs:1467: All statistics Mutex locks acquired and data cloned
2026-02-06T02:59:17.674541Z DEBUG tokio-runtime-worker ThreadId(23) wkmp_ai::services::workflow_orchestrator: wkmp-ai\src\services\workflow_orchestrator\mod.rs:1577: Releasing all statistics Mutex locks for SSE conversion
2026-02-06T02:59:17.674783Z DEBUG tokio-runtime-worker ThreadId(23) wkmp_ai::services::filename_matcher: wkmp-ai\src\services\filename_matcher.rs:65: Database query completed path=Aretha Franklin/Knew You Were Waiting The Best of Aretha Franklin 1980–1998/10 - Jimmy Lee (single version).mp3 query_us=13928
2026-02-06T02:59:17.674926Z DEBUG tokio-runtime-worker ThreadId(23) wkmp_ai::services::filename_matcher: wkmp-ai\src\services\filename_matcher.rs:81: File already processed (INGEST COMPLETE) path=Aretha Franklin/Knew You Were Waiting The Best of Aretha Franklin 1980–1998/10 - Jimmy Lee (single version).mp3 guid=0930d060-3ddd-4888-870a-4dfcf6448b19
2026-02-06T02:59:17.675150Z  INFO tokio-runtime-worker ThreadId(23) wkmp_ai::services::workflow_orchestrator: wkmp-ai\src\services\workflow_orchestrator\mod.rs:1756: Phase 1 completed phase="Filename Matching" duration_ms=14 path_us=1 db_ms=14 file_index=104
2026-02-06T02:59:17.675262Z  INFO tokio-runtime-worker ThreadId(23) wkmp_ai::services::workflow_orchestrator: wkmp-ai\src\services\workflow_orchestrator\mod.rs:1770: File already processed (INGEST COMPLETE/NO AUDIO/DUPLICATE HASH), skipping all remaining phases file="C:\\Users\\Mango Cat\\Music\\Aretha Franklin/Knew You Were Waiting\u{f03a} The Best of Aretha Franklin 1980–1998/10 - Jimmy Lee (single version).mp3" file_id=0930d060-3ddd-4888-870a-4dfcf6448b19
2026-02-06T02:59:17.675445Z DEBUG tokio-runtime-worker ThreadId(23) wkmp_ai::services::workflow_orchestrator: wkmp-ai\src\services\workflow_orchestrator\mod.rs:2936: File processing complete session_id=e6293ba0-b57f-441f-a6ea-884d33b9111b file_index=104 file=Aretha Franklin/Knew You Were Waiting The Best of Aretha Franklin 1980–1998/10 - Jimmy Lee (single version).mp3
2026-02-06T02:59:17.675574Z DEBUG tokio-runtime-worker ThreadId(23) wkmp_ai::services::workflow_orchestrator: wkmp-ai\src\services\workflow_orchestrator\mod.rs:1438: Acquiring all statistics Mutex locks for SSE conversion
2026-02-06T02:59:17.675701Z DEBUG tokio-runtime-worker ThreadId(23) wkmp_ai::services::workflow_orchestrator: wkmp-ai\src\services\workflow_orchestrator\mod.rs:1467: All statistics Mutex locks acquired and data cloned
2026-02-06T02:59:17.675892Z DEBUG tokio-runtime-worker ThreadId(23) wkmp_ai::services::workflow_orchestrator: wkmp-ai\src\services\workflow_orchestrator\mod.rs:1577: Releasing all statistics Mutex locks for SSE conversion
2026-02-06T02:59:17.676057Z DEBUG tokio-runtime-worker ThreadId(23) wkmp_ai::services::filename_matcher: wkmp-ai\src\services\filename_matcher.rs:65: Database query completed path=Aretha Franklin/Knew You Were Waiting The Best of Aretha Franklin 1980–1998/11 - I Knew You Were Waiting (For Me).mp3 query_us=14540
2026-02-06T02:59:17.676197Z DEBUG tokio-runtime-worker ThreadId(23) wkmp_ai::services::filename_matcher: wkmp-ai\src\services\filename_matcher.rs:81: File already processed (INGEST COMPLETE) path=Aretha Franklin/Knew You Were Waiting The Best of Aretha Franklin 1980–1998/11 - I Knew You Were Waiting (For Me).mp3 guid=d629a234-98cb-4d31-af61-e86c0316f909
2026-02-06T02:59:17.676334Z  INFO tokio-runtime-worker ThreadId(23) wkmp_ai::services::workflow_orchestrator: wkmp-ai\src\services\workflow_orchestrator\mod.rs:1756: Phase 1 completed phase="Filename Matching" duration_ms=15 path_us=1 db_ms=14 file_index=105
2026-02-06T02:59:17.676479Z  INFO tokio-runtime-worker ThreadId(23) wkmp_ai::services::workflow_orchestrator: wkmp-ai\src\services\workflow_orchestrator\mod.rs:1770: File already processed (INGEST COMPLETE/NO AUDIO/DUPLICATE HASH), skipping all remaining phases file="C:\\Users\\Mango Cat\\Music\\Aretha Franklin/Knew You Were Waiting\u{f03a} The Best of Aretha Franklin 1980–1998/11 - I Knew You Were Waiting (For Me).mp3" file_id=d629a234-98cb-4d31-af61-e86c0316f909
2026-02-06T02:59:17.676860Z DEBUG tokio-runtime-worker ThreadId(23) wkmp_ai::services::workflow_orchestrator: wkmp-ai\src\services\workflow_orchestrator\mod.rs:2936: File processing complete session_id=e6293ba0-b57f-441f-a6ea-884d33b9111b file_index=105 file=Aretha Franklin/Knew You Were Waiting The Best of Aretha Franklin 1980–1998/11 - I Knew You Were Waiting (For Me).mp3
2026-02-06T02:59:17.677057Z DEBUG tokio-runtime-worker ThreadId(23) wkmp_ai::services::workflow_orchestrator: wkmp-ai\src\services\workflow_orchestrator\mod.rs:1438: Acquiring all statistics Mutex locks for SSE conversion
2026-02-06T02:59:17.677154Z DEBUG tokio-runtime-worker ThreadId(23) wkmp_ai::services::workflow_orchestrator: wkmp-ai\src\services\workflow_orchestrator\mod.rs:1467: All statistics Mutex locks acquired and data cloned
2026-02-06T02:59:17.677271Z DEBUG tokio-runtime-worker ThreadId(23) wkmp_ai::services::workflow_orchestrator: wkmp-ai\src\services\workflow_orchestrator\mod.rs:1577: Releasing all statistics Mutex locks for SSE conversion
2026-02-06T02:59:17.677706Z DEBUG tokio-runtime-worker ThreadId(23) wkmp_ai::services::workflow_orchestrator: wkmp-ai\src\services\workflow_orchestrator\mod.rs:3118: Starting per-file pipeline file_index=106 file_id=22893bdf-9d78-4f97-b2e9-63924a5914f4 file=Aretha Franklin/Knew You Were Waiting The Best of Aretha Franklin 1980–1998/12 - Through the Storm.mp3
2026-02-06T02:59:17.677809Z  INFO tokio-runtime-worker ThreadId(23) wkmp_ai::services::workflow_orchestrator: wkmp-ai\src\services\workflow_orchestrator\mod.rs:1733: Starting PLAN024 10-phase per-file pipeline (late audio decode) file="C:\\Users\\Mango Cat\\Music\\Aretha Franklin/Knew You Were Waiting\u{f03a} The Best of Aretha Franklin 1980–1998/12 - Through the Storm.mp3"
2026-02-06T02:59:17.677918Z DEBUG tokio-runtime-worker ThreadId(23) wkmp_ai::services::workflow_orchestrator: wkmp-ai\src\services\workflow_orchestrator\mod.rs:1742: Phase 1: Filename Matching - START file="C:\\Users\\Mango Cat\\Music\\Aretha Franklin/Knew You Were Waiting\u{f03a} The Best of Aretha Franklin 1980–1998/12 - Through the Storm.mp3"
2026-02-06T02:59:17.678150Z DEBUG tokio-runtime-worker ThreadId(23) wkmp_ai::services::filename_matcher: wkmp-ai\src\services\filename_matcher.rs:54: Checking if file exists in database path=Aretha Franklin/Knew You Were Waiting The Best of Aretha Franklin 1980–1998/12 - Through the Storm.mp3 norm_us=10
2026-02-06T02:59:17.678321Z DEBUG tokio-runtime-worker ThreadId(23) wkmp_ai::services::workflow_orchestrator: wkmp-ai\src\services\workflow_orchestrator\mod.rs:3118: Starting per-file pipeline file_index=107 file_id=dc2e6117-8163-4516-9b11-bdd4d69e93a7 file=Aretha Franklin/Knew You Were Waiting The Best of Aretha Franklin 1980–1998/13 - It Isn't, It Wasn't, It Ain't Never Gonna Be (single version).mp3
2026-02-06T02:59:17.678849Z  INFO tokio-runtime-worker ThreadId(23) wkmp_ai::services::workflow_orchestrator: wkmp-ai\src\services\workflow_orchestrator\mod.rs:1733: Starting PLAN024 10-phase per-file pipeline (late audio decode) file="C:\\Users\\Mango Cat\\Music\\Aretha Franklin/Knew You Were Waiting\u{f03a} The Best of Aretha Franklin 1980–1998/13 - It Isn\'t, It Wasn\'t, It Ain\'t Never Gonna Be (single version).mp3"
2026-02-06T02:59:17.679134Z DEBUG tokio-runtime-worker ThreadId(23) wkmp_ai::services::workflow_orchestrator: wkmp-ai\src\services\workflow_orchestrator\mod.rs:1742: Phase 1: Filename Matching - START file="C:\\Users\\Mango Cat\\Music\\Aretha Franklin/Knew You Were Waiting\u{f03a} The Best of Aretha Franklin 1980–1998/13 - It Isn\'t, It Wasn\'t, It Ain\'t Never Gonna Be (single version).mp3"
2026-02-06T02:59:17.679266Z DEBUG tokio-runtime-worker ThreadId(23) wkmp_ai::services::filename_matcher: wkmp-ai\src\services\filename_matcher.rs:54: Checking if file exists in database path=Aretha Franklin/Knew You Were Waiting The Best of Aretha Franklin 1980–1998/13 - It Isn't, It Wasn't, It Ain't Never Gonna Be (single version).mp3 norm_us=10
2026-02-06T02:59:17.679533Z DEBUG tokio-runtime-worker ThreadId(23) wkmp_ai::services::workflow_orchestrator: wkmp-ai\src\services\workflow_orchestrator\mod.rs:3118: Starting per-file pipeline file_index=108 file_id=77ba1b0a-0441-4ae6-9f78-d1887bf81008 file=Aretha Franklin/Knew You Were Waiting The Best of Aretha Franklin 1980–1998/14 - Ever Changing Times (single edit).mp3
2026-02-06T02:59:17.679916Z  INFO tokio-runtime-worker ThreadId(23) wkmp_ai::services::workflow_orchestrator: wkmp-ai\src\services\workflow_orchestrator\mod.rs:1733: Starting PLAN024 10-phase per-file pipeline (late audio decode) file="C:\\Users\\Mango Cat\\Music\\Aretha Franklin/Knew You Were Waiting\u{f03a} The Best of Aretha Franklin 1980–1998/14 - Ever Changing Times (single edit).mp3"
2026-02-06T02:59:17.680245Z DEBUG tokio-runtime-worker ThreadId(23) wkmp_ai::services::workflow_orchestrator: wkmp-ai\src\services\workflow_orchestrator\mod.rs:1742: Phase 1: Filename Matching - START file="C:\\Users\\Mango Cat\\Music\\Aretha Franklin/Knew You Were Waiting\u{f03a} The Best of Aretha Franklin 1980–1998/14 - Ever Changing Times (single edit).mp3"
2026-02-06T02:59:17.680465Z DEBUG tokio-runtime-worker ThreadId(23) wkmp_ai::services::filename_matcher: wkmp-ai\src\services\filename_matcher.rs:54: Checking if file exists in database path=Aretha Franklin/Knew You Were Waiting The Best of Aretha Franklin 1980–1998/14 - Ever Changing Times (single edit).mp3 norm_us=13
2026-02-06T02:59:17.681084Z DEBUG tokio-runtime-worker ThreadId(23) wkmp_ai::api::sse: wkmp-ai\src\api\sse.rs:71: SSE: Broadcasting import event: ImportProgressUpdate
2026-02-06T02:59:17.681986Z DEBUG tokio-runtime-worker ThreadId(23) wkmp_ai::api::sse: wkmp-ai\src\api\sse.rs:71: SSE: Broadcasting import event: ImportProgressUpdate
2026-02-06T02:59:17.682213Z DEBUG tokio-runtime-worker ThreadId(23) wkmp_ai::api::sse: wkmp-ai\src\api\sse.rs:71: SSE: Broadcasting import event: ImportProgressUpdate
2026-02-06T02:59:17.682953Z DEBUG tokio-runtime-worker ThreadId(23) wkmp_ai::api::sse: wkmp-ai\src\api\sse.rs:71: SSE: Broadcasting import event: ImportProgressUpdate
2026-02-06T02:59:17.683309Z DEBUG tokio-runtime-worker ThreadId(23) wkmp_ai::api::sse: wkmp-ai\src\api\sse.rs:71: SSE: Broadcasting import event: ImportProgressUpdate
2026-02-06T02:59:17.684058Z DEBUG tokio-runtime-worker ThreadId(23) wkmp_ai::api::sse: wkmp-ai\src\api\sse.rs:71: SSE: Broadcasting import event: ImportProgressUpdate
2026-02-06T02:59:17.684488Z DEBUG tokio-runtime-worker ThreadId(23) wkmp_ai::services::filename_matcher: wkmp-ai\src\services\filename_matcher.rs:65: Database query completed path=Aretha Franklin/Knew You Were Waiting The Best of Aretha Franklin 1980–1998/12 - Through the Storm.mp3 query_us=6216
2026-02-06T02:59:17.684602Z DEBUG tokio-runtime-worker ThreadId(23) wkmp_ai::services::filename_matcher: wkmp-ai\src\services\filename_matcher.rs:81: File already processed (INGEST COMPLETE) path=Aretha Franklin/Knew You Were Waiting The Best of Aretha Franklin 1980–1998/12 - Through the Storm.mp3 guid=22893bdf-9d78-4f97-b2e9-63924a5914f4
2026-02-06T02:59:17.684787Z  INFO tokio-runtime-worker ThreadId(23) wkmp_ai::services::workflow_orchestrator: wkmp-ai\src\services\workflow_orchestrator\mod.rs:1756: Phase 1 completed phase="Filename Matching" duration_ms=6 path_us=2 db_ms=6 file_index=106
2026-02-06T02:59:17.685069Z  INFO tokio-runtime-worker ThreadId(23) wkmp_ai::services::workflow_orchestrator: wkmp-ai\src\services\workflow_orchestrator\mod.rs:1770: File already processed (INGEST COMPLETE/NO AUDIO/DUPLICATE HASH), skipping all remaining phases file="C:\\Users\\Mango Cat\\Music\\Aretha Franklin/Knew You Were Waiting\u{f03a} The Best of Aretha Franklin 1980–1998/12 - Through the Storm.mp3" file_id=22893bdf-9d78-4f97-b2e9-63924a5914f4
2026-02-06T02:59:17.685234Z DEBUG tokio-runtime-worker ThreadId(23) wkmp_ai::services::workflow_orchestrator: wkmp-ai\src\services\workflow_orchestrator\mod.rs:2936: File processing complete session_id=e6293ba0-b57f-441f-a6ea-884d33b9111b file_index=106 file=Aretha Franklin/Knew You Were Waiting The Best of Aretha Franklin 1980–1998/12 - Through the Storm.mp3
2026-02-06T02:59:17.685345Z DEBUG tokio-runtime-worker ThreadId(23) wkmp_ai::services::workflow_orchestrator: wkmp-ai\src\services\workflow_orchestrator\mod.rs:1438: Acquiring all statistics Mutex locks for SSE conversion
2026-02-06T02:59:17.685418Z DEBUG tokio-runtime-worker ThreadId(23) wkmp_ai::services::workflow_orchestrator: wkmp-ai\src\services\workflow_orchestrator\mod.rs:1467: All statistics Mutex locks acquired and data cloned
2026-02-06T02:59:17.685539Z DEBUG tokio-runtime-worker ThreadId(23) wkmp_ai::services::workflow_orchestrator: wkmp-ai\src\services\workflow_orchestrator\mod.rs:1577: Releasing all statistics Mutex locks for SSE conversion
2026-02-06T02:59:17.685648Z DEBUG tokio-runtime-worker ThreadId(23) wkmp_ai::services::filename_matcher: wkmp-ai\src\services\filename_matcher.rs:65: Database query completed path=Aretha Franklin/Knew You Were Waiting The Best of Aretha Franklin 1980–1998/13 - It Isn't, It Wasn't, It Ain't Never Gonna Be (single version).mp3 query_us=6174
2026-02-06T02:59:17.685732Z DEBUG tokio-runtime-worker ThreadId(23) wkmp_ai::services::filename_matcher: wkmp-ai\src\services\filename_matcher.rs:81: File already processed (INGEST COMPLETE) path=Aretha Franklin/Knew You Were Waiting The Best of Aretha Franklin 1980–1998/13 - It Isn't, It Wasn't, It Ain't Never Gonna Be (single version).mp3 guid=dc2e6117-8163-4516-9b11-bdd4d69e93a7
2026-02-06T02:59:17.685814Z  INFO tokio-runtime-worker ThreadId(23) wkmp_ai::services::workflow_orchestrator: wkmp-ai\src\services\workflow_orchestrator\mod.rs:1756: Phase 1 completed phase="Filename Matching" duration_ms=6 path_us=2 db_ms=6 file_index=107
2026-02-06T02:59:17.685903Z  INFO tokio-runtime-worker ThreadId(23) wkmp_ai::services::workflow_orchestrator: wkmp-ai\src\services\workflow_orchestrator\mod.rs:1770: File already processed (INGEST COMPLETE/NO AUDIO/DUPLICATE HASH), skipping all remaining phases file="C:\\Users\\Mango Cat\\Music\\Aretha Franklin/Knew You Were Waiting\u{f03a} The Best of Aretha Franklin 1980–1998/13 - It Isn\'t, It Wasn\'t, It Ain\'t Never Gonna Be (single version).mp3" file_id=dc2e6117-8163-4516-9b11-bdd4d69e93a7
2026-02-06T02:59:17.686005Z DEBUG tokio-runtime-worker ThreadId(23) wkmp_ai::services::workflow_orchestrator: wkmp-ai\src\services\workflow_orchestrator\mod.rs:2936: File processing complete session_id=e6293ba0-b57f-441f-a6ea-884d33b9111b file_index=107 file=Aretha Franklin/Knew You Were Waiting The Best of Aretha Franklin 1980–1998/13 - It Isn't, It Wasn't, It Ain't Never Gonna Be (single version).mp3
2026-02-06T02:59:17.686096Z DEBUG tokio-runtime-worker ThreadId(23) wkmp_ai::services::workflow_orchestrator: wkmp-ai\src\services\workflow_orchestrator\mod.rs:1438: Acquiring all statistics Mutex locks for SSE conversion
2026-02-06T02:59:17.686164Z DEBUG tokio-runtime-worker ThreadId(23) wkmp_ai::services::workflow_orchestrator: wkmp-ai\src\services\workflow_orchestrator\mod.rs:1467: All statistics Mutex locks acquired and data cloned
2026-02-06T02:59:17.686278Z DEBUG tokio-runtime-worker ThreadId(23) wkmp_ai::services::workflow_orchestrator: wkmp-ai\src\services\workflow_orchestrator\mod.rs:1577: Releasing all statistics Mutex locks for SSE conversion
2026-02-06T02:59:17.686367Z DEBUG tokio-runtime-worker ThreadId(23) wkmp_ai::services::filename_matcher: wkmp-ai\src\services\filename_matcher.rs:65: Database query completed path=Aretha Franklin/Knew You Were Waiting The Best of Aretha Franklin 1980–1998/14 - Ever Changing Times (single edit).mp3 query_us=5710
2026-02-06T02:59:17.686448Z DEBUG tokio-runtime-worker ThreadId(23) wkmp_ai::services::filename_matcher: wkmp-ai\src\services\filename_matcher.rs:81: File already processed (INGEST COMPLETE) path=Aretha Franklin/Knew You Were Waiting The Best of Aretha Franklin 1980–1998/14 - Ever Changing Times (single edit).mp3 guid=77ba1b0a-0441-4ae6-9f78-d1887bf81008
2026-02-06T02:59:17.686617Z  INFO tokio-runtime-worker ThreadId(23) wkmp_ai::services::workflow_orchestrator: wkmp-ai\src\services\workflow_orchestrator\mod.rs:1756: Phase 1 completed phase="Filename Matching" duration_ms=6 path_us=2 db_ms=6 file_index=108
2026-02-06T02:59:17.686790Z  INFO tokio-runtime-worker ThreadId(23) wkmp_ai::services::workflow_orchestrator: wkmp-ai\src\services\workflow_orchestrator\mod.rs:1770: File already processed (INGEST COMPLETE/NO AUDIO/DUPLICATE HASH), skipping all remaining phases file="C:\\Users\\Mango Cat\\Music\\Aretha Franklin/Knew You Were Waiting\u{f03a} The Best of Aretha Franklin 1980–1998/14 - Ever Changing Times (single edit).mp3" file_id=77ba1b0a-0441-4ae6-9f78-d1887bf81008
2026-02-06T02:59:17.687002Z DEBUG tokio-runtime-worker ThreadId(23) wkmp_ai::services::workflow_orchestrator: wkmp-ai\src\services\workflow_orchestrator\mod.rs:2936: File processing complete session_id=e6293ba0-b57f-441f-a6ea-884d33b9111b file_index=108 file=Aretha Franklin/Knew You Were Waiting The Best of Aretha Franklin 1980–1998/14 - Ever Changing Times (single edit).mp3
2026-02-06T02:59:17.687289Z DEBUG tokio-runtime-worker ThreadId(23) wkmp_ai::api::sse: wkmp-ai\src\api\sse.rs:71: SSE: Broadcasting import event: ImportProgressUpdate
2026-02-06T02:59:17.688842Z DEBUG tokio-runtime-worker ThreadId(23) wkmp_ai::api::sse: wkmp-ai\src\api\sse.rs:71: SSE: Broadcasting import event: ImportProgressUpdate
2026-02-06T02:59:17.689110Z DEBUG tokio-runtime-worker ThreadId(23) wkmp_ai::api::sse: wkmp-ai\src\api\sse.rs:71: SSE: Broadcasting import event: ImportProgressUpdate
2026-02-06T02:59:17.689975Z DEBUG tokio-runtime-worker ThreadId(23) wkmp_ai::api::sse: wkmp-ai\src\api\sse.rs:71: SSE: Broadcasting import event: ImportProgressUpdate
2026-02-06T02:59:17.690278Z DEBUG tokio-runtime-worker ThreadId(23) wkmp_ai::api::sse: wkmp-ai\src\api\sse.rs:71: SSE: Broadcasting import event: ImportProgressUpdate
2026-02-06T02:59:17.758614Z DEBUG tokio-runtime-worker ThreadId(23) wkmp_ai::services::progress_manager: wkmp-ai\src\services\progress_manager.rs:521: Progress synced to database session_id=e6293ba0-b57f-441f-a6ea-884d33b9111b
2026-02-06T02:59:17.765502Z DEBUG tokio-runtime-worker ThreadId(23) wkmp_ai::services::workflow_orchestrator: wkmp-ai\src\services\workflow_orchestrator\mod.rs:1438: Acquiring all statistics Mutex locks for SSE conversion
2026-02-06T02:59:17.765694Z DEBUG tokio-runtime-worker ThreadId(23) wkmp_ai::services::workflow_orchestrator: wkmp-ai\src\services\workflow_orchestrator\mod.rs:1467: All statistics Mutex locks acquired and data cloned
2026-02-06T02:59:17.766066Z DEBUG tokio-runtime-worker ThreadId(23) wkmp_ai::services::workflow_orchestrator: wkmp-ai\src\services\workflow_orchestrator\mod.rs:1577: Releasing all statistics Mutex locks for SSE conversion
2026-02-06T02:59:17.766263Z DEBUG tokio-runtime-worker ThreadId(23) wkmp_ai::services::workflow_orchestrator: wkmp-ai\src\services\workflow_orchestrator\mod.rs:3118: Starting per-file pipeline file_index=109 file_id=6d2273c2-c9ab-4392-9442-ce9c3fa0525e file=Aretha Franklin/Knew You Were Waiting The Best of Aretha Franklin 1980–1998/15 - Willing to Forgive.mp3
2026-02-06T02:59:17.766438Z  INFO tokio-runtime-worker ThreadId(23) wkmp_ai::services::workflow_orchestrator: wkmp-ai\src\services\workflow_orchestrator\mod.rs:1733: Starting PLAN024 10-phase per-file pipeline (late audio decode) file="C:\\Users\\Mango Cat\\Music\\Aretha Franklin/Knew You Were Waiting\u{f03a} The Best of Aretha Franklin 1980–1998/15 - Willing to Forgive.mp3"
2026-02-06T02:59:17.766787Z DEBUG tokio-runtime-worker ThreadId(23) wkmp_ai::services::workflow_orchestrator: wkmp-ai\src\services\workflow_orchestrator\mod.rs:1742: Phase 1: Filename Matching - START file="C:\\Users\\Mango Cat\\Music\\Aretha Franklin/Knew You Were Waiting\u{f03a} The Best of Aretha Franklin 1980–1998/15 - Willing to Forgive.mp3"
2026-02-06T02:59:17.767309Z DEBUG tokio-runtime-worker ThreadId(23) wkmp_ai::services::filename_matcher: wkmp-ai\src\services\filename_matcher.rs:54: Checking if file exists in database path=Aretha Franklin/Knew You Were Waiting The Best of Aretha Franklin 1980–1998/15 - Willing to Forgive.mp3 norm_us=10
2026-02-06T02:59:17.767870Z DEBUG tokio-runtime-worker ThreadId(23) wkmp_ai::services::workflow_orchestrator: wkmp-ai\src\services\workflow_orchestrator\mod.rs:3118: Starting per-file pipeline file_index=110 file_id=a4e6104a-7bc2-4ea9-a0e1-149492a3b2b2 file=Aretha Franklin/Knew You Were Waiting The Best of Aretha Franklin 1980–1998/16 - A Rose Is Still a Rose (original radio edit).mp3
2026-02-06T02:59:17.768363Z  INFO tokio-runtime-worker ThreadId(23) wkmp_ai::services::workflow_orchestrator: wkmp-ai\src\services\workflow_orchestrator\mod.rs:1733: Starting PLAN024 10-phase per-file pipeline (late audio decode) file="C:\\Users\\Mango Cat\\Music\\Aretha Franklin/Knew You Were Waiting\u{f03a} The Best of Aretha Franklin 1980–1998/16 - A Rose Is Still a Rose (original radio edit).mp3"
2026-02-06T02:59:17.768916Z DEBUG tokio-runtime-worker ThreadId(23) wkmp_ai::services::workflow_orchestrator: wkmp-ai\src\services\workflow_orchestrator\mod.rs:1742: Phase 1: Filename Matching - START file="C:\\Users\\Mango Cat\\Music\\Aretha Franklin/Knew You Were Waiting\u{f03a} The Best of Aretha Franklin 1980–1998/16 - A Rose Is Still a Rose (original radio edit).mp3"
2026-02-06T02:59:17.769385Z DEBUG tokio-runtime-worker ThreadId(23) wkmp_ai::services::filename_matcher: wkmp-ai\src\services\filename_matcher.rs:54: Checking if file exists in database path=Aretha Franklin/Knew You Were Waiting The Best of Aretha Franklin 1980–1998/16 - A Rose Is Still a Rose (original radio edit).mp3 norm_us=8
2026-02-06T02:59:17.769877Z DEBUG tokio-runtime-worker ThreadId(23) wkmp_ai::services::workflow_orchestrator: wkmp-ai\src\services\workflow_orchestrator\mod.rs:3118: Starting per-file pipeline file_index=111 file_id=e68016e6-cfdc-4a60-abf7-927998c14b89 file=Aretha Franklin/The Atlantic Singles Collection 1967–1970/101 - I Never Loved a Man (The Way I Love You).mp3
2026-02-06T02:59:17.770304Z  INFO tokio-runtime-worker ThreadId(23) wkmp_ai::services::workflow_orchestrator: wkmp-ai\src\services\workflow_orchestrator\mod.rs:1733: Starting PLAN024 10-phase per-file pipeline (late audio decode) file="C:\\Users\\Mango Cat\\Music\\Aretha Franklin/The Atlantic Singles Collection 1967–1970/101 - I Never Loved a Man (The Way I Love You).mp3"
2026-02-06T02:59:17.770564Z DEBUG tokio-runtime-worker ThreadId(23) wkmp_ai::services::workflow_orchestrator: wkmp-ai\src\services\workflow_orchestrator\mod.rs:1742: Phase 1: Filename Matching - START file="C:\\Users\\Mango Cat\\Music\\Aretha Franklin/The Atlantic Singles Collection 1967–1970/101 - I Never Loved a Man (The Way I Love You).mp3"
2026-02-06T02:59:17.770793Z DEBUG tokio-runtime-worker ThreadId(23) wkmp_ai::services::filename_matcher: wkmp-ai\src\services\filename_matcher.rs:54: Checking if file exists in database path=Aretha Franklin/The Atlantic Singles Collection 1967–1970/101 - I Never Loved a Man (The Way I Love You).mp3 norm_us=8
2026-02-06T02:59:17.771826Z DEBUG tokio-runtime-worker ThreadId(23) wkmp_ai::api::sse: wkmp-ai\src\api\sse.rs:71: SSE: Broadcasting import event: ImportProgressUpdate
2026-02-06T02:59:17.772307Z DEBUG tokio-runtime-worker ThreadId(23) wkmp_ai::services::filename_matcher: wkmp-ai\src\services\filename_matcher.rs:65: Database query completed path=Aretha Franklin/Knew You Were Waiting The Best of Aretha Franklin 1980–1998/15 - Willing to Forgive.mp3 query_us=4507
2026-02-06T02:59:17.772526Z DEBUG tokio-runtime-worker ThreadId(23) wkmp_ai::services::filename_matcher: wkmp-ai\src\services\filename_matcher.rs:81: File already processed (INGEST COMPLETE) path=Aretha Franklin/Knew You Were Waiting The Best of Aretha Franklin 1980–1998/15 - Willing to Forgive.mp3 guid=6d2273c2-c9ab-4392-9442-ce9c3fa0525e
2026-02-06T02:59:17.772764Z  INFO tokio-runtime-worker ThreadId(23) wkmp_ai::services::workflow_orchestrator: wkmp-ai\src\services\workflow_orchestrator\mod.rs:1756: Phase 1 completed phase="Filename Matching" duration_ms=5 path_us=2 db_ms=5 file_index=109
2026-02-06T02:59:17.773033Z  INFO tokio-runtime-worker ThreadId(23) wkmp_ai::services::workflow_orchestrator: wkmp-ai\src\services\workflow_orchestrator\mod.rs:1770: File already processed (INGEST COMPLETE/NO AUDIO/DUPLICATE HASH), skipping all remaining phases file="C:\\Users\\Mango Cat\\Music\\Aretha Franklin/Knew You Were Waiting\u{f03a} The Best of Aretha Franklin 1980–1998/15 - Willing to Forgive.mp3" file_id=6d2273c2-c9ab-4392-9442-ce9c3fa0525e
2026-02-06T02:59:17.773446Z DEBUG tokio-runtime-worker ThreadId(23) wkmp_ai::services::workflow_orchestrator: wkmp-ai\src\services\workflow_orchestrator\mod.rs:2936: File processing complete session_id=e6293ba0-b57f-441f-a6ea-884d33b9111b file_index=109 file=Aretha Franklin/Knew You Were Waiting The Best of Aretha Franklin 1980–1998/15 - Willing to Forgive.mp3
2026-02-06T02:59:17.773643Z DEBUG tokio-runtime-worker ThreadId(23) wkmp_ai::services::workflow_orchestrator: wkmp-ai\src\services\workflow_orchestrator\mod.rs:1438: Acquiring all statistics Mutex locks for SSE conversion
2026-02-06T02:59:17.773784Z DEBUG tokio-runtime-worker ThreadId(23) wkmp_ai::services::workflow_orchestrator: wkmp-ai\src\services\workflow_orchestrator\mod.rs:1467: All statistics Mutex locks acquired and data cloned
2026-02-06T02:59:17.773966Z DEBUG tokio-runtime-worker ThreadId(23) wkmp_ai::services::workflow_orchestrator: wkmp-ai\src\services\workflow_orchestrator\mod.rs:1577: Releasing all statistics Mutex locks for SSE conversion
2026-02-06T02:59:17.774134Z DEBUG tokio-runtime-worker ThreadId(23) wkmp_ai::services::filename_matcher: wkmp-ai\src\services\filename_matcher.rs:65: Database query completed path=Aretha Franklin/The Atlantic Singles Collection 1967–1970/101 - I Never Loved a Man (The Way I Love You).mp3 query_us=3125
2026-02-06T02:59:17.774287Z DEBUG tokio-runtime-worker ThreadId(23) wkmp_ai::services::filename_matcher: wkmp-ai\src\services\filename_matcher.rs:81: File already processed (INGEST COMPLETE) path=Aretha Franklin/The Atlantic Singles Collection 1967–1970/101 - I Never Loved a Man (The Way I Love You).mp3 guid=e68016e6-cfdc-4a60-abf7-927998c14b89
2026-02-06T02:59:17.774435Z  INFO tokio-runtime-worker ThreadId(23) wkmp_ai::services::workflow_orchestrator: wkmp-ai\src\services\workflow_orchestrator\mod.rs:1756: Phase 1 completed phase="Filename Matching" duration_ms=3 path_us=1 db_ms=3 file_index=111
2026-02-06T02:59:17.774575Z  INFO tokio-runtime-worker ThreadId(23) wkmp_ai::services::workflow_orchestrator: wkmp-ai\src\services\workflow_orchestrator\mod.rs:1770: File already processed (INGEST COMPLETE/NO AUDIO/DUPLICATE HASH), skipping all remaining phases file="C:\\Users\\Mango Cat\\Music\\Aretha Franklin/The Atlantic Singles Collection 1967–1970/101 - I Never Loved a Man (The Way I Love You).mp3" file_id=e68016e6-cfdc-4a60-abf7-927998c14b89
2026-02-06T02:59:17.774743Z DEBUG tokio-runtime-worker ThreadId(23) wkmp_ai::services::workflow_orchestrator: wkmp-ai\src\services\workflow_orchestrator\mod.rs:2936: File processing complete session_id=e6293ba0-b57f-441f-a6ea-884d33b9111b file_index=111 file=Aretha Franklin/The Atlantic Singles Collection 1967–1970/101 - I Never Loved a Man (The Way I Love You).mp3
2026-02-06T02:59:17.774883Z DEBUG tokio-runtime-worker ThreadId(23) wkmp_ai::services::workflow_orchestrator: wkmp-ai\src\services\workflow_orchestrator\mod.rs:1438: Acquiring all statistics Mutex locks for SSE conversion
2026-02-06T02:59:17.775010Z DEBUG tokio-runtime-worker ThreadId(23) wkmp_ai::services::workflow_orchestrator: wkmp-ai\src\services\workflow_orchestrator\mod.rs:1467: All statistics Mutex locks acquired and data cloned
2026-02-06T02:59:17.775166Z DEBUG tokio-runtime-worker ThreadId(23) wkmp_ai::services::workflow_orchestrator: wkmp-ai\src\services\workflow_orchestrator\mod.rs:1577: Releasing all statistics Mutex locks for SSE conversion
2026-02-06T02:59:17.775322Z DEBUG tokio-runtime-worker ThreadId(23) wkmp_ai::services::filename_matcher: wkmp-ai\src\services\filename_matcher.rs:65: Database query completed path=Aretha Franklin/Knew You Were Waiting The Best of Aretha Franklin 1980–1998/16 - A Rose Is Still a Rose (original radio edit).mp3 query_us=5494
2026-02-06T02:59:17.775472Z DEBUG tokio-runtime-worker ThreadId(23) wkmp_ai::services::filename_matcher: wkmp-ai\src\services\filename_matcher.rs:81: File already processed (INGEST COMPLETE) path=Aretha Franklin/Knew You Were Waiting The Best of Aretha Franklin 1980–1998/16 - A Rose Is Still a Rose (original radio edit).mp3 guid=a4e6104a-7bc2-4ea9-a0e1-149492a3b2b2
2026-02-06T02:59:17.775605Z  INFO tokio-runtime-worker ThreadId(23) wkmp_ai::services::workflow_orchestrator: wkmp-ai\src\services\workflow_orchestrator\mod.rs:1756: Phase 1 completed phase="Filename Matching" duration_ms=6 path_us=1 db_ms=6 file_index=110
2026-02-06T02:59:17.775757Z  INFO tokio-runtime-worker ThreadId(23) wkmp_ai::services::workflow_orchestrator: wkmp-ai\src\services\workflow_orchestrator\mod.rs:1770: File already processed (INGEST COMPLETE/NO AUDIO/DUPLICATE HASH), skipping all remaining phases file="C:\\Users\\Mango Cat\\Music\\Aretha Franklin/Knew You Were Waiting\u{f03a} The Best of Aretha Franklin 1980–1998/16 - A Rose Is Still a Rose (original radio edit).mp3" file_id=a4e6104a-7bc2-4ea9-a0e1-149492a3b2b2
2026-02-06T02:59:17.775925Z DEBUG tokio-runtime-worker ThreadId(23) wkmp_ai::services::workflow_orchestrator: wkmp-ai\src\services\workflow_orchestrator\mod.rs:2936: File processing complete session_id=e6293ba0-b57f-441f-a6ea-884d33b9111b file_index=110 file=Aretha Franklin/Knew You Were Waiting The Best of Aretha Franklin 1980–1998/16 - A Rose Is Still a Rose (original radio edit).mp3
2026-02-06T02:59:17.776083Z DEBUG tokio-runtime-worker ThreadId(23) wkmp_ai::services::workflow_orchestrator: wkmp-ai\src\services\workflow_orchestrator\mod.rs:1438: Acquiring all statistics Mutex locks for SSE conversion
2026-02-06T02:59:17.776209Z DEBUG tokio-runtime-worker ThreadId(23) wkmp_ai::services::workflow_orchestrator: wkmp-ai\src\services\workflow_orchestrator\mod.rs:1467: All statistics Mutex locks acquired and data cloned
2026-02-06T02:59:17.776383Z DEBUG tokio-runtime-worker ThreadId(23) wkmp_ai::services::workflow_orchestrator: wkmp-ai\src\services\workflow_orchestrator\mod.rs:1577: Releasing all statistics Mutex locks for SSE conversion
2026-02-06T02:59:17.776524Z DEBUG tokio-runtime-worker ThreadId(23) wkmp_ai::services::workflow_orchestrator: wkmp-ai\src\services\workflow_orchestrator\mod.rs:3118: Starting per-file pipeline file_index=112 file_id=8228f49c-acc0-4be5-9156-b382aba02b5a file=Aretha Franklin/The Atlantic Singles Collection 1967–1970/102 - Do Right Woman – Do Right Man.mp3
2026-02-06T02:59:17.776688Z  INFO tokio-runtime-worker ThreadId(23) wkmp_ai::services::workflow_orchestrator: wkmp-ai\src\services\workflow_orchestrator\mod.rs:1733: Starting PLAN024 10-phase per-file pipeline (late audio decode) file="C:\\Users\\Mango Cat\\Music\\Aretha Franklin/The Atlantic Singles Collection 1967–1970/102 - Do Right Woman – Do Right Man.mp3"
2026-02-06T02:59:17.776849Z DEBUG tokio-runtime-worker ThreadId(23) wkmp_ai::services::workflow_orchestrator: wkmp-ai\src\services\workflow_orchestrator\mod.rs:1742: Phase 1: Filename Matching - START file="C:\\Users\\Mango Cat\\Music\\Aretha Franklin/The Atlantic Singles Collection 1967–1970/102 - Do Right Woman – Do Right Man.mp3"
2026-02-06T02:59:17.776997Z DEBUG tokio-runtime-worker ThreadId(23) wkmp_ai::services::filename_matcher: wkmp-ai\src\services\filename_matcher.rs:54: Checking if file exists in database path=Aretha Franklin/The Atlantic Singles Collection 1967–1970/102 - Do Right Woman – Do Right Man.mp3 norm_us=5
2026-02-06T02:59:17.777173Z DEBUG tokio-runtime-worker ThreadId(23) wkmp_ai::services::workflow_orchestrator: wkmp-ai\src\services\workflow_orchestrator\mod.rs:3118: Starting per-file pipeline file_index=113 file_id=d05de94c-c08a-41e6-98e8-679177a24b6e file=Aretha Franklin/The Atlantic Singles Collection 1967–1970/103 - Respect (mono version).mp3
2026-02-06T02:59:17.777343Z  INFO tokio-runtime-worker ThreadId(23) wkmp_ai::services::workflow_orchestrator: wkmp-ai\src\services\workflow_orchestrator\mod.rs:1733: Starting PLAN024 10-phase per-file pipeline (late audio decode) file="C:\\Users\\Mango Cat\\Music\\Aretha Franklin/The Atlantic Singles Collection 1967–1970/103 - Respect (mono version).mp3"
2026-02-06T02:59:17.777544Z DEBUG tokio-runtime-worker ThreadId(23) wkmp_ai::services::workflow_orchestrator: wkmp-ai\src\services\workflow_orchestrator\mod.rs:1742: Phase 1: Filename Matching - START file="C:\\Users\\Mango Cat\\Music\\Aretha Franklin/The Atlantic Singles Collection 1967–1970/103 - Respect (mono version).mp3"
2026-02-06T02:59:17.777806Z DEBUG tokio-runtime-worker ThreadId(23) wkmp_ai::services::filename_matcher: wkmp-ai\src\services\filename_matcher.rs:54: Checking if file exists in database path=Aretha Franklin/The Atlantic Singles Collection 1967–1970/103 - Respect (mono version).mp3 norm_us=7
2026-02-06T02:59:17.778064Z DEBUG tokio-runtime-worker ThreadId(23) wkmp_ai::services::workflow_orchestrator: wkmp-ai\src\services\workflow_orchestrator\mod.rs:3118: Starting per-file pipeline file_index=114 file_id=340145ba-705b-4ae2-babd-2e81e848b564 file=Aretha Franklin/The Atlantic Singles Collection 1967–1970/104 - Dr. Feelgood (Love Is Serious Business).mp3
2026-02-06T02:59:17.778342Z  INFO tokio-runtime-worker ThreadId(23) wkmp_ai::services::workflow_orchestrator: wkmp-ai\src\services\workflow_orchestrator\mod.rs:1733: Starting PLAN024 10-phase per-file pipeline (late audio decode) file="C:\\Users\\Mango Cat\\Music\\Aretha Franklin/The Atlantic Singles Collection 1967–1970/104 - Dr. Feelgood (Love Is Serious Business).mp3"
2026-02-06T02:59:17.778786Z DEBUG tokio-runtime-worker ThreadId(23) wkmp_ai::services::workflow_orchestrator: wkmp-ai\src\services\workflow_orchestrator\mod.rs:1742: Phase 1: Filename Matching - START file="C:\\Users\\Mango Cat\\Music\\Aretha Franklin/The Atlantic Singles Collection 1967–1970/104 - Dr. Feelgood (Love Is Serious Business).mp3"
2026-02-06T02:59:17.779007Z DEBUG tokio-runtime-worker ThreadId(23) wkmp_ai::services::filename_matcher: wkmp-ai\src\services\filename_matcher.rs:54: Checking if file exists in database path=Aretha Franklin/The Atlantic Singles Collection 1967–1970/104 - Dr. Feelgood (Love Is Serious Business).mp3 norm_us=6
2026-02-06T02:59:17.779694Z DEBUG tokio-runtime-worker ThreadId(23) wkmp_ai::api::sse: wkmp-ai\src\api\sse.rs:71: SSE: Broadcasting import event: ImportProgressUpdate
2026-02-06T02:59:17.780667Z DEBUG tokio-runtime-worker ThreadId(23) wkmp_ai::api::sse: wkmp-ai\src\api\sse.rs:71: SSE: Broadcasting import event: ImportProgressUpdate
2026-02-06T02:59:17.780935Z DEBUG tokio-runtime-worker ThreadId(23) wkmp_ai::api::sse: wkmp-ai\src\api\sse.rs:71: SSE: Broadcasting import event: ImportProgressUpdate
2026-02-06T02:59:17.781764Z DEBUG tokio-runtime-worker ThreadId(23) wkmp_ai::api::sse: wkmp-ai\src\api\sse.rs:71: SSE: Broadcasting import event: ImportProgressUpdate
2026-02-06T02:59:17.781997Z DEBUG tokio-runtime-worker ThreadId(23) wkmp_ai::api::sse: wkmp-ai\src\api\sse.rs:71: SSE: Broadcasting import event: ImportProgressUpdate
2026-02-06T02:59:17.782874Z DEBUG tokio-runtime-worker ThreadId(23) wkmp_ai::api::sse: wkmp-ai\src\api\sse.rs:71: SSE: Broadcasting import event: ImportProgressUpdate
2026-02-06T02:59:17.783463Z DEBUG tokio-runtime-worker ThreadId(23) wkmp_ai::services::filename_matcher: wkmp-ai\src\services\filename_matcher.rs:65: Database query completed path=Aretha Franklin/The Atlantic Singles Collection 1967–1970/102 - Do Right Woman – Do Right Man.mp3 query_us=6315
2026-02-06T02:59:17.783953Z DEBUG tokio-runtime-worker ThreadId(23) wkmp_ai::services::filename_matcher: wkmp-ai\src\services\filename_matcher.rs:81: File already processed (INGEST COMPLETE) path=Aretha Franklin/The Atlantic Singles Collection 1967–1970/102 - Do Right Woman – Do Right Man.mp3 guid=8228f49c-acc0-4be5-9156-b382aba02b5a
2026-02-06T02:59:17.784435Z  INFO tokio-runtime-worker ThreadId(23) wkmp_ai::services::workflow_orchestrator: wkmp-ai\src\services\workflow_orchestrator\mod.rs:1756: Phase 1 completed phase="Filename Matching" duration_ms=7 path_us=0 db_ms=7 file_index=112
2026-02-06T02:59:17.784839Z  INFO tokio-runtime-worker ThreadId(23) wkmp_ai::services::workflow_orchestrator: wkmp-ai\src\services\workflow_orchestrator\mod.rs:1770: File already processed (INGEST COMPLETE/NO AUDIO/DUPLICATE HASH), skipping all remaining phases file="C:\\Users\\Mango Cat\\Music\\Aretha Franklin/The Atlantic Singles Collection 1967–1970/102 - Do Right Woman – Do Right Man.mp3" file_id=8228f49c-acc0-4be5-9156-b382aba02b5a
2026-02-06T02:59:17.785044Z DEBUG tokio-runtime-worker ThreadId(23) wkmp_ai::services::workflow_orchestrator: wkmp-ai\src\services\workflow_orchestrator\mod.rs:2936: File processing complete session_id=e6293ba0-b57f-441f-a6ea-884d33b9111b file_index=112 file=Aretha Franklin/The Atlantic Singles Collection 1967–1970/102 - Do Right Woman – Do Right Man.mp3
2026-02-06T02:59:17.785240Z DEBUG tokio-runtime-worker ThreadId(23) wkmp_ai::services::workflow_orchestrator: wkmp-ai\src\services\workflow_orchestrator\mod.rs:1438: Acquiring all statistics Mutex locks for SSE conversion
2026-02-06T02:59:17.785393Z DEBUG tokio-runtime-worker ThreadId(23) wkmp_ai::services::workflow_orchestrator: wkmp-ai\src\services\workflow_orchestrator\mod.rs:1467: All statistics Mutex locks acquired and data cloned
2026-02-06T02:59:17.785663Z DEBUG tokio-runtime-worker ThreadId(23) wkmp_ai::services::workflow_orchestrator: wkmp-ai\src\services\workflow_orchestrator\mod.rs:1577: Releasing all statistics Mutex locks for SSE conversion
2026-02-06T02:59:17.785900Z DEBUG tokio-runtime-worker ThreadId(23) wkmp_ai::services::filename_matcher: wkmp-ai\src\services\filename_matcher.rs:65: Database query completed path=Aretha Franklin/The Atlantic Singles Collection 1967–1970/103 - Respect (mono version).mp3 query_us=7881
2026-02-06T02:59:17.786084Z DEBUG tokio-runtime-worker ThreadId(23) wkmp_ai::services::filename_matcher: wkmp-ai\src\services\filename_matcher.rs:81: File already processed (INGEST COMPLETE) path=Aretha Franklin/The Atlantic Singles Collection 1967–1970/103 - Respect (mono version).mp3 guid=d05de94c-c08a-41e6-98e8-679177a24b6e
2026-02-06T02:59:17.786247Z  INFO tokio-runtime-worker ThreadId(23) wkmp_ai::services::workflow_orchestrator: wkmp-ai\src\services\workflow_orchestrator\mod.rs:1756: Phase 1 completed phase="Filename Matching" duration_ms=8 path_us=2 db_ms=8 file_index=113
2026-02-06T02:59:17.786417Z  INFO tokio-runtime-worker ThreadId(23) wkmp_ai::services::workflow_orchestrator: wkmp-ai\src\services\workflow_orchestrator\mod.rs:1770: File already processed (INGEST COMPLETE/NO AUDIO/DUPLICATE HASH), skipping all remaining phases file="C:\\Users\\Mango Cat\\Music\\Aretha Franklin/The Atlantic Singles Collection 1967–1970/103 - Respect (mono version).mp3" file_id=d05de94c-c08a-41e6-98e8-679177a24b6e
2026-02-06T02:59:17.786606Z DEBUG tokio-runtime-worker ThreadId(23) wkmp_ai::services::workflow_orchestrator: wkmp-ai\src\services\workflow_orchestrator\mod.rs:2936: File processing complete session_id=e6293ba0-b57f-441f-a6ea-884d33b9111b file_index=113 file=Aretha Franklin/The Atlantic Singles Collection 1967–1970/103 - Respect (mono version).mp3
2026-02-06T02:59:17.786793Z DEBUG tokio-runtime-worker ThreadId(23) wkmp_ai::services::workflow_orchestrator: wkmp-ai\src\services\workflow_orchestrator\mod.rs:1438: Acquiring all statistics Mutex locks for SSE conversion
2026-02-06T02:59:17.786936Z DEBUG tokio-runtime-worker ThreadId(23) wkmp_ai::services::workflow_orchestrator: wkmp-ai\src\services\workflow_orchestrator\mod.rs:1467: All statistics Mutex locks acquired and data cloned
2026-02-06T02:59:17.787158Z DEBUG tokio-runtime-worker ThreadId(23) wkmp_ai::services::workflow_orchestrator: wkmp-ai\src\services\workflow_orchestrator\mod.rs:1577: Releasing all statistics Mutex locks for SSE conversion
2026-02-06T02:59:17.787347Z DEBUG tokio-runtime-worker ThreadId(23) wkmp_ai::services::filename_matcher: wkmp-ai\src\services\filename_matcher.rs:65: Database query completed path=Aretha Franklin/The Atlantic Singles Collection 1967–1970/104 - Dr. Feelgood (Love Is Serious Business).mp3 query_us=7918
2026-02-06T02:59:17.787508Z DEBUG tokio-runtime-worker ThreadId(23) wkmp_ai::services::filename_matcher: wkmp-ai\src\services\filename_matcher.rs:81: File already processed (INGEST COMPLETE) path=Aretha Franklin/The Atlantic Singles Collection 1967–1970/104 - Dr. Feelgood (Love Is Serious Business).mp3 guid=340145ba-705b-4ae2-babd-2e81e848b564
2026-02-06T02:59:17.787662Z  INFO tokio-runtime-worker ThreadId(23) wkmp_ai::services::workflow_orchestrator: wkmp-ai\src\services\workflow_orchestrator\mod.rs:1756: Phase 1 completed phase="Filename Matching" duration_ms=8 path_us=1 db_ms=8 file_index=114
2026-02-06T02:59:17.787825Z  INFO tokio-runtime-worker ThreadId(23) wkmp_ai::services::workflow_orchestrator: wkmp-ai\src\services\workflow_orchestrator\mod.rs:1770: File already processed (INGEST COMPLETE/NO AUDIO/DUPLICATE HASH), skipping all remaining phases file="C:\\Users\\Mango Cat\\Music\\Aretha Franklin/The Atlantic Singles Collection 1967–1970/104 - Dr. Feelgood (Love Is Serious Business).mp3" file_id=340145ba-705b-4ae2-babd-2e81e848b564
2026-02-06T02:59:17.787998Z DEBUG tokio-runtime-worker ThreadId(23) wkmp_ai::services::workflow_orchestrator: wkmp-ai\src\services\workflow_orchestrator\mod.rs:2936: File processing complete session_id=e6293ba0-b57f-441f-a6ea-884d33b9111b file_index=114 file=Aretha Franklin/The Atlantic Singles Collection 1967–1970/104 - Dr. Feelgood (Love Is Serious Business).mp3
2026-02-06T02:59:17.788170Z DEBUG tokio-runtime-worker ThreadId(23) wkmp_ai::services::workflow_orchestrator: wkmp-ai\src\services\workflow_orchestrator\mod.rs:1438: Acquiring all statistics Mutex locks for SSE conversion
2026-02-06T02:59:17.788305Z DEBUG tokio-runtime-worker ThreadId(23) wkmp_ai::services::workflow_orchestrator: wkmp-ai\src\services\workflow_orchestrator\mod.rs:1467: All statistics Mutex locks acquired and data cloned
2026-02-06T02:59:17.788517Z DEBUG tokio-runtime-worker ThreadId(23) wkmp_ai::services::workflow_orchestrator: wkmp-ai\src\services\workflow_orchestrator\mod.rs:1577: Releasing all statistics Mutex locks for SSE conversion
2026-02-06T02:59:17.788668Z DEBUG tokio-runtime-worker ThreadId(23) wkmp_ai::services::workflow_orchestrator: wkmp-ai\src\services\workflow_orchestrator\mod.rs:3118: Starting per-file pipeline file_index=115 file_id=ddaa7f95-e871-4a6d-80b1-28bd1dab9708 file=Aretha Franklin/The Atlantic Singles Collection 1967–1970/105 - Baby I Love You.mp3
2026-02-06T02:59:17.788839Z  INFO tokio-runtime-worker ThreadId(23) wkmp_ai::services::workflow_orchestrator: wkmp-ai\src\services\workflow_orchestrator\mod.rs:1733: Starting PLAN024 10-phase per-file pipeline (late audio decode) file="C:\\Users\\Mango Cat\\Music\\Aretha Franklin/The Atlantic Singles Collection 1967–1970/105 - Baby I Love You.mp3"
2026-02-06T02:59:17.789011Z DEBUG tokio-runtime-worker ThreadId(23) wkmp_ai::services::workflow_orchestrator: wkmp-ai\src\services\workflow_orchestrator\mod.rs:1742: Phase 1: Filename Matching - START file="C:\\Users\\Mango Cat\\Music\\Aretha Franklin/The Atlantic Singles Collection 1967–1970/105 - Baby I Love You.mp3"
2026-02-06T02:59:17.789173Z DEBUG tokio-runtime-worker ThreadId(23) wkmp_ai::services::filename_matcher: wkmp-ai\src\services\filename_matcher.rs:54: Checking if file exists in database path=Aretha Franklin/The Atlantic Singles Collection 1967–1970/105 - Baby I Love You.mp3 norm_us=9
2026-02-06T02:59:17.789384Z DEBUG tokio-runtime-worker ThreadId(23) wkmp_ai::services::workflow_orchestrator: wkmp-ai\src\services\workflow_orchestrator\mod.rs:3118: Starting per-file pipeline file_index=116 file_id=7155999e-d2b6-4b43-b20f-73fb5d0d6d3f file=Aretha Franklin/The Atlantic Singles Collection 1967–1970/106 - Going Down Slow.mp3
2026-02-06T02:59:17.789558Z  INFO tokio-runtime-worker ThreadId(23) wkmp_ai::services::workflow_orchestrator: wkmp-ai\src\services\workflow_orchestrator\mod.rs:1733: Starting PLAN024 10-phase per-file pipeline (late audio decode) file="C:\\Users\\Mango Cat\\Music\\Aretha Franklin/The Atlantic Singles Collection 1967–1970/106 - Going Down Slow.mp3"
2026-02-06T02:59:17.789729Z DEBUG tokio-runtime-worker ThreadId(23) wkmp_ai::services::workflow_orchestrator: wkmp-ai\src\services\workflow_orchestrator\mod.rs:1742: Phase 1: Filename Matching - START file="C:\\Users\\Mango Cat\\Music\\Aretha Franklin/The Atlantic Singles Collection 1967–1970/106 - Going Down Slow.mp3"
2026-02-06T02:59:17.789909Z DEBUG tokio-runtime-worker ThreadId(23) wkmp_ai::services::filename_matcher: wkmp-ai\src\services\filename_matcher.rs:54: Checking if file exists in database path=Aretha Franklin/The Atlantic Singles Collection 1967–1970/106 - Going Down Slow.mp3 norm_us=6
2026-02-06T02:59:17.790120Z DEBUG tokio-runtime-worker ThreadId(23) wkmp_ai::services::workflow_orchestrator: wkmp-ai\src\services\workflow_orchestrator\mod.rs:3118: Starting per-file pipeline file_index=117 file_id=321e23a7-2f31-4c04-8cb3-32c3fa047f9e file=Aretha Franklin/The Atlantic Singles Collection 1967–1970/107 - A Natural Woman (You Make Me Feel Like).mp3
2026-02-06T02:59:17.790291Z  INFO tokio-runtime-worker ThreadId(23) wkmp_ai::services::workflow_orchestrator: wkmp-ai\src\services\workflow_orchestrator\mod.rs:1733: Starting PLAN024 10-phase per-file pipeline (late audio decode) file="C:\\Users\\Mango Cat\\Music\\Aretha Franklin/The Atlantic Singles Collection 1967–1970/107 - A Natural Woman (You Make Me Feel Like).mp3"
2026-02-06T02:59:17.790460Z DEBUG tokio-runtime-worker ThreadId(23) wkmp_ai::services::workflow_orchestrator: wkmp-ai\src\services\workflow_orchestrator\mod.rs:1742: Phase 1: Filename Matching - START file="C:\\Users\\Mango Cat\\Music\\Aretha Franklin/The Atlantic Singles Collection 1967–1970/107 - A Natural Woman (You Make Me Feel Like).mp3"
2026-02-06T02:59:17.790620Z DEBUG tokio-runtime-worker ThreadId(23) wkmp_ai::services::filename_matcher: wkmp-ai\src\services\filename_matcher.rs:54: Checking if file exists in database path=Aretha Franklin/The Atlantic Singles Collection 1967–1970/107 - A Natural Woman (You Make Me Feel Like).mp3 norm_us=6
2026-02-06T02:59:17.791014Z DEBUG tokio-runtime-worker ThreadId(23) wkmp_ai::api::sse: wkmp-ai\src\api\sse.rs:71: SSE: Broadcasting import event: ImportProgressUpdate
2026-02-06T02:59:17.792820Z DEBUG tokio-runtime-worker ThreadId(23) wkmp_ai::api::sse: wkmp-ai\src\api\sse.rs:71: SSE: Broadcasting import event: ImportProgressUpdate
2026-02-06T02:59:17.793262Z DEBUG tokio-runtime-worker ThreadId(23) wkmp_ai::api::sse: wkmp-ai\src\api\sse.rs:71: SSE: Broadcasting import event: ImportProgressUpdate
2026-02-06T02:59:17.794957Z DEBUG tokio-runtime-worker ThreadId(23) wkmp_ai::api::sse: wkmp-ai\src\api\sse.rs:71: SSE: Broadcasting import event: ImportProgressUpdate
2026-02-06T02:59:17.795351Z DEBUG tokio-runtime-worker ThreadId(23) wkmp_ai::api::sse: wkmp-ai\src\api\sse.rs:71: SSE: Broadcasting import event: ImportProgressUpdate
2026-02-06T02:59:17.797327Z DEBUG tokio-runtime-worker ThreadId(23) wkmp_ai::api::sse: wkmp-ai\src\api\sse.rs:71: SSE: Broadcasting import event: ImportProgressUpdate
2026-02-06T02:59:17.798183Z DEBUG tokio-runtime-worker ThreadId(23) wkmp_ai::services::filename_matcher: wkmp-ai\src\services\filename_matcher.rs:65: Database query completed path=Aretha Franklin/The Atlantic Singles Collection 1967–1970/107 - A Natural Woman (You Make Me Feel Like).mp3 query_us=7408
2026-02-06T02:59:17.798398Z DEBUG tokio-runtime-worker ThreadId(23) wkmp_ai::services::filename_matcher: wkmp-ai\src\services\filename_matcher.rs:81: File already processed (INGEST COMPLETE) path=Aretha Franklin/The Atlantic Singles Collection 1967–1970/107 - A Natural Woman (You Make Me Feel Like).mp3 guid=321e23a7-2f31-4c04-8cb3-32c3fa047f9e
2026-02-06T02:59:17.798594Z  INFO tokio-runtime-worker ThreadId(23) wkmp_ai::services::workflow_orchestrator: wkmp-ai\src\services\workflow_orchestrator\mod.rs:1756: Phase 1 completed phase="Filename Matching" duration_ms=8 path_us=1 db_ms=7 file_index=117
2026-02-06T02:59:17.798793Z  INFO tokio-runtime-worker ThreadId(23) wkmp_ai::services::workflow_orchestrator: wkmp-ai\src\services\workflow_orchestrator\mod.rs:1770: File already processed (INGEST COMPLETE/NO AUDIO/DUPLICATE HASH), skipping all remaining phases file="C:\\Users\\Mango Cat\\Music\\Aretha Franklin/The Atlantic Singles Collection 1967–1970/107 - A Natural Woman (You Make Me Feel Like).mp3" file_id=321e23a7-2f31-4c04-8cb3-32c3fa047f9e
2026-02-06T02:59:17.799063Z DEBUG tokio-runtime-worker ThreadId(23) wkmp_ai::services::workflow_orchestrator: wkmp-ai\src\services\workflow_orchestrator\mod.rs:2936: File processing complete session_id=e6293ba0-b57f-441f-a6ea-884d33b9111b file_index=117 file=Aretha Franklin/The Atlantic Singles Collection 1967–1970/107 - A Natural Woman (You Make Me Feel Like).mp3
2026-02-06T02:59:17.799235Z DEBUG tokio-runtime-worker ThreadId(23) wkmp_ai::services::workflow_orchestrator: wkmp-ai\src\services\workflow_orchestrator\mod.rs:1438: Acquiring all statistics Mutex locks for SSE conversion
2026-02-06T02:59:17.799337Z DEBUG tokio-runtime-worker ThreadId(23) wkmp_ai::services::workflow_orchestrator: wkmp-ai\src\services\workflow_orchestrator\mod.rs:1467: All statistics Mutex locks acquired and data cloned
2026-02-06T02:59:17.799531Z DEBUG tokio-runtime-worker ThreadId(23) wkmp_ai::services::workflow_orchestrator: wkmp-ai\src\services\workflow_orchestrator\mod.rs:1577: Releasing all statistics Mutex locks for SSE conversion
2026-02-06T02:59:17.799711Z DEBUG tokio-runtime-worker ThreadId(23) wkmp_ai::services::filename_matcher: wkmp-ai\src\services\filename_matcher.rs:65: Database query completed path=Aretha Franklin/The Atlantic Singles Collection 1967–1970/105 - Baby I Love You.mp3 query_us=10385
2026-02-06T02:59:17.799905Z DEBUG tokio-runtime-worker ThreadId(23) wkmp_ai::services::filename_matcher: wkmp-ai\src\services\filename_matcher.rs:81: File already processed (INGEST COMPLETE) path=Aretha Franklin/The Atlantic Singles Collection 1967–1970/105 - Baby I Love You.mp3 guid=ddaa7f95-e871-4a6d-80b1-28bd1dab9708
2026-02-06T02:59:17.800089Z  INFO tokio-runtime-worker ThreadId(23) wkmp_ai::services::workflow_orchestrator: wkmp-ai\src\services\workflow_orchestrator\mod.rs:1756: Phase 1 completed phase="Filename Matching" duration_ms=11 path_us=1 db_ms=10 file_index=115
2026-02-06T02:59:17.800239Z  INFO tokio-runtime-worker ThreadId(23) wkmp_ai::services::workflow_orchestrator: wkmp-ai\src\services\workflow_orchestrator\mod.rs:1770: File already processed (INGEST COMPLETE/NO AUDIO/DUPLICATE HASH), skipping all remaining phases file="C:\\Users\\Mango Cat\\Music\\Aretha Franklin/The Atlantic Singles Collection 1967–1970/105 - Baby I Love You.mp3" file_id=ddaa7f95-e871-4a6d-80b1-28bd1dab9708
2026-02-06T02:59:17.800373Z DEBUG tokio-runtime-worker ThreadId(23) wkmp_ai::services::workflow_orchestrator: wkmp-ai\src\services\workflow_orchestrator\mod.rs:2936: File processing complete session_id=e6293ba0-b57f-441f-a6ea-884d33b9111b file_index=115 file=Aretha Franklin/The Atlantic Singles Collection 1967–1970/105 - Baby I Love You.mp3
2026-02-06T02:59:17.800501Z DEBUG tokio-runtime-worker ThreadId(23) wkmp_ai::services::workflow_orchestrator: wkmp-ai\src\services\workflow_orchestrator\mod.rs:1438: Acquiring all statistics Mutex locks for SSE conversion
2026-02-06T02:59:17.800598Z DEBUG tokio-runtime-worker ThreadId(23) wkmp_ai::services::workflow_orchestrator: wkmp-ai\src\services\workflow_orchestrator\mod.rs:1467: All statistics Mutex locks acquired and data cloned
2026-02-06T02:59:17.800774Z DEBUG tokio-runtime-worker ThreadId(23) wkmp_ai::services::workflow_orchestrator: wkmp-ai\src\services\workflow_orchestrator\mod.rs:1577: Releasing all statistics Mutex locks for SSE conversion
2026-02-06T02:59:17.800911Z DEBUG tokio-runtime-worker ThreadId(23) wkmp_ai::services::filename_matcher: wkmp-ai\src\services\filename_matcher.rs:65: Database query completed path=Aretha Franklin/The Atlantic Singles Collection 1967–1970/106 - Going Down Slow.mp3 query_us=10834
2026-02-06T02:59:17.801024Z DEBUG tokio-runtime-worker ThreadId(23) wkmp_ai::services::filename_matcher: wkmp-ai\src\services\filename_matcher.rs:81: File already processed (INGEST COMPLETE) path=Aretha Franklin/The Atlantic Singles Collection 1967–1970/106 - Going Down Slow.mp3 guid=7155999e-d2b6-4b43-b20f-73fb5d0d6d3f
2026-02-06T02:59:17.801134Z  INFO tokio-runtime-worker ThreadId(23) wkmp_ai::services::workflow_orchestrator: wkmp-ai\src\services\workflow_orchestrator\mod.rs:1756: Phase 1 completed phase="Filename Matching" duration_ms=11 path_us=1 db_ms=11 file_index=116
2026-02-06T02:59:17.801252Z  INFO tokio-runtime-worker ThreadId(23) wkmp_ai::services::workflow_orchestrator: wkmp-ai\src\services\workflow_orchestrator\mod.rs:1770: File already processed (INGEST COMPLETE/NO AUDIO/DUPLICATE HASH), skipping all remaining phases file="C:\\Users\\Mango Cat\\Music\\Aretha Franklin/The Atlantic Singles Collection 1967–1970/106 - Going Down Slow.mp3" file_id=7155999e-d2b6-4b43-b20f-73fb5d0d6d3f
2026-02-06T02:59:17.801383Z DEBUG tokio-runtime-worker ThreadId(23) wkmp_ai::services::workflow_orchestrator: wkmp-ai\src\services\workflow_orchestrator\mod.rs:2936: File processing complete session_id=e6293ba0-b57f-441f-a6ea-884d33b9111b file_index=116 file=Aretha Franklin/The Atlantic Singles Collection 1967–1970/106 - Going Down Slow.mp3
2026-02-06T02:59:17.801507Z DEBUG tokio-runtime-worker ThreadId(23) wkmp_ai::services::workflow_orchestrator: wkmp-ai\src\services\workflow_orchestrator\mod.rs:1438: Acquiring all statistics Mutex locks for SSE conversion
2026-02-06T02:59:17.801603Z DEBUG tokio-runtime-worker ThreadId(23) wkmp_ai::services::workflow_orchestrator: wkmp-ai\src\services\workflow_orchestrator\mod.rs:1467: All statistics Mutex locks acquired and data cloned
2026-02-06T02:59:17.801779Z DEBUG tokio-runtime-worker ThreadId(23) wkmp_ai::services::workflow_orchestrator: wkmp-ai\src\services\workflow_orchestrator\mod.rs:1577: Releasing all statistics Mutex locks for SSE conversion
2026-02-06T02:59:17.801891Z DEBUG tokio-runtime-worker ThreadId(23) wkmp_ai::services::workflow_orchestrator: wkmp-ai\src\services\workflow_orchestrator\mod.rs:3118: Starting per-file pipeline file_index=118 file_id=35cb1c9a-86f0-42bd-90dd-0284cdf8fe67 file=Aretha Franklin/The Atlantic Singles Collection 1967–1970/108 - Baby, Baby, Baby.mp3
2026-02-06T02:59:17.802017Z  INFO tokio-runtime-worker ThreadId(23) wkmp_ai::services::workflow_orchestrator: wkmp-ai\src\services\workflow_orchestrator\mod.rs:1733: Starting PLAN024 10-phase per-file pipeline (late audio decode) file="C:\\Users\\Mango Cat\\Music\\Aretha Franklin/The Atlantic Singles Collection 1967–1970/108 - Baby, Baby, Baby.mp3"
2026-02-06T02:59:17.802146Z DEBUG tokio-runtime-worker ThreadId(23) wkmp_ai::services::workflow_orchestrator: wkmp-ai\src\services\workflow_orchestrator\mod.rs:1742: Phase 1: Filename Matching - START file="C:\\Users\\Mango Cat\\Music\\Aretha Franklin/The Atlantic Singles Collection 1967–1970/108 - Baby, Baby, Baby.mp3"
2026-02-06T02:59:17.802266Z DEBUG tokio-runtime-worker ThreadId(23) wkmp_ai::services::filename_matcher: wkmp-ai\src\services\filename_matcher.rs:54: Checking if file exists in database path=Aretha Franklin/The Atlantic Singles Collection 1967–1970/108 - Baby, Baby, Baby.mp3 norm_us=9
2026-02-06T02:59:17.802428Z DEBUG tokio-runtime-worker ThreadId(23) wkmp_ai::services::workflow_orchestrator: wkmp-ai\src\services\workflow_orchestrator\mod.rs:3118: Starting per-file pipeline file_index=119 file_id=77426068-4d3b-403f-b597-d4147699e1bf file=Aretha Franklin/The Atlantic Singles Collection 1967–1970/109 - Chain of Fools.mp3
2026-02-06T02:59:17.802551Z  INFO tokio-runtime-worker ThreadId(23) wkmp_ai::services::workflow_orchestrator: wkmp-ai\src\services\workflow_orchestrator\mod.rs:1733: Starting PLAN024 10-phase per-file pipeline (late audio decode) file="C:\\Users\\Mango Cat\\Music\\Aretha Franklin/The Atlantic Singles Collection 1967–1970/109 - Chain of Fools.mp3"
2026-02-06T02:59:17.802673Z DEBUG tokio-runtime-worker ThreadId(23) wkmp_ai::services::workflow_orchestrator: wkmp-ai\src\services\workflow_orchestrator\mod.rs:1742: Phase 1: Filename Matching - START file="C:\\Users\\Mango Cat\\Music\\Aretha Franklin/The Atlantic Singles Collection 1967–1970/109 - Chain of Fools.mp3"
2026-02-06T02:59:17.802787Z DEBUG tokio-runtime-worker ThreadId(23) wkmp_ai::services::filename_matcher: wkmp-ai\src\services\filename_matcher.rs:54: Checking if file exists in database path=Aretha Franklin/The Atlantic Singles Collection 1967–1970/109 - Chain of Fools.mp3 norm_us=5
2026-02-06T02:59:17.802928Z DEBUG tokio-runtime-worker ThreadId(23) wkmp_ai::services::workflow_orchestrator: wkmp-ai\src\services\workflow_orchestrator\mod.rs:3118: Starting per-file pipeline file_index=120 file_id=3c310bb8-bf23-450b-9364-7a53f2149314 file=Aretha Franklin/The Atlantic Singles Collection 1967–1970/110 - Prove It (mono version).mp3
2026-02-06T02:59:17.803048Z  INFO tokio-runtime-worker ThreadId(23) wkmp_ai::services::workflow_orchestrator: wkmp-ai\src\services\workflow_orchestrator\mod.rs:1733: Starting PLAN024 10-phase per-file pipeline (late audio decode) file="C:\\Users\\Mango Cat\\Music\\Aretha Franklin/The Atlantic Singles Collection 1967–1970/110 - Prove It (mono version).mp3"
2026-02-06T02:59:17.803169Z DEBUG tokio-runtime-worker ThreadId(23) wkmp_ai::services::workflow_orchestrator: wkmp-ai\src\services\workflow_orchestrator\mod.rs:1742: Phase 1: Filename Matching - START file="C:\\Users\\Mango Cat\\Music\\Aretha Franklin/The Atlantic Singles Collection 1967–1970/110 - Prove It (mono version).mp3"
2026-02-06T02:59:17.803283Z DEBUG tokio-runtime-worker ThreadId(23) wkmp_ai::services::filename_matcher: wkmp-ai\src\services\filename_matcher.rs:54: Checking if file exists in database path=Aretha Franklin/The Atlantic Singles Collection 1967–1970/110 - Prove It (mono version).mp3 norm_us=4
2026-02-06T02:59:17.803544Z DEBUG tokio-runtime-worker ThreadId(23) wkmp_ai::api::sse: wkmp-ai\src\api\sse.rs:71: SSE: Broadcasting import event: ImportProgressUpdate
2026-02-06T02:59:17.805136Z DEBUG tokio-runtime-worker ThreadId(23) wkmp_ai::api::sse: wkmp-ai\src\api\sse.rs:71: SSE: Broadcasting import event: ImportProgressUpdate
2026-02-06T02:59:17.805429Z DEBUG tokio-runtime-worker ThreadId(23) wkmp_ai::api::sse: wkmp-ai\src\api\sse.rs:71: SSE: Broadcasting import event: ImportProgressUpdate
2026-02-06T02:59:17.807097Z DEBUG tokio-runtime-worker ThreadId(23) wkmp_ai::api::sse: wkmp-ai\src\api\sse.rs:71: SSE: Broadcasting import event: ImportProgressUpdate
2026-02-06T02:59:17.807428Z DEBUG tokio-runtime-worker ThreadId(23) wkmp_ai::api::sse: wkmp-ai\src\api\sse.rs:71: SSE: Broadcasting import event: ImportProgressUpdate
2026-02-06T02:59:17.809180Z DEBUG tokio-runtime-worker ThreadId(23) wkmp_ai::api::sse: wkmp-ai\src\api\sse.rs:71: SSE: Broadcasting import event: ImportProgressUpdate
2026-02-06T02:59:17.809947Z DEBUG tokio-runtime-worker ThreadId(23) wkmp_ai::services::filename_matcher: wkmp-ai\src\services\filename_matcher.rs:65: Database query completed path=Aretha Franklin/The Atlantic Singles Collection 1967–1970/109 - Chain of Fools.mp3 query_us=7049
2026-02-06T02:59:17.810280Z DEBUG tokio-runtime-worker ThreadId(23) wkmp_ai::services::filename_matcher: wkmp-ai\src\services\filename_matcher.rs:81: File already processed (INGEST COMPLETE) path=Aretha Franklin/The Atlantic Singles Collection 1967–1970/109 - Chain of Fools.mp3 guid=77426068-4d3b-403f-b597-d4147699e1bf
2026-02-06T02:59:17.810505Z  INFO tokio-runtime-worker ThreadId(23) wkmp_ai::services::workflow_orchestrator: wkmp-ai\src\services\workflow_orchestrator\mod.rs:1756: Phase 1 completed phase="Filename Matching" duration_ms=7 path_us=1 db_ms=7 file_index=119
2026-02-06T02:59:17.810732Z  INFO tokio-runtime-worker ThreadId(23) wkmp_ai::services::workflow_orchestrator: wkmp-ai\src\services\workflow_orchestrator\mod.rs:1770: File already processed (INGEST COMPLETE/NO AUDIO/DUPLICATE HASH), skipping all remaining phases file="C:\\Users\\Mango Cat\\Music\\Aretha Franklin/The Atlantic Singles Collection 1967–1970/109 - Chain of Fools.mp3" file_id=77426068-4d3b-403f-b597-d4147699e1bf
2026-02-06T02:59:17.811068Z DEBUG tokio-runtime-worker ThreadId(23) wkmp_ai::services::workflow_orchestrator: wkmp-ai\src\services\workflow_orchestrator\mod.rs:2936: File processing complete session_id=e6293ba0-b57f-441f-a6ea-884d33b9111b file_index=119 file=Aretha Franklin/The Atlantic Singles Collection 1967–1970/109 - Chain of Fools.mp3
2026-02-06T02:59:17.820166Z DEBUG tokio-runtime-worker ThreadId(23) wkmp_ai::services::workflow_orchestrator: wkmp-ai\src\services\workflow_orchestrator\mod.rs:1438: Acquiring all statistics Mutex locks for SSE conversion
2026-02-06T02:59:17.820359Z DEBUG tokio-runtime-worker ThreadId(23) wkmp_ai::services::workflow_orchestrator: wkmp-ai\src\services\workflow_orchestrator\mod.rs:1467: All statistics Mutex locks acquired and data cloned
2026-02-06T02:59:17.820682Z DEBUG tokio-runtime-worker ThreadId(23) wkmp_ai::services::workflow_orchestrator: wkmp-ai\src\services\workflow_orchestrator\mod.rs:1577: Releasing all statistics Mutex locks for SSE conversion
2026-02-06T02:59:17.821113Z DEBUG tokio-runtime-worker ThreadId(23) wkmp_ai::services::filename_matcher: wkmp-ai\src\services\filename_matcher.rs:65: Database query completed path=Aretha Franklin/The Atlantic Singles Collection 1967–1970/110 - Prove It (mono version).mp3 query_us=17716
2026-02-06T02:59:17.821537Z DEBUG tokio-runtime-worker ThreadId(23) wkmp_ai::services::filename_matcher: wkmp-ai\src\services\filename_matcher.rs:81: File already processed (INGEST COMPLETE) path=Aretha Franklin/The Atlantic Singles Collection 1967–1970/110 - Prove It (mono version).mp3 guid=3c310bb8-bf23-450b-9364-7a53f2149314
2026-02-06T02:59:17.821998Z  INFO tokio-runtime-worker ThreadId(23) wkmp_ai::services::workflow_orchestrator: wkmp-ai\src\services\workflow_orchestrator\mod.rs:1756: Phase 1 completed phase="Filename Matching" duration_ms=18 path_us=1 db_ms=18 file_index=120
2026-02-06T02:59:17.822407Z  INFO tokio-runtime-worker ThreadId(23) wkmp_ai::services::workflow_orchestrator: wkmp-ai\src\services\workflow_orchestrator\mod.rs:1770: File already processed (INGEST COMPLETE/NO AUDIO/DUPLICATE HASH), skipping all remaining phases file="C:\\Users\\Mango Cat\\Music\\Aretha Franklin/The Atlantic Singles Collection 1967–1970/110 - Prove It (mono version).mp3" file_id=3c310bb8-bf23-450b-9364-7a53f2149314
2026-02-06T02:59:17.822906Z DEBUG tokio-runtime-worker ThreadId(23) wkmp_ai::services::workflow_orchestrator: wkmp-ai\src\services\workflow_orchestrator\mod.rs:2936: File processing complete session_id=e6293ba0-b57f-441f-a6ea-884d33b9111b file_index=120 file=Aretha Franklin/The Atlantic Singles Collection 1967–1970/110 - Prove It (mono version).mp3
2026-02-06T02:59:17.823357Z DEBUG tokio-runtime-worker ThreadId(23) wkmp_ai::services::workflow_orchestrator: wkmp-ai\src\services\workflow_orchestrator\mod.rs:1438: Acquiring all statistics Mutex locks for SSE conversion
2026-02-06T02:59:17.823727Z DEBUG tokio-runtime-worker ThreadId(23) wkmp_ai::services::workflow_orchestrator: wkmp-ai\src\services\workflow_orchestrator\mod.rs:1467: All statistics Mutex locks acquired and data cloned
2026-02-06T02:59:17.824154Z DEBUG tokio-runtime-worker ThreadId(23) wkmp_ai::services::workflow_orchestrator: wkmp-ai\src\services\workflow_orchestrator\mod.rs:1577: Releasing all statistics Mutex locks for SSE conversion
2026-02-06T02:59:17.824632Z DEBUG tokio-runtime-worker ThreadId(23) wkmp_ai::services::filename_matcher: wkmp-ai\src\services\filename_matcher.rs:65: Database query completed path=Aretha Franklin/The Atlantic Singles Collection 1967–1970/108 - Baby, Baby, Baby.mp3 query_us=22255
2026-02-06T02:59:17.824896Z DEBUG tokio-runtime-worker ThreadId(23) wkmp_ai::services::filename_matcher: wkmp-ai\src\services\filename_matcher.rs:81: File already processed (INGEST COMPLETE) path=Aretha Franklin/The Atlantic Singles Collection 1967–1970/108 - Baby, Baby, Baby.mp3 guid=35cb1c9a-86f0-42bd-90dd-0284cdf8fe67
2026-02-06T02:59:17.825041Z  INFO tokio-runtime-worker ThreadId(23) wkmp_ai::services::workflow_orchestrator: wkmp-ai\src\services\workflow_orchestrator\mod.rs:1756: Phase 1 completed phase="Filename Matching" duration_ms=22 path_us=1 db_ms=22 file_index=118
2026-02-06T02:59:17.825307Z  INFO tokio-runtime-worker ThreadId(23) wkmp_ai::services::workflow_orchestrator: wkmp-ai\src\services\workflow_orchestrator\mod.rs:1770: File already processed (INGEST COMPLETE/NO AUDIO/DUPLICATE HASH), skipping all remaining phases file="C:\\Users\\Mango Cat\\Music\\Aretha Franklin/The Atlantic Singles Collection 1967–1970/108 - Baby, Baby, Baby.mp3" file_id=35cb1c9a-86f0-42bd-90dd-0284cdf8fe67
2026-02-06T02:59:17.825628Z DEBUG tokio-runtime-worker ThreadId(23) wkmp_ai::services::workflow_orchestrator: wkmp-ai\src\services\workflow_orchestrator\mod.rs:2936: File processing complete session_id=e6293ba0-b57f-441f-a6ea-884d33b9111b file_index=118 file=Aretha Franklin/The Atlantic Singles Collection 1967–1970/108 - Baby, Baby, Baby.mp3
2026-02-06T02:59:17.825927Z DEBUG tokio-runtime-worker ThreadId(23) wkmp_ai::services::workflow_orchestrator: wkmp-ai\src\services\workflow_orchestrator\mod.rs:1438: Acquiring all statistics Mutex locks for SSE conversion
2026-02-06T02:59:17.826195Z DEBUG tokio-runtime-worker ThreadId(23) wkmp_ai::services::workflow_orchestrator: wkmp-ai\src\services\workflow_orchestrator\mod.rs:1467: All statistics Mutex locks acquired and data cloned
2026-02-06T02:59:17.826382Z DEBUG tokio-runtime-worker ThreadId(23) wkmp_ai::services::workflow_orchestrator: wkmp-ai\src\services\workflow_orchestrator\mod.rs:1577: Releasing all statistics Mutex locks for SSE conversion
2026-02-06T02:59:17.826523Z DEBUG tokio-runtime-worker ThreadId(23) wkmp_ai::services::workflow_orchestrator: wkmp-ai\src\services\workflow_orchestrator\mod.rs:3118: Starting per-file pipeline file_index=121 file_id=1562520a-df71-4c25-8265-014cd584e5d5 file=Aretha Franklin/The Atlantic Singles Collection 1967–1970/111 - (Sweet Sweet Baby) Since You’ve Been Gone.mp3
2026-02-06T02:59:17.826726Z  INFO tokio-runtime-worker ThreadId(23) wkmp_ai::services::workflow_orchestrator: wkmp-ai\src\services\workflow_orchestrator\mod.rs:1733: Starting PLAN024 10-phase per-file pipeline (late audio decode) file="C:\\Users\\Mango Cat\\Music\\Aretha Franklin/The Atlantic Singles Collection 1967–1970/111 - (Sweet Sweet Baby) Since You’ve Been Gone.mp3"
2026-02-06T02:59:17.827052Z DEBUG tokio-runtime-worker ThreadId(23) wkmp_ai::services::workflow_orchestrator: wkmp-ai\src\services\workflow_orchestrator\mod.rs:1742: Phase 1: Filename Matching - START file="C:\\Users\\Mango Cat\\Music\\Aretha Franklin/The Atlantic Singles Collection 1967–1970/111 - (Sweet Sweet Baby) Since You’ve Been Gone.mp3"
2026-02-06T02:59:17.827359Z DEBUG tokio-runtime-worker ThreadId(23) wkmp_ai::services::filename_matcher: wkmp-ai\src\services\filename_matcher.rs:54: Checking if file exists in database path=Aretha Franklin/The Atlantic Singles Collection 1967–1970/111 - (Sweet Sweet Baby) Since You’ve Been Gone.mp3 norm_us=12
2026-02-06T02:59:17.827682Z DEBUG tokio-runtime-worker ThreadId(23) wkmp_ai::services::workflow_orchestrator: wkmp-ai\src\services\workflow_orchestrator\mod.rs:3118: Starting per-file pipeline file_index=122 file_id=c021d59c-7493-44c3-9834-fd25e0e757f9 file=Aretha Franklin/The Atlantic Singles Collection 1967–1970/112 - Ain’t No Way.mp3
2026-02-06T02:59:17.827862Z  INFO tokio-runtime-worker ThreadId(23) wkmp_ai::services::workflow_orchestrator: wkmp-ai\src\services\workflow_orchestrator\mod.rs:1733: Starting PLAN024 10-phase per-file pipeline (late audio decode) file="C:\\Users\\Mango Cat\\Music\\Aretha Franklin/The Atlantic Singles Collection 1967–1970/112 - Ain’t No Way.mp3"
2026-02-06T02:59:17.828235Z DEBUG tokio-runtime-worker ThreadId(23) wkmp_ai::services::workflow_orchestrator: wkmp-ai\src\services\workflow_orchestrator\mod.rs:1742: Phase 1: Filename Matching - START file="C:\\Users\\Mango Cat\\Music\\Aretha Franklin/The Atlantic Singles Collection 1967–1970/112 - Ain’t No Way.mp3"
2026-02-06T02:59:17.828461Z DEBUG tokio-runtime-worker ThreadId(23) wkmp_ai::services::filename_matcher: wkmp-ai\src\services\filename_matcher.rs:54: Checking if file exists in database path=Aretha Franklin/The Atlantic Singles Collection 1967–1970/112 - Ain’t No Way.mp3 norm_us=9
2026-02-06T02:59:17.828834Z DEBUG tokio-runtime-worker ThreadId(23) wkmp_ai::services::workflow_orchestrator: wkmp-ai\src\services\workflow_orchestrator\mod.rs:3118: Starting per-file pipeline file_index=123 file_id=1cbb9e07-8ccf-49d1-adef-24c7f65b11fc file=Aretha Franklin/The Atlantic Singles Collection 1967–1970/113 - Think.mp3
2026-02-06T02:59:17.829045Z  INFO tokio-runtime-worker ThreadId(23) wkmp_ai::services::workflow_orchestrator: wkmp-ai\src\services\workflow_orchestrator\mod.rs:1733: Starting PLAN024 10-phase per-file pipeline (late audio decode) file="C:\\Users\\Mango Cat\\Music\\Aretha Franklin/The Atlantic Singles Collection 1967–1970/113 - Think.mp3"
2026-02-06T02:59:17.829440Z DEBUG tokio-runtime-worker ThreadId(23) wkmp_ai::services::workflow_orchestrator: wkmp-ai\src\services\workflow_orchestrator\mod.rs:1742: Phase 1: Filename Matching - START file="C:\\Users\\Mango Cat\\Music\\Aretha Franklin/The Atlantic Singles Collection 1967–1970/113 - Think.mp3"
2026-02-06T02:59:17.829627Z DEBUG tokio-runtime-worker ThreadId(23) wkmp_ai::services::filename_matcher: wkmp-ai\src\services\filename_matcher.rs:54: Checking if file exists in database path=Aretha Franklin/The Atlantic Singles Collection 1967–1970/113 - Think.mp3 norm_us=8
2026-02-06T02:59:17.830063Z DEBUG tokio-runtime-worker ThreadId(23) wkmp_ai::api::sse: wkmp-ai\src\api\sse.rs:71: SSE: Broadcasting import event: ImportProgressUpdate
2026-02-06T02:59:17.832070Z DEBUG tokio-runtime-worker ThreadId(23) wkmp_ai::api::sse: wkmp-ai\src\api\sse.rs:71: SSE: Broadcasting import event: ImportProgressUpdate
2026-02-06T02:59:17.832453Z DEBUG tokio-runtime-worker ThreadId(23) wkmp_ai::api::sse: wkmp-ai\src\api\sse.rs:71: SSE: Broadcasting import event: ImportProgressUpdate
2026-02-06T02:59:17.834307Z DEBUG tokio-runtime-worker ThreadId(23) wkmp_ai::api::sse: wkmp-ai\src\api\sse.rs:71: SSE: Broadcasting import event: ImportProgressUpdate
2026-02-06T02:59:17.834682Z DEBUG tokio-runtime-worker ThreadId(23) wkmp_ai::api::sse: wkmp-ai\src\api\sse.rs:71: SSE: Broadcasting import event: ImportProgressUpdate
2026-02-06T02:59:17.835807Z DEBUG tokio-runtime-worker ThreadId(23) wkmp_ai::api::sse: wkmp-ai\src\api\sse.rs:71: SSE: Broadcasting import event: ImportProgressUpdate
2026-02-06T02:59:17.836477Z DEBUG tokio-runtime-worker ThreadId(23) wkmp_ai::services::filename_matcher: wkmp-ai\src\services\filename_matcher.rs:65: Database query completed path=Aretha Franklin/The Atlantic Singles Collection 1967–1970/111 - (Sweet Sweet Baby) Since You’ve Been Gone.mp3 query_us=8879
2026-02-06T02:59:17.836677Z DEBUG tokio-runtime-worker ThreadId(23) wkmp_ai::services::filename_matcher: wkmp-ai\src\services\filename_matcher.rs:81: File already processed (INGEST COMPLETE) path=Aretha Franklin/The Atlantic Singles Collection 1967–1970/111 - (Sweet Sweet Baby) Since You’ve Been Gone.mp3 guid=1562520a-df71-4c25-8265-014cd584e5d5
2026-02-06T02:59:17.836861Z  INFO tokio-runtime-worker ThreadId(23) wkmp_ai::services::workflow_orchestrator: wkmp-ai\src\services\workflow_orchestrator\mod.rs:1756: Phase 1 completed phase="Filename Matching" duration_ms=9 path_us=2 db_ms=9 file_index=121
2026-02-06T02:59:17.837245Z  INFO tokio-runtime-worker ThreadId(23) wkmp_ai::services::workflow_orchestrator: wkmp-ai\src\services\workflow_orchestrator\mod.rs:1770: File already processed (INGEST COMPLETE/NO AUDIO/DUPLICATE HASH), skipping all remaining phases file="C:\\Users\\Mango Cat\\Music\\Aretha Franklin/The Atlantic Singles Collection 1967–1970/111 - (Sweet Sweet Baby) Since You’ve Been Gone.mp3" file_id=1562520a-df71-4c25-8265-014cd584e5d5
2026-02-06T02:59:17.837548Z DEBUG tokio-runtime-worker ThreadId(23) wkmp_ai::services::workflow_orchestrator: wkmp-ai\src\services\workflow_orchestrator\mod.rs:2936: File processing complete session_id=e6293ba0-b57f-441f-a6ea-884d33b9111b file_index=121 file=Aretha Franklin/The Atlantic Singles Collection 1967–1970/111 - (Sweet Sweet Baby) Since You’ve Been Gone.mp3
2026-02-06T02:59:17.837860Z DEBUG tokio-runtime-worker ThreadId(23) wkmp_ai::services::workflow_orchestrator: wkmp-ai\src\services\workflow_orchestrator\mod.rs:1438: Acquiring all statistics Mutex locks for SSE conversion
2026-02-06T02:59:17.838091Z DEBUG tokio-runtime-worker ThreadId(23) wkmp_ai::services::workflow_orchestrator: wkmp-ai\src\services\workflow_orchestrator\mod.rs:1467: All statistics Mutex locks acquired and data cloned
2026-02-06T02:59:17.838331Z DEBUG tokio-runtime-worker ThreadId(23) wkmp_ai::services::workflow_orchestrator: wkmp-ai\src\services\workflow_orchestrator\mod.rs:1577: Releasing all statistics Mutex locks for SSE conversion
2026-02-06T02:59:17.838564Z DEBUG tokio-runtime-worker ThreadId(23) wkmp_ai::services::filename_matcher: wkmp-ai\src\services\filename_matcher.rs:65: Database query completed path=Aretha Franklin/The Atlantic Singles Collection 1967–1970/112 - Ain’t No Way.mp3 query_us=9791
2026-02-06T02:59:17.838731Z DEBUG tokio-runtime-worker ThreadId(23) wkmp_ai::services::filename_matcher: wkmp-ai\src\services\filename_matcher.rs:81: File already processed (INGEST COMPLETE) path=Aretha Franklin/The Atlantic Singles Collection 1967–1970/112 - Ain’t No Way.mp3 guid=c021d59c-7493-44c3-9834-fd25e0e757f9
2026-02-06T02:59:17.838951Z  INFO tokio-runtime-worker ThreadId(23) wkmp_ai::services::workflow_orchestrator: wkmp-ai\src\services\workflow_orchestrator\mod.rs:1756: Phase 1 completed phase="Filename Matching" duration_ms=10 path_us=2 db_ms=10 file_index=122
2026-02-06T02:59:17.839173Z  INFO tokio-runtime-worker ThreadId(23) wkmp_ai::services::workflow_orchestrator: wkmp-ai\src\services\workflow_orchestrator\mod.rs:1770: File already processed (INGEST COMPLETE/NO AUDIO/DUPLICATE HASH), skipping all remaining phases file="C:\\Users\\Mango Cat\\Music\\Aretha Franklin/The Atlantic Singles Collection 1967–1970/112 - Ain’t No Way.mp3" file_id=c021d59c-7493-44c3-9834-fd25e0e757f9
2026-02-06T02:59:17.839450Z DEBUG tokio-runtime-worker ThreadId(23) wkmp_ai::services::workflow_orchestrator: wkmp-ai\src\services\workflow_orchestrator\mod.rs:2936: File processing complete session_id=e6293ba0-b57f-441f-a6ea-884d33b9111b file_index=122 file=Aretha Franklin/The Atlantic Singles Collection 1967–1970/112 - Ain’t No Way.mp3
2026-02-06T02:59:17.839651Z DEBUG tokio-runtime-worker ThreadId(23) wkmp_ai::services::workflow_orchestrator: wkmp-ai\src\services\workflow_orchestrator\mod.rs:1438: Acquiring all statistics Mutex locks for SSE conversion
2026-02-06T02:59:17.839802Z DEBUG tokio-runtime-worker ThreadId(23) wkmp_ai::services::workflow_orchestrator: wkmp-ai\src\services\workflow_orchestrator\mod.rs:1467: All statistics Mutex locks acquired and data cloned
2026-02-06T02:59:17.840048Z DEBUG tokio-runtime-worker ThreadId(23) wkmp_ai::services::workflow_orchestrator: wkmp-ai\src\services\workflow_orchestrator\mod.rs:1577: Releasing all statistics Mutex locks for SSE conversion
2026-02-06T02:59:17.840257Z DEBUG tokio-runtime-worker ThreadId(23) wkmp_ai::services::filename_matcher: wkmp-ai\src\services\filename_matcher.rs:65: Database query completed path=Aretha Franklin/The Atlantic Singles Collection 1967–1970/113 - Think.mp3 query_us=10460
2026-02-06T02:59:17.840396Z DEBUG tokio-runtime-worker ThreadId(23) wkmp_ai::services::filename_matcher: wkmp-ai\src\services\filename_matcher.rs:81: File already processed (INGEST COMPLETE) path=Aretha Franklin/The Atlantic Singles Collection 1967–1970/113 - Think.mp3 guid=1cbb9e07-8ccf-49d1-adef-24c7f65b11fc
2026-02-06T02:59:17.840573Z  INFO tokio-runtime-worker ThreadId(23) wkmp_ai::services::workflow_orchestrator: wkmp-ai\src\services\workflow_orchestrator\mod.rs:1756: Phase 1 completed phase="Filename Matching" duration_ms=11 path_us=2 db_ms=10 file_index=123
2026-02-06T02:59:17.840731Z  INFO tokio-runtime-worker ThreadId(23) wkmp_ai::services::workflow_orchestrator: wkmp-ai\src\services\workflow_orchestrator\mod.rs:1770: File already processed (INGEST COMPLETE/NO AUDIO/DUPLICATE HASH), skipping all remaining phases file="C:\\Users\\Mango Cat\\Music\\Aretha Franklin/The Atlantic Singles Collection 1967–1970/113 - Think.mp3" file_id=1cbb9e07-8ccf-49d1-adef-24c7f65b11fc
2026-02-06T02:59:17.840928Z DEBUG tokio-runtime-worker ThreadId(23) wkmp_ai::services::workflow_orchestrator: wkmp-ai\src\services\workflow_orchestrator\mod.rs:2936: File processing complete session_id=e6293ba0-b57f-441f-a6ea-884d33b9111b file_index=123 file=Aretha Franklin/The Atlantic Singles Collection 1967–1970/113 - Think.mp3
2026-02-06T02:59:17.841085Z DEBUG tokio-runtime-worker ThreadId(23) wkmp_ai::services::workflow_orchestrator: wkmp-ai\src\services\workflow_orchestrator\mod.rs:1438: Acquiring all statistics Mutex locks for SSE conversion
2026-02-06T02:59:17.841195Z DEBUG tokio-runtime-worker ThreadId(23) wkmp_ai::services::workflow_orchestrator: wkmp-ai\src\services\workflow_orchestrator\mod.rs:1467: All statistics Mutex locks acquired and data cloned
2026-02-06T02:59:17.841454Z DEBUG tokio-runtime-worker ThreadId(23) wkmp_ai::services::workflow_orchestrator: wkmp-ai\src\services\workflow_orchestrator\mod.rs:1577: Releasing all statistics Mutex locks for SSE conversion
2026-02-06T02:59:17.841605Z DEBUG tokio-runtime-worker ThreadId(23) wkmp_ai::services::workflow_orchestrator: wkmp-ai\src\services\workflow_orchestrator\mod.rs:3118: Starting per-file pipeline file_index=124 file_id=ef9ee7bb-a618-4de2-a1c4-dc8160a7af3d file=Aretha Franklin/The Atlantic Singles Collection 1967–1970/114 - You Send Me.mp3
2026-02-06T02:59:17.841764Z  INFO tokio-runtime-worker ThreadId(23) wkmp_ai::services::workflow_orchestrator: wkmp-ai\src\services\workflow_orchestrator\mod.rs:1733: Starting PLAN024 10-phase per-file pipeline (late audio decode) file="C:\\Users\\Mango Cat\\Music\\Aretha Franklin/The Atlantic Singles Collection 1967–1970/114 - You Send Me.mp3"
2026-02-06T02:59:17.841933Z DEBUG tokio-runtime-worker ThreadId(23) wkmp_ai::services::workflow_orchestrator: wkmp-ai\src\services\workflow_orchestrator\mod.rs:1742: Phase 1: Filename Matching - START file="C:\\Users\\Mango Cat\\Music\\Aretha Franklin/The Atlantic Singles Collection 1967–1970/114 - You Send Me.mp3"
2026-02-06T02:59:17.842087Z DEBUG tokio-runtime-worker ThreadId(23) wkmp_ai::services::filename_matcher: wkmp-ai\src\services\filename_matcher.rs:54: Checking if file exists in database path=Aretha Franklin/The Atlantic Singles Collection 1967–1970/114 - You Send Me.mp3 norm_us=11
2026-02-06T02:59:17.842312Z DEBUG tokio-runtime-worker ThreadId(23) wkmp_ai::services::workflow_orchestrator: wkmp-ai\src\services\workflow_orchestrator\mod.rs:3118: Starting per-file pipeline file_index=125 file_id=46f562a6-2592-4c0a-9929-5641ebffbf1e file=Aretha Franklin/The Atlantic Singles Collection 1967–1970/115 - The House That Jack Built (mono version).mp3
2026-02-06T02:59:17.842492Z  INFO tokio-runtime-worker ThreadId(23) wkmp_ai::services::workflow_orchestrator: wkmp-ai\src\services\workflow_orchestrator\mod.rs:1733: Starting PLAN024 10-phase per-file pipeline (late audio decode) file="C:\\Users\\Mango Cat\\Music\\Aretha Franklin/The Atlantic Singles Collection 1967–1970/115 - The House That Jack Built (mono version).mp3"
2026-02-06T02:59:17.842645Z DEBUG tokio-runtime-worker ThreadId(23) wkmp_ai::services::workflow_orchestrator: wkmp-ai\src\services\workflow_orchestrator\mod.rs:1742: Phase 1: Filename Matching - START file="C:\\Users\\Mango Cat\\Music\\Aretha Franklin/The Atlantic Singles Collection 1967–1970/115 - The House That Jack Built (mono version).mp3"
2026-02-06T02:59:17.842839Z DEBUG tokio-runtime-worker ThreadId(23) wkmp_ai::services::filename_matcher: wkmp-ai\src\services\filename_matcher.rs:54: Checking if file exists in database path=Aretha Franklin/The Atlantic Singles Collection 1967–1970/115 - The House That Jack Built (mono version).mp3 norm_us=8
2026-02-06T02:59:17.843048Z DEBUG tokio-runtime-worker ThreadId(23) wkmp_ai::services::workflow_orchestrator: wkmp-ai\src\services\workflow_orchestrator\mod.rs:3118: Starting per-file pipeline file_index=126 file_id=5434e5d3-8169-4b12-84fe-4493af090649 file=Aretha Franklin/The Atlantic Singles Collection 1967–1970/116 - I Say a Little Prayer.mp3
2026-02-06T02:59:17.843197Z  INFO tokio-runtime-worker ThreadId(23) wkmp_ai::services::workflow_orchestrator: wkmp-ai\src\services\workflow_orchestrator\mod.rs:1733: Starting PLAN024 10-phase per-file pipeline (late audio decode) file="C:\\Users\\Mango Cat\\Music\\Aretha Franklin/The Atlantic Singles Collection 1967–1970/116 - I Say a Little Prayer.mp3"
2026-02-06T02:59:17.843407Z DEBUG tokio-runtime-worker ThreadId(23) wkmp_ai::services::workflow_orchestrator: wkmp-ai\src\services\workflow_orchestrator\mod.rs:1742: Phase 1: Filename Matching - START file="C:\\Users\\Mango Cat\\Music\\Aretha Franklin/The Atlantic Singles Collection 1967–1970/116 - I Say a Little Prayer.mp3"
2026-02-06T02:59:17.843595Z DEBUG tokio-runtime-worker ThreadId(23) wkmp_ai::services::filename_matcher: wkmp-ai\src\services\filename_matcher.rs:54: Checking if file exists in database path=Aretha Franklin/The Atlantic Singles Collection 1967–1970/116 - I Say a Little Prayer.mp3 norm_us=6
2026-02-06T02:59:17.844000Z DEBUG tokio-runtime-worker ThreadId(23) wkmp_ai::api::sse: wkmp-ai\src\api\sse.rs:71: SSE: Broadcasting import event: ImportProgressUpdate
2026-02-06T02:59:17.845241Z DEBUG tokio-runtime-worker ThreadId(23) wkmp_ai::api::sse: wkmp-ai\src\api\sse.rs:71: SSE: Broadcasting import event: ImportProgressUpdate
2026-02-06T02:59:17.845779Z DEBUG tokio-runtime-worker ThreadId(23) wkmp_ai::api::sse: wkmp-ai\src\api\sse.rs:71: SSE: Broadcasting import event: ImportProgressUpdate
2026-02-06T02:59:17.847647Z DEBUG tokio-runtime-worker ThreadId(23) wkmp_ai::api::sse: wkmp-ai\src\api\sse.rs:71: SSE: Broadcasting import event: ImportProgressUpdate
2026-02-06T02:59:17.848057Z DEBUG tokio-runtime-worker ThreadId(23) wkmp_ai::api::sse: wkmp-ai\src\api\sse.rs:71: SSE: Broadcasting import event: ImportProgressUpdate
2026-02-06T02:59:17.849689Z DEBUG tokio-runtime-worker ThreadId(23) wkmp_ai::api::sse: wkmp-ai\src\api\sse.rs:71: SSE: Broadcasting import event: ImportProgressUpdate
2026-02-06T02:59:17.850232Z DEBUG tokio-runtime-worker ThreadId(23) wkmp_ai::services::filename_matcher: wkmp-ai\src\services\filename_matcher.rs:65: Database query completed path=Aretha Franklin/The Atlantic Singles Collection 1967–1970/116 - I Say a Little Prayer.mp3 query_us=6489
2026-02-06T02:59:17.850387Z DEBUG tokio-runtime-worker ThreadId(23) wkmp_ai::services::filename_matcher: wkmp-ai\src\services\filename_matcher.rs:81: File already processed (INGEST COMPLETE) path=Aretha Franklin/The Atlantic Singles Collection 1967–1970/116 - I Say a Little Prayer.mp3 guid=5434e5d3-8169-4b12-84fe-4493af090649
2026-02-06T02:59:17.850588Z  INFO tokio-runtime-worker ThreadId(23) wkmp_ai::services::workflow_orchestrator: wkmp-ai\src\services\workflow_orchestrator\mod.rs:1756: Phase 1 completed phase="Filename Matching" duration_ms=7 path_us=0 db_ms=6 file_index=126
2026-02-06T02:59:17.850750Z  INFO tokio-runtime-worker ThreadId(23) wkmp_ai::services::workflow_orchestrator: wkmp-ai\src\services\workflow_orchestrator\mod.rs:1770: File already processed (INGEST COMPLETE/NO AUDIO/DUPLICATE HASH), skipping all remaining phases file="C:\\Users\\Mango Cat\\Music\\Aretha Franklin/The Atlantic Singles Collection 1967–1970/116 - I Say a Little Prayer.mp3" file_id=5434e5d3-8169-4b12-84fe-4493af090649
2026-02-06T02:59:17.850925Z DEBUG tokio-runtime-worker ThreadId(23) wkmp_ai::services::workflow_orchestrator: wkmp-ai\src\services\workflow_orchestrator\mod.rs:2936: File processing complete session_id=e6293ba0-b57f-441f-a6ea-884d33b9111b file_index=126 file=Aretha Franklin/The Atlantic Singles Collection 1967–1970/116 - I Say a Little Prayer.mp3
2026-02-06T02:59:17.851316Z DEBUG tokio-runtime-worker ThreadId(23) wkmp_ai::services::workflow_orchestrator: wkmp-ai\src\services\workflow_orchestrator\mod.rs:1438: Acquiring all statistics Mutex locks for SSE conversion
2026-02-06T02:59:17.851449Z DEBUG tokio-runtime-worker ThreadId(23) wkmp_ai::services::workflow_orchestrator: wkmp-ai\src\services\workflow_orchestrator\mod.rs:1467: All statistics Mutex locks acquired and data cloned
2026-02-06T02:59:17.851692Z DEBUG tokio-runtime-worker ThreadId(23) wkmp_ai::services::workflow_orchestrator: wkmp-ai\src\services\workflow_orchestrator\mod.rs:1577: Releasing all statistics Mutex locks for SSE conversion
2026-02-06T02:59:17.851946Z DEBUG tokio-runtime-worker ThreadId(23) wkmp_ai::services::filename_matcher: wkmp-ai\src\services\filename_matcher.rs:65: Database query completed path=Aretha Franklin/The Atlantic Singles Collection 1967–1970/115 - The House That Jack Built (mono version).mp3 query_us=8949
2026-02-06T02:59:17.852139Z DEBUG tokio-runtime-worker ThreadId(23) wkmp_ai::services::filename_matcher: wkmp-ai\src\services\filename_matcher.rs:81: File already processed (INGEST COMPLETE) path=Aretha Franklin/The Atlantic Singles Collection 1967–1970/115 - The House That Jack Built (mono version).mp3 guid=46f562a6-2592-4c0a-9929-5641ebffbf1e
2026-02-06T02:59:17.852440Z  INFO tokio-runtime-worker ThreadId(23) wkmp_ai::services::workflow_orchestrator: wkmp-ai\src\services\workflow_orchestrator\mod.rs:1756: Phase 1 completed phase="Filename Matching" duration_ms=9 path_us=2 db_ms=9 file_index=125
2026-02-06T02:59:17.852666Z  INFO tokio-runtime-worker ThreadId(23) wkmp_ai::services::workflow_orchestrator: wkmp-ai\src\services\workflow_orchestrator\mod.rs:1770: File already processed (INGEST COMPLETE/NO AUDIO/DUPLICATE HASH), skipping all remaining phases file="C:\\Users\\Mango Cat\\Music\\Aretha Franklin/The Atlantic Singles Collection 1967–1970/115 - The House That Jack Built (mono version).mp3" file_id=46f562a6-2592-4c0a-9929-5641ebffbf1e
2026-02-06T02:59:17.852903Z DEBUG tokio-runtime-worker ThreadId(23) wkmp_ai::services::workflow_orchestrator: wkmp-ai\src\services\workflow_orchestrator\mod.rs:2936: File processing complete session_id=e6293ba0-b57f-441f-a6ea-884d33b9111b file_index=125 file=Aretha Franklin/The Atlantic Singles Collection 1967–1970/115 - The House That Jack Built (mono version).mp3
2026-02-06T02:59:17.853133Z DEBUG tokio-runtime-worker ThreadId(23) wkmp_ai::services::workflow_orchestrator: wkmp-ai\src\services\workflow_orchestrator\mod.rs:1438: Acquiring all statistics Mutex locks for SSE conversion
2026-02-06T02:59:17.853304Z DEBUG tokio-runtime-worker ThreadId(23) wkmp_ai::services::workflow_orchestrator: wkmp-ai\src\services\workflow_orchestrator\mod.rs:1467: All statistics Mutex locks acquired and data cloned
2026-02-06T02:59:17.853531Z DEBUG tokio-runtime-worker ThreadId(23) wkmp_ai::services::workflow_orchestrator: wkmp-ai\src\services\workflow_orchestrator\mod.rs:1577: Releasing all statistics Mutex locks for SSE conversion
2026-02-06T02:59:17.853711Z DEBUG tokio-runtime-worker ThreadId(23) wkmp_ai::services::filename_matcher: wkmp-ai\src\services\filename_matcher.rs:65: Database query completed path=Aretha Franklin/The Atlantic Singles Collection 1967–1970/114 - You Send Me.mp3 query_us=11460
2026-02-06T02:59:17.853853Z DEBUG tokio-runtime-worker ThreadId(23) wkmp_ai::services::filename_matcher: wkmp-ai\src\services\filename_matcher.rs:81: File already processed (INGEST COMPLETE) path=Aretha Franklin/The Atlantic Singles Collection 1967–1970/114 - You Send Me.mp3 guid=ef9ee7bb-a618-4de2-a1c4-dc8160a7af3d
2026-02-06T02:59:17.854039Z  INFO tokio-runtime-worker ThreadId(23) wkmp_ai::services::workflow_orchestrator: wkmp-ai\src\services\workflow_orchestrator\mod.rs:1756: Phase 1 completed phase="Filename Matching" duration_ms=12 path_us=2 db_ms=11 file_index=124
2026-02-06T02:59:17.854163Z  INFO tokio-runtime-worker ThreadId(23) wkmp_ai::services::workflow_orchestrator: wkmp-ai\src\services\workflow_orchestrator\mod.rs:1770: File already processed (INGEST COMPLETE/NO AUDIO/DUPLICATE HASH), skipping all remaining phases file="C:\\Users\\Mango Cat\\Music\\Aretha Franklin/The Atlantic Singles Collection 1967–1970/114 - You Send Me.mp3" file_id=ef9ee7bb-a618-4de2-a1c4-dc8160a7af3d
2026-02-06T02:59:17.854354Z DEBUG tokio-runtime-worker ThreadId(23) wkmp_ai::services::workflow_orchestrator: wkmp-ai\src\services\workflow_orchestrator\mod.rs:2936: File processing complete session_id=e6293ba0-b57f-441f-a6ea-884d33b9111b file_index=124 file=Aretha Franklin/The Atlantic Singles Collection 1967–1970/114 - You Send Me.mp3
2026-02-06T02:59:17.854491Z DEBUG tokio-runtime-worker ThreadId(23) wkmp_ai::services::workflow_orchestrator: wkmp-ai\src\services\workflow_orchestrator\mod.rs:1438: Acquiring all statistics Mutex locks for SSE conversion
2026-02-06T02:59:17.854639Z DEBUG tokio-runtime-worker ThreadId(23) wkmp_ai::services::workflow_orchestrator: wkmp-ai\src\services\workflow_orchestrator\mod.rs:1467: All statistics Mutex locks acquired and data cloned
2026-02-06T02:59:17.854829Z DEBUG tokio-runtime-worker ThreadId(23) wkmp_ai::services::workflow_orchestrator: wkmp-ai\src\services\workflow_orchestrator\mod.rs:1577: Releasing all statistics Mutex locks for SSE conversion
2026-02-06T02:59:17.854992Z DEBUG tokio-runtime-worker ThreadId(23) wkmp_ai::services::workflow_orchestrator: wkmp-ai\src\services\workflow_orchestrator\mod.rs:3118: Starting per-file pipeline file_index=127 file_id=128ac9e9-97dc-446e-8fad-34a3cce596a2 file=Aretha Franklin/The Atlantic Singles Collection 1967–1970/117 - See Saw.mp3
2026-02-06T02:59:17.855120Z  INFO tokio-runtime-worker ThreadId(23) wkmp_ai::services::workflow_orchestrator: wkmp-ai\src\services\workflow_orchestrator\mod.rs:1733: Starting PLAN024 10-phase per-file pipeline (late audio decode) file="C:\\Users\\Mango Cat\\Music\\Aretha Franklin/The Atlantic Singles Collection 1967–1970/117 - See Saw.mp3"
2026-02-06T02:59:17.855309Z DEBUG tokio-runtime-worker ThreadId(23) wkmp_ai::services::workflow_orchestrator: wkmp-ai\src\services\workflow_orchestrator\mod.rs:1742: Phase 1: Filename Matching - START file="C:\\Users\\Mango Cat\\Music\\Aretha Franklin/The Atlantic Singles Collection 1967–1970/117 - See Saw.mp3"
2026-02-06T02:59:17.855432Z DEBUG tokio-runtime-worker ThreadId(23) wkmp_ai::services::filename_matcher: wkmp-ai\src\services\filename_matcher.rs:54: Checking if file exists in database path=Aretha Franklin/The Atlantic Singles Collection 1967–1970/117 - See Saw.mp3 norm_us=10
2026-02-06T02:59:17.855646Z DEBUG tokio-runtime-worker ThreadId(23) wkmp_ai::services::workflow_orchestrator: wkmp-ai\src\services\workflow_orchestrator\mod.rs:3118: Starting per-file pipeline file_index=128 file_id=af896435-8912-4453-9fd3-3273f7c06cac file=Aretha Franklin/The Atlantic Singles Collection 1967–1970/118 - My Song.mp3
2026-02-06T02:59:17.855778Z  INFO tokio-runtime-worker ThreadId(23) wkmp_ai::services::workflow_orchestrator: wkmp-ai\src\services\workflow_orchestrator\mod.rs:1733: Starting PLAN024 10-phase per-file pipeline (late audio decode) file="C:\\Users\\Mango Cat\\Music\\Aretha Franklin/The Atlantic Singles Collection 1967–1970/118 - My Song.mp3"
2026-02-06T02:59:17.855952Z DEBUG tokio-runtime-worker ThreadId(23) wkmp_ai::services::workflow_orchestrator: wkmp-ai\src\services\workflow_orchestrator\mod.rs:1742: Phase 1: Filename Matching - START file="C:\\Users\\Mango Cat\\Music\\Aretha Franklin/The Atlantic Singles Collection 1967–1970/118 - My Song.mp3"
2026-02-06T02:59:17.856069Z DEBUG tokio-runtime-worker ThreadId(23) wkmp_ai::services::filename_matcher: wkmp-ai\src\services\filename_matcher.rs:54: Checking if file exists in database path=Aretha Franklin/The Atlantic Singles Collection 1967–1970/118 - My Song.mp3 norm_us=7
2026-02-06T02:59:17.856256Z DEBUG tokio-runtime-worker ThreadId(23) wkmp_ai::services::workflow_orchestrator: wkmp-ai\src\services\workflow_orchestrator\mod.rs:3118: Starting per-file pipeline file_index=129 file_id=db827c57-648e-46e0-b3d2-814534f7d96a file=Aretha Franklin/The Atlantic Singles Collection 1967–1970/201 - The Weight.mp3
2026-02-06T02:59:17.856403Z  INFO tokio-runtime-worker ThreadId(23) wkmp_ai::services::workflow_orchestrator: wkmp-ai\src\services\workflow_orchestrator\mod.rs:1733: Starting PLAN024 10-phase per-file pipeline (late audio decode) file="C:\\Users\\Mango Cat\\Music\\Aretha Franklin/The Atlantic Singles Collection 1967–1970/201 - The Weight.mp3"
2026-02-06T02:59:17.856610Z DEBUG tokio-runtime-worker ThreadId(23) wkmp_ai::services::workflow_orchestrator: wkmp-ai\src\services\workflow_orchestrator\mod.rs:1742: Phase 1: Filename Matching - START file="C:\\Users\\Mango Cat\\Music\\Aretha Franklin/The Atlantic Singles Collection 1967–1970/201 - The Weight.mp3"
2026-02-06T02:59:17.856731Z DEBUG tokio-runtime-worker ThreadId(23) wkmp_ai::services::filename_matcher: wkmp-ai\src\services\filename_matcher.rs:54: Checking if file exists in database path=Aretha Franklin/The Atlantic Singles Collection 1967–1970/201 - The Weight.mp3 norm_us=7
2026-02-06T02:59:17.857108Z DEBUG tokio-runtime-worker ThreadId(23) wkmp_ai::api::sse: wkmp-ai\src\api\sse.rs:71: SSE: Broadcasting import event: ImportProgressUpdate
2026-02-06T02:59:17.858923Z DEBUG tokio-runtime-worker ThreadId(23) wkmp_ai::api::sse: wkmp-ai\src\api\sse.rs:71: SSE: Broadcasting import event: ImportProgressUpdate
2026-02-06T02:59:17.859253Z DEBUG tokio-runtime-worker ThreadId(23) wkmp_ai::api::sse: wkmp-ai\src\api\sse.rs:71: SSE: Broadcasting import event: ImportProgressUpdate
2026-02-06T02:59:17.861153Z DEBUG tokio-runtime-worker ThreadId(23) wkmp_ai::api::sse: wkmp-ai\src\api\sse.rs:71: SSE: Broadcasting import event: ImportProgressUpdate
2026-02-06T02:59:17.861648Z DEBUG tokio-runtime-worker ThreadId(23) wkmp_ai::api::sse: wkmp-ai\src\api\sse.rs:71: SSE: Broadcasting import event: ImportProgressUpdate
2026-02-06T02:59:17.863586Z DEBUG tokio-runtime-worker ThreadId(23) wkmp_ai::api::sse: wkmp-ai\src\api\sse.rs:71: SSE: Broadcasting import event: ImportProgressUpdate
2026-02-06T02:59:17.864463Z DEBUG tokio-runtime-worker ThreadId(23) wkmp_ai::services::filename_matcher: wkmp-ai\src\services\filename_matcher.rs:65: Database query completed path=Aretha Franklin/The Atlantic Singles Collection 1967–1970/117 - See Saw.mp3 query_us=8861
2026-02-06T02:59:17.865045Z DEBUG tokio-runtime-worker ThreadId(23) wkmp_ai::services::filename_matcher: wkmp-ai\src\services\filename_matcher.rs:81: File already processed (INGEST COMPLETE) path=Aretha Franklin/The Atlantic Singles Collection 1967–1970/117 - See Saw.mp3 guid=128ac9e9-97dc-446e-8fad-34a3cce596a2
2026-02-06T02:59:17.865573Z  INFO tokio-runtime-worker ThreadId(23) wkmp_ai::services::workflow_orchestrator: wkmp-ai\src\services\workflow_orchestrator\mod.rs:1756: Phase 1 completed phase="Filename Matching" duration_ms=10 path_us=2 db_ms=10 file_index=127
2026-02-06T02:59:17.865925Z  INFO tokio-runtime-worker ThreadId(23) wkmp_ai::services::workflow_orchestrator: wkmp-ai\src\services\workflow_orchestrator\mod.rs:1770: File already processed (INGEST COMPLETE/NO AUDIO/DUPLICATE HASH), skipping all remaining phases file="C:\\Users\\Mango Cat\\Music\\Aretha Franklin/The Atlantic Singles Collection 1967–1970/117 - See Saw.mp3" file_id=128ac9e9-97dc-446e-8fad-34a3cce596a2
2026-02-06T02:59:17.866183Z DEBUG tokio-runtime-worker ThreadId(23) wkmp_ai::services::workflow_orchestrator: wkmp-ai\src\services\workflow_orchestrator\mod.rs:2936: File processing complete session_id=e6293ba0-b57f-441f-a6ea-884d33b9111b file_index=127 file=Aretha Franklin/The Atlantic Singles Collection 1967–1970/117 - See Saw.mp3
2026-02-06T02:59:17.866388Z DEBUG tokio-runtime-worker ThreadId(23) wkmp_ai::services::workflow_orchestrator: wkmp-ai\src\services\workflow_orchestrator\mod.rs:1438: Acquiring all statistics Mutex locks for SSE conversion
2026-02-06T02:59:17.866530Z DEBUG tokio-runtime-worker ThreadId(23) wkmp_ai::services::workflow_orchestrator: wkmp-ai\src\services\workflow_orchestrator\mod.rs:1467: All statistics Mutex locks acquired and data cloned
2026-02-06T02:59:17.866772Z DEBUG tokio-runtime-worker ThreadId(23) wkmp_ai::services::workflow_orchestrator: wkmp-ai\src\services\workflow_orchestrator\mod.rs:1577: Releasing all statistics Mutex locks for SSE conversion
2026-02-06T02:59:17.866976Z DEBUG tokio-runtime-worker ThreadId(23) wkmp_ai::services::filename_matcher: wkmp-ai\src\services\filename_matcher.rs:65: Database query completed path=Aretha Franklin/The Atlantic Singles Collection 1967–1970/201 - The Weight.mp3 query_us=10069
2026-02-06T02:59:17.867145Z DEBUG tokio-runtime-worker ThreadId(23) wkmp_ai::services::filename_matcher: wkmp-ai\src\services\filename_matcher.rs:81: File already processed (INGEST COMPLETE) path=Aretha Franklin/The Atlantic Singles Collection 1967–1970/201 - The Weight.mp3 guid=db827c57-648e-46e0-b3d2-814534f7d96a
2026-02-06T02:59:17.867304Z  INFO tokio-runtime-worker ThreadId(23) wkmp_ai::services::workflow_orchestrator: wkmp-ai\src\services\workflow_orchestrator\mod.rs:1756: Phase 1 completed phase="Filename Matching" duration_ms=10 path_us=2 db_ms=10 file_index=129
2026-02-06T02:59:17.867460Z  INFO tokio-runtime-worker ThreadId(23) wkmp_ai::services::workflow_orchestrator: wkmp-ai\src\services\workflow_orchestrator\mod.rs:1770: File already processed (INGEST COMPLETE/NO AUDIO/DUPLICATE HASH), skipping all remaining phases file="C:\\Users\\Mango Cat\\Music\\Aretha Franklin/The Atlantic Singles Collection 1967–1970/201 - The Weight.mp3" file_id=db827c57-648e-46e0-b3d2-814534f7d96a
2026-02-06T02:59:17.867665Z DEBUG tokio-runtime-worker ThreadId(23) wkmp_ai::services::workflow_orchestrator: wkmp-ai\src\services\workflow_orchestrator\mod.rs:2936: File processing complete session_id=e6293ba0-b57f-441f-a6ea-884d33b9111b file_index=129 file=Aretha Franklin/The Atlantic Singles Collection 1967–1970/201 - The Weight.mp3
2026-02-06T02:59:17.875449Z DEBUG tokio-runtime-worker ThreadId(23) wkmp_ai::services::workflow_orchestrator: wkmp-ai\src\services\workflow_orchestrator\mod.rs:1438: Acquiring all statistics Mutex locks for SSE conversion
2026-02-06T02:59:17.875650Z DEBUG tokio-runtime-worker ThreadId(23) wkmp_ai::services::workflow_orchestrator: wkmp-ai\src\services\workflow_orchestrator\mod.rs:1467: All statistics Mutex locks acquired and data cloned
2026-02-06T02:59:17.875987Z DEBUG tokio-runtime-worker ThreadId(23) wkmp_ai::services::workflow_orchestrator: wkmp-ai\src\services\workflow_orchestrator\mod.rs:1577: Releasing all statistics Mutex locks for SSE conversion
2026-02-06T02:59:17.876351Z DEBUG tokio-runtime-worker ThreadId(23) wkmp_ai::services::filename_matcher: wkmp-ai\src\services\filename_matcher.rs:65: Database query completed path=Aretha Franklin/The Atlantic Singles Collection 1967–1970/118 - My Song.mp3 query_us=20112
2026-02-06T02:59:17.876593Z DEBUG tokio-runtime-worker ThreadId(23) wkmp_ai::services::filename_matcher: wkmp-ai\src\services\filename_matcher.rs:81: File already processed (INGEST COMPLETE) path=Aretha Franklin/The Atlantic Singles Collection 1967–1970/118 - My Song.mp3 guid=af896435-8912-4453-9fd3-3273f7c06cac
2026-02-06T02:59:17.876828Z  INFO tokio-runtime-worker ThreadId(23) wkmp_ai::services::workflow_orchestrator: wkmp-ai\src\services\workflow_orchestrator\mod.rs:1756: Phase 1 completed phase="Filename Matching" duration_ms=20 path_us=1 db_ms=20 file_index=128
2026-02-06T02:59:17.877010Z  INFO tokio-runtime-worker ThreadId(23) wkmp_ai::services::workflow_orchestrator: wkmp-ai\src\services\workflow_orchestrator\mod.rs:1770: File already processed (INGEST COMPLETE/NO AUDIO/DUPLICATE HASH), skipping all remaining phases file="C:\\Users\\Mango Cat\\Music\\Aretha Franklin/The Atlantic Singles Collection 1967–1970/118 - My Song.mp3" file_id=af896435-8912-4453-9fd3-3273f7c06cac
2026-02-06T02:59:17.877205Z DEBUG tokio-runtime-worker ThreadId(23) wkmp_ai::services::workflow_orchestrator: wkmp-ai\src\services\workflow_orchestrator\mod.rs:2936: File processing complete session_id=e6293ba0-b57f-441f-a6ea-884d33b9111b file_index=128 file=Aretha Franklin/The Atlantic Singles Collection 1967–1970/118 - My Song.mp3
2026-02-06T02:59:17.877401Z DEBUG tokio-runtime-worker ThreadId(23) wkmp_ai::services::workflow_orchestrator: wkmp-ai\src\services\workflow_orchestrator\mod.rs:1438: Acquiring all statistics Mutex locks for SSE conversion
2026-02-06T02:59:17.877539Z DEBUG tokio-runtime-worker ThreadId(23) wkmp_ai::services::workflow_orchestrator: wkmp-ai\src\services\workflow_orchestrator\mod.rs:1467: All statistics Mutex locks acquired and data cloned
2026-02-06T02:59:17.877930Z DEBUG tokio-runtime-worker ThreadId(23) wkmp_ai::services::workflow_orchestrator: wkmp-ai\src\services\workflow_orchestrator\mod.rs:1577: Releasing all statistics Mutex locks for SSE conversion
2026-02-06T02:59:17.878333Z DEBUG tokio-runtime-worker ThreadId(23) wkmp_ai::services::workflow_orchestrator: wkmp-ai\src\services\workflow_orchestrator\mod.rs:3118: Starting per-file pipeline file_index=130 file_id=e884f252-f25d-43d4-8b79-a63994070e5e file=Aretha Franklin/The Atlantic Singles Collection 1967–1970/202 - Tracks of My Tears.mp3
2026-02-06T02:59:17.878702Z  INFO tokio-runtime-worker ThreadId(23) wkmp_ai::services::workflow_orchestrator: wkmp-ai\src\services\workflow_orchestrator\mod.rs:1733: Starting PLAN024 10-phase per-file pipeline (late audio decode) file="C:\\Users\\Mango Cat\\Music\\Aretha Franklin/The Atlantic Singles Collection 1967–1970/202 - Tracks of My Tears.mp3"
2026-02-06T02:59:17.879159Z DEBUG tokio-runtime-worker ThreadId(23) wkmp_ai::services::workflow_orchestrator: wkmp-ai\src\services\workflow_orchestrator\mod.rs:1742: Phase 1: Filename Matching - START file="C:\\Users\\Mango Cat\\Music\\Aretha Franklin/The Atlantic Singles Collection 1967–1970/202 - Tracks of My Tears.mp3"
2026-02-06T02:59:17.879416Z DEBUG tokio-runtime-worker ThreadId(23) wkmp_ai::services::filename_matcher: wkmp-ai\src\services\filename_matcher.rs:54: Checking if file exists in database path=Aretha Franklin/The Atlantic Singles Collection 1967–1970/202 - Tracks of My Tears.mp3 norm_us=14
2026-02-06T02:59:17.879744Z DEBUG tokio-runtime-worker ThreadId(23) wkmp_ai::services::workflow_orchestrator: wkmp-ai\src\services\workflow_orchestrator\mod.rs:3118: Starting per-file pipeline file_index=131 file_id=39af3117-18f1-4eb7-bd32-70d8c443c9e5 file=Aretha Franklin/The Atlantic Singles Collection 1967–1970/203 - I Can’t See Myself Leaving You.mp3
2026-02-06T02:59:17.879952Z  INFO tokio-runtime-worker ThreadId(23) wkmp_ai::services::workflow_orchestrator: wkmp-ai\src\services\workflow_orchestrator\mod.rs:1733: Starting PLAN024 10-phase per-file pipeline (late audio decode) file="C:\\Users\\Mango Cat\\Music\\Aretha Franklin/The Atlantic Singles Collection 1967–1970/203 - I Can’t See Myself Leaving You.mp3"
2026-02-06T02:59:17.880156Z DEBUG tokio-runtime-worker ThreadId(23) wkmp_ai::services::workflow_orchestrator: wkmp-ai\src\services\workflow_orchestrator\mod.rs:1742: Phase 1: Filename Matching - START file="C:\\Users\\Mango Cat\\Music\\Aretha Franklin/The Atlantic Singles Collection 1967–1970/203 - I Can’t See Myself Leaving You.mp3"
2026-02-06T02:59:17.880327Z DEBUG tokio-runtime-worker ThreadId(23) wkmp_ai::services::filename_matcher: wkmp-ai\src\services\filename_matcher.rs:54: Checking if file exists in database path=Aretha Franklin/The Atlantic Singles Collection 1967–1970/203 - I Can’t See Myself Leaving You.mp3 norm_us=8
2026-02-06T02:59:17.880548Z DEBUG tokio-runtime-worker ThreadId(23) wkmp_ai::services::workflow_orchestrator: wkmp-ai\src\services\workflow_orchestrator\mod.rs:3118: Starting per-file pipeline file_index=132 file_id=2a91b3cb-60ab-4be3-9e93-98c6171c6bc8 file=Aretha Franklin/The Atlantic Singles Collection 1967–1970/204 - Gentle on My Mind.mp3
2026-02-06T02:59:17.880726Z  INFO tokio-runtime-worker ThreadId(23) wkmp_ai::services::workflow_orchestrator: wkmp-ai\src\services\workflow_orchestrator\mod.rs:1733: Starting PLAN024 10-phase per-file pipeline (late audio decode) file="C:\\Users\\Mango Cat\\Music\\Aretha Franklin/The Atlantic Singles Collection 1967–1970/204 - Gentle on My Mind.mp3"
2026-02-06T02:59:17.880897Z DEBUG tokio-runtime-worker ThreadId(23) wkmp_ai::services::workflow_orchestrator: wkmp-ai\src\services\workflow_orchestrator\mod.rs:1742: Phase 1: Filename Matching - START file="C:\\Users\\Mango Cat\\Music\\Aretha Franklin/The Atlantic Singles Collection 1967–1970/204 - Gentle on My Mind.mp3"
2026-02-06T02:59:17.881075Z DEBUG tokio-runtime-worker ThreadId(23) wkmp_ai::services::filename_matcher: wkmp-ai\src\services\filename_matcher.rs:54: Checking if file exists in database path=Aretha Franklin/The Atlantic Singles Collection 1967–1970/204 - Gentle on My Mind.mp3 norm_us=7
2026-02-06T02:59:17.881494Z DEBUG tokio-runtime-worker ThreadId(23) wkmp_ai::api::sse: wkmp-ai\src\api\sse.rs:71: SSE: Broadcasting import event: ImportProgressUpdate
2026-02-06T02:59:17.883430Z DEBUG tokio-runtime-worker ThreadId(23) wkmp_ai::api::sse: wkmp-ai\src\api\sse.rs:71: SSE: Broadcasting import event: ImportProgressUpdate
2026-02-06T02:59:17.883816Z DEBUG tokio-runtime-worker ThreadId(23) wkmp_ai::api::sse: wkmp-ai\src\api\sse.rs:71: SSE: Broadcasting import event: ImportProgressUpdate
2026-02-06T02:59:17.885673Z DEBUG tokio-runtime-worker ThreadId(23) wkmp_ai::api::sse: wkmp-ai\src\api\sse.rs:71: SSE: Broadcasting import event: ImportProgressUpdate
2026-02-06T02:59:17.886009Z DEBUG tokio-runtime-worker ThreadId(23) wkmp_ai::api::sse: wkmp-ai\src\api\sse.rs:71: SSE: Broadcasting import event: ImportProgressUpdate
2026-02-06T02:59:17.887875Z DEBUG tokio-runtime-worker ThreadId(23) wkmp_ai::api::sse: wkmp-ai\src\api\sse.rs:71: SSE: Broadcasting import event: ImportProgressUpdate
2026-02-06T02:59:17.888498Z DEBUG tokio-runtime-worker ThreadId(23) wkmp_ai::services::filename_matcher: wkmp-ai\src\services\filename_matcher.rs:65: Database query completed path=Aretha Franklin/The Atlantic Singles Collection 1967–1970/204 - Gentle on My Mind.mp3 query_us=7299
2026-02-06T02:59:17.888734Z DEBUG tokio-runtime-worker ThreadId(23) wkmp_ai::services::filename_matcher: wkmp-ai\src\services\filename_matcher.rs:81: File already processed (INGEST COMPLETE) path=Aretha Franklin/The Atlantic Singles Collection 1967–1970/204 - Gentle on My Mind.mp3 guid=2a91b3cb-60ab-4be3-9e93-98c6171c6bc8
2026-02-06T02:59:17.888903Z  INFO tokio-runtime-worker ThreadId(23) wkmp_ai::services::workflow_orchestrator: wkmp-ai\src\services\workflow_orchestrator\mod.rs:1756: Phase 1 completed phase="Filename Matching" duration_ms=8 path_us=1 db_ms=7 file_index=132
2026-02-06T02:59:17.889090Z  INFO tokio-runtime-worker ThreadId(23) wkmp_ai::services::workflow_orchestrator: wkmp-ai\src\services\workflow_orchestrator\mod.rs:1770: File already processed (INGEST COMPLETE/NO AUDIO/DUPLICATE HASH), skipping all remaining phases file="C:\\Users\\Mango Cat\\Music\\Aretha Franklin/The Atlantic Singles Collection 1967–1970/204 - Gentle on My Mind.mp3" file_id=2a91b3cb-60ab-4be3-9e93-98c6171c6bc8
2026-02-06T02:59:17.889307Z DEBUG tokio-runtime-worker ThreadId(23) wkmp_ai::services::workflow_orchestrator: wkmp-ai\src\services\workflow_orchestrator\mod.rs:2936: File processing complete session_id=e6293ba0-b57f-441f-a6ea-884d33b9111b file_index=132 file=Aretha Franklin/The Atlantic Singles Collection 1967–1970/204 - Gentle on My Mind.mp3
2026-02-06T02:59:17.889505Z DEBUG tokio-runtime-worker ThreadId(23) wkmp_ai::services::workflow_orchestrator: wkmp-ai\src\services\workflow_orchestrator\mod.rs:1438: Acquiring all statistics Mutex locks for SSE conversion
2026-02-06T02:59:17.889737Z DEBUG tokio-runtime-worker ThreadId(23) wkmp_ai::services::workflow_orchestrator: wkmp-ai\src\services\workflow_orchestrator\mod.rs:1467: All statistics Mutex locks acquired and data cloned
2026-02-06T02:59:17.890004Z DEBUG tokio-runtime-worker ThreadId(23) wkmp_ai::services::workflow_orchestrator: wkmp-ai\src\services\workflow_orchestrator\mod.rs:1577: Releasing all statistics Mutex locks for SSE conversion
2026-02-06T02:59:17.890222Z DEBUG tokio-runtime-worker ThreadId(23) wkmp_ai::services::filename_matcher: wkmp-ai\src\services\filename_matcher.rs:65: Database query completed path=Aretha Franklin/The Atlantic Singles Collection 1967–1970/203 - I Can’t See Myself Leaving You.mp3 query_us=9725
2026-02-06T02:59:17.890397Z DEBUG tokio-runtime-worker ThreadId(23) wkmp_ai::services::filename_matcher: wkmp-ai\src\services\filename_matcher.rs:81: File already processed (INGEST COMPLETE) path=Aretha Franklin/The Atlantic Singles Collection 1967–1970/203 - I Can’t See Myself Leaving You.mp3 guid=39af3117-18f1-4eb7-bd32-70d8c443c9e5
2026-02-06T02:59:17.890555Z  INFO tokio-runtime-worker ThreadId(23) wkmp_ai::services::workflow_orchestrator: wkmp-ai\src\services\workflow_orchestrator\mod.rs:1756: Phase 1 completed phase="Filename Matching" duration_ms=10 path_us=1 db_ms=10 file_index=131
2026-02-06T02:59:17.890702Z  INFO tokio-runtime-worker ThreadId(23) wkmp_ai::services::workflow_orchestrator: wkmp-ai\src\services\workflow_orchestrator\mod.rs:1770: File already processed (INGEST COMPLETE/NO AUDIO/DUPLICATE HASH), skipping all remaining phases file="C:\\Users\\Mango Cat\\Music\\Aretha Franklin/The Atlantic Singles Collection 1967–1970/203 - I Can’t See Myself Leaving You.mp3" file_id=39af3117-18f1-4eb7-bd32-70d8c443c9e5
2026-02-06T02:59:17.890890Z DEBUG tokio-runtime-worker ThreadId(23) wkmp_ai::services::workflow_orchestrator: wkmp-ai\src\services\workflow_orchestrator\mod.rs:2936: File processing complete session_id=e6293ba0-b57f-441f-a6ea-884d33b9111b file_index=131 file=Aretha Franklin/The Atlantic Singles Collection 1967–1970/203 - I Can’t See Myself Leaving You.mp3
2026-02-06T02:59:17.891074Z DEBUG tokio-runtime-worker ThreadId(23) wkmp_ai::services::workflow_orchestrator: wkmp-ai\src\services\workflow_orchestrator\mod.rs:1438: Acquiring all statistics Mutex locks for SSE conversion
2026-02-06T02:59:17.891236Z DEBUG tokio-runtime-worker ThreadId(23) wkmp_ai::services::workflow_orchestrator: wkmp-ai\src\services\workflow_orchestrator\mod.rs:1467: All statistics Mutex locks acquired and data cloned
2026-02-06T02:59:17.891444Z DEBUG tokio-runtime-worker ThreadId(23) wkmp_ai::services::workflow_orchestrator: wkmp-ai\src\services\workflow_orchestrator\mod.rs:1577: Releasing all statistics Mutex locks for SSE conversion
2026-02-06T02:59:17.891620Z DEBUG tokio-runtime-worker ThreadId(23) wkmp_ai::services::filename_matcher: wkmp-ai\src\services\filename_matcher.rs:65: Database query completed path=Aretha Franklin/The Atlantic Singles Collection 1967–1970/202 - Tracks of My Tears.mp3 query_us=11982
2026-02-06T02:59:17.891789Z DEBUG tokio-runtime-worker ThreadId(23) wkmp_ai::services::filename_matcher: wkmp-ai\src\services\filename_matcher.rs:81: File already processed (INGEST COMPLETE) path=Aretha Franklin/The Atlantic Singles Collection 1967–1970/202 - Tracks of My Tears.mp3 guid=e884f252-f25d-43d4-8b79-a63994070e5e
2026-02-06T02:59:17.891904Z  INFO tokio-runtime-worker ThreadId(23) wkmp_ai::services::workflow_orchestrator: wkmp-ai\src\services\workflow_orchestrator\mod.rs:1756: Phase 1 completed phase="Filename Matching" duration_ms=12 path_us=1 db_ms=12 file_index=130
2026-02-06T02:59:17.892067Z  INFO tokio-runtime-worker ThreadId(23) wkmp_ai::services::workflow_orchestrator: wkmp-ai\src\services\workflow_orchestrator\mod.rs:1770: File already processed (INGEST COMPLETE/NO AUDIO/DUPLICATE HASH), skipping all remaining phases file="C:\\Users\\Mango Cat\\Music\\Aretha Franklin/The Atlantic Singles Collection 1967–1970/202 - Tracks of My Tears.mp3" file_id=e884f252-f25d-43d4-8b79-a63994070e5e
2026-02-06T02:59:17.892245Z DEBUG tokio-runtime-worker ThreadId(23) wkmp_ai::services::workflow_orchestrator: wkmp-ai\src\services\workflow_orchestrator\mod.rs:2936: File processing complete session_id=e6293ba0-b57f-441f-a6ea-884d33b9111b file_index=130 file=Aretha Franklin/The Atlantic Singles Collection 1967–1970/202 - Tracks of My Tears.mp3
2026-02-06T02:59:17.892412Z DEBUG tokio-runtime-worker ThreadId(23) wkmp_ai::services::workflow_orchestrator: wkmp-ai\src\services\workflow_orchestrator\mod.rs:1438: Acquiring all statistics Mutex locks for SSE conversion
2026-02-06T02:59:17.892518Z DEBUG tokio-runtime-worker ThreadId(23) wkmp_ai::services::workflow_orchestrator: wkmp-ai\src\services\workflow_orchestrator\mod.rs:1467: All statistics Mutex locks acquired and data cloned
2026-02-06T02:59:17.892756Z DEBUG tokio-runtime-worker ThreadId(23) wkmp_ai::services::workflow_orchestrator: wkmp-ai\src\services\workflow_orchestrator\mod.rs:1577: Releasing all statistics Mutex locks for SSE conversion
2026-02-06T02:59:17.892910Z DEBUG tokio-runtime-worker ThreadId(23) wkmp_ai::services::workflow_orchestrator: wkmp-ai\src\services\workflow_orchestrator\mod.rs:3118: Starting per-file pipeline file_index=133 file_id=d9b5cb78-d880-4fd2-a1e7-3bbf0210f40f file=Aretha Franklin/The Atlantic Singles Collection 1967–1970/205 - Share Your Love With Me.mp3
2026-02-06T02:59:17.893083Z  INFO tokio-runtime-worker ThreadId(23) wkmp_ai::services::workflow_orchestrator: wkmp-ai\src\services\workflow_orchestrator\mod.rs:1733: Starting PLAN024 10-phase per-file pipeline (late audio decode) file="C:\\Users\\Mango Cat\\Music\\Aretha Franklin/The Atlantic Singles Collection 1967–1970/205 - Share Your Love With Me.mp3"
2026-02-06T02:59:17.893222Z DEBUG tokio-runtime-worker ThreadId(23) wkmp_ai::services::workflow_orchestrator: wkmp-ai\src\services\workflow_orchestrator\mod.rs:1742: Phase 1: Filename Matching - START file="C:\\Users\\Mango Cat\\Music\\Aretha Franklin/The Atlantic Singles Collection 1967–1970/205 - Share Your Love With Me.mp3"
2026-02-06T02:59:17.893396Z DEBUG tokio-runtime-worker ThreadId(23) wkmp_ai::services::filename_matcher: wkmp-ai\src\services\filename_matcher.rs:54: Checking if file exists in database path=Aretha Franklin/The Atlantic Singles Collection 1967–1970/205 - Share Your Love With Me.mp3 norm_us=6
2026-02-06T02:59:17.893645Z DEBUG tokio-runtime-worker ThreadId(23) wkmp_ai::services::workflow_orchestrator: wkmp-ai\src\services\workflow_orchestrator\mod.rs:3118: Starting per-file pipeline file_index=134 file_id=f3f56f33-6cf6-4322-a423-db4b01bca9fb file=Aretha Franklin/The Atlantic Singles Collection 1967–1970/206 - Pledging My Love - The Clock.mp3
2026-02-06T02:59:17.893917Z  INFO tokio-runtime-worker ThreadId(23) wkmp_ai::services::workflow_orchestrator: wkmp-ai\src\services\workflow_orchestrator\mod.rs:1733: Starting PLAN024 10-phase per-file pipeline (late audio decode) file="C:\\Users\\Mango Cat\\Music\\Aretha Franklin/The Atlantic Singles Collection 1967–1970/206 - Pledging My Love - The Clock.mp3"
2026-02-06T02:59:17.894128Z DEBUG tokio-runtime-worker ThreadId(23) wkmp_ai::services::workflow_orchestrator: wkmp-ai\src\services\workflow_orchestrator\mod.rs:1742: Phase 1: Filename Matching - START file="C:\\Users\\Mango Cat\\Music\\Aretha Franklin/The Atlantic Singles Collection 1967–1970/206 - Pledging My Love - The Clock.mp3"
2026-02-06T02:59:17.894312Z DEBUG tokio-runtime-worker ThreadId(23) wkmp_ai::services::filename_matcher: wkmp-ai\src\services\filename_matcher.rs:54: Checking if file exists in database path=Aretha Franklin/The Atlantic Singles Collection 1967–1970/206 - Pledging My Love - The Clock.mp3 norm_us=7
2026-02-06T02:59:17.894608Z DEBUG tokio-runtime-worker ThreadId(23) wkmp_ai::services::workflow_orchestrator: wkmp-ai\src\services\workflow_orchestrator\mod.rs:3118: Starting per-file pipeline file_index=135 file_id=e14d94e8-c4c2-4a85-897f-5afd0098fcb3 file=Aretha Franklin/The Atlantic Singles Collection 1967–1970/207 - Eleanor Rigby.mp3
2026-02-06T02:59:17.895098Z  INFO tokio-runtime-worker ThreadId(23) wkmp_ai::services::workflow_orchestrator: wkmp-ai\src\services\workflow_orchestrator\mod.rs:1733: Starting PLAN024 10-phase per-file pipeline (late audio decode) file="C:\\Users\\Mango Cat\\Music\\Aretha Franklin/The Atlantic Singles Collection 1967–1970/207 - Eleanor Rigby.mp3"
2026-02-06T02:59:17.895583Z DEBUG tokio-runtime-worker ThreadId(23) wkmp_ai::services::workflow_orchestrator: wkmp-ai\src\services\workflow_orchestrator\mod.rs:1742: Phase 1: Filename Matching - START file="C:\\Users\\Mango Cat\\Music\\Aretha Franklin/The Atlantic Singles Collection 1967–1970/207 - Eleanor Rigby.mp3"
2026-02-06T02:59:17.896252Z DEBUG tokio-runtime-worker ThreadId(23) wkmp_ai::services::filename_matcher: wkmp-ai\src\services\filename_matcher.rs:54: Checking if file exists in database path=Aretha Franklin/The Atlantic Singles Collection 1967–1970/207 - Eleanor Rigby.mp3 norm_us=8
2026-02-06T02:59:17.896908Z DEBUG tokio-runtime-worker ThreadId(23) wkmp_ai::api::sse: wkmp-ai\src\api\sse.rs:71: SSE: Broadcasting import event: ImportProgressUpdate
2026-02-06T02:59:17.898878Z DEBUG tokio-runtime-worker ThreadId(23) wkmp_ai::api::sse: wkmp-ai\src\api\sse.rs:71: SSE: Broadcasting import event: ImportProgressUpdate
2026-02-06T02:59:17.899200Z DEBUG tokio-runtime-worker ThreadId(23) wkmp_ai::api::sse: wkmp-ai\src\api\sse.rs:71: SSE: Broadcasting import event: ImportProgressUpdate
2026-02-06T02:59:17.901046Z DEBUG tokio-runtime-worker ThreadId(23) wkmp_ai::api::sse: wkmp-ai\src\api\sse.rs:71: SSE: Broadcasting import event: ImportProgressUpdate
2026-02-06T02:59:17.901411Z DEBUG tokio-runtime-worker ThreadId(23) wkmp_ai::api::sse: wkmp-ai\src\api\sse.rs:71: SSE: Broadcasting import event: ImportProgressUpdate
2026-02-06T02:59:17.902663Z DEBUG tokio-runtime-worker ThreadId(23) wkmp_ai::api::sse: wkmp-ai\src\api\sse.rs:71: SSE: Broadcasting import event: ImportProgressUpdate
2026-02-06T02:59:17.903224Z DEBUG tokio-runtime-worker ThreadId(23) wkmp_ai::services::filename_matcher: wkmp-ai\src\services\filename_matcher.rs:65: Database query completed path=Aretha Franklin/The Atlantic Singles Collection 1967–1970/206 - Pledging My Love - The Clock.mp3 query_us=8666
2026-02-06T02:59:17.903451Z DEBUG tokio-runtime-worker ThreadId(23) wkmp_ai::services::filename_matcher: wkmp-ai\src\services\filename_matcher.rs:81: File already processed (INGEST COMPLETE) path=Aretha Franklin/The Atlantic Singles Collection 1967–1970/206 - Pledging My Love - The Clock.mp3 guid=f3f56f33-6cf6-4322-a423-db4b01bca9fb
2026-02-06T02:59:17.903731Z  INFO tokio-runtime-worker ThreadId(23) wkmp_ai::services::workflow_orchestrator: wkmp-ai\src\services\workflow_orchestrator\mod.rs:1756: Phase 1 completed phase="Filename Matching" duration_ms=9 path_us=2 db_ms=9 file_index=134
2026-02-06T02:59:17.903924Z  INFO tokio-runtime-worker ThreadId(23) wkmp_ai::services::workflow_orchestrator: wkmp-ai\src\services\workflow_orchestrator\mod.rs:1770: File already processed (INGEST COMPLETE/NO AUDIO/DUPLICATE HASH), skipping all remaining phases file="C:\\Users\\Mango Cat\\Music\\Aretha Franklin/The Atlantic Singles Collection 1967–1970/206 - Pledging My Love - The Clock.mp3" file_id=f3f56f33-6cf6-4322-a423-db4b01bca9fb
2026-02-06T02:59:17.904162Z DEBUG tokio-runtime-worker ThreadId(23) wkmp_ai::services::workflow_orchestrator: wkmp-ai\src\services\workflow_orchestrator\mod.rs:2936: File processing complete session_id=e6293ba0-b57f-441f-a6ea-884d33b9111b file_index=134 file=Aretha Franklin/The Atlantic Singles Collection 1967–1970/206 - Pledging My Love - The Clock.mp3
2026-02-06T02:59:17.904430Z DEBUG tokio-runtime-worker ThreadId(23) wkmp_ai::services::workflow_orchestrator: wkmp-ai\src\services\workflow_orchestrator\mod.rs:1438: Acquiring all statistics Mutex locks for SSE conversion
2026-02-06T02:59:17.904597Z DEBUG tokio-runtime-worker ThreadId(23) wkmp_ai::services::workflow_orchestrator: wkmp-ai\src\services\workflow_orchestrator\mod.rs:1467: All statistics Mutex locks acquired and data cloned
2026-02-06T02:59:17.904849Z DEBUG tokio-runtime-worker ThreadId(23) wkmp_ai::services::workflow_orchestrator: wkmp-ai\src\services\workflow_orchestrator\mod.rs:1577: Releasing all statistics Mutex locks for SSE conversion
2026-02-06T02:59:17.905030Z DEBUG tokio-runtime-worker ThreadId(23) wkmp_ai::services::filename_matcher: wkmp-ai\src\services\filename_matcher.rs:65: Database query completed path=Aretha Franklin/The Atlantic Singles Collection 1967–1970/207 - Eleanor Rigby.mp3 query_us=8420
2026-02-06T02:59:17.905253Z DEBUG tokio-runtime-worker ThreadId(23) wkmp_ai::services::filename_matcher: wkmp-ai\src\services\filename_matcher.rs:81: File already processed (INGEST COMPLETE) path=Aretha Franklin/The Atlantic Singles Collection 1967–1970/207 - Eleanor Rigby.mp3 guid=e14d94e8-c4c2-4a85-897f-5afd0098fcb3
2026-02-06T02:59:17.905458Z  INFO tokio-runtime-worker ThreadId(23) wkmp_ai::services::workflow_orchestrator: wkmp-ai\src\services\workflow_orchestrator\mod.rs:1756: Phase 1 completed phase="Filename Matching" duration_ms=9 path_us=2 db_ms=9 file_index=135
2026-02-06T02:59:17.905650Z  INFO tokio-runtime-worker ThreadId(23) wkmp_ai::services::workflow_orchestrator: wkmp-ai\src\services\workflow_orchestrator\mod.rs:1770: File already processed (INGEST COMPLETE/NO AUDIO/DUPLICATE HASH), skipping all remaining phases file="C:\\Users\\Mango Cat\\Music\\Aretha Franklin/The Atlantic Singles Collection 1967–1970/207 - Eleanor Rigby.mp3" file_id=e14d94e8-c4c2-4a85-897f-5afd0098fcb3
2026-02-06T02:59:17.905814Z DEBUG tokio-runtime-worker ThreadId(23) wkmp_ai::services::workflow_orchestrator: wkmp-ai\src\services\workflow_orchestrator\mod.rs:2936: File processing complete session_id=e6293ba0-b57f-441f-a6ea-884d33b9111b file_index=135 file=Aretha Franklin/The Atlantic Singles Collection 1967–1970/207 - Eleanor Rigby.mp3
2026-02-06T02:59:17.906019Z DEBUG tokio-runtime-worker ThreadId(23) wkmp_ai::services::workflow_orchestrator: wkmp-ai\src\services\workflow_orchestrator\mod.rs:1438: Acquiring all statistics Mutex locks for SSE conversion
2026-02-06T02:59:17.906130Z DEBUG tokio-runtime-worker ThreadId(23) wkmp_ai::services::workflow_orchestrator: wkmp-ai\src\services\workflow_orchestrator\mod.rs:1467: All statistics Mutex locks acquired and data cloned
2026-02-06T02:59:17.906345Z DEBUG tokio-runtime-worker ThreadId(23) wkmp_ai::services::workflow_orchestrator: wkmp-ai\src\services\workflow_orchestrator\mod.rs:1577: Releasing all statistics Mutex locks for SSE conversion
2026-02-06T02:59:17.906513Z DEBUG tokio-runtime-worker ThreadId(23) wkmp_ai::services::filename_matcher: wkmp-ai\src\services\filename_matcher.rs:65: Database query completed path=Aretha Franklin/The Atlantic Singles Collection 1967–1970/205 - Share Your Love With Me.mp3 query_us=12912
2026-02-06T02:59:17.906658Z DEBUG tokio-runtime-worker ThreadId(23) wkmp_ai::services::filename_matcher: wkmp-ai\src\services\filename_matcher.rs:81: File already processed (INGEST COMPLETE) path=Aretha Franklin/The Atlantic Singles Collection 1967–1970/205 - Share Your Love With Me.mp3 guid=d9b5cb78-d880-4fd2-a1e7-3bbf0210f40f
2026-02-06T02:59:17.906841Z  INFO tokio-runtime-worker ThreadId(23) wkmp_ai::services::workflow_orchestrator: wkmp-ai\src\services\workflow_orchestrator\mod.rs:1756: Phase 1 completed phase="Filename Matching" duration_ms=13 path_us=1 db_ms=13 file_index=133
2026-02-06T02:59:17.907014Z  INFO tokio-runtime-worker ThreadId(23) wkmp_ai::services::workflow_orchestrator: wkmp-ai\src\services\workflow_orchestrator\mod.rs:1770: File already processed (INGEST COMPLETE/NO AUDIO/DUPLICATE HASH), skipping all remaining phases file="C:\\Users\\Mango Cat\\Music\\Aretha Franklin/The Atlantic Singles Collection 1967–1970/205 - Share Your Love With Me.mp3" file_id=d9b5cb78-d880-4fd2-a1e7-3bbf0210f40f
2026-02-06T02:59:17.907178Z DEBUG tokio-runtime-worker ThreadId(23) wkmp_ai::services::workflow_orchestrator: wkmp-ai\src\services\workflow_orchestrator\mod.rs:2936: File processing complete session_id=e6293ba0-b57f-441f-a6ea-884d33b9111b file_index=133 file=Aretha Franklin/The Atlantic Singles Collection 1967–1970/205 - Share Your Love With Me.mp3
2026-02-06T02:59:17.907359Z DEBUG tokio-runtime-worker ThreadId(23) wkmp_ai::services::workflow_orchestrator: wkmp-ai\src\services\workflow_orchestrator\mod.rs:1438: Acquiring all statistics Mutex locks for SSE conversion
2026-02-06T02:59:17.907473Z DEBUG tokio-runtime-worker ThreadId(23) wkmp_ai::services::workflow_orchestrator: wkmp-ai\src\services\workflow_orchestrator\mod.rs:1467: All statistics Mutex locks acquired and data cloned
2026-02-06T02:59:17.907680Z DEBUG tokio-runtime-worker ThreadId(23) wkmp_ai::services::workflow_orchestrator: wkmp-ai\src\services\workflow_orchestrator\mod.rs:1577: Releasing all statistics Mutex locks for SSE conversion
2026-02-06T02:59:17.907856Z DEBUG tokio-runtime-worker ThreadId(23) wkmp_ai::services::workflow_orchestrator: wkmp-ai\src\services\workflow_orchestrator\mod.rs:3118: Starting per-file pipeline file_index=136 file_id=fa26c7f6-4dc9-4267-be00-8edd922a92b1 file=Aretha Franklin/The Atlantic Singles Collection 1967–1970/208 - It Ain’t Fair.mp3
2026-02-06T02:59:17.907999Z  INFO tokio-runtime-worker ThreadId(23) wkmp_ai::services::workflow_orchestrator: wkmp-ai\src\services\workflow_orchestrator\mod.rs:1733: Starting PLAN024 10-phase per-file pipeline (late audio decode) file="C:\\Users\\Mango Cat\\Music\\Aretha Franklin/The Atlantic Singles Collection 1967–1970/208 - It Ain’t Fair.mp3"
2026-02-06T02:59:17.908189Z DEBUG tokio-runtime-worker ThreadId(23) wkmp_ai::services::workflow_orchestrator: wkmp-ai\src\services\workflow_orchestrator\mod.rs:1742: Phase 1: Filename Matching - START file="C:\\Users\\Mango Cat\\Music\\Aretha Franklin/The Atlantic Singles Collection 1967–1970/208 - It Ain’t Fair.mp3"
2026-02-06T02:59:17.908307Z DEBUG tokio-runtime-worker ThreadId(23) wkmp_ai::services::filename_matcher: wkmp-ai\src\services\filename_matcher.rs:54: Checking if file exists in database path=Aretha Franklin/The Atlantic Singles Collection 1967–1970/208 - It Ain’t Fair.mp3 norm_us=5
2026-02-06T02:59:17.908493Z DEBUG tokio-runtime-worker ThreadId(23) wkmp_ai::services::workflow_orchestrator: wkmp-ai\src\services\workflow_orchestrator\mod.rs:3118: Starting per-file pipeline file_index=137 file_id=fff84edf-6bcd-456e-bbd8-a4cc27db8acd file=Aretha Franklin/The Atlantic Singles Collection 1967–1970/209 - Call Me.mp3
2026-02-06T02:59:17.908675Z  INFO tokio-runtime-worker ThreadId(23) wkmp_ai::services::workflow_orchestrator: wkmp-ai\src\services\workflow_orchestrator\mod.rs:1733: Starting PLAN024 10-phase per-file pipeline (late audio decode) file="C:\\Users\\Mango Cat\\Music\\Aretha Franklin/The Atlantic Singles Collection 1967–1970/209 - Call Me.mp3"
2026-02-06T02:59:17.908814Z DEBUG tokio-runtime-worker ThreadId(23) wkmp_ai::services::workflow_orchestrator: wkmp-ai\src\services\workflow_orchestrator\mod.rs:1742: Phase 1: Filename Matching - START file="C:\\Users\\Mango Cat\\Music\\Aretha Franklin/The Atlantic Singles Collection 1967–1970/209 - Call Me.mp3"
2026-02-06T02:59:17.908938Z DEBUG tokio-runtime-worker ThreadId(23) wkmp_ai::services::filename_matcher: wkmp-ai\src\services\filename_matcher.rs:54: Checking if file exists in database path=Aretha Franklin/The Atlantic Singles Collection 1967–1970/209 - Call Me.mp3 norm_us=4
2026-02-06T02:59:17.909101Z DEBUG tokio-runtime-worker ThreadId(23) wkmp_ai::services::workflow_orchestrator: wkmp-ai\src\services\workflow_orchestrator\mod.rs:3118: Starting per-file pipeline file_index=138 file_id=68ba0cb9-ddf7-4131-8422-f8e3e4cb9cb6 file=Aretha Franklin/The Atlantic Singles Collection 1967–1970/210 - Son of a Preacher Man.mp3
2026-02-06T02:59:17.909278Z  INFO tokio-runtime-worker ThreadId(23) wkmp_ai::services::workflow_orchestrator: wkmp-ai\src\services\workflow_orchestrator\mod.rs:1733: Starting PLAN024 10-phase per-file pipeline (late audio decode) file="C:\\Users\\Mango Cat\\Music\\Aretha Franklin/The Atlantic Singles Collection 1967–1970/210 - Son of a Preacher Man.mp3"
2026-02-06T02:59:17.909423Z DEBUG tokio-runtime-worker ThreadId(23) wkmp_ai::services::workflow_orchestrator: wkmp-ai\src\services\workflow_orchestrator\mod.rs:1742: Phase 1: Filename Matching - START file="C:\\Users\\Mango Cat\\Music\\Aretha Franklin/The Atlantic Singles Collection 1967–1970/210 - Son of a Preacher Man.mp3"
2026-02-06T02:59:17.909636Z DEBUG tokio-runtime-worker ThreadId(23) wkmp_ai::services::filename_matcher: wkmp-ai\src\services\filename_matcher.rs:54: Checking if file exists in database path=Aretha Franklin/The Atlantic Singles Collection 1967–1970/210 - Son of a Preacher Man.mp3 norm_us=5
2026-02-06T02:59:17.910011Z DEBUG tokio-runtime-worker ThreadId(23) wkmp_ai::api::sse: wkmp-ai\src\api\sse.rs:71: SSE: Broadcasting import event: ImportProgressUpdate
2026-02-06T02:59:17.911286Z DEBUG tokio-runtime-worker ThreadId(23) wkmp_ai::api::sse: wkmp-ai\src\api\sse.rs:71: SSE: Broadcasting import event: ImportProgressUpdate
2026-02-06T02:59:17.911631Z DEBUG tokio-runtime-worker ThreadId(23) wkmp_ai::api::sse: wkmp-ai\src\api\sse.rs:71: SSE: Broadcasting import event: ImportProgressUpdate
2026-02-06T02:59:17.913622Z DEBUG tokio-runtime-worker ThreadId(23) wkmp_ai::api::sse: wkmp-ai\src\api\sse.rs:71: SSE: Broadcasting import event: ImportProgressUpdate
2026-02-06T02:59:17.914061Z DEBUG tokio-runtime-worker ThreadId(23) wkmp_ai::api::sse: wkmp-ai\src\api\sse.rs:71: SSE: Broadcasting import event: ImportProgressUpdate
2026-02-06T02:59:17.916074Z DEBUG tokio-runtime-worker ThreadId(23) wkmp_ai::api::sse: wkmp-ai\src\api\sse.rs:71: SSE: Broadcasting import event: ImportProgressUpdate
2026-02-06T02:59:17.916731Z DEBUG tokio-runtime-worker ThreadId(23) wkmp_ai::services::filename_matcher: wkmp-ai\src\services\filename_matcher.rs:65: Database query completed path=Aretha Franklin/The Atlantic Singles Collection 1967–1970/208 - It Ain’t Fair.mp3 query_us=8288
2026-02-06T02:59:17.916937Z DEBUG tokio-runtime-worker ThreadId(23) wkmp_ai::services::filename_matcher: wkmp-ai\src\services\filename_matcher.rs:81: File already processed (INGEST COMPLETE) path=Aretha Franklin/The Atlantic Singles Collection 1967–1970/208 - It Ain’t Fair.mp3 guid=fa26c7f6-4dc9-4267-be00-8edd922a92b1
2026-02-06T02:59:17.917103Z  INFO tokio-runtime-worker ThreadId(23) wkmp_ai::services::workflow_orchestrator: wkmp-ai\src\services\workflow_orchestrator\mod.rs:1756: Phase 1 completed phase="Filename Matching" duration_ms=8 path_us=1 db_ms=8 file_index=136
2026-02-06T02:59:17.917275Z  INFO tokio-runtime-worker ThreadId(23) wkmp_ai::services::workflow_orchestrator: wkmp-ai\src\services\workflow_orchestrator\mod.rs:1770: File already processed (INGEST COMPLETE/NO AUDIO/DUPLICATE HASH), skipping all remaining phases file="C:\\Users\\Mango Cat\\Music\\Aretha Franklin/The Atlantic Singles Collection 1967–1970/208 - It Ain’t Fair.mp3" file_id=fa26c7f6-4dc9-4267-be00-8edd922a92b1
2026-02-06T02:59:17.917467Z DEBUG tokio-runtime-worker ThreadId(23) wkmp_ai::services::workflow_orchestrator: wkmp-ai\src\services\workflow_orchestrator\mod.rs:2936: File processing complete session_id=e6293ba0-b57f-441f-a6ea-884d33b9111b file_index=136 file=Aretha Franklin/The Atlantic Singles Collection 1967–1970/208 - It Ain’t Fair.mp3
2026-02-06T02:59:17.917665Z DEBUG tokio-runtime-worker ThreadId(23) wkmp_ai::services::workflow_orchestrator: wkmp-ai\src\services\workflow_orchestrator\mod.rs:1438: Acquiring all statistics Mutex locks for SSE conversion
2026-02-06T02:59:17.917809Z DEBUG tokio-runtime-worker ThreadId(23) wkmp_ai::services::workflow_orchestrator: wkmp-ai\src\services\workflow_orchestrator\mod.rs:1467: All statistics Mutex locks acquired and data cloned
2026-02-06T02:59:17.918056Z DEBUG tokio-runtime-worker ThreadId(23) wkmp_ai::services::workflow_orchestrator: wkmp-ai\src\services\workflow_orchestrator\mod.rs:1577: Releasing all statistics Mutex locks for SSE conversion
2026-02-06T02:59:17.918261Z DEBUG tokio-runtime-worker ThreadId(23) wkmp_ai::services::filename_matcher: wkmp-ai\src\services\filename_matcher.rs:65: Database query completed path=Aretha Franklin/The Atlantic Singles Collection 1967–1970/210 - Son of a Preacher Man.mp3 query_us=8487
2026-02-06T02:59:17.918427Z DEBUG tokio-runtime-worker ThreadId(23) wkmp_ai::services::filename_matcher: wkmp-ai\src\services\filename_matcher.rs:81: File already processed (INGEST COMPLETE) path=Aretha Franklin/The Atlantic Singles Collection 1967–1970/210 - Son of a Preacher Man.mp3 guid=68ba0cb9-ddf7-4131-8422-f8e3e4cb9cb6
2026-02-06T02:59:17.918585Z  INFO tokio-runtime-worker ThreadId(23) wkmp_ai::services::workflow_orchestrator: wkmp-ai\src\services\workflow_orchestrator\mod.rs:1756: Phase 1 completed phase="Filename Matching" duration_ms=9 path_us=1 db_ms=8 file_index=138
2026-02-06T02:59:17.918751Z  INFO tokio-runtime-worker ThreadId(23) wkmp_ai::services::workflow_orchestrator: wkmp-ai\src\services\workflow_orchestrator\mod.rs:1770: File already processed (INGEST COMPLETE/NO AUDIO/DUPLICATE HASH), skipping all remaining phases file="C:\\Users\\Mango Cat\\Music\\Aretha Franklin/The Atlantic Singles Collection 1967–1970/210 - Son of a Preacher Man.mp3" file_id=68ba0cb9-ddf7-4131-8422-f8e3e4cb9cb6
2026-02-06T02:59:17.918927Z DEBUG tokio-runtime-worker ThreadId(23) wkmp_ai::services::workflow_orchestrator: wkmp-ai\src\services\workflow_orchestrator\mod.rs:2936: File processing complete session_id=e6293ba0-b57f-441f-a6ea-884d33b9111b file_index=138 file=Aretha Franklin/The Atlantic Singles Collection 1967–1970/210 - Son of a Preacher Man.mp3
2026-02-06T02:59:17.919103Z DEBUG tokio-runtime-worker ThreadId(23) wkmp_ai::services::workflow_orchestrator: wkmp-ai\src\services\workflow_orchestrator\mod.rs:1438: Acquiring all statistics Mutex locks for SSE conversion
2026-02-06T02:59:17.919239Z DEBUG tokio-runtime-worker ThreadId(23) wkmp_ai::services::workflow_orchestrator: wkmp-ai\src\services\workflow_orchestrator\mod.rs:1467: All statistics Mutex locks acquired and data cloned
2026-02-06T02:59:17.919469Z DEBUG tokio-runtime-worker ThreadId(23) wkmp_ai::services::workflow_orchestrator: wkmp-ai\src\services\workflow_orchestrator\mod.rs:1577: Releasing all statistics Mutex locks for SSE conversion
2026-02-06T02:59:17.919658Z DEBUG tokio-runtime-worker ThreadId(23) wkmp_ai::services::filename_matcher: wkmp-ai\src\services\filename_matcher.rs:65: Database query completed path=Aretha Franklin/The Atlantic Singles Collection 1967–1970/209 - Call Me.mp3 query_us=10601
2026-02-06T02:59:17.919821Z DEBUG tokio-runtime-worker ThreadId(23) wkmp_ai::services::filename_matcher: wkmp-ai\src\services\filename_matcher.rs:81: File already processed (INGEST COMPLETE) path=Aretha Franklin/The Atlantic Singles Collection 1967–1970/209 - Call Me.mp3 guid=fff84edf-6bcd-456e-bbd8-a4cc27db8acd
2026-02-06T02:59:17.919978Z  INFO tokio-runtime-worker ThreadId(23) wkmp_ai::services::workflow_orchestrator: wkmp-ai\src\services\workflow_orchestrator\mod.rs:1756: Phase 1 completed phase="Filename Matching" duration_ms=11 path_us=1 db_ms=11 file_index=137
2026-02-06T02:59:17.920145Z  INFO tokio-runtime-worker ThreadId(23) wkmp_ai::services::workflow_orchestrator: wkmp-ai\src\services\workflow_orchestrator\mod.rs:1770: File already processed (INGEST COMPLETE/NO AUDIO/DUPLICATE HASH), skipping all remaining phases file="C:\\Users\\Mango Cat\\Music\\Aretha Franklin/The Atlantic Singles Collection 1967–1970/209 - Call Me.mp3" file_id=fff84edf-6bcd-456e-bbd8-a4cc27db8acd
2026-02-06T02:59:17.920321Z DEBUG tokio-runtime-worker ThreadId(23) wkmp_ai::services::workflow_orchestrator: wkmp-ai\src\services\workflow_orchestrator\mod.rs:2936: File processing complete session_id=e6293ba0-b57f-441f-a6ea-884d33b9111b file_index=137 file=Aretha Franklin/The Atlantic Singles Collection 1967–1970/209 - Call Me.mp3
2026-02-06T02:59:17.928325Z DEBUG tokio-runtime-worker ThreadId(23) wkmp_ai::services::workflow_orchestrator: wkmp-ai\src\services\workflow_orchestrator\mod.rs:1438: Acquiring all statistics Mutex locks for SSE conversion
2026-02-06T02:59:17.928592Z DEBUG tokio-runtime-worker ThreadId(23) wkmp_ai::services::workflow_orchestrator: wkmp-ai\src\services\workflow_orchestrator\mod.rs:1467: All statistics Mutex locks acquired and data cloned
2026-02-06T02:59:17.928948Z DEBUG tokio-runtime-worker ThreadId(23) wkmp_ai::services::workflow_orchestrator: wkmp-ai\src\services\workflow_orchestrator\mod.rs:1577: Releasing all statistics Mutex locks for SSE conversion
2026-02-06T02:59:17.929289Z DEBUG tokio-runtime-worker ThreadId(23) wkmp_ai::services::workflow_orchestrator: wkmp-ai\src\services\workflow_orchestrator\mod.rs:3118: Starting per-file pipeline file_index=139 file_id=f91631f3-4a14-43ae-9b39-b07aaca1727f file=Aretha Franklin/The Atlantic Singles Collection 1967–1970/211 - Spirit in the Dark.mp3
2026-02-06T02:59:17.929634Z  INFO tokio-runtime-worker ThreadId(23) wkmp_ai::services::workflow_orchestrator: wkmp-ai\src\services\workflow_orchestrator\mod.rs:1733: Starting PLAN024 10-phase per-file pipeline (late audio decode) file="C:\\Users\\Mango Cat\\Music\\Aretha Franklin/The Atlantic Singles Collection 1967–1970/211 - Spirit in the Dark.mp3"
2026-02-06T02:59:17.929840Z DEBUG tokio-runtime-worker ThreadId(23) wkmp_ai::services::workflow_orchestrator: wkmp-ai\src\services\workflow_orchestrator\mod.rs:1742: Phase 1: Filename Matching - START file="C:\\Users\\Mango Cat\\Music\\Aretha Franklin/The Atlantic Singles Collection 1967–1970/211 - Spirit in the Dark.mp3"
2026-02-06T02:59:17.930004Z DEBUG tokio-runtime-worker ThreadId(23) wkmp_ai::services::filename_matcher: wkmp-ai\src\services\filename_matcher.rs:54: Checking if file exists in database path=Aretha Franklin/The Atlantic Singles Collection 1967–1970/211 - Spirit in the Dark.mp3 norm_us=11
2026-02-06T02:59:17.930258Z DEBUG tokio-runtime-worker ThreadId(23) wkmp_ai::services::workflow_orchestrator: wkmp-ai\src\services\workflow_orchestrator\mod.rs:3118: Starting per-file pipeline file_index=140 file_id=1ad4b5bd-8562-40b7-bcaa-093554a15d8b file=Aretha Franklin/The Atlantic Singles Collection 1967–1970/212 - The Thrill Is Gone.mp3
2026-02-06T02:59:17.930403Z  INFO tokio-runtime-worker ThreadId(23) wkmp_ai::services::workflow_orchestrator: wkmp-ai\src\services\workflow_orchestrator\mod.rs:1733: Starting PLAN024 10-phase per-file pipeline (late audio decode) file="C:\\Users\\Mango Cat\\Music\\Aretha Franklin/The Atlantic Singles Collection 1967–1970/212 - The Thrill Is Gone.mp3"
2026-02-06T02:59:17.930580Z DEBUG tokio-runtime-worker ThreadId(23) wkmp_ai::services::workflow_orchestrator: wkmp-ai\src\services\workflow_orchestrator\mod.rs:1742: Phase 1: Filename Matching - START file="C:\\Users\\Mango Cat\\Music\\Aretha Franklin/The Atlantic Singles Collection 1967–1970/212 - The Thrill Is Gone.mp3"
2026-02-06T02:59:17.930698Z DEBUG tokio-runtime-worker ThreadId(23) wkmp_ai::services::filename_matcher: wkmp-ai\src\services\filename_matcher.rs:54: Checking if file exists in database path=Aretha Franklin/The Atlantic Singles Collection 1967–1970/212 - The Thrill Is Gone.mp3 norm_us=7
2026-02-06T02:59:17.930883Z DEBUG tokio-runtime-worker ThreadId(23) wkmp_ai::services::workflow_orchestrator: wkmp-ai\src\services\workflow_orchestrator\mod.rs:3118: Starting per-file pipeline file_index=141 file_id=938819f6-b530-4642-83e6-5ee9bf9b71be file=Aretha Franklin/The Atlantic Singles Collection 1967–1970/213 - Don’t Play That Song.mp3
2026-02-06T02:59:17.931007Z  INFO tokio-runtime-worker ThreadId(23) wkmp_ai::services::workflow_orchestrator: wkmp-ai\src\services\workflow_orchestrator\mod.rs:1733: Starting PLAN024 10-phase per-file pipeline (late audio decode) file="C:\\Users\\Mango Cat\\Music\\Aretha Franklin/The Atlantic Singles Collection 1967–1970/213 - Don’t Play That Song.mp3"
2026-02-06T02:59:17.931174Z DEBUG tokio-runtime-worker ThreadId(23) wkmp_ai::services::workflow_orchestrator: wkmp-ai\src\services\workflow_orchestrator\mod.rs:1742: Phase 1: Filename Matching - START file="C:\\Users\\Mango Cat\\Music\\Aretha Franklin/The Atlantic Singles Collection 1967–1970/213 - Don’t Play That Song.mp3"
2026-02-06T02:59:17.931286Z DEBUG tokio-runtime-worker ThreadId(23) wkmp_ai::services::filename_matcher: wkmp-ai\src\services\filename_matcher.rs:54: Checking if file exists in database path=Aretha Franklin/The Atlantic Singles Collection 1967–1970/213 - Don’t Play That Song.mp3 norm_us=6
2026-02-06T02:59:17.931695Z DEBUG tokio-runtime-worker ThreadId(23) wkmp_ai::api::sse: wkmp-ai\src\api\sse.rs:71: SSE: Broadcasting import event: ImportProgressUpdate
2026-02-06T02:59:17.933633Z DEBUG tokio-runtime-worker ThreadId(23) wkmp_ai::api::sse: wkmp-ai\src\api\sse.rs:71: SSE: Broadcasting import event: ImportProgressUpdate
2026-02-06T02:59:17.933967Z DEBUG tokio-runtime-worker ThreadId(23) wkmp_ai::api::sse: wkmp-ai\src\api\sse.rs:71: SSE: Broadcasting import event: ImportProgressUpdate
2026-02-06T02:59:17.935912Z DEBUG tokio-runtime-worker ThreadId(23) wkmp_ai::api::sse: wkmp-ai\src\api\sse.rs:71: SSE: Broadcasting import event: ImportProgressUpdate
2026-02-06T02:59:17.936218Z DEBUG tokio-runtime-worker ThreadId(23) wkmp_ai::api::sse: wkmp-ai\src\api\sse.rs:71: SSE: Broadcasting import event: ImportProgressUpdate
2026-02-06T02:59:17.938101Z DEBUG tokio-runtime-worker ThreadId(23) wkmp_ai::api::sse: wkmp-ai\src\api\sse.rs:71: SSE: Broadcasting import event: ImportProgressUpdate
2026-02-06T02:59:17.938581Z DEBUG tokio-runtime-worker ThreadId(23) wkmp_ai::services::filename_matcher: wkmp-ai\src\services\filename_matcher.rs:65: Database query completed path=Aretha Franklin/The Atlantic Singles Collection 1967–1970/211 - Spirit in the Dark.mp3 query_us=8399
2026-02-06T02:59:17.938711Z DEBUG tokio-runtime-worker ThreadId(23) wkmp_ai::services::filename_matcher: wkmp-ai\src\services\filename_matcher.rs:81: File already processed (INGEST COMPLETE) path=Aretha Franklin/The Atlantic Singles Collection 1967–1970/211 - Spirit in the Dark.mp3 guid=f91631f3-4a14-43ae-9b39-b07aaca1727f
2026-02-06T02:59:17.938882Z  INFO tokio-runtime-worker ThreadId(23) wkmp_ai::services::workflow_orchestrator: wkmp-ai\src\services\workflow_orchestrator\mod.rs:1756: Phase 1 completed phase="Filename Matching" duration_ms=9 path_us=2 db_ms=8 file_index=139
2026-02-06T02:59:17.939004Z  INFO tokio-runtime-worker ThreadId(23) wkmp_ai::services::workflow_orchestrator: wkmp-ai\src\services\workflow_orchestrator\mod.rs:1770: File already processed (INGEST COMPLETE/NO AUDIO/DUPLICATE HASH), skipping all remaining phases file="C:\\Users\\Mango Cat\\Music\\Aretha Franklin/The Atlantic Singles Collection 1967–1970/211 - Spirit in the Dark.mp3" file_id=f91631f3-4a14-43ae-9b39-b07aaca1727f
2026-02-06T02:59:17.939186Z DEBUG tokio-runtime-worker ThreadId(23) wkmp_ai::services::workflow_orchestrator: wkmp-ai\src\services\workflow_orchestrator\mod.rs:2936: File processing complete session_id=e6293ba0-b57f-441f-a6ea-884d33b9111b file_index=139 file=Aretha Franklin/The Atlantic Singles Collection 1967–1970/211 - Spirit in the Dark.mp3
2026-02-06T02:59:17.939377Z DEBUG tokio-runtime-worker ThreadId(23) wkmp_ai::services::workflow_orchestrator: wkmp-ai\src\services\workflow_orchestrator\mod.rs:1438: Acquiring all statistics Mutex locks for SSE conversion
2026-02-06T02:59:17.939518Z DEBUG tokio-runtime-worker ThreadId(23) wkmp_ai::services::workflow_orchestrator: wkmp-ai\src\services\workflow_orchestrator\mod.rs:1467: All statistics Mutex locks acquired and data cloned
2026-02-06T02:59:17.939751Z DEBUG tokio-runtime-worker ThreadId(23) wkmp_ai::services::workflow_orchestrator: wkmp-ai\src\services\workflow_orchestrator\mod.rs:1577: Releasing all statistics Mutex locks for SSE conversion
2026-02-06T02:59:17.939930Z DEBUG tokio-runtime-worker ThreadId(23) wkmp_ai::services::filename_matcher: wkmp-ai\src\services\filename_matcher.rs:65: Database query completed path=Aretha Franklin/The Atlantic Singles Collection 1967–1970/213 - Don’t Play That Song.mp3 query_us=8483
2026-02-06T02:59:17.940093Z DEBUG tokio-runtime-worker ThreadId(23) wkmp_ai::services::filename_matcher: wkmp-ai\src\services\filename_matcher.rs:81: File already processed (INGEST COMPLETE) path=Aretha Franklin/The Atlantic Singles Collection 1967–1970/213 - Don’t Play That Song.mp3 guid=938819f6-b530-4642-83e6-5ee9bf9b71be
2026-02-06T02:59:17.940236Z  INFO tokio-runtime-worker ThreadId(23) wkmp_ai::services::workflow_orchestrator: wkmp-ai\src\services\workflow_orchestrator\mod.rs:1756: Phase 1 completed phase="Filename Matching" duration_ms=9 path_us=1 db_ms=8 file_index=141
2026-02-06T02:59:17.940390Z  INFO tokio-runtime-worker ThreadId(23) wkmp_ai::services::workflow_orchestrator: wkmp-ai\src\services\workflow_orchestrator\mod.rs:1770: File already processed (INGEST COMPLETE/NO AUDIO/DUPLICATE HASH), skipping all remaining phases file="C:\\Users\\Mango Cat\\Music\\Aretha Franklin/The Atlantic Singles Collection 1967–1970/213 - Don’t Play That Song.mp3" file_id=938819f6-b530-4642-83e6-5ee9bf9b71be
2026-02-06T02:59:17.940555Z DEBUG tokio-runtime-worker ThreadId(23) wkmp_ai::services::workflow_orchestrator: wkmp-ai\src\services\workflow_orchestrator\mod.rs:2936: File processing complete session_id=e6293ba0-b57f-441f-a6ea-884d33b9111b file_index=141 file=Aretha Franklin/The Atlantic Singles Collection 1967–1970/213 - Don’t Play That Song.mp3
2026-02-06T02:59:17.940723Z DEBUG tokio-runtime-worker ThreadId(23) wkmp_ai::services::workflow_orchestrator: wkmp-ai\src\services\workflow_orchestrator\mod.rs:1438: Acquiring all statistics Mutex locks for SSE conversion
2026-02-06T02:59:17.940849Z DEBUG tokio-runtime-worker ThreadId(23) wkmp_ai::services::workflow_orchestrator: wkmp-ai\src\services\workflow_orchestrator\mod.rs:1467: All statistics Mutex locks acquired and data cloned
2026-02-06T02:59:17.941072Z DEBUG tokio-runtime-worker ThreadId(23) wkmp_ai::services::workflow_orchestrator: wkmp-ai\src\services\workflow_orchestrator\mod.rs:1577: Releasing all statistics Mutex locks for SSE conversion
2026-02-06T02:59:17.941241Z DEBUG tokio-runtime-worker ThreadId(23) wkmp_ai::services::filename_matcher: wkmp-ai\src\services\filename_matcher.rs:65: Database query completed path=Aretha Franklin/The Atlantic Singles Collection 1967–1970/212 - The Thrill Is Gone.mp3 query_us=10385
2026-02-06T02:59:17.941396Z DEBUG tokio-runtime-worker ThreadId(23) wkmp_ai::services::filename_matcher: wkmp-ai\src\services\filename_matcher.rs:81: File already processed (INGEST COMPLETE) path=Aretha Franklin/The Atlantic Singles Collection 1967–1970/212 - The Thrill Is Gone.mp3 guid=1ad4b5bd-8562-40b7-bcaa-093554a15d8b
2026-02-06T02:59:17.941554Z  INFO tokio-runtime-worker ThreadId(23) wkmp_ai::services::workflow_orchestrator: wkmp-ai\src\services\workflow_orchestrator\mod.rs:1756: Phase 1 completed phase="Filename Matching" duration_ms=10 path_us=1 db_ms=10 file_index=140
2026-02-06T02:59:17.941848Z  INFO tokio-runtime-worker ThreadId(23) wkmp_ai::services::workflow_orchestrator: wkmp-ai\src\services\workflow_orchestrator\mod.rs:1770: File already processed (INGEST COMPLETE/NO AUDIO/DUPLICATE HASH), skipping all remaining phases file="C:\\Users\\Mango Cat\\Music\\Aretha Franklin/The Atlantic Singles Collection 1967–1970/212 - The Thrill Is Gone.mp3" file_id=1ad4b5bd-8562-40b7-bcaa-093554a15d8b
2026-02-06T02:59:17.942137Z DEBUG tokio-runtime-worker ThreadId(23) wkmp_ai::services::workflow_orchestrator: wkmp-ai\src\services\workflow_orchestrator\mod.rs:2936: File processing complete session_id=e6293ba0-b57f-441f-a6ea-884d33b9111b file_index=140 file=Aretha Franklin/The Atlantic Singles Collection 1967–1970/212 - The Thrill Is Gone.mp3
2026-02-06T02:59:17.942334Z DEBUG tokio-runtime-worker ThreadId(23) wkmp_ai::services::workflow_orchestrator: wkmp-ai\src\services\workflow_orchestrator\mod.rs:1438: Acquiring all statistics Mutex locks for SSE conversion
2026-02-06T02:59:17.942472Z DEBUG tokio-runtime-worker ThreadId(23) wkmp_ai::services::workflow_orchestrator: wkmp-ai\src\services\workflow_orchestrator\mod.rs:1467: All statistics Mutex locks acquired and data cloned
2026-02-06T02:59:17.942706Z DEBUG tokio-runtime-worker ThreadId(23) wkmp_ai::services::workflow_orchestrator: wkmp-ai\src\services\workflow_orchestrator\mod.rs:1577: Releasing all statistics Mutex locks for SSE conversion
2026-02-06T02:59:17.942857Z DEBUG tokio-runtime-worker ThreadId(23) wkmp_ai::services::workflow_orchestrator: wkmp-ai\src\services\workflow_orchestrator\mod.rs:3118: Starting per-file pipeline file_index=142 file_id=5016cb27-fb2d-49b6-a3a0-038d512d35c6 file=Aretha Franklin/The Atlantic Singles Collection 1967–1970/214 - Let It Be.mp3
2026-02-06T02:59:17.943022Z  INFO tokio-runtime-worker ThreadId(23) wkmp_ai::services::workflow_orchestrator: wkmp-ai\src\services\workflow_orchestrator\mod.rs:1733: Starting PLAN024 10-phase per-file pipeline (late audio decode) file="C:\\Users\\Mango Cat\\Music\\Aretha Franklin/The Atlantic Singles Collection 1967–1970/214 - Let It Be.mp3"
2026-02-06T02:59:17.943230Z DEBUG tokio-runtime-worker ThreadId(23) wkmp_ai::services::workflow_orchestrator: wkmp-ai\src\services\workflow_orchestrator\mod.rs:1742: Phase 1: Filename Matching - START file="C:\\Users\\Mango Cat\\Music\\Aretha Franklin/The Atlantic Singles Collection 1967–1970/214 - Let It Be.mp3"
2026-02-06T02:59:17.943398Z DEBUG tokio-runtime-worker ThreadId(23) wkmp_ai::services::filename_matcher: wkmp-ai\src\services\filename_matcher.rs:54: Checking if file exists in database path=Aretha Franklin/The Atlantic Singles Collection 1967–1970/214 - Let It Be.mp3 norm_us=9
2026-02-06T02:59:17.943689Z DEBUG tokio-runtime-worker ThreadId(23) wkmp_ai::services::workflow_orchestrator: wkmp-ai\src\services\workflow_orchestrator\mod.rs:3118: Starting per-file pipeline file_index=143 file_id=24ca53d4-d1f3-4674-8a63-926836622252 file=Aretha Franklin/The Atlantic Singles Collection 1967–1970/215 - Border Song (Holy Moses).mp3
2026-02-06T02:59:17.943887Z  INFO tokio-runtime-worker ThreadId(23) wkmp_ai::services::workflow_orchestrator: wkmp-ai\src\services\workflow_orchestrator\mod.rs:1733: Starting PLAN024 10-phase per-file pipeline (late audio decode) file="C:\\Users\\Mango Cat\\Music\\Aretha Franklin/The Atlantic Singles Collection 1967–1970/215 - Border Song (Holy Moses).mp3"
2026-02-06T02:59:17.944060Z DEBUG tokio-runtime-worker ThreadId(23) wkmp_ai::services::workflow_orchestrator: wkmp-ai\src\services\workflow_orchestrator\mod.rs:1742: Phase 1: Filename Matching - START file="C:\\Users\\Mango Cat\\Music\\Aretha Franklin/The Atlantic Singles Collection 1967–1970/215 - Border Song (Holy Moses).mp3"
2026-02-06T02:59:17.944216Z DEBUG tokio-runtime-worker ThreadId(23) wkmp_ai::services::filename_matcher: wkmp-ai\src\services\filename_matcher.rs:54: Checking if file exists in database path=Aretha Franklin/The Atlantic Singles Collection 1967–1970/215 - Border Song (Holy Moses).mp3 norm_us=7
2026-02-06T02:59:17.944432Z DEBUG tokio-runtime-worker ThreadId(23) wkmp_ai::services::workflow_orchestrator: wkmp-ai\src\services\workflow_orchestrator\mod.rs:3118: Starting per-file pipeline file_index=144 file_id=7811298c-4c07-4ed9-951d-199b40b16313 file=Aretha Franklin/The Atlantic Singles Collection 1967–1970/216 - You and Me.mp3
2026-02-06T02:59:17.944607Z  INFO tokio-runtime-worker ThreadId(23) wkmp_ai::services::workflow_orchestrator: wkmp-ai\src\services\workflow_orchestrator\mod.rs:1733: Starting PLAN024 10-phase per-file pipeline (late audio decode) file="C:\\Users\\Mango Cat\\Music\\Aretha Franklin/The Atlantic Singles Collection 1967–1970/216 - You and Me.mp3"
2026-02-06T02:59:17.944781Z DEBUG tokio-runtime-worker ThreadId(23) wkmp_ai::services::workflow_orchestrator: wkmp-ai\src\services\workflow_orchestrator\mod.rs:1742: Phase 1: Filename Matching - START file="C:\\Users\\Mango Cat\\Music\\Aretha Franklin/The Atlantic Singles Collection 1967–1970/216 - You and Me.mp3"
2026-02-06T02:59:17.944942Z DEBUG tokio-runtime-worker ThreadId(23) wkmp_ai::services::filename_matcher: wkmp-ai\src\services\filename_matcher.rs:54: Checking if file exists in database path=Aretha Franklin/The Atlantic Singles Collection 1967–1970/216 - You and Me.mp3 norm_us=7
2026-02-06T02:59:17.945466Z DEBUG tokio-runtime-worker ThreadId(23) wkmp_ai::api::sse: wkmp-ai\src\api\sse.rs:71: SSE: Broadcasting import event: ImportProgressUpdate
2026-02-06T02:59:17.947656Z DEBUG tokio-runtime-worker ThreadId(23) wkmp_ai::api::sse: wkmp-ai\src\api\sse.rs:71: SSE: Broadcasting import event: ImportProgressUpdate
2026-02-06T02:59:17.948103Z DEBUG tokio-runtime-worker ThreadId(23) wkmp_ai::api::sse: wkmp-ai\src\api\sse.rs:71: SSE: Broadcasting import event: ImportProgressUpdate
2026-02-06T02:59:17.950099Z DEBUG tokio-runtime-worker ThreadId(23) wkmp_ai::api::sse: wkmp-ai\src\api\sse.rs:71: SSE: Broadcasting import event: ImportProgressUpdate
2026-02-06T02:59:17.950454Z DEBUG tokio-runtime-worker ThreadId(23) wkmp_ai::api::sse: wkmp-ai\src\api\sse.rs:71: SSE: Broadcasting import event: ImportProgressUpdate
2026-02-06T02:59:17.952512Z DEBUG tokio-runtime-worker ThreadId(23) wkmp_ai::api::sse: wkmp-ai\src\api\sse.rs:71: SSE: Broadcasting import event: ImportProgressUpdate
2026-02-06T02:59:17.953077Z DEBUG tokio-runtime-worker ThreadId(23) wkmp_ai::services::filename_matcher: wkmp-ai\src\services\filename_matcher.rs:65: Database query completed path=Aretha Franklin/The Atlantic Singles Collection 1967–1970/214 - Let It Be.mp3 query_us=9447
2026-02-06T02:59:17.953219Z DEBUG tokio-runtime-worker ThreadId(23) wkmp_ai::services::filename_matcher: wkmp-ai\src\services\filename_matcher.rs:81: File already processed (INGEST COMPLETE) path=Aretha Franklin/The Atlantic Singles Collection 1967–1970/214 - Let It Be.mp3 guid=5016cb27-fb2d-49b6-a3a0-038d512d35c6
2026-02-06T02:59:17.953397Z  INFO tokio-runtime-worker ThreadId(23) wkmp_ai::services::workflow_orchestrator: wkmp-ai\src\services\workflow_orchestrator\mod.rs:1756: Phase 1 completed phase="Filename Matching" duration_ms=10 path_us=2 db_ms=10 file_index=142
2026-02-06T02:59:17.953522Z  INFO tokio-runtime-worker ThreadId(23) wkmp_ai::services::workflow_orchestrator: wkmp-ai\src\services\workflow_orchestrator\mod.rs:1770: File already processed (INGEST COMPLETE/NO AUDIO/DUPLICATE HASH), skipping all remaining phases file="C:\\Users\\Mango Cat\\Music\\Aretha Franklin/The Atlantic Singles Collection 1967–1970/214 - Let It Be.mp3" file_id=5016cb27-fb2d-49b6-a3a0-038d512d35c6
2026-02-06T02:59:17.953713Z DEBUG tokio-runtime-worker ThreadId(23) wkmp_ai::services::workflow_orchestrator: wkmp-ai\src\services\workflow_orchestrator\mod.rs:2936: File processing complete session_id=e6293ba0-b57f-441f-a6ea-884d33b9111b file_index=142 file=Aretha Franklin/The Atlantic Singles Collection 1967–1970/214 - Let It Be.mp3
2026-02-06T02:59:17.953900Z DEBUG tokio-runtime-worker ThreadId(23) wkmp_ai::services::workflow_orchestrator: wkmp-ai\src\services\workflow_orchestrator\mod.rs:1438: Acquiring all statistics Mutex locks for SSE conversion
2026-02-06T02:59:17.954038Z DEBUG tokio-runtime-worker ThreadId(23) wkmp_ai::services::workflow_orchestrator: wkmp-ai\src\services\workflow_orchestrator\mod.rs:1467: All statistics Mutex locks acquired and data cloned
2026-02-06T02:59:17.954276Z DEBUG tokio-runtime-worker ThreadId(23) wkmp_ai::services::workflow_orchestrator: wkmp-ai\src\services\workflow_orchestrator\mod.rs:1577: Releasing all statistics Mutex locks for SSE conversion
2026-02-06T02:59:17.954456Z DEBUG tokio-runtime-worker ThreadId(23) wkmp_ai::services::filename_matcher: wkmp-ai\src\services\filename_matcher.rs:65: Database query completed path=Aretha Franklin/The Atlantic Singles Collection 1967–1970/215 - Border Song (Holy Moses).mp3 query_us=10092
2026-02-06T02:59:17.954605Z DEBUG tokio-runtime-worker ThreadId(23) wkmp_ai::services::filename_matcher: wkmp-ai\src\services\filename_matcher.rs:81: File already processed (INGEST COMPLETE) path=Aretha Franklin/The Atlantic Singles Collection 1967–1970/215 - Border Song (Holy Moses).mp3 guid=24ca53d4-d1f3-4674-8a63-926836622252
2026-02-06T02:59:17.954748Z  INFO tokio-runtime-worker ThreadId(23) wkmp_ai::services::workflow_orchestrator: wkmp-ai\src\services\workflow_orchestrator\mod.rs:1756: Phase 1 completed phase="Filename Matching" duration_ms=10 path_us=1 db_ms=10 file_index=143
2026-02-06T02:59:17.954900Z  INFO tokio-runtime-worker ThreadId(23) wkmp_ai::services::workflow_orchestrator: wkmp-ai\src\services\workflow_orchestrator\mod.rs:1770: File already processed (INGEST COMPLETE/NO AUDIO/DUPLICATE HASH), skipping all remaining phases file="C:\\Users\\Mango Cat\\Music\\Aretha Franklin/The Atlantic Singles Collection 1967–1970/215 - Border Song (Holy Moses).mp3" file_id=24ca53d4-d1f3-4674-8a63-926836622252
2026-02-06T02:59:17.955062Z DEBUG tokio-runtime-worker ThreadId(23) wkmp_ai::services::workflow_orchestrator: wkmp-ai\src\services\workflow_orchestrator\mod.rs:2936: File processing complete session_id=e6293ba0-b57f-441f-a6ea-884d33b9111b file_index=143 file=Aretha Franklin/The Atlantic Singles Collection 1967–1970/215 - Border Song (Holy Moses).mp3
2026-02-06T02:59:17.955222Z DEBUG tokio-runtime-worker ThreadId(23) wkmp_ai::services::workflow_orchestrator: wkmp-ai\src\services\workflow_orchestrator\mod.rs:1438: Acquiring all statistics Mutex locks for SSE conversion
2026-02-06T02:59:17.955347Z DEBUG tokio-runtime-worker ThreadId(23) wkmp_ai::services::workflow_orchestrator: wkmp-ai\src\services\workflow_orchestrator\mod.rs:1467: All statistics Mutex locks acquired and data cloned
2026-02-06T02:59:17.955564Z DEBUG tokio-runtime-worker ThreadId(23) wkmp_ai::services::workflow_orchestrator: wkmp-ai\src\services\workflow_orchestrator\mod.rs:1577: Releasing all statistics Mutex locks for SSE conversion
2026-02-06T02:59:17.955733Z DEBUG tokio-runtime-worker ThreadId(23) wkmp_ai::services::filename_matcher: wkmp-ai\src\services\filename_matcher.rs:65: Database query completed path=Aretha Franklin/The Atlantic Singles Collection 1967–1970/216 - You and Me.mp3 query_us=10623
2026-02-06T02:59:17.955878Z DEBUG tokio-runtime-worker ThreadId(23) wkmp_ai::services::filename_matcher: wkmp-ai\src\services\filename_matcher.rs:81: File already processed (INGEST COMPLETE) path=Aretha Franklin/The Atlantic Singles Collection 1967–1970/216 - You and Me.mp3 guid=7811298c-4c07-4ed9-951d-199b40b16313
2026-02-06T02:59:17.956019Z  INFO tokio-runtime-worker ThreadId(23) wkmp_ai::services::workflow_orchestrator: wkmp-ai\src\services\workflow_orchestrator\mod.rs:1756: Phase 1 completed phase="Filename Matching" duration_ms=11 path_us=1 db_ms=11 file_index=144
2026-02-06T02:59:17.956167Z  INFO tokio-runtime-worker ThreadId(23) wkmp_ai::services::workflow_orchestrator: wkmp-ai\src\services\workflow_orchestrator\mod.rs:1770: File already processed (INGEST COMPLETE/NO AUDIO/DUPLICATE HASH), skipping all remaining phases file="C:\\Users\\Mango Cat\\Music\\Aretha Franklin/The Atlantic Singles Collection 1967–1970/216 - You and Me.mp3" file_id=7811298c-4c07-4ed9-951d-199b40b16313
2026-02-06T02:59:17.956326Z DEBUG tokio-runtime-worker ThreadId(23) wkmp_ai::services::workflow_orchestrator: wkmp-ai\src\services\workflow_orchestrator\mod.rs:2936: File processing complete session_id=e6293ba0-b57f-441f-a6ea-884d33b9111b file_index=144 file=Aretha Franklin/The Atlantic Singles Collection 1967–1970/216 - You and Me.mp3
2026-02-06T02:59:17.956485Z DEBUG tokio-runtime-worker ThreadId(23) wkmp_ai::services::workflow_orchestrator: wkmp-ai\src\services\workflow_orchestrator\mod.rs:1438: Acquiring all statistics Mutex locks for SSE conversion
2026-02-06T02:59:17.956608Z DEBUG tokio-runtime-worker ThreadId(23) wkmp_ai::services::workflow_orchestrator: wkmp-ai\src\services\workflow_orchestrator\mod.rs:1467: All statistics Mutex locks acquired and data cloned
2026-02-06T02:59:17.956826Z DEBUG tokio-runtime-worker ThreadId(23) wkmp_ai::services::workflow_orchestrator: wkmp-ai\src\services\workflow_orchestrator\mod.rs:1577: Releasing all statistics Mutex locks for SSE conversion
2026-02-06T02:59:17.956965Z DEBUG tokio-runtime-worker ThreadId(23) wkmp_ai::services::workflow_orchestrator: wkmp-ai\src\services\workflow_orchestrator\mod.rs:3118: Starting per-file pipeline file_index=145 file_id=5aa11894-c9f2-42ce-a45b-3ae52834af16 file=Asia/GoldAsia.mp3
2026-02-06T02:59:17.957120Z  INFO tokio-runtime-worker ThreadId(23) wkmp_ai::services::workflow_orchestrator: wkmp-ai\src\services\workflow_orchestrator\mod.rs:1733: Starting PLAN024 10-phase per-file pipeline (late audio decode) file="C:\\Users\\Mango Cat\\Music\\Asia/GoldAsia.mp3"
2026-02-06T02:59:17.957276Z DEBUG tokio-runtime-worker ThreadId(23) wkmp_ai::services::workflow_orchestrator: wkmp-ai\src\services\workflow_orchestrator\mod.rs:1742: Phase 1: Filename Matching - START file="C:\\Users\\Mango Cat\\Music\\Asia/GoldAsia.mp3"
2026-02-06T02:59:17.957423Z DEBUG tokio-runtime-worker ThreadId(23) wkmp_ai::services::filename_matcher: wkmp-ai\src\services\filename_matcher.rs:54: Checking if file exists in database path=Asia/GoldAsia.mp3 norm_us=9
2026-02-06T02:59:17.957720Z DEBUG tokio-runtime-worker ThreadId(23) wkmp_ai::services::workflow_orchestrator: wkmp-ai\src\services\workflow_orchestrator\mod.rs:3118: Starting per-file pipeline file_index=146 file_id=cca72e4c-da64-4a2f-b6d7-143253a3d1f1 file=Astley, Jon/Everyone_Loves_The_Pilot_(Except_The_Crew)/(Jon_Astley)Everyone_Loves_The_Pilot_(Except_The_Crew)-01-Jane's_Getting_Serious.mp3
2026-02-06T02:59:17.957891Z  INFO tokio-runtime-worker ThreadId(23) wkmp_ai::services::workflow_orchestrator: wkmp-ai\src\services\workflow_orchestrator\mod.rs:1733: Starting PLAN024 10-phase per-file pipeline (late audio decode) file="C:\\Users\\Mango Cat\\Music\\Astley, Jon/Everyone_Loves_The_Pilot_(Except_The_Crew)/(Jon_Astley)Everyone_Loves_The_Pilot_(Except_The_Crew)-01-Jane\'s_Getting_Serious.mp3"
2026-02-06T02:59:17.958048Z DEBUG tokio-runtime-worker ThreadId(23) wkmp_ai::services::workflow_orchestrator: wkmp-ai\src\services\workflow_orchestrator\mod.rs:1742: Phase 1: Filename Matching - START file="C:\\Users\\Mango Cat\\Music\\Astley, Jon/Everyone_Loves_The_Pilot_(Except_The_Crew)/(Jon_Astley)Everyone_Loves_The_Pilot_(Except_The_Crew)-01-Jane\'s_Getting_Serious.mp3"
2026-02-06T02:59:17.958195Z DEBUG tokio-runtime-worker ThreadId(23) wkmp_ai::services::filename_matcher: wkmp-ai\src\services\filename_matcher.rs:54: Checking if file exists in database path=Astley, Jon/Everyone_Loves_The_Pilot_(Except_The_Crew)/(Jon_Astley)Everyone_Loves_The_Pilot_(Except_The_Crew)-01-Jane's_Getting_Serious.mp3 norm_us=7
2026-02-06T02:59:17.958392Z DEBUG tokio-runtime-worker ThreadId(23) wkmp_ai::services::workflow_orchestrator: wkmp-ai\src\services\workflow_orchestrator\mod.rs:3118: Starting per-file pipeline file_index=147 file_id=79f237d8-c043-4a33-a9c7-ce759c442283 file=Astley, Jon/Everyone_Loves_The_Pilot_(Except_The_Crew)/(Jon_Astley)Everyone_Loves_The_Pilot_(Except_The_Crew)-02-Lipservice.mp3
2026-02-06T02:59:17.958552Z  INFO tokio-runtime-worker ThreadId(23) wkmp_ai::services::workflow_orchestrator: wkmp-ai\src\services\workflow_orchestrator\mod.rs:1733: Starting PLAN024 10-phase per-file pipeline (late audio decode) file="C:\\Users\\Mango Cat\\Music\\Astley, Jon/Everyone_Loves_The_Pilot_(Except_The_Crew)/(Jon_Astley)Everyone_Loves_The_Pilot_(Except_The_Crew)-02-Lipservice.mp3"
2026-02-06T02:59:17.958707Z DEBUG tokio-runtime-worker ThreadId(23) wkmp_ai::services::workflow_orchestrator: wkmp-ai\src\services\workflow_orchestrator\mod.rs:1742: Phase 1: Filename Matching - START file="C:\\Users\\Mango Cat\\Music\\Astley, Jon/Everyone_Loves_The_Pilot_(Except_The_Crew)/(Jon_Astley)Everyone_Loves_The_Pilot_(Except_The_Crew)-02-Lipservice.mp3"
2026-02-06T02:59:17.958853Z DEBUG tokio-runtime-worker ThreadId(23) wkmp_ai::services::filename_matcher: wkmp-ai\src\services\filename_matcher.rs:54: Checking if file exists in database path=Astley, Jon/Everyone_Loves_The_Pilot_(Except_The_Crew)/(Jon_Astley)Everyone_Loves_The_Pilot_(Except_The_Crew)-02-Lipservice.mp3 norm_us=6
2026-02-06T02:59:17.959218Z DEBUG tokio-runtime-worker ThreadId(23) wkmp_ai::api::sse: wkmp-ai\src\api\sse.rs:71: SSE: Broadcasting import event: ImportProgressUpdate
2026-02-06T02:59:17.961328Z DEBUG tokio-runtime-worker ThreadId(23) wkmp_ai::api::sse: wkmp-ai\src\api\sse.rs:71: SSE: Broadcasting import event: ImportProgressUpdate
2026-02-06T02:59:17.961676Z DEBUG tokio-runtime-worker ThreadId(23) wkmp_ai::api::sse: wkmp-ai\src\api\sse.rs:71: SSE: Broadcasting import event: ImportProgressUpdate
2026-02-06T02:59:17.963659Z DEBUG tokio-runtime-worker ThreadId(23) wkmp_ai::api::sse: wkmp-ai\src\api\sse.rs:71: SSE: Broadcasting import event: ImportProgressUpdate
2026-02-06T02:59:17.964095Z DEBUG tokio-runtime-worker ThreadId(23) wkmp_ai::api::sse: wkmp-ai\src\api\sse.rs:71: SSE: Broadcasting import event: ImportProgressUpdate
2026-02-06T02:59:17.966037Z DEBUG tokio-runtime-worker ThreadId(23) wkmp_ai::api::sse: wkmp-ai\src\api\sse.rs:71: SSE: Broadcasting import event: ImportProgressUpdate
2026-02-06T02:59:17.966542Z DEBUG tokio-runtime-worker ThreadId(23) wkmp_ai::services::filename_matcher: wkmp-ai\src\services\filename_matcher.rs:65: Database query completed path=Asia/GoldAsia.mp3 query_us=8886
2026-02-06T02:59:17.966681Z DEBUG tokio-runtime-worker ThreadId(23) wkmp_ai::services::filename_matcher: wkmp-ai\src\services\filename_matcher.rs:88: File exists, reusing fileId path=Asia/GoldAsia.mp3 guid=5aa11894-c9f2-42ce-a45b-3ae52834af16 status=PENDING
2026-02-06T02:59:17.966854Z  INFO tokio-runtime-worker ThreadId(23) wkmp_ai::services::workflow_orchestrator: wkmp-ai\src\services\workflow_orchestrator\mod.rs:1756: Phase 1 completed phase="Filename Matching" duration_ms=9 path_us=1 db_ms=9 file_index=145
2026-02-06T02:59:17.966977Z DEBUG tokio-runtime-worker ThreadId(23) wkmp_ai::services::workflow_orchestrator: wkmp-ai\src\services\workflow_orchestrator\mod.rs:1778: Reusing existing file record (incomplete processing) file_id=5aa11894-c9f2-42ce-a45b-3ae52834af16
2026-02-06T02:59:17.967148Z DEBUG tokio-runtime-worker ThreadId(23) wkmp_ai::services::workflow_orchestrator: wkmp-ai\src\services\workflow_orchestrator\mod.rs:1812: Phase 2: Hash Deduplication file="C:\\Users\\Mango Cat\\Music\\Asia/GoldAsia.mp3" file_id=5aa11894-c9f2-42ce-a45b-3ae52834af16
2026-02-06T02:59:17.967277Z DEBUG tokio-runtime-worker ThreadId(23) wkmp_ai::services::hash_deduplicator: wkmp-ai\src\services\hash_deduplicator.rs:52: Calculating SHA-256 hash path=C:\Users\Mango Cat\Music\Asia/GoldAsia.mp3
2026-02-06T02:59:17.967454Z DEBUG tokio-runtime-worker ThreadId(23) wkmp_ai::services::filename_matcher: wkmp-ai\src\services\filename_matcher.rs:65: Database query completed path=Astley, Jon/Everyone_Loves_The_Pilot_(Except_The_Crew)/(Jon_Astley)Everyone_Loves_The_Pilot_(Except_The_Crew)-01-Jane's_Getting_Serious.mp3 query_us=9121
2026-02-06T02:59:17.967585Z DEBUG tokio-runtime-worker ThreadId(23) wkmp_ai::services::filename_matcher: wkmp-ai\src\services\filename_matcher.rs:81: File already processed (INGEST COMPLETE) path=Astley, Jon/Everyone_Loves_The_Pilot_(Except_The_Crew)/(Jon_Astley)Everyone_Loves_The_Pilot_(Except_The_Crew)-01-Jane's_Getting_Serious.mp3 guid=cca72e4c-da64-4a2f-b6d7-143253a3d1f1
2026-02-06T02:59:17.967736Z  INFO tokio-runtime-worker ThreadId(23) wkmp_ai::services::workflow_orchestrator: wkmp-ai\src\services\workflow_orchestrator\mod.rs:1756: Phase 1 completed phase="Filename Matching" duration_ms=9 path_us=1 db_ms=9 file_index=146
2026-02-06T02:59:17.967889Z  INFO tokio-runtime-worker ThreadId(23) wkmp_ai::services::workflow_orchestrator: wkmp-ai\src\services\workflow_orchestrator\mod.rs:1770: File already processed (INGEST COMPLETE/NO AUDIO/DUPLICATE HASH), skipping all remaining phases file="C:\\Users\\Mango Cat\\Music\\Astley, Jon/Everyone_Loves_The_Pilot_(Except_The_Crew)/(Jon_Astley)Everyone_Loves_The_Pilot_(Except_The_Crew)-01-Jane\'s_Getting_Serious.mp3" file_id=cca72e4c-da64-4a2f-b6d7-143253a3d1f1
2026-02-06T02:59:17.968064Z DEBUG tokio-runtime-worker ThreadId(23) wkmp_ai::services::workflow_orchestrator: wkmp-ai\src\services\workflow_orchestrator\mod.rs:2936: File processing complete session_id=e6293ba0-b57f-441f-a6ea-884d33b9111b file_index=146 file=Astley, Jon/Everyone_Loves_The_Pilot_(Except_The_Crew)/(Jon_Astley)Everyone_Loves_The_Pilot_(Except_The_Crew)-01-Jane's_Getting_Serious.mp3
2026-02-06T02:59:17.968235Z DEBUG tokio-runtime-worker ThreadId(23) wkmp_ai::services::workflow_orchestrator: wkmp-ai\src\services\workflow_orchestrator\mod.rs:1438: Acquiring all statistics Mutex locks for SSE conversion
2026-02-06T02:59:17.968358Z DEBUG tokio-runtime-worker ThreadId(23) wkmp_ai::services::workflow_orchestrator: wkmp-ai\src\services\workflow_orchestrator\mod.rs:1467: All statistics Mutex locks acquired and data cloned
2026-02-06T02:59:17.968587Z DEBUG tokio-runtime-worker ThreadId(23) wkmp_ai::services::workflow_orchestrator: wkmp-ai\src\services\workflow_orchestrator\mod.rs:1577: Releasing all statistics Mutex locks for SSE conversion
2026-02-06T02:59:17.968758Z DEBUG tokio-runtime-worker ThreadId(23) wkmp_ai::services::filename_matcher: wkmp-ai\src\services\filename_matcher.rs:65: Database query completed path=Astley, Jon/Everyone_Loves_The_Pilot_(Except_The_Crew)/(Jon_Astley)Everyone_Loves_The_Pilot_(Except_The_Crew)-02-Lipservice.mp3 query_us=9766
2026-02-06T02:59:17.968900Z DEBUG tokio-runtime-worker ThreadId(23) wkmp_ai::services::filename_matcher: wkmp-ai\src\services\filename_matcher.rs:81: File already processed (INGEST COMPLETE) path=Astley, Jon/Everyone_Loves_The_Pilot_(Except_The_Crew)/(Jon_Astley)Everyone_Loves_The_Pilot_(Except_The_Crew)-02-Lipservice.mp3 guid=79f237d8-c043-4a33-a9c7-ce759c442283
2026-02-06T02:59:17.969038Z  INFO tokio-runtime-worker ThreadId(23) wkmp_ai::services::workflow_orchestrator: wkmp-ai\src\services\workflow_orchestrator\mod.rs:1756: Phase 1 completed phase="Filename Matching" duration_ms=10 path_us=1 db_ms=10 file_index=147
2026-02-06T02:59:17.969186Z  INFO tokio-runtime-worker ThreadId(23) wkmp_ai::services::workflow_orchestrator: wkmp-ai\src\services\workflow_orchestrator\mod.rs:1770: File already processed (INGEST COMPLETE/NO AUDIO/DUPLICATE HASH), skipping all remaining phases file="C:\\Users\\Mango Cat\\Music\\Astley, Jon/Everyone_Loves_The_Pilot_(Except_The_Crew)/(Jon_Astley)Everyone_Loves_The_Pilot_(Except_The_Crew)-02-Lipservice.mp3" file_id=79f237d8-c043-4a33-a9c7-ce759c442283
2026-02-06T02:59:17.969352Z DEBUG tokio-runtime-worker ThreadId(23) wkmp_ai::services::workflow_orchestrator: wkmp-ai\src\services\workflow_orchestrator\mod.rs:2936: File processing complete session_id=e6293ba0-b57f-441f-a6ea-884d33b9111b file_index=147 file=Astley, Jon/Everyone_Loves_The_Pilot_(Except_The_Crew)/(Jon_Astley)Everyone_Loves_The_Pilot_(Except_The_Crew)-02-Lipservice.mp3
2026-02-06T02:59:17.969510Z DEBUG tokio-runtime-worker ThreadId(23) wkmp_ai::services::workflow_orchestrator: wkmp-ai\src\services\workflow_orchestrator\mod.rs:1438: Acquiring all statistics Mutex locks for SSE conversion
2026-02-06T02:59:17.969632Z DEBUG tokio-runtime-worker ThreadId(23) wkmp_ai::services::workflow_orchestrator: wkmp-ai\src\services\workflow_orchestrator\mod.rs:1467: All statistics Mutex locks acquired and data cloned
2026-02-06T02:59:17.969847Z DEBUG tokio-runtime-worker ThreadId(23) wkmp_ai::services::workflow_orchestrator: wkmp-ai\src\services\workflow_orchestrator\mod.rs:1577: Releasing all statistics Mutex locks for SSE conversion
2026-02-06T02:59:17.969982Z DEBUG tokio-runtime-worker ThreadId(23) wkmp_ai::services::workflow_orchestrator: wkmp-ai\src\services\workflow_orchestrator\mod.rs:3118: Starting per-file pipeline file_index=148 file_id=d3e2d91e-261a-4940-a0bd-e03705e6cb1c file=Astley, Jon/Everyone_Loves_The_Pilot_(Except_The_Crew)/(Jon_Astley)Everyone_Loves_The_Pilot_(Except_The_Crew)-03-Target_Practise.mp3
2026-02-06T02:59:17.970135Z  INFO tokio-runtime-worker ThreadId(23) wkmp_ai::services::workflow_orchestrator: wkmp-ai\src\services\workflow_orchestrator\mod.rs:1733: Starting PLAN024 10-phase per-file pipeline (late audio decode) file="C:\\Users\\Mango Cat\\Music\\Astley, Jon/Everyone_Loves_The_Pilot_(Except_The_Crew)/(Jon_Astley)Everyone_Loves_The_Pilot_(Except_The_Crew)-03-Target_Practise.mp3"
2026-02-06T02:59:17.970287Z DEBUG tokio-runtime-worker ThreadId(23) wkmp_ai::services::workflow_orchestrator: wkmp-ai\src\services\workflow_orchestrator\mod.rs:1742: Phase 1: Filename Matching - START file="C:\\Users\\Mango Cat\\Music\\Astley, Jon/Everyone_Loves_The_Pilot_(Except_The_Crew)/(Jon_Astley)Everyone_Loves_The_Pilot_(Except_The_Crew)-03-Target_Practise.mp3"
2026-02-06T02:59:17.970435Z DEBUG tokio-runtime-worker ThreadId(23) wkmp_ai::services::filename_matcher: wkmp-ai\src\services\filename_matcher.rs:54: Checking if file exists in database path=Astley, Jon/Everyone_Loves_The_Pilot_(Except_The_Crew)/(Jon_Astley)Everyone_Loves_The_Pilot_(Except_The_Crew)-03-Target_Practise.mp3 norm_us=10
2026-02-06T02:59:17.970621Z DEBUG tokio-runtime-worker ThreadId(23) wkmp_ai::services::workflow_orchestrator: wkmp-ai\src\services\workflow_orchestrator\mod.rs:3118: Starting per-file pipeline file_index=149 file_id=fd94448a-9221-4c12-b303-76de9da3d8d4 file=Astley, Jon/Everyone_Loves_The_Pilot_(Except_The_Crew)/(Jon_Astley)Everyone_Loves_The_Pilot_(Except_The_Crew)-04-Suffering_Fools.mp3
2026-02-06T02:59:17.970776Z  INFO tokio-runtime-worker ThreadId(23) wkmp_ai::services::workflow_orchestrator: wkmp-ai\src\services\workflow_orchestrator\mod.rs:1733: Starting PLAN024 10-phase per-file pipeline (late audio decode) file="C:\\Users\\Mango Cat\\Music\\Astley, Jon/Everyone_Loves_The_Pilot_(Except_The_Crew)/(Jon_Astley)Everyone_Loves_The_Pilot_(Except_The_Crew)-04-Suffering_Fools.mp3"
2026-02-06T02:59:17.970927Z DEBUG tokio-runtime-worker ThreadId(23) wkmp_ai::services::workflow_orchestrator: wkmp-ai\src\services\workflow_orchestrator\mod.rs:1742: Phase 1: Filename Matching - START file="C:\\Users\\Mango Cat\\Music\\Astley, Jon/Everyone_Loves_The_Pilot_(Except_The_Crew)/(Jon_Astley)Everyone_Loves_The_Pilot_(Except_The_Crew)-04-Suffering_Fools.mp3"
2026-02-06T02:59:17.971072Z DEBUG tokio-runtime-worker ThreadId(23) wkmp_ai::services::filename_matcher: wkmp-ai\src\services\filename_matcher.rs:54: Checking if file exists in database path=Astley, Jon/Everyone_Loves_The_Pilot_(Except_The_Crew)/(Jon_Astley)Everyone_Loves_The_Pilot_(Except_The_Crew)-04-Suffering_Fools.mp3 norm_us=6
2026-02-06T02:59:17.971410Z DEBUG tokio-runtime-worker ThreadId(23) wkmp_ai::api::sse: wkmp-ai\src\api\sse.rs:71: SSE: Broadcasting import event: ImportProgressUpdate
2026-02-06T02:59:17.973363Z DEBUG tokio-runtime-worker ThreadId(23) wkmp_ai::api::sse: wkmp-ai\src\api\sse.rs:71: SSE: Broadcasting import event: ImportProgressUpdate
2026-02-06T02:59:17.973697Z DEBUG tokio-runtime-worker ThreadId(23) wkmp_ai::api::sse: wkmp-ai\src\api\sse.rs:71: SSE: Broadcasting import event: ImportProgressUpdate
2026-02-06T02:59:17.975726Z DEBUG tokio-runtime-worker ThreadId(23) wkmp_ai::api::sse: wkmp-ai\src\api\sse.rs:71: SSE: Broadcasting import event: ImportProgressUpdate
2026-02-06T02:59:17.976228Z DEBUG tokio-runtime-worker ThreadId(23) wkmp_ai::services::filename_matcher: wkmp-ai\src\services\filename_matcher.rs:65: Database query completed path=Astley, Jon/Everyone_Loves_The_Pilot_(Except_The_Crew)/(Jon_Astley)Everyone_Loves_The_Pilot_(Except_The_Crew)-03-Target_Practise.mp3 query_us=5653
2026-02-06T02:59:17.976386Z DEBUG tokio-runtime-worker ThreadId(23) wkmp_ai::services::filename_matcher: wkmp-ai\src\services\filename_matcher.rs:81: File already processed (INGEST COMPLETE) path=Astley, Jon/Everyone_Loves_The_Pilot_(Except_The_Crew)/(Jon_Astley)Everyone_Loves_The_Pilot_(Except_The_Crew)-03-Target_Practise.mp3 guid=d3e2d91e-261a-4940-a0bd-e03705e6cb1c
2026-02-06T02:59:17.976546Z  INFO tokio-runtime-worker ThreadId(23) wkmp_ai::services::workflow_orchestrator: wkmp-ai\src\services\workflow_orchestrator\mod.rs:1756: Phase 1 completed phase="Filename Matching" duration_ms=6 path_us=1 db_ms=6 file_index=148
2026-02-06T02:59:17.976698Z  INFO tokio-runtime-worker ThreadId(23) wkmp_ai::services::workflow_orchestrator: wkmp-ai\src\services\workflow_orchestrator\mod.rs:1770: File already processed (INGEST COMPLETE/NO AUDIO/DUPLICATE HASH), skipping all remaining phases file="C:\\Users\\Mango Cat\\Music\\Astley, Jon/Everyone_Loves_The_Pilot_(Except_The_Crew)/(Jon_Astley)Everyone_Loves_The_Pilot_(Except_The_Crew)-03-Target_Practise.mp3" file_id=d3e2d91e-261a-4940-a0bd-e03705e6cb1c
2026-02-06T02:59:17.976866Z DEBUG tokio-runtime-worker ThreadId(23) wkmp_ai::services::workflow_orchestrator: wkmp-ai\src\services\workflow_orchestrator\mod.rs:2936: File processing complete session_id=e6293ba0-b57f-441f-a6ea-884d33b9111b file_index=148 file=Astley, Jon/Everyone_Loves_The_Pilot_(Except_The_Crew)/(Jon_Astley)Everyone_Loves_The_Pilot_(Except_The_Crew)-03-Target_Practise.mp3
2026-02-06T02:59:17.977031Z DEBUG tokio-runtime-worker ThreadId(23) wkmp_ai::services::workflow_orchestrator: wkmp-ai\src\services\workflow_orchestrator\mod.rs:1438: Acquiring all statistics Mutex locks for SSE conversion
2026-02-06T02:59:17.977152Z DEBUG tokio-runtime-worker ThreadId(23) wkmp_ai::services::workflow_orchestrator: wkmp-ai\src\services\workflow_orchestrator\mod.rs:1467: All statistics Mutex locks acquired and data cloned
2026-02-06T02:59:17.977371Z DEBUG tokio-runtime-worker ThreadId(23) wkmp_ai::services::workflow_orchestrator: wkmp-ai\src\services\workflow_orchestrator\mod.rs:1577: Releasing all statistics Mutex locks for SSE conversion
2026-02-06T02:59:17.977541Z DEBUG tokio-runtime-worker ThreadId(23) wkmp_ai::services::filename_matcher: wkmp-ai\src\services\filename_matcher.rs:65: Database query completed path=Astley, Jon/Everyone_Loves_The_Pilot_(Except_The_Crew)/(Jon_Astley)Everyone_Loves_The_Pilot_(Except_The_Crew)-04-Suffering_Fools.mp3 query_us=6331
2026-02-06T02:59:17.977792Z DEBUG tokio-runtime-worker ThreadId(23) wkmp_ai::services::filename_matcher: wkmp-ai\src\services\filename_matcher.rs:88: File exists, reusing fileId path=Astley, Jon/Everyone_Loves_The_Pilot_(Except_The_Crew)/(Jon_Astley)Everyone_Loves_The_Pilot_(Except_The_Crew)-04-Suffering_Fools.mp3 guid=fd94448a-9221-4c12-b303-76de9da3d8d4 status=PENDING
2026-02-06T02:59:17.977951Z  INFO tokio-runtime-worker ThreadId(23) wkmp_ai::services::workflow_orchestrator: wkmp-ai\src\services\workflow_orchestrator\mod.rs:1756: Phase 1 completed phase="Filename Matching" duration_ms=7 path_us=1 db_ms=6 file_index=149
2026-02-06T02:59:17.978100Z DEBUG tokio-runtime-worker ThreadId(23) wkmp_ai::services::workflow_orchestrator: wkmp-ai\src\services\workflow_orchestrator\mod.rs:1778: Reusing existing file record (incomplete processing) file_id=fd94448a-9221-4c12-b303-76de9da3d8d4
2026-02-06T02:59:17.978292Z DEBUG tokio-runtime-worker ThreadId(23) wkmp_ai::services::workflow_orchestrator: wkmp-ai\src\services\workflow_orchestrator\mod.rs:1812: Phase 2: Hash Deduplication file="C:\\Users\\Mango Cat\\Music\\Astley, Jon/Everyone_Loves_The_Pilot_(Except_The_Crew)/(Jon_Astley)Everyone_Loves_The_Pilot_(Except_The_Crew)-04-Suffering_Fools.mp3" file_id=fd94448a-9221-4c12-b303-76de9da3d8d4
2026-02-06T02:59:17.978444Z DEBUG tokio-runtime-worker ThreadId(23) wkmp_ai::services::hash_deduplicator: wkmp-ai\src\services\hash_deduplicator.rs:52: Calculating SHA-256 hash path=C:\Users\Mango Cat\Music\Astley, Jon/Everyone_Loves_The_Pilot_(Except_The_Crew)/(Jon_Astley)Everyone_Loves_The_Pilot_(Except_The_Crew)-04-Suffering_Fools.mp3
2026-02-06T02:59:17.978624Z DEBUG tokio-runtime-worker ThreadId(23) wkmp_ai::services::workflow_orchestrator: wkmp-ai\src\services\workflow_orchestrator\mod.rs:3118: Starting per-file pipeline file_index=150 file_id=030d1948-cac6-4a98-8bd7-21a3da291afc file=Astley, Jon/Everyone_Loves_The_Pilot_(Except_The_Crew)/(Jon_Astley)Everyone_Loves_The_Pilot_(Except_The_Crew)-05-The_Animal.mp3
2026-02-06T02:59:17.978811Z  INFO tokio-runtime-worker ThreadId(23) wkmp_ai::services::workflow_orchestrator: wkmp-ai\src\services\workflow_orchestrator\mod.rs:1733: Starting PLAN024 10-phase per-file pipeline (late audio decode) file="C:\\Users\\Mango Cat\\Music\\Astley, Jon/Everyone_Loves_The_Pilot_(Except_The_Crew)/(Jon_Astley)Everyone_Loves_The_Pilot_(Except_The_Crew)-05-The_Animal.mp3"
2026-02-06T02:59:17.979011Z DEBUG tokio-runtime-worker ThreadId(23) wkmp_ai::services::workflow_orchestrator: wkmp-ai\src\services\workflow_orchestrator\mod.rs:1742: Phase 1: Filename Matching - START file="C:\\Users\\Mango Cat\\Music\\Astley, Jon/Everyone_Loves_The_Pilot_(Except_The_Crew)/(Jon_Astley)Everyone_Loves_The_Pilot_(Except_The_Crew)-05-The_Animal.mp3"
2026-02-06T02:59:17.979193Z DEBUG tokio-runtime-worker ThreadId(23) wkmp_ai::services::filename_matcher: wkmp-ai\src\services\filename_matcher.rs:54: Checking if file exists in database path=Astley, Jon/Everyone_Loves_The_Pilot_(Except_The_Crew)/(Jon_Astley)Everyone_Loves_The_Pilot_(Except_The_Crew)-05-The_Animal.mp3 norm_us=10
2026-02-06T02:59:17.979530Z DEBUG tokio-runtime-worker ThreadId(23) wkmp_ai::api::sse: wkmp-ai\src\api\sse.rs:71: SSE: Broadcasting import event: ImportProgressUpdate
2026-02-06T02:59:17.981564Z DEBUG tokio-runtime-worker ThreadId(23) wkmp_ai::api::sse: wkmp-ai\src\api\sse.rs:71: SSE: Broadcasting import event: ImportProgressUpdate
2026-02-06T02:59:17.982249Z DEBUG tokio-runtime-worker ThreadId(23) wkmp_ai::services::filename_matcher: wkmp-ai\src\services\filename_matcher.rs:65: Database query completed path=Astley, Jon/Everyone_Loves_The_Pilot_(Except_The_Crew)/(Jon_Astley)Everyone_Loves_The_Pilot_(Except_The_Crew)-05-The_Animal.mp3 query_us=2915
2026-02-06T02:59:17.982425Z DEBUG tokio-runtime-worker ThreadId(23) wkmp_ai::services::filename_matcher: wkmp-ai\src\services\filename_matcher.rs:81: File already processed (INGEST COMPLETE) path=Astley, Jon/Everyone_Loves_The_Pilot_(Except_The_Crew)/(Jon_Astley)Everyone_Loves_The_Pilot_(Except_The_Crew)-05-The_Animal.mp3 guid=030d1948-cac6-4a98-8bd7-21a3da291afc
2026-02-06T02:59:17.982574Z  INFO tokio-runtime-worker ThreadId(23) wkmp_ai::services::workflow_orchestrator: wkmp-ai\src\services\workflow_orchestrator\mod.rs:1756: Phase 1 completed phase="Filename Matching" duration_ms=3 path_us=1 db_ms=3 file_index=150
2026-02-06T02:59:17.982725Z  INFO tokio-runtime-worker ThreadId(23) wkmp_ai::services::workflow_orchestrator: wkmp-ai\src\services\workflow_orchestrator\mod.rs:1770: File already processed (INGEST COMPLETE/NO AUDIO/DUPLICATE HASH), skipping all remaining phases file="C:\\Users\\Mango Cat\\Music\\Astley, Jon/Everyone_Loves_The_Pilot_(Except_The_Crew)/(Jon_Astley)Everyone_Loves_The_Pilot_(Except_The_Crew)-05-The_Animal.mp3" file_id=030d1948-cac6-4a98-8bd7-21a3da291afc
2026-02-06T02:59:17.982925Z DEBUG tokio-runtime-worker ThreadId(23) wkmp_ai::services::workflow_orchestrator: wkmp-ai\src\services\workflow_orchestrator\mod.rs:2936: File processing complete session_id=e6293ba0-b57f-441f-a6ea-884d33b9111b file_index=150 file=Astley, Jon/Everyone_Loves_The_Pilot_(Except_The_Crew)/(Jon_Astley)Everyone_Loves_The_Pilot_(Except_The_Crew)-05-The_Animal.mp3
2026-02-06T02:59:17.991427Z DEBUG tokio-runtime-worker ThreadId(23) wkmp_ai::services::workflow_orchestrator: wkmp-ai\src\services\workflow_orchestrator\mod.rs:1438: Acquiring all statistics Mutex locks for SSE conversion
2026-02-06T02:59:17.991631Z DEBUG tokio-runtime-worker ThreadId(23) wkmp_ai::services::workflow_orchestrator: wkmp-ai\src\services\workflow_orchestrator\mod.rs:1467: All statistics Mutex locks acquired and data cloned
2026-02-06T02:59:17.992005Z DEBUG tokio-runtime-worker ThreadId(23) wkmp_ai::services::workflow_orchestrator: wkmp-ai\src\services\workflow_orchestrator\mod.rs:1577: Releasing all statistics Mutex locks for SSE conversion
2026-02-06T02:59:17.992308Z DEBUG tokio-runtime-worker ThreadId(23) wkmp_ai::services::workflow_orchestrator: wkmp-ai\src\services\workflow_orchestrator\mod.rs:3118: Starting per-file pipeline file_index=151 file_id=0b868089-d06d-4e0f-b8a7-54c1ac990547 file=Astley, Jon/Everyone_Loves_The_Pilot_(Except_The_Crew)/(Jon_Astley)Everyone_Loves_The_Pilot_(Except_The_Crew)-06-Jumping_In_The_Deep_End.mp3
2026-02-06T02:59:17.992533Z  INFO tokio-runtime-worker ThreadId(23) wkmp_ai::services::workflow_orchestrator: wkmp-ai\src\services\workflow_orchestrator\mod.rs:1733: Starting PLAN024 10-phase per-file pipeline (late audio decode) file="C:\\Users\\Mango Cat\\Music\\Astley, Jon/Everyone_Loves_The_Pilot_(Except_The_Crew)/(Jon_Astley)Everyone_Loves_The_Pilot_(Except_The_Crew)-06-Jumping_In_The_Deep_End.mp3"
2026-02-06T02:59:17.992742Z DEBUG tokio-runtime-worker ThreadId(23) wkmp_ai::services::workflow_orchestrator: wkmp-ai\src\services\workflow_orchestrator\mod.rs:1742: Phase 1: Filename Matching - START file="C:\\Users\\Mango Cat\\Music\\Astley, Jon/Everyone_Loves_The_Pilot_(Except_The_Crew)/(Jon_Astley)Everyone_Loves_The_Pilot_(Except_The_Crew)-06-Jumping_In_The_Deep_End.mp3"
2026-02-06T02:59:17.992893Z DEBUG tokio-runtime-worker ThreadId(23) wkmp_ai::services::filename_matcher: wkmp-ai\src\services\filename_matcher.rs:54: Checking if file exists in database path=Astley, Jon/Everyone_Loves_The_Pilot_(Except_The_Crew)/(Jon_Astley)Everyone_Loves_The_Pilot_(Except_The_Crew)-06-Jumping_In_The_Deep_End.mp3 norm_us=10
2026-02-06T02:59:17.993204Z DEBUG tokio-runtime-worker ThreadId(23) wkmp_ai::api::sse: wkmp-ai\src\api\sse.rs:71: SSE: Broadcasting import event: ImportProgressUpdate
2026-02-06T02:59:17.994827Z DEBUG tokio-runtime-worker ThreadId(23) wkmp_ai::api::sse: wkmp-ai\src\api\sse.rs:71: SSE: Broadcasting import event: ImportProgressUpdate
2026-02-06T02:59:17.995808Z DEBUG tokio-runtime-worker ThreadId(23) wkmp_ai::services::filename_matcher: wkmp-ai\src\services\filename_matcher.rs:65: Database query completed path=Astley, Jon/Everyone_Loves_The_Pilot_(Except_The_Crew)/(Jon_Astley)Everyone_Loves_The_Pilot_(Except_The_Crew)-06-Jumping_In_The_Deep_End.mp3 query_us=2764
2026-02-06T02:59:17.996073Z DEBUG tokio-runtime-worker ThreadId(23) wkmp_ai::services::filename_matcher: wkmp-ai\src\services\filename_matcher.rs:81: File already processed (INGEST COMPLETE) path=Astley, Jon/Everyone_Loves_The_Pilot_(Except_The_Crew)/(Jon_Astley)Everyone_Loves_The_Pilot_(Except_The_Crew)-06-Jumping_In_The_Deep_End.mp3 guid=0b868089-d06d-4e0f-b8a7-54c1ac990547
2026-02-06T02:59:17.996320Z  INFO tokio-runtime-worker ThreadId(23) wkmp_ai::services::workflow_orchestrator: wkmp-ai\src\services\workflow_orchestrator\mod.rs:1756: Phase 1 completed phase="Filename Matching" duration_ms=3 path_us=2 db_ms=3 file_index=151
2026-02-06T02:59:17.996460Z  INFO tokio-runtime-worker ThreadId(23) wkmp_ai::services::workflow_orchestrator: wkmp-ai\src\services\workflow_orchestrator\mod.rs:1770: File already processed (INGEST COMPLETE/NO AUDIO/DUPLICATE HASH), skipping all remaining phases file="C:\\Users\\Mango Cat\\Music\\Astley, Jon/Everyone_Loves_The_Pilot_(Except_The_Crew)/(Jon_Astley)Everyone_Loves_The_Pilot_(Except_The_Crew)-06-Jumping_In_The_Deep_End.mp3" file_id=0b868089-d06d-4e0f-b8a7-54c1ac990547
2026-02-06T02:59:17.996634Z DEBUG tokio-runtime-worker ThreadId(23) wkmp_ai::services::workflow_orchestrator: wkmp-ai\src\services\workflow_orchestrator\mod.rs:2936: File processing complete session_id=e6293ba0-b57f-441f-a6ea-884d33b9111b file_index=151 file=Astley, Jon/Everyone_Loves_The_Pilot_(Except_The_Crew)/(Jon_Astley)Everyone_Loves_The_Pilot_(Except_The_Crew)-06-Jumping_In_The_Deep_End.mp3
2026-02-06T02:59:17.996804Z DEBUG tokio-runtime-worker ThreadId(23) wkmp_ai::services::workflow_orchestrator: wkmp-ai\src\services\workflow_orchestrator\mod.rs:1438: Acquiring all statistics Mutex locks for SSE conversion
2026-02-06T02:59:17.996942Z DEBUG tokio-runtime-worker ThreadId(23) wkmp_ai::services::workflow_orchestrator: wkmp-ai\src\services\workflow_orchestrator\mod.rs:1467: All statistics Mutex locks acquired and data cloned
2026-02-06T02:59:17.997175Z DEBUG tokio-runtime-worker ThreadId(23) wkmp_ai::services::workflow_orchestrator: wkmp-ai\src\services\workflow_orchestrator\mod.rs:1577: Releasing all statistics Mutex locks for SSE conversion
2026-02-06T02:59:17.997323Z DEBUG tokio-runtime-worker ThreadId(23) wkmp_ai::services::workflow_orchestrator: wkmp-ai\src\services\workflow_orchestrator\mod.rs:3118: Starting per-file pipeline file_index=152 file_id=012b5daa-69fd-46bf-ac51-4fb203a07937 file=Astley, Jon/Everyone_Loves_The_Pilot_(Except_The_Crew)/(Jon_Astley)Everyone_Loves_The_Pilot_(Except_The_Crew)-07-Better_Never_Than_Late.mp3
2026-02-06T02:59:17.997496Z  INFO tokio-runtime-worker ThreadId(23) wkmp_ai::services::workflow_orchestrator: wkmp-ai\src\services\workflow_orchestrator\mod.rs:1733: Starting PLAN024 10-phase per-file pipeline (late audio decode) file="C:\\Users\\Mango Cat\\Music\\Astley, Jon/Everyone_Loves_The_Pilot_(Except_The_Crew)/(Jon_Astley)Everyone_Loves_The_Pilot_(Except_The_Crew)-07-Better_Never_Than_Late.mp3"
2026-02-06T02:59:17.997655Z DEBUG tokio-runtime-worker ThreadId(23) wkmp_ai::services::workflow_orchestrator: wkmp-ai\src\services\workflow_orchestrator\mod.rs:1742: Phase 1: Filename Matching - START file="C:\\Users\\Mango Cat\\Music\\Astley, Jon/Everyone_Loves_The_Pilot_(Except_The_Crew)/(Jon_Astley)Everyone_Loves_The_Pilot_(Except_The_Crew)-07-Better_Never_Than_Late.mp3"
2026-02-06T02:59:17.997794Z DEBUG tokio-runtime-worker ThreadId(23) wkmp_ai::services::filename_matcher: wkmp-ai\src\services\filename_matcher.rs:54: Checking if file exists in database path=Astley, Jon/Everyone_Loves_The_Pilot_(Except_The_Crew)/(Jon_Astley)Everyone_Loves_The_Pilot_(Except_The_Crew)-07-Better_Never_Than_Late.mp3 norm_us=9
2026-02-06T02:59:17.998061Z DEBUG tokio-runtime-worker ThreadId(23) wkmp_ai::api::sse: wkmp-ai\src\api\sse.rs:71: SSE: Broadcasting import event: ImportProgressUpdate
2026-02-06T02:59:18.000239Z DEBUG tokio-runtime-worker ThreadId(23) wkmp_ai::api::sse: wkmp-ai\src\api\sse.rs:71: SSE: Broadcasting import event: ImportProgressUpdate
2026-02-06T02:59:18.000851Z DEBUG tokio-runtime-worker ThreadId(23) wkmp_ai::services::filename_matcher: wkmp-ai\src\services\filename_matcher.rs:65: Database query completed path=Astley, Jon/Everyone_Loves_The_Pilot_(Except_The_Crew)/(Jon_Astley)Everyone_Loves_The_Pilot_(Except_The_Crew)-07-Better_Never_Than_Late.mp3 query_us=2919
2026-02-06T02:59:18.001001Z DEBUG tokio-runtime-worker ThreadId(23) wkmp_ai::services::filename_matcher: wkmp-ai\src\services\filename_matcher.rs:81: File already processed (INGEST COMPLETE) path=Astley, Jon/Everyone_Loves_The_Pilot_(Except_The_Crew)/(Jon_Astley)Everyone_Loves_The_Pilot_(Except_The_Crew)-07-Better_Never_Than_Late.mp3 guid=012b5daa-69fd-46bf-ac51-4fb203a07937
2026-02-06T02:59:18.001136Z  INFO tokio-runtime-worker ThreadId(23) wkmp_ai::services::workflow_orchestrator: wkmp-ai\src\services\workflow_orchestrator\mod.rs:1756: Phase 1 completed phase="Filename Matching" duration_ms=3 path_us=1 db_ms=3 file_index=152
2026-02-06T02:59:18.001302Z  INFO tokio-runtime-worker ThreadId(23) wkmp_ai::services::workflow_orchestrator: wkmp-ai\src\services\workflow_orchestrator\mod.rs:1770: File already processed (INGEST COMPLETE/NO AUDIO/DUPLICATE HASH), skipping all remaining phases file="C:\\Users\\Mango Cat\\Music\\Astley, Jon/Everyone_Loves_The_Pilot_(Except_The_Crew)/(Jon_Astley)Everyone_Loves_The_Pilot_(Except_The_Crew)-07-Better_Never_Than_Late.mp3" file_id=012b5daa-69fd-46bf-ac51-4fb203a07937
2026-02-06T02:59:18.001508Z DEBUG tokio-runtime-worker ThreadId(23) wkmp_ai::services::workflow_orchestrator: wkmp-ai\src\services\workflow_orchestrator\mod.rs:2936: File processing complete session_id=e6293ba0-b57f-441f-a6ea-884d33b9111b file_index=152 file=Astley, Jon/Everyone_Loves_The_Pilot_(Except_The_Crew)/(Jon_Astley)Everyone_Loves_The_Pilot_(Except_The_Crew)-07-Better_Never_Than_Late.mp3
2026-02-06T02:59:18.001686Z DEBUG tokio-runtime-worker ThreadId(23) wkmp_ai::services::workflow_orchestrator: wkmp-ai\src\services\workflow_orchestrator\mod.rs:1438: Acquiring all statistics Mutex locks for SSE conversion
2026-02-06T02:59:18.001825Z DEBUG tokio-runtime-worker ThreadId(23) wkmp_ai::services::workflow_orchestrator: wkmp-ai\src\services\workflow_orchestrator\mod.rs:1467: All statistics Mutex locks acquired and data cloned
2026-02-06T02:59:18.002053Z DEBUG tokio-runtime-worker ThreadId(23) wkmp_ai::services::workflow_orchestrator: wkmp-ai\src\services\workflow_orchestrator\mod.rs:1577: Releasing all statistics Mutex locks for SSE conversion
2026-02-06T02:59:18.002218Z DEBUG tokio-runtime-worker ThreadId(23) wkmp_ai::services::workflow_orchestrator: wkmp-ai\src\services\workflow_orchestrator\mod.rs:3118: Starting per-file pipeline file_index=153 file_id=cb20955c-9d75-4233-ae68-2bed43bbd4c0 file=Astley, Jon/Everyone_Loves_The_Pilot_(Except_The_Crew)/(Jon_Astley)Everyone_Loves_The_Pilot_(Except_The_Crew)-08-I_Want_To_Dance.mp3
2026-02-06T02:59:18.002387Z  INFO tokio-runtime-worker ThreadId(23) wkmp_ai::services::workflow_orchestrator: wkmp-ai\src\services\workflow_orchestrator\mod.rs:1733: Starting PLAN024 10-phase per-file pipeline (late audio decode) file="C:\\Users\\Mango Cat\\Music\\Astley, Jon/Everyone_Loves_The_Pilot_(Except_The_Crew)/(Jon_Astley)Everyone_Loves_The_Pilot_(Except_The_Crew)-08-I_Want_To_Dance.mp3"
2026-02-06T02:59:18.002568Z DEBUG tokio-runtime-worker ThreadId(23) wkmp_ai::services::workflow_orchestrator: wkmp-ai\src\services\workflow_orchestrator\mod.rs:1742: Phase 1: Filename Matching - START file="C:\\Users\\Mango Cat\\Music\\Astley, Jon/Everyone_Loves_The_Pilot_(Except_The_Crew)/(Jon_Astley)Everyone_Loves_The_Pilot_(Except_The_Crew)-08-I_Want_To_Dance.mp3"
2026-02-06T02:59:18.002731Z DEBUG tokio-runtime-worker ThreadId(23) wkmp_ai::services::filename_matcher: wkmp-ai\src\services\filename_matcher.rs:54: Checking if file exists in database path=Astley, Jon/Everyone_Loves_The_Pilot_(Except_The_Crew)/(Jon_Astley)Everyone_Loves_The_Pilot_(Except_The_Crew)-08-I_Want_To_Dance.mp3 norm_us=7
2026-02-06T02:59:18.003010Z DEBUG tokio-runtime-worker ThreadId(23) wkmp_ai::api::sse: wkmp-ai\src\api\sse.rs:71: SSE: Broadcasting import event: ImportProgressUpdate
2026-02-06T02:59:18.005136Z DEBUG tokio-runtime-worker ThreadId(23) wkmp_ai::api::sse: wkmp-ai\src\api\sse.rs:71: SSE: Broadcasting import event: ImportProgressUpdate
2026-02-06T02:59:18.005848Z DEBUG tokio-runtime-worker ThreadId(23) wkmp_ai::services::filename_matcher: wkmp-ai\src\services\filename_matcher.rs:65: Database query completed path=Astley, Jon/Everyone_Loves_The_Pilot_(Except_The_Crew)/(Jon_Astley)Everyone_Loves_The_Pilot_(Except_The_Crew)-08-I_Want_To_Dance.mp3 query_us=2950
2026-02-06T02:59:18.006223Z DEBUG tokio-runtime-worker ThreadId(23) wkmp_ai::services::filename_matcher: wkmp-ai\src\services\filename_matcher.rs:81: File already processed (INGEST COMPLETE) path=Astley, Jon/Everyone_Loves_The_Pilot_(Except_The_Crew)/(Jon_Astley)Everyone_Loves_The_Pilot_(Except_The_Crew)-08-I_Want_To_Dance.mp3 guid=cb20955c-9d75-4233-ae68-2bed43bbd4c0
2026-02-06T02:59:18.006428Z  INFO tokio-runtime-worker ThreadId(23) wkmp_ai::services::workflow_orchestrator: wkmp-ai\src\services\workflow_orchestrator\mod.rs:1756: Phase 1 completed phase="Filename Matching" duration_ms=3 path_us=1 db_ms=3 file_index=153
2026-02-06T02:59:18.006606Z  INFO tokio-runtime-worker ThreadId(23) wkmp_ai::services::workflow_orchestrator: wkmp-ai\src\services\workflow_orchestrator\mod.rs:1770: File already processed (INGEST COMPLETE/NO AUDIO/DUPLICATE HASH), skipping all remaining phases file="C:\\Users\\Mango Cat\\Music\\Astley, Jon/Everyone_Loves_The_Pilot_(Except_The_Crew)/(Jon_Astley)Everyone_Loves_The_Pilot_(Except_The_Crew)-08-I_Want_To_Dance.mp3" file_id=cb20955c-9d75-4233-ae68-2bed43bbd4c0
2026-02-06T02:59:18.006807Z DEBUG tokio-runtime-worker ThreadId(23) wkmp_ai::services::workflow_orchestrator: wkmp-ai\src\services\workflow_orchestrator\mod.rs:2936: File processing complete session_id=e6293ba0-b57f-441f-a6ea-884d33b9111b file_index=153 file=Astley, Jon/Everyone_Loves_The_Pilot_(Except_The_Crew)/(Jon_Astley)Everyone_Loves_The_Pilot_(Except_The_Crew)-08-I_Want_To_Dance.mp3
2026-02-06T02:59:18.006971Z DEBUG tokio-runtime-worker ThreadId(23) wkmp_ai::services::workflow_orchestrator: wkmp-ai\src\services\workflow_orchestrator\mod.rs:1438: Acquiring all statistics Mutex locks for SSE conversion
2026-02-06T02:59:18.007092Z DEBUG tokio-runtime-worker ThreadId(23) wkmp_ai::services::workflow_orchestrator: wkmp-ai\src\services\workflow_orchestrator\mod.rs:1467: All statistics Mutex locks acquired and data cloned
2026-02-06T02:59:18.007339Z DEBUG tokio-runtime-worker ThreadId(23) wkmp_ai::services::workflow_orchestrator: wkmp-ai\src\services\workflow_orchestrator\mod.rs:1577: Releasing all statistics Mutex locks for SSE conversion
2026-02-06T02:59:18.007486Z DEBUG tokio-runtime-worker ThreadId(23) wkmp_ai::services::workflow_orchestrator: wkmp-ai\src\services\workflow_orchestrator\mod.rs:3118: Starting per-file pipeline file_index=154 file_id=881b045f-29cf-487c-bf45-9aa7f5a4591e file=Astley, Jon/Everyone_Loves_The_Pilot_(Except_The_Crew)/(Jon_Astley)Everyone_Loves_The_Pilot_(Except_The_Crew)-09-Disclaimer.mp3
2026-02-06T02:59:18.007667Z  INFO tokio-runtime-worker ThreadId(23) wkmp_ai::services::workflow_orchestrator: wkmp-ai\src\services\workflow_orchestrator\mod.rs:1733: Starting PLAN024 10-phase per-file pipeline (late audio decode) file="C:\\Users\\Mango Cat\\Music\\Astley, Jon/Everyone_Loves_The_Pilot_(Except_The_Crew)/(Jon_Astley)Everyone_Loves_The_Pilot_(Except_The_Crew)-09-Disclaimer.mp3"
2026-02-06T02:59:18.007843Z DEBUG tokio-runtime-worker ThreadId(23) wkmp_ai::services::workflow_orchestrator: wkmp-ai\src\services\workflow_orchestrator\mod.rs:1742: Phase 1: Filename Matching - START file="C:\\Users\\Mango Cat\\Music\\Astley, Jon/Everyone_Loves_The_Pilot_(Except_The_Crew)/(Jon_Astley)Everyone_Loves_The_Pilot_(Except_The_Crew)-09-Disclaimer.mp3"
2026-02-06T02:59:18.008011Z DEBUG tokio-runtime-worker ThreadId(23) wkmp_ai::services::filename_matcher: wkmp-ai\src\services\filename_matcher.rs:54: Checking if file exists in database path=Astley, Jon/Everyone_Loves_The_Pilot_(Except_The_Crew)/(Jon_Astley)Everyone_Loves_The_Pilot_(Except_The_Crew)-09-Disclaimer.mp3 norm_us=8
2026-02-06T02:59:18.008269Z DEBUG tokio-runtime-worker ThreadId(23) wkmp_ai::api::sse: wkmp-ai\src\api\sse.rs:71: SSE: Broadcasting import event: ImportProgressUpdate
2026-02-06T02:59:18.010374Z DEBUG tokio-runtime-worker ThreadId(23) wkmp_ai::api::sse: wkmp-ai\src\api\sse.rs:71: SSE: Broadcasting import event: ImportProgressUpdate
2026-02-06T02:59:18.011276Z DEBUG tokio-runtime-worker ThreadId(23) wkmp_ai::services::filename_matcher: wkmp-ai\src\services\filename_matcher.rs:65: Database query completed path=Astley, Jon/Everyone_Loves_The_Pilot_(Except_The_Crew)/(Jon_Astley)Everyone_Loves_The_Pilot_(Except_The_Crew)-09-Disclaimer.mp3 query_us=3118
2026-02-06T02:59:18.011444Z DEBUG tokio-runtime-worker ThreadId(23) wkmp_ai::services::filename_matcher: wkmp-ai\src\services\filename_matcher.rs:81: File already processed (INGEST COMPLETE) path=Astley, Jon/Everyone_Loves_The_Pilot_(Except_The_Crew)/(Jon_Astley)Everyone_Loves_The_Pilot_(Except_The_Crew)-09-Disclaimer.mp3 guid=881b045f-29cf-487c-bf45-9aa7f5a4591e
2026-02-06T02:59:18.011685Z  INFO tokio-runtime-worker ThreadId(23) wkmp_ai::services::workflow_orchestrator: wkmp-ai\src\services\workflow_orchestrator\mod.rs:1756: Phase 1 completed phase="Filename Matching" duration_ms=3 path_us=2 db_ms=3 file_index=154
2026-02-06T02:59:18.011863Z  INFO tokio-runtime-worker ThreadId(23) wkmp_ai::services::workflow_orchestrator: wkmp-ai\src\services\workflow_orchestrator\mod.rs:1770: File already processed (INGEST COMPLETE/NO AUDIO/DUPLICATE HASH), skipping all remaining phases file="C:\\Users\\Mango Cat\\Music\\Astley, Jon/Everyone_Loves_The_Pilot_(Except_The_Crew)/(Jon_Astley)Everyone_Loves_The_Pilot_(Except_The_Crew)-09-Disclaimer.mp3" file_id=881b045f-29cf-487c-bf45-9aa7f5a4591e
2026-02-06T02:59:18.012094Z DEBUG tokio-runtime-worker ThreadId(23) wkmp_ai::services::workflow_orchestrator: wkmp-ai\src\services\workflow_orchestrator\mod.rs:2936: File processing complete session_id=e6293ba0-b57f-441f-a6ea-884d33b9111b file_index=154 file=Astley, Jon/Everyone_Loves_The_Pilot_(Except_The_Crew)/(Jon_Astley)Everyone_Loves_The_Pilot_(Except_The_Crew)-09-Disclaimer.mp3
2026-02-06T02:59:18.012344Z DEBUG tokio-runtime-worker ThreadId(23) wkmp_ai::services::workflow_orchestrator: wkmp-ai\src\services\workflow_orchestrator\mod.rs:1438: Acquiring all statistics Mutex locks for SSE conversion
2026-02-06T02:59:18.012468Z DEBUG tokio-runtime-worker ThreadId(23) wkmp_ai::services::workflow_orchestrator: wkmp-ai\src\services\workflow_orchestrator\mod.rs:1467: All statistics Mutex locks acquired and data cloned
2026-02-06T02:59:18.012749Z DEBUG tokio-runtime-worker ThreadId(23) wkmp_ai::services::workflow_orchestrator: wkmp-ai\src\services\workflow_orchestrator\mod.rs:1577: Releasing all statistics Mutex locks for SSE conversion
2026-02-06T02:59:18.012908Z DEBUG tokio-runtime-worker ThreadId(23) wkmp_ai::services::workflow_orchestrator: wkmp-ai\src\services\workflow_orchestrator\mod.rs:3118: Starting per-file pipeline file_index=155 file_id=abe00c0c-8402-4542-b692-494c2cd2ab6e file=Astley, Jon/Everyone_Loves_The_Pilot_(Except_The_Crew)/(Jon_Astley)Everyone_Loves_The_Pilot_(Except_The_Crew)-10-The_Emperor.mp3
2026-02-06T02:59:18.013073Z  INFO tokio-runtime-worker ThreadId(23) wkmp_ai::services::workflow_orchestrator: wkmp-ai\src\services\workflow_orchestrator\mod.rs:1733: Starting PLAN024 10-phase per-file pipeline (late audio decode) file="C:\\Users\\Mango Cat\\Music\\Astley, Jon/Everyone_Loves_The_Pilot_(Except_The_Crew)/(Jon_Astley)Everyone_Loves_The_Pilot_(Except_The_Crew)-10-The_Emperor.mp3"
2026-02-06T02:59:18.013274Z DEBUG tokio-runtime-worker ThreadId(23) wkmp_ai::services::workflow_orchestrator: wkmp-ai\src\services\workflow_orchestrator\mod.rs:1742: Phase 1: Filename Matching - START file="C:\\Users\\Mango Cat\\Music\\Astley, Jon/Everyone_Loves_The_Pilot_(Except_The_Crew)/(Jon_Astley)Everyone_Loves_The_Pilot_(Except_The_Crew)-10-The_Emperor.mp3"
2026-02-06T02:59:18.013425Z DEBUG tokio-runtime-worker ThreadId(23) wkmp_ai::services::filename_matcher: wkmp-ai\src\services\filename_matcher.rs:54: Checking if file exists in database path=Astley, Jon/Everyone_Loves_The_Pilot_(Except_The_Crew)/(Jon_Astley)Everyone_Loves_The_Pilot_(Except_The_Crew)-10-The_Emperor.mp3 norm_us=10
2026-02-06T02:59:18.013753Z DEBUG tokio-runtime-worker ThreadId(23) wkmp_ai::api::sse: wkmp-ai\src\api\sse.rs:71: SSE: Broadcasting import event: ImportProgressUpdate
2026-02-06T02:59:18.015935Z DEBUG tokio-runtime-worker ThreadId(23) wkmp_ai::api::sse: wkmp-ai\src\api\sse.rs:71: SSE: Broadcasting import event: ImportProgressUpdate
2026-02-06T02:59:18.016682Z DEBUG tokio-runtime-worker ThreadId(23) wkmp_ai::services::filename_matcher: wkmp-ai\src\services\filename_matcher.rs:65: Database query completed path=Astley, Jon/Everyone_Loves_The_Pilot_(Except_The_Crew)/(Jon_Astley)Everyone_Loves_The_Pilot_(Except_The_Crew)-10-The_Emperor.mp3 query_us=3087
2026-02-06T02:59:18.016862Z DEBUG tokio-runtime-worker ThreadId(23) wkmp_ai::services::filename_matcher: wkmp-ai\src\services\filename_matcher.rs:81: File already processed (INGEST COMPLETE) path=Astley, Jon/Everyone_Loves_The_Pilot_(Except_The_Crew)/(Jon_Astley)Everyone_Loves_The_Pilot_(Except_The_Crew)-10-The_Emperor.mp3 guid=abe00c0c-8402-4542-b692-494c2cd2ab6e
2026-02-06T02:59:18.017021Z  INFO tokio-runtime-worker ThreadId(23) wkmp_ai::services::workflow_orchestrator: wkmp-ai\src\services\workflow_orchestrator\mod.rs:1756: Phase 1 completed phase="Filename Matching" duration_ms=3 path_us=2 db_ms=3 file_index=155
2026-02-06T02:59:18.017189Z  INFO tokio-runtime-worker ThreadId(23) wkmp_ai::services::workflow_orchestrator: wkmp-ai\src\services\workflow_orchestrator\mod.rs:1770: File already processed (INGEST COMPLETE/NO AUDIO/DUPLICATE HASH), skipping all remaining phases file="C:\\Users\\Mango Cat\\Music\\Astley, Jon/Everyone_Loves_The_Pilot_(Except_The_Crew)/(Jon_Astley)Everyone_Loves_The_Pilot_(Except_The_Crew)-10-The_Emperor.mp3" file_id=abe00c0c-8402-4542-b692-494c2cd2ab6e
2026-02-06T02:59:18.017377Z DEBUG tokio-runtime-worker ThreadId(23) wkmp_ai::services::workflow_orchestrator: wkmp-ai\src\services\workflow_orchestrator\mod.rs:2936: File processing complete session_id=e6293ba0-b57f-441f-a6ea-884d33b9111b file_index=155 file=Astley, Jon/Everyone_Loves_The_Pilot_(Except_The_Crew)/(Jon_Astley)Everyone_Loves_The_Pilot_(Except_The_Crew)-10-The_Emperor.mp3
2026-02-06T02:59:18.017554Z DEBUG tokio-runtime-worker ThreadId(23) wkmp_ai::services::workflow_orchestrator: wkmp-ai\src\services\workflow_orchestrator\mod.rs:1438: Acquiring all statistics Mutex locks for SSE conversion
2026-02-06T02:59:18.017693Z DEBUG tokio-runtime-worker ThreadId(23) wkmp_ai::services::workflow_orchestrator: wkmp-ai\src\services\workflow_orchestrator\mod.rs:1467: All statistics Mutex locks acquired and data cloned
2026-02-06T02:59:18.017950Z DEBUG tokio-runtime-worker ThreadId(23) wkmp_ai::services::workflow_orchestrator: wkmp-ai\src\services\workflow_orchestrator\mod.rs:1577: Releasing all statistics Mutex locks for SSE conversion
2026-02-06T02:59:18.018105Z DEBUG tokio-runtime-worker ThreadId(23) wkmp_ai::services::workflow_orchestrator: wkmp-ai\src\services\workflow_orchestrator\mod.rs:3118: Starting per-file pipeline file_index=156 file_id=5a4541dd-b9ff-4435-96bc-bdc52589ef3e file=BTS/Wings.mp3
2026-02-06T02:59:18.018275Z  INFO tokio-runtime-worker ThreadId(23) wkmp_ai::services::workflow_orchestrator: wkmp-ai\src\services\workflow_orchestrator\mod.rs:1733: Starting PLAN024 10-phase per-file pipeline (late audio decode) file="C:\\Users\\Mango Cat\\Music\\BTS/Wings.mp3"
2026-02-06T02:59:18.018442Z DEBUG tokio-runtime-worker ThreadId(23) wkmp_ai::services::workflow_orchestrator: wkmp-ai\src\services\workflow_orchestrator\mod.rs:1742: Phase 1: Filename Matching - START file="C:\\Users\\Mango Cat\\Music\\BTS/Wings.mp3"
2026-02-06T02:59:18.018602Z DEBUG tokio-runtime-worker ThreadId(23) wkmp_ai::services::filename_matcher: wkmp-ai\src\services\filename_matcher.rs:54: Checking if file exists in database path=BTS/Wings.mp3 norm_us=5
2026-02-06T02:59:18.018853Z DEBUG tokio-runtime-worker ThreadId(23) wkmp_ai::api::sse: wkmp-ai\src\api\sse.rs:71: SSE: Broadcasting import event: ImportProgressUpdate
2026-02-06T02:59:18.021001Z DEBUG tokio-runtime-worker ThreadId(23) wkmp_ai::api::sse: wkmp-ai\src\api\sse.rs:71: SSE: Broadcasting import event: ImportProgressUpdate
2026-02-06T02:59:18.021651Z DEBUG tokio-runtime-worker ThreadId(23) wkmp_ai::services::filename_matcher: wkmp-ai\src\services\filename_matcher.rs:65: Database query completed path=BTS/Wings.mp3 query_us=2906
2026-02-06T02:59:18.021817Z DEBUG tokio-runtime-worker ThreadId(23) wkmp_ai::services::filename_matcher: wkmp-ai\src\services\filename_matcher.rs:88: File exists, reusing fileId path=BTS/Wings.mp3 guid=5a4541dd-b9ff-4435-96bc-bdc52589ef3e status=PENDING
2026-02-06T02:59:18.021957Z  INFO tokio-runtime-worker ThreadId(23) wkmp_ai::services::workflow_orchestrator: wkmp-ai\src\services\workflow_orchestrator\mod.rs:1756: Phase 1 completed phase="Filename Matching" duration_ms=3 path_us=1 db_ms=3 file_index=156
2026-02-06T02:59:18.022127Z DEBUG tokio-runtime-worker ThreadId(23) wkmp_ai::services::workflow_orchestrator: wkmp-ai\src\services\workflow_orchestrator\mod.rs:1778: Reusing existing file record (incomplete processing) file_id=5a4541dd-b9ff-4435-96bc-bdc52589ef3e
2026-02-06T02:59:18.022289Z DEBUG tokio-runtime-worker ThreadId(23) wkmp_ai::services::workflow_orchestrator: wkmp-ai\src\services\workflow_orchestrator\mod.rs:1812: Phase 2: Hash Deduplication file="C:\\Users\\Mango Cat\\Music\\BTS/Wings.mp3" file_id=5a4541dd-b9ff-4435-96bc-bdc52589ef3e
2026-02-06T02:59:18.022418Z DEBUG tokio-runtime-worker ThreadId(23) wkmp_ai::services::hash_deduplicator: wkmp-ai\src\services\hash_deduplicator.rs:52: Calculating SHA-256 hash path=C:\Users\Mango Cat\Music\BTS/Wings.mp3
2026-02-06T02:59:18.848203Z DEBUG tokio-runtime-worker ThreadId(23) wkmp_ai::services::hash_deduplicator: wkmp-ai\src\services\hash_deduplicator.rs:93: Calculated hash path=C:\Users\Mango Cat\Music\Ace of Base/HappyNation.mp3
 hash_len=64
2026-02-06T02:59:18.848892Z DEBUG tokio-runtime-worker ThreadId(23) wkmp_ai::services::hash_deduplicator: wkmp-ai\src\services\hash_deduplicator.rs:155: Updated file hash file_id=e7e6d982-1560-40c5-b8ec-347b47ee29ff hash=69341f3371f303618c57ec63676caa1735c473df57c8b0505ac5e9a0c16922d4
2026-02-06T02:59:18.849071Z DEBUG tokio-runtime-worker ThreadId(23) wkmp_ai::services::hash_deduplicator: wkmp-ai\src\services\hash_deduplicator.rs:111: Checking for duplicate hash hash=69341f3371f303618c57ec63676caa1735c473df57c8b0505ac5e9a0c16922d4 file_id=e7e6d982-1560-40c5-b8ec-347b47ee29ff
2026-02-06T02:59:18.849467Z DEBUG tokio-runtime-worker ThreadId(23) wkmp_ai::services::hash_deduplicator: wkmp-ai\src\services\hash_deduplicator.rs:123: No duplicate hash found hash=69341f3371f303618c57ec63676caa1735c473df57c8b0505ac5e9a0c16922d4
2026-02-06T02:59:18.849598Z  INFO tokio-runtime-worker ThreadId(23) wkmp_ai::services::workflow_orchestrator: wkmp-ai\src\services\workflow_orchestrator\mod.rs:1851: Phase 2 completed - hash unique phase="Hash Deduplication" duration_ms=1532 file_index=45 hash="69341f3371f303618c57ec63676caa1735c473df57c8b0505ac5e9a0c16922d4"
2026-02-06T02:59:18.849733Z DEBUG tokio-runtime-worker ThreadId(23) wkmp_ai::services::workflow_orchestrator: wkmp-ai\src\services\workflow_orchestrator\mod.rs:1865: Phase 3: Metadata Extraction & Merging file="C:\\Users\\Mango Cat\\Music\\Ace of Base/HappyNation.mp3" file_id=e7e6d982-1560-40c5-b8ec-347b47ee29ff
2026-02-06T02:59:18.849856Z DEBUG tokio-runtime-worker ThreadId(23) wkmp_ai::services::metadata_merger: wkmp-ai\src\services\metadata_merger.rs:76: Extracting and merging metadata file_id=e7e6d982-1560-40c5-b8ec-347b47ee29ff path=C:\Users\Mango Cat\Music\Ace of Base/HappyNation.mp3
2026-02-06T02:59:18.850618Z DEBUG tokio-runtime-worker ThreadId(23) wkmp_ai::services::metadata_extractor: wkmp-ai\src\services\metadata_extractor.rs:141: Extracted metadata file=C:\Users\Mango Cat\Music\Ace of Base/HappyNation.mp3 artist=Some("Ace of Base") title=None duration_s=3649.776 format=MP3
2026-02-06T02:59:18.851231Z DEBUG tokio-runtime-worker ThreadId(23) wkmp_ai::services::metadata_merger: wkmp-ai\src\services\metadata_merger.rs:161: Merged metadata updated file_id=e7e6d982-1560-40c5-b8ec-347b47ee29ff artist=Some("Ace of Base") title=None duration_ticks=103011277824
2026-02-06T02:59:18.851347Z  INFO tokio-runtime-worker ThreadId(23) wkmp_ai::services::workflow_orchestrator: wkmp-ai\src\services\workflow_orchestrator\mod.rs:1877: Phase 3 completed phase="Metadata Extraction" duration_ms=1
 file_index=45 successful=true has_title=false has_artist=true has_album=true
2026-02-06T02:59:18.857262Z  INFO tokio-runtime-worker ThreadId(23) wkmp_ai::matching::single_track: wkmp-ai\src\matching\single_track.rs:292: [F45] Single-track analysis (pre-decode) for "HappyNation.mp3":
2026-02-06T02:59:18.857425Z  INFO tokio-runtime-worker ThreadId(23) wkmp_ai::matching::single_track: wkmp-ai\src\matching\single_track.rs:305: [F45]     Filename pattern: +0.00 (no track number prefix)
2026-02-06T02:59:18.857527Z  INFO tokio-runtime-worker ThreadId(23) wkmp_ai::matching::single_track: wkmp-ai\src\matching\single_track.rs:312: [F45]     Directory files:  -0.50 (1 audio files in dir, threshold=4)
2026-02-06T02:59:18.857606Z  INFO tokio-runtime-worker ThreadId(23) wkmp_ai::matching::single_track: wkmp-ai\src\matching\single_track.rs:327: [F45]     ID3 track tag:    +0.00 (no track tag)
2026-02-06T02:59:18.857670Z  INFO tokio-runtime-worker ThreadId(23) wkmp_ai::matching::single_track: wkmp-ai\src\matching\single_track.rs:335: [F45]     Duration hint:    -0.30 (60.83 min, album threshold=20 min)
2026-02-06T02:59:18.857734Z  INFO tokio-runtime-worker ThreadId(23) wkmp_ai::matching::single_track: wkmp-ai\src\matching\single_track.rs:347: [F45]     PRE-DECODE TOTAL: -0.80 (Unlikely confidence)
2026-02-06T02:59:18.857796Z DEBUG tokio-runtime-worker ThreadId(23) wkmp_ai::services::workflow_orchestrator: wkmp-ai\src\services\workflow_orchestrator\mod.rs:1958: Not single-track (score < 2), continuing with album pipeline file="C:\\Users\\Mango Cat\\Music\\Ace of Base/HappyNation.mp3" file_index=45 score=-0.8
2026-02-06T02:59:18.857896Z DEBUG tokio-runtime-worker ThreadId(23) wkmp_ai::services::workflow_orchestrator: wkmp-ai\src\services\workflow_orchestrator\mod.rs:1977: Phase 4: Decoding audio + Passage Segmentation file="C:\\Users\\Mango Cat\\Music\\Ace of Base/HappyNation.mp3" file_id=e7e6d982-1560-40c5-b8ec-347b47ee29ff
2026-02-06T02:59:18.857973Z DEBUG tokio-runtime-worker ThreadId(23) wkmp_ai::services::workflow_orchestrator: wkmp-ai\src\services\workflow_orchestrator\mod.rs:1980: Decoding audio (first and only decode) file="C:\\Users\\Mango Cat\\Music\\Ace of Base/HappyNation.mp3"
2026-02-06T02:59:19.879865Z DEBUG tokio-runtime-worker ThreadId(23) wkmp_ai::services::hash_deduplicator: wkmp-ai\src\services\hash_deduplicator.rs:93: Calculated hash path=C:\Users\Mango Cat\Music\Aerosmith/Pump.mp3 hash_len=64
2026-02-06T02:59:19.880628Z DEBUG tokio-runtime-worker ThreadId(23) wkmp_ai::services::hash_deduplicator: wkmp-ai\src\services\hash_deduplicator.rs:155: Updated file hash file_id=85decb52-878d-428d-9e4f-39631a68ff68 hash=177f79fb6f4c1ed903cb08b90254e8b94fa89b623863b40686fba55251add293
2026-02-06T02:59:19.880741Z DEBUG tokio-runtime-worker ThreadId(23) wkmp_ai::services::hash_deduplicator: wkmp-ai\src\services\hash_deduplicator.rs:111: Checking for duplicate hash hash=177f79fb6f4c1ed903cb08b90254e8b94fa89b623863b40686fba55251add293 file_id=85decb52-878d-428d-9e4f-39631a68ff68
2026-02-06T02:59:19.881091Z DEBUG tokio-runtime-worker ThreadId(23) wkmp_ai::services::hash_deduplicator: wkmp-ai\src\services\hash_deduplicator.rs:123: No duplicate hash found hash=177f79fb6f4c1ed903cb08b90254e8b94fa89b623863b40686fba55251add293
2026-02-06T02:59:19.881197Z  INFO tokio-runtime-worker ThreadId(23) wkmp_ai::services::workflow_orchestrator: wkmp-ai\src\services\workflow_orchestrator\mod.rs:1851: Phase 2 completed - hash unique phase="Hash Deduplication" duration_ms=2513 file_index=47 hash="177f79fb6f4c1ed903cb08b90254e8b94fa89b623863b40686fba55251add293"
2026-02-06T02:59:19.881323Z DEBUG tokio-runtime-worker ThreadId(23) wkmp_ai::services::workflow_orchestrator: wkmp-ai\src\services\workflow_orchestrator\mod.rs:1865: Phase 3: Metadata Extraction & Merging file="C:\\Users\\Mango Cat\\Music\\Aerosmith/Pump.mp3" file_id=85decb52-878d-428d-9e4f-39631a68ff68
2026-02-06T02:59:19.881410Z DEBUG tokio-runtime-worker ThreadId(23) wkmp_ai::services::metadata_merger: wkmp-ai\src\services\metadata_merger.rs:76: Extracting and merging metadata file_id=85decb52-878d-428d-9e4f-39631a68ff68 path=C:\Users\Mango Cat\Music\Aerosmith/Pump.mp3
2026-02-06T02:59:19.881709Z DEBUG tokio-runtime-worker ThreadId(23) wkmp_ai::services::metadata_extractor: wkmp-ai\src\services\metadata_extractor.rs:141: Extracted metadata file=C:\Users\Mango Cat\Music\Aerosmith/Pump.mp3 artist=Some("Aerosmith") title=None duration_s=2844.582 format=MP3
2026-02-06T02:59:19.882375Z DEBUG tokio-runtime-worker ThreadId(23) wkmp_ai::services::metadata_merger: wkmp-ai\src\services\metadata_merger.rs:161: Merged metadata updated file_id=85decb52-878d-428d-9e4f-39631a68ff68 artist=Some("Aerosmith") title=None duration_ticks=80285482368
2026-02-06T02:59:19.882498Z  INFO tokio-runtime-worker ThreadId(23) wkmp_ai::services::workflow_orchestrator: wkmp-ai\src\services\workflow_orchestrator\mod.rs:1877: Phase 3 completed phase="Metadata Extraction" duration_ms=1
 file_index=47 successful=true has_title=false has_artist=true has_album=true
2026-02-06T02:59:19.882821Z  INFO tokio-runtime-worker ThreadId(23) wkmp_ai::matching::single_track: wkmp-ai\src\matching\single_track.rs:292: [F47] Single-track analysis (pre-decode) for "Pump.mp3":
2026-02-06T02:59:19.882915Z  INFO tokio-runtime-worker ThreadId(23) wkmp_ai::matching::single_track: wkmp-ai\src\matching\single_track.rs:305: [F47]     Filename pattern: +0.00 (no track number prefix)
2026-02-06T02:59:19.882996Z  INFO tokio-runtime-worker ThreadId(23) wkmp_ai::matching::single_track: wkmp-ai\src\matching\single_track.rs:312: [F47]     Directory files:  +0.30 (2 audio files in dir, threshold=4)
2026-02-06T02:59:19.883062Z  INFO tokio-runtime-worker ThreadId(23) wkmp_ai::matching::single_track: wkmp-ai\src\matching\single_track.rs:327: [F47]     ID3 track tag:    +0.00 (no track tag)
2026-02-06T02:59:19.883124Z  INFO tokio-runtime-worker ThreadId(23) wkmp_ai::matching::single_track: wkmp-ai\src\matching\single_track.rs:335: [F47]     Duration hint:    -0.30 (47.41 min, album threshold=20 min)
2026-02-06T02:59:19.883186Z  INFO tokio-runtime-worker ThreadId(23) wkmp_ai::matching::single_track: wkmp-ai\src\matching\single_track.rs:347: [F47]     PRE-DECODE TOTAL: 0.00 (Unlikely confidence)
2026-02-06T02:59:19.883249Z DEBUG tokio-runtime-worker ThreadId(23) wkmp_ai::services::workflow_orchestrator: wkmp-ai\src\services\workflow_orchestrator\mod.rs:1958: Not single-track (score < 2), continuing with album pipeline file="C:\\Users\\Mango Cat\\Music\\Aerosmith/Pump.mp3" file_index=47 score=0.0
2026-02-06T02:59:19.883341Z DEBUG tokio-runtime-worker ThreadId(23) wkmp_ai::services::workflow_orchestrator: wkmp-ai\src\services\workflow_orchestrator\mod.rs:1977: Phase 4: Decoding audio + Passage Segmentation file="C:\\Users\\Mango Cat\\Music\\Aerosmith/Pump.mp3" file_id=85decb52-878d-428d-9e4f-39631a68ff68
2026-02-06T02:59:19.883421Z DEBUG tokio-runtime-worker ThreadId(23) wkmp_ai::services::workflow_orchestrator: wkmp-ai\src\services\workflow_orchestrator\mod.rs:1980: Decoding audio (first and only decode) file="C:\\Users\\Mango Cat\\Music\\Aerosmith/Pump.mp3"
2026-02-06T02:59:20.865179Z DEBUG tokio-runtime-worker ThreadId(23) wkmp_ai::services::hash_deduplicator: wkmp-ai\src\services\hash_deduplicator.rs:93: Calculated hash path=C:\Users\Mango Cat\Music\Alice In Chains/AliceInChainsGreatestHits.mp3 hash_len=64
2026-02-06T02:59:20.865970Z DEBUG tokio-runtime-worker ThreadId(23) wkmp_ai::services::hash_deduplicator: wkmp-ai\src\services\hash_deduplicator.rs:155: Updated file hash file_id=f7204740-f321-45e5-b65b-2b08dbba2f65 hash=f99ebdda5419d6a21d9f1f55c2142da2ff11803880f923bce08918d960410e0e
2026-02-06T02:59:20.866096Z DEBUG tokio-runtime-worker ThreadId(23) wkmp_ai::services::hash_deduplicator: wkmp-ai\src\services\hash_deduplicator.rs:111: Checking for duplicate hash hash=f99ebdda5419d6a21d9f1f55c2142da2ff11803880f923bce08918d960410e0e file_id=f7204740-f321-45e5-b65b-2b08dbba2f65
2026-02-06T02:59:20.866531Z DEBUG tokio-runtime-worker ThreadId(23) wkmp_ai::services::hash_deduplicator: wkmp-ai\src\services\hash_deduplicator.rs:123: No duplicate hash found hash=f99ebdda5419d6a21d9f1f55c2142da2ff11803880f923bce08918d960410e0e
2026-02-06T02:59:20.866711Z  INFO tokio-runtime-worker ThreadId(23) wkmp_ai::services::workflow_orchestrator: wkmp-ai\src\services\workflow_orchestrator\mod.rs:1851: Phase 2 completed - hash unique phase="Hash Deduplication" duration_ms=3443 file_index=57 hash="f99ebdda5419d6a21d9f1f55c2142da2ff11803880f923bce08918d960410e0e"
2026-02-06T02:59:20.866845Z DEBUG tokio-runtime-worker ThreadId(23) wkmp_ai::services::workflow_orchestrator: wkmp-ai\src\services\workflow_orchestrator\mod.rs:1865: Phase 3: Metadata Extraction & Merging file="C:\\Users\\Mango Cat\\Music\\Alice In Chains/AliceInChainsGreatestHits.mp3" file_id=f7204740-f321-45e5-b65b-2b08dbba2f65
2026-02-06T02:59:20.866908Z DEBUG tokio-runtime-worker ThreadId(23) wkmp_ai::services::metadata_merger: wkmp-ai\src\services\metadata_merger.rs:76: Extracting and merging metadata file_id=f7204740-f321-45e5-b65b-2b08dbba2f65 path=C:\Users\Mango Cat\Music\Alice In Chains/AliceInChainsGreatestHits.mp3
2026-02-06T02:59:20.867255Z DEBUG tokio-runtime-worker ThreadId(23) wkmp_ai::services::metadata_extractor: wkmp-ai\src\services\metadata_extractor.rs:141: Extracted metadata file=C:\Users\Mango Cat\Music\Alice In Chains/AliceInChainsGreatestHits.mp3 artist=Some("Alice In Chains") title=None duration_s=2672.514 format=MP3
2026-02-06T02:59:20.867799Z DEBUG tokio-runtime-worker ThreadId(23) wkmp_ai::services::metadata_merger: wkmp-ai\src\services\metadata_merger.rs:161: Merged metadata updated file_id=f7204740-f321-45e5-b65b-2b08dbba2f65 artist=Some("Alice In Chains") title=None duration_ticks=75429035136
2026-02-06T02:59:20.867906Z  INFO tokio-runtime-worker ThreadId(23) wkmp_ai::services::workflow_orchestrator: wkmp-ai\src\services\workflow_orchestrator\mod.rs:1877: Phase 3 completed phase="Metadata Extraction" duration_ms=1
 file_index=57 successful=true has_title=false has_artist=true has_album=true
2026-02-06T02:59:20.868227Z  INFO tokio-runtime-worker ThreadId(23) wkmp_ai::matching::single_track: wkmp-ai\src\matching\single_track.rs:292: [F57] Single-track analysis (pre-decode) for "AliceInChainsGreatestHits.mp3":
2026-02-06T02:59:20.868304Z  INFO tokio-runtime-worker ThreadId(23) wkmp_ai::matching::single_track: wkmp-ai\src\matching\single_track.rs:305: [F57]     Filename pattern: +0.00 (no track number prefix)
2026-02-06T02:59:20.868377Z  INFO tokio-runtime-worker ThreadId(23) wkmp_ai::matching::single_track: wkmp-ai\src\matching\single_track.rs:312: [F57]     Directory files:  -0.50 (1 audio files in dir, threshold=4)
2026-02-06T02:59:20.868442Z  INFO tokio-runtime-worker ThreadId(23) wkmp_ai::matching::single_track: wkmp-ai\src\matching\single_track.rs:327: [F57]     ID3 track tag:    +0.00 (no track tag)
2026-02-06T02:59:20.868503Z  INFO tokio-runtime-worker ThreadId(23) wkmp_ai::matching::single_track: wkmp-ai\src\matching\single_track.rs:335: [F57]     Duration hint:    -0.30 (44.54 min, album threshold=20 min)
2026-02-06T02:59:20.868564Z  INFO tokio-runtime-worker ThreadId(23) wkmp_ai::matching::single_track: wkmp-ai\src\matching\single_track.rs:347: [F57]     PRE-DECODE TOTAL: -0.80 (Unlikely confidence)
2026-02-06T02:59:20.868625Z DEBUG tokio-runtime-worker ThreadId(23) wkmp_ai::services::workflow_orchestrator: wkmp-ai\src\services\workflow_orchestrator\mod.rs:1958: Not single-track (score < 2), continuing with album pipeline file="C:\\Users\\Mango Cat\\Music\\Alice In Chains/AliceInChainsGreatestHits.mp3" file_index=57 score=-0.8
2026-02-06T02:59:20.868716Z DEBUG tokio-runtime-worker ThreadId(23) wkmp_ai::services::workflow_orchestrator: wkmp-ai\src\services\workflow_orchestrator\mod.rs:1977: Phase 4: Decoding audio + Passage Segmentation file="C:\\Users\\Mango Cat\\Music\\Alice In Chains/AliceInChainsGreatestHits.mp3" file_id=f7204740-f321-45e5-b65b-2b08dbba2f65
2026-02-06T02:59:20.868793Z DEBUG tokio-runtime-worker ThreadId(23) wkmp_ai::services::workflow_orchestrator: wkmp-ai\src\services\workflow_orchestrator\mod.rs:1980: Decoding audio (first and only decode) file="C:\\Users\\Mango Cat\\Music\\Alice In Chains/AliceInChainsGreatestHits.mp3"
2026-02-06T02:59:21.071659Z DEBUG tokio-runtime-worker ThreadId(23) wkmp_ai::services::hash_deduplicator: wkmp-ai\src\services\hash_deduplicator.rs:93: Calculated hash path=C:\Users\Mango Cat\Music\38 Special/Anthology.mp3 hash_len=64
2026-02-06T02:59:21.072554Z DEBUG tokio-runtime-worker ThreadId(23) wkmp_ai::services::hash_deduplicator: wkmp-ai\src\services\hash_deduplicator.rs:155: Updated file hash file_id=4b6f8417-fe03-4dc3-9bea-ec6596c6156c hash=7115de279d133479112f807dcd14f17518b984aa3bfbc84f5e1a43ccf75da6b4
2026-02-06T02:59:21.072898Z DEBUG tokio-runtime-worker ThreadId(23) wkmp_ai::services::hash_deduplicator: wkmp-ai\src\services\hash_deduplicator.rs:111: Checking for duplicate hash hash=7115de279d133479112f807dcd14f17518b984aa3bfbc84f5e1a43ccf75da6b4 file_id=4b6f8417-fe03-4dc3-9bea-ec6596c6156c
2026-02-06T02:59:21.073229Z DEBUG tokio-runtime-worker ThreadId(23) wkmp_ai::services::hash_deduplicator: wkmp-ai\src\services\hash_deduplicator.rs:123: No duplicate hash found hash=7115de279d133479112f807dcd14f17518b984aa3bfbc84f5e1a43ccf75da6b4
2026-02-06T02:59:21.073337Z  INFO tokio-runtime-worker ThreadId(23) wkmp_ai::services::workflow_orchestrator: wkmp-ai\src\services\workflow_orchestrator\mod.rs:1851: Phase 2 completed - hash unique phase="Hash Deduplication" duration_ms=3834 file_index=14 hash="7115de279d133479112f807dcd14f17518b984aa3bfbc84f5e1a43ccf75da6b4"
2026-02-06T02:59:21.073425Z DEBUG tokio-runtime-worker ThreadId(23) wkmp_ai::services::workflow_orchestrator: wkmp-ai\src\services\workflow_orchestrator\mod.rs:1865: Phase 3: Metadata Extraction & Merging file="C:\\Users\\Mango Cat\\Music\\38 Special/Anthology.mp3" file_id=4b6f8417-fe03-4dc3-9bea-ec6596c6156c
2026-02-06T02:59:21.073481Z DEBUG tokio-runtime-worker ThreadId(23) wkmp_ai::services::metadata_merger: wkmp-ai\src\services\metadata_merger.rs:76: Extracting and merging metadata file_id=4b6f8417-fe03-4dc3-9bea-ec6596c6156c path=C:\Users\Mango Cat\Music\38 Special/Anthology.mp3
2026-02-06T02:59:21.073809Z DEBUG tokio-runtime-worker ThreadId(23) wkmp_ai::services::metadata_extractor: wkmp-ai\src\services\metadata_extractor.rs:141: Extracted metadata file=C:\Users\Mango Cat\Music\38 Special/Anthology.mp3 artist=Some("38 Special") title=None duration_s=9026.03 format=MP3
2026-02-06T02:59:21.074306Z DEBUG tokio-runtime-worker ThreadId(23) wkmp_ai::services::metadata_merger: wkmp-ai\src\services\metadata_merger.rs:161: Merged metadata updated file_id=4b6f8417-fe03-4dc3-9bea-ec6596c6156c artist=Some("38 Special") title=None duration_ticks=254750670720
2026-02-06T02:59:21.074407Z  INFO tokio-runtime-worker ThreadId(23) wkmp_ai::services::workflow_orchestrator: wkmp-ai\src\services\workflow_orchestrator\mod.rs:1877: Phase 3 completed phase="Metadata Extraction" duration_ms=0
 file_index=14 successful=true has_title=false has_artist=true has_album=true
2026-02-06T02:59:21.074695Z  INFO tokio-runtime-worker ThreadId(23) wkmp_ai::matching::single_track: wkmp-ai\src\matching\single_track.rs:292: [F14] Single-track analysis (pre-decode) for "Anthology.mp3":
2026-02-06T02:59:21.074766Z  INFO tokio-runtime-worker ThreadId(23) wkmp_ai::matching::single_track: wkmp-ai\src\matching\single_track.rs:305: [F14]     Filename pattern: +0.00 (no track number prefix)
2026-02-06T02:59:21.074836Z  INFO tokio-runtime-worker ThreadId(23) wkmp_ai::matching::single_track: wkmp-ai\src\matching\single_track.rs:312: [F14]     Directory files:  -0.50 (1 audio files in dir, threshold=4)
2026-02-06T02:59:21.074900Z  INFO tokio-runtime-worker ThreadId(23) wkmp_ai::matching::single_track: wkmp-ai\src\matching\single_track.rs:327: [F14]     ID3 track tag:    +0.00 (no track tag)
2026-02-06T02:59:21.074959Z  INFO tokio-runtime-worker ThreadId(23) wkmp_ai::matching::single_track: wkmp-ai\src\matching\single_track.rs:335: [F14]     Duration hint:    -0.30 (150.43 min, album threshold=20 min)
2026-02-06T02:59:21.075016Z  INFO tokio-runtime-worker ThreadId(23) wkmp_ai::matching::single_track: wkmp-ai\src\matching\single_track.rs:347: [F14]     PRE-DECODE TOTAL: -0.80 (Unlikely confidence)
2026-02-06T02:59:21.075075Z DEBUG tokio-runtime-worker ThreadId(23) wkmp_ai::services::workflow_orchestrator: wkmp-ai\src\services\workflow_orchestrator\mod.rs:1958: Not single-track (score < 2), continuing with album pipeline file="C:\\Users\\Mango Cat\\Music\\38 Special/Anthology.mp3" file_index=14 score=-0.8
2026-02-06T02:59:21.075160Z DEBUG tokio-runtime-worker ThreadId(23) wkmp_ai::services::workflow_orchestrator: wkmp-ai\src\services\workflow_orchestrator\mod.rs:1977: Phase 4: Decoding audio + Passage Segmentation file="C:\\Users\\Mango Cat\\Music\\38 Special/Anthology.mp3" file_id=4b6f8417-fe03-4dc3-9bea-ec6596c6156c
2026-02-06T02:59:21.075233Z DEBUG tokio-runtime-worker ThreadId(23) wkmp_ai::services::workflow_orchestrator: wkmp-ai\src\services\workflow_orchestrator\mod.rs:1980: Decoding audio (first and only decode) file="C:\\Users\\Mango Cat\\Music\\38 Special/Anthology.mp3"
2026-02-06T02:59:22.360720Z DEBUG tokio-runtime-worker ThreadId(23) wkmp_ai::services::hash_deduplicator: wkmp-ai\src\services\hash_deduplicator.rs:93: Calculated hash path=C:\Users\Mango Cat\Music\Ambrosia/TheEssentialsAmbrosia.mp3 hash_len=64
2026-02-06T02:59:22.361622Z DEBUG tokio-runtime-worker ThreadId(23) wkmp_ai::services::hash_deduplicator: wkmp-ai\src\services\hash_deduplicator.rs:155: Updated file hash file_id=8fc21985-273e-4111-b8d1-0d820c98fc69 hash=4af0f7cea121ffb1b0a983903195d02eff10df4377a70d4370a27f5e0f091509
2026-02-06T02:59:22.361727Z DEBUG tokio-runtime-worker ThreadId(23) wkmp_ai::services::hash_deduplicator: wkmp-ai\src\services\hash_deduplicator.rs:111: Checking for duplicate hash hash=4af0f7cea121ffb1b0a983903195d02eff10df4377a70d4370a27f5e0f091509 file_id=8fc21985-273e-4111-b8d1-0d820c98fc69
2026-02-06T02:59:22.362069Z DEBUG tokio-runtime-worker ThreadId(23) wkmp_ai::services::hash_deduplicator: wkmp-ai\src\services\hash_deduplicator.rs:123: No duplicate hash found hash=4af0f7cea121ffb1b0a983903195d02eff10df4377a70d4370a27f5e0f091509
2026-02-06T02:59:22.362164Z  INFO tokio-runtime-worker ThreadId(23) wkmp_ai::services::workflow_orchestrator: wkmp-ai\src\services\workflow_orchestrator\mod.rs:1851: Phase 2 completed - hash unique phase="Hash Deduplication" duration_ms=4937 file_index=60 hash="4af0f7cea121ffb1b0a983903195d02eff10df4377a70d4370a27f5e0f091509"
2026-02-06T02:59:22.362261Z DEBUG tokio-runtime-worker ThreadId(23) wkmp_ai::services::workflow_orchestrator: wkmp-ai\src\services\workflow_orchestrator\mod.rs:1865: Phase 3: Metadata Extraction & Merging file="C:\\Users\\Mango Cat\\Music\\Ambrosia/TheEssentialsAmbrosia.mp3" file_id=8fc21985-273e-4111-b8d1-0d820c98fc69
2026-02-06T02:59:22.362323Z DEBUG tokio-runtime-worker ThreadId(23) wkmp_ai::services::metadata_merger: wkmp-ai\src\services\metadata_merger.rs:76: Extracting and merging metadata file_id=8fc21985-273e-4111-b8d1-0d820c98fc69 path=C:\Users\Mango Cat\Music\Ambrosia/TheEssentialsAmbrosia.mp3
2026-02-06T02:59:22.362588Z DEBUG tokio-runtime-worker ThreadId(23) wkmp_ai::services::metadata_extractor: wkmp-ai\src\services\metadata_extractor.rs:141: Extracted metadata file=C:\Users\Mango Cat\Music\Ambrosia/TheEssentialsAmbrosia.mp3 artist=Some("Ambrosia") title=None duration_s=3557.45 format=MP3
2026-02-06T02:59:22.363123Z DEBUG tokio-runtime-worker ThreadId(23) wkmp_ai::services::metadata_merger: wkmp-ai\src\services\metadata_merger.rs:161: Merged metadata updated file_id=8fc21985-273e-4111-b8d1-0d820c98fc69 artist=Some("Ambrosia") title=None duration_ticks=100405468800
2026-02-06T02:59:22.363214Z  INFO tokio-runtime-worker ThreadId(23) wkmp_ai::services::workflow_orchestrator: wkmp-ai\src\services\workflow_orchestrator\mod.rs:1877: Phase 3 completed phase="Metadata Extraction" duration_ms=0
 file_index=60 successful=true has_title=false has_artist=true has_album=true
2026-02-06T02:59:22.363489Z  INFO tokio-runtime-worker ThreadId(23) wkmp_ai::matching::single_track: wkmp-ai\src\matching\single_track.rs:292: [F60] Single-track analysis (pre-decode) for "TheEssentialsAmbrosia.mp3":
2026-02-06T02:59:22.363556Z  INFO tokio-runtime-worker ThreadId(23) wkmp_ai::matching::single_track: wkmp-ai\src\matching\single_track.rs:305: [F60]     Filename pattern: +0.00 (no track number prefix)
2026-02-06T02:59:22.363600Z  INFO tokio-runtime-worker ThreadId(23) wkmp_ai::matching::single_track: wkmp-ai\src\matching\single_track.rs:312: [F60]     Directory files:  -0.50 (1 audio files in dir, threshold=4)
2026-02-06T02:59:22.363644Z  INFO tokio-runtime-worker ThreadId(23) wkmp_ai::matching::single_track: wkmp-ai\src\matching\single_track.rs:327: [F60]     ID3 track tag:    +0.00 (no track tag)
2026-02-06T02:59:22.363686Z  INFO tokio-runtime-worker ThreadId(23) wkmp_ai::matching::single_track: wkmp-ai\src\matching\single_track.rs:335: [F60]     Duration hint:    -0.30 (59.29 min, album threshold=20 min)
2026-02-06T02:59:22.363735Z  INFO tokio-runtime-worker ThreadId(23) wkmp_ai::matching::single_track: wkmp-ai\src\matching\single_track.rs:347: [F60]     PRE-DECODE TOTAL: -0.80 (Unlikely confidence)
2026-02-06T02:59:22.363780Z DEBUG tokio-runtime-worker ThreadId(23) wkmp_ai::services::workflow_orchestrator: wkmp-ai\src\services\workflow_orchestrator\mod.rs:1958: Not single-track (score < 2), continuing with album pipeline file="C:\\Users\\Mango Cat\\Music\\Ambrosia/TheEssentialsAmbrosia.mp3" file_index=60 score=-0.8
2026-02-06T02:59:22.363851Z DEBUG tokio-runtime-worker ThreadId(23) wkmp_ai::services::workflow_orchestrator: wkmp-ai\src\services\workflow_orchestrator\mod.rs:1977: Phase 4: Decoding audio + Passage Segmentation file="C:\\Users\\Mango Cat\\Music\\Ambrosia/TheEssentialsAmbrosia.mp3" file_id=8fc21985-273e-4111-b8d1-0d820c98fc69
2026-02-06T02:59:22.363908Z DEBUG tokio-runtime-worker ThreadId(23) wkmp_ai::services::workflow_orchestrator: wkmp-ai\src\services\workflow_orchestrator\mod.rs:1980: Decoding audio (first and only decode) file="C:\\Users\\Mango Cat\\Music\\Ambrosia/TheEssentialsAmbrosia.mp3"
2026-02-06T02:59:22.850101Z DEBUG tokio-runtime-worker ThreadId(23) wkmp_ai: wkmp-ai\src\main.rs:240: Pool utilization snapshot pool_size=48 idle_connections=48 in_use_connections=0 utilization_pct=0
2026-02-06T02:59:23.613725Z DEBUG tokio-runtime-worker ThreadId(23) wkmp_ai::services::hash_deduplicator: wkmp-ai\src\services\hash_deduplicator.rs:93: Calculated hash path=C:\Users\Mango Cat\Music\Allman Brothers/AtFillmoreEast.mp3 hash_len=64
2026-02-06T02:59:23.614271Z DEBUG tokio-runtime-worker ThreadId(23) wkmp_ai::services::hash_deduplicator: wkmp-ai\src\services\hash_deduplicator.rs:155: Updated file hash file_id=832ed86e-2a94-450e-9900-09837e2c9bb1 hash=f47e2ba65c1af5380a15d60e5aa3d1c161a89e62d2546cf22c11a3a61a9c2fb9
2026-02-06T02:59:23.614380Z DEBUG tokio-runtime-worker ThreadId(23) wkmp_ai::services::hash_deduplicator: wkmp-ai\src\services\hash_deduplicator.rs:111: Checking for duplicate hash hash=f47e2ba65c1af5380a15d60e5aa3d1c161a89e62d2546cf22c11a3a61a9c2fb9 file_id=832ed86e-2a94-450e-9900-09837e2c9bb1
2026-02-06T02:59:23.614638Z DEBUG tokio-runtime-worker ThreadId(23) wkmp_ai::services::hash_deduplicator: wkmp-ai\src\services\hash_deduplicator.rs:123: No duplicate hash found hash=f47e2ba65c1af5380a15d60e5aa3d1c161a89e62d2546cf22c11a3a61a9c2fb9
2026-02-06T02:59:23.614719Z  INFO tokio-runtime-worker ThreadId(23) wkmp_ai::services::workflow_orchestrator: wkmp-ai\src\services\workflow_orchestrator\mod.rs:1851: Phase 2 completed - hash unique phase="Hash Deduplication" duration_ms=6190 file_index=58 hash="f47e2ba65c1af5380a15d60e5aa3d1c161a89e62d2546cf22c11a3a61a9c2fb9"
2026-02-06T02:59:23.614806Z DEBUG tokio-runtime-worker ThreadId(23) wkmp_ai::services::workflow_orchestrator: wkmp-ai\src\services\workflow_orchestrator\mod.rs:1865: Phase 3: Metadata Extraction & Merging file="C:\\Users\\Mango Cat\\Music\\Allman Brothers/AtFillmoreEast.mp3" file_id=832ed86e-2a94-450e-9900-09837e2c9bb1
2026-02-06T02:59:23.614867Z DEBUG tokio-runtime-worker ThreadId(23) wkmp_ai::services::metadata_merger: wkmp-ai\src\services\metadata_merger.rs:76: Extracting and merging metadata file_id=832ed86e-2a94-450e-9900-09837e2c9bb1 path=C:\Users\Mango Cat\Music\Allman Brothers/AtFillmoreEast.mp3
2026-02-06T02:59:23.615110Z DEBUG tokio-runtime-worker ThreadId(23) wkmp_ai::services::metadata_extractor: wkmp-ai\src\services\metadata_extractor.rs:141: Extracted metadata file=C:\Users\Mango Cat\Music\Allman Brothers/AtFillmoreEast.mp3 artist=Some("The Allman Brothers") title=None duration_s=7986.498 format=MP3
2026-02-06T02:59:23.615618Z DEBUG tokio-runtime-worker ThreadId(23) wkmp_ai::services::metadata_merger: wkmp-ai\src\services\metadata_merger.rs:161: Merged metadata updated file_id=832ed86e-2a94-450e-9900-09837e2c9bb1 artist=Some("The Allman Brothers") title=None duration_ticks=225410919552
2026-02-06T02:59:23.615717Z  INFO tokio-runtime-worker ThreadId(23) wkmp_ai::services::workflow_orchestrator: wkmp-ai\src\services\workflow_orchestrator\mod.rs:1877: Phase 3 completed phase="Metadata Extraction" duration_ms=0
 file_index=58 successful=true has_title=false has_artist=true has_album=true
2026-02-06T02:59:23.616004Z  INFO tokio-runtime-worker ThreadId(23) wkmp_ai::matching::single_track: wkmp-ai\src\matching\single_track.rs:292: [F58] Single-track analysis (pre-decode) for "AtFillmoreEast.mp3":
2026-02-06T02:59:23.616071Z  INFO tokio-runtime-worker ThreadId(23) wkmp_ai::matching::single_track: wkmp-ai\src\matching\single_track.rs:305: [F58]     Filename pattern: +0.00 (no track number prefix)
2026-02-06T02:59:23.616117Z  INFO tokio-runtime-worker ThreadId(23) wkmp_ai::matching::single_track: wkmp-ai\src\matching\single_track.rs:312: [F58]     Directory files:  +0.30 (2 audio files in dir, threshold=4)
2026-02-06T02:59:23.616160Z  INFO tokio-runtime-worker ThreadId(23) wkmp_ai::matching::single_track: wkmp-ai\src\matching\single_track.rs:327: [F58]     ID3 track tag:    +0.00 (no track tag)
2026-02-06T02:59:23.616205Z  INFO tokio-runtime-worker ThreadId(23) wkmp_ai::matching::single_track: wkmp-ai\src\matching\single_track.rs:335: [F58]     Duration hint:    -0.30 (133.11 min, album threshold=20 min)
2026-02-06T02:59:23.616247Z  INFO tokio-runtime-worker ThreadId(23) wkmp_ai::matching::single_track: wkmp-ai\src\matching\single_track.rs:347: [F58]     PRE-DECODE TOTAL: 0.00 (Unlikely confidence)
2026-02-06T02:59:23.616289Z DEBUG tokio-runtime-worker ThreadId(23) wkmp_ai::services::workflow_orchestrator: wkmp-ai\src\services\workflow_orchestrator\mod.rs:1958: Not single-track (score < 2), continuing with album pipeline file="C:\\Users\\Mango Cat\\Music\\Allman Brothers/AtFillmoreEast.mp3" file_index=58 score=0.0
2026-02-06T02:59:23.616360Z DEBUG tokio-runtime-worker ThreadId(23) wkmp_ai::services::workflow_orchestrator: wkmp-ai\src\services\workflow_orchestrator\mod.rs:1977: Phase 4: Decoding audio + Passage Segmentation file="C:\\Users\\Mango Cat\\Music\\Allman Brothers/AtFillmoreEast.mp3" file_id=832ed86e-2a94-450e-9900-09837e2c9bb1
2026-02-06T02:59:23.616417Z DEBUG tokio-runtime-worker ThreadId(23) wkmp_ai::services::workflow_orchestrator: wkmp-ai\src\services\workflow_orchestrator\mod.rs:1980: Decoding audio (first and only decode) file="C:\\Users\\Mango Cat\\Music\\Allman Brothers/AtFillmoreEast.mp3"
2026-02-06T02:59:23.676956Z DEBUG tokio-runtime-worker ThreadId(23) wkmp_ai::services::hash_deduplicator: wkmp-ai\src\services\hash_deduplicator.rs:93: Calculated hash path=C:\Users\Mango Cat\Music\America/History America’s Greatest Hits/08 - Tin Man.mp3 hash_len=64
2026-02-06T02:59:23.677337Z DEBUG tokio-runtime-worker ThreadId(23) wkmp_ai::services::hash_deduplicator: wkmp-ai\src\services\hash_deduplicator.rs:155: Updated file hash file_id=edf05a54-18cb-4788-a7fe-85bd45405beb hash=7716bd8d0e3eefd67dd28281f219cc49a0cc6bd530a9cec2d2501dfed1ed22ef
2026-02-06T02:59:23.677421Z DEBUG tokio-runtime-worker ThreadId(23) wkmp_ai::services::hash_deduplicator: wkmp-ai\src\services\hash_deduplicator.rs:111: Checking for duplicate hash hash=7716bd8d0e3eefd67dd28281f219cc49a0cc6bd530a9cec2d2501dfed1ed22ef file_id=edf05a54-18cb-4788-a7fe-85bd45405beb
2026-02-06T02:59:23.678478Z DEBUG tokio-runtime-worker ThreadId(23) wkmp_ai::services::hash_deduplicator: wkmp-ai\src\services\hash_deduplicator.rs:123: No duplicate hash found hash=7716bd8d0e3eefd67dd28281f219cc49a0cc6bd530a9cec2d2501dfed1ed22ef
2026-02-06T02:59:23.678560Z  INFO tokio-runtime-worker ThreadId(23) wkmp_ai::services::workflow_orchestrator: wkmp-ai\src\services\workflow_orchestrator\mod.rs:1851: Phase 2 completed - hash unique phase="Hash Deduplication" duration_ms=6218 file_index=68 hash="7716bd8d0e3eefd67dd28281f219cc49a0cc6bd530a9cec2d2501dfed1ed22ef"
2026-02-06T02:59:23.678638Z DEBUG tokio-runtime-worker ThreadId(23) wkmp_ai::services::workflow_orchestrator: wkmp-ai\src\services\workflow_orchestrator\mod.rs:1865: Phase 3: Metadata Extraction & Merging file="C:\\Users\\Mango Cat\\Music\\America/History\u{f03a} America’s Greatest Hits/08 - Tin Man.mp3" file_id=edf05a54-18cb-4788-a7fe-85bd45405beb
2026-02-06T02:59:23.678699Z DEBUG tokio-runtime-worker ThreadId(23) wkmp_ai::services::metadata_merger: wkmp-ai\src\services\metadata_merger.rs:76: Extracting and merging metadata file_id=edf05a54-18cb-4788-a7fe-85bd45405beb path=C:\Users\Mango Cat\Music\America/History America’s Greatest Hits/08 - Tin Man.mp3
2026-02-06T02:59:23.680185Z DEBUG tokio-runtime-worker ThreadId(23) wkmp_ai::services::metadata_extractor: wkmp-ai\src\services\metadata_extractor.rs:141: Extracted metadata file=C:\Users\Mango Cat\Music\America/History America’s Greatest Hits/08 - Tin Man.mp3 artist=Some("America") title=Some("Tin Man") duration_s=151.477 format=MP3
2026-02-06T02:59:23.680639Z DEBUG tokio-runtime-worker ThreadId(23) wkmp_ai::services::metadata_merger: wkmp-ai\src\services\metadata_merger.rs:161: Merged metadata updated file_id=edf05a54-18cb-4788-a7fe-85bd45405beb artist=Some("America") title=Some("Tin Man") duration_ticks=4275286848
2026-02-06T02:59:23.680729Z  INFO tokio-runtime-worker ThreadId(23) wkmp_ai::services::workflow_orchestrator: wkmp-ai\src\services\workflow_orchestrator\mod.rs:1877: Phase 3 completed phase="Metadata Extraction" duration_ms=2
 file_index=68 successful=true has_title=true has_artist=true has_album=true
2026-02-06T02:59:23.682299Z  INFO tokio-runtime-worker ThreadId(23) wkmp_ai::matching::single_track: wkmp-ai\src\matching\single_track.rs:292: [F68] Single-track analysis (pre-decode) for "08 - Tin Man.mp3":
2026-02-06T02:59:23.682381Z  INFO tokio-runtime-worker ThreadId(23) wkmp_ai::matching::single_track: wkmp-ai\src\matching\single_track.rs:300: [F68]     Filename pattern: +1.00 (matched "08 - ")
2026-02-06T02:59:23.682436Z  INFO tokio-runtime-worker ThreadId(23) wkmp_ai::matching::single_track: wkmp-ai\src\matching\single_track.rs:312: [F68]     Directory files:  +0.80 (12 audio files in dir, threshold=4)
2026-02-06T02:59:23.682482Z  INFO tokio-runtime-worker ThreadId(23) wkmp_ai::matching::single_track: wkmp-ai\src\matching\single_track.rs:322: [F68]     ID3 track tag:    +1.00 (track 8/12)
2026-02-06T02:59:23.682524Z  INFO tokio-runtime-worker ThreadId(23) wkmp_ai::matching::single_track: wkmp-ai\src\matching\single_track.rs:335: [F68]     Duration hint:    +0.70 (2.52 min, album threshold=20 min)
2026-02-06T02:59:23.682568Z  INFO tokio-runtime-worker ThreadId(23) wkmp_ai::matching::single_track: wkmp-ai\src\matching\single_track.rs:347: [F68]     PRE-DECODE TOTAL: 3.50 (High confidence - LIKELY SINGLE TRACK)
2026-02-06T02:59:23.682620Z  INFO tokio-runtime-worker ThreadId(23) wkmp_ai::services::workflow_orchestrator: wkmp-ai\src\services\workflow_orchestrator\mod.rs:1915: Single-track detected (score >= 2), switching to single-song resolution path file="C:\\Users\\Mango Cat\\Music\\America/History\u{f03a} America’s Greatest Hits/08 - Tin Man.mp3" file_index=68 score=3.5
2026-02-06T02:59:23.720428Z DEBUG tokio-runtime-worker ThreadId(23) wkmp_ai::services::hash_deduplicator: wkmp-ai\src\services\hash_deduplicator.rs:93: Calculated hash path=C:\Users\Mango Cat\Music\America/History America’s Greatest Hits/09 - Lonely People.mp3 hash_len=64
2026-02-06T02:59:23.721128Z DEBUG tokio-runtime-worker ThreadId(23) wkmp_ai::services::hash_deduplicator: wkmp-ai\src\services\hash_deduplicator.rs:155: Updated file hash file_id=25fd2df3-3cf6-443c-ba48-31f4c9ca076c hash=507212631eec952bea5f5f5a1f2c9aa1939cc5afbc2c25da58459d1487b3e088
2026-02-06T02:59:23.721250Z DEBUG tokio-runtime-worker ThreadId(23) wkmp_ai::services::hash_deduplicator: wkmp-ai\src\services\hash_deduplicator.rs:111: Checking for duplicate hash hash=507212631eec952bea5f5f5a1f2c9aa1939cc5afbc2c25da58459d1487b3e088 file_id=25fd2df3-3cf6-443c-ba48-31f4c9ca076c
2026-02-06T02:59:23.721665Z DEBUG tokio-runtime-worker ThreadId(23) wkmp_ai::services::hash_deduplicator: wkmp-ai\src\services\hash_deduplicator.rs:123: No duplicate hash found hash=507212631eec952bea5f5f5a1f2c9aa1939cc5afbc2c25da58459d1487b3e088
2026-02-06T02:59:23.721833Z  INFO tokio-runtime-worker ThreadId(23) wkmp_ai::services::workflow_orchestrator: wkmp-ai\src\services\workflow_orchestrator\mod.rs:1851: Phase 2 completed - hash unique phase="Hash Deduplication" duration_ms=6261 file_index=69 hash="507212631eec952bea5f5f5a1f2c9aa1939cc5afbc2c25da58459d1487b3e088"
2026-02-06T02:59:23.721953Z DEBUG tokio-runtime-worker ThreadId(23) wkmp_ai::services::workflow_orchestrator: wkmp-ai\src\services\workflow_orchestrator\mod.rs:1865: Phase 3: Metadata Extraction & Merging file="C:\\Users\\Mango Cat\\Music\\America/History\u{f03a} America’s Greatest Hits/09 - Lonely People.mp3" file_id=25fd2df3-3cf6-443c-ba48-31f4c9ca076c
2026-02-06T02:59:23.722039Z DEBUG tokio-runtime-worker ThreadId(23) wkmp_ai::services::metadata_merger: wkmp-ai\src\services\metadata_merger.rs:76: Extracting and merging metadata file_id=25fd2df3-3cf6-443c-ba48-31f4c9ca076c path=C:\Users\Mango Cat\Music\America/History America’s Greatest Hits/09 - Lonely People.mp3
2026-02-06T02:59:23.722675Z DEBUG tokio-runtime-worker ThreadId(23) wkmp_ai::services::metadata_extractor: wkmp-ai\src\services\metadata_extractor.rs:141: Extracted metadata file=C:\Users\Mango Cat\Music\America/History America’s Greatest Hits/09 - Lonely People.mp3 artist=Some("America") title=Some("Lonely People") duration_s=144.064 format=MP3
2026-02-06T02:59:23.723183Z DEBUG tokio-runtime-worker ThreadId(23) wkmp_ai::services::metadata_merger: wkmp-ai\src\services\metadata_merger.rs:161: Merged metadata updated file_id=25fd2df3-3cf6-443c-ba48-31f4c9ca076c artist=Some("America") title=Some("Lonely People") duration_ticks=4066062336
2026-02-06T02:59:23.723297Z  INFO tokio-runtime-worker ThreadId(23) wkmp_ai::services::workflow_orchestrator: wkmp-ai\src\services\workflow_orchestrator\mod.rs:1877: Phase 3 completed phase="Metadata Extraction" duration_ms=1
 file_index=69 successful=true has_title=true has_artist=true has_album=true
2026-02-06T02:59:23.724036Z  INFO tokio-runtime-worker ThreadId(23) wkmp_ai::matching::single_track: wkmp-ai\src\matching\single_track.rs:292: [F69] Single-track analysis (pre-decode) for "09 - Lonely People.mp3":
2026-02-06T02:59:23.724262Z  INFO tokio-runtime-worker ThreadId(23) wkmp_ai::matching::single_track: wkmp-ai\src\matching\single_track.rs:300: [F69]     Filename pattern: +1.00 (matched "09 - ")
2026-02-06T02:59:23.724315Z  INFO tokio-runtime-worker ThreadId(23) wkmp_ai::matching::single_track: wkmp-ai\src\matching\single_track.rs:312: [F69]     Directory files:  +0.80 (12 audio files in dir, threshold=4)
2026-02-06T02:59:23.724359Z  INFO tokio-runtime-worker ThreadId(23) wkmp_ai::matching::single_track: wkmp-ai\src\matching\single_track.rs:322: [F69]     ID3 track tag:    +1.00 (track 9/12)
2026-02-06T02:59:23.724402Z  INFO tokio-runtime-worker ThreadId(23) wkmp_ai::matching::single_track: wkmp-ai\src\matching\single_track.rs:335: [F69]     Duration hint:    +0.70 (2.40 min, album threshold=20 min)
2026-02-06T02:59:23.724452Z  INFO tokio-runtime-worker ThreadId(23) wkmp_ai::matching::single_track: wkmp-ai\src\matching\single_track.rs:347: [F69]     PRE-DECODE TOTAL: 3.50 (High confidence - LIKELY SINGLE TRACK)
2026-02-06T02:59:23.724497Z  INFO tokio-runtime-worker ThreadId(23) wkmp_ai::services::workflow_orchestrator: wkmp-ai\src\services\workflow_orchestrator\mod.rs:1915: Single-track detected (score >= 2), switching to single-song resolution path file="C:\\Users\\Mango Cat\\Music\\America/History\u{f03a} America’s Greatest Hits/09 - Lonely People.mp3" file_index=69 score=3.5
2026-02-06T02:59:25.501313Z DEBUG tokio-runtime-worker ThreadId(23) wkmp_ai::services::hash_deduplicator: wkmp-ai\src\services\hash_deduplicator.rs:93: Calculated hash path=C:\Users\Mango Cat\Music\Allman Brothers/EatAPeach.mp3 hash_len=64
2026-02-06T02:59:25.501885Z DEBUG tokio-runtime-worker ThreadId(23) wkmp_ai::services::hash_deduplicator: wkmp-ai\src\services\hash_deduplicator.rs:155: Updated file hash file_id=f5eb96cf-f264-459d-881c-a84a08a40d73 hash=b82ca68684051aa49060774fe3a6bbbc83c2400bbb329666e3ceee898fdd9c2a
2026-02-06T02:59:25.502003Z DEBUG tokio-runtime-worker ThreadId(23) wkmp_ai::services::hash_deduplicator: wkmp-ai\src\services\hash_deduplicator.rs:111: Checking for duplicate hash hash=b82ca68684051aa49060774fe3a6bbbc83c2400bbb329666e3ceee898fdd9c2a file_id=f5eb96cf-f264-459d-881c-a84a08a40d73
2026-02-06T02:59:25.502354Z DEBUG tokio-runtime-worker ThreadId(23) wkmp_ai::services::hash_deduplicator: wkmp-ai\src\services\hash_deduplicator.rs:123: No duplicate hash found hash=b82ca68684051aa49060774fe3a6bbbc83c2400bbb329666e3ceee898fdd9c2a
2026-02-06T02:59:25.502447Z  INFO tokio-runtime-worker ThreadId(23) wkmp_ai::services::workflow_orchestrator: wkmp-ai\src\services\workflow_orchestrator\mod.rs:1851: Phase 2 completed - hash unique phase="Hash Deduplication" duration_ms=8076 file_index=59 hash="b82ca68684051aa49060774fe3a6bbbc83c2400bbb329666e3ceee898fdd9c2a"
2026-02-06T02:59:25.502538Z DEBUG tokio-runtime-worker ThreadId(23) wkmp_ai::services::workflow_orchestrator: wkmp-ai\src\services\workflow_orchestrator\mod.rs:1865: Phase 3: Metadata Extraction & Merging file="C:\\Users\\Mango Cat\\Music\\Allman Brothers/EatAPeach.mp3" file_id=f5eb96cf-f264-459d-881c-a84a08a40d73
2026-02-06T02:59:25.502598Z DEBUG tokio-runtime-worker ThreadId(23) wkmp_ai::services::metadata_merger: wkmp-ai\src\services\metadata_merger.rs:76: Extracting and merging metadata file_id=f5eb96cf-f264-459d-881c-a84a08a40d73 path=C:\Users\Mango Cat\Music\Allman Brothers/EatAPeach.mp3
2026-02-06T02:59:25.502865Z DEBUG tokio-runtime-worker ThreadId(23) wkmp_ai::services::metadata_extractor: wkmp-ai\src\services\metadata_extractor.rs:141: Extracted metadata file=C:\Users\Mango Cat\Music\Allman Brothers/EatAPeach.mp3 artist=Some("Allman Brothers") title=None duration_s=8713.77 format=MP3
2026-02-06T02:59:25.503291Z DEBUG tokio-runtime-worker ThreadId(23) wkmp_ai::services::metadata_merger: wkmp-ai\src\services\metadata_merger.rs:161: Merged metadata updated file_id=f5eb96cf-f264-459d-881c-a84a08a40d73 artist=Some("Allman Brothers") title=None duration_ticks=245937444480
2026-02-06T02:59:25.503387Z  INFO tokio-runtime-worker ThreadId(23) wkmp_ai::services::workflow_orchestrator: wkmp-ai\src\services\workflow_orchestrator\mod.rs:1877: Phase 3 completed phase="Metadata Extraction" duration_ms=0
 file_index=59 successful=true has_title=false has_artist=true has_album=true
2026-02-06T02:59:25.503674Z  INFO tokio-runtime-worker ThreadId(23) wkmp_ai::matching::single_track: wkmp-ai\src\matching\single_track.rs:292: [F59] Single-track analysis (pre-decode) for "EatAPeach.mp3":
2026-02-06T02:59:25.503739Z  INFO tokio-runtime-worker ThreadId(23) wkmp_ai::matching::single_track: wkmp-ai\src\matching\single_track.rs:305: [F59]     Filename pattern: +0.00 (no track number prefix)
2026-02-06T02:59:25.503784Z  INFO tokio-runtime-worker ThreadId(23) wkmp_ai::matching::single_track: wkmp-ai\src\matching\single_track.rs:312: [F59]     Directory files:  +0.30 (2 audio files in dir, threshold=4)
2026-02-06T02:59:25.503827Z  INFO tokio-runtime-worker ThreadId(23) wkmp_ai::matching::single_track: wkmp-ai\src\matching\single_track.rs:327: [F59]     ID3 track tag:    +0.00 (no track tag)
2026-02-06T02:59:25.503869Z  INFO tokio-runtime-worker ThreadId(23) wkmp_ai::matching::single_track: wkmp-ai\src\matching\single_track.rs:335: [F59]     Duration hint:    -0.30 (145.23 min, album threshold=20 min)
2026-02-06T02:59:25.503912Z  INFO tokio-runtime-worker ThreadId(23) wkmp_ai::matching::single_track: wkmp-ai\src\matching\single_track.rs:347: [F59]     PRE-DECODE TOTAL: 0.00 (Unlikely confidence)
2026-02-06T02:59:25.503955Z DEBUG tokio-runtime-worker ThreadId(23) wkmp_ai::services::workflow_orchestrator: wkmp-ai\src\services\workflow_orchestrator\mod.rs:1958: Not single-track (score < 2), continuing with album pipeline file="C:\\Users\\Mango Cat\\Music\\Allman Brothers/EatAPeach.mp3" file_index=59 score=0.0
2026-02-06T02:59:25.504027Z DEBUG tokio-runtime-worker ThreadId(23) wkmp_ai::services::workflow_orchestrator: wkmp-ai\src\services\workflow_orchestrator\mod.rs:1977: Phase 4: Decoding audio + Passage Segmentation file="C:\\Users\\Mango Cat\\Music\\Allman Brothers/EatAPeach.mp3" file_id=f5eb96cf-f264-459d-881c-a84a08a40d73
2026-02-06T02:59:25.504084Z DEBUG tokio-runtime-worker ThreadId(23) wkmp_ai::services::workflow_orchestrator: wkmp-ai\src\services\workflow_orchestrator\mod.rs:1980: Decoding audio (first and only decode) file="C:\\Users\\Mango Cat\\Music\\Allman Brothers/EatAPeach.mp3"
2026-02-06T02:59:25.616244Z DEBUG tokio-runtime-worker ThreadId(23) wkmp_ai::services::hash_deduplicator: wkmp-ai\src\services\hash_deduplicator.rs:93: Calculated hash path=C:\Users\Mango Cat\Music\Astley, Jon/Everyone_Loves_The_Pilot_(Except_The_Crew)/(Jon_Astley)Everyone_Loves_The_Pilot_(Except_The_Crew)-04-Suffering_Fools.mp3 hash_len=64
2026-02-06T02:59:25.617293Z DEBUG tokio-runtime-worker ThreadId(23) wkmp_ai::services::hash_deduplicator: wkmp-ai\src\services\hash_deduplicator.rs:155: Updated file hash file_id=fd94448a-9221-4c12-b303-76de9da3d8d4 hash=052e6ef82dacc610cbddbaa43a795cf7988fc555b666a6450c2c90e619b6fc4a
2026-02-06T02:59:25.617762Z DEBUG tokio-runtime-worker ThreadId(23) wkmp_ai::services::hash_deduplicator: wkmp-ai\src\services\hash_deduplicator.rs:111: Checking for duplicate hash hash=052e6ef82dacc610cbddbaa43a795cf7988fc555b666a6450c2c90e619b6fc4a file_id=fd94448a-9221-4c12-b303-76de9da3d8d4
2026-02-06T02:59:25.618128Z DEBUG tokio-runtime-worker ThreadId(23) wkmp_ai::services::hash_deduplicator: wkmp-ai\src\services\hash_deduplicator.rs:123: No duplicate hash found hash=052e6ef82dacc610cbddbaa43a795cf7988fc555b666a6450c2c90e619b6fc4a
2026-02-06T02:59:25.618217Z  INFO tokio-runtime-worker ThreadId(23) wkmp_ai::services::workflow_orchestrator: wkmp-ai\src\services\workflow_orchestrator\mod.rs:1851: Phase 2 completed - hash unique phase="Hash Deduplication" duration_ms=7639 file_index=149 hash="052e6ef82dacc610cbddbaa43a795cf7988fc555b666a6450c2c90e619b6fc4a"
2026-02-06T02:59:25.618301Z DEBUG tokio-runtime-worker ThreadId(23) wkmp_ai::services::workflow_orchestrator: wkmp-ai\src\services\workflow_orchestrator\mod.rs:1865: Phase 3: Metadata Extraction & Merging file="C:\\Users\\Mango Cat\\Music\\Astley, Jon/Everyone_Loves_The_Pilot_(Except_The_Crew)/(Jon_Astley)Everyone_Loves_The_Pilot_(Except_The_Crew)-04-Suffering_Fools.mp3" file_id=fd94448a-9221-4c12-b303-76de9da3d8d4
2026-02-06T02:59:25.618359Z DEBUG tokio-runtime-worker ThreadId(23) wkmp_ai::services::metadata_merger: wkmp-ai\src\services\metadata_merger.rs:76: Extracting and merging metadata file_id=fd94448a-9221-4c12-b303-76de9da3d8d4 path=C:\Users\Mango Cat\Music\Astley, Jon/Everyone_Loves_The_Pilot_(Except_The_Crew)/(Jon_Astley)Everyone_Loves_The_Pilot_(Except_The_Crew)-04-Suffering_Fools.mp3
2026-02-06T02:59:25.618985Z DEBUG tokio-runtime-worker ThreadId(23) wkmp_ai::services::metadata_extractor: wkmp-ai\src\services\metadata_extractor.rs:141: Extracted metadata file=C:\Users\Mango Cat\Music\Astley, Jon/Everyone_Loves_The_Pilot_(Except_The_Crew)/(Jon_Astley)Everyone_Loves_The_Pilot_(Except_The_Crew)-04-Suffering_Fools.mp3 artist=Some("Jon Astley") title=Some("Suffering Fools") duration_s=347.256 format=MP3
2026-02-06T02:59:25.619983Z DEBUG tokio-runtime-worker ThreadId(23) wkmp_ai::services::metadata_merger: wkmp-ai\src\services\metadata_merger.rs:161: Merged metadata updated file_id=fd94448a-9221-4c12-b303-76de9da3d8d4 artist=Some("Jon Astley") title=Some("Suffering Fools") duration_ticks=9800953344
2026-02-06T02:59:25.620339Z  INFO tokio-runtime-worker ThreadId(23) wkmp_ai::services::workflow_orchestrator: wkmp-ai\src\services\workflow_orchestrator\mod.rs:1877: Phase 3 completed phase="Metadata Extraction" duration_ms=2
 file_index=149 successful=true has_title=true has_artist=true has_album=true
2026-02-06T02:59:25.620973Z  INFO tokio-runtime-worker ThreadId(23) wkmp_ai::matching::single_track: wkmp-ai\src\matching\single_track.rs:292: [F149] Single-track analysis (pre-decode) for "(Jon_Astley)Everyone_Loves_The_Pilot_(Except_The_Crew)-04-Suffering_Fools.mp3":
2026-02-06T02:59:25.621086Z  INFO tokio-runtime-worker ThreadId(23) wkmp_ai::matching::single_track: wkmp-ai\src\matching\single_track.rs:305: [F149]     Filename pattern: +0.00 (no track number prefix)
2026-02-06T02:59:25.621136Z  INFO tokio-runtime-worker ThreadId(23) wkmp_ai::matching::single_track: wkmp-ai\src\matching\single_track.rs:312: [F149]     Directory files:  +0.80 (10 audio files in dir, threshold=4)
2026-02-06T02:59:25.621205Z  INFO tokio-runtime-worker ThreadId(23) wkmp_ai::matching::single_track: wkmp-ai\src\matching\single_track.rs:322: [F149]     ID3 track tag:    +1.00 (track 4/10)
2026-02-06T02:59:25.621243Z  INFO tokio-runtime-worker ThreadId(23) wkmp_ai::matching::single_track: wkmp-ai\src\matching\single_track.rs:335: [F149]     Duration hint:    +0.70 (5.79 min, album threshold=20 min)
2026-02-06T02:59:25.621284Z  INFO tokio-runtime-worker ThreadId(23) wkmp_ai::matching::single_track: wkmp-ai\src\matching\single_track.rs:347: [F149]     PRE-DECODE TOTAL: 2.50 (High confidence - LIKELY SINGLE TRACK)
2026-02-06T02:59:25.621374Z  INFO tokio-runtime-worker ThreadId(23) wkmp_ai::services::workflow_orchestrator: wkmp-ai\src\services\workflow_orchestrator\mod.rs:1915: Single-track detected (score >= 2), switching to single-song resolution path file="C:\\Users\\Mango Cat\\Music\\Astley, Jon/Everyone_Loves_The_Pilot_(Except_The_Crew)/(Jon_Astley)Everyone_Loves_The_Pilot_(Except_The_Crew)-04-Suffering_Fools.mp3" file_index=149 score=2.5
2026-02-06T02:59:26.829004Z DEBUG tokio-runtime-worker ThreadId(73) wkmp_ai::utils::audio_decoder: wkmp-ai\src\utils\audio_decoder.rs:88: Decoding audio file path=C:\Users\Mango Cat\Music\Ace of Base/HappyNation.mp3
2026-02-06T02:59:26.829052Z DEBUG tokio-runtime-worker ThreadId(23) wkmp_ai::services::hash_deduplicator: wkmp-ai\src\services\hash_deduplicator.rs:93: Calculated hash path=C:\Users\Mango Cat\Music\BTS/Wings.mp3 hash_len=64
2026-02-06T02:59:26.830791Z DEBUG tokio-runtime-worker ThreadId(73) wkmp_ai::utils::audio_decoder: wkmp-ai\src\utils\audio_decoder.rs:128: Audio file info path=C:\Users\Mango Cat\Music\Ace of Base/HappyNation.mp3 sample_rate=44100 channels=2
2026-02-06T02:59:26.852633Z DEBUG tokio-runtime-worker ThreadId(23) wkmp_ai::services::hash_deduplicator: wkmp-ai\src\services\hash_deduplicator.rs:155: Updated file hash file_id=5a4541dd-b9ff-4435-96bc-bdc52589ef3e hash=85375cd5e1cf385e48f4d42078b7737fd87d0930dbfef478b9799083deef6c39
2026-02-06T02:59:26.853086Z DEBUG tokio-runtime-worker ThreadId(23) wkmp_ai::services::hash_deduplicator: wkmp-ai\src\services\hash_deduplicator.rs:111: Checking for duplicate hash hash=85375cd5e1cf385e48f4d42078b7737fd87d0930dbfef478b9799083deef6c39 file_id=5a4541dd-b9ff-4435-96bc-bdc52589ef3e
2026-02-06T02:59:26.854154Z DEBUG tokio-runtime-worker ThreadId(23) wkmp_ai::services::hash_deduplicator: wkmp-ai\src\services\hash_deduplicator.rs:123: No duplicate hash found hash=85375cd5e1cf385e48f4d42078b7737fd87d0930dbfef478b9799083deef6c39
2026-02-06T02:59:26.854892Z  INFO tokio-runtime-worker ThreadId(23) wkmp_ai::services::workflow_orchestrator: wkmp-ai\src\services\workflow_orchestrator\mod.rs:1851: Phase 2 completed - hash unique phase="Hash Deduplication" duration_ms=8832 file_index=156 hash="85375cd5e1cf385e48f4d42078b7737fd87d0930dbfef478b9799083deef6c39"
2026-02-06T02:59:26.855697Z DEBUG tokio-runtime-worker ThreadId(23) wkmp_ai::services::workflow_orchestrator: wkmp-ai\src\services\workflow_orchestrator\mod.rs:1865: Phase 3: Metadata Extraction & Merging file="C:\\Users\\Mango Cat\\Music\\BTS/Wings.mp3" file_id=5a4541dd-b9ff-4435-96bc-bdc52589ef3e
2026-02-06T02:59:26.856638Z DEBUG tokio-runtime-worker ThreadId(23) wkmp_ai::services::metadata_merger: wkmp-ai\src\services\metadata_merger.rs:76: Extracting and merging metadata file_id=5a4541dd-b9ff-4435-96bc-bdc52589ef3e path=C:\Users\Mango Cat\Music\BTS/Wings.mp3
2026-02-06T02:59:26.857738Z DEBUG tokio-runtime-worker ThreadId(23) wkmp_ai::services::metadata_extractor: wkmp-ai\src\services\metadata_extractor.rs:141: Extracted metadata file=C:\Users\Mango Cat\Music\BTS/Wings.mp3 artist=Some("BTS") title=None duration_s=3210.09 format=MP3
2026-02-06T02:59:26.862854Z DEBUG tokio-runtime-worker ThreadId(23) wkmp_ai::services::metadata_merger: wkmp-ai\src\services\metadata_merger.rs:161: Merged metadata updated file_id=5a4541dd-b9ff-4435-96bc-bdc52589ef3e artist=Some("BTS") title=None duration_ticks=90601580160
2026-02-06T02:59:26.863133Z  INFO tokio-runtime-worker ThreadId(23) wkmp_ai::services::workflow_orchestrator: wkmp-ai\src\services\workflow_orchestrator\mod.rs:1877: Phase 3 completed phase="Metadata Extraction" duration_ms=7
 file_index=156 successful=true has_title=false has_artist=true has_album=true
2026-02-06T02:59:26.864023Z  INFO tokio-runtime-worker ThreadId(23) wkmp_ai::matching::single_track: wkmp-ai\src\matching\single_track.rs:292: [F156] Single-track analysis (pre-decode) for "Wings.mp3":
2026-02-06T02:59:26.864616Z  INFO tokio-runtime-worker ThreadId(23) wkmp_ai::matching::single_track: wkmp-ai\src\matching\single_track.rs:305: [F156]     Filename pattern: +0.00 (no track number prefix)
2026-02-06T02:59:26.865146Z  INFO tokio-runtime-worker ThreadId(23) wkmp_ai::matching::single_track: wkmp-ai\src\matching\single_track.rs:312: [F156]     Directory files:  -0.50 (1 audio files in dir, threshold=4)
2026-02-06T02:59:26.865374Z  INFO tokio-runtime-worker ThreadId(23) wkmp_ai::matching::single_track: wkmp-ai\src\matching\single_track.rs:327: [F156]     ID3 track tag:    +0.00 (no track tag)
2026-02-06T02:59:26.865566Z  INFO tokio-runtime-worker ThreadId(23) wkmp_ai::matching::single_track: wkmp-ai\src\matching\single_track.rs:335: [F156]     Duration hint:    -0.30 (53.50 min, album threshold=20 min)
2026-02-06T02:59:26.865715Z  INFO tokio-runtime-worker ThreadId(23) wkmp_ai::matching::single_track: wkmp-ai\src\matching\single_track.rs:347: [F156]     PRE-DECODE TOTAL: -0.80 (Unlikely confidence)
2026-02-06T02:59:26.865873Z DEBUG tokio-runtime-worker ThreadId(23) wkmp_ai::services::workflow_orchestrator: wkmp-ai\src\services\workflow_orchestrator\mod.rs:1958: Not single-track (score < 2), continuing with album pipeline file="C:\\Users\\Mango Cat\\Music\\BTS/Wings.mp3" file_index=156 score=-0.8
2026-02-06T02:59:26.866234Z DEBUG tokio-runtime-worker ThreadId(23) wkmp_ai::services::workflow_orchestrator: wkmp-ai\src\services\workflow_orchestrator\mod.rs:1977: Phase 4: Decoding audio + Passage Segmentation file="C:\\Users\\Mango Cat\\Music\\BTS/Wings.mp3" file_id=5a4541dd-b9ff-4435-96bc-bdc52589ef3e
2026-02-06T02:59:26.866446Z DEBUG tokio-runtime-worker ThreadId(23) wkmp_ai::services::workflow_orchestrator: wkmp-ai\src\services\workflow_orchestrator\mod.rs:1980: Decoding audio (first and only decode) file="C:\\Users\\Mango Cat\\Music\\BTS/Wings.mp3"
2026-02-06T02:59:27.056717Z DEBUG tokio-runtime-worker ThreadId(23) wkmp_ai::services::progress_manager: wkmp-ai\src\services\progress_manager.rs:521: Progress synced to database session_id=e6293ba0-b57f-441f-a6ea-884d33b9111b
2026-02-06T02:59:27.057966Z DEBUG tokio-runtime-worker ThreadId(23) wkmp_ai::services::progress_manager: wkmp-ai\src\services\progress_manager.rs:166: Background sync completed successfully session_id=e6293ba0-b57f-441f-a6ea-884d33b9111b
2026-02-06T02:59:27.289208Z DEBUG tokio-runtime-worker ThreadId(94) wkmp_ai::utils::audio_decoder: wkmp-ai\src\utils\audio_decoder.rs:88: Decoding audio file path=C:\Users\Mango Cat\Music\Aerosmith/Pump.mp3
2026-02-06T02:59:27.289236Z DEBUG tokio-runtime-worker ThreadId(23) wkmp_ai::services::hash_deduplicator: wkmp-ai\src\services\hash_deduplicator.rs:93: Calculated hash path=C:\Users\Mango Cat\Music\Asia/GoldAsia.mp3 hash_len=64
2026-02-06T02:59:27.289555Z DEBUG tokio-runtime-worker ThreadId(94) wkmp_ai::utils::audio_decoder: wkmp-ai\src\utils\audio_decoder.rs:128: Audio file info path=C:\Users\Mango Cat\Music\Aerosmith/Pump.mp3 sample_rate=44100 channels=2
2026-02-06T02:59:27.290196Z DEBUG tokio-runtime-worker ThreadId(23) wkmp_ai::services::hash_deduplicator: wkmp-ai\src\services\hash_deduplicator.rs:155: Updated file hash file_id=5aa11894-c9f2-42ce-a45b-3ae52834af16 hash=a917ccb5c01fac8fbd047b7b9f1da8b33510caba2cd28a437d9a5aef7e33bf13
2026-02-06T02:59:27.290317Z DEBUG tokio-runtime-worker ThreadId(23) wkmp_ai::services::hash_deduplicator: wkmp-ai\src\services\hash_deduplicator.rs:111: Checking for duplicate hash hash=a917ccb5c01fac8fbd047b7b9f1da8b33510caba2cd28a437d9a5aef7e33bf13 file_id=5aa11894-c9f2-42ce-a45b-3ae52834af16
2026-02-06T02:59:27.290623Z DEBUG tokio-runtime-worker ThreadId(23) wkmp_ai::services::hash_deduplicator: wkmp-ai\src\services\hash_deduplicator.rs:123: No duplicate hash found hash=a917ccb5c01fac8fbd047b7b9f1da8b33510caba2cd28a437d9a5aef7e33bf13
2026-02-06T02:59:27.290717Z  INFO tokio-runtime-worker ThreadId(23) wkmp_ai::services::workflow_orchestrator: wkmp-ai\src\services\workflow_orchestrator\mod.rs:1851: Phase 2 completed - hash unique phase="Hash Deduplication" duration_ms=9323 file_index=145 hash="a917ccb5c01fac8fbd047b7b9f1da8b33510caba2cd28a437d9a5aef7e33bf13"
2026-02-06T02:59:27.290828Z DEBUG tokio-runtime-worker ThreadId(23) wkmp_ai::services::workflow_orchestrator: wkmp-ai\src\services\workflow_orchestrator\mod.rs:1865: Phase 3: Metadata Extraction & Merging file="C:\\Users\\Mango Cat\\Music\\Asia/GoldAsia.mp3" file_id=5aa11894-c9f2-42ce-a45b-3ae52834af16
2026-02-06T02:59:27.290912Z DEBUG tokio-runtime-worker ThreadId(23) wkmp_ai::services::metadata_merger: wkmp-ai\src\services\metadata_merger.rs:76: Extracting and merging metadata file_id=5aa11894-c9f2-42ce-a45b-3ae52834af16 path=C:\Users\Mango Cat\Music\Asia/GoldAsia.mp3
2026-02-06T02:59:27.291212Z DEBUG tokio-runtime-worker ThreadId(23) wkmp_ai::services::metadata_extractor: wkmp-ai\src\services\metadata_extractor.rs:141: Extracted metadata file=C:\Users\Mango Cat\Music\Asia/GoldAsia.mp3 artist=Some("Asia") title=None duration_s=9619.428 format=MP3
2026-02-06T02:59:27.291820Z DEBUG tokio-runtime-worker ThreadId(23) wkmp_ai::services::metadata_merger: wkmp-ai\src\services\metadata_merger.rs:161: Merged metadata updated file_id=5aa11894-c9f2-42ce-a45b-3ae52834af16 artist=Some("Asia") title=None duration_ticks=271498735872
2026-02-06T02:59:27.291944Z  INFO tokio-runtime-worker ThreadId(23) wkmp_ai::services::workflow_orchestrator: wkmp-ai\src\services\workflow_orchestrator\mod.rs:1877: Phase 3 completed phase="Metadata Extraction" duration_ms=1
 file_index=145 successful=true has_title=false has_artist=true has_album=true
2026-02-06T02:59:27.292287Z  INFO tokio-runtime-worker ThreadId(23) wkmp_ai::matching::single_track: wkmp-ai\src\matching\single_track.rs:292: [F145] Single-track analysis (pre-decode) for "GoldAsia.mp3":
2026-02-06T02:59:27.292369Z  INFO tokio-runtime-worker ThreadId(23) wkmp_ai::matching::single_track: wkmp-ai\src\matching\single_track.rs:305: [F145]     Filename pattern: +0.00 (no track number prefix)
2026-02-06T02:59:27.292443Z  INFO tokio-runtime-worker ThreadId(23) wkmp_ai::matching::single_track: wkmp-ai\src\matching\single_track.rs:312: [F145]     Directory files:  -0.50 (1 audio files in dir, threshold=4)
2026-02-06T02:59:27.292551Z  INFO tokio-runtime-worker ThreadId(23) wkmp_ai::matching::single_track: wkmp-ai\src\matching\single_track.rs:327: [F145]     ID3 track tag:    +0.00 (no track tag)
2026-02-06T02:59:27.292634Z  INFO tokio-runtime-worker ThreadId(23) wkmp_ai::matching::single_track: wkmp-ai\src\matching\single_track.rs:335: [F145]     Duration hint:    -0.30 (160.32 min, album threshold=20 min)
2026-02-06T02:59:27.292704Z  INFO tokio-runtime-worker ThreadId(23) wkmp_ai::matching::single_track: wkmp-ai\src\matching\single_track.rs:347: [F145]     PRE-DECODE TOTAL: -0.80 (Unlikely confidence)
2026-02-06T02:59:27.292772Z DEBUG tokio-runtime-worker ThreadId(23) wkmp_ai::services::workflow_orchestrator: wkmp-ai\src\services\workflow_orchestrator\mod.rs:1958: Not single-track (score < 2), continuing with album pipeline file="C:\\Users\\Mango Cat\\Music\\Asia/GoldAsia.mp3" file_index=145 score=-0.8
2026-02-06T02:59:27.292874Z DEBUG tokio-runtime-worker ThreadId(23) wkmp_ai::services::workflow_orchestrator: wkmp-ai\src\services\workflow_orchestrator\mod.rs:1977: Phase 4: Decoding audio + Passage Segmentation file="C:\\Users\\Mango Cat\\Music\\Asia/GoldAsia.mp3" file_id=5aa11894-c9f2-42ce-a45b-3ae52834af16
2026-02-06T02:59:27.292964Z DEBUG tokio-runtime-worker ThreadId(23) wkmp_ai::services::workflow_orchestrator: wkmp-ai\src\services\workflow_orchestrator\mod.rs:1980: Decoding audio (first and only decode) file="C:\\Users\\Mango Cat\\Music\\Asia/GoldAsia.mp3"
2026-02-06T02:59:31.979001Z DEBUG tokio-runtime-worker ThreadId(23) wkmp_ai::services::progress_manager: wkmp-ai\src\services\progress_manager.rs:309: PLAN033: Time update broadcast elapsed_seconds=15 estimated_remaining_seconds=Some(38)
2026-02-06T02:59:31.979572Z DEBUG tokio-runtime-worker ThreadId(23) wkmp_ai::api::sse: wkmp-ai\src\api\sse.rs:71: SSE: Broadcasting import event: ImportProgressUpdate
2026-02-06T02:59:32.851827Z DEBUG tokio-runtime-worker ThreadId(23) wkmp_ai: wkmp-ai\src\main.rs:240: Pool utilization snapshot pool_size=48 idle_connections=48 in_use_connections=0 utilization_pct=0
2026-02-06T02:59:42.855538Z DEBUG tokio-runtime-worker ThreadId(23) wkmp_ai: wkmp-ai\src\main.rs:240: Pool utilization snapshot pool_size=48 idle_connections=48 in_use_connections=0 utilization_pct=0
2026-02-06T02:59:46.979759Z DEBUG tokio-runtime-worker ThreadId(23) wkmp_ai::services::progress_manager: wkmp-ai\src\services\progress_manager.rs:309: PLAN033: Time update broadcast elapsed_seconds=30 estimated_remaining_seconds=Some(38)
2026-02-06T02:59:46.980293Z DEBUG tokio-runtime-worker ThreadId(23) wkmp_ai::api::sse: wkmp-ai\src\api\sse.rs:71: SSE: Broadcasting import event: ImportProgressUpdate
2026-02-06T02:59:52.855500Z DEBUG tokio-runtime-worker ThreadId(23) wkmp_ai: wkmp-ai\src\main.rs:240: Pool utilization snapshot pool_size=48 idle_connections=48 in_use_connections=0 utilization_pct=0
2026-02-06T03:00:01.977047Z DEBUG tokio-runtime-worker ThreadId(23) wkmp_ai::services::progress_manager: wkmp-ai\src\services\progress_manager.rs:309: PLAN033: Time update broadcast elapsed_seconds=45 estimated_remaining_seconds=Some(1735)
2026-02-06T03:00:01.977379Z DEBUG tokio-runtime-worker ThreadId(23) wkmp_ai::api::sse: wkmp-ai\src\api\sse.rs:71: SSE: Broadcasting import event: ImportProgressUpdate
2026-02-06T03:00:02.851030Z DEBUG tokio-runtime-worker ThreadId(23) wkmp_ai: wkmp-ai\src\main.rs:240: Pool utilization snapshot pool_size=48 idle_connections=48 in_use_connections=0 utilization_pct=0
