Mango Cat@GMKtec MINGW64 ~/Dev/McRhythm/wkmp-ai (dev)
$ cargo run
warning: use of deprecated method `services::workflow_orchestrator::WorkflowOrchestrator::phase_processing_plan025`: Use phase_processing_per_file() with per-file pipeline
   --> wkmp-ai\src\services\workflow_orchestrator\mod.rs:448:14
    |
448 |             .phase_processing_plan025(session, start_time, &cancel_token)
    |              ^^^^^^^^^^^^^^^^^^^^^^^^
    |
    = note: `#[warn(deprecated)]` on by default

warning: use of deprecated method `workflow::pipeline::Pipeline::extract`: Use extract_with_audio() to avoid re-decoding audio
   --> wkmp-ai\src\workflow\pipeline.rs:430:43
    |
430 |         let mut extraction_results = self.extract(file_path, boundary, passage_index).await?;
    |                                           ^^^^^^^

warning: `wkmp-ai` (lib) generated 2 warnings
   Compiling wkmp-ai v0.1.0 (C:\Users\Mango Cat\Dev\McRhythm\wkmp-ai)
    Finished `dev` profile [unoptimized + debuginfo] target(s) in 4.16s
     Running `C:\Users\Mango Cat\Dev\McRhythm\target\debug\wkmp-ai.exe`
2026-02-05T22:36:33.447360Z  INFO main ThreadId(01) wkmp_ai: wkmp-ai\src\main.rs:39: Starting WKMP Audio Ingest (wkmp-ai) v0.1.0 [ca7a2a35] built 2026-02-05T17:19:56-05:00 (debug)
2026-02-05T22:36:33.447719Z  WARN main ThreadId(01) wkmp_common::config: wkmp-common\src\config.rs:231: Config file not found at C:\Users\Mango Cat\AppData\Roaming\WKMP\audio-ingest.toml, using default configuration
2026-02-05T22:36:33.447800Z  INFO main ThreadId(01) wkmp_common::config: wkmp-common\src\config.rs:248: Root folder: C:\Users\Mango Cat\Music (compiled default)
2026-02-05T22:36:33.447994Z  INFO main ThreadId(01) wkmp_common::config: wkmp-common\src\config.rs:373: Root folder directory exists: C:\Users\Mango Cat\Music
2026-02-05T22:36:33.448148Z  INFO main ThreadId(01) wkmp_ai: wkmp-ai\src\main.rs:59: Database: C:\Users\Mango Cat\Music\wkmp.db
2026-02-05T22:36:33.448210Z  INFO main ThreadId(01) wkmp_ai: wkmp-ai\src\main.rs:63: Stage 1: Reading RESTART_REQUIRED configuration parameters
2026-02-05T22:36:33.449070Z DEBUG main ThreadId(01) wkmp_ai::models::bootstrap_config: wkmp-ai\src\models\bootstrap_config.rs:90: Creating bootstrap connection to read RESTART_REQUIRED parameters
2026-02-05T22:36:33.452874Z  WARN main ThreadId(01) wkmp_ai::models::bootstrap_config: wkmp-ai\src\models\bootstrap_config.rs:179: ai_database_lock_retry_ms=300 below minimum 1000ms, clamping to 1000ms (values below 1000ms cause cascading lock failures)
2026-02-05T22:36:33.452949Z  WARN main ThreadId(01) wkmp_ai::models::bootstrap_config: wkmp-ai\src\models\bootstrap_config.rs:190: ai_database_max_lock_wait_ms=5000 below minimum 10000ms, clamping to 10000ms (values below 10000ms exhaust retry budget before transactions complete)
2026-02-05T22:36:33.453005Z  INFO main ThreadId(01) wkmp_ai::models::bootstrap_config: wkmp-ai\src\models\bootstrap_config.rs:214: ai_processing_thread_count is NULL, using single-worker default: 1 workers
2026-02-05T22:36:33.461228Z DEBUG main ThreadId(01) wkmp_ai::models::bootstrap_config: wkmp-ai\src\models\bootstrap_config.rs:277: Bootstrap connection closed
2026-02-05T22:36:33.461334Z  INFO main ThreadId(01) wkmp_ai: wkmp-ai\src\main.rs:73: Configuration loaded: pool_size=96, lock_retry=1000ms, max_wait=10000ms, threads=1
2026-02-05T22:36:33.461452Z  INFO main ThreadId(01) wkmp_ai: wkmp-ai\src\main.rs:87: Building Tokio runtime: worker_threads=1, max_blocking_threads=2
2026-02-05T22:36:33.461590Z  INFO main ThreadId(01) wkmp_ai: wkmp-ai\src\main.rs:106: Stage 2: Creating production database pool with configuration
2026-02-05T22:36:33.461726Z DEBUG main ThreadId(01) wkmp_ai::models::bootstrap_config: wkmp-ai\src\models\bootstrap_config.rs:312: Creating production database pool: 96 connections, busy_timeout=1000ms
2026-02-05T22:36:33.505898Z  INFO main ThreadId(01) wkmp_ai::models::bootstrap_config: wkmp-ai\src\models\bootstrap_config.rs:337: Production database pool ready: max=96 min=48 connections, busy_timeout=1000ms, thread_count=1
2026-02-05T22:36:33.506049Z  INFO main ThreadId(01) wkmp_ai: wkmp-ai\src\main.rs:117: Initializing database schema
2026-02-05T22:36:33.511890Z  INFO main ThreadId(01) wkmp_common::db::table_schemas: wkmp-common\src\db\table_schemas.rs:411: === Phase 2: Automatic Schema Synchronization ===
2026-02-05T22:36:33.511977Z  INFO main ThreadId(01) wkmp_common::db::schema_sync: wkmp-common\src\db\schema_sync.rs:324: Schema sync: Checking table 'files'
2026-02-05T22:36:33.512393Z  INFO main ThreadId(01) wkmp_common::db::schema_sync: wkmp-common\src\db\schema_sync.rs:342:   ✓ Schema up to date for 'files'
2026-02-05T22:36:33.512469Z  INFO main ThreadId(01) wkmp_common::db::schema_sync: wkmp-common\src\db\schema_sync.rs:324: Schema sync: Checking table 'passages'
2026-02-05T22:36:33.513051Z  INFO main ThreadId(01) wkmp_common::db::schema_sync: wkmp-common\src\db\schema_sync.rs:342:   ✓ Schema up to date for 'passages'
2026-02-05T22:36:33.513147Z  INFO main ThreadId(01) wkmp_common::db::schema_sync: wkmp-common\src\db\schema_sync.rs:324: Schema sync: Checking table 'songs'
2026-02-05T22:36:33.513512Z  INFO main ThreadId(01) wkmp_common::db::schema_sync: wkmp-common\src\db\schema_sync.rs:342:   ✓ Schema up to date for 'songs'
2026-02-05T22:36:33.513591Z  INFO main ThreadId(01) wkmp_common::db::schema_sync: wkmp-common\src\db\schema_sync.rs:324: Schema sync: Checking table 'works'
2026-02-05T22:36:33.513934Z  INFO main ThreadId(01) wkmp_common::db::schema_sync: wkmp-common\src\db\schema_sync.rs:342:   ✓ Schema up to date for 'works'
2026-02-05T22:36:33.514010Z  INFO main ThreadId(01) wkmp_common::db::schema_sync: wkmp-common\src\db\schema_sync.rs:324: Schema sync: Checking table 'albums'
2026-02-05T22:36:33.514368Z  INFO main ThreadId(01) wkmp_common::db::schema_sync: wkmp-common\src\db\schema_sync.rs:342:   ✓ Schema up to date for 'albums'
2026-02-05T22:36:33.514449Z  INFO main ThreadId(01) wkmp_common::db::schema_sync: wkmp-common\src\db\schema_sync.rs:324: Schema sync: Checking table 'artists'
2026-02-05T22:36:33.514760Z  INFO main ThreadId(01) wkmp_common::db::schema_sync: wkmp-common\src\db\schema_sync.rs:342:   ✓ Schema up to date for 'artists'
2026-02-05T22:36:33.514840Z  INFO main ThreadId(01) wkmp_common::db::table_schemas: wkmp-common\src\db\table_schemas.rs:422: === Schema Synchronization Complete ===
2026-02-05T22:36:33.515138Z  INFO main ThreadId(01) wkmp_common::db::migrations: wkmp-common\src\db\migrations.rs:98: Database schema is up to date (v4)
2026-02-05T22:36:33.523371Z  INFO main ThreadId(01) wkmp_common::db::init: wkmp-common\src\db\init.rs:297: Default settings initialized
2026-02-05T22:36:33.524385Z  INFO main ThreadId(01) wkmp_common::db::init: wkmp-common\src\db\init.rs:90: Database busy timeout set to 300 ms
2026-02-05T22:36:33.524458Z  INFO main ThreadId(01) wkmp_ai: wkmp-ai\src\main.rs:122: Database pool ready (96 connections, schema verified)
2026-02-05T22:36:33.525702Z  WARN main ThreadId(01) wkmp_ai::config: wkmp-ai\src\config.rs:51: AcoustID API key found in multiple sources: database, TOML. Using database (highest priority).
2026-02-05T22:36:33.525791Z  INFO main ThreadId(01) wkmp_ai::config: wkmp-ai\src\config.rs:60: AcoustID API key loaded from database
2026-02-05T22:36:33.537904Z  INFO main ThreadId(01) wkmp_ai: wkmp-ai\src\main.rs:203: Cleaned up 1 stale import session(s) from previous run
2026-02-05T22:36:33.538041Z  INFO main ThreadId(01) wkmp_ai: wkmp-ai\src\main.rs:218: Event bus initialized
2026-02-05T22:36:33.538601Z DEBUG tokio-runtime-worker ThreadId(23) wkmp_ai: wkmp-ai\src\main.rs:240: Pool utilization snapshot pool_size=48 idle_connections=48 in_use_connections=0 utilization_pct=0
2026-02-05T22:36:33.539872Z  INFO                 main ThreadId(01) wkmp_ai: wkmp-ai\src\main.rs:260: Listening on http://127.0.0.1:5723
2026-02-05T22:36:33.539965Z  INFO                 main ThreadId(01) wkmp_ai: wkmp-ai\src\main.rs:261: Health check: http://127.0.0.1:5723/health
2026-02-05T22:36:34.419219Z  INFO tokio-runtime-worker ThreadId(23) wkmp_common::sse: wkmp-common\src\sse.rs:30: New SSE client connected to wkmp-ai general events
2026-02-05T22:36:34.420449Z  INFO tokio-runtime-worker ThreadId(23) wkmp_common::sse: wkmp-common\src\sse.rs:33: SSE: wkmp-ai event stream started
2026-02-05T22:36:34.446795Z  INFO tokio-runtime-worker ThreadId(23) wkmp_ai::api::sse: wkmp-ai\src\api\sse.rs:40: New SSE client connected to import events
2026-02-05T22:36:34.447697Z  INFO tokio-runtime-worker ThreadId(23) wkmp_ai::api::sse: wkmp-ai\src\api\sse.rs:47: SSE: Import event stream started
2026-02-05T22:36:43.539672Z DEBUG tokio-runtime-worker ThreadId(23) wkmp_ai: wkmp-ai\src\main.rs:240: Pool utilization snapshot pool_size=48 idle_connections=48 in_use_connections=0 utilization_pct=0
2026-02-05T22:36:49.450509Z DEBUG tokio-runtime-worker ThreadId(23) wkmp_ai::api::sse: wkmp-ai\src\api\sse.rs:53: SSE: Sending heartbeat
2026-02-05T22:36:53.552710Z DEBUG tokio-runtime-worker ThreadId(23) wkmp_ai: wkmp-ai\src\main.rs:240: Pool utilization snapshot pool_size=48 idle_connections=48 in_use_connections=0 utilization_pct=0
2026-02-05T22:37:03.542328Z DEBUG tokio-runtime-worker ThreadId(23) wkmp_ai: wkmp-ai\src\main.rs:240: Pool utilization snapshot pool_size=48 idle_connections=48 in_use_connections=0 utilization_pct=0
2026-02-05T22:37:04.459079Z DEBUG tokio-runtime-worker ThreadId(23) wkmp_ai::api::sse: wkmp-ai\src\api\sse.rs:53: SSE: Sending heartbeat
2026-02-05T22:37:13.553244Z DEBUG tokio-runtime-worker ThreadId(23) wkmp_ai: wkmp-ai\src\main.rs:240: Pool utilization snapshot pool_size=48 idle_connections=48 in_use_connections=0 utilization_pct=0
2026-02-05T22:37:19.470360Z DEBUG tokio-runtime-worker ThreadId(23) wkmp_ai::api::sse: wkmp-ai\src\api\sse.rs:53: SSE: Sending heartbeat
2026-02-05T22:37:23.542410Z DEBUG tokio-runtime-worker ThreadId(23) wkmp_ai: wkmp-ai\src\main.rs:240: Pool utilization snapshot pool_size=48 idle_connections=48 in_use_connections=0 utilization_pct=0
2026-02-05T22:37:33.538954Z DEBUG tokio-runtime-worker ThreadId(23) wkmp_ai: wkmp-ai\src\main.rs:240: Pool utilization snapshot pool_size=48 idle_connections=48 in_use_connections=0 utilization_pct=0
2026-02-05T22:37:34.487606Z DEBUG tokio-runtime-worker ThreadId(23) wkmp_ai::api::sse: wkmp-ai\src\api\sse.rs:53: SSE: Sending heartbeat
2026-02-05T22:37:43.568804Z DEBUG tokio-runtime-worker ThreadId(23) wkmp_ai: wkmp-ai\src\main.rs:240: Pool utilization snapshot pool_size=48 idle_connections=48 in_use_connections=0 utilization_pct=0
2026-02-05T22:37:49.503263Z DEBUG tokio-runtime-worker ThreadId(23) wkmp_ai::api::sse: wkmp-ai\src\api\sse.rs:53: SSE: Sending heartbeat
2026-02-05T22:37:53.551213Z DEBUG tokio-runtime-worker ThreadId(23) wkmp_ai: wkmp-ai\src\main.rs:240: Pool utilization snapshot pool_size=48 idle_connections=48 in_use_connections=0 utilization_pct=0
2026-02-05T22:38:03.542374Z DEBUG tokio-runtime-worker ThreadId(23) wkmp_ai: wkmp-ai\src\main.rs:240: Pool utilization snapshot pool_size=48 idle_connections=48 in_use_connections=0 utilization_pct=0
2026-02-05T22:38:04.510672Z DEBUG tokio-runtime-worker ThreadId(23) wkmp_ai::api::sse: wkmp-ai\src\api\sse.rs:53: SSE: Sending heartbeat
2026-02-05T22:38:13.542277Z DEBUG tokio-runtime-worker ThreadId(23) wkmp_ai: wkmp-ai\src\main.rs:240: Pool utilization snapshot pool_size=48 idle_connections=48 in_use_connections=0 utilization_pct=0
2026-02-05T22:38:19.525962Z DEBUG tokio-runtime-worker ThreadId(23) wkmp_ai::api::sse: wkmp-ai\src\api\sse.rs:53: SSE: Sending heartbeat
2026-02-05T22:38:23.549414Z DEBUG tokio-runtime-worker ThreadId(23) wkmp_ai: wkmp-ai\src\main.rs:240: Pool utilization snapshot pool_size=48 idle_connections=48 in_use_connections=0 utilization_pct=0
2026-02-05T22:38:33.552915Z DEBUG tokio-runtime-worker ThreadId(23) wkmp_ai: wkmp-ai\src\main.rs:240: Pool utilization snapshot pool_size=48 idle_connections=48 in_use_connections=0 utilization_pct=0
2026-02-05T22:38:34.538061Z DEBUG tokio-runtime-worker ThreadId(23) wkmp_ai::api::sse: wkmp-ai\src\api\sse.rs:53: SSE: Sending heartbeat
2026-02-05T22:38:43.548248Z DEBUG tokio-runtime-worker ThreadId(23) wkmp_ai: wkmp-ai\src\main.rs:240: Pool utilization snapshot pool_size=48 idle_connections=48 in_use_connections=0 utilization_pct=0
2026-02-05T22:38:49.542361Z DEBUG tokio-runtime-worker ThreadId(23) wkmp_ai::api::sse: wkmp-ai\src\api\sse.rs:53: SSE: Sending heartbeat
2026-02-05T22:38:53.549312Z DEBUG tokio-runtime-worker ThreadId(23) wkmp_ai: wkmp-ai\src\main.rs:240: Pool utilization snapshot pool_size=48 idle_connections=48 in_use_connections=0 utilization_pct=0
2026-02-05T22:39:03.540753Z DEBUG tokio-runtime-worker ThreadId(23) wkmp_ai: wkmp-ai\src\main.rs:240: Pool utilization snapshot pool_size=48 idle_connections=48 in_use_connections=0 utilization_pct=0
2026-02-05T22:39:04.545865Z DEBUG tokio-runtime-worker ThreadId(23) wkmp_ai::api::sse: wkmp-ai\src\api\sse.rs:53: SSE: Sending heartbeat
2026-02-05T22:39:06.977825Z  INFO tokio-runtime-worker ThreadId(23) wkmp_common::sse: wkmp-common\src\sse.rs:30: New SSE client connected to wkmp-ai general events
2026-02-05T22:39:06.978178Z  INFO tokio-runtime-worker ThreadId(23) wkmp_common::sse: wkmp-common\src\sse.rs:33: SSE: wkmp-ai event stream started
2026-02-05T22:39:12.253817Z  INFO tokio-runtime-worker ThreadId(23) wkmp_common::sse: wkmp-common\src\sse.rs:30: New SSE client connected to wkmp-ai general events
2026-02-05T22:39:12.254540Z  INFO tokio-runtime-worker ThreadId(23) wkmp_common::sse: wkmp-common\src\sse.rs:33: SSE: wkmp-ai event stream started
2026-02-05T22:39:13.494041Z DEBUG tokio-runtime-worker ThreadId(23) wkmp_ai::extractors::acoustid_client: wkmp-ai\src\extractors\acoustid_client.rs:118: Validating AcoustID API key
2026-02-05T22:39:13.542056Z DEBUG tokio-runtime-worker ThreadId(23) wkmp_ai: wkmp-ai\src\main.rs:240: Pool utilization snapshot pool_size=48 idle_connections=48 in_use_connections=0 utilization_pct=0
2026-02-05T22:39:19.369953Z DEBUG tokio-runtime-worker ThreadId(23) wkmp_ai::extractors::acoustid_client: wkmp-ai\src\extractors\acoustid_client.rs:155: AcoustID API key is valid (error code 3 = fingerprint rejected, key accepted)
2026-02-05T22:39:19.370628Z  INFO tokio-runtime-worker ThreadId(23) wkmp_ai::api::import_workflow: wkmp-ai\src\api\import_workflow.rs:109: AcoustID API key validated successfully
2026-02-05T22:39:19.377992Z  INFO tokio-runtime-worker ThreadId(23) wkmp_ai::api::import_workflow: wkmp-ai\src\api\import_workflow.rs:165: Import session started and persisted to database session_id=fc49b2a9-297a-4710-91ea-7a5f24790519 root_folder=C:\Users\Mango Cat\Music
2026-02-05T22:39:19.378539Z  INFO tokio-runtime-worker ThreadId(23) wkmp_ai::api::import_workflow: wkmp-ai\src\api\import_workflow.rs:184: Background import workflow task started session_id=fc49b2a9-297a-4710-91ea-7a5f24790519
2026-02-05T22:39:19.379280Z  INFO tokio-runtime-worker ThreadId(23) wkmp_ai::api::import_workflow: wkmp-ai\src\api\import_workflow.rs:342: Starting import workflow orchestration session_id=fc49b2a9-297a-4710-91ea-7a5f24790519
2026-02-05T22:39:19.380006Z  INFO tokio-runtime-worker ThreadId(23) wkmp_ai::services::workflow_orchestrator: wkmp-ai\src\services\workflow_orchestrator\mod.rs:128: AcoustID client initialized with configured API key
2026-02-05T22:39:19.380912Z  WARN tokio-runtime-worker ThreadId(23) wkmp_ai::services::workflow_orchestrator: wkmp-ai\src\services\workflow_orchestrator\mod.rs:146: Essentia not available - install essentia_streaming_extractor_music for fallback analysis
2026-02-05T22:39:19.381079Z  INFO tokio-runtime-worker ThreadId(23) wkmp_ai::services::workflow_orchestrator: wkmp-ai\src\services\workflow_orchestrator\mod.rs:340: Starting PLAN024 import workflow session_id=fc49b2a9-297a-4710-91ea-7a5f24790519 root_folder=C:\Users\Mango Cat\Music
2026-02-05T22:39:19.381180Z DEBUG tokio-runtime-worker ThreadId(23) wkmp_ai::services::workflow_orchestrator: wkmp-ai\src\services\workflow_orchestrator\mod.rs:347: Broadcasting ImportSessionStarted event session_id=fc49b2a9-297a-4710-91ea-7a5f24790519
2026-02-05T22:39:19.381272Z DEBUG tokio-runtime-worker ThreadId(23) wkmp_ai::services::workflow_orchestrator: wkmp-ai\src\services\workflow_orchestrator\mod.rs:353: ImportSessionStarted event broadcast complete session_id=fc49b2a9-297a-4710-91ea-7a5f24790519
2026-02-05T22:39:19.381343Z DEBUG tokio-runtime-worker ThreadId(23) wkmp_ai::services::workflow_orchestrator: wkmp-ai\src\services\workflow_orchestrator\mod.rs:356: Calling phase_scanning() session_id=fc49b2a9-297a-4710-91ea-7a5f24790519
2026-02-05T22:39:19.381419Z DEBUG tokio-runtime-worker ThreadId(23) wkmp_ai::services::workflow_orchestrator::phase_scanning: wkmp-ai\src\services\workflow_orchestrator\phase_scanning.rs:45: phase_scanning() entry session_id=fc49b2a9-297a-4710-91ea-7a5f24790519
2026-02-05T22:39:19.381490Z DEBUG tokio-runtime-worker ThreadId(23) wkmp_ai::services::workflow_orchestrator::phase_scanning: wkmp-ai\src\services\workflow_orchestrator\phase_scanning.rs:47: transitioned to Scanning state session_id=fc49b2a9-297a-4710-91ea-7a5f24790519
2026-02-05T22:39:19.381558Z DEBUG tokio-runtime-worker ThreadId(23) wkmp_ai::services::workflow_orchestrator::phase_scanning: wkmp-ai\src\services\workflow_orchestrator\phase_scanning.rs:49: updated progress, about to save session to database session_id=fc49b2a9-297a-4710-91ea-7a5f24790519
2026-02-05T22:39:19.381783Z DEBUG tokio-runtime-worker ThreadId(23) wkmp_ai::api::sse: wkmp-ai\src\api\sse.rs:71: SSE: Broadcasting import event: ImportSessionStarted
2026-02-05T22:39:19.382415Z  INFO tokio-runtime-worker ThreadId(23) wkmp_ai::api::sse: wkmp-ai\src\api\sse.rs:40: New SSE client connected to import events
2026-02-05T22:39:19.382566Z  INFO tokio-runtime-worker ThreadId(23) wkmp_ai::api::sse: wkmp-ai\src\api\sse.rs:47: SSE: Import event stream started
2026-02-05T22:39:19.383088Z DEBUG tokio-runtime-worker ThreadId(23) wkmp_ai::services::workflow_orchestrator::phase_scanning: wkmp-ai\src\services\workflow_orchestrator\phase_scanning.rs:51: session saved to database session_id=fc49b2a9-297a-4710-91ea-7a5f24790519
2026-02-05T22:39:19.383282Z DEBUG tokio-runtime-worker ThreadId(23) wkmp_ai::services::workflow_orchestrator: wkmp-ai\src\services\workflow_orchestrator\mod.rs:1438: Acquiring all statistics Mutex locks for SSE conversion
2026-02-05T22:39:19.383369Z DEBUG tokio-runtime-worker ThreadId(23) wkmp_ai::services::workflow_orchestrator: wkmp-ai\src\services\workflow_orchestrator\mod.rs:1467: All statistics Mutex locks acquired and data cloned
2026-02-05T22:39:19.383452Z DEBUG tokio-runtime-worker ThreadId(23) wkmp_ai::services::workflow_orchestrator: wkmp-ai\src\services\workflow_orchestrator\mod.rs:1577: Releasing all statistics Mutex locks for SSE conversion
2026-02-05T22:39:19.383532Z  INFO tokio-runtime-worker ThreadId(23) wkmp_ai::services::workflow_orchestrator::phase_scanning: wkmp-ai\src\services\workflow_orchestrator\phase_scanning.rs:64: Phase 1: SCANNING (file discovery + classification) session_id=fc49b2a9-297a-4710-91ea-7a5f24790519
2026-02-05T22:39:19.383733Z DEBUG tokio-runtime-worker ThreadId(23) wkmp_ai::api::sse: wkmp-ai\src\api\sse.rs:71: SSE: Broadcasting import event: ImportProgressUpdate
2026-02-05T22:39:19.383951Z DEBUG tokio-runtime-worker ThreadId(23) wkmp_ai::api::sse: wkmp-ai\src\api\sse.rs:71: SSE: Broadcasting import event: ImportProgressUpdate
2026-02-05T22:39:19.387588Z DEBUG tokio-runtime-worker ThreadId(73) wkmp_ai::services::workflow_orchestrator::phase_scanning: wkmp-ai\src\services\workflow_orchestrator\phase_scanning.rs:94: File discovery and magic byte analysis progress session_id=fc49b2a9-297a-4710-91ea-7a5f24790519 total_files=100 audio_files=80 image_files=18 other_files=2
2026-02-05T22:39:19.392465Z DEBUG tokio-runtime-worker ThreadId(73) wkmp_ai::services::workflow_orchestrator::phase_scanning: wkmp-ai\src\services\workflow_orchestrator\phase_scanning.rs:94: File discovery and magic byte analysis progress session_id=fc49b2a9-297a-4710-91ea-7a5f24790519 total_files=200 audio_files=164 image_files=29 other_files=7
2026-02-05T22:39:19.396642Z DEBUG tokio-runtime-worker ThreadId(73) wkmp_ai::services::workflow_orchestrator::phase_scanning: wkmp-ai\src\services\workflow_orchestrator\phase_scanning.rs:94: File discovery and magic byte analysis progress session_id=fc49b2a9-297a-4710-91ea-7a5f24790519 total_files=300 audio_files=249 image_files=44 other_files=7
2026-02-05T22:39:19.400526Z DEBUG tokio-runtime-worker ThreadId(73) wkmp_ai::services::workflow_orchestrator::phase_scanning: wkmp-ai\src\services\workflow_orchestrator\phase_scanning.rs:94: File discovery and magic byte analysis progress session_id=fc49b2a9-297a-4710-91ea-7a5f24790519 total_files=400 audio_files=338 image_files=55 other_files=7
2026-02-05T22:39:19.404569Z DEBUG tokio-runtime-worker ThreadId(73) wkmp_ai::services::workflow_orchestrator::phase_scanning: wkmp-ai\src\services\workflow_orchestrator\phase_scanning.rs:94: File discovery and magic byte analysis progress session_id=fc49b2a9-297a-4710-91ea-7a5f24790519 total_files=500 audio_files=416 image_files=77 other_files=7
2026-02-05T22:39:19.408346Z DEBUG tokio-runtime-worker ThreadId(73) wkmp_ai::services::workflow_orchestrator::phase_scanning: wkmp-ai\src\services\workflow_orchestrator\phase_scanning.rs:94: File discovery and magic byte analysis progress session_id=fc49b2a9-297a-4710-91ea-7a5f24790519 total_files=600 audio_files=501 image_files=92 other_files=7
2026-02-05T22:39:19.412442Z DEBUG tokio-runtime-worker ThreadId(73) wkmp_ai::services::workflow_orchestrator::phase_scanning: wkmp-ai\src\services\workflow_orchestrator\phase_scanning.rs:94: File discovery and magic byte analysis progress session_id=fc49b2a9-297a-4710-91ea-7a5f24790519 total_files=700 audio_files=580 image_files=113 other_files=7
2026-02-05T22:39:19.416196Z DEBUG tokio-runtime-worker ThreadId(73) wkmp_ai::services::workflow_orchestrator::phase_scanning: wkmp-ai\src\services\workflow_orchestrator\phase_scanning.rs:94: File discovery and magic byte analysis progress session_id=fc49b2a9-297a-4710-91ea-7a5f24790519 total_files=800 audio_files=662 image_files=131 other_files=7
2026-02-05T22:39:19.419819Z DEBUG tokio-runtime-worker ThreadId(73) wkmp_ai::services::workflow_orchestrator::phase_scanning: wkmp-ai\src\services\workflow_orchestrator\phase_scanning.rs:94: File discovery and magic byte analysis progress session_id=fc49b2a9-297a-4710-91ea-7a5f24790519 total_files=900 audio_files=748 image_files=145 other_files=7
2026-02-05T22:39:19.424569Z DEBUG tokio-runtime-worker ThreadId(73) wkmp_ai::services::workflow_orchestrator::phase_scanning: wkmp-ai\src\services\workflow_orchestrator\phase_scanning.rs:94: File discovery and magic byte analysis progress session_id=fc49b2a9-297a-4710-91ea-7a5f24790519 total_files=1000 audio_files=842 image_files=151 other_files=7
2026-02-05T22:39:19.429056Z DEBUG tokio-runtime-worker ThreadId(73) wkmp_ai::services::workflow_orchestrator::phase_scanning: wkmp-ai\src\services\workflow_orchestrator\phase_scanning.rs:94: File discovery and magic byte analysis progress session_id=fc49b2a9-297a-4710-91ea-7a5f24790519 total_files=1100 audio_files=922 image_files=171 other_files=7
2026-02-05T22:39:19.432745Z DEBUG tokio-runtime-worker ThreadId(73) wkmp_ai::services::workflow_orchestrator::phase_scanning: wkmp-ai\src\services\workflow_orchestrator\phase_scanning.rs:94: File discovery and magic byte analysis progress session_id=fc49b2a9-297a-4710-91ea-7a5f24790519 total_files=1200 audio_files=1000 image_files=191 other_files=9
2026-02-05T22:39:19.436390Z DEBUG tokio-runtime-worker ThreadId(73) wkmp_ai::services::workflow_orchestrator::phase_scanning: wkmp-ai\src\services\workflow_orchestrator\phase_scanning.rs:94: File discovery and magic byte analysis progress session_id=fc49b2a9-297a-4710-91ea-7a5f24790519 total_files=1300 audio_files=1092 image_files=199 other_files=9
2026-02-05T22:39:19.440484Z DEBUG tokio-runtime-worker ThreadId(73) wkmp_ai::services::workflow_orchestrator::phase_scanning: wkmp-ai\src\services\workflow_orchestrator\phase_scanning.rs:94: File discovery and magic byte analysis progress session_id=fc49b2a9-297a-4710-91ea-7a5f24790519 total_files=1400 audio_files=1186 image_files=205 other_files=9
2026-02-05T22:39:19.444935Z DEBUG tokio-runtime-worker ThreadId(73) wkmp_ai::services::workflow_orchestrator::phase_scanning: wkmp-ai\src\services\workflow_orchestrator\phase_scanning.rs:94: File discovery and magic byte analysis progress session_id=fc49b2a9-297a-4710-91ea-7a5f24790519 total_files=1500 audio_files=1270 image_files=221 other_files=9
2026-02-05T22:39:19.448869Z DEBUG tokio-runtime-worker ThreadId(73) wkmp_ai::services::workflow_orchestrator::phase_scanning: wkmp-ai\src\services\workflow_orchestrator\phase_scanning.rs:94: File discovery and magic byte analysis progress session_id=fc49b2a9-297a-4710-91ea-7a5f24790519 total_files=1600 audio_files=1358 image_files=233 other_files=9
2026-02-05T22:39:19.452707Z DEBUG tokio-runtime-worker ThreadId(73) wkmp_ai::services::workflow_orchestrator::phase_scanning: wkmp-ai\src\services\workflow_orchestrator\phase_scanning.rs:94: File discovery and magic byte analysis progress session_id=fc49b2a9-297a-4710-91ea-7a5f24790519 total_files=1700 audio_files=1443 image_files=248 other_files=9
2026-02-05T22:39:19.456182Z DEBUG tokio-runtime-worker ThreadId(73) wkmp_ai::services::workflow_orchestrator::phase_scanning: wkmp-ai\src\services\workflow_orchestrator\phase_scanning.rs:94: File discovery and magic byte analysis progress session_id=fc49b2a9-297a-4710-91ea-7a5f24790519 total_files=1800 audio_files=1527 image_files=264 other_files=9
2026-02-05T22:39:19.459902Z DEBUG tokio-runtime-worker ThreadId(73) wkmp_ai::services::workflow_orchestrator::phase_scanning: wkmp-ai\src\services\workflow_orchestrator\phase_scanning.rs:94: File discovery and magic byte analysis progress session_id=fc49b2a9-297a-4710-91ea-7a5f24790519 total_files=1900 audio_files=1608 image_files=281 other_files=11
2026-02-05T22:39:19.463481Z DEBUG tokio-runtime-worker ThreadId(73) wkmp_ai::services::workflow_orchestrator::phase_scanning: wkmp-ai\src\services\workflow_orchestrator\phase_scanning.rs:94: File discovery and magic byte analysis progress session_id=fc49b2a9-297a-4710-91ea-7a5f24790519 total_files=2000 audio_files=1686 image_files=302 other_files=12
2026-02-05T22:39:19.467139Z DEBUG tokio-runtime-worker ThreadId(73) wkmp_ai::services::workflow_orchestrator::phase_scanning: wkmp-ai\src\services\workflow_orchestrator\phase_scanning.rs:94: File discovery and magic byte analysis progress session_id=fc49b2a9-297a-4710-91ea-7a5f24790519 total_files=2100 audio_files=1763 image_files=323 other_files=14
2026-02-05T22:39:19.470706Z DEBUG tokio-runtime-worker ThreadId(73) wkmp_ai::services::workflow_orchestrator::phase_scanning: wkmp-ai\src\services\workflow_orchestrator\phase_scanning.rs:94: File discovery and magic byte analysis progress session_id=fc49b2a9-297a-4710-91ea-7a5f24790519 total_files=2200 audio_files=1847 image_files=338 other_files=15
2026-02-05T22:39:19.474672Z DEBUG tokio-runtime-worker ThreadId(73) wkmp_ai::services::workflow_orchestrator::phase_scanning: wkmp-ai\src\services\workflow_orchestrator\phase_scanning.rs:94: File discovery and magic byte analysis progress session_id=fc49b2a9-297a-4710-91ea-7a5f24790519 total_files=2300 audio_files=1922 image_files=360 other_files=18
2026-02-05T22:39:19.478507Z DEBUG tokio-runtime-worker ThreadId(73) wkmp_ai::services::workflow_orchestrator::phase_scanning: wkmp-ai\src\services\workflow_orchestrator\phase_scanning.rs:94: File discovery and magic byte analysis progress session_id=fc49b2a9-297a-4710-91ea-7a5f24790519 total_files=2400 audio_files=2010 image_files=372 other_files=18
2026-02-05T22:39:19.482373Z DEBUG tokio-runtime-worker ThreadId(73) wkmp_ai::services::workflow_orchestrator::phase_scanning: wkmp-ai\src\services\workflow_orchestrator\phase_scanning.rs:94: File discovery and magic byte analysis progress session_id=fc49b2a9-297a-4710-91ea-7a5f24790519 total_files=2500 audio_files=2090 image_files=392 other_files=18
2026-02-05T22:39:19.487164Z DEBUG tokio-runtime-worker ThreadId(73) wkmp_ai::services::workflow_orchestrator::phase_scanning: wkmp-ai\src\services\workflow_orchestrator\phase_scanning.rs:94: File discovery and magic byte analysis progress session_id=fc49b2a9-297a-4710-91ea-7a5f24790519 total_files=2600 audio_files=2176 image_files=406 other_files=18
2026-02-05T22:39:19.490989Z DEBUG tokio-runtime-worker ThreadId(73) wkmp_ai::services::workflow_orchestrator::phase_scanning: wkmp-ai\src\services\workflow_orchestrator\phase_scanning.rs:94: File discovery and magic byte analysis progress session_id=fc49b2a9-297a-4710-91ea-7a5f24790519 total_files=2700 audio_files=2256 image_files=426 other_files=18
2026-02-05T22:39:19.494571Z DEBUG tokio-runtime-worker ThreadId(73) wkmp_ai::services::workflow_orchestrator::phase_scanning: wkmp-ai\src\services\workflow_orchestrator\phase_scanning.rs:94: File discovery and magic byte analysis progress session_id=fc49b2a9-297a-4710-91ea-7a5f24790519 total_files=2800 audio_files=2336 image_files=446 other_files=18
2026-02-05T22:39:19.498418Z DEBUG tokio-runtime-worker ThreadId(73) wkmp_ai::services::workflow_orchestrator::phase_scanning: wkmp-ai\src\services\workflow_orchestrator\phase_scanning.rs:94: File discovery and magic byte analysis progress session_id=fc49b2a9-297a-4710-91ea-7a5f24790519 total_files=2900 audio_files=2417 image_files=465 other_files=18
2026-02-05T22:39:19.502345Z DEBUG tokio-runtime-worker ThreadId(73) wkmp_ai::services::workflow_orchestrator::phase_scanning: wkmp-ai\src\services\workflow_orchestrator\phase_scanning.rs:94: File discovery and magic byte analysis progress session_id=fc49b2a9-297a-4710-91ea-7a5f24790519 total_files=3000 audio_files=2501 image_files=480 other_files=19
2026-02-05T22:39:19.507229Z DEBUG tokio-runtime-worker ThreadId(73) wkmp_ai::services::workflow_orchestrator::phase_scanning: wkmp-ai\src\services\workflow_orchestrator\phase_scanning.rs:94: File discovery and magic byte analysis progress session_id=fc49b2a9-297a-4710-91ea-7a5f24790519 total_files=3100 audio_files=2589 image_files=492 other_files=19
2026-02-05T22:39:19.510931Z DEBUG tokio-runtime-worker ThreadId(73) wkmp_ai::services::workflow_orchestrator::phase_scanning: wkmp-ai\src\services\workflow_orchestrator\phase_scanning.rs:94: File discovery and magic byte analysis progress session_id=fc49b2a9-297a-4710-91ea-7a5f24790519 total_files=3200 audio_files=2669 image_files=512 other_files=19
2026-02-05T22:39:19.514828Z DEBUG tokio-runtime-worker ThreadId(73) wkmp_ai::services::workflow_orchestrator::phase_scanning: wkmp-ai\src\services\workflow_orchestrator\phase_scanning.rs:94: File discovery and magic byte analysis progress session_id=fc49b2a9-297a-4710-91ea-7a5f24790519 total_files=3300 audio_files=2744 image_files=534 other_files=22
2026-02-05T22:39:19.519157Z DEBUG tokio-runtime-worker ThreadId(73) wkmp_ai::services::workflow_orchestrator::phase_scanning: wkmp-ai\src\services\workflow_orchestrator\phase_scanning.rs:94: File discovery and magic byte analysis progress session_id=fc49b2a9-297a-4710-91ea-7a5f24790519 total_files=3400 audio_files=2829 image_files=549 other_files=22
2026-02-05T22:39:19.523069Z DEBUG tokio-runtime-worker ThreadId(73) wkmp_ai::services::workflow_orchestrator::phase_scanning: wkmp-ai\src\services\workflow_orchestrator\phase_scanning.rs:94: File discovery and magic byte analysis progress session_id=fc49b2a9-297a-4710-91ea-7a5f24790519 total_files=3500 audio_files=2910 image_files=568 other_files=22
2026-02-05T22:39:19.526975Z DEBUG tokio-runtime-worker ThreadId(73) wkmp_ai::services::workflow_orchestrator::phase_scanning: wkmp-ai\src\services\workflow_orchestrator\phase_scanning.rs:94: File discovery and magic byte analysis progress session_id=fc49b2a9-297a-4710-91ea-7a5f24790519 total_files=3600 audio_files=3000 image_files=577 other_files=23
2026-02-05T22:39:19.530553Z DEBUG tokio-runtime-worker ThreadId(73) wkmp_ai::services::workflow_orchestrator::phase_scanning: wkmp-ai\src\services\workflow_orchestrator\phase_scanning.rs:94: File discovery and magic byte analysis progress session_id=fc49b2a9-297a-4710-91ea-7a5f24790519 total_files=3700 audio_files=3078 image_files=598 other_files=24
2026-02-05T22:39:19.534030Z DEBUG tokio-runtime-worker ThreadId(73) wkmp_ai::services::workflow_orchestrator::phase_scanning: wkmp-ai\src\services\workflow_orchestrator\phase_scanning.rs:94: File discovery and magic byte analysis progress session_id=fc49b2a9-297a-4710-91ea-7a5f24790519 total_files=3800 audio_files=3165 image_files=611 other_files=24
2026-02-05T22:39:19.537741Z DEBUG tokio-runtime-worker ThreadId(73) wkmp_ai::services::workflow_orchestrator::phase_scanning: wkmp-ai\src\services\workflow_orchestrator\phase_scanning.rs:94: File discovery and magic byte analysis progress session_id=fc49b2a9-297a-4710-91ea-7a5f24790519 total_files=3900 audio_files=3253 image_files=623 other_files=24
2026-02-05T22:39:19.541274Z DEBUG tokio-runtime-worker ThreadId(73) wkmp_ai::services::workflow_orchestrator::phase_scanning: wkmp-ai\src\services\workflow_orchestrator\phase_scanning.rs:94: File discovery and magic byte analysis progress session_id=fc49b2a9-297a-4710-91ea-7a5f24790519 total_files=4000 audio_files=3336 image_files=640 other_files=24
2026-02-05T22:39:19.545417Z DEBUG tokio-runtime-worker ThreadId(73) wkmp_ai::services::workflow_orchestrator::phase_scanning: wkmp-ai\src\services\workflow_orchestrator\phase_scanning.rs:94: File discovery and magic byte analysis progress session_id=fc49b2a9-297a-4710-91ea-7a5f24790519 total_files=4100 audio_files=3417 image_files=658 other_files=25
2026-02-05T22:39:19.548379Z  WARN tokio-runtime-worker ThreadId(73) wkmp_ai::services::file_scanner: wkmp-ai\src\services\file_scanner.rs:578: Error getting metadata for C:\Users\Mango Cat\Music\nul: Incorrect function. (os error 1)
2026-02-05T22:39:19.549718Z DEBUG tokio-runtime-worker ThreadId(73) wkmp_ai::services::workflow_orchestrator::phase_scanning: wkmp-ai\src\services\workflow_orchestrator\phase_scanning.rs:94: File discovery and magic byte analysis progress session_id=fc49b2a9-297a-4710-91ea-7a5f24790519 total_files=4200 audio_files=3500 image_files=674 other_files=26
2026-02-05T22:39:19.553744Z DEBUG tokio-runtime-worker ThreadId(73) wkmp_ai::services::workflow_orchestrator::phase_scanning: wkmp-ai\src\services\workflow_orchestrator\phase_scanning.rs:94: File discovery and magic byte analysis progress session_id=fc49b2a9-297a-4710-91ea-7a5f24790519 total_files=4300 audio_files=3573 image_files=699 other_files=28
2026-02-05T22:39:19.558423Z DEBUG tokio-runtime-worker ThreadId(73) wkmp_ai::services::workflow_orchestrator::phase_scanning: wkmp-ai\src\services\workflow_orchestrator\phase_scanning.rs:94: File discovery and magic byte analysis progress session_id=fc49b2a9-297a-4710-91ea-7a5f24790519 total_files=4400 audio_files=3656 image_files=716 other_files=28
2026-02-05T22:39:19.562638Z DEBUG tokio-runtime-worker ThreadId(73) wkmp_ai::services::workflow_orchestrator::phase_scanning: wkmp-ai\src\services\workflow_orchestrator\phase_scanning.rs:94: File discovery and magic byte analysis progress session_id=fc49b2a9-297a-4710-91ea-7a5f24790519 total_files=4500 audio_files=3727 image_files=743 other_files=30
2026-02-05T22:39:19.567350Z DEBUG tokio-runtime-worker ThreadId(73) wkmp_ai::services::workflow_orchestrator::phase_scanning: wkmp-ai\src\services\workflow_orchestrator\phase_scanning.rs:94: File discovery and magic byte analysis progress session_id=fc49b2a9-297a-4710-91ea-7a5f24790519 total_files=4600 audio_files=3799 image_files=771 other_files=30
2026-02-05T22:39:19.570931Z DEBUG tokio-runtime-worker ThreadId(73) wkmp_ai::services::workflow_orchestrator::phase_scanning: wkmp-ai\src\services\workflow_orchestrator\phase_scanning.rs:94: File discovery and magic byte analysis progress session_id=fc49b2a9-297a-4710-91ea-7a5f24790519 total_files=4700 audio_files=3879 image_files=791 other_files=30
2026-02-05T22:39:19.574581Z DEBUG tokio-runtime-worker ThreadId(73) wkmp_ai::services::workflow_orchestrator::phase_scanning: wkmp-ai\src\services\workflow_orchestrator\phase_scanning.rs:94: File discovery and magic byte analysis progress session_id=fc49b2a9-297a-4710-91ea-7a5f24790519 total_files=4800 audio_files=3960 image_files=809 other_files=31
2026-02-05T22:39:19.578332Z DEBUG tokio-runtime-worker ThreadId(73) wkmp_ai::services::workflow_orchestrator::phase_scanning: wkmp-ai\src\services\workflow_orchestrator\phase_scanning.rs:94: File discovery and magic byte analysis progress session_id=fc49b2a9-297a-4710-91ea-7a5f24790519 total_files=4900 audio_files=4041 image_files=828 other_files=31
2026-02-05T22:39:19.582283Z DEBUG tokio-runtime-worker ThreadId(73) wkmp_ai::services::workflow_orchestrator::phase_scanning: wkmp-ai\src\services\workflow_orchestrator\phase_scanning.rs:94: File discovery and magic byte analysis progress session_id=fc49b2a9-297a-4710-91ea-7a5f24790519 total_files=5000 audio_files=4123 image_files=845 other_files=32
2026-02-05T22:39:19.585921Z DEBUG tokio-runtime-worker ThreadId(73) wkmp_ai::services::workflow_orchestrator::phase_scanning: wkmp-ai\src\services\workflow_orchestrator\phase_scanning.rs:94: File discovery and magic byte analysis progress session_id=fc49b2a9-297a-4710-91ea-7a5f24790519 total_files=5100 audio_files=4206 image_files=861 other_files=33
2026-02-05T22:39:19.589287Z DEBUG tokio-runtime-worker ThreadId(73) wkmp_ai::services::workflow_orchestrator::phase_scanning: wkmp-ai\src\services\workflow_orchestrator\phase_scanning.rs:94: File discovery and magic byte analysis progress session_id=fc49b2a9-297a-4710-91ea-7a5f24790519 total_files=5200 audio_files=4292 image_files=875 other_files=33
2026-02-05T22:39:19.593352Z DEBUG tokio-runtime-worker ThreadId(73) wkmp_ai::services::workflow_orchestrator::phase_scanning: wkmp-ai\src\services\workflow_orchestrator\phase_scanning.rs:94: File discovery and magic byte analysis progress session_id=fc49b2a9-297a-4710-91ea-7a5f24790519 total_files=5300 audio_files=4376 image_files=891 other_files=33
2026-02-05T22:39:19.597494Z DEBUG tokio-runtime-worker ThreadId(73) wkmp_ai::services::workflow_orchestrator::phase_scanning: wkmp-ai\src\services\workflow_orchestrator\phase_scanning.rs:94: File discovery and magic byte analysis progress session_id=fc49b2a9-297a-4710-91ea-7a5f24790519 total_files=5400 audio_files=4462 image_files=901 other_files=37
2026-02-05T22:39:19.600999Z DEBUG tokio-runtime-worker ThreadId(73) wkmp_ai::services::workflow_orchestrator::phase_scanning: wkmp-ai\src\services\workflow_orchestrator\phase_scanning.rs:94: File discovery and magic byte analysis progress session_id=fc49b2a9-297a-4710-91ea-7a5f24790519 total_files=5500 audio_files=4537 image_files=912 other_files=51
2026-02-05T22:39:19.604511Z DEBUG tokio-runtime-worker ThreadId(73) wkmp_ai::services::workflow_orchestrator::phase_scanning: wkmp-ai\src\services\workflow_orchestrator\phase_scanning.rs:94: File discovery and magic byte analysis progress session_id=fc49b2a9-297a-4710-91ea-7a5f24790519 total_files=5600 audio_files=4617 image_files=930 other_files=53
2026-02-05T22:39:19.609168Z DEBUG tokio-runtime-worker ThreadId(73) wkmp_ai::services::workflow_orchestrator::phase_scanning: wkmp-ai\src\services\workflow_orchestrator\phase_scanning.rs:94: File discovery and magic byte analysis progress session_id=fc49b2a9-297a-4710-91ea-7a5f24790519 total_files=5700 audio_files=4703 image_files=944 other_files=53
2026-02-05T22:39:19.613276Z DEBUG tokio-runtime-worker ThreadId(73) wkmp_ai::services::workflow_orchestrator::phase_scanning: wkmp-ai\src\services\workflow_orchestrator\phase_scanning.rs:94: File discovery and magic byte analysis progress session_id=fc49b2a9-297a-4710-91ea-7a5f24790519 total_files=5800 audio_files=4780 image_files=966 other_files=54
2026-02-05T22:39:19.617070Z DEBUG tokio-runtime-worker ThreadId(73) wkmp_ai::services::workflow_orchestrator::phase_scanning: wkmp-ai\src\services\workflow_orchestrator\phase_scanning.rs:94: File discovery and magic byte analysis progress session_id=fc49b2a9-297a-4710-91ea-7a5f24790519 total_files=5900 audio_files=4867 image_files=979 other_files=54
2026-02-05T22:39:19.620453Z DEBUG tokio-runtime-worker ThreadId(73) wkmp_ai::services::workflow_orchestrator::phase_scanning: wkmp-ai\src\services\workflow_orchestrator\phase_scanning.rs:94: File discovery and magic byte analysis progress session_id=fc49b2a9-297a-4710-91ea-7a5f24790519 total_files=6000 audio_files=4958 image_files=988 other_files=54
2026-02-05T22:39:19.624152Z DEBUG tokio-runtime-worker ThreadId(73) wkmp_ai::services::workflow_orchestrator::phase_scanning: wkmp-ai\src\services\workflow_orchestrator\phase_scanning.rs:94: File discovery and magic byte analysis progress session_id=fc49b2a9-297a-4710-91ea-7a5f24790519 total_files=6100 audio_files=5041 image_files=1005 other_files=54
2026-02-05T22:39:19.627911Z DEBUG tokio-runtime-worker ThreadId(73) wkmp_ai::services::workflow_orchestrator::phase_scanning: wkmp-ai\src\services\workflow_orchestrator\phase_scanning.rs:94: File discovery and magic byte analysis progress session_id=fc49b2a9-297a-4710-91ea-7a5f24790519 total_files=6200 audio_files=5121 image_files=1025 other_files=54
2026-02-05T22:39:19.631585Z DEBUG tokio-runtime-worker ThreadId(73) wkmp_ai::services::workflow_orchestrator::phase_scanning: wkmp-ai\src\services\workflow_orchestrator\phase_scanning.rs:94: File discovery and magic byte analysis progress session_id=fc49b2a9-297a-4710-91ea-7a5f24790519 total_files=6300 audio_files=5207 image_files=1036 other_files=57
2026-02-05T22:39:19.635250Z DEBUG tokio-runtime-worker ThreadId(73) wkmp_ai::services::workflow_orchestrator::phase_scanning: wkmp-ai\src\services\workflow_orchestrator\phase_scanning.rs:94: File discovery and magic byte analysis progress session_id=fc49b2a9-297a-4710-91ea-7a5f24790519 total_files=6400 audio_files=5294 image_files=1048 other_files=58
2026-02-05T22:39:19.638630Z DEBUG tokio-runtime-worker ThreadId(73) wkmp_ai::services::workflow_orchestrator::phase_scanning: wkmp-ai\src\services\workflow_orchestrator\phase_scanning.rs:94: File discovery and magic byte analysis progress session_id=fc49b2a9-297a-4710-91ea-7a5f24790519 total_files=6500 audio_files=5388 image_files=1054 other_files=58
2026-02-05T22:39:19.642490Z DEBUG tokio-runtime-worker ThreadId(73) wkmp_ai::services::workflow_orchestrator::phase_scanning: wkmp-ai\src\services\workflow_orchestrator\phase_scanning.rs:94: File discovery and magic byte analysis progress session_id=fc49b2a9-297a-4710-91ea-7a5f24790519 total_files=6600 audio_files=5469 image_files=1073 other_files=58
2026-02-05T22:39:19.646759Z DEBUG tokio-runtime-worker ThreadId(73) wkmp_ai::services::workflow_orchestrator::phase_scanning: wkmp-ai\src\services\workflow_orchestrator\phase_scanning.rs:94: File discovery and magic byte analysis progress session_id=fc49b2a9-297a-4710-91ea-7a5f24790519 total_files=6700 audio_files=5547 image_files=1092 other_files=61
2026-02-05T22:39:19.650403Z DEBUG tokio-runtime-worker ThreadId(73) wkmp_ai::services::workflow_orchestrator::phase_scanning: wkmp-ai\src\services\workflow_orchestrator\phase_scanning.rs:94: File discovery and magic byte analysis progress session_id=fc49b2a9-297a-4710-91ea-7a5f24790519 total_files=6800 audio_files=5634 image_files=1105 other_files=61
2026-02-05T22:39:19.653925Z DEBUG tokio-runtime-worker ThreadId(73) wkmp_ai::services::workflow_orchestrator::phase_scanning: wkmp-ai\src\services\workflow_orchestrator\phase_scanning.rs:94: File discovery and magic byte analysis progress session_id=fc49b2a9-297a-4710-91ea-7a5f24790519 total_files=6900 audio_files=5712 image_files=1127 other_files=61
2026-02-05T22:39:19.655402Z DEBUG tokio-runtime-worker ThreadId(73) wkmp_ai::services::workflow_orchestrator::phase_scanning: wkmp-ai\src\services\workflow_orchestrator\phase_scanning.rs:94: File discovery and magic byte analysis progress session_id=fc49b2a9-297a-4710-91ea-7a5f24790519 total_files=6931 audio_files=5737 image_files=1133 other_files=61
2026-02-05T22:39:19.661029Z  INFO tokio-runtime-worker ThreadId(73) wkmp_ai::services::file_scanner: wkmp-ai\src\services\file_scanner.rs:612: File classification complete: 5737 audio, 1133 image, 61 other (total 6931) | Audio: 5736 confirmed, 1 denied | Images: 1132 confirmed, 1 denied
2026-02-05T22:39:19.661216Z  INFO tokio-runtime-worker ThreadId(23) wkmp_ai::services::workflow_orchestrator::phase_scanning: wkmp-ai\src\services\workflow_orchestrator\phase_scanning.rs:108: File classification completed with magic byte verification session_id=fc49b2a9-297a-4710-91ea-7a5f24790519 audio_files=5737 image_files=1133 other_files=61 total_files=6931 audio_confirmed=5736 audio_denied=1 image_confirmed=1132 image_denied=1
2026-02-05T22:39:19.663518Z  INFO tokio-runtime-worker ThreadId(23) wkmp_ai::services::workflow_orchestrator::phase_scanning: wkmp-ai\src\services\workflow_orchestrator\phase_scanning.rs:136: Filtered to confirmed audio files only (magic byte verified) session_id=fc49b2a9-297a-4710-91ea-7a5f24790519 confirmed_audio_files=5736 denied_audio_files=1
2026-02-05T22:39:19.698979Z  INFO tokio-runtime-worker ThreadId(23) wkmp_ai::services::workflow_orchestrator::phase_scanning: wkmp-ai\src\services\workflow_orchestrator\phase_scanning.rs:155: Phase 1.5: BULK_INSERTING - Creating database records for confirmed files session_id=fc49b2a9-297a-4710-91ea-7a5f24790519 files_to_insert=5736
2026-02-05T22:39:19.699256Z DEBUG tokio-runtime-worker ThreadId(23) wkmp_ai::services::workflow_orchestrator: wkmp-ai\src\services\workflow_orchestrator\mod.rs:1438: Acquiring all statistics Mutex locks for SSE conversion
2026-02-05T22:39:19.699429Z DEBUG tokio-runtime-worker ThreadId(23) wkmp_ai::services::workflow_orchestrator: wkmp-ai\src\services\workflow_orchestrator\mod.rs:1467: All statistics Mutex locks acquired and data cloned
2026-02-05T22:39:19.699610Z DEBUG tokio-runtime-worker ThreadId(23) wkmp_ai::services::workflow_orchestrator: wkmp-ai\src\services\workflow_orchestrator\mod.rs:1577: Releasing all statistics Mutex locks for SSE conversion
2026-02-05T22:39:19.780489Z DEBUG tokio-runtime-worker ThreadId(23) wkmp_ai::api::sse: wkmp-ai\src\api\sse.rs:71: SSE: Broadcasting import event: ImportProgressUpdate
2026-02-05T22:39:19.781188Z DEBUG tokio-runtime-worker ThreadId(23) wkmp_ai::api::sse: wkmp-ai\src\api\sse.rs:71: SSE: Broadcasting import event: ImportProgressUpdate
2026-02-05T22:39:19.781457Z DEBUG tokio-runtime-worker ThreadId(23) wkmp_ai::utils::pool_monitor: wkmp-ai\src\utils\pool_monitor.rs:138: Connection acquisition requested caller="files::batch_save"
2026-02-05T22:39:19.781722Z DEBUG tokio-runtime-worker ThreadId(23) wkmp_ai::utils::pool_monitor: wkmp-ai\src\utils\pool_monitor.rs:162: Connection acquired caller="files::batch_save" wait_ms=0
2026-02-05T22:39:19.781888Z DEBUG tokio-runtime-worker ThreadId(23) wkmp_ai::db::files: wkmp-ai\src\db\files.rs:144: Batch inserting file chunk chunk_size=100
2026-02-05T22:39:19.783385Z DEBUG tokio-runtime-worker ThreadId(23) wkmp_ai::db::files: wkmp-ai\src\db\files.rs:194: Chunk batch insert complete rows_affected=100 chunk_size=100
2026-02-05T22:39:19.783513Z DEBUG tokio-runtime-worker ThreadId(23) wkmp_ai::db::files: wkmp-ai\src\db\files.rs:144: Batch inserting file chunk chunk_size=100
2026-02-05T22:39:19.784574Z DEBUG tokio-runtime-worker ThreadId(23) wkmp_ai::db::files: wkmp-ai\src\db\files.rs:194: Chunk batch insert complete rows_affected=100 chunk_size=100
2026-02-05T22:39:19.784693Z DEBUG tokio-runtime-worker ThreadId(23) wkmp_ai::db::files: wkmp-ai\src\db\files.rs:144: Batch inserting file chunk chunk_size=100
2026-02-05T22:39:19.785834Z DEBUG tokio-runtime-worker ThreadId(23) wkmp_ai::db::files: wkmp-ai\src\db\files.rs:194: Chunk batch insert complete rows_affected=100 chunk_size=100
2026-02-05T22:39:19.785942Z DEBUG tokio-runtime-worker ThreadId(23) wkmp_ai::db::files: wkmp-ai\src\db\files.rs:144: Batch inserting file chunk chunk_size=100
2026-02-05T22:39:19.786799Z DEBUG tokio-runtime-worker ThreadId(23) wkmp_ai::db::files: wkmp-ai\src\db\files.rs:194: Chunk batch insert complete rows_affected=100 chunk_size=100
2026-02-05T22:39:19.786936Z DEBUG tokio-runtime-worker ThreadId(23) wkmp_ai::db::files: wkmp-ai\src\db\files.rs:144: Batch inserting file chunk chunk_size=100
2026-02-05T22:39:19.787822Z DEBUG tokio-runtime-worker ThreadId(23) wkmp_ai::db::files: wkmp-ai\src\db\files.rs:194: Chunk batch insert complete rows_affected=100 chunk_size=100
2026-02-05T22:39:19.787941Z DEBUG tokio-runtime-worker ThreadId(23) wkmp_ai::db::files: wkmp-ai\src\db\files.rs:144: Batch inserting file chunk chunk_size=100
2026-02-05T22:39:19.788806Z DEBUG tokio-runtime-worker ThreadId(23) wkmp_ai::db::files: wkmp-ai\src\db\files.rs:194: Chunk batch insert complete rows_affected=100 chunk_size=100
2026-02-05T22:39:19.788900Z DEBUG tokio-runtime-worker ThreadId(23) wkmp_ai::db::files: wkmp-ai\src\db\files.rs:144: Batch inserting file chunk chunk_size=100
2026-02-05T22:39:19.789660Z DEBUG tokio-runtime-worker ThreadId(23) wkmp_ai::db::files: wkmp-ai\src\db\files.rs:194: Chunk batch insert complete rows_affected=100 chunk_size=100
2026-02-05T22:39:19.789763Z DEBUG tokio-runtime-worker ThreadId(23) wkmp_ai::db::files: wkmp-ai\src\db\files.rs:144: Batch inserting file chunk chunk_size=100
2026-02-05T22:39:19.790662Z DEBUG tokio-runtime-worker ThreadId(23) wkmp_ai::db::files: wkmp-ai\src\db\files.rs:194: Chunk batch insert complete rows_affected=100 chunk_size=100
2026-02-05T22:39:19.790742Z DEBUG tokio-runtime-worker ThreadId(23) wkmp_ai::db::files: wkmp-ai\src\db\files.rs:144: Batch inserting file chunk chunk_size=100
2026-02-05T22:39:19.791677Z DEBUG tokio-runtime-worker ThreadId(23) wkmp_ai::db::files: wkmp-ai\src\db\files.rs:194: Chunk batch insert complete rows_affected=100 chunk_size=100
2026-02-05T22:39:19.791782Z DEBUG tokio-runtime-worker ThreadId(23) wkmp_ai::db::files: wkmp-ai\src\db\files.rs:144: Batch inserting file chunk chunk_size=100
2026-02-05T22:39:19.792588Z DEBUG tokio-runtime-worker ThreadId(23) wkmp_ai::db::files: wkmp-ai\src\db\files.rs:194: Chunk batch insert complete rows_affected=100 chunk_size=100
2026-02-05T22:39:19.792686Z DEBUG tokio-runtime-worker ThreadId(23) wkmp_ai::db::files: wkmp-ai\src\db\files.rs:144: Batch inserting file chunk chunk_size=100
2026-02-05T22:39:19.793504Z DEBUG tokio-runtime-worker ThreadId(23) wkmp_ai::db::files: wkmp-ai\src\db\files.rs:194: Chunk batch insert complete rows_affected=100 chunk_size=100
2026-02-05T22:39:19.793588Z DEBUG tokio-runtime-worker ThreadId(23) wkmp_ai::db::files: wkmp-ai\src\db\files.rs:144: Batch inserting file chunk chunk_size=100
2026-02-05T22:39:19.794410Z DEBUG tokio-runtime-worker ThreadId(23) wkmp_ai::db::files: wkmp-ai\src\db\files.rs:194: Chunk batch insert complete rows_affected=100 chunk_size=100
2026-02-05T22:39:19.794499Z DEBUG tokio-runtime-worker ThreadId(23) wkmp_ai::db::files: wkmp-ai\src\db\files.rs:144: Batch inserting file chunk chunk_size=100
2026-02-05T22:39:19.795399Z DEBUG tokio-runtime-worker ThreadId(23) wkmp_ai::db::files: wkmp-ai\src\db\files.rs:194: Chunk batch insert complete rows_affected=100 chunk_size=100
2026-02-05T22:39:19.795488Z DEBUG tokio-runtime-worker ThreadId(23) wkmp_ai::db::files: wkmp-ai\src\db\files.rs:144: Batch inserting file chunk chunk_size=100
2026-02-05T22:39:19.796419Z DEBUG tokio-runtime-worker ThreadId(23) wkmp_ai::db::files: wkmp-ai\src\db\files.rs:194: Chunk batch insert complete rows_affected=100 chunk_size=100
2026-02-05T22:39:19.796519Z DEBUG tokio-runtime-worker ThreadId(23) wkmp_ai::db::files: wkmp-ai\src\db\files.rs:144: Batch inserting file chunk chunk_size=100
2026-02-05T22:39:19.797408Z DEBUG tokio-runtime-worker ThreadId(23) wkmp_ai::db::files: wkmp-ai\src\db\files.rs:194: Chunk batch insert complete rows_affected=100 chunk_size=100
2026-02-05T22:39:19.797546Z DEBUG tokio-runtime-worker ThreadId(23) wkmp_ai::db::files: wkmp-ai\src\db\files.rs:144: Batch inserting file chunk chunk_size=100
2026-02-05T22:39:19.798458Z DEBUG tokio-runtime-worker ThreadId(23) wkmp_ai::db::files: wkmp-ai\src\db\files.rs:194: Chunk batch insert complete rows_affected=100 chunk_size=100
2026-02-05T22:39:19.798579Z DEBUG tokio-runtime-worker ThreadId(23) wkmp_ai::db::files: wkmp-ai\src\db\files.rs:144: Batch inserting file chunk chunk_size=100
2026-02-05T22:39:19.799402Z DEBUG tokio-runtime-worker ThreadId(23) wkmp_ai::db::files: wkmp-ai\src\db\files.rs:194: Chunk batch insert complete rows_affected=100 chunk_size=100
2026-02-05T22:39:19.799493Z DEBUG tokio-runtime-worker ThreadId(23) wkmp_ai::db::files: wkmp-ai\src\db\files.rs:144: Batch inserting file chunk chunk_size=100
2026-02-05T22:39:19.800264Z DEBUG tokio-runtime-worker ThreadId(23) wkmp_ai::db::files: wkmp-ai\src\db\files.rs:194: Chunk batch insert complete rows_affected=100 chunk_size=100
2026-02-05T22:39:19.800337Z DEBUG tokio-runtime-worker ThreadId(23) wkmp_ai::db::files: wkmp-ai\src\db\files.rs:144: Batch inserting file chunk chunk_size=100
2026-02-05T22:39:19.801262Z DEBUG tokio-runtime-worker ThreadId(23) wkmp_ai::db::files: wkmp-ai\src\db\files.rs:194: Chunk batch insert complete rows_affected=100 chunk_size=100
2026-02-05T22:39:19.801345Z DEBUG tokio-runtime-worker ThreadId(23) wkmp_ai::db::files: wkmp-ai\src\db\files.rs:144: Batch inserting file chunk chunk_size=100
2026-02-05T22:39:19.802251Z DEBUG tokio-runtime-worker ThreadId(23) wkmp_ai::db::files: wkmp-ai\src\db\files.rs:194: Chunk batch insert complete rows_affected=100 chunk_size=100
2026-02-05T22:39:19.802342Z DEBUG tokio-runtime-worker ThreadId(23) wkmp_ai::db::files: wkmp-ai\src\db\files.rs:144: Batch inserting file chunk chunk_size=100
2026-02-05T22:39:19.803169Z DEBUG tokio-runtime-worker ThreadId(23) wkmp_ai::db::files: wkmp-ai\src\db\files.rs:194: Chunk batch insert complete rows_affected=100 chunk_size=100
2026-02-05T22:39:19.803267Z DEBUG tokio-runtime-worker ThreadId(23) wkmp_ai::db::files: wkmp-ai\src\db\files.rs:144: Batch inserting file chunk chunk_size=100
2026-02-05T22:39:19.804074Z DEBUG tokio-runtime-worker ThreadId(23) wkmp_ai::db::files: wkmp-ai\src\db\files.rs:194: Chunk batch insert complete rows_affected=100 chunk_size=100
2026-02-05T22:39:19.804204Z DEBUG tokio-runtime-worker ThreadId(23) wkmp_ai::db::files: wkmp-ai\src\db\files.rs:144: Batch inserting file chunk chunk_size=100
2026-02-05T22:39:19.805012Z DEBUG tokio-runtime-worker ThreadId(23) wkmp_ai::db::files: wkmp-ai\src\db\files.rs:194: Chunk batch insert complete rows_affected=100 chunk_size=100
2026-02-05T22:39:19.805118Z DEBUG tokio-runtime-worker ThreadId(23) wkmp_ai::db::files: wkmp-ai\src\db\files.rs:144: Batch inserting file chunk chunk_size=100
2026-02-05T22:39:19.805928Z DEBUG tokio-runtime-worker ThreadId(23) wkmp_ai::db::files: wkmp-ai\src\db\files.rs:194: Chunk batch insert complete rows_affected=100 chunk_size=100
2026-02-05T22:39:19.806008Z DEBUG tokio-runtime-worker ThreadId(23) wkmp_ai::db::files: wkmp-ai\src\db\files.rs:144: Batch inserting file chunk chunk_size=100
2026-02-05T22:39:19.807179Z DEBUG tokio-runtime-worker ThreadId(23) wkmp_ai::db::files: wkmp-ai\src\db\files.rs:194: Chunk batch insert complete rows_affected=100 chunk_size=100
2026-02-05T22:39:19.807327Z DEBUG tokio-runtime-worker ThreadId(23) wkmp_ai::db::files: wkmp-ai\src\db\files.rs:144: Batch inserting file chunk chunk_size=100
2026-02-05T22:39:19.808208Z DEBUG tokio-runtime-worker ThreadId(23) wkmp_ai::db::files: wkmp-ai\src\db\files.rs:194: Chunk batch insert complete rows_affected=100 chunk_size=100
2026-02-05T22:39:19.808308Z DEBUG tokio-runtime-worker ThreadId(23) wkmp_ai::db::files: wkmp-ai\src\db\files.rs:144: Batch inserting file chunk chunk_size=100
2026-02-05T22:39:19.809169Z DEBUG tokio-runtime-worker ThreadId(23) wkmp_ai::db::files: wkmp-ai\src\db\files.rs:194: Chunk batch insert complete rows_affected=100 chunk_size=100
2026-02-05T22:39:19.809265Z DEBUG tokio-runtime-worker ThreadId(23) wkmp_ai::db::files: wkmp-ai\src\db\files.rs:144: Batch inserting file chunk chunk_size=100
2026-02-05T22:39:19.810183Z DEBUG tokio-runtime-worker ThreadId(23) wkmp_ai::db::files: wkmp-ai\src\db\files.rs:194: Chunk batch insert complete rows_affected=100 chunk_size=100
2026-02-05T22:39:19.810266Z DEBUG tokio-runtime-worker ThreadId(23) wkmp_ai::db::files: wkmp-ai\src\db\files.rs:144: Batch inserting file chunk chunk_size=100
2026-02-05T22:39:19.811074Z DEBUG tokio-runtime-worker ThreadId(23) wkmp_ai::db::files: wkmp-ai\src\db\files.rs:194: Chunk batch insert complete rows_affected=100 chunk_size=100
2026-02-05T22:39:19.811152Z DEBUG tokio-runtime-worker ThreadId(23) wkmp_ai::db::files: wkmp-ai\src\db\files.rs:144: Batch inserting file chunk chunk_size=100
2026-02-05T22:39:19.811949Z DEBUG tokio-runtime-worker ThreadId(23) wkmp_ai::db::files: wkmp-ai\src\db\files.rs:194: Chunk batch insert complete rows_affected=100 chunk_size=100
2026-02-05T22:39:19.812027Z DEBUG tokio-runtime-worker ThreadId(23) wkmp_ai::db::files: wkmp-ai\src\db\files.rs:144: Batch inserting file chunk chunk_size=100
2026-02-05T22:39:19.812801Z DEBUG tokio-runtime-worker ThreadId(23) wkmp_ai::db::files: wkmp-ai\src\db\files.rs:194: Chunk batch insert complete rows_affected=100 chunk_size=100
2026-02-05T22:39:19.812875Z DEBUG tokio-runtime-worker ThreadId(23) wkmp_ai::db::files: wkmp-ai\src\db\files.rs:144: Batch inserting file chunk chunk_size=100
2026-02-05T22:39:19.813671Z DEBUG tokio-runtime-worker ThreadId(23) wkmp_ai::db::files: wkmp-ai\src\db\files.rs:194: Chunk batch insert complete rows_affected=100 chunk_size=100
2026-02-05T22:39:19.813752Z DEBUG tokio-runtime-worker ThreadId(23) wkmp_ai::db::files: wkmp-ai\src\db\files.rs:144: Batch inserting file chunk chunk_size=100
2026-02-05T22:39:19.814555Z DEBUG tokio-runtime-worker ThreadId(23) wkmp_ai::db::files: wkmp-ai\src\db\files.rs:194: Chunk batch insert complete rows_affected=100 chunk_size=100
2026-02-05T22:39:19.814640Z DEBUG tokio-runtime-worker ThreadId(23) wkmp_ai::db::files: wkmp-ai\src\db\files.rs:144: Batch inserting file chunk chunk_size=100
2026-02-05T22:39:19.815475Z DEBUG tokio-runtime-worker ThreadId(23) wkmp_ai::db::files: wkmp-ai\src\db\files.rs:194: Chunk batch insert complete rows_affected=100 chunk_size=100
2026-02-05T22:39:19.815552Z DEBUG tokio-runtime-worker ThreadId(23) wkmp_ai::db::files: wkmp-ai\src\db\files.rs:144: Batch inserting file chunk chunk_size=100
2026-02-05T22:39:19.816541Z DEBUG tokio-runtime-worker ThreadId(23) wkmp_ai::db::files: wkmp-ai\src\db\files.rs:194: Chunk batch insert complete rows_affected=100 chunk_size=100
2026-02-05T22:39:19.816633Z DEBUG tokio-runtime-worker ThreadId(23) wkmp_ai::db::files: wkmp-ai\src\db\files.rs:144: Batch inserting file chunk chunk_size=100
2026-02-05T22:39:19.817595Z DEBUG tokio-runtime-worker ThreadId(23) wkmp_ai::db::files: wkmp-ai\src\db\files.rs:194: Chunk batch insert complete rows_affected=100 chunk_size=100
2026-02-05T22:39:19.817693Z DEBUG tokio-runtime-worker ThreadId(23) wkmp_ai::db::files: wkmp-ai\src\db\files.rs:144: Batch inserting file chunk chunk_size=100
2026-02-05T22:39:19.818653Z DEBUG tokio-runtime-worker ThreadId(23) wkmp_ai::db::files: wkmp-ai\src\db\files.rs:194: Chunk batch insert complete rows_affected=100 chunk_size=100
2026-02-05T22:39:19.818745Z DEBUG tokio-runtime-worker ThreadId(23) wkmp_ai::db::files: wkmp-ai\src\db\files.rs:144: Batch inserting file chunk chunk_size=100
2026-02-05T22:39:19.819694Z DEBUG tokio-runtime-worker ThreadId(23) wkmp_ai::db::files: wkmp-ai\src\db\files.rs:194: Chunk batch insert complete rows_affected=100 chunk_size=100
2026-02-05T22:39:19.819789Z DEBUG tokio-runtime-worker ThreadId(23) wkmp_ai::db::files: wkmp-ai\src\db\files.rs:144: Batch inserting file chunk chunk_size=100
2026-02-05T22:39:19.820616Z DEBUG tokio-runtime-worker ThreadId(23) wkmp_ai::db::files: wkmp-ai\src\db\files.rs:194: Chunk batch insert complete rows_affected=100 chunk_size=100
2026-02-05T22:39:19.820695Z DEBUG tokio-runtime-worker ThreadId(23) wkmp_ai::db::files: wkmp-ai\src\db\files.rs:144: Batch inserting file chunk chunk_size=100
2026-02-05T22:39:19.821501Z DEBUG tokio-runtime-worker ThreadId(23) wkmp_ai::db::files: wkmp-ai\src\db\files.rs:194: Chunk batch insert complete rows_affected=100 chunk_size=100
2026-02-05T22:39:19.821579Z DEBUG tokio-runtime-worker ThreadId(23) wkmp_ai::db::files: wkmp-ai\src\db\files.rs:144: Batch inserting file chunk chunk_size=100
2026-02-05T22:39:19.822433Z DEBUG tokio-runtime-worker ThreadId(23) wkmp_ai::db::files: wkmp-ai\src\db\files.rs:194: Chunk batch insert complete rows_affected=100 chunk_size=100
2026-02-05T22:39:19.822518Z DEBUG tokio-runtime-worker ThreadId(23) wkmp_ai::db::files: wkmp-ai\src\db\files.rs:144: Batch inserting file chunk chunk_size=100
2026-02-05T22:39:19.823397Z DEBUG tokio-runtime-worker ThreadId(23) wkmp_ai::db::files: wkmp-ai\src\db\files.rs:194: Chunk batch insert complete rows_affected=100 chunk_size=100
2026-02-05T22:39:19.823527Z DEBUG tokio-runtime-worker ThreadId(23) wkmp_ai::db::files: wkmp-ai\src\db\files.rs:144: Batch inserting file chunk chunk_size=100
2026-02-05T22:39:19.824505Z DEBUG tokio-runtime-worker ThreadId(23) wkmp_ai::db::files: wkmp-ai\src\db\files.rs:194: Chunk batch insert complete rows_affected=100 chunk_size=100
2026-02-05T22:39:19.824663Z DEBUG tokio-runtime-worker ThreadId(23) wkmp_ai::db::files: wkmp-ai\src\db\files.rs:144: Batch inserting file chunk chunk_size=100
2026-02-05T22:39:19.825584Z DEBUG tokio-runtime-worker ThreadId(23) wkmp_ai::db::files: wkmp-ai\src\db\files.rs:194: Chunk batch insert complete rows_affected=100 chunk_size=100
2026-02-05T22:39:19.825681Z DEBUG tokio-runtime-worker ThreadId(23) wkmp_ai::db::files: wkmp-ai\src\db\files.rs:144: Batch inserting file chunk chunk_size=100
2026-02-05T22:39:19.826562Z DEBUG tokio-runtime-worker ThreadId(23) wkmp_ai::db::files: wkmp-ai\src\db\files.rs:194: Chunk batch insert complete rows_affected=100 chunk_size=100
2026-02-05T22:39:19.826664Z DEBUG tokio-runtime-worker ThreadId(23) wkmp_ai::db::files: wkmp-ai\src\db\files.rs:144: Batch inserting file chunk chunk_size=100
2026-02-05T22:39:19.827521Z DEBUG tokio-runtime-worker ThreadId(23) wkmp_ai::db::files: wkmp-ai\src\db\files.rs:194: Chunk batch insert complete rows_affected=100 chunk_size=100
2026-02-05T22:39:19.827613Z DEBUG tokio-runtime-worker ThreadId(23) wkmp_ai::db::files: wkmp-ai\src\db\files.rs:144: Batch inserting file chunk chunk_size=100
2026-02-05T22:39:19.828451Z DEBUG tokio-runtime-worker ThreadId(23) wkmp_ai::db::files: wkmp-ai\src\db\files.rs:194: Chunk batch insert complete rows_affected=100 chunk_size=100
2026-02-05T22:39:19.828539Z DEBUG tokio-runtime-worker ThreadId(23) wkmp_ai::db::files: wkmp-ai\src\db\files.rs:144: Batch inserting file chunk chunk_size=100
2026-02-05T22:39:19.829363Z DEBUG tokio-runtime-worker ThreadId(23) wkmp_ai::db::files: wkmp-ai\src\db\files.rs:194: Chunk batch insert complete rows_affected=100 chunk_size=100
2026-02-05T22:39:19.829440Z DEBUG tokio-runtime-worker ThreadId(23) wkmp_ai::db::files: wkmp-ai\src\db\files.rs:144: Batch inserting file chunk chunk_size=100
2026-02-05T22:39:19.830314Z DEBUG tokio-runtime-worker ThreadId(23) wkmp_ai::db::files: wkmp-ai\src\db\files.rs:194: Chunk batch insert complete rows_affected=100 chunk_size=100
2026-02-05T22:39:19.830390Z DEBUG tokio-runtime-worker ThreadId(23) wkmp_ai::db::files: wkmp-ai\src\db\files.rs:144: Batch inserting file chunk chunk_size=100
2026-02-05T22:39:19.831185Z DEBUG tokio-runtime-worker ThreadId(23) wkmp_ai::db::files: wkmp-ai\src\db\files.rs:194: Chunk batch insert complete rows_affected=100 chunk_size=100
2026-02-05T22:39:19.831267Z DEBUG tokio-runtime-worker ThreadId(23) wkmp_ai::db::files: wkmp-ai\src\db\files.rs:144: Batch inserting file chunk chunk_size=100
2026-02-05T22:39:19.832112Z DEBUG tokio-runtime-worker ThreadId(23) wkmp_ai::db::files: wkmp-ai\src\db\files.rs:194: Chunk batch insert complete rows_affected=100 chunk_size=100
2026-02-05T22:39:19.832194Z DEBUG tokio-runtime-worker ThreadId(23) wkmp_ai::db::files: wkmp-ai\src\db\files.rs:144: Batch inserting file chunk chunk_size=100
2026-02-05T22:39:19.832998Z DEBUG tokio-runtime-worker ThreadId(23) wkmp_ai::db::files: wkmp-ai\src\db\files.rs:194: Chunk batch insert complete rows_affected=100 chunk_size=100
2026-02-05T22:39:19.833075Z DEBUG tokio-runtime-worker ThreadId(23) wkmp_ai::db::files: wkmp-ai\src\db\files.rs:144: Batch inserting file chunk chunk_size=100
2026-02-05T22:39:19.833880Z DEBUG tokio-runtime-worker ThreadId(23) wkmp_ai::db::files: wkmp-ai\src\db\files.rs:194: Chunk batch insert complete rows_affected=100 chunk_size=100
2026-02-05T22:39:19.833957Z DEBUG tokio-runtime-worker ThreadId(23) wkmp_ai::db::files: wkmp-ai\src\db\files.rs:144: Batch inserting file chunk chunk_size=100
2026-02-05T22:39:19.834786Z DEBUG tokio-runtime-worker ThreadId(23) wkmp_ai::db::files: wkmp-ai\src\db\files.rs:194: Chunk batch insert complete rows_affected=100 chunk_size=100
2026-02-05T22:39:19.834873Z DEBUG tokio-runtime-worker ThreadId(23) wkmp_ai::db::files: wkmp-ai\src\db\files.rs:144: Batch inserting file chunk chunk_size=100
2026-02-05T22:39:19.835717Z DEBUG tokio-runtime-worker ThreadId(23) wkmp_ai::db::files: wkmp-ai\src\db\files.rs:194: Chunk batch insert complete rows_affected=100 chunk_size=100
2026-02-05T22:39:19.835796Z DEBUG tokio-runtime-worker ThreadId(23) wkmp_ai::db::files: wkmp-ai\src\db\files.rs:144: Batch inserting file chunk chunk_size=100
2026-02-05T22:39:19.836603Z DEBUG tokio-runtime-worker ThreadId(23) wkmp_ai::db::files: wkmp-ai\src\db\files.rs:194: Chunk batch insert complete rows_affected=100 chunk_size=100
2026-02-05T22:39:19.836682Z DEBUG tokio-runtime-worker ThreadId(23) wkmp_ai::db::files: wkmp-ai\src\db\files.rs:144: Batch inserting file chunk chunk_size=100
2026-02-05T22:39:19.837564Z DEBUG tokio-runtime-worker ThreadId(23) wkmp_ai::db::files: wkmp-ai\src\db\files.rs:194: Chunk batch insert complete rows_affected=100 chunk_size=100
2026-02-05T22:39:19.837643Z DEBUG tokio-runtime-worker ThreadId(23) wkmp_ai::db::files: wkmp-ai\src\db\files.rs:144: Batch inserting file chunk chunk_size=36
2026-02-05T22:39:19.838305Z DEBUG tokio-runtime-worker ThreadId(23) wkmp_ai::db::files: wkmp-ai\src\db\files.rs:194: Chunk batch insert complete rows_affected=36 chunk_size=36
2026-02-05T22:39:19.841320Z DEBUG tokio-runtime-worker ThreadId(23) wkmp_ai::utils::pool_monitor: wkmp-ai\src\utils\pool_monitor.rs:52: Connection released (commit) caller="files::batch_save" held_ms=56
2026-02-05T22:39:19.841506Z  INFO tokio-runtime-worker ThreadId(23) wkmp_ai::db::files: wkmp-ai\src\db\files.rs:212: Batch file save complete total_saved=5736 total_files=5736
2026-02-05T22:39:19.904940Z DEBUG tokio-runtime-worker ThreadId(23) wkmp_ai::services::workflow_orchestrator: wkmp-ai\src\services\workflow_orchestrator\mod.rs:1438: Acquiring all statistics Mutex locks for SSE conversion
2026-02-05T22:39:19.905152Z DEBUG tokio-runtime-worker ThreadId(23) wkmp_ai::services::workflow_orchestrator: wkmp-ai\src\services\workflow_orchestrator\mod.rs:1467: All statistics Mutex locks acquired and data cloned
2026-02-05T22:39:19.905333Z DEBUG tokio-runtime-worker ThreadId(23) wkmp_ai::services::workflow_orchestrator: wkmp-ai\src\services\workflow_orchestrator\mod.rs:1577: Releasing all statistics Mutex locks for SSE conversion
2026-02-05T22:39:19.905465Z  INFO tokio-runtime-worker ThreadId(23) wkmp_ai::services::workflow_orchestrator::phase_scanning: wkmp-ai\src\services\workflow_orchestrator\phase_scanning.rs:256: BULK_INSERTING phase complete - minimal records created in database session_id=fc49b2a9-297a-4710-91ea-7a5f24790519 files_inserted=5736
2026-02-05T22:39:19.905573Z  INFO tokio-runtime-worker ThreadId(23) wkmp_ai::services::workflow_orchestrator::phase_scanning: wkmp-ai\src\services\workflow_orchestrator\phase_scanning.rs:286: SCANNING + BULK_INSERTING phases complete - 5736 confirmed files ready for processing session_id=fc49b2a9-297a-4710-91ea-7a5f24790519 files_inserted=5736 total_files_scanned=6931 audio_confirmed=5736 audio_denied=1
2026-02-05T22:39:19.906592Z DEBUG tokio-runtime-worker ThreadId(23) wkmp_ai::services::workflow_orchestrator: wkmp-ai\src\services\workflow_orchestrator\mod.rs:360: phase_scanning() returned session_id=fc49b2a9-297a-4710-91ea-7a5f24790519
2026-02-05T22:39:19.938171Z DEBUG tokio-runtime-worker ThreadId(23) wkmp_ai::api::sse: wkmp-ai\src\api\sse.rs:71: SSE: Broadcasting import event: ImportProgressUpdate
2026-02-05T22:39:19.938556Z DEBUG tokio-runtime-worker ThreadId(23) wkmp_ai::api::sse: wkmp-ai\src\api\sse.rs:71: SSE: Broadcasting import event: ImportProgressUpdate
2026-02-05T22:39:19.951918Z  INFO tokio-runtime-worker ThreadId(23) wkmp_ai::services::workflow_orchestrator: wkmp-ai\src\services\workflow_orchestrator\mod.rs:2844: Starting per-file processing with 12 workers session_id=fc49b2a9-297a-4710-91ea-7a5f24790519 parallelism=12
2026-02-05T22:39:19.973137Z  INFO tokio-runtime-worker ThreadId(23) wkmp_ai::services::workflow_orchestrator: wkmp-ai\src\services\workflow_orchestrator\mod.rs:2860: Processing 5736 files through per-file pipeline session_id=fc49b2a9-297a-4710-91ea-7a5f24790519 total_files=5736
2026-02-05T22:39:19.973316Z DEBUG tokio-runtime-worker ThreadId(23) wkmp_ai::services::workflow_orchestrator: wkmp-ai\src\services\workflow_orchestrator\mod.rs:1438: Acquiring all statistics Mutex locks for SSE conversion
2026-02-05T22:39:19.973512Z DEBUG tokio-runtime-worker ThreadId(23) wkmp_ai::services::workflow_orchestrator: wkmp-ai\src\services\workflow_orchestrator\mod.rs:1467: All statistics Mutex locks acquired and data cloned
2026-02-05T22:39:19.973698Z DEBUG tokio-runtime-worker ThreadId(23) wkmp_ai::services::workflow_orchestrator: wkmp-ai\src\services\workflow_orchestrator\mod.rs:1577: Releasing all statistics Mutex locks for SSE conversion
2026-02-05T22:39:19.974167Z DEBUG tokio-runtime-worker ThreadId(23) wkmp_ai::services::workflow_orchestrator: wkmp-ai\src\services\workflow_orchestrator\mod.rs:3094: Starting per-file pipeline file_index=0 file_id=f3cd04a4-8beb-4218-8432-1a66b9131ede file=10,000_Maniacs/MTV_Unplugged/01-These_Are_Days.mp3
2026-02-05T22:39:19.974625Z  INFO tokio-runtime-worker ThreadId(23) wkmp_ai::services::workflow_orchestrator: wkmp-ai\src\services\workflow_orchestrator\mod.rs:1733: Starting PLAN024 10-phase per-file pipeline (late audio decode) file="C:\\Users\\Mango Cat\\Music\\10,000_Maniacs/MTV_Unplugged/01-These_Are_Days.mp3"
2026-02-05T22:39:19.975371Z DEBUG tokio-runtime-worker ThreadId(23) wkmp_ai::services::workflow_orchestrator: wkmp-ai\src\services\workflow_orchestrator\mod.rs:1742: Phase 1: Filename Matching - START file="C:\\Users\\Mango Cat\\Music\\10,000_Maniacs/MTV_Unplugged/01-These_Are_Days.mp3"
2026-02-05T22:39:19.976000Z DEBUG tokio-runtime-worker ThreadId(23) wkmp_ai::services::filename_matcher: wkmp-ai\src\services\filename_matcher.rs:54: Checking if file exists in database path=10,000_Maniacs/MTV_Unplugged/01-These_Are_Days.mp3 norm_us=12
2026-02-05T22:39:19.976519Z DEBUG tokio-runtime-worker ThreadId(23) wkmp_ai::services::workflow_orchestrator: wkmp-ai\src\services\workflow_orchestrator\mod.rs:3094: Starting per-file pipeline file_index=1 file_id=a08edb68-8543-4cd8-9d54-7e39e52514d4 file=10,000_Maniacs/MTV_Unplugged/02-Eat_For_Two.mp3
2026-02-05T22:39:19.976793Z  INFO tokio-runtime-worker ThreadId(23) wkmp_ai::services::workflow_orchestrator: wkmp-ai\src\services\workflow_orchestrator\mod.rs:1733: Starting PLAN024 10-phase per-file pipeline (late audio decode) file="C:\\Users\\Mango Cat\\Music\\10,000_Maniacs/MTV_Unplugged/02-Eat_For_Two.mp3"
2026-02-05T22:39:19.976990Z DEBUG tokio-runtime-worker ThreadId(23) wkmp_ai::services::workflow_orchestrator: wkmp-ai\src\services\workflow_orchestrator\mod.rs:1742: Phase 1: Filename Matching - START file="C:\\Users\\Mango Cat\\Music\\10,000_Maniacs/MTV_Unplugged/02-Eat_For_Two.mp3"
2026-02-05T22:39:19.977125Z DEBUG tokio-runtime-worker ThreadId(23) wkmp_ai::services::filename_matcher: wkmp-ai\src\services\filename_matcher.rs:54: Checking if file exists in database path=10,000_Maniacs/MTV_Unplugged/02-Eat_For_Two.mp3 norm_us=5
2026-02-05T22:39:19.977278Z DEBUG tokio-runtime-worker ThreadId(23) wkmp_ai::services::workflow_orchestrator: wkmp-ai\src\services\workflow_orchestrator\mod.rs:3094: Starting per-file pipeline file_index=2 file_id=9da8449c-4ee2-4810-b6df-0528a91e817a file=10,000_Maniacs/MTV_Unplugged/03-Candy_Everybody_Wants.mp3
2026-02-05T22:39:19.977398Z  INFO tokio-runtime-worker ThreadId(23) wkmp_ai::services::workflow_orchestrator: wkmp-ai\src\services\workflow_orchestrator\mod.rs:1733: Starting PLAN024 10-phase per-file pipeline (late audio decode) file="C:\\Users\\Mango Cat\\Music\\10,000_Maniacs/MTV_Unplugged/03-Candy_Everybody_Wants.mp3"
2026-02-05T22:39:19.977547Z DEBUG tokio-runtime-worker ThreadId(23) wkmp_ai::services::workflow_orchestrator: wkmp-ai\src\services\workflow_orchestrator\mod.rs:1742: Phase 1: Filename Matching - START file="C:\\Users\\Mango Cat\\Music\\10,000_Maniacs/MTV_Unplugged/03-Candy_Everybody_Wants.mp3"
2026-02-05T22:39:19.977692Z DEBUG tokio-runtime-worker ThreadId(23) wkmp_ai::services::filename_matcher: wkmp-ai\src\services\filename_matcher.rs:54: Checking if file exists in database path=10,000_Maniacs/MTV_Unplugged/03-Candy_Everybody_Wants.mp3 norm_us=5
2026-02-05T22:39:19.977836Z DEBUG tokio-runtime-worker ThreadId(23) wkmp_ai::services::workflow_orchestrator: wkmp-ai\src\services\workflow_orchestrator\mod.rs:3094: Starting per-file pipeline file_index=3 file_id=48c8dd91-ea38-4b0d-a57c-1de2e785746f file=10,000_Maniacs/MTV_Unplugged/04-I'm_Not_The_Man.mp3
2026-02-05T22:39:19.977955Z  INFO tokio-runtime-worker ThreadId(23) wkmp_ai::services::workflow_orchestrator: wkmp-ai\src\services\workflow_orchestrator\mod.rs:1733: Starting PLAN024 10-phase per-file pipeline (late audio decode) file="C:\\Users\\Mango Cat\\Music\\10,000_Maniacs/MTV_Unplugged/04-I\'m_Not_The_Man.mp3"
2026-02-05T22:39:19.978056Z DEBUG tokio-runtime-worker ThreadId(23) wkmp_ai::services::workflow_orchestrator: wkmp-ai\src\services\workflow_orchestrator\mod.rs:1742: Phase 1: Filename Matching - START file="C:\\Users\\Mango Cat\\Music\\10,000_Maniacs/MTV_Unplugged/04-I\'m_Not_The_Man.mp3"
2026-02-05T22:39:19.978147Z DEBUG tokio-runtime-worker ThreadId(23) wkmp_ai::services::filename_matcher: wkmp-ai\src\services\filename_matcher.rs:54: Checking if file exists in database path=10,000_Maniacs/MTV_Unplugged/04-I'm_Not_The_Man.mp3 norm_us=3
2026-02-05T22:39:19.978254Z DEBUG tokio-runtime-worker ThreadId(23) wkmp_ai::services::workflow_orchestrator: wkmp-ai\src\services\workflow_orchestrator\mod.rs:3094: Starting per-file pipeline file_index=4 file_id=725441db-0316-4c69-8f99-ca2b832bf6ec file=10,000_Maniacs/MTV_Unplugged/05-Don't_Talk.mp3
2026-02-05T22:39:19.978324Z  INFO tokio-runtime-worker ThreadId(23) wkmp_ai::services::workflow_orchestrator: wkmp-ai\src\services\workflow_orchestrator\mod.rs:1733: Starting PLAN024 10-phase per-file pipeline (late audio decode) file="C:\\Users\\Mango Cat\\Music\\10,000_Maniacs/MTV_Unplugged/05-Don\'t_Talk.mp3"
2026-02-05T22:39:19.978430Z DEBUG tokio-runtime-worker ThreadId(23) wkmp_ai::services::workflow_orchestrator: wkmp-ai\src\services\workflow_orchestrator\mod.rs:1742: Phase 1: Filename Matching - START file="C:\\Users\\Mango Cat\\Music\\10,000_Maniacs/MTV_Unplugged/05-Don\'t_Talk.mp3"
2026-02-05T22:39:19.978531Z DEBUG tokio-runtime-worker ThreadId(23) wkmp_ai::services::filename_matcher: wkmp-ai\src\services\filename_matcher.rs:54: Checking if file exists in database path=10,000_Maniacs/MTV_Unplugged/05-Don't_Talk.mp3 norm_us=4
2026-02-05T22:39:19.978664Z DEBUG tokio-runtime-worker ThreadId(23) wkmp_ai::services::workflow_orchestrator: wkmp-ai\src\services\workflow_orchestrator\mod.rs:3094: Starting per-file pipeline file_index=5 file_id=87df9d29-e13a-4038-b999-c2ef2a12b5f5 file=10,000_Maniacs/MTV_Unplugged/06-Hey_Jack_Kerouac.mp3
2026-02-05T22:39:19.978801Z  INFO tokio-runtime-worker ThreadId(23) wkmp_ai::services::workflow_orchestrator: wkmp-ai\src\services\workflow_orchestrator\mod.rs:1733: Starting PLAN024 10-phase per-file pipeline (late audio decode) file="C:\\Users\\Mango Cat\\Music\\10,000_Maniacs/MTV_Unplugged/06-Hey_Jack_Kerouac.mp3"
2026-02-05T22:39:19.978949Z DEBUG tokio-runtime-worker ThreadId(23) wkmp_ai::services::workflow_orchestrator: wkmp-ai\src\services\workflow_orchestrator\mod.rs:1742: Phase 1: Filename Matching - START file="C:\\Users\\Mango Cat\\Music\\10,000_Maniacs/MTV_Unplugged/06-Hey_Jack_Kerouac.mp3"
2026-02-05T22:39:19.979131Z DEBUG tokio-runtime-worker ThreadId(23) wkmp_ai::services::filename_matcher: wkmp-ai\src\services\filename_matcher.rs:54: Checking if file exists in database path=10,000_Maniacs/MTV_Unplugged/06-Hey_Jack_Kerouac.mp3 norm_us=5
2026-02-05T22:39:19.979298Z DEBUG tokio-runtime-worker ThreadId(23) wkmp_ai::services::workflow_orchestrator: wkmp-ai\src\services\workflow_orchestrator\mod.rs:3094: Starting per-file pipeline file_index=6 file_id=525a9986-869c-4dec-9711-000b859f5691 file=10,000_Maniacs/MTV_Unplugged/07-What's_The_Matter_Here-.mp3
2026-02-05T22:39:19.979417Z  INFO tokio-runtime-worker ThreadId(23) wkmp_ai::services::workflow_orchestrator: wkmp-ai\src\services\workflow_orchestrator\mod.rs:1733: Starting PLAN024 10-phase per-file pipeline (late audio decode) file="C:\\Users\\Mango Cat\\Music\\10,000_Maniacs/MTV_Unplugged/07-What\'s_The_Matter_Here-.mp3"
2026-02-05T22:39:19.979676Z DEBUG tokio-runtime-worker ThreadId(23) wkmp_ai::services::workflow_orchestrator: wkmp-ai\src\services\workflow_orchestrator\mod.rs:1742: Phase 1: Filename Matching - START file="C:\\Users\\Mango Cat\\Music\\10,000_Maniacs/MTV_Unplugged/07-What\'s_The_Matter_Here-.mp3"
2026-02-05T22:39:19.979827Z DEBUG tokio-runtime-worker ThreadId(23) wkmp_ai::services::filename_matcher: wkmp-ai\src\services\filename_matcher.rs:54: Checking if file exists in database path=10,000_Maniacs/MTV_Unplugged/07-What's_The_Matter_Here-.mp3 norm_us=5
2026-02-05T22:39:19.980114Z DEBUG tokio-runtime-worker ThreadId(23) wkmp_ai::services::workflow_orchestrator: wkmp-ai\src\services\workflow_orchestrator\mod.rs:3094: Starting per-file pipeline file_index=7 file_id=ede28fbc-f8a9-40ab-9af2-870b24ab4c58 file=10,000_Maniacs/MTV_Unplugged/08-Gold_Rush_Brides.mp3
2026-02-05T22:39:19.980289Z  INFO tokio-runtime-worker ThreadId(23) wkmp_ai::services::workflow_orchestrator: wkmp-ai\src\services\workflow_orchestrator\mod.rs:1733: Starting PLAN024 10-phase per-file pipeline (late audio decode) file="C:\\Users\\Mango Cat\\Music\\10,000_Maniacs/MTV_Unplugged/08-Gold_Rush_Brides.mp3"
2026-02-05T22:39:19.980420Z DEBUG tokio-runtime-worker ThreadId(23) wkmp_ai::services::workflow_orchestrator: wkmp-ai\src\services\workflow_orchestrator\mod.rs:1742: Phase 1: Filename Matching - START file="C:\\Users\\Mango Cat\\Music\\10,000_Maniacs/MTV_Unplugged/08-Gold_Rush_Brides.mp3"
2026-02-05T22:39:19.980543Z DEBUG tokio-runtime-worker ThreadId(23) wkmp_ai::services::filename_matcher: wkmp-ai\src\services\filename_matcher.rs:54: Checking if file exists in database path=10,000_Maniacs/MTV_Unplugged/08-Gold_Rush_Brides.mp3 norm_us=4
2026-02-05T22:39:19.980764Z DEBUG tokio-runtime-worker ThreadId(23) wkmp_ai::services::workflow_orchestrator: wkmp-ai\src\services\workflow_orchestrator\mod.rs:3094: Starting per-file pipeline file_index=8 file_id=5e1f5026-df7c-492b-b9b9-c85a0f84b86c file=10,000_Maniacs/MTV_Unplugged/09-Like_The_Weather.mp3
2026-02-05T22:39:19.980926Z  INFO tokio-runtime-worker ThreadId(23) wkmp_ai::services::workflow_orchestrator: wkmp-ai\src\services\workflow_orchestrator\mod.rs:1733: Starting PLAN024 10-phase per-file pipeline (late audio decode) file="C:\\Users\\Mango Cat\\Music\\10,000_Maniacs/MTV_Unplugged/09-Like_The_Weather.mp3"
2026-02-05T22:39:19.981014Z DEBUG tokio-runtime-worker ThreadId(23) wkmp_ai::services::workflow_orchestrator: wkmp-ai\src\services\workflow_orchestrator\mod.rs:1742: Phase 1: Filename Matching - START file="C:\\Users\\Mango Cat\\Music\\10,000_Maniacs/MTV_Unplugged/09-Like_The_Weather.mp3"
2026-02-05T22:39:19.981205Z DEBUG tokio-runtime-worker ThreadId(23) wkmp_ai::services::filename_matcher: wkmp-ai\src\services\filename_matcher.rs:54: Checking if file exists in database path=10,000_Maniacs/MTV_Unplugged/09-Like_The_Weather.mp3 norm_us=4
2026-02-05T22:39:19.981356Z DEBUG tokio-runtime-worker ThreadId(23) wkmp_ai::services::workflow_orchestrator: wkmp-ai\src\services\workflow_orchestrator\mod.rs:3094: Starting per-file pipeline file_index=9 file_id=4aa7606b-8f3a-4186-86d6-8d07cff7af76 file=10,000_Maniacs/MTV_Unplugged/10-Trouble_Me.mp3
2026-02-05T22:39:19.981455Z  INFO tokio-runtime-worker ThreadId(23) wkmp_ai::services::workflow_orchestrator: wkmp-ai\src\services\workflow_orchestrator\mod.rs:1733: Starting PLAN024 10-phase per-file pipeline (late audio decode) file="C:\\Users\\Mango Cat\\Music\\10,000_Maniacs/MTV_Unplugged/10-Trouble_Me.mp3"
2026-02-05T22:39:19.981545Z DEBUG tokio-runtime-worker ThreadId(23) wkmp_ai::services::workflow_orchestrator: wkmp-ai\src\services\workflow_orchestrator\mod.rs:1742: Phase 1: Filename Matching - START file="C:\\Users\\Mango Cat\\Music\\10,000_Maniacs/MTV_Unplugged/10-Trouble_Me.mp3"
2026-02-05T22:39:19.981626Z DEBUG tokio-runtime-worker ThreadId(23) wkmp_ai::services::filename_matcher: wkmp-ai\src\services\filename_matcher.rs:54: Checking if file exists in database path=10,000_Maniacs/MTV_Unplugged/10-Trouble_Me.mp3 norm_us=3
2026-02-05T22:39:19.981726Z DEBUG tokio-runtime-worker ThreadId(23) wkmp_ai::services::workflow_orchestrator: wkmp-ai\src\services\workflow_orchestrator\mod.rs:3094: Starting per-file pipeline file_index=10 file_id=a7190db8-49a2-419a-8ece-40f3df6dbb23 file=10,000_Maniacs/MTV_Unplugged/11-Jezebel.mp3
2026-02-05T22:39:19.981811Z  INFO tokio-runtime-worker ThreadId(23) wkmp_ai::services::workflow_orchestrator: wkmp-ai\src\services\workflow_orchestrator\mod.rs:1733: Starting PLAN024 10-phase per-file pipeline (late audio decode) file="C:\\Users\\Mango Cat\\Music\\10,000_Maniacs/MTV_Unplugged/11-Jezebel.mp3"
2026-02-05T22:39:19.981894Z DEBUG tokio-runtime-worker ThreadId(23) wkmp_ai::services::workflow_orchestrator: wkmp-ai\src\services\workflow_orchestrator\mod.rs:1742: Phase 1: Filename Matching - START file="C:\\Users\\Mango Cat\\Music\\10,000_Maniacs/MTV_Unplugged/11-Jezebel.mp3"
2026-02-05T22:39:19.981984Z DEBUG tokio-runtime-worker ThreadId(23) wkmp_ai::services::filename_matcher: wkmp-ai\src\services\filename_matcher.rs:54: Checking if file exists in database path=10,000_Maniacs/MTV_Unplugged/11-Jezebel.mp3 norm_us=4
2026-02-05T22:39:19.982123Z DEBUG tokio-runtime-worker ThreadId(23) wkmp_ai::services::workflow_orchestrator: wkmp-ai\src\services\workflow_orchestrator\mod.rs:3094: Starting per-file pipeline file_index=11 file_id=e45bbb84-2fa2-4d1e-aad4-a8169f75b158 file=10,000_Maniacs/MTV_Unplugged/12-Because_The_Night.mp3
2026-02-05T22:39:19.982214Z  INFO tokio-runtime-worker ThreadId(23) wkmp_ai::services::workflow_orchestrator: wkmp-ai\src\services\workflow_orchestrator\mod.rs:1733: Starting PLAN024 10-phase per-file pipeline (late audio decode) file="C:\\Users\\Mango Cat\\Music\\10,000_Maniacs/MTV_Unplugged/12-Because_The_Night.mp3"
2026-02-05T22:39:19.982300Z DEBUG tokio-runtime-worker ThreadId(23) wkmp_ai::services::workflow_orchestrator: wkmp-ai\src\services\workflow_orchestrator\mod.rs:1742: Phase 1: Filename Matching - START file="C:\\Users\\Mango Cat\\Music\\10,000_Maniacs/MTV_Unplugged/12-Because_The_Night.mp3"
2026-02-05T22:39:19.982380Z DEBUG tokio-runtime-worker ThreadId(23) wkmp_ai::services::filename_matcher: wkmp-ai\src\services\filename_matcher.rs:54: Checking if file exists in database path=10,000_Maniacs/MTV_Unplugged/12-Because_The_Night.mp3 norm_us=3
2026-02-05T22:39:19.982619Z DEBUG tokio-runtime-worker ThreadId(23) wkmp_ai::api::sse: wkmp-ai\src\api\sse.rs:71: SSE: Broadcasting import event: ImportProgressUpdate
2026-02-05T22:39:19.982944Z DEBUG tokio-runtime-worker ThreadId(23) wkmp_ai::api::sse: wkmp-ai\src\api\sse.rs:71: SSE: Broadcasting import event: ImportProgressUpdate
2026-02-05T22:39:19.983628Z DEBUG tokio-runtime-worker ThreadId(23) wkmp_ai::services::filename_matcher: wkmp-ai\src\services\filename_matcher.rs:65: Database query completed path=10,000_Maniacs/MTV_Unplugged/04-I'm_Not_The_Man.mp3 query_us=5396
2026-02-05T22:39:19.983821Z DEBUG tokio-runtime-worker ThreadId(23) wkmp_ai::services::filename_matcher: wkmp-ai\src\services\filename_matcher.rs:81: File already processed (INGEST COMPLETE) path=10,000_Maniacs/MTV_Unplugged/04-I'm_Not_The_Man.mp3 guid=48c8dd91-ea38-4b0d-a57c-1de2e785746f
2026-02-05T22:39:19.983937Z  INFO tokio-runtime-worker ThreadId(23) wkmp_ai::services::workflow_orchestrator: wkmp-ai\src\services\workflow_orchestrator\mod.rs:1756: Phase 1 completed phase="Filename Matching" duration_ms=5 path_us=0 db_ms=5 file_index=3
2026-02-05T22:39:19.984041Z  INFO tokio-runtime-worker ThreadId(23) wkmp_ai::services::workflow_orchestrator: wkmp-ai\src\services\workflow_orchestrator\mod.rs:1770: File already processed (INGEST COMPLETE/NO AUDIO/DUPLICATE HASH), skipping all remaining phases file="C:\\Users\\Mango Cat\\Music\\10,000_Maniacs/MTV_Unplugged/04-I\'m_Not_The_Man.mp3" file_id=48c8dd91-ea38-4b0d-a57c-1de2e785746f
2026-02-05T22:39:19.984146Z DEBUG tokio-runtime-worker ThreadId(23) wkmp_ai::services::workflow_orchestrator: wkmp-ai\src\services\workflow_orchestrator\mod.rs:2912: File processing complete session_id=fc49b2a9-297a-4710-91ea-7a5f24790519 file_index=3 file=10,000_Maniacs/MTV_Unplugged/04-I'm_Not_The_Man.mp3
2026-02-05T22:39:19.984247Z DEBUG tokio-runtime-worker ThreadId(23) wkmp_ai::services::workflow_orchestrator: wkmp-ai\src\services\workflow_orchestrator\mod.rs:1438: Acquiring all statistics Mutex locks for SSE conversion
2026-02-05T22:39:19.984320Z DEBUG tokio-runtime-worker ThreadId(23) wkmp_ai::services::workflow_orchestrator: wkmp-ai\src\services\workflow_orchestrator\mod.rs:1467: All statistics Mutex locks acquired and data cloned
2026-02-05T22:39:19.984416Z DEBUG tokio-runtime-worker ThreadId(23) wkmp_ai::services::workflow_orchestrator: wkmp-ai\src\services\workflow_orchestrator\mod.rs:1577: Releasing all statistics Mutex locks for SSE conversion
2026-02-05T22:39:19.984528Z DEBUG tokio-runtime-worker ThreadId(23) wkmp_ai::services::filename_matcher: wkmp-ai\src\services\filename_matcher.rs:65: Database query completed path=10,000_Maniacs/MTV_Unplugged/06-Hey_Jack_Kerouac.mp3 query_us=5277
2026-02-05T22:39:19.984609Z DEBUG tokio-runtime-worker ThreadId(23) wkmp_ai::services::filename_matcher: wkmp-ai\src\services\filename_matcher.rs:81: File already processed (INGEST COMPLETE) path=10,000_Maniacs/MTV_Unplugged/06-Hey_Jack_Kerouac.mp3 guid=87df9d29-e13a-4038-b999-c2ef2a12b5f5
2026-02-05T22:39:19.984689Z  INFO tokio-runtime-worker ThreadId(23) wkmp_ai::services::workflow_orchestrator: wkmp-ai\src\services\workflow_orchestrator\mod.rs:1756: Phase 1 completed phase="Filename Matching" duration_ms=5 path_us=5 db_ms=5 file_index=5
2026-02-05T22:39:19.984776Z  INFO tokio-runtime-worker ThreadId(23) wkmp_ai::services::workflow_orchestrator: wkmp-ai\src\services\workflow_orchestrator\mod.rs:1770: File already processed (INGEST COMPLETE/NO AUDIO/DUPLICATE HASH), skipping all remaining phases file="C:\\Users\\Mango Cat\\Music\\10,000_Maniacs/MTV_Unplugged/06-Hey_Jack_Kerouac.mp3" file_id=87df9d29-e13a-4038-b999-c2ef2a12b5f5
2026-02-05T22:39:19.984864Z DEBUG tokio-runtime-worker ThreadId(23) wkmp_ai::services::workflow_orchestrator: wkmp-ai\src\services\workflow_orchestrator\mod.rs:2912: File processing complete session_id=fc49b2a9-297a-4710-91ea-7a5f24790519 file_index=5 file=10,000_Maniacs/MTV_Unplugged/06-Hey_Jack_Kerouac.mp3
2026-02-05T22:39:19.984946Z DEBUG tokio-runtime-worker ThreadId(23) wkmp_ai::services::workflow_orchestrator: wkmp-ai\src\services\workflow_orchestrator\mod.rs:1438: Acquiring all statistics Mutex locks for SSE conversion
2026-02-05T22:39:19.985015Z DEBUG tokio-runtime-worker ThreadId(23) wkmp_ai::services::workflow_orchestrator: wkmp-ai\src\services\workflow_orchestrator\mod.rs:1467: All statistics Mutex locks acquired and data cloned
2026-02-05T22:39:19.985090Z DEBUG tokio-runtime-worker ThreadId(23) wkmp_ai::services::workflow_orchestrator: wkmp-ai\src\services\workflow_orchestrator\mod.rs:1577: Releasing all statistics Mutex locks for SSE conversion
2026-02-05T22:39:19.985178Z DEBUG tokio-runtime-worker ThreadId(23) wkmp_ai::services::filename_matcher: wkmp-ai\src\services\filename_matcher.rs:65: Database query completed path=10,000_Maniacs/MTV_Unplugged/05-Don't_Talk.mp3 query_us=6551
2026-02-05T22:39:19.985256Z DEBUG tokio-runtime-worker ThreadId(23) wkmp_ai::services::filename_matcher: wkmp-ai\src\services\filename_matcher.rs:81: File already processed (INGEST COMPLETE) path=10,000_Maniacs/MTV_Unplugged/05-Don't_Talk.mp3 guid=725441db-0316-4c69-8f99-ca2b832bf6ec
2026-02-05T22:39:19.985335Z  INFO tokio-runtime-worker ThreadId(23) wkmp_ai::services::workflow_orchestrator: wkmp-ai\src\services\workflow_orchestrator\mod.rs:1756: Phase 1 completed phase="Filename Matching" duration_ms=6 path_us=0 db_ms=6 file_index=4
2026-02-05T22:39:19.985419Z  INFO tokio-runtime-worker ThreadId(23) wkmp_ai::services::workflow_orchestrator: wkmp-ai\src\services\workflow_orchestrator\mod.rs:1770: File already processed (INGEST COMPLETE/NO AUDIO/DUPLICATE HASH), skipping all remaining phases file="C:\\Users\\Mango Cat\\Music\\10,000_Maniacs/MTV_Unplugged/05-Don\'t_Talk.mp3" file_id=725441db-0316-4c69-8f99-ca2b832bf6ec
2026-02-05T22:39:19.985505Z DEBUG tokio-runtime-worker ThreadId(23) wkmp_ai::services::workflow_orchestrator: wkmp-ai\src\services\workflow_orchestrator\mod.rs:2912: File processing complete session_id=fc49b2a9-297a-4710-91ea-7a5f24790519 file_index=4 file=10,000_Maniacs/MTV_Unplugged/05-Don't_Talk.mp3
2026-02-05T22:39:19.985586Z DEBUG tokio-runtime-worker ThreadId(23) wkmp_ai::services::workflow_orchestrator: wkmp-ai\src\services\workflow_orchestrator\mod.rs:1438: Acquiring all statistics Mutex locks for SSE conversion
2026-02-05T22:39:19.985654Z DEBUG tokio-runtime-worker ThreadId(23) wkmp_ai::services::workflow_orchestrator: wkmp-ai\src\services\workflow_orchestrator\mod.rs:1467: All statistics Mutex locks acquired and data cloned
2026-02-05T22:39:19.985769Z DEBUG tokio-runtime-worker ThreadId(23) wkmp_ai::services::workflow_orchestrator: wkmp-ai\src\services\workflow_orchestrator\mod.rs:1577: Releasing all statistics Mutex locks for SSE conversion
2026-02-05T22:39:19.985886Z DEBUG tokio-runtime-worker ThreadId(23) wkmp_ai::services::filename_matcher: wkmp-ai\src\services\filename_matcher.rs:65: Database query completed path=10,000_Maniacs/MTV_Unplugged/09-Like_The_Weather.mp3 query_us=4564
2026-02-05T22:39:19.985973Z DEBUG tokio-runtime-worker ThreadId(23) wkmp_ai::services::filename_matcher: wkmp-ai\src\services\filename_matcher.rs:81: File already processed (INGEST COMPLETE) path=10,000_Maniacs/MTV_Unplugged/09-Like_The_Weather.mp3 guid=5e1f5026-df7c-492b-b9b9-c85a0f84b86c
2026-02-05T22:39:19.986053Z  INFO tokio-runtime-worker ThreadId(23) wkmp_ai::services::workflow_orchestrator: wkmp-ai\src\services\workflow_orchestrator\mod.rs:1756: Phase 1 completed phase="Filename Matching" duration_ms=5 path_us=1 db_ms=4 file_index=8
2026-02-05T22:39:19.986138Z  INFO tokio-runtime-worker ThreadId(23) wkmp_ai::services::workflow_orchestrator: wkmp-ai\src\services\workflow_orchestrator\mod.rs:1770: File already processed (INGEST COMPLETE/NO AUDIO/DUPLICATE HASH), skipping all remaining phases file="C:\\Users\\Mango Cat\\Music\\10,000_Maniacs/MTV_Unplugged/09-Like_The_Weather.mp3" file_id=5e1f5026-df7c-492b-b9b9-c85a0f84b86c
2026-02-05T22:39:19.986228Z DEBUG tokio-runtime-worker ThreadId(23) wkmp_ai::services::workflow_orchestrator: wkmp-ai\src\services\workflow_orchestrator\mod.rs:2912: File processing complete session_id=fc49b2a9-297a-4710-91ea-7a5f24790519 file_index=8 file=10,000_Maniacs/MTV_Unplugged/09-Like_The_Weather.mp3
2026-02-05T22:39:19.986311Z DEBUG tokio-runtime-worker ThreadId(23) wkmp_ai::services::workflow_orchestrator: wkmp-ai\src\services\workflow_orchestrator\mod.rs:1438: Acquiring all statistics Mutex locks for SSE conversion
2026-02-05T22:39:19.986380Z DEBUG tokio-runtime-worker ThreadId(23) wkmp_ai::services::workflow_orchestrator: wkmp-ai\src\services\workflow_orchestrator\mod.rs:1467: All statistics Mutex locks acquired and data cloned
2026-02-05T22:39:19.986459Z DEBUG tokio-runtime-worker ThreadId(23) wkmp_ai::services::workflow_orchestrator: wkmp-ai\src\services\workflow_orchestrator\mod.rs:1577: Releasing all statistics Mutex locks for SSE conversion
2026-02-05T22:39:19.986548Z DEBUG tokio-runtime-worker ThreadId(23) wkmp_ai::services::filename_matcher: wkmp-ai\src\services\filename_matcher.rs:65: Database query completed path=10,000_Maniacs/MTV_Unplugged/01-These_Are_Days.mp3 query_us=10130
2026-02-05T22:39:19.986627Z DEBUG tokio-runtime-worker ThreadId(23) wkmp_ai::services::filename_matcher: wkmp-ai\src\services\filename_matcher.rs:81: File already processed (INGEST COMPLETE) path=10,000_Maniacs/MTV_Unplugged/01-These_Are_Days.mp3 guid=f3cd04a4-8beb-4218-8432-1a66b9131ede
2026-02-05T22:39:19.986707Z  INFO tokio-runtime-worker ThreadId(23) wkmp_ai::services::workflow_orchestrator: wkmp-ai\src\services\workflow_orchestrator\mod.rs:1756: Phase 1 completed phase="Filename Matching" duration_ms=11 path_us=2 db_ms=10 file_index=0
2026-02-05T22:39:19.986795Z  INFO tokio-runtime-worker ThreadId(23) wkmp_ai::services::workflow_orchestrator: wkmp-ai\src\services\workflow_orchestrator\mod.rs:1770: File already processed (INGEST COMPLETE/NO AUDIO/DUPLICATE HASH), skipping all remaining phases file="C:\\Users\\Mango Cat\\Music\\10,000_Maniacs/MTV_Unplugged/01-These_Are_Days.mp3" file_id=f3cd04a4-8beb-4218-8432-1a66b9131ede
2026-02-05T22:39:19.986918Z DEBUG tokio-runtime-worker ThreadId(23) wkmp_ai::services::workflow_orchestrator: wkmp-ai\src\services\workflow_orchestrator\mod.rs:2912: File processing complete session_id=fc49b2a9-297a-4710-91ea-7a5f24790519 file_index=0 file=10,000_Maniacs/MTV_Unplugged/01-These_Are_Days.mp3
2026-02-05T22:39:19.987032Z DEBUG tokio-runtime-worker ThreadId(23) wkmp_ai::services::workflow_orchestrator: wkmp-ai\src\services\workflow_orchestrator\mod.rs:1438: Acquiring all statistics Mutex locks for SSE conversion
2026-02-05T22:39:19.987117Z DEBUG tokio-runtime-worker ThreadId(23) wkmp_ai::services::workflow_orchestrator: wkmp-ai\src\services\workflow_orchestrator\mod.rs:1467: All statistics Mutex locks acquired and data cloned
2026-02-05T22:39:19.987212Z DEBUG tokio-runtime-worker ThreadId(23) wkmp_ai::services::workflow_orchestrator: wkmp-ai\src\services\workflow_orchestrator\mod.rs:1577: Releasing all statistics Mutex locks for SSE conversion
2026-02-05T22:39:19.987327Z DEBUG tokio-runtime-worker ThreadId(23) wkmp_ai::services::filename_matcher: wkmp-ai\src\services\filename_matcher.rs:65: Database query completed path=10,000_Maniacs/MTV_Unplugged/02-Eat_For_Two.mp3 query_us=10090
2026-02-05T22:39:19.987427Z DEBUG tokio-runtime-worker ThreadId(23) wkmp_ai::services::filename_matcher: wkmp-ai\src\services\filename_matcher.rs:81: File already processed (INGEST COMPLETE) path=10,000_Maniacs/MTV_Unplugged/02-Eat_For_Two.mp3 guid=a08edb68-8543-4cd8-9d54-7e39e52514d4
2026-02-05T22:39:19.987513Z  INFO tokio-runtime-worker ThreadId(23) wkmp_ai::services::workflow_orchestrator: wkmp-ai\src\services\workflow_orchestrator\mod.rs:1756: Phase 1 completed phase="Filename Matching" duration_ms=10 path_us=2 db_ms=10 file_index=1
2026-02-05T22:39:19.987616Z  INFO tokio-runtime-worker ThreadId(23) wkmp_ai::services::workflow_orchestrator: wkmp-ai\src\services\workflow_orchestrator\mod.rs:1770: File already processed (INGEST COMPLETE/NO AUDIO/DUPLICATE HASH), skipping all remaining phases file="C:\\Users\\Mango Cat\\Music\\10,000_Maniacs/MTV_Unplugged/02-Eat_For_Two.mp3" file_id=a08edb68-8543-4cd8-9d54-7e39e52514d4
2026-02-05T22:39:19.987731Z DEBUG tokio-runtime-worker ThreadId(23) wkmp_ai::services::workflow_orchestrator: wkmp-ai\src\services\workflow_orchestrator\mod.rs:2912: File processing complete session_id=fc49b2a9-297a-4710-91ea-7a5f24790519 file_index=1 file=10,000_Maniacs/MTV_Unplugged/02-Eat_For_Two.mp3
2026-02-05T22:39:19.987876Z DEBUG tokio-runtime-worker ThreadId(23) wkmp_ai::services::workflow_orchestrator: wkmp-ai\src\services\workflow_orchestrator\mod.rs:1438: Acquiring all statistics Mutex locks for SSE conversion
2026-02-05T22:39:19.987981Z DEBUG tokio-runtime-worker ThreadId(23) wkmp_ai::services::workflow_orchestrator: wkmp-ai\src\services\workflow_orchestrator\mod.rs:1467: All statistics Mutex locks acquired and data cloned
2026-02-05T22:39:19.988074Z DEBUG tokio-runtime-worker ThreadId(23) wkmp_ai::services::workflow_orchestrator: wkmp-ai\src\services\workflow_orchestrator\mod.rs:1577: Releasing all statistics Mutex locks for SSE conversion
2026-02-05T22:39:19.988200Z DEBUG tokio-runtime-worker ThreadId(23) wkmp_ai::services::filename_matcher: wkmp-ai\src\services\filename_matcher.rs:65: Database query completed path=10,000_Maniacs/MTV_Unplugged/10-Trouble_Me.mp3 query_us=6493
2026-02-05T22:39:19.988303Z DEBUG tokio-runtime-worker ThreadId(23) wkmp_ai::services::filename_matcher: wkmp-ai\src\services\filename_matcher.rs:81: File already processed (INGEST COMPLETE) path=10,000_Maniacs/MTV_Unplugged/10-Trouble_Me.mp3 guid=4aa7606b-8f3a-4186-86d6-8d07cff7af76
2026-02-05T22:39:19.988395Z  INFO tokio-runtime-worker ThreadId(23) wkmp_ai::services::workflow_orchestrator: wkmp-ai\src\services\workflow_orchestrator\mod.rs:1756: Phase 1 completed phase="Filename Matching" duration_ms=6 path_us=0 db_ms=6 file_index=9
2026-02-05T22:39:19.988489Z  INFO tokio-runtime-worker ThreadId(23) wkmp_ai::services::workflow_orchestrator: wkmp-ai\src\services\workflow_orchestrator\mod.rs:1770: File already processed (INGEST COMPLETE/NO AUDIO/DUPLICATE HASH), skipping all remaining phases file="C:\\Users\\Mango Cat\\Music\\10,000_Maniacs/MTV_Unplugged/10-Trouble_Me.mp3" file_id=4aa7606b-8f3a-4186-86d6-8d07cff7af76
2026-02-05T22:39:19.988588Z DEBUG tokio-runtime-worker ThreadId(23) wkmp_ai::services::workflow_orchestrator: wkmp-ai\src\services\workflow_orchestrator\mod.rs:2912: File processing complete session_id=fc49b2a9-297a-4710-91ea-7a5f24790519 file_index=9 file=10,000_Maniacs/MTV_Unplugged/10-Trouble_Me.mp3
2026-02-05T22:39:19.988676Z DEBUG tokio-runtime-worker ThreadId(23) wkmp_ai::services::workflow_orchestrator: wkmp-ai\src\services\workflow_orchestrator\mod.rs:1438: Acquiring all statistics Mutex locks for SSE conversion
2026-02-05T22:39:19.988748Z DEBUG tokio-runtime-worker ThreadId(23) wkmp_ai::services::workflow_orchestrator: wkmp-ai\src\services\workflow_orchestrator\mod.rs:1467: All statistics Mutex locks acquired and data cloned
2026-02-05T22:39:19.988834Z DEBUG tokio-runtime-worker ThreadId(23) wkmp_ai::services::workflow_orchestrator: wkmp-ai\src\services\workflow_orchestrator\mod.rs:1577: Releasing all statistics Mutex locks for SSE conversion
2026-02-05T22:39:19.988958Z DEBUG tokio-runtime-worker ThreadId(23) wkmp_ai::services::filename_matcher: wkmp-ai\src\services\filename_matcher.rs:65: Database query completed path=10,000_Maniacs/MTV_Unplugged/08-Gold_Rush_Brides.mp3 query_us=8270
2026-02-05T22:39:19.989046Z DEBUG tokio-runtime-worker ThreadId(23) wkmp_ai::services::filename_matcher: wkmp-ai\src\services\filename_matcher.rs:81: File already processed (INGEST COMPLETE) path=10,000_Maniacs/MTV_Unplugged/08-Gold_Rush_Brides.mp3 guid=ede28fbc-f8a9-40ab-9af2-870b24ab4c58
2026-02-05T22:39:19.989158Z  INFO tokio-runtime-worker ThreadId(23) wkmp_ai::services::workflow_orchestrator: wkmp-ai\src\services\workflow_orchestrator\mod.rs:1756: Phase 1 completed phase="Filename Matching" duration_ms=8 path_us=1 db_ms=8 file_index=7
2026-02-05T22:39:19.989259Z  INFO tokio-runtime-worker ThreadId(23) wkmp_ai::services::workflow_orchestrator: wkmp-ai\src\services\workflow_orchestrator\mod.rs:1770: File already processed (INGEST COMPLETE/NO AUDIO/DUPLICATE HASH), skipping all remaining phases file="C:\\Users\\Mango Cat\\Music\\10,000_Maniacs/MTV_Unplugged/08-Gold_Rush_Brides.mp3" file_id=ede28fbc-f8a9-40ab-9af2-870b24ab4c58
2026-02-05T22:39:19.989361Z DEBUG tokio-runtime-worker ThreadId(23) wkmp_ai::services::workflow_orchestrator: wkmp-ai\src\services\workflow_orchestrator\mod.rs:2912: File processing complete session_id=fc49b2a9-297a-4710-91ea-7a5f24790519 file_index=7 file=10,000_Maniacs/MTV_Unplugged/08-Gold_Rush_Brides.mp3
2026-02-05T22:39:19.989460Z DEBUG tokio-runtime-worker ThreadId(23) wkmp_ai::services::workflow_orchestrator: wkmp-ai\src\services\workflow_orchestrator\mod.rs:1438: Acquiring all statistics Mutex locks for SSE conversion
2026-02-05T22:39:19.989532Z DEBUG tokio-runtime-worker ThreadId(23) wkmp_ai::services::workflow_orchestrator: wkmp-ai\src\services\workflow_orchestrator\mod.rs:1467: All statistics Mutex locks acquired and data cloned
2026-02-05T22:39:19.989626Z DEBUG tokio-runtime-worker ThreadId(23) wkmp_ai::services::workflow_orchestrator: wkmp-ai\src\services\workflow_orchestrator\mod.rs:1577: Releasing all statistics Mutex locks for SSE conversion
2026-02-05T22:39:19.989758Z DEBUG tokio-runtime-worker ThreadId(23) wkmp_ai::services::filename_matcher: wkmp-ai\src\services\filename_matcher.rs:65: Database query completed path=10,000_Maniacs/MTV_Unplugged/03-Candy_Everybody_Wants.mp3 query_us=11962
2026-02-05T22:39:19.989848Z DEBUG tokio-runtime-worker ThreadId(23) wkmp_ai::services::filename_matcher: wkmp-ai\src\services\filename_matcher.rs:81: File already processed (INGEST COMPLETE) path=10,000_Maniacs/MTV_Unplugged/03-Candy_Everybody_Wants.mp3 guid=9da8449c-4ee2-4810-b6df-0528a91e817a
2026-02-05T22:39:19.989933Z  INFO tokio-runtime-worker ThreadId(23) wkmp_ai::services::workflow_orchestrator: wkmp-ai\src\services\workflow_orchestrator\mod.rs:1756: Phase 1 completed phase="Filename Matching" duration_ms=12 path_us=1 db_ms=12 file_index=2
2026-02-05T22:39:19.990024Z  INFO tokio-runtime-worker ThreadId(23) wkmp_ai::services::workflow_orchestrator: wkmp-ai\src\services\workflow_orchestrator\mod.rs:1770: File already processed (INGEST COMPLETE/NO AUDIO/DUPLICATE HASH), skipping all remaining phases file="C:\\Users\\Mango Cat\\Music\\10,000_Maniacs/MTV_Unplugged/03-Candy_Everybody_Wants.mp3" file_id=9da8449c-4ee2-4810-b6df-0528a91e817a
2026-02-05T22:39:19.990155Z DEBUG tokio-runtime-worker ThreadId(23) wkmp_ai::services::workflow_orchestrator: wkmp-ai\src\services\workflow_orchestrator\mod.rs:2912: File processing complete session_id=fc49b2a9-297a-4710-91ea-7a5f24790519 file_index=2 file=10,000_Maniacs/MTV_Unplugged/03-Candy_Everybody_Wants.mp3
2026-02-05T22:39:19.990306Z DEBUG tokio-runtime-worker ThreadId(23) wkmp_ai::services::workflow_orchestrator: wkmp-ai\src\services\workflow_orchestrator\mod.rs:1438: Acquiring all statistics Mutex locks for SSE conversion
2026-02-05T22:39:19.990426Z DEBUG tokio-runtime-worker ThreadId(23) wkmp_ai::services::workflow_orchestrator: wkmp-ai\src\services\workflow_orchestrator\mod.rs:1467: All statistics Mutex locks acquired and data cloned
2026-02-05T22:39:19.990658Z DEBUG tokio-runtime-worker ThreadId(23) wkmp_ai::services::workflow_orchestrator: wkmp-ai\src\services\workflow_orchestrator\mod.rs:1577: Releasing all statistics Mutex locks for SSE conversion
2026-02-05T22:39:19.990838Z DEBUG tokio-runtime-worker ThreadId(23) wkmp_ai::services::filename_matcher: wkmp-ai\src\services\filename_matcher.rs:65: Database query completed path=10,000_Maniacs/MTV_Unplugged/07-What's_The_Matter_Here-.mp3 query_us=10770
2026-02-05T22:39:19.990996Z DEBUG tokio-runtime-worker ThreadId(23) wkmp_ai::services::filename_matcher: wkmp-ai\src\services\filename_matcher.rs:81: File already processed (INGEST COMPLETE) path=10,000_Maniacs/MTV_Unplugged/07-What's_The_Matter_Here-.mp3 guid=525a9986-869c-4dec-9711-000b859f5691
2026-02-05T22:39:19.991217Z  INFO tokio-runtime-worker ThreadId(23) wkmp_ai::services::workflow_orchestrator: wkmp-ai\src\services\workflow_orchestrator\mod.rs:1756: Phase 1 completed phase="Filename Matching" duration_ms=11 path_us=1 db_ms=11 file_index=6
2026-02-05T22:39:19.991421Z  INFO tokio-runtime-worker ThreadId(23) wkmp_ai::services::workflow_orchestrator: wkmp-ai\src\services\workflow_orchestrator\mod.rs:1770: File already processed (INGEST COMPLETE/NO AUDIO/DUPLICATE HASH), skipping all remaining phases file="C:\\Users\\Mango Cat\\Music\\10,000_Maniacs/MTV_Unplugged/07-What\'s_The_Matter_Here-.mp3" file_id=525a9986-869c-4dec-9711-000b859f5691
2026-02-05T22:39:19.991624Z DEBUG tokio-runtime-worker ThreadId(23) wkmp_ai::services::workflow_orchestrator: wkmp-ai\src\services\workflow_orchestrator\mod.rs:2912: File processing complete session_id=fc49b2a9-297a-4710-91ea-7a5f24790519 file_index=6 file=10,000_Maniacs/MTV_Unplugged/07-What's_The_Matter_Here-.mp3
2026-02-05T22:39:20.125342Z DEBUG tokio-runtime-worker ThreadId(23) wkmp_ai::services::workflow_orchestrator: wkmp-ai\src\services\workflow_orchestrator\mod.rs:1438: Acquiring all statistics Mutex locks for SSE conversion
2026-02-05T22:39:20.125531Z DEBUG tokio-runtime-worker ThreadId(23) wkmp_ai::services::workflow_orchestrator: wkmp-ai\src\services\workflow_orchestrator\mod.rs:1467: All statistics Mutex locks acquired and data cloned
2026-02-05T22:39:20.125698Z DEBUG tokio-runtime-worker ThreadId(23) wkmp_ai::services::workflow_orchestrator: wkmp-ai\src\services\workflow_orchestrator\mod.rs:1577: Releasing all statistics Mutex locks for SSE conversion
2026-02-05T22:39:20.125865Z DEBUG tokio-runtime-worker ThreadId(23) wkmp_ai::services::filename_matcher: wkmp-ai\src\services\filename_matcher.rs:65: Database query completed path=10,000_Maniacs/MTV_Unplugged/12-Because_The_Night.mp3 query_us=143406
2026-02-05T22:39:20.125952Z DEBUG tokio-runtime-worker ThreadId(23) wkmp_ai::services::filename_matcher: wkmp-ai\src\services\filename_matcher.rs:81: File already processed (INGEST COMPLETE) path=10,000_Maniacs/MTV_Unplugged/12-Because_The_Night.mp3 guid=e45bbb84-2fa2-4d1e-aad4-a8169f75b158
2026-02-05T22:39:20.126054Z  INFO tokio-runtime-worker ThreadId(23) wkmp_ai::services::workflow_orchestrator: wkmp-ai\src\services\workflow_orchestrator\mod.rs:1756: Phase 1 completed phase="Filename Matching" duration_ms=143
 path_us=0 db_ms=143 file_index=11
2026-02-05T22:39:20.126142Z  INFO tokio-runtime-worker ThreadId(23) wkmp_ai::services::workflow_orchestrator: wkmp-ai\src\services\workflow_orchestrator\mod.rs:1770: File already processed (INGEST COMPLETE/NO AUDIO/DUPLICATE HASH), skipping all remaining phases file="C:\\Users\\Mango Cat\\Music\\10,000_Maniacs/MTV_Unplugged/12-Because_The_Night.mp3" file_id=e45bbb84-2fa2-4d1e-aad4-a8169f75b158
2026-02-05T22:39:20.126242Z DEBUG tokio-runtime-worker ThreadId(23) wkmp_ai::services::workflow_orchestrator: wkmp-ai\src\services\workflow_orchestrator\mod.rs:2912: File processing complete session_id=fc49b2a9-297a-4710-91ea-7a5f24790519 file_index=11 file=10,000_Maniacs/MTV_Unplugged/12-Because_The_Night.mp3
2026-02-05T22:39:20.126328Z DEBUG tokio-runtime-worker ThreadId(23) wkmp_ai::services::workflow_orchestrator: wkmp-ai\src\services\workflow_orchestrator\mod.rs:1438: Acquiring all statistics Mutex locks for SSE conversion
2026-02-05T22:39:20.126397Z DEBUG tokio-runtime-worker ThreadId(23) wkmp_ai::services::workflow_orchestrator: wkmp-ai\src\services\workflow_orchestrator\mod.rs:1467: All statistics Mutex locks acquired and data cloned
2026-02-05T22:39:20.126476Z DEBUG tokio-runtime-worker ThreadId(23) wkmp_ai::services::workflow_orchestrator: wkmp-ai\src\services\workflow_orchestrator\mod.rs:1577: Releasing all statistics Mutex locks for SSE conversion
2026-02-05T22:39:20.126566Z DEBUG tokio-runtime-worker ThreadId(23) wkmp_ai::services::filename_matcher: wkmp-ai\src\services\filename_matcher.rs:65: Database query completed path=10,000_Maniacs/MTV_Unplugged/11-Jezebel.mp3 query_us=144477
2026-02-05T22:39:20.126644Z DEBUG tokio-runtime-worker ThreadId(23) wkmp_ai::services::filename_matcher: wkmp-ai\src\services\filename_matcher.rs:81: File already processed (INGEST COMPLETE) path=10,000_Maniacs/MTV_Unplugged/11-Jezebel.mp3 guid=a7190db8-49a2-419a-8ece-40f3df6dbb23
2026-02-05T22:39:20.126723Z  INFO tokio-runtime-worker ThreadId(23) wkmp_ai::services::workflow_orchestrator: wkmp-ai\src\services\workflow_orchestrator\mod.rs:1756: Phase 1 completed phase="Filename Matching" duration_ms=144
 path_us=1 db_ms=144 file_index=10
2026-02-05T22:39:20.126805Z  INFO tokio-runtime-worker ThreadId(23) wkmp_ai::services::workflow_orchestrator: wkmp-ai\src\services\workflow_orchestrator\mod.rs:1770: File already processed (INGEST COMPLETE/NO AUDIO/DUPLICATE HASH), skipping all remaining phases file="C:\\Users\\Mango Cat\\Music\\10,000_Maniacs/MTV_Unplugged/11-Jezebel.mp3" file_id=a7190db8-49a2-419a-8ece-40f3df6dbb23
2026-02-05T22:39:20.126890Z DEBUG tokio-runtime-worker ThreadId(23) wkmp_ai::services::workflow_orchestrator: wkmp-ai\src\services\workflow_orchestrator\mod.rs:2912: File processing complete session_id=fc49b2a9-297a-4710-91ea-7a5f24790519 file_index=10 file=10,000_Maniacs/MTV_Unplugged/11-Jezebel.mp3
2026-02-05T22:39:20.126972Z DEBUG tokio-runtime-worker ThreadId(23) wkmp_ai::services::workflow_orchestrator: wkmp-ai\src\services\workflow_orchestrator\mod.rs:1438: Acquiring all statistics Mutex locks for SSE conversion
2026-02-05T22:39:20.127038Z DEBUG tokio-runtime-worker ThreadId(23) wkmp_ai::services::workflow_orchestrator: wkmp-ai\src\services\workflow_orchestrator\mod.rs:1467: All statistics Mutex locks acquired and data cloned
2026-02-05T22:39:20.127113Z DEBUG tokio-runtime-worker ThreadId(23) wkmp_ai::services::workflow_orchestrator: wkmp-ai\src\services\workflow_orchestrator\mod.rs:1577: Releasing all statistics Mutex locks for SSE conversion
2026-02-05T22:39:20.127187Z DEBUG tokio-runtime-worker ThreadId(23) wkmp_ai::services::workflow_orchestrator: wkmp-ai\src\services\workflow_orchestrator\mod.rs:3094: Starting per-file pipeline file_index=12 file_id=358785d6-9b90-436f-b6fa-5ea771541ca1 file=10,000_Maniacs/MTV_Unplugged/13-Stockton_Gala_Days.mp3
2026-02-05T22:39:20.127272Z  INFO tokio-runtime-worker ThreadId(23) wkmp_ai::services::workflow_orchestrator: wkmp-ai\src\services\workflow_orchestrator\mod.rs:1733: Starting PLAN024 10-phase per-file pipeline (late audio decode) file="C:\\Users\\Mango Cat\\Music\\10,000_Maniacs/MTV_Unplugged/13-Stockton_Gala_Days.mp3"
2026-02-05T22:39:20.127360Z DEBUG tokio-runtime-worker ThreadId(23) wkmp_ai::services::workflow_orchestrator: wkmp-ai\src\services\workflow_orchestrator\mod.rs:1742: Phase 1: Filename Matching - START file="C:\\Users\\Mango Cat\\Music\\10,000_Maniacs/MTV_Unplugged/13-Stockton_Gala_Days.mp3"
2026-02-05T22:39:20.127443Z DEBUG tokio-runtime-worker ThreadId(23) wkmp_ai::services::filename_matcher: wkmp-ai\src\services\filename_matcher.rs:54: Checking if file exists in database path=10,000_Maniacs/MTV_Unplugged/13-Stockton_Gala_Days.mp3 norm_us=7
2026-02-05T22:39:20.127578Z DEBUG tokio-runtime-worker ThreadId(23) wkmp_ai::services::workflow_orchestrator: wkmp-ai\src\services\workflow_orchestrator\mod.rs:3094: Starting per-file pipeline file_index=13 file_id=54a73214-4532-44b4-9bba-02169b2ac758 file=10,000_Maniacs/MTV_Unplugged/14-Noah's_Dove.mp3
2026-02-05T22:39:20.127672Z  INFO tokio-runtime-worker ThreadId(23) wkmp_ai::services::workflow_orchestrator: wkmp-ai\src\services\workflow_orchestrator\mod.rs:1733: Starting PLAN024 10-phase per-file pipeline (late audio decode) file="C:\\Users\\Mango Cat\\Music\\10,000_Maniacs/MTV_Unplugged/14-Noah\'s_Dove.mp3"
2026-02-05T22:39:20.127757Z DEBUG tokio-runtime-worker ThreadId(23) wkmp_ai::services::workflow_orchestrator: wkmp-ai\src\services\workflow_orchestrator\mod.rs:1742: Phase 1: Filename Matching - START file="C:\\Users\\Mango Cat\\Music\\10,000_Maniacs/MTV_Unplugged/14-Noah\'s_Dove.mp3"
2026-02-05T22:39:20.127835Z DEBUG tokio-runtime-worker ThreadId(23) wkmp_ai::services::filename_matcher: wkmp-ai\src\services\filename_matcher.rs:54: Checking if file exists in database path=10,000_Maniacs/MTV_Unplugged/14-Noah's_Dove.mp3 norm_us=2
2026-02-05T22:39:20.127931Z DEBUG tokio-runtime-worker ThreadId(23) wkmp_ai::services::workflow_orchestrator: wkmp-ai\src\services\workflow_orchestrator\mod.rs:3094: Starting per-file pipeline file_index=14 file_id=4b6f8417-fe03-4dc3-9bea-ec6596c6156c file=38 Special/Anthology.mp3
2026-02-05T22:39:20.128019Z  INFO tokio-runtime-worker ThreadId(23) wkmp_ai::services::workflow_orchestrator: wkmp-ai\src\services\workflow_orchestrator\mod.rs:1733: Starting PLAN024 10-phase per-file pipeline (late audio decode) file="C:\\Users\\Mango Cat\\Music\\38 Special/Anthology.mp3"
2026-02-05T22:39:20.128099Z DEBUG tokio-runtime-worker ThreadId(23) wkmp_ai::services::workflow_orchestrator: wkmp-ai\src\services\workflow_orchestrator\mod.rs:1742: Phase 1: Filename Matching - START file="C:\\Users\\Mango Cat\\Music\\38 Special/Anthology.mp3"
2026-02-05T22:39:20.128174Z DEBUG tokio-runtime-worker ThreadId(23) wkmp_ai::services::filename_matcher: wkmp-ai\src\services\filename_matcher.rs:54: Checking if file exists in database path=38 Special/Anthology.mp3 norm_us=1
2026-02-05T22:39:20.128259Z DEBUG tokio-runtime-worker ThreadId(23) wkmp_ai::services::workflow_orchestrator: wkmp-ai\src\services\workflow_orchestrator\mod.rs:3094: Starting per-file pipeline file_index=15 file_id=14cecdde-75b1-43b5-a5a8-6316820829b4 file=4 Non Blondes/Bigger,_Better,_Faster,_More/(4_Non_Blondes)Bigger,_Better,_Faster,_More-01-Train_.mp3
2026-02-05T22:39:20.128341Z  INFO tokio-runtime-worker ThreadId(23) wkmp_ai::services::workflow_orchestrator: wkmp-ai\src\services\workflow_orchestrator\mod.rs:1733: Starting PLAN024 10-phase per-file pipeline (late audio decode) file="C:\\Users\\Mango Cat\\Music\\4 Non Blondes/Bigger,_Better,_Faster,_More/(4_Non_Blondes)Bigger,_Better,_Faster,_More-01-Train_.mp3"
2026-02-05T22:39:20.128422Z DEBUG tokio-runtime-worker ThreadId(23) wkmp_ai::services::workflow_orchestrator: wkmp-ai\src\services\workflow_orchestrator\mod.rs:1742: Phase 1: Filename Matching - START file="C:\\Users\\Mango Cat\\Music\\4 Non Blondes/Bigger,_Better,_Faster,_More/(4_Non_Blondes)Bigger,_Better,_Faster,_More-01-Train_.mp3"
2026-02-05T22:39:20.128500Z DEBUG tokio-runtime-worker ThreadId(23) wkmp_ai::services::filename_matcher: wkmp-ai\src\services\filename_matcher.rs:54: Checking if file exists in database path=4 Non Blondes/Bigger,_Better,_Faster,_More/(4_Non_Blondes)Bigger,_Better,_Faster,_More-01-Train_.mp3 norm_us=2
2026-02-05T22:39:20.128591Z DEBUG tokio-runtime-worker ThreadId(23) wkmp_ai::services::workflow_orchestrator: wkmp-ai\src\services\workflow_orchestrator\mod.rs:3094: Starting per-file pipeline file_index=16 file_id=b46287e4-4dd1-4d32-a0c3-e278a5e3942f file=4 Non Blondes/Bigger,_Better,_Faster,_More/(4_Non_Blondes)Bigger,_Better,_Faster,_More-02-Superfly_.mp3
2026-02-05T22:39:20.128675Z  INFO tokio-runtime-worker ThreadId(23) wkmp_ai::services::workflow_orchestrator: wkmp-ai\src\services\workflow_orchestrator\mod.rs:1733: Starting PLAN024 10-phase per-file pipeline (late audio decode) file="C:\\Users\\Mango Cat\\Music\\4 Non Blondes/Bigger,_Better,_Faster,_More/(4_Non_Blondes)Bigger,_Better,_Faster,_More-02-Superfly_.mp3"
2026-02-05T22:39:20.128756Z DEBUG tokio-runtime-worker ThreadId(23) wkmp_ai::services::workflow_orchestrator: wkmp-ai\src\services\workflow_orchestrator\mod.rs:1742: Phase 1: Filename Matching - START file="C:\\Users\\Mango Cat\\Music\\4 Non Blondes/Bigger,_Better,_Faster,_More/(4_Non_Blondes)Bigger,_Better,_Faster,_More-02-Superfly_.mp3"
2026-02-05T22:39:20.128835Z DEBUG tokio-runtime-worker ThreadId(23) wkmp_ai::services::filename_matcher: wkmp-ai\src\services\filename_matcher.rs:54: Checking if file exists in database path=4 Non Blondes/Bigger,_Better,_Faster,_More/(4_Non_Blondes)Bigger,_Better,_Faster,_More-02-Superfly_.mp3 norm_us=2
2026-02-05T22:39:20.128925Z DEBUG tokio-runtime-worker ThreadId(23) wkmp_ai::services::workflow_orchestrator: wkmp-ai\src\services\workflow_orchestrator\mod.rs:3094: Starting per-file pipeline file_index=17 file_id=6d834e79-1038-4d41-b371-3bb9a31ed408 file=4 Non Blondes/Bigger,_Better,_Faster,_More/(4_Non_Blondes)Bigger,_Better,_Faster,_More-03-What's_Up_.mp3
2026-02-05T22:39:20.129006Z  INFO tokio-runtime-worker ThreadId(23) wkmp_ai::services::workflow_orchestrator: wkmp-ai\src\services\workflow_orchestrator\mod.rs:1733: Starting PLAN024 10-phase per-file pipeline (late audio decode) file="C:\\Users\\Mango Cat\\Music\\4 Non Blondes/Bigger,_Better,_Faster,_More/(4_Non_Blondes)Bigger,_Better,_Faster,_More-03-What\'s_Up_.mp3"
2026-02-05T22:39:20.129087Z DEBUG tokio-runtime-worker ThreadId(23) wkmp_ai::services::workflow_orchestrator: wkmp-ai\src\services\workflow_orchestrator\mod.rs:1742: Phase 1: Filename Matching - START file="C:\\Users\\Mango Cat\\Music\\4 Non Blondes/Bigger,_Better,_Faster,_More/(4_Non_Blondes)Bigger,_Better,_Faster,_More-03-What\'s_Up_.mp3"
2026-02-05T22:39:20.129165Z DEBUG tokio-runtime-worker ThreadId(23) wkmp_ai::services::filename_matcher: wkmp-ai\src\services\filename_matcher.rs:54: Checking if file exists in database path=4 Non Blondes/Bigger,_Better,_Faster,_More/(4_Non_Blondes)Bigger,_Better,_Faster,_More-03-What's_Up_.mp3 norm_us=2
2026-02-05T22:39:20.129255Z DEBUG tokio-runtime-worker ThreadId(23) wkmp_ai::services::workflow_orchestrator: wkmp-ai\src\services\workflow_orchestrator\mod.rs:3094: Starting per-file pipeline file_index=18 file_id=92c36f49-e206-4316-8cd3-5928568381f1 file=4 Non Blondes/Bigger,_Better,_Faster,_More/(4_Non_Blondes)Bigger,_Better,_Faster,_More-04-Pleasantly_Blue_.mp3
2026-02-05T22:39:20.129336Z  INFO tokio-runtime-worker ThreadId(23) wkmp_ai::services::workflow_orchestrator: wkmp-ai\src\services\workflow_orchestrator\mod.rs:1733: Starting PLAN024 10-phase per-file pipeline (late audio decode) file="C:\\Users\\Mango Cat\\Music\\4 Non Blondes/Bigger,_Better,_Faster,_More/(4_Non_Blondes)Bigger,_Better,_Faster,_More-04-Pleasantly_Blue_.mp3"
2026-02-05T22:39:20.129417Z DEBUG tokio-runtime-worker ThreadId(23) wkmp_ai::services::workflow_orchestrator: wkmp-ai\src\services\workflow_orchestrator\mod.rs:1742: Phase 1: Filename Matching - START file="C:\\Users\\Mango Cat\\Music\\4 Non Blondes/Bigger,_Better,_Faster,_More/(4_Non_Blondes)Bigger,_Better,_Faster,_More-04-Pleasantly_Blue_.mp3"
2026-02-05T22:39:20.129495Z DEBUG tokio-runtime-worker ThreadId(23) wkmp_ai::services::filename_matcher: wkmp-ai\src\services\filename_matcher.rs:54: Checking if file exists in database path=4 Non Blondes/Bigger,_Better,_Faster,_More/(4_Non_Blondes)Bigger,_Better,_Faster,_More-04-Pleasantly_Blue_.mp3 norm_us=2
2026-02-05T22:39:20.129585Z DEBUG tokio-runtime-worker ThreadId(23) wkmp_ai::services::workflow_orchestrator: wkmp-ai\src\services\workflow_orchestrator\mod.rs:3094: Starting per-file pipeline file_index=19 file_id=6e58e1dd-74a4-4e97-9840-4a789d6306e5 file=4 Non Blondes/Bigger,_Better,_Faster,_More/(4_Non_Blondes)Bigger,_Better,_Faster,_More-05-Morphine_&_Chocolate.mp3
2026-02-05T22:39:20.129666Z  INFO tokio-runtime-worker ThreadId(23) wkmp_ai::services::workflow_orchestrator: wkmp-ai\src\services\workflow_orchestrator\mod.rs:1733: Starting PLAN024 10-phase per-file pipeline (late audio decode) file="C:\\Users\\Mango Cat\\Music\\4 Non Blondes/Bigger,_Better,_Faster,_More/(4_Non_Blondes)Bigger,_Better,_Faster,_More-05-Morphine_&_Chocolate.mp3"
2026-02-05T22:39:20.129747Z DEBUG tokio-runtime-worker ThreadId(23) wkmp_ai::services::workflow_orchestrator: wkmp-ai\src\services\workflow_orchestrator\mod.rs:1742: Phase 1: Filename Matching - START file="C:\\Users\\Mango Cat\\Music\\4 Non Blondes/Bigger,_Better,_Faster,_More/(4_Non_Blondes)Bigger,_Better,_Faster,_More-05-Morphine_&_Chocolate.mp3"
2026-02-05T22:39:20.129825Z DEBUG tokio-runtime-worker ThreadId(23) wkmp_ai::services::filename_matcher: wkmp-ai\src\services\filename_matcher.rs:54: Checking if file exists in database path=4 Non Blondes/Bigger,_Better,_Faster,_More/(4_Non_Blondes)Bigger,_Better,_Faster,_More-05-Morphine_&_Chocolate.mp3 norm_us=2
2026-02-05T22:39:20.129914Z DEBUG tokio-runtime-worker ThreadId(23) wkmp_ai::services::workflow_orchestrator: wkmp-ai\src\services\workflow_orchestrator\mod.rs:3094: Starting per-file pipeline file_index=20 file_id=9be4ff96-0f16-40fa-8b16-07bad67d1dbe file=4 Non Blondes/Bigger,_Better,_Faster,_More/(4_Non_Blondes)Bigger,_Better,_Faster,_More-06-Spaceman.mp3
2026-02-05T22:39:20.129997Z  INFO tokio-runtime-worker ThreadId(23) wkmp_ai::services::workflow_orchestrator: wkmp-ai\src\services\workflow_orchestrator\mod.rs:1733: Starting PLAN024 10-phase per-file pipeline (late audio decode) file="C:\\Users\\Mango Cat\\Music\\4 Non Blondes/Bigger,_Better,_Faster,_More/(4_Non_Blondes)Bigger,_Better,_Faster,_More-06-Spaceman.mp3"
2026-02-05T22:39:20.130078Z DEBUG tokio-runtime-worker ThreadId(23) wkmp_ai::services::workflow_orchestrator: wkmp-ai\src\services\workflow_orchestrator\mod.rs:1742: Phase 1: Filename Matching - START file="C:\\Users\\Mango Cat\\Music\\4 Non Blondes/Bigger,_Better,_Faster,_More/(4_Non_Blondes)Bigger,_Better,_Faster,_More-06-Spaceman.mp3"
2026-02-05T22:39:20.130156Z DEBUG tokio-runtime-worker ThreadId(23) wkmp_ai::services::filename_matcher: wkmp-ai\src\services\filename_matcher.rs:54: Checking if file exists in database path=4 Non Blondes/Bigger,_Better,_Faster,_More/(4_Non_Blondes)Bigger,_Better,_Faster,_More-06-Spaceman.mp3 norm_us=2
2026-02-05T22:39:20.130248Z DEBUG tokio-runtime-worker ThreadId(23) wkmp_ai::services::workflow_orchestrator: wkmp-ai\src\services\workflow_orchestrator\mod.rs:3094: Starting per-file pipeline file_index=21 file_id=2790ed2c-23bd-409a-870e-d491b2b1f075 file=4 Non Blondes/Bigger,_Better,_Faster,_More/(4_Non_Blondes)Bigger,_Better,_Faster,_More-07-Old_Mr._Heffer.mp3
2026-02-05T22:39:20.130329Z  INFO tokio-runtime-worker ThreadId(23) wkmp_ai::services::workflow_orchestrator: wkmp-ai\src\services\workflow_orchestrator\mod.rs:1733: Starting PLAN024 10-phase per-file pipeline (late audio decode) file="C:\\Users\\Mango Cat\\Music\\4 Non Blondes/Bigger,_Better,_Faster,_More/(4_Non_Blondes)Bigger,_Better,_Faster,_More-07-Old_Mr._Heffer.mp3"
2026-02-05T22:39:20.130409Z DEBUG tokio-runtime-worker ThreadId(23) wkmp_ai::services::workflow_orchestrator: wkmp-ai\src\services\workflow_orchestrator\mod.rs:1742: Phase 1: Filename Matching - START file="C:\\Users\\Mango Cat\\Music\\4 Non Blondes/Bigger,_Better,_Faster,_More/(4_Non_Blondes)Bigger,_Better,_Faster,_More-07-Old_Mr._Heffer.mp3"
2026-02-05T22:39:20.130487Z DEBUG tokio-runtime-worker ThreadId(23) wkmp_ai::services::filename_matcher: wkmp-ai\src\services\filename_matcher.rs:54: Checking if file exists in database path=4 Non Blondes/Bigger,_Better,_Faster,_More/(4_Non_Blondes)Bigger,_Better,_Faster,_More-07-Old_Mr._Heffer.mp3 norm_us=2
2026-02-05T22:39:20.130579Z DEBUG tokio-runtime-worker ThreadId(23) wkmp_ai::services::workflow_orchestrator: wkmp-ai\src\services\workflow_orchestrator\mod.rs:3094: Starting per-file pipeline file_index=22 file_id=91571a2e-a1ad-4506-a3cc-a60f9736934b file=4 Non Blondes/Bigger,_Better,_Faster,_More/(4_Non_Blondes)Bigger,_Better,_Faster,_More-08-Calling_All_The_People.mp3
2026-02-05T22:39:20.130661Z  INFO tokio-runtime-worker ThreadId(23) wkmp_ai::services::workflow_orchestrator: wkmp-ai\src\services\workflow_orchestrator\mod.rs:1733: Starting PLAN024 10-phase per-file pipeline (late audio decode) file="C:\\Users\\Mango Cat\\Music\\4 Non Blondes/Bigger,_Better,_Faster,_More/(4_Non_Blondes)Bigger,_Better,_Faster,_More-08-Calling_All_The_People.mp3"
2026-02-05T22:39:20.130741Z DEBUG tokio-runtime-worker ThreadId(23) wkmp_ai::services::workflow_orchestrator: wkmp-ai\src\services\workflow_orchestrator\mod.rs:1742: Phase 1: Filename Matching - START file="C:\\Users\\Mango Cat\\Music\\4 Non Blondes/Bigger,_Better,_Faster,_More/(4_Non_Blondes)Bigger,_Better,_Faster,_More-08-Calling_All_The_People.mp3"
2026-02-05T22:39:20.130818Z DEBUG tokio-runtime-worker ThreadId(23) wkmp_ai::services::filename_matcher: wkmp-ai\src\services\filename_matcher.rs:54: Checking if file exists in database path=4 Non Blondes/Bigger,_Better,_Faster,_More/(4_Non_Blondes)Bigger,_Better,_Faster,_More-08-Calling_All_The_People.mp3 norm_us=2
2026-02-05T22:39:20.130911Z DEBUG tokio-runtime-worker ThreadId(23) wkmp_ai::services::workflow_orchestrator: wkmp-ai\src\services\workflow_orchestrator\mod.rs:3094: Starting per-file pipeline file_index=23 file_id=30365188-7ec7-4711-b07f-9cc9b9ee4c70 file=4 Non Blondes/Bigger,_Better,_Faster,_More/(4_Non_Blondes)Bigger,_Better,_Faster,_More-09-Dear_Mr._President.mp3
2026-02-05T22:39:20.130992Z  INFO tokio-runtime-worker ThreadId(23) wkmp_ai::services::workflow_orchestrator: wkmp-ai\src\services\workflow_orchestrator\mod.rs:1733: Starting PLAN024 10-phase per-file pipeline (late audio decode) file="C:\\Users\\Mango Cat\\Music\\4 Non Blondes/Bigger,_Better,_Faster,_More/(4_Non_Blondes)Bigger,_Better,_Faster,_More-09-Dear_Mr._President.mp3"
2026-02-05T22:39:20.131073Z DEBUG tokio-runtime-worker ThreadId(23) wkmp_ai::services::workflow_orchestrator: wkmp-ai\src\services\workflow_orchestrator\mod.rs:1742: Phase 1: Filename Matching - START file="C:\\Users\\Mango Cat\\Music\\4 Non Blondes/Bigger,_Better,_Faster,_More/(4_Non_Blondes)Bigger,_Better,_Faster,_More-09-Dear_Mr._President.mp3"
2026-02-05T22:39:20.131150Z DEBUG tokio-runtime-worker ThreadId(23) wkmp_ai::services::filename_matcher: wkmp-ai\src\services\filename_matcher.rs:54: Checking if file exists in database path=4 Non Blondes/Bigger,_Better,_Faster,_More/(4_Non_Blondes)Bigger,_Better,_Faster,_More-09-Dear_Mr._President.mp3 norm_us=2
2026-02-05T22:39:20.131485Z DEBUG tokio-runtime-worker ThreadId(23) wkmp_ai::api::sse: wkmp-ai\src\api\sse.rs:71: SSE: Broadcasting import event: ImportProgressUpdate
2026-02-05T22:39:20.131748Z DEBUG tokio-runtime-worker ThreadId(23) wkmp_ai::api::sse: wkmp-ai\src\api\sse.rs:71: SSE: Broadcasting import event: ImportProgressUpdate
2026-02-05T22:39:20.131979Z DEBUG tokio-runtime-worker ThreadId(23) wkmp_ai::api::sse: wkmp-ai\src\api\sse.rs:71: SSE: Broadcasting import event: ImportProgressUpdate
2026-02-05T22:39:20.132346Z DEBUG tokio-runtime-worker ThreadId(23) wkmp_ai::api::sse: wkmp-ai\src\api\sse.rs:71: SSE: Broadcasting import event: ImportProgressUpdate
2026-02-05T22:39:20.132572Z DEBUG tokio-runtime-worker ThreadId(23) wkmp_ai::api::sse: wkmp-ai\src\api\sse.rs:71: SSE: Broadcasting import event: ImportProgressUpdate
2026-02-05T22:39:20.132822Z DEBUG tokio-runtime-worker ThreadId(23) wkmp_ai::api::sse: wkmp-ai\src\api\sse.rs:71: SSE: Broadcasting import event: ImportProgressUpdate
2026-02-05T22:39:20.133127Z DEBUG tokio-runtime-worker ThreadId(23) wkmp_ai::api::sse: wkmp-ai\src\api\sse.rs:71: SSE: Broadcasting import event: ImportProgressUpdate
2026-02-05T22:39:20.133446Z DEBUG tokio-runtime-worker ThreadId(23) wkmp_ai::api::sse: wkmp-ai\src\api\sse.rs:71: SSE: Broadcasting import event: ImportProgressUpdate
2026-02-05T22:39:20.133716Z DEBUG tokio-runtime-worker ThreadId(23) wkmp_ai::api::sse: wkmp-ai\src\api\sse.rs:71: SSE: Broadcasting import event: ImportProgressUpdate
2026-02-05T22:39:20.133976Z DEBUG tokio-runtime-worker ThreadId(23) wkmp_ai::api::sse: wkmp-ai\src\api\sse.rs:71: SSE: Broadcasting import event: ImportProgressUpdate
2026-02-05T22:39:20.134234Z DEBUG tokio-runtime-worker ThreadId(23) wkmp_ai::api::sse: wkmp-ai\src\api\sse.rs:71: SSE: Broadcasting import event: ImportProgressUpdate
2026-02-05T22:39:20.134459Z DEBUG tokio-runtime-worker ThreadId(23) wkmp_ai::api::sse: wkmp-ai\src\api\sse.rs:71: SSE: Broadcasting import event: ImportProgressUpdate
2026-02-05T22:39:20.134831Z DEBUG tokio-runtime-worker ThreadId(23) wkmp_ai::api::sse: wkmp-ai\src\api\sse.rs:71: SSE: Broadcasting import event: ImportProgressUpdate
2026-02-05T22:39:20.135108Z DEBUG tokio-runtime-worker ThreadId(23) wkmp_ai::api::sse: wkmp-ai\src\api\sse.rs:71: SSE: Broadcasting import event: ImportProgressUpdate
2026-02-05T22:39:20.135361Z DEBUG tokio-runtime-worker ThreadId(23) wkmp_ai::api::sse: wkmp-ai\src\api\sse.rs:71: SSE: Broadcasting import event: ImportProgressUpdate
2026-02-05T22:39:20.135627Z DEBUG tokio-runtime-worker ThreadId(23) wkmp_ai::api::sse: wkmp-ai\src\api\sse.rs:71: SSE: Broadcasting import event: ImportProgressUpdate
2026-02-05T22:39:20.135863Z DEBUG tokio-runtime-worker ThreadId(23) wkmp_ai::api::sse: wkmp-ai\src\api\sse.rs:71: SSE: Broadcasting import event: ImportProgressUpdate
2026-02-05T22:39:20.136091Z DEBUG tokio-runtime-worker ThreadId(23) wkmp_ai::api::sse: wkmp-ai\src\api\sse.rs:71: SSE: Broadcasting import event: ImportProgressUpdate
2026-02-05T22:39:20.136332Z DEBUG tokio-runtime-worker ThreadId(23) wkmp_ai::api::sse: wkmp-ai\src\api\sse.rs:71: SSE: Broadcasting import event: ImportProgressUpdate
2026-02-05T22:39:20.136561Z DEBUG tokio-runtime-worker ThreadId(23) wkmp_ai::api::sse: wkmp-ai\src\api\sse.rs:71: SSE: Broadcasting import event: ImportProgressUpdate
2026-02-05T22:39:20.136781Z DEBUG tokio-runtime-worker ThreadId(23) wkmp_ai::api::sse: wkmp-ai\src\api\sse.rs:71: SSE: Broadcasting import event: ImportProgressUpdate
2026-02-05T22:39:20.137050Z DEBUG tokio-runtime-worker ThreadId(23) wkmp_ai::api::sse: wkmp-ai\src\api\sse.rs:71: SSE: Broadcasting import event: ImportProgressUpdate
2026-02-05T22:39:20.137276Z DEBUG tokio-runtime-worker ThreadId(23) wkmp_ai::api::sse: wkmp-ai\src\api\sse.rs:71: SSE: Broadcasting import event: ImportProgressUpdate
2026-02-05T22:39:20.137518Z DEBUG tokio-runtime-worker ThreadId(23) wkmp_ai::api::sse: wkmp-ai\src\api\sse.rs:71: SSE: Broadcasting import event: ImportProgressUpdate
2026-02-05T22:39:20.138163Z DEBUG tokio-runtime-worker ThreadId(23) wkmp_ai::services::filename_matcher: wkmp-ai\src\services\filename_matcher.rs:65: Database query completed path=4 Non Blondes/Bigger,_Better,_Faster,_More/(4_Non_Blondes)Bigger,_Better,_Faster,_More-03-What's_Up_.mp3 query_us=8919
2026-02-05T22:39:20.138376Z DEBUG tokio-runtime-worker ThreadId(23) wkmp_ai::services::filename_matcher: wkmp-ai\src\services\filename_matcher.rs:81: File already processed (INGEST COMPLETE) path=4 Non Blondes/Bigger,_Better,_Faster,_More/(4_Non_Blondes)Bigger,_Better,_Faster,_More-03-What's_Up_.mp3 guid=6d834e79-1038-4d41-b371-3bb9a31ed408
2026-02-05T22:39:20.138491Z  INFO tokio-runtime-worker ThreadId(23) wkmp_ai::services::workflow_orchestrator: wkmp-ai\src\services\workflow_orchestrator\mod.rs:1756: Phase 1 completed phase="Filename Matching" duration_ms=9 path_us=0 db_ms=9 file_index=17
2026-02-05T22:39:20.138585Z  INFO tokio-runtime-worker ThreadId(23) wkmp_ai::services::workflow_orchestrator: wkmp-ai\src\services\workflow_orchestrator\mod.rs:1770: File already processed (INGEST COMPLETE/NO AUDIO/DUPLICATE HASH), skipping all remaining phases file="C:\\Users\\Mango Cat\\Music\\4 Non Blondes/Bigger,_Better,_Faster,_More/(4_Non_Blondes)Bigger,_Better,_Faster,_More-03-What\'s_Up_.mp3" file_id=6d834e79-1038-4d41-b371-3bb9a31ed408
2026-02-05T22:39:20.138698Z DEBUG tokio-runtime-worker ThreadId(23) wkmp_ai::services::workflow_orchestrator: wkmp-ai\src\services\workflow_orchestrator\mod.rs:2912: File processing complete session_id=fc49b2a9-297a-4710-91ea-7a5f24790519 file_index=17 file=4 Non Blondes/Bigger,_Better,_Faster,_More/(4_Non_Blondes)Bigger,_Better,_Faster,_More-03-What's_Up_.mp3
2026-02-05T22:39:20.138789Z DEBUG tokio-runtime-worker ThreadId(23) wkmp_ai::services::workflow_orchestrator: wkmp-ai\src\services\workflow_orchestrator\mod.rs:1438: Acquiring all statistics Mutex locks for SSE conversion
2026-02-05T22:39:20.138870Z DEBUG tokio-runtime-worker ThreadId(23) wkmp_ai::services::workflow_orchestrator: wkmp-ai\src\services\workflow_orchestrator\mod.rs:1467: All statistics Mutex locks acquired and data cloned
2026-02-05T22:39:20.138971Z DEBUG tokio-runtime-worker ThreadId(23) wkmp_ai::services::workflow_orchestrator: wkmp-ai\src\services\workflow_orchestrator\mod.rs:1577: Releasing all statistics Mutex locks for SSE conversion
2026-02-05T22:39:20.139085Z DEBUG tokio-runtime-worker ThreadId(23) wkmp_ai::services::filename_matcher: wkmp-ai\src\services\filename_matcher.rs:65: Database query completed path=10,000_Maniacs/MTV_Unplugged/14-Noah's_Dove.mp3 query_us=11170
2026-02-05T22:39:20.139175Z DEBUG tokio-runtime-worker ThreadId(23) wkmp_ai::services::filename_matcher: wkmp-ai\src\services\filename_matcher.rs:81: File already processed (INGEST COMPLETE) path=10,000_Maniacs/MTV_Unplugged/14-Noah's_Dove.mp3 guid=54a73214-4532-44b4-9bba-02169b2ac758
2026-02-05T22:39:20.139254Z  INFO tokio-runtime-worker ThreadId(23) wkmp_ai::services::workflow_orchestrator: wkmp-ai\src\services\workflow_orchestrator\mod.rs:1756: Phase 1 completed phase="Filename Matching" duration_ms=11 path_us=0 db_ms=11 file_index=13
2026-02-05T22:39:20.139453Z  INFO tokio-runtime-worker ThreadId(23) wkmp_ai::services::workflow_orchestrator: wkmp-ai\src\services\workflow_orchestrator\mod.rs:1770: File already processed (INGEST COMPLETE/NO AUDIO/DUPLICATE HASH), skipping all remaining phases file="C:\\Users\\Mango Cat\\Music\\10,000_Maniacs/MTV_Unplugged/14-Noah\'s_Dove.mp3" file_id=54a73214-4532-44b4-9bba-02169b2ac758
2026-02-05T22:39:20.139630Z DEBUG tokio-runtime-worker ThreadId(23) wkmp_ai::services::workflow_orchestrator: wkmp-ai\src\services\workflow_orchestrator\mod.rs:2912: File processing complete session_id=fc49b2a9-297a-4710-91ea-7a5f24790519 file_index=13 file=10,000_Maniacs/MTV_Unplugged/14-Noah's_Dove.mp3
2026-02-05T22:39:20.139716Z DEBUG tokio-runtime-worker ThreadId(23) wkmp_ai::services::workflow_orchestrator: wkmp-ai\src\services\workflow_orchestrator\mod.rs:1438: Acquiring all statistics Mutex locks for SSE conversion
2026-02-05T22:39:20.139784Z DEBUG tokio-runtime-worker ThreadId(23) wkmp_ai::services::workflow_orchestrator: wkmp-ai\src\services\workflow_orchestrator\mod.rs:1467: All statistics Mutex locks acquired and data cloned
2026-02-05T22:39:20.139866Z DEBUG tokio-runtime-worker ThreadId(23) wkmp_ai::services::workflow_orchestrator: wkmp-ai\src\services\workflow_orchestrator\mod.rs:1577: Releasing all statistics Mutex locks for SSE conversion
2026-02-05T22:39:20.139964Z DEBUG tokio-runtime-worker ThreadId(23) wkmp_ai::services::filename_matcher: wkmp-ai\src\services\filename_matcher.rs:65: Database query completed path=4 Non Blondes/Bigger,_Better,_Faster,_More/(4_Non_Blondes)Bigger,_Better,_Faster,_More-01-Train_.mp3 query_us=11387
2026-02-05T22:39:20.140043Z DEBUG tokio-runtime-worker ThreadId(23) wkmp_ai::services::filename_matcher: wkmp-ai\src\services\filename_matcher.rs:81: File already processed (INGEST COMPLETE) path=4 Non Blondes/Bigger,_Better,_Faster,_More/(4_Non_Blondes)Bigger,_Better,_Faster,_More-01-Train_.mp3 guid=14cecdde-75b1-43b5-a5a8-6316820829b4
2026-02-05T22:39:20.140146Z  INFO tokio-runtime-worker ThreadId(23) wkmp_ai::services::workflow_orchestrator: wkmp-ai\src\services\workflow_orchestrator\mod.rs:1756: Phase 1 completed phase="Filename Matching" duration_ms=11 path_us=0 db_ms=11 file_index=15
2026-02-05T22:39:20.140231Z  INFO tokio-runtime-worker ThreadId(23) wkmp_ai::services::workflow_orchestrator: wkmp-ai\src\services\workflow_orchestrator\mod.rs:1770: File already processed (INGEST COMPLETE/NO AUDIO/DUPLICATE HASH), skipping all remaining phases file="C:\\Users\\Mango Cat\\Music\\4 Non Blondes/Bigger,_Better,_Faster,_More/(4_Non_Blondes)Bigger,_Better,_Faster,_More-01-Train_.mp3" file_id=14cecdde-75b1-43b5-a5a8-6316820829b4
2026-02-05T22:39:20.140402Z DEBUG tokio-runtime-worker ThreadId(23) wkmp_ai::services::workflow_orchestrator: wkmp-ai\src\services\workflow_orchestrator\mod.rs:2912: File processing complete session_id=fc49b2a9-297a-4710-91ea-7a5f24790519 file_index=15 file=4 Non Blondes/Bigger,_Better,_Faster,_More/(4_Non_Blondes)Bigger,_Better,_Faster,_More-01-Train_.mp3
2026-02-05T22:39:20.140619Z DEBUG tokio-runtime-worker ThreadId(23) wkmp_ai::services::workflow_orchestrator: wkmp-ai\src\services\workflow_orchestrator\mod.rs:1438: Acquiring all statistics Mutex locks for SSE conversion
2026-02-05T22:39:20.140786Z DEBUG tokio-runtime-worker ThreadId(23) wkmp_ai::services::workflow_orchestrator: wkmp-ai\src\services\workflow_orchestrator\mod.rs:1467: All statistics Mutex locks acquired and data cloned
2026-02-05T22:39:20.140907Z DEBUG tokio-runtime-worker ThreadId(23) wkmp_ai::services::workflow_orchestrator: wkmp-ai\src\services\workflow_orchestrator\mod.rs:1577: Releasing all statistics Mutex locks for SSE conversion
2026-02-05T22:39:20.141039Z DEBUG tokio-runtime-worker ThreadId(23) wkmp_ai::services::filename_matcher: wkmp-ai\src\services\filename_matcher.rs:65: Database query completed path=38 Special/Anthology.mp3 query_us=12791
2026-02-05T22:39:20.141217Z DEBUG tokio-runtime-worker ThreadId(23) wkmp_ai::services::filename_matcher: wkmp-ai\src\services\filename_matcher.rs:88: File exists, reusing fileId path=38 Special/Anthology.mp3 guid=4b6f8417-fe03-4dc3-9bea-ec6596c6156c status=PENDING
2026-02-05T22:39:20.141359Z  INFO tokio-runtime-worker ThreadId(23) wkmp_ai::services::workflow_orchestrator: wkmp-ai\src\services\workflow_orchestrator\mod.rs:1756: Phase 1 completed phase="Filename Matching" duration_ms=13 path_us=0 db_ms=13 file_index=14
2026-02-05T22:39:20.141528Z DEBUG tokio-runtime-worker ThreadId(23) wkmp_ai::services::workflow_orchestrator: wkmp-ai\src\services\workflow_orchestrator\mod.rs:1778: Reusing existing file record (incomplete processing) file_id=4b6f8417-fe03-4dc3-9bea-ec6596c6156c
2026-02-05T22:39:20.141682Z DEBUG tokio-runtime-worker ThreadId(23) wkmp_ai::services::workflow_orchestrator: wkmp-ai\src\services\workflow_orchestrator\mod.rs:1812: Phase 2: Hash Deduplication file="C:\\Users\\Mango Cat\\Music\\38 Special/Anthology.mp3" file_id=4b6f8417-fe03-4dc3-9bea-ec6596c6156c
2026-02-05T22:39:20.141787Z DEBUG tokio-runtime-worker ThreadId(23) wkmp_ai::services::hash_deduplicator: wkmp-ai\src\services\hash_deduplicator.rs:52: Calculating SHA-256 hash path=C:\Users\Mango Cat\Music\38 Special/Anthology.mp3
2026-02-05T22:39:20.141918Z DEBUG tokio-runtime-worker ThreadId(23) wkmp_ai::services::filename_matcher: wkmp-ai\src\services\filename_matcher.rs:65: Database query completed path=4 Non Blondes/Bigger,_Better,_Faster,_More/(4_Non_Blondes)Bigger,_Better,_Faster,_More-02-Superfly_.mp3 query_us=13006
2026-02-05T22:39:20.142009Z DEBUG tokio-runtime-worker ThreadId(23) wkmp_ai::services::filename_matcher: wkmp-ai\src\services\filename_matcher.rs:81: File already processed (INGEST COMPLETE) path=4 Non Blondes/Bigger,_Better,_Faster,_More/(4_Non_Blondes)Bigger,_Better,_Faster,_More-02-Superfly_.mp3 guid=b46287e4-4dd1-4d32-a0c3-e278a5e3942f
2026-02-05T22:39:20.142102Z  INFO tokio-runtime-worker ThreadId(23) wkmp_ai::services::workflow_orchestrator: wkmp-ai\src\services\workflow_orchestrator\mod.rs:1756: Phase 1 completed phase="Filename Matching" duration_ms=13 path_us=0 db_ms=13 file_index=16
2026-02-05T22:39:20.142189Z  INFO tokio-runtime-worker ThreadId(23) wkmp_ai::services::workflow_orchestrator: wkmp-ai\src\services\workflow_orchestrator\mod.rs:1770: File already processed (INGEST COMPLETE/NO AUDIO/DUPLICATE HASH), skipping all remaining phases file="C:\\Users\\Mango Cat\\Music\\4 Non Blondes/Bigger,_Better,_Faster,_More/(4_Non_Blondes)Bigger,_Better,_Faster,_More-02-Superfly_.mp3" file_id=b46287e4-4dd1-4d32-a0c3-e278a5e3942f
2026-02-05T22:39:20.142286Z DEBUG tokio-runtime-worker ThreadId(23) wkmp_ai::services::workflow_orchestrator: wkmp-ai\src\services\workflow_orchestrator\mod.rs:2912: File processing complete session_id=fc49b2a9-297a-4710-91ea-7a5f24790519 file_index=16 file=4 Non Blondes/Bigger,_Better,_Faster,_More/(4_Non_Blondes)Bigger,_Better,_Faster,_More-02-Superfly_.mp3
2026-02-05T22:39:20.142376Z DEBUG tokio-runtime-worker ThreadId(23) wkmp_ai::services::workflow_orchestrator: wkmp-ai\src\services\workflow_orchestrator\mod.rs:1438: Acquiring all statistics Mutex locks for SSE conversion
2026-02-05T22:39:20.142449Z DEBUG tokio-runtime-worker ThreadId(23) wkmp_ai::services::workflow_orchestrator: wkmp-ai\src\services\workflow_orchestrator\mod.rs:1467: All statistics Mutex locks acquired and data cloned
2026-02-05T22:39:20.142535Z DEBUG tokio-runtime-worker ThreadId(23) wkmp_ai::services::workflow_orchestrator: wkmp-ai\src\services\workflow_orchestrator\mod.rs:1577: Releasing all statistics Mutex locks for SSE conversion
2026-02-05T22:39:20.142649Z DEBUG tokio-runtime-worker ThreadId(23) wkmp_ai::services::filename_matcher: wkmp-ai\src\services\filename_matcher.rs:65: Database query completed path=10,000_Maniacs/MTV_Unplugged/13-Stockton_Gala_Days.mp3 query_us=15115
2026-02-05T22:39:20.142778Z DEBUG tokio-runtime-worker ThreadId(23) wkmp_ai::services::filename_matcher: wkmp-ai\src\services\filename_matcher.rs:81: File already processed (INGEST COMPLETE) path=10,000_Maniacs/MTV_Unplugged/13-Stockton_Gala_Days.mp3 guid=358785d6-9b90-436f-b6fa-5ea771541ca1
2026-02-05T22:39:20.142887Z  INFO tokio-runtime-worker ThreadId(23) wkmp_ai::services::workflow_orchestrator: wkmp-ai\src\services\workflow_orchestrator\mod.rs:1756: Phase 1 completed phase="Filename Matching" duration_ms=15 path_us=0 db_ms=15 file_index=12
2026-02-05T22:39:20.143026Z  INFO tokio-runtime-worker ThreadId(23) wkmp_ai::services::workflow_orchestrator: wkmp-ai\src\services\workflow_orchestrator\mod.rs:1770: File already processed (INGEST COMPLETE/NO AUDIO/DUPLICATE HASH), skipping all remaining phases file="C:\\Users\\Mango Cat\\Music\\10,000_Maniacs/MTV_Unplugged/13-Stockton_Gala_Days.mp3" file_id=358785d6-9b90-436f-b6fa-5ea771541ca1
2026-02-05T22:39:20.143156Z DEBUG tokio-runtime-worker ThreadId(23) wkmp_ai::services::workflow_orchestrator: wkmp-ai\src\services\workflow_orchestrator\mod.rs:2912: File processing complete session_id=fc49b2a9-297a-4710-91ea-7a5f24790519 file_index=12 file=10,000_Maniacs/MTV_Unplugged/13-Stockton_Gala_Days.mp3
2026-02-05T22:39:20.143560Z DEBUG tokio-runtime-worker ThreadId(23) wkmp_ai::services::workflow_orchestrator: wkmp-ai\src\services\workflow_orchestrator\mod.rs:1438: Acquiring all statistics Mutex locks for SSE conversion
2026-02-05T22:39:20.143884Z DEBUG tokio-runtime-worker ThreadId(23) wkmp_ai::services::workflow_orchestrator: wkmp-ai\src\services\workflow_orchestrator\mod.rs:1467: All statistics Mutex locks acquired and data cloned
2026-02-05T22:39:20.144200Z DEBUG tokio-runtime-worker ThreadId(23) wkmp_ai::services::workflow_orchestrator: wkmp-ai\src\services\workflow_orchestrator\mod.rs:1577: Releasing all statistics Mutex locks for SSE conversion
2026-02-05T22:39:20.144467Z DEBUG tokio-runtime-worker ThreadId(23) wkmp_ai::services::filename_matcher: wkmp-ai\src\services\filename_matcher.rs:65: Database query completed path=4 Non Blondes/Bigger,_Better,_Faster,_More/(4_Non_Blondes)Bigger,_Better,_Faster,_More-05-Morphine_&_Chocolate.mp3 query_us=14563
2026-02-05T22:39:20.144619Z DEBUG tokio-runtime-worker ThreadId(23) wkmp_ai::services::filename_matcher: wkmp-ai\src\services\filename_matcher.rs:81: File already processed (INGEST COMPLETE) path=4 Non Blondes/Bigger,_Better,_Faster,_More/(4_Non_Blondes)Bigger,_Better,_Faster,_More-05-Morphine_&_Chocolate.mp3 guid=6e58e1dd-74a4-4e97-9840-4a789d6306e5
2026-02-05T22:39:20.144733Z  INFO tokio-runtime-worker ThreadId(23) wkmp_ai::services::workflow_orchestrator: wkmp-ai\src\services\workflow_orchestrator\mod.rs:1756: Phase 1 completed phase="Filename Matching" duration_ms=14 path_us=0 db_ms=14 file_index=19
2026-02-05T22:39:20.144887Z  INFO tokio-runtime-worker ThreadId(23) wkmp_ai::services::workflow_orchestrator: wkmp-ai\src\services\workflow_orchestrator\mod.rs:1770: File already processed (INGEST COMPLETE/NO AUDIO/DUPLICATE HASH), skipping all remaining phases file="C:\\Users\\Mango Cat\\Music\\4 Non Blondes/Bigger,_Better,_Faster,_More/(4_Non_Blondes)Bigger,_Better,_Faster,_More-05-Morphine_&_Chocolate.mp3" file_id=6e58e1dd-74a4-4e97-9840-4a789d6306e5
2026-02-05T22:39:20.145001Z DEBUG tokio-runtime-worker ThreadId(23) wkmp_ai::services::workflow_orchestrator: wkmp-ai\src\services\workflow_orchestrator\mod.rs:2912: File processing complete session_id=fc49b2a9-297a-4710-91ea-7a5f24790519 file_index=19 file=4 Non Blondes/Bigger,_Better,_Faster,_More/(4_Non_Blondes)Bigger,_Better,_Faster,_More-05-Morphine_&_Chocolate.mp3
2026-02-05T22:39:20.145148Z DEBUG tokio-runtime-worker ThreadId(23) wkmp_ai::services::workflow_orchestrator: wkmp-ai\src\services\workflow_orchestrator\mod.rs:1438: Acquiring all statistics Mutex locks for SSE conversion
2026-02-05T22:39:20.145227Z DEBUG tokio-runtime-worker ThreadId(23) wkmp_ai::services::workflow_orchestrator: wkmp-ai\src\services\workflow_orchestrator\mod.rs:1467: All statistics Mutex locks acquired and data cloned
2026-02-05T22:39:20.145356Z DEBUG tokio-runtime-worker ThreadId(23) wkmp_ai::services::workflow_orchestrator: wkmp-ai\src\services\workflow_orchestrator\mod.rs:1577: Releasing all statistics Mutex locks for SSE conversion
2026-02-05T22:39:20.145471Z DEBUG tokio-runtime-worker ThreadId(23) wkmp_ai::services::filename_matcher: wkmp-ai\src\services\filename_matcher.rs:65: Database query completed path=4 Non Blondes/Bigger,_Better,_Faster,_More/(4_Non_Blondes)Bigger,_Better,_Faster,_More-04-Pleasantly_Blue_.mp3 query_us=15898
2026-02-05T22:39:20.145611Z DEBUG tokio-runtime-worker ThreadId(23) wkmp_ai::services::filename_matcher: wkmp-ai\src\services\filename_matcher.rs:81: File already processed (INGEST COMPLETE) path=4 Non Blondes/Bigger,_Better,_Faster,_More/(4_Non_Blondes)Bigger,_Better,_Faster,_More-04-Pleasantly_Blue_.mp3 guid=92c36f49-e206-4316-8cd3-5928568381f1
2026-02-05T22:39:20.145699Z  INFO tokio-runtime-worker ThreadId(23) wkmp_ai::services::workflow_orchestrator: wkmp-ai\src\services\workflow_orchestrator\mod.rs:1756: Phase 1 completed phase="Filename Matching" duration_ms=16 path_us=0 db_ms=16 file_index=18
2026-02-05T22:39:20.145846Z  INFO tokio-runtime-worker ThreadId(23) wkmp_ai::services::workflow_orchestrator: wkmp-ai\src\services\workflow_orchestrator\mod.rs:1770: File already processed (INGEST COMPLETE/NO AUDIO/DUPLICATE HASH), skipping all remaining phases file="C:\\Users\\Mango Cat\\Music\\4 Non Blondes/Bigger,_Better,_Faster,_More/(4_Non_Blondes)Bigger,_Better,_Faster,_More-04-Pleasantly_Blue_.mp3" file_id=92c36f49-e206-4316-8cd3-5928568381f1
2026-02-05T22:39:20.145953Z DEBUG tokio-runtime-worker ThreadId(23) wkmp_ai::services::workflow_orchestrator: wkmp-ai\src\services\workflow_orchestrator\mod.rs:2912: File processing complete session_id=fc49b2a9-297a-4710-91ea-7a5f24790519 file_index=18 file=4 Non Blondes/Bigger,_Better,_Faster,_More/(4_Non_Blondes)Bigger,_Better,_Faster,_More-04-Pleasantly_Blue_.mp3
2026-02-05T22:39:20.146094Z DEBUG tokio-runtime-worker ThreadId(23) wkmp_ai::services::workflow_orchestrator: wkmp-ai\src\services\workflow_orchestrator\mod.rs:1438: Acquiring all statistics Mutex locks for SSE conversion
2026-02-05T22:39:20.146171Z DEBUG tokio-runtime-worker ThreadId(23) wkmp_ai::services::workflow_orchestrator: wkmp-ai\src\services\workflow_orchestrator\mod.rs:1467: All statistics Mutex locks acquired and data cloned
2026-02-05T22:39:20.146298Z DEBUG tokio-runtime-worker ThreadId(23) wkmp_ai::services::workflow_orchestrator: wkmp-ai\src\services\workflow_orchestrator\mod.rs:1577: Releasing all statistics Mutex locks for SSE conversion
2026-02-05T22:39:20.146412Z DEBUG tokio-runtime-worker ThreadId(23) wkmp_ai::services::filename_matcher: wkmp-ai\src\services\filename_matcher.rs:65: Database query completed path=4 Non Blondes/Bigger,_Better,_Faster,_More/(4_Non_Blondes)Bigger,_Better,_Faster,_More-06-Spaceman.mp3 query_us=16175
2026-02-05T22:39:20.146549Z DEBUG tokio-runtime-worker ThreadId(23) wkmp_ai::services::filename_matcher: wkmp-ai\src\services\filename_matcher.rs:81: File already processed (INGEST COMPLETE) path=4 Non Blondes/Bigger,_Better,_Faster,_More/(4_Non_Blondes)Bigger,_Better,_Faster,_More-06-Spaceman.mp3 guid=9be4ff96-0f16-40fa-8b16-07bad67d1dbe
2026-02-05T22:39:20.146636Z  INFO tokio-runtime-worker ThreadId(23) wkmp_ai::services::workflow_orchestrator: wkmp-ai\src\services\workflow_orchestrator\mod.rs:1756: Phase 1 completed phase="Filename Matching" duration_ms=16 path_us=0 db_ms=16 file_index=20
2026-02-05T22:39:20.146782Z  INFO tokio-runtime-worker ThreadId(23) wkmp_ai::services::workflow_orchestrator: wkmp-ai\src\services\workflow_orchestrator\mod.rs:1770: File already processed (INGEST COMPLETE/NO AUDIO/DUPLICATE HASH), skipping all remaining phases file="C:\\Users\\Mango Cat\\Music\\4 Non Blondes/Bigger,_Better,_Faster,_More/(4_Non_Blondes)Bigger,_Better,_Faster,_More-06-Spaceman.mp3" file_id=9be4ff96-0f16-40fa-8b16-07bad67d1dbe
2026-02-05T22:39:20.146881Z DEBUG tokio-runtime-worker ThreadId(23) wkmp_ai::services::workflow_orchestrator: wkmp-ai\src\services\workflow_orchestrator\mod.rs:2912: File processing complete session_id=fc49b2a9-297a-4710-91ea-7a5f24790519 file_index=20 file=4 Non Blondes/Bigger,_Better,_Faster,_More/(4_Non_Blondes)Bigger,_Better,_Faster,_More-06-Spaceman.mp3
2026-02-05T22:39:20.152569Z DEBUG tokio-runtime-worker ThreadId(23) wkmp_ai::services::workflow_orchestrator: wkmp-ai\src\services\workflow_orchestrator\mod.rs:1438: Acquiring all statistics Mutex locks for SSE conversion
2026-02-05T22:39:20.152729Z DEBUG tokio-runtime-worker ThreadId(23) wkmp_ai::services::workflow_orchestrator: wkmp-ai\src\services\workflow_orchestrator\mod.rs:1467: All statistics Mutex locks acquired and data cloned
2026-02-05T22:39:20.152887Z DEBUG tokio-runtime-worker ThreadId(23) wkmp_ai::services::workflow_orchestrator: wkmp-ai\src\services\workflow_orchestrator\mod.rs:1577: Releasing all statistics Mutex locks for SSE conversion
2026-02-05T22:39:20.153092Z DEBUG tokio-runtime-worker ThreadId(23) wkmp_ai::services::filename_matcher: wkmp-ai\src\services\filename_matcher.rs:65: Database query completed path=4 Non Blondes/Bigger,_Better,_Faster,_More/(4_Non_Blondes)Bigger,_Better,_Faster,_More-08-Calling_All_The_People.mp3 query_us=22191
2026-02-05T22:39:20.153262Z DEBUG tokio-runtime-worker ThreadId(23) wkmp_ai::services::filename_matcher: wkmp-ai\src\services\filename_matcher.rs:81: File already processed (INGEST COMPLETE) path=4 Non Blondes/Bigger,_Better,_Faster,_More/(4_Non_Blondes)Bigger,_Better,_Faster,_More-08-Calling_All_The_People.mp3 guid=91571a2e-a1ad-4506-a3cc-a60f9736934b
2026-02-05T22:39:20.153378Z  INFO tokio-runtime-worker ThreadId(23) wkmp_ai::services::workflow_orchestrator: wkmp-ai\src\services\workflow_orchestrator\mod.rs:1756: Phase 1 completed phase="Filename Matching" duration_ms=22 path_us=0 db_ms=22 file_index=22
2026-02-05T22:39:20.153521Z  INFO tokio-runtime-worker ThreadId(23) wkmp_ai::services::workflow_orchestrator: wkmp-ai\src\services\workflow_orchestrator\mod.rs:1770: File already processed (INGEST COMPLETE/NO AUDIO/DUPLICATE HASH), skipping all remaining phases file="C:\\Users\\Mango Cat\\Music\\4 Non Blondes/Bigger,_Better,_Faster,_More/(4_Non_Blondes)Bigger,_Better,_Faster,_More-08-Calling_All_The_People.mp3" file_id=91571a2e-a1ad-4506-a3cc-a60f9736934b
2026-02-05T22:39:20.153685Z DEBUG tokio-runtime-worker ThreadId(23) wkmp_ai::services::workflow_orchestrator: wkmp-ai\src\services\workflow_orchestrator\mod.rs:2912: File processing complete session_id=fc49b2a9-297a-4710-91ea-7a5f24790519 file_index=22 file=4 Non Blondes/Bigger,_Better,_Faster,_More/(4_Non_Blondes)Bigger,_Better,_Faster,_More-08-Calling_All_The_People.mp3
2026-02-05T22:39:20.153795Z DEBUG tokio-runtime-worker ThreadId(23) wkmp_ai::services::workflow_orchestrator: wkmp-ai\src\services\workflow_orchestrator\mod.rs:1438: Acquiring all statistics Mutex locks for SSE conversion
2026-02-05T22:39:20.153880Z DEBUG tokio-runtime-worker ThreadId(23) wkmp_ai::services::workflow_orchestrator: wkmp-ai\src\services\workflow_orchestrator\mod.rs:1467: All statistics Mutex locks acquired and data cloned
2026-02-05T22:39:20.154086Z DEBUG tokio-runtime-worker ThreadId(23) wkmp_ai::services::workflow_orchestrator: wkmp-ai\src\services\workflow_orchestrator\mod.rs:1577: Releasing all statistics Mutex locks for SSE conversion
2026-02-05T22:39:20.154343Z DEBUG tokio-runtime-worker ThreadId(23) wkmp_ai::services::filename_matcher: wkmp-ai\src\services\filename_matcher.rs:65: Database query completed path=4 Non Blondes/Bigger,_Better,_Faster,_More/(4_Non_Blondes)Bigger,_Better,_Faster,_More-07-Old_Mr._Heffer.mp3 query_us=23777
2026-02-05T22:39:20.154488Z DEBUG tokio-runtime-worker ThreadId(23) wkmp_ai::services::filename_matcher: wkmp-ai\src\services\filename_matcher.rs:81: File already processed (INGEST COMPLETE) path=4 Non Blondes/Bigger,_Better,_Faster,_More/(4_Non_Blondes)Bigger,_Better,_Faster,_More-07-Old_Mr._Heffer.mp3 guid=2790ed2c-23bd-409a-870e-d491b2b1f075
2026-02-05T22:39:20.154698Z  INFO tokio-runtime-worker ThreadId(23) wkmp_ai::services::workflow_orchestrator: wkmp-ai\src\services\workflow_orchestrator\mod.rs:1756: Phase 1 completed phase="Filename Matching" duration_ms=24 path_us=0 db_ms=24 file_index=21
2026-02-05T22:39:20.154822Z  INFO tokio-runtime-worker ThreadId(23) wkmp_ai::services::workflow_orchestrator: wkmp-ai\src\services\workflow_orchestrator\mod.rs:1770: File already processed (INGEST COMPLETE/NO AUDIO/DUPLICATE HASH), skipping all remaining phases file="C:\\Users\\Mango Cat\\Music\\4 Non Blondes/Bigger,_Better,_Faster,_More/(4_Non_Blondes)Bigger,_Better,_Faster,_More-07-Old_Mr._Heffer.mp3" file_id=2790ed2c-23bd-409a-870e-d491b2b1f075
2026-02-05T22:39:20.154939Z DEBUG tokio-runtime-worker ThreadId(23) wkmp_ai::services::workflow_orchestrator: wkmp-ai\src\services\workflow_orchestrator\mod.rs:2912: File processing complete session_id=fc49b2a9-297a-4710-91ea-7a5f24790519 file_index=21 file=4 Non Blondes/Bigger,_Better,_Faster,_More/(4_Non_Blondes)Bigger,_Better,_Faster,_More-07-Old_Mr._Heffer.mp3
2026-02-05T22:39:20.155061Z DEBUG tokio-runtime-worker ThreadId(23) wkmp_ai::services::workflow_orchestrator: wkmp-ai\src\services\workflow_orchestrator\mod.rs:1438: Acquiring all statistics Mutex locks for SSE conversion
2026-02-05T22:39:20.155175Z DEBUG tokio-runtime-worker ThreadId(23) wkmp_ai::services::workflow_orchestrator: wkmp-ai\src\services\workflow_orchestrator\mod.rs:1467: All statistics Mutex locks acquired and data cloned
2026-02-05T22:39:20.155298Z DEBUG tokio-runtime-worker ThreadId(23) wkmp_ai::services::workflow_orchestrator: wkmp-ai\src\services\workflow_orchestrator\mod.rs:1577: Releasing all statistics Mutex locks for SSE conversion
2026-02-05T22:39:20.155422Z DEBUG tokio-runtime-worker ThreadId(23) wkmp_ai::services::filename_matcher: wkmp-ai\src\services\filename_matcher.rs:65: Database query completed path=4 Non Blondes/Bigger,_Better,_Faster,_More/(4_Non_Blondes)Bigger,_Better,_Faster,_More-09-Dear_Mr._President.mp3 query_us=24195
2026-02-05T22:39:20.155553Z DEBUG tokio-runtime-worker ThreadId(23) wkmp_ai::services::filename_matcher: wkmp-ai\src\services\filename_matcher.rs:81: File already processed (INGEST COMPLETE) path=4 Non Blondes/Bigger,_Better,_Faster,_More/(4_Non_Blondes)Bigger,_Better,_Faster,_More-09-Dear_Mr._President.mp3 guid=30365188-7ec7-4711-b07f-9cc9b9ee4c70
2026-02-05T22:39:20.155788Z  INFO tokio-runtime-worker ThreadId(23) wkmp_ai::services::workflow_orchestrator: wkmp-ai\src\services\workflow_orchestrator\mod.rs:1756: Phase 1 completed phase="Filename Matching" duration_ms=24 path_us=0 db_ms=24 file_index=23
2026-02-05T22:39:20.155947Z  INFO tokio-runtime-worker ThreadId(23) wkmp_ai::services::workflow_orchestrator: wkmp-ai\src\services\workflow_orchestrator\mod.rs:1770: File already processed (INGEST COMPLETE/NO AUDIO/DUPLICATE HASH), skipping all remaining phases file="C:\\Users\\Mango Cat\\Music\\4 Non Blondes/Bigger,_Better,_Faster,_More/(4_Non_Blondes)Bigger,_Better,_Faster,_More-09-Dear_Mr._President.mp3" file_id=30365188-7ec7-4711-b07f-9cc9b9ee4c70
2026-02-05T22:39:20.156155Z DEBUG tokio-runtime-worker ThreadId(23) wkmp_ai::services::workflow_orchestrator: wkmp-ai\src\services\workflow_orchestrator\mod.rs:2912: File processing complete session_id=fc49b2a9-297a-4710-91ea-7a5f24790519 file_index=23 file=4 Non Blondes/Bigger,_Better,_Faster,_More/(4_Non_Blondes)Bigger,_Better,_Faster,_More-09-Dear_Mr._President.mp3
2026-02-05T22:39:20.156302Z DEBUG tokio-runtime-worker ThreadId(23) wkmp_ai::services::workflow_orchestrator: wkmp-ai\src\services\workflow_orchestrator\mod.rs:1438: Acquiring all statistics Mutex locks for SSE conversion
2026-02-05T22:39:20.156522Z DEBUG tokio-runtime-worker ThreadId(23) wkmp_ai::services::workflow_orchestrator: wkmp-ai\src\services\workflow_orchestrator\mod.rs:1467: All statistics Mutex locks acquired and data cloned
2026-02-05T22:39:20.156712Z DEBUG tokio-runtime-worker ThreadId(23) wkmp_ai::services::workflow_orchestrator: wkmp-ai\src\services\workflow_orchestrator\mod.rs:1577: Releasing all statistics Mutex locks for SSE conversion
2026-02-05T22:39:20.156914Z DEBUG tokio-runtime-worker ThreadId(23) wkmp_ai::services::workflow_orchestrator: wkmp-ai\src\services\workflow_orchestrator\mod.rs:3094: Starting per-file pipeline file_index=24 file_id=64e270c8-8cfe-4189-91a1-fbd48b47979c file=4 Non Blondes/Bigger,_Better,_Faster,_More/(4_Non_Blondes)Bigger,_Better,_Faster,_More-10-Drifting.mp3
2026-02-05T22:39:20.157150Z  INFO tokio-runtime-worker ThreadId(23) wkmp_ai::services::workflow_orchestrator: wkmp-ai\src\services\workflow_orchestrator\mod.rs:1733: Starting PLAN024 10-phase per-file pipeline (late audio decode) file="C:\\Users\\Mango Cat\\Music\\4 Non Blondes/Bigger,_Better,_Faster,_More/(4_Non_Blondes)Bigger,_Better,_Faster,_More-10-Drifting.mp3"
2026-02-05T22:39:20.157373Z DEBUG tokio-runtime-worker ThreadId(23) wkmp_ai::services::workflow_orchestrator: wkmp-ai\src\services\workflow_orchestrator\mod.rs:1742: Phase 1: Filename Matching - START file="C:\\Users\\Mango Cat\\Music\\4 Non Blondes/Bigger,_Better,_Faster,_More/(4_Non_Blondes)Bigger,_Better,_Faster,_More-10-Drifting.mp3"
2026-02-05T22:39:20.157571Z DEBUG tokio-runtime-worker ThreadId(23) wkmp_ai::services::filename_matcher: wkmp-ai\src\services\filename_matcher.rs:54: Checking if file exists in database path=4 Non Blondes/Bigger,_Better,_Faster,_More/(4_Non_Blondes)Bigger,_Better,_Faster,_More-10-Drifting.mp3 norm_us=10
2026-02-05T22:39:20.157876Z DEBUG tokio-runtime-worker ThreadId(23) wkmp_ai::services::workflow_orchestrator: wkmp-ai\src\services\workflow_orchestrator\mod.rs:3094: Starting per-file pipeline file_index=25 file_id=843f35a3-e86d-4a12-ae19-676155729ebb file=4 Non Blondes/Bigger,_Better,_Faster,_More/(4_Non_Blondes)Bigger,_Better,_Faster,_More-11-No_Place_Like_Home.mp3
2026-02-05T22:39:20.158259Z  INFO tokio-runtime-worker ThreadId(23) wkmp_ai::services::workflow_orchestrator: wkmp-ai\src\services\workflow_orchestrator\mod.rs:1733: Starting PLAN024 10-phase per-file pipeline (late audio decode) file="C:\\Users\\Mango Cat\\Music\\4 Non Blondes/Bigger,_Better,_Faster,_More/(4_Non_Blondes)Bigger,_Better,_Faster,_More-11-No_Place_Like_Home.mp3"
2026-02-05T22:39:20.158674Z DEBUG tokio-runtime-worker ThreadId(23) wkmp_ai::services::workflow_orchestrator: wkmp-ai\src\services\workflow_orchestrator\mod.rs:1742: Phase 1: Filename Matching - START file="C:\\Users\\Mango Cat\\Music\\4 Non Blondes/Bigger,_Better,_Faster,_More/(4_Non_Blondes)Bigger,_Better,_Faster,_More-11-No_Place_Like_Home.mp3"
2026-02-05T22:39:20.158877Z DEBUG tokio-runtime-worker ThreadId(23) wkmp_ai::services::filename_matcher: wkmp-ai\src\services\filename_matcher.rs:54: Checking if file exists in database path=4 Non Blondes/Bigger,_Better,_Faster,_More/(4_Non_Blondes)Bigger,_Better,_Faster,_More-11-No_Place_Like_Home.mp3 norm_us=9
2026-02-05T22:39:20.159096Z DEBUG tokio-runtime-worker ThreadId(23) wkmp_ai::services::workflow_orchestrator: wkmp-ai\src\services\workflow_orchestrator\mod.rs:3094: Starting per-file pipeline file_index=26 file_id=fc503973-9646-435f-8101-fe38713c00d8 file=AC-DC/Back in Black/Disc 1 - 1 - Hells Bells.mp3
2026-02-05T22:39:20.159307Z  INFO tokio-runtime-worker ThreadId(23) wkmp_ai::services::workflow_orchestrator: wkmp-ai\src\services\workflow_orchestrator\mod.rs:1733: Starting PLAN024 10-phase per-file pipeline (late audio decode) file="C:\\Users\\Mango Cat\\Music\\AC-DC/Back in Black/Disc 1 - 1 - Hells Bells.mp3"
2026-02-05T22:39:20.159468Z DEBUG tokio-runtime-worker ThreadId(23) wkmp_ai::services::workflow_orchestrator: wkmp-ai\src\services\workflow_orchestrator\mod.rs:1742: Phase 1: Filename Matching - START file="C:\\Users\\Mango Cat\\Music\\AC-DC/Back in Black/Disc 1 - 1 - Hells Bells.mp3"
2026-02-05T22:39:20.159619Z DEBUG tokio-runtime-worker ThreadId(23) wkmp_ai::services::filename_matcher: wkmp-ai\src\services\filename_matcher.rs:54: Checking if file exists in database path=AC-DC/Back in Black/Disc 1 - 1 - Hells Bells.mp3 norm_us=4
2026-02-05T22:39:20.159748Z DEBUG tokio-runtime-worker ThreadId(23) wkmp_ai::services::workflow_orchestrator: wkmp-ai\src\services\workflow_orchestrator\mod.rs:3094: Starting per-file pipeline file_index=27 file_id=78c33984-9d00-402c-ac73-0965c3ba31d2 file=AC-DC/Back in Black/Disc 1 - 10 - Rock and Roll Ain't Noise Pollution.mp3
2026-02-05T22:39:20.159900Z  INFO tokio-runtime-worker ThreadId(23) wkmp_ai::services::workflow_orchestrator: wkmp-ai\src\services\workflow_orchestrator\mod.rs:1733: Starting PLAN024 10-phase per-file pipeline (late audio decode) file="C:\\Users\\Mango Cat\\Music\\AC-DC/Back in Black/Disc 1 - 10 - Rock and Roll Ain\'t Noise Pollution.mp3"
2026-02-05T22:39:20.160002Z DEBUG tokio-runtime-worker ThreadId(23) wkmp_ai::services::workflow_orchestrator: wkmp-ai\src\services\workflow_orchestrator\mod.rs:1742: Phase 1: Filename Matching - START file="C:\\Users\\Mango Cat\\Music\\AC-DC/Back in Black/Disc 1 - 10 - Rock and Roll Ain\'t Noise Pollution.mp3"
2026-02-05T22:39:20.160142Z DEBUG tokio-runtime-worker ThreadId(23) wkmp_ai::services::filename_matcher: wkmp-ai\src\services\filename_matcher.rs:54: Checking if file exists in database path=AC-DC/Back in Black/Disc 1 - 10 - Rock and Roll Ain't Noise Pollution.mp3 norm_us=2
2026-02-05T22:39:20.160263Z DEBUG tokio-runtime-worker ThreadId(23) wkmp_ai::services::workflow_orchestrator: wkmp-ai\src\services\workflow_orchestrator\mod.rs:3094: Starting per-file pipeline file_index=28 file_id=98057a1f-87f2-4e3a-9c19-f06158ba1cb4 file=AC-DC/Back in Black/Disc 1 - 2 - Shoot to Thrill.mp3
2026-02-05T22:39:20.160420Z  INFO tokio-runtime-worker ThreadId(23) wkmp_ai::services::workflow_orchestrator: wkmp-ai\src\services\workflow_orchestrator\mod.rs:1733: Starting PLAN024 10-phase per-file pipeline (late audio decode) file="C:\\Users\\Mango Cat\\Music\\AC-DC/Back in Black/Disc 1 - 2 - Shoot to Thrill.mp3"
2026-02-05T22:39:20.160548Z DEBUG tokio-runtime-worker ThreadId(23) wkmp_ai::services::workflow_orchestrator: wkmp-ai\src\services\workflow_orchestrator\mod.rs:1742: Phase 1: Filename Matching - START file="C:\\Users\\Mango Cat\\Music\\AC-DC/Back in Black/Disc 1 - 2 - Shoot to Thrill.mp3"
2026-02-05T22:39:20.160688Z DEBUG tokio-runtime-worker ThreadId(23) wkmp_ai::services::filename_matcher: wkmp-ai\src\services\filename_matcher.rs:54: Checking if file exists in database path=AC-DC/Back in Black/Disc 1 - 2 - Shoot to Thrill.mp3 norm_us=2
2026-02-05T22:39:20.160809Z DEBUG tokio-runtime-worker ThreadId(23) wkmp_ai::services::workflow_orchestrator: wkmp-ai\src\services\workflow_orchestrator\mod.rs:3094: Starting per-file pipeline file_index=29 file_id=928f44f0-5369-4b97-84c3-b1af72adfcdb file=AC-DC/Back in Black/Disc 1 - 3 - What Do You Do for Money Honey.mp3
2026-02-05T22:39:20.160957Z  INFO tokio-runtime-worker ThreadId(23) wkmp_ai::services::workflow_orchestrator: wkmp-ai\src\services\workflow_orchestrator\mod.rs:1733: Starting PLAN024 10-phase per-file pipeline (late audio decode) file="C:\\Users\\Mango Cat\\Music\\AC-DC/Back in Black/Disc 1 - 3 - What Do You Do for Money Honey.mp3"
2026-02-05T22:39:20.161058Z DEBUG tokio-runtime-worker ThreadId(23) wkmp_ai::services::workflow_orchestrator: wkmp-ai\src\services\workflow_orchestrator\mod.rs:1742: Phase 1: Filename Matching - START file="C:\\Users\\Mango Cat\\Music\\AC-DC/Back in Black/Disc 1 - 3 - What Do You Do for Money Honey.mp3"
2026-02-05T22:39:20.161204Z DEBUG tokio-runtime-worker ThreadId(23) wkmp_ai::services::filename_matcher: wkmp-ai\src\services\filename_matcher.rs:54: Checking if file exists in database path=AC-DC/Back in Black/Disc 1 - 3 - What Do You Do for Money Honey.mp3 norm_us=2
2026-02-05T22:39:20.161406Z DEBUG tokio-runtime-worker ThreadId(23) wkmp_ai::services::workflow_orchestrator: wkmp-ai\src\services\workflow_orchestrator\mod.rs:3094: Starting per-file pipeline file_index=30 file_id=59487249-1ffd-4a3f-9363-1d94b878be18 file=AC-DC/Back in Black/Disc 1 - 4 - Givin the Dog a Bone.mp3
2026-02-05T22:39:20.161565Z  INFO tokio-runtime-worker ThreadId(23) wkmp_ai::services::workflow_orchestrator: wkmp-ai\src\services\workflow_orchestrator\mod.rs:1733: Starting PLAN024 10-phase per-file pipeline (late audio decode) file="C:\\Users\\Mango Cat\\Music\\AC-DC/Back in Black/Disc 1 - 4 - Givin the Dog a Bone.mp3"
2026-02-05T22:39:20.161675Z DEBUG tokio-runtime-worker ThreadId(23) wkmp_ai::services::workflow_orchestrator: wkmp-ai\src\services\workflow_orchestrator\mod.rs:1742: Phase 1: Filename Matching - START file="C:\\Users\\Mango Cat\\Music\\AC-DC/Back in Black/Disc 1 - 4 - Givin the Dog a Bone.mp3"
2026-02-05T22:39:20.161822Z DEBUG tokio-runtime-worker ThreadId(23) wkmp_ai::services::filename_matcher: wkmp-ai\src\services\filename_matcher.rs:54: Checking if file exists in database path=AC-DC/Back in Black/Disc 1 - 4 - Givin the Dog a Bone.mp3 norm_us=3
2026-02-05T22:39:20.161947Z DEBUG tokio-runtime-worker ThreadId(23) wkmp_ai::services::workflow_orchestrator: wkmp-ai\src\services\workflow_orchestrator\mod.rs:3094: Starting per-file pipeline file_index=31 file_id=c85e7e20-300b-41f0-b5c8-abcef7c286f4 file=AC-DC/Back in Black/Disc 1 - 5 - Let Me Put My Love Into You.mp3
2026-02-05T22:39:20.162096Z  INFO tokio-runtime-worker ThreadId(23) wkmp_ai::services::workflow_orchestrator: wkmp-ai\src\services\workflow_orchestrator\mod.rs:1733: Starting PLAN024 10-phase per-file pipeline (late audio decode) file="C:\\Users\\Mango Cat\\Music\\AC-DC/Back in Black/Disc 1 - 5 - Let Me Put My Love Into You.mp3"
2026-02-05T22:39:20.162195Z DEBUG tokio-runtime-worker ThreadId(23) wkmp_ai::services::workflow_orchestrator: wkmp-ai\src\services\workflow_orchestrator\mod.rs:1742: Phase 1: Filename Matching - START file="C:\\Users\\Mango Cat\\Music\\AC-DC/Back in Black/Disc 1 - 5 - Let Me Put My Love Into You.mp3"
2026-02-05T22:39:20.162335Z DEBUG tokio-runtime-worker ThreadId(23) wkmp_ai::services::filename_matcher: wkmp-ai\src\services\filename_matcher.rs:54: Checking if file exists in database path=AC-DC/Back in Black/Disc 1 - 5 - Let Me Put My Love Into You.mp3 norm_us=2
2026-02-05T22:39:20.162457Z DEBUG tokio-runtime-worker ThreadId(23) wkmp_ai::services::workflow_orchestrator: wkmp-ai\src\services\workflow_orchestrator\mod.rs:3094: Starting per-file pipeline file_index=32 file_id=a6784401-fc57-473f-af66-016b89065d71 file=AC-DC/Back in Black/Disc 1 - 6 - Back in Black.mp3
2026-02-05T22:39:20.162605Z  INFO tokio-runtime-worker ThreadId(23) wkmp_ai::services::workflow_orchestrator: wkmp-ai\src\services\workflow_orchestrator\mod.rs:1733: Starting PLAN024 10-phase per-file pipeline (late audio decode) file="C:\\Users\\Mango Cat\\Music\\AC-DC/Back in Black/Disc 1 - 6 - Back in Black.mp3"
2026-02-05T22:39:20.162702Z DEBUG tokio-runtime-worker ThreadId(23) wkmp_ai::services::workflow_orchestrator: wkmp-ai\src\services\workflow_orchestrator\mod.rs:1742: Phase 1: Filename Matching - START file="C:\\Users\\Mango Cat\\Music\\AC-DC/Back in Black/Disc 1 - 6 - Back in Black.mp3"
2026-02-05T22:39:20.162840Z DEBUG tokio-runtime-worker ThreadId(23) wkmp_ai::services::filename_matcher: wkmp-ai\src\services\filename_matcher.rs:54: Checking if file exists in database path=AC-DC/Back in Black/Disc 1 - 6 - Back in Black.mp3 norm_us=2
2026-02-05T22:39:20.162960Z DEBUG tokio-runtime-worker ThreadId(23) wkmp_ai::services::workflow_orchestrator: wkmp-ai\src\services\workflow_orchestrator\mod.rs:3094: Starting per-file pipeline file_index=33 file_id=e1047039-c809-41f6-abf4-3d03eb967b03 file=AC-DC/Back in Black/Disc 1 - 7 - You Shook Me All Night Long.mp3
2026-02-05T22:39:20.163108Z  INFO tokio-runtime-worker ThreadId(23) wkmp_ai::services::workflow_orchestrator: wkmp-ai\src\services\workflow_orchestrator\mod.rs:1733: Starting PLAN024 10-phase per-file pipeline (late audio decode) file="C:\\Users\\Mango Cat\\Music\\AC-DC/Back in Black/Disc 1 - 7 - You Shook Me All Night Long.mp3"
2026-02-05T22:39:20.163205Z DEBUG tokio-runtime-worker ThreadId(23) wkmp_ai::services::workflow_orchestrator: wkmp-ai\src\services\workflow_orchestrator\mod.rs:1742: Phase 1: Filename Matching - START file="C:\\Users\\Mango Cat\\Music\\AC-DC/Back in Black/Disc 1 - 7 - You Shook Me All Night Long.mp3"
2026-02-05T22:39:20.163344Z DEBUG tokio-runtime-worker ThreadId(23) wkmp_ai::services::filename_matcher: wkmp-ai\src\services\filename_matcher.rs:54: Checking if file exists in database path=AC-DC/Back in Black/Disc 1 - 7 - You Shook Me All Night Long.mp3 norm_us=2
2026-02-05T22:39:20.163463Z DEBUG tokio-runtime-worker ThreadId(23) wkmp_ai::services::workflow_orchestrator: wkmp-ai\src\services\workflow_orchestrator\mod.rs:3094: Starting per-file pipeline file_index=34 file_id=deadcfcf-af37-4d32-b611-da8df38844cd file=AC-DC/Back in Black/Disc 1 - 8 - Have a Drink on Me.mp3
2026-02-05T22:39:20.163608Z  INFO tokio-runtime-worker ThreadId(23) wkmp_ai::services::workflow_orchestrator: wkmp-ai\src\services\workflow_orchestrator\mod.rs:1733: Starting PLAN024 10-phase per-file pipeline (late audio decode) file="C:\\Users\\Mango Cat\\Music\\AC-DC/Back in Black/Disc 1 - 8 - Have a Drink on Me.mp3"
2026-02-05T22:39:20.163706Z DEBUG tokio-runtime-worker ThreadId(23) wkmp_ai::services::workflow_orchestrator: wkmp-ai\src\services\workflow_orchestrator\mod.rs:1742: Phase 1: Filename Matching - START file="C:\\Users\\Mango Cat\\Music\\AC-DC/Back in Black/Disc 1 - 8 - Have a Drink on Me.mp3"
2026-02-05T22:39:20.163844Z DEBUG tokio-runtime-worker ThreadId(23) wkmp_ai::services::filename_matcher: wkmp-ai\src\services\filename_matcher.rs:54: Checking if file exists in database path=AC-DC/Back in Black/Disc 1 - 8 - Have a Drink on Me.mp3 norm_us=2
2026-02-05T22:39:20.164364Z DEBUG tokio-runtime-worker ThreadId(23) wkmp_ai::api::sse: wkmp-ai\src\api\sse.rs:71: SSE: Broadcasting import event: ImportProgressUpdate
2026-02-05T22:39:20.165131Z DEBUG tokio-runtime-worker ThreadId(23) wkmp_ai::api::sse: wkmp-ai\src\api\sse.rs:71: SSE: Broadcasting import event: ImportProgressUpdate
2026-02-05T22:39:20.165837Z DEBUG tokio-runtime-worker ThreadId(23) wkmp_ai::api::sse: wkmp-ai\src\api\sse.rs:71: SSE: Broadcasting import event: ImportProgressUpdate
2026-02-05T22:39:20.166254Z DEBUG tokio-runtime-worker ThreadId(23) wkmp_ai::api::sse: wkmp-ai\src\api\sse.rs:71: SSE: Broadcasting import event: ImportProgressUpdate
2026-02-05T22:39:20.166627Z DEBUG tokio-runtime-worker ThreadId(23) wkmp_ai::api::sse: wkmp-ai\src\api\sse.rs:71: SSE: Broadcasting import event: ImportProgressUpdate
2026-02-05T22:39:20.166975Z DEBUG tokio-runtime-worker ThreadId(23) wkmp_ai::api::sse: wkmp-ai\src\api\sse.rs:71: SSE: Broadcasting import event: ImportProgressUpdate
2026-02-05T22:39:20.167332Z DEBUG tokio-runtime-worker ThreadId(23) wkmp_ai::api::sse: wkmp-ai\src\api\sse.rs:71: SSE: Broadcasting import event: ImportProgressUpdate
2026-02-05T22:39:20.167926Z DEBUG tokio-runtime-worker ThreadId(23) wkmp_ai::api::sse: wkmp-ai\src\api\sse.rs:71: SSE: Broadcasting import event: ImportProgressUpdate
2026-02-05T22:39:20.168336Z DEBUG tokio-runtime-worker ThreadId(23) wkmp_ai::api::sse: wkmp-ai\src\api\sse.rs:71: SSE: Broadcasting import event: ImportProgressUpdate
2026-02-05T22:39:20.168720Z DEBUG tokio-runtime-worker ThreadId(23) wkmp_ai::api::sse: wkmp-ai\src\api\sse.rs:71: SSE: Broadcasting import event: ImportProgressUpdate
2026-02-05T22:39:20.169097Z DEBUG tokio-runtime-worker ThreadId(23) wkmp_ai::api::sse: wkmp-ai\src\api\sse.rs:71: SSE: Broadcasting import event: ImportProgressUpdate
2026-02-05T22:39:20.169617Z DEBUG tokio-runtime-worker ThreadId(23) wkmp_ai::api::sse: wkmp-ai\src\api\sse.rs:71: SSE: Broadcasting import event: ImportProgressUpdate
2026-02-05T22:39:20.170188Z DEBUG tokio-runtime-worker ThreadId(23) wkmp_ai::api::sse: wkmp-ai\src\api\sse.rs:71: SSE: Broadcasting import event: ImportProgressUpdate
2026-02-05T22:39:20.170598Z DEBUG tokio-runtime-worker ThreadId(23) wkmp_ai::api::sse: wkmp-ai\src\api\sse.rs:71: SSE: Broadcasting import event: ImportProgressUpdate
2026-02-05T22:39:20.171158Z DEBUG tokio-runtime-worker ThreadId(23) wkmp_ai::api::sse: wkmp-ai\src\api\sse.rs:71: SSE: Broadcasting import event: ImportProgressUpdate
2026-02-05T22:39:20.171538Z DEBUG tokio-runtime-worker ThreadId(23) wkmp_ai::api::sse: wkmp-ai\src\api\sse.rs:71: SSE: Broadcasting import event: ImportProgressUpdate
2026-02-05T22:39:20.172083Z DEBUG tokio-runtime-worker ThreadId(23) wkmp_ai::api::sse: wkmp-ai\src\api\sse.rs:71: SSE: Broadcasting import event: ImportProgressUpdate
2026-02-05T22:39:20.172460Z DEBUG tokio-runtime-worker ThreadId(23) wkmp_ai::api::sse: wkmp-ai\src\api\sse.rs:71: SSE: Broadcasting import event: ImportProgressUpdate
2026-02-05T22:39:20.173053Z DEBUG tokio-runtime-worker ThreadId(23) wkmp_ai::api::sse: wkmp-ai\src\api\sse.rs:71: SSE: Broadcasting import event: ImportProgressUpdate
2026-02-05T22:39:20.173713Z DEBUG tokio-runtime-worker ThreadId(23) wkmp_ai::api::sse: wkmp-ai\src\api\sse.rs:71: SSE: Broadcasting import event: ImportProgressUpdate
2026-02-05T22:39:20.174378Z DEBUG tokio-runtime-worker ThreadId(23) wkmp_ai::api::sse: wkmp-ai\src\api\sse.rs:71: SSE: Broadcasting import event: ImportProgressUpdate
2026-02-05T22:39:20.175193Z DEBUG tokio-runtime-worker ThreadId(23) wkmp_ai::api::sse: wkmp-ai\src\api\sse.rs:71: SSE: Broadcasting import event: ImportProgressUpdate
2026-02-05T22:39:20.176515Z DEBUG tokio-runtime-worker ThreadId(23) wkmp_ai::services::filename_matcher: wkmp-ai\src\services\filename_matcher.rs:65: Database query completed path=4 Non Blondes/Bigger,_Better,_Faster,_More/(4_Non_Blondes)Bigger,_Better,_Faster,_More-10-Drifting.mp3 query_us=18715
2026-02-05T22:39:20.176753Z DEBUG tokio-runtime-worker ThreadId(23) wkmp_ai::services::filename_matcher: wkmp-ai\src\services\filename_matcher.rs:81: File already processed (INGEST COMPLETE) path=4 Non Blondes/Bigger,_Better,_Faster,_More/(4_Non_Blondes)Bigger,_Better,_Faster,_More-10-Drifting.mp3 guid=64e270c8-8cfe-4189-91a1-fbd48b47979c
2026-02-05T22:39:20.176917Z  INFO tokio-runtime-worker ThreadId(23) wkmp_ai::services::workflow_orchestrator: wkmp-ai\src\services\workflow_orchestrator\mod.rs:1756: Phase 1 completed phase="Filename Matching" duration_ms=19 path_us=2 db_ms=19 file_index=24
2026-02-05T22:39:20.177113Z  INFO tokio-runtime-worker ThreadId(23) wkmp_ai::services::workflow_orchestrator: wkmp-ai\src\services\workflow_orchestrator\mod.rs:1770: File already processed (INGEST COMPLETE/NO AUDIO/DUPLICATE HASH), skipping all remaining phases file="C:\\Users\\Mango Cat\\Music\\4 Non Blondes/Bigger,_Better,_Faster,_More/(4_Non_Blondes)Bigger,_Better,_Faster,_More-10-Drifting.mp3" file_id=64e270c8-8cfe-4189-91a1-fbd48b47979c
2026-02-05T22:39:20.177477Z DEBUG tokio-runtime-worker ThreadId(23) wkmp_ai::services::workflow_orchestrator: wkmp-ai\src\services\workflow_orchestrator\mod.rs:2912: File processing complete session_id=fc49b2a9-297a-4710-91ea-7a5f24790519 file_index=24 file=4 Non Blondes/Bigger,_Better,_Faster,_More/(4_Non_Blondes)Bigger,_Better,_Faster,_More-10-Drifting.mp3
2026-02-05T22:39:20.177662Z DEBUG tokio-runtime-worker ThreadId(23) wkmp_ai::services::workflow_orchestrator: wkmp-ai\src\services\workflow_orchestrator\mod.rs:1438: Acquiring all statistics Mutex locks for SSE conversion
2026-02-05T22:39:20.177799Z DEBUG tokio-runtime-worker ThreadId(23) wkmp_ai::services::workflow_orchestrator: wkmp-ai\src\services\workflow_orchestrator\mod.rs:1467: All statistics Mutex locks acquired and data cloned
2026-02-05T22:39:20.177967Z DEBUG tokio-runtime-worker ThreadId(23) wkmp_ai::services::workflow_orchestrator: wkmp-ai\src\services\workflow_orchestrator\mod.rs:1577: Releasing all statistics Mutex locks for SSE conversion
2026-02-05T22:39:20.178124Z DEBUG tokio-runtime-worker ThreadId(23) wkmp_ai::services::filename_matcher: wkmp-ai\src\services\filename_matcher.rs:65: Database query completed path=AC-DC/Back in Black/Disc 1 - 3 - What Do You Do for Money Honey.mp3 query_us=16756
2026-02-05T22:39:20.178257Z DEBUG tokio-runtime-worker ThreadId(23) wkmp_ai::services::filename_matcher: wkmp-ai\src\services\filename_matcher.rs:81: File already processed (INGEST COMPLETE) path=AC-DC/Back in Black/Disc 1 - 3 - What Do You Do for Money Honey.mp3 guid=928f44f0-5369-4b97-84c3-b1af72adfcdb
2026-02-05T22:39:20.178387Z  INFO tokio-runtime-worker ThreadId(23) wkmp_ai::services::workflow_orchestrator: wkmp-ai\src\services\workflow_orchestrator\mod.rs:1756: Phase 1 completed phase="Filename Matching" duration_ms=17 path_us=0 db_ms=17 file_index=29
2026-02-05T22:39:20.178527Z  INFO tokio-runtime-worker ThreadId(23) wkmp_ai::services::workflow_orchestrator: wkmp-ai\src\services\workflow_orchestrator\mod.rs:1770: File already processed (INGEST COMPLETE/NO AUDIO/DUPLICATE HASH), skipping all remaining phases file="C:\\Users\\Mango Cat\\Music\\AC-DC/Back in Black/Disc 1 - 3 - What Do You Do for Money Honey.mp3" file_id=928f44f0-5369-4b97-84c3-b1af72adfcdb
2026-02-05T22:39:20.178667Z DEBUG tokio-runtime-worker ThreadId(23) wkmp_ai::services::workflow_orchestrator: wkmp-ai\src\services\workflow_orchestrator\mod.rs:2912: File processing complete session_id=fc49b2a9-297a-4710-91ea-7a5f24790519 file_index=29 file=AC-DC/Back in Black/Disc 1 - 3 - What Do You Do for Money Honey.mp3
2026-02-05T22:39:20.178803Z DEBUG tokio-runtime-worker ThreadId(23) wkmp_ai::services::workflow_orchestrator: wkmp-ai\src\services\workflow_orchestrator\mod.rs:1438: Acquiring all statistics Mutex locks for SSE conversion
2026-02-05T22:39:20.178915Z DEBUG tokio-runtime-worker ThreadId(23) wkmp_ai::services::workflow_orchestrator: wkmp-ai\src\services\workflow_orchestrator\mod.rs:1467: All statistics Mutex locks acquired and data cloned
2026-02-05T22:39:20.179042Z DEBUG tokio-runtime-worker ThreadId(23) wkmp_ai::services::workflow_orchestrator: wkmp-ai\src\services\workflow_orchestrator\mod.rs:1577: Releasing all statistics Mutex locks for SSE conversion
2026-02-05T22:39:20.179171Z DEBUG tokio-runtime-worker ThreadId(23) wkmp_ai::services::filename_matcher: wkmp-ai\src\services\filename_matcher.rs:65: Database query completed path=AC-DC/Back in Black/Disc 1 - 7 - You Shook Me All Night Long.mp3 query_us=15744
2026-02-05T22:39:20.179300Z DEBUG tokio-runtime-worker ThreadId(23) wkmp_ai::services::filename_matcher: wkmp-ai\src\services\filename_matcher.rs:81: File already processed (INGEST COMPLETE) path=AC-DC/Back in Black/Disc 1 - 7 - You Shook Me All Night Long.mp3 guid=e1047039-c809-41f6-abf4-3d03eb967b03
2026-02-05T22:39:20.179429Z  INFO tokio-runtime-worker ThreadId(23) wkmp_ai::services::workflow_orchestrator: wkmp-ai\src\services\workflow_orchestrator\mod.rs:1756: Phase 1 completed phase="Filename Matching" duration_ms=16 path_us=0 db_ms=16 file_index=33
2026-02-05T22:39:20.179567Z  INFO tokio-runtime-worker ThreadId(23) wkmp_ai::services::workflow_orchestrator: wkmp-ai\src\services\workflow_orchestrator\mod.rs:1770: File already processed (INGEST COMPLETE/NO AUDIO/DUPLICATE HASH), skipping all remaining phases file="C:\\Users\\Mango Cat\\Music\\AC-DC/Back in Black/Disc 1 - 7 - You Shook Me All Night Long.mp3" file_id=e1047039-c809-41f6-abf4-3d03eb967b03
2026-02-05T22:39:20.179704Z DEBUG tokio-runtime-worker ThreadId(23) wkmp_ai::services::workflow_orchestrator: wkmp-ai\src\services\workflow_orchestrator\mod.rs:2912: File processing complete session_id=fc49b2a9-297a-4710-91ea-7a5f24790519 file_index=33 file=AC-DC/Back in Black/Disc 1 - 7 - You Shook Me All Night Long.mp3
2026-02-05T22:39:20.179836Z DEBUG tokio-runtime-worker ThreadId(23) wkmp_ai::services::workflow_orchestrator: wkmp-ai\src\services\workflow_orchestrator\mod.rs:1438: Acquiring all statistics Mutex locks for SSE conversion
2026-02-05T22:39:20.179955Z DEBUG tokio-runtime-worker ThreadId(23) wkmp_ai::services::workflow_orchestrator: wkmp-ai\src\services\workflow_orchestrator\mod.rs:1467: All statistics Mutex locks acquired and data cloned
2026-02-05T22:39:20.180164Z DEBUG tokio-runtime-worker ThreadId(23) wkmp_ai::services::workflow_orchestrator: wkmp-ai\src\services\workflow_orchestrator\mod.rs:1577: Releasing all statistics Mutex locks for SSE conversion
2026-02-05T22:39:20.180358Z DEBUG tokio-runtime-worker ThreadId(23) wkmp_ai::services::filename_matcher: wkmp-ai\src\services\filename_matcher.rs:65: Database query completed path=AC-DC/Back in Black/Disc 1 - 8 - Have a Drink on Me.mp3 query_us=16425
2026-02-05T22:39:20.180589Z DEBUG tokio-runtime-worker ThreadId(23) wkmp_ai::services::filename_matcher: wkmp-ai\src\services\filename_matcher.rs:81: File already processed (INGEST COMPLETE) path=AC-DC/Back in Black/Disc 1 - 8 - Have a Drink on Me.mp3 guid=deadcfcf-af37-4d32-b611-da8df38844cd
2026-02-05T22:39:20.180819Z  INFO tokio-runtime-worker ThreadId(23) wkmp_ai::services::workflow_orchestrator: wkmp-ai\src\services\workflow_orchestrator\mod.rs:1756: Phase 1 completed phase="Filename Matching" duration_ms=17 path_us=0 db_ms=16 file_index=34
2026-02-05T22:39:20.181037Z  INFO tokio-runtime-worker ThreadId(23) wkmp_ai::services::workflow_orchestrator: wkmp-ai\src\services\workflow_orchestrator\mod.rs:1770: File already processed (INGEST COMPLETE/NO AUDIO/DUPLICATE HASH), skipping all remaining phases file="C:\\Users\\Mango Cat\\Music\\AC-DC/Back in Black/Disc 1 - 8 - Have a Drink on Me.mp3" file_id=deadcfcf-af37-4d32-b611-da8df38844cd
2026-02-05T22:39:20.181244Z DEBUG tokio-runtime-worker ThreadId(23) wkmp_ai::services::workflow_orchestrator: wkmp-ai\src\services\workflow_orchestrator\mod.rs:2912: File processing complete session_id=fc49b2a9-297a-4710-91ea-7a5f24790519 file_index=34 file=AC-DC/Back in Black/Disc 1 - 8 - Have a Drink on Me.mp3
2026-02-05T22:39:20.181440Z DEBUG tokio-runtime-worker ThreadId(23) wkmp_ai::services::workflow_orchestrator: wkmp-ai\src\services\workflow_orchestrator\mod.rs:1438: Acquiring all statistics Mutex locks for SSE conversion
2026-02-05T22:39:20.181603Z DEBUG tokio-runtime-worker ThreadId(23) wkmp_ai::services::workflow_orchestrator: wkmp-ai\src\services\workflow_orchestrator\mod.rs:1467: All statistics Mutex locks acquired and data cloned
2026-02-05T22:39:20.181762Z DEBUG tokio-runtime-worker ThreadId(23) wkmp_ai::services::workflow_orchestrator: wkmp-ai\src\services\workflow_orchestrator\mod.rs:1577: Releasing all statistics Mutex locks for SSE conversion
2026-02-05T22:39:20.181916Z DEBUG tokio-runtime-worker ThreadId(23) wkmp_ai::services::filename_matcher: wkmp-ai\src\services\filename_matcher.rs:65: Database query completed path=AC-DC/Back in Black/Disc 1 - 5 - Let Me Put My Love Into You.mp3 query_us=19492
2026-02-05T22:39:20.182074Z DEBUG tokio-runtime-worker ThreadId(23) wkmp_ai::services::filename_matcher: wkmp-ai\src\services\filename_matcher.rs:81: File already processed (INGEST COMPLETE) path=AC-DC/Back in Black/Disc 1 - 5 - Let Me Put My Love Into You.mp3 guid=c85e7e20-300b-41f0-b5c8-abcef7c286f4
2026-02-05T22:39:20.182215Z  INFO tokio-runtime-worker ThreadId(23) wkmp_ai::services::workflow_orchestrator: wkmp-ai\src\services\workflow_orchestrator\mod.rs:1756: Phase 1 completed phase="Filename Matching" duration_ms=20 path_us=0 db_ms=19 file_index=31
2026-02-05T22:39:20.182368Z  INFO tokio-runtime-worker ThreadId(23) wkmp_ai::services::workflow_orchestrator: wkmp-ai\src\services\workflow_orchestrator\mod.rs:1770: File already processed (INGEST COMPLETE/NO AUDIO/DUPLICATE HASH), skipping all remaining phases file="C:\\Users\\Mango Cat\\Music\\AC-DC/Back in Black/Disc 1 - 5 - Let Me Put My Love Into You.mp3" file_id=c85e7e20-300b-41f0-b5c8-abcef7c286f4
2026-02-05T22:39:20.182523Z DEBUG tokio-runtime-worker ThreadId(23) wkmp_ai::services::workflow_orchestrator: wkmp-ai\src\services\workflow_orchestrator\mod.rs:2912: File processing complete session_id=fc49b2a9-297a-4710-91ea-7a5f24790519 file_index=31 file=AC-DC/Back in Black/Disc 1 - 5 - Let Me Put My Love Into You.mp3
2026-02-05T22:39:20.182704Z DEBUG tokio-runtime-worker ThreadId(23) wkmp_ai::services::workflow_orchestrator: wkmp-ai\src\services\workflow_orchestrator\mod.rs:1438: Acquiring all statistics Mutex locks for SSE conversion
2026-02-05T22:39:20.182829Z DEBUG tokio-runtime-worker ThreadId(23) wkmp_ai::services::workflow_orchestrator: wkmp-ai\src\services\workflow_orchestrator\mod.rs:1467: All statistics Mutex locks acquired and data cloned
2026-02-05T22:39:20.182976Z DEBUG tokio-runtime-worker ThreadId(23) wkmp_ai::services::workflow_orchestrator: wkmp-ai\src\services\workflow_orchestrator\mod.rs:1577: Releasing all statistics Mutex locks for SSE conversion
2026-02-05T22:39:20.183137Z DEBUG tokio-runtime-worker ThreadId(23) wkmp_ai::services::filename_matcher: wkmp-ai\src\services\filename_matcher.rs:65: Database query completed path=4 Non Blondes/Bigger,_Better,_Faster,_More/(4_Non_Blondes)Bigger,_Better,_Faster,_More-11-No_Place_Like_Home.mp3 query_us=24099
2026-02-05T22:39:20.183278Z DEBUG tokio-runtime-worker ThreadId(23) wkmp_ai::services::filename_matcher: wkmp-ai\src\services\filename_matcher.rs:81: File already processed (INGEST COMPLETE) path=4 Non Blondes/Bigger,_Better,_Faster,_More/(4_Non_Blondes)Bigger,_Better,_Faster,_More-11-No_Place_Like_Home.mp3 guid=843f35a3-e86d-4a12-ae19-676155729ebb
2026-02-05T22:39:20.183435Z  INFO tokio-runtime-worker ThreadId(23) wkmp_ai::services::workflow_orchestrator: wkmp-ai\src\services\workflow_orchestrator\mod.rs:1756: Phase 1 completed phase="Filename Matching" duration_ms=24 path_us=2 db_ms=24 file_index=25
2026-02-05T22:39:20.183606Z  INFO tokio-runtime-worker ThreadId(23) wkmp_ai::services::workflow_orchestrator: wkmp-ai\src\services\workflow_orchestrator\mod.rs:1770: File already processed (INGEST COMPLETE/NO AUDIO/DUPLICATE HASH), skipping all remaining phases file="C:\\Users\\Mango Cat\\Music\\4 Non Blondes/Bigger,_Better,_Faster,_More/(4_Non_Blondes)Bigger,_Better,_Faster,_More-11-No_Place_Like_Home.mp3" file_id=843f35a3-e86d-4a12-ae19-676155729ebb
2026-02-05T22:39:20.183788Z DEBUG tokio-runtime-worker ThreadId(23) wkmp_ai::services::workflow_orchestrator: wkmp-ai\src\services\workflow_orchestrator\mod.rs:2912: File processing complete session_id=fc49b2a9-297a-4710-91ea-7a5f24790519 file_index=25 file=4 Non Blondes/Bigger,_Better,_Faster,_More/(4_Non_Blondes)Bigger,_Better,_Faster,_More-11-No_Place_Like_Home.mp3
2026-02-05T22:39:20.183940Z DEBUG tokio-runtime-worker ThreadId(23) wkmp_ai::services::workflow_orchestrator: wkmp-ai\src\services\workflow_orchestrator\mod.rs:1438: Acquiring all statistics Mutex locks for SSE conversion
2026-02-05T22:39:20.184064Z DEBUG tokio-runtime-worker ThreadId(23) wkmp_ai::services::workflow_orchestrator: wkmp-ai\src\services\workflow_orchestrator\mod.rs:1467: All statistics Mutex locks acquired and data cloned
2026-02-05T22:39:20.184210Z DEBUG tokio-runtime-worker ThreadId(23) wkmp_ai::services::workflow_orchestrator: wkmp-ai\src\services\workflow_orchestrator\mod.rs:1577: Releasing all statistics Mutex locks for SSE conversion
2026-02-05T22:39:20.184386Z DEBUG tokio-runtime-worker ThreadId(23) wkmp_ai::services::filename_matcher: wkmp-ai\src\services\filename_matcher.rs:65: Database query completed path=AC-DC/Back in Black/Disc 1 - 4 - Givin the Dog a Bone.mp3 query_us=22474
2026-02-05T22:39:20.184579Z DEBUG tokio-runtime-worker ThreadId(23) wkmp_ai::services::filename_matcher: wkmp-ai\src\services\filename_matcher.rs:81: File already processed (INGEST COMPLETE) path=AC-DC/Back in Black/Disc 1 - 4 - Givin the Dog a Bone.mp3 guid=59487249-1ffd-4a3f-9363-1d94b878be18
2026-02-05T22:39:20.184732Z  INFO tokio-runtime-worker ThreadId(23) wkmp_ai::services::workflow_orchestrator: wkmp-ai\src\services\workflow_orchestrator\mod.rs:1756: Phase 1 completed phase="Filename Matching" duration_ms=23 path_us=0 db_ms=22 file_index=30
2026-02-05T22:39:20.184892Z  INFO tokio-runtime-worker ThreadId(23) wkmp_ai::services::workflow_orchestrator: wkmp-ai\src\services\workflow_orchestrator\mod.rs:1770: File already processed (INGEST COMPLETE/NO AUDIO/DUPLICATE HASH), skipping all remaining phases file="C:\\Users\\Mango Cat\\Music\\AC-DC/Back in Black/Disc 1 - 4 - Givin the Dog a Bone.mp3" file_id=59487249-1ffd-4a3f-9363-1d94b878be18
2026-02-05T22:39:20.185055Z DEBUG tokio-runtime-worker ThreadId(23) wkmp_ai::services::workflow_orchestrator: wkmp-ai\src\services\workflow_orchestrator\mod.rs:2912: File processing complete session_id=fc49b2a9-297a-4710-91ea-7a5f24790519 file_index=30 file=AC-DC/Back in Black/Disc 1 - 4 - Givin the Dog a Bone.mp3
2026-02-05T22:39:20.191774Z DEBUG tokio-runtime-worker ThreadId(23) wkmp_ai::services::workflow_orchestrator: wkmp-ai\src\services\workflow_orchestrator\mod.rs:1438: Acquiring all statistics Mutex locks for SSE conversion
2026-02-05T22:39:20.192021Z DEBUG tokio-runtime-worker ThreadId(23) wkmp_ai::services::workflow_orchestrator: wkmp-ai\src\services\workflow_orchestrator\mod.rs:1467: All statistics Mutex locks acquired and data cloned
2026-02-05T22:39:20.192899Z DEBUG tokio-runtime-worker ThreadId(23) wkmp_ai::services::workflow_orchestrator: wkmp-ai\src\services\workflow_orchestrator\mod.rs:1577: Releasing all statistics Mutex locks for SSE conversion
2026-02-05T22:39:20.193438Z DEBUG tokio-runtime-worker ThreadId(23) wkmp_ai::services::filename_matcher: wkmp-ai\src\services\filename_matcher.rs:65: Database query completed path=AC-DC/Back in Black/Disc 1 - 6 - Back in Black.mp3 query_us=30503
2026-02-05T22:39:20.193688Z DEBUG tokio-runtime-worker ThreadId(23) wkmp_ai::services::filename_matcher: wkmp-ai\src\services\filename_matcher.rs:81: File already processed (INGEST COMPLETE) path=AC-DC/Back in Black/Disc 1 - 6 - Back in Black.mp3 guid=a6784401-fc57-473f-af66-016b89065d71
2026-02-05T22:39:20.193835Z  INFO tokio-runtime-worker ThreadId(23) wkmp_ai::services::workflow_orchestrator: wkmp-ai\src\services\workflow_orchestrator\mod.rs:1756: Phase 1 completed phase="Filename Matching" duration_ms=31 path_us=0 db_ms=30 file_index=32
2026-02-05T22:39:20.193984Z  INFO tokio-runtime-worker ThreadId(23) wkmp_ai::services::workflow_orchestrator: wkmp-ai\src\services\workflow_orchestrator\mod.rs:1770: File already processed (INGEST COMPLETE/NO AUDIO/DUPLICATE HASH), skipping all remaining phases file="C:\\Users\\Mango Cat\\Music\\AC-DC/Back in Black/Disc 1 - 6 - Back in Black.mp3" file_id=a6784401-fc57-473f-af66-016b89065d71
2026-02-05T22:39:20.194145Z DEBUG tokio-runtime-worker ThreadId(23) wkmp_ai::services::workflow_orchestrator: wkmp-ai\src\services\workflow_orchestrator\mod.rs:2912: File processing complete session_id=fc49b2a9-297a-4710-91ea-7a5f24790519 file_index=32 file=AC-DC/Back in Black/Disc 1 - 6 - Back in Black.mp3
2026-02-05T22:39:20.194378Z DEBUG tokio-runtime-worker ThreadId(23) wkmp_ai::services::workflow_orchestrator: wkmp-ai\src\services\workflow_orchestrator\mod.rs:1438: Acquiring all statistics Mutex locks for SSE conversion
2026-02-05T22:39:20.194483Z DEBUG tokio-runtime-worker ThreadId(23) wkmp_ai::services::workflow_orchestrator: wkmp-ai\src\services\workflow_orchestrator\mod.rs:1467: All statistics Mutex locks acquired and data cloned
2026-02-05T22:39:20.194609Z DEBUG tokio-runtime-worker ThreadId(23) wkmp_ai::services::workflow_orchestrator: wkmp-ai\src\services\workflow_orchestrator\mod.rs:1577: Releasing all statistics Mutex locks for SSE conversion
2026-02-05T22:39:20.194758Z DEBUG tokio-runtime-worker ThreadId(23) wkmp_ai::services::filename_matcher: wkmp-ai\src\services\filename_matcher.rs:65: Database query completed path=AC-DC/Back in Black/Disc 1 - 10 - Rock and Roll Ain't Noise Pollution.mp3 query_us=34531
2026-02-05T22:39:20.194896Z DEBUG tokio-runtime-worker ThreadId(23) wkmp_ai::services::filename_matcher: wkmp-ai\src\services\filename_matcher.rs:81: File already processed (INGEST COMPLETE) path=AC-DC/Back in Black/Disc 1 - 10 - Rock and Roll Ain't Noise Pollution.mp3 guid=78c33984-9d00-402c-ac73-0965c3ba31d2
2026-02-05T22:39:20.195026Z  INFO tokio-runtime-worker ThreadId(23) wkmp_ai::services::workflow_orchestrator: wkmp-ai\src\services\workflow_orchestrator\mod.rs:1756: Phase 1 completed phase="Filename Matching" duration_ms=35 path_us=0 db_ms=34 file_index=27
2026-02-05T22:39:20.195163Z  INFO tokio-runtime-worker ThreadId(23) wkmp_ai::services::workflow_orchestrator: wkmp-ai\src\services\workflow_orchestrator\mod.rs:1770: File already processed (INGEST COMPLETE/NO AUDIO/DUPLICATE HASH), skipping all remaining phases file="C:\\Users\\Mango Cat\\Music\\AC-DC/Back in Black/Disc 1 - 10 - Rock and Roll Ain\'t Noise Pollution.mp3" file_id=78c33984-9d00-402c-ac73-0965c3ba31d2
2026-02-05T22:39:20.195300Z DEBUG tokio-runtime-worker ThreadId(23) wkmp_ai::services::workflow_orchestrator: wkmp-ai\src\services\workflow_orchestrator\mod.rs:2912: File processing complete session_id=fc49b2a9-297a-4710-91ea-7a5f24790519 file_index=27 file=AC-DC/Back in Black/Disc 1 - 10 - Rock and Roll Ain't Noise Pollution.mp3
2026-02-05T22:39:20.195434Z DEBUG tokio-runtime-worker ThreadId(23) wkmp_ai::services::workflow_orchestrator: wkmp-ai\src\services\workflow_orchestrator\mod.rs:1438: Acquiring all statistics Mutex locks for SSE conversion
2026-02-05T22:39:20.195545Z DEBUG tokio-runtime-worker ThreadId(23) wkmp_ai::services::workflow_orchestrator: wkmp-ai\src\services\workflow_orchestrator\mod.rs:1467: All statistics Mutex locks acquired and data cloned
2026-02-05T22:39:20.195671Z DEBUG tokio-runtime-worker ThreadId(23) wkmp_ai::services::workflow_orchestrator: wkmp-ai\src\services\workflow_orchestrator\mod.rs:1577: Releasing all statistics Mutex locks for SSE conversion
2026-02-05T22:39:20.195804Z DEBUG tokio-runtime-worker ThreadId(23) wkmp_ai::services::filename_matcher: wkmp-ai\src\services\filename_matcher.rs:65: Database query completed path=AC-DC/Back in Black/Disc 1 - 1 - Hells Bells.mp3 query_us=36096
2026-02-05T22:39:20.195932Z DEBUG tokio-runtime-worker ThreadId(23) wkmp_ai::services::filename_matcher: wkmp-ai\src\services\filename_matcher.rs:81: File already processed (INGEST COMPLETE) path=AC-DC/Back in Black/Disc 1 - 1 - Hells Bells.mp3 guid=fc503973-9646-435f-8101-fe38713c00d8
2026-02-05T22:39:20.196085Z  INFO tokio-runtime-worker ThreadId(23) wkmp_ai::services::workflow_orchestrator: wkmp-ai\src\services\workflow_orchestrator\mod.rs:1756: Phase 1 completed phase="Filename Matching" duration_ms=36 path_us=1 db_ms=36 file_index=26
2026-02-05T22:39:20.196321Z  INFO tokio-runtime-worker ThreadId(23) wkmp_ai::services::workflow_orchestrator: wkmp-ai\src\services\workflow_orchestrator\mod.rs:1770: File already processed (INGEST COMPLETE/NO AUDIO/DUPLICATE HASH), skipping all remaining phases file="C:\\Users\\Mango Cat\\Music\\AC-DC/Back in Black/Disc 1 - 1 - Hells Bells.mp3" file_id=fc503973-9646-435f-8101-fe38713c00d8
2026-02-05T22:39:20.196491Z DEBUG tokio-runtime-worker ThreadId(23) wkmp_ai::services::workflow_orchestrator: wkmp-ai\src\services\workflow_orchestrator\mod.rs:2912: File processing complete session_id=fc49b2a9-297a-4710-91ea-7a5f24790519 file_index=26 file=AC-DC/Back in Black/Disc 1 - 1 - Hells Bells.mp3
2026-02-05T22:39:20.196807Z DEBUG tokio-runtime-worker ThreadId(23) wkmp_ai::services::workflow_orchestrator: wkmp-ai\src\services\workflow_orchestrator\mod.rs:1438: Acquiring all statistics Mutex locks for SSE conversion
2026-02-05T22:39:20.197006Z DEBUG tokio-runtime-worker ThreadId(23) wkmp_ai::services::workflow_orchestrator: wkmp-ai\src\services\workflow_orchestrator\mod.rs:1467: All statistics Mutex locks acquired and data cloned
2026-02-05T22:39:20.197223Z DEBUG tokio-runtime-worker ThreadId(23) wkmp_ai::services::workflow_orchestrator: wkmp-ai\src\services\workflow_orchestrator\mod.rs:1577: Releasing all statistics Mutex locks for SSE conversion
2026-02-05T22:39:20.197457Z DEBUG tokio-runtime-worker ThreadId(23) wkmp_ai::services::filename_matcher: wkmp-ai\src\services\filename_matcher.rs:65: Database query completed path=AC-DC/Back in Black/Disc 1 - 2 - Shoot to Thrill.mp3 query_us=36680
2026-02-05T22:39:20.197642Z DEBUG tokio-runtime-worker ThreadId(23) wkmp_ai::services::filename_matcher: wkmp-ai\src\services\filename_matcher.rs:81: File already processed (INGEST COMPLETE) path=AC-DC/Back in Black/Disc 1 - 2 - Shoot to Thrill.mp3 guid=98057a1f-87f2-4e3a-9c19-f06158ba1cb4
2026-02-05T22:39:20.197838Z  INFO tokio-runtime-worker ThreadId(23) wkmp_ai::services::workflow_orchestrator: wkmp-ai\src\services\workflow_orchestrator\mod.rs:1756: Phase 1 completed phase="Filename Matching" duration_ms=37 path_us=0 db_ms=37 file_index=28
2026-02-05T22:39:20.198140Z  INFO tokio-runtime-worker ThreadId(23) wkmp_ai::services::workflow_orchestrator: wkmp-ai\src\services\workflow_orchestrator\mod.rs:1770: File already processed (INGEST COMPLETE/NO AUDIO/DUPLICATE HASH), skipping all remaining phases file="C:\\Users\\Mango Cat\\Music\\AC-DC/Back in Black/Disc 1 - 2 - Shoot to Thrill.mp3" file_id=98057a1f-87f2-4e3a-9c19-f06158ba1cb4
2026-02-05T22:39:20.198325Z DEBUG tokio-runtime-worker ThreadId(23) wkmp_ai::services::workflow_orchestrator: wkmp-ai\src\services\workflow_orchestrator\mod.rs:2912: File processing complete session_id=fc49b2a9-297a-4710-91ea-7a5f24790519 file_index=28 file=AC-DC/Back in Black/Disc 1 - 2 - Shoot to Thrill.mp3
2026-02-05T22:39:20.198527Z DEBUG tokio-runtime-worker ThreadId(23) wkmp_ai::services::workflow_orchestrator: wkmp-ai\src\services\workflow_orchestrator\mod.rs:1438: Acquiring all statistics Mutex locks for SSE conversion
2026-02-05T22:39:20.198704Z DEBUG tokio-runtime-worker ThreadId(23) wkmp_ai::services::workflow_orchestrator: wkmp-ai\src\services\workflow_orchestrator\mod.rs:1467: All statistics Mutex locks acquired and data cloned
2026-02-05T22:39:20.198868Z DEBUG tokio-runtime-worker ThreadId(23) wkmp_ai::services::workflow_orchestrator: wkmp-ai\src\services\workflow_orchestrator\mod.rs:1577: Releasing all statistics Mutex locks for SSE conversion
2026-02-05T22:39:20.199087Z DEBUG tokio-runtime-worker ThreadId(23) wkmp_ai::services::workflow_orchestrator: wkmp-ai\src\services\workflow_orchestrator\mod.rs:3094: Starting per-file pipeline file_index=35 file_id=5a946ee7-fdcb-43f3-8472-acd5d644a537 file=AC-DC/Back in Black/Disc 1 - 9 - Shake a Leg.mp3
2026-02-05T22:39:20.199254Z  INFO tokio-runtime-worker ThreadId(23) wkmp_ai::services::workflow_orchestrator: wkmp-ai\src\services\workflow_orchestrator\mod.rs:1733: Starting PLAN024 10-phase per-file pipeline (late audio decode) file="C:\\Users\\Mango Cat\\Music\\AC-DC/Back in Black/Disc 1 - 9 - Shake a Leg.mp3"
2026-02-05T22:39:20.199391Z DEBUG tokio-runtime-worker ThreadId(23) wkmp_ai::services::workflow_orchestrator: wkmp-ai\src\services\workflow_orchestrator\mod.rs:1742: Phase 1: Filename Matching - START file="C:\\Users\\Mango Cat\\Music\\AC-DC/Back in Black/Disc 1 - 9 - Shake a Leg.mp3"
2026-02-05T22:39:20.199553Z DEBUG tokio-runtime-worker ThreadId(23) wkmp_ai::services::filename_matcher: wkmp-ai\src\services\filename_matcher.rs:54: Checking if file exists in database path=AC-DC/Back in Black/Disc 1 - 9 - Shake a Leg.mp3 norm_us=9
2026-02-05T22:39:20.199744Z DEBUG tokio-runtime-worker ThreadId(23) wkmp_ai::services::workflow_orchestrator: wkmp-ai\src\services\workflow_orchestrator\mod.rs:3094: Starting per-file pipeline file_index=36 file_id=7e89c56d-07e8-4637-92b4-a36aa2fa5af4 file=AURORA/AuroraTeardrop.mp3
2026-02-05T22:39:20.199911Z  INFO tokio-runtime-worker ThreadId(23) wkmp_ai::services::workflow_orchestrator: wkmp-ai\src\services\workflow_orchestrator\mod.rs:1733: Starting PLAN024 10-phase per-file pipeline (late audio decode) file="C:\\Users\\Mango Cat\\Music\\AURORA/AuroraTeardrop.mp3"
2026-02-05T22:39:20.200061Z DEBUG tokio-runtime-worker ThreadId(23) wkmp_ai::services::workflow_orchestrator: wkmp-ai\src\services\workflow_orchestrator\mod.rs:1742: Phase 1: Filename Matching - START file="C:\\Users\\Mango Cat\\Music\\AURORA/AuroraTeardrop.mp3"
2026-02-05T22:39:20.200202Z DEBUG tokio-runtime-worker ThreadId(23) wkmp_ai::services::filename_matcher: wkmp-ai\src\services\filename_matcher.rs:54: Checking if file exists in database path=AURORA/AuroraTeardrop.mp3 norm_us=4
2026-02-05T22:39:20.200378Z DEBUG tokio-runtime-worker ThreadId(23) wkmp_ai::services::workflow_orchestrator: wkmp-ai\src\services\workflow_orchestrator\mod.rs:3094: Starting per-file pipeline file_index=37 file_id=0d8c56aa-ccc0-4691-9647-1f0b7c72aaea file=Abdul, Paula/Shut_up_and_dance_(The_Dance_Mixes)/(Paula_Abdul)Shut_up_and_dance_(The_Dance_Mixes)-01-Coldhearted_(Quiverin'_12-).mp3
2026-02-05T22:39:20.200540Z  INFO tokio-runtime-worker ThreadId(23) wkmp_ai::services::workflow_orchestrator: wkmp-ai\src\services\workflow_orchestrator\mod.rs:1733: Starting PLAN024 10-phase per-file pipeline (late audio decode) file="C:\\Users\\Mango Cat\\Music\\Abdul, Paula/Shut_up_and_dance_(The_Dance_Mixes)/(Paula_Abdul)Shut_up_and_dance_(The_Dance_Mixes)-01-Coldhearted_(Quiverin\'_12-).mp3"
2026-02-05T22:39:20.200722Z DEBUG tokio-runtime-worker ThreadId(23) wkmp_ai::services::workflow_orchestrator: wkmp-ai\src\services\workflow_orchestrator\mod.rs:1742: Phase 1: Filename Matching - START file="C:\\Users\\Mango Cat\\Music\\Abdul, Paula/Shut_up_and_dance_(The_Dance_Mixes)/(Paula_Abdul)Shut_up_and_dance_(The_Dance_Mixes)-01-Coldhearted_(Quiverin\'_12-).mp3"
2026-02-05T22:39:20.200857Z DEBUG tokio-runtime-worker ThreadId(23) wkmp_ai::services::filename_matcher: wkmp-ai\src\services\filename_matcher.rs:54: Checking if file exists in database path=Abdul, Paula/Shut_up_and_dance_(The_Dance_Mixes)/(Paula_Abdul)Shut_up_and_dance_(The_Dance_Mixes)-01-Coldhearted_(Quiverin'_12-).mp3 norm_us=5
2026-02-05T22:39:20.201049Z DEBUG tokio-runtime-worker ThreadId(23) wkmp_ai::services::workflow_orchestrator: wkmp-ai\src\services\workflow_orchestrator\mod.rs:3094: Starting per-file pipeline file_index=38 file_id=9b13e3b4-dc6b-4258-bb86-355ea651d1d0 file=Abdul, Paula/Shut_up_and_dance_(The_Dance_Mixes)/(Paula_Abdul)Shut_up_and_dance_(The_Dance_Mixes)-02-Straight_up_(Ultimix_Mix).mp3
2026-02-05T22:39:20.201215Z  INFO tokio-runtime-worker ThreadId(23) wkmp_ai::services::workflow_orchestrator: wkmp-ai\src\services\workflow_orchestrator\mod.rs:1733: Starting PLAN024 10-phase per-file pipeline (late audio decode) file="C:\\Users\\Mango Cat\\Music\\Abdul, Paula/Shut_up_and_dance_(The_Dance_Mixes)/(Paula_Abdul)Shut_up_and_dance_(The_Dance_Mixes)-02-Straight_up_(Ultimix_Mix).mp3"
2026-02-05T22:39:20.201378Z DEBUG tokio-runtime-worker ThreadId(23) wkmp_ai::services::workflow_orchestrator: wkmp-ai\src\services\workflow_orchestrator\mod.rs:1742: Phase 1: Filename Matching - START file="C:\\Users\\Mango Cat\\Music\\Abdul, Paula/Shut_up_and_dance_(The_Dance_Mixes)/(Paula_Abdul)Shut_up_and_dance_(The_Dance_Mixes)-02-Straight_up_(Ultimix_Mix).mp3"
2026-02-05T22:39:20.201523Z DEBUG tokio-runtime-worker ThreadId(23) wkmp_ai::services::filename_matcher: wkmp-ai\src\services\filename_matcher.rs:54: Checking if file exists in database path=Abdul, Paula/Shut_up_and_dance_(The_Dance_Mixes)/(Paula_Abdul)Shut_up_and_dance_(The_Dance_Mixes)-02-Straight_up_(Ultimix_Mix).mp3 norm_us=5
2026-02-05T22:39:20.201695Z DEBUG tokio-runtime-worker ThreadId(23) wkmp_ai::services::workflow_orchestrator: wkmp-ai\src\services\workflow_orchestrator\mod.rs:3094: Starting per-file pipeline file_index=39 file_id=172c859d-db35-425b-b79f-66c3122e9f01 file=Abdul, Paula/Shut_up_and_dance_(The_Dance_Mixes)/(Paula_Abdul)Shut_up_and_dance_(The_Dance_Mixes)-03-One_or_the_other_(1990_Mix).mp3
2026-02-05T22:39:20.201868Z  INFO tokio-runtime-worker ThreadId(23) wkmp_ai::services::workflow_orchestrator: wkmp-ai\src\services\workflow_orchestrator\mod.rs:1733: Starting PLAN024 10-phase per-file pipeline (late audio decode) file="C:\\Users\\Mango Cat\\Music\\Abdul, Paula/Shut_up_and_dance_(The_Dance_Mixes)/(Paula_Abdul)Shut_up_and_dance_(The_Dance_Mixes)-03-One_or_the_other_(1990_Mix).mp3"
2026-02-05T22:39:20.202111Z DEBUG tokio-runtime-worker ThreadId(23) wkmp_ai::services::workflow_orchestrator: wkmp-ai\src\services\workflow_orchestrator\mod.rs:1742: Phase 1: Filename Matching - START file="C:\\Users\\Mango Cat\\Music\\Abdul, Paula/Shut_up_and_dance_(The_Dance_Mixes)/(Paula_Abdul)Shut_up_and_dance_(The_Dance_Mixes)-03-One_or_the_other_(1990_Mix).mp3"
2026-02-05T22:39:20.202281Z DEBUG tokio-runtime-worker ThreadId(23) wkmp_ai::services::filename_matcher: wkmp-ai\src\services\filename_matcher.rs:54: Checking if file exists in database path=Abdul, Paula/Shut_up_and_dance_(The_Dance_Mixes)/(Paula_Abdul)Shut_up_and_dance_(The_Dance_Mixes)-03-One_or_the_other_(1990_Mix).mp3 norm_us=8
2026-02-05T22:39:20.202555Z DEBUG tokio-runtime-worker ThreadId(23) wkmp_ai::services::workflow_orchestrator: wkmp-ai\src\services\workflow_orchestrator\mod.rs:3094: Starting per-file pipeline file_index=40 file_id=9d2a8194-ee50-43c3-a2b4-82954ac65658 file=Abdul, Paula/Shut_up_and_dance_(The_Dance_Mixes)/(Paula_Abdul)Shut_up_and_dance_(The_Dance_Mixes)-04-Forever_your_Girl_(Frankie_Foncett_Mix).mp3
2026-02-05T22:39:20.202743Z  INFO tokio-runtime-worker ThreadId(23) wkmp_ai::services::workflow_orchestrator: wkmp-ai\src\services\workflow_orchestrator\mod.rs:1733: Starting PLAN024 10-phase per-file pipeline (late audio decode) file="C:\\Users\\Mango Cat\\Music\\Abdul, Paula/Shut_up_and_dance_(The_Dance_Mixes)/(Paula_Abdul)Shut_up_and_dance_(The_Dance_Mixes)-04-Forever_your_Girl_(Frankie_Foncett_Mix).mp3"
2026-02-05T22:39:20.202930Z DEBUG tokio-runtime-worker ThreadId(23) wkmp_ai::services::workflow_orchestrator: wkmp-ai\src\services\workflow_orchestrator\mod.rs:1742: Phase 1: Filename Matching - START file="C:\\Users\\Mango Cat\\Music\\Abdul, Paula/Shut_up_and_dance_(The_Dance_Mixes)/(Paula_Abdul)Shut_up_and_dance_(The_Dance_Mixes)-04-Forever_your_Girl_(Frankie_Foncett_Mix).mp3"
2026-02-05T22:39:20.203102Z DEBUG tokio-runtime-worker ThreadId(23) wkmp_ai::services::filename_matcher: wkmp-ai\src\services\filename_matcher.rs:54: Checking if file exists in database path=Abdul, Paula/Shut_up_and_dance_(The_Dance_Mixes)/(Paula_Abdul)Shut_up_and_dance_(The_Dance_Mixes)-04-Forever_your_Girl_(Frankie_Foncett_Mix).mp3 norm_us=8
2026-02-05T22:39:20.203398Z DEBUG tokio-runtime-worker ThreadId(23) wkmp_ai::services::workflow_orchestrator: wkmp-ai\src\services\workflow_orchestrator\mod.rs:3094: Starting per-file pipeline file_index=41 file_id=f1b3ec7b-3510-4440-833d-f767587c8e8c file=Abdul, Paula/Shut_up_and_dance_(The_Dance_Mixes)/(Paula_Abdul)Shut_up_and_dance_(The_Dance_Mixes)-05-Knocked_out_(Pettibone_12-).mp3
2026-02-05T22:39:20.203684Z  INFO tokio-runtime-worker ThreadId(23) wkmp_ai::services::workflow_orchestrator: wkmp-ai\src\services\workflow_orchestrator\mod.rs:1733: Starting PLAN024 10-phase per-file pipeline (late audio decode) file="C:\\Users\\Mango Cat\\Music\\Abdul, Paula/Shut_up_and_dance_(The_Dance_Mixes)/(Paula_Abdul)Shut_up_and_dance_(The_Dance_Mixes)-05-Knocked_out_(Pettibone_12-).mp3"
2026-02-05T22:39:20.203971Z DEBUG tokio-runtime-worker ThreadId(23) wkmp_ai::services::workflow_orchestrator: wkmp-ai\src\services\workflow_orchestrator\mod.rs:1742: Phase 1: Filename Matching - START file="C:\\Users\\Mango Cat\\Music\\Abdul, Paula/Shut_up_and_dance_(The_Dance_Mixes)/(Paula_Abdul)Shut_up_and_dance_(The_Dance_Mixes)-05-Knocked_out_(Pettibone_12-).mp3"
2026-02-05T22:39:20.204238Z DEBUG tokio-runtime-worker ThreadId(23) wkmp_ai::services::filename_matcher: wkmp-ai\src\services\filename_matcher.rs:54: Checking if file exists in database path=Abdul, Paula/Shut_up_and_dance_(The_Dance_Mixes)/(Paula_Abdul)Shut_up_and_dance_(The_Dance_Mixes)-05-Knocked_out_(Pettibone_12-).mp3 norm_us=6
2026-02-05T22:39:20.204536Z DEBUG tokio-runtime-worker ThreadId(23) wkmp_ai::services::workflow_orchestrator: wkmp-ai\src\services\workflow_orchestrator\mod.rs:3094: Starting per-file pipeline file_index=42 file_id=a039ec07-05b6-46d6-8543-e84fa89afd75 file=Abdul, Paula/Shut_up_and_dance_(The_Dance_Mixes)/(Paula_Abdul)Shut_up_and_dance_(The_Dance_Mixes)-06-The_Way_that_you_love_me_(HouseAFire_Mix).mp3
2026-02-05T22:39:20.204710Z  INFO tokio-runtime-worker ThreadId(23) wkmp_ai::services::workflow_orchestrator: wkmp-ai\src\services\workflow_orchestrator\mod.rs:1733: Starting PLAN024 10-phase per-file pipeline (late audio decode) file="C:\\Users\\Mango Cat\\Music\\Abdul, Paula/Shut_up_and_dance_(The_Dance_Mixes)/(Paula_Abdul)Shut_up_and_dance_(The_Dance_Mixes)-06-The_Way_that_you_love_me_(HouseAFire_Mix).mp3"
2026-02-05T22:39:20.204874Z DEBUG tokio-runtime-worker ThreadId(23) wkmp_ai::services::workflow_orchestrator: wkmp-ai\src\services\workflow_orchestrator\mod.rs:1742: Phase 1: Filename Matching - START file="C:\\Users\\Mango Cat\\Music\\Abdul, Paula/Shut_up_and_dance_(The_Dance_Mixes)/(Paula_Abdul)Shut_up_and_dance_(The_Dance_Mixes)-06-The_Way_that_you_love_me_(HouseAFire_Mix).mp3"
2026-02-05T22:39:20.205033Z DEBUG tokio-runtime-worker ThreadId(23) wkmp_ai::services::filename_matcher: wkmp-ai\src\services\filename_matcher.rs:54: Checking if file exists in database path=Abdul, Paula/Shut_up_and_dance_(The_Dance_Mixes)/(Paula_Abdul)Shut_up_and_dance_(The_Dance_Mixes)-06-The_Way_that_you_love_me_(HouseAFire_Mix).mp3 norm_us=6
2026-02-05T22:39:20.205217Z DEBUG tokio-runtime-worker ThreadId(23) wkmp_ai::services::workflow_orchestrator: wkmp-ai\src\services\workflow_orchestrator\mod.rs:3094: Starting per-file pipeline file_index=43 file_id=4594e072-ded1-4ab1-978e-ea0f03c90983 file=Abdul, Paula/Shut_up_and_dance_(The_Dance_Mixes)/(Paula_Abdul)Shut_up_and_dance_(The_Dance_Mixes)-07-Opposites_attract_(1990_Mix).mp3
2026-02-05T22:39:20.205378Z  INFO tokio-runtime-worker ThreadId(23) wkmp_ai::services::workflow_orchestrator: wkmp-ai\src\services\workflow_orchestrator\mod.rs:1733: Starting PLAN024 10-phase per-file pipeline (late audio decode) file="C:\\Users\\Mango Cat\\Music\\Abdul, Paula/Shut_up_and_dance_(The_Dance_Mixes)/(Paula_Abdul)Shut_up_and_dance_(The_Dance_Mixes)-07-Opposites_attract_(1990_Mix).mp3"
2026-02-05T22:39:20.205536Z DEBUG tokio-runtime-worker ThreadId(23) wkmp_ai::services::workflow_orchestrator: wkmp-ai\src\services\workflow_orchestrator\mod.rs:1742: Phase 1: Filename Matching - START file="C:\\Users\\Mango Cat\\Music\\Abdul, Paula/Shut_up_and_dance_(The_Dance_Mixes)/(Paula_Abdul)Shut_up_and_dance_(The_Dance_Mixes)-07-Opposites_attract_(1990_Mix).mp3"
2026-02-05T22:39:20.205686Z DEBUG tokio-runtime-worker ThreadId(23) wkmp_ai::services::filename_matcher: wkmp-ai\src\services\filename_matcher.rs:54: Checking if file exists in database path=Abdul, Paula/Shut_up_and_dance_(The_Dance_Mixes)/(Paula_Abdul)Shut_up_and_dance_(The_Dance_Mixes)-07-Opposites_attract_(1990_Mix).mp3 norm_us=5
2026-02-05T22:39:20.205864Z DEBUG tokio-runtime-worker ThreadId(23) wkmp_ai::services::workflow_orchestrator: wkmp-ai\src\services\workflow_orchestrator\mod.rs:3094: Starting per-file pipeline file_index=44 file_id=9913be8b-2c8a-48af-b60b-e04e0864bc20 file=Abdul, Paula/Shut_up_and_dance_(The_Dance_Mixes)/(Paula_Abdul)Shut_up_and_dance_(The_Dance_Mixes)-08-1990_Medley_Mix.mp3
2026-02-05T22:39:20.206020Z  INFO tokio-runtime-worker ThreadId(23) wkmp_ai::services::workflow_orchestrator: wkmp-ai\src\services\workflow_orchestrator\mod.rs:1733: Starting PLAN024 10-phase per-file pipeline (late audio decode) file="C:\\Users\\Mango Cat\\Music\\Abdul, Paula/Shut_up_and_dance_(The_Dance_Mixes)/(Paula_Abdul)Shut_up_and_dance_(The_Dance_Mixes)-08-1990_Medley_Mix.mp3"
2026-02-05T22:39:20.206227Z DEBUG tokio-runtime-worker ThreadId(23) wkmp_ai::services::workflow_orchestrator: wkmp-ai\src\services\workflow_orchestrator\mod.rs:1742: Phase 1: Filename Matching - START file="C:\\Users\\Mango Cat\\Music\\Abdul, Paula/Shut_up_and_dance_(The_Dance_Mixes)/(Paula_Abdul)Shut_up_and_dance_(The_Dance_Mixes)-08-1990_Medley_Mix.mp3"
2026-02-05T22:39:20.206389Z DEBUG tokio-runtime-worker ThreadId(23) wkmp_ai::services::filename_matcher: wkmp-ai\src\services\filename_matcher.rs:54: Checking if file exists in database path=Abdul, Paula/Shut_up_and_dance_(The_Dance_Mixes)/(Paula_Abdul)Shut_up_and_dance_(The_Dance_Mixes)-08-1990_Medley_Mix.mp3 norm_us=5
2026-02-05T22:39:20.206577Z DEBUG tokio-runtime-worker ThreadId(23) wkmp_ai::services::workflow_orchestrator: wkmp-ai\src\services\workflow_orchestrator\mod.rs:3094: Starting per-file pipeline file_index=45 file_id=e7e6d982-1560-40c5-b8ec-347b47ee29ff file=Ace of Base/HappyNation.mp3
2026-02-05T22:39:20.206741Z  INFO tokio-runtime-worker ThreadId(23) wkmp_ai::services::workflow_orchestrator: wkmp-ai\src\services\workflow_orchestrator\mod.rs:1733: Starting PLAN024 10-phase per-file pipeline (late audio decode) file="C:\\Users\\Mango Cat\\Music\\Ace of Base/HappyNation.mp3"
2026-02-05T22:39:20.206900Z DEBUG tokio-runtime-worker ThreadId(23) wkmp_ai::services::workflow_orchestrator: wkmp-ai\src\services\workflow_orchestrator\mod.rs:1742: Phase 1: Filename Matching - START file="C:\\Users\\Mango Cat\\Music\\Ace of Base/HappyNation.mp3"
2026-02-05T22:39:20.207048Z DEBUG tokio-runtime-worker ThreadId(23) wkmp_ai::services::filename_matcher: wkmp-ai\src\services\filename_matcher.rs:54: Checking if file exists in database path=Ace of Base/HappyNation.mp3 norm_us=4
2026-02-05T22:39:20.208007Z DEBUG tokio-runtime-worker ThreadId(23) wkmp_ai::api::sse: wkmp-ai\src\api\sse.rs:71: SSE: Broadcasting import event: ImportProgressUpdate
2026-02-05T22:39:20.209015Z DEBUG tokio-runtime-worker ThreadId(23) wkmp_ai::api::sse: wkmp-ai\src\api\sse.rs:71: SSE: Broadcasting import event: ImportProgressUpdate
2026-02-05T22:39:20.209876Z DEBUG tokio-runtime-worker ThreadId(23) wkmp_ai::api::sse: wkmp-ai\src\api\sse.rs:71: SSE: Broadcasting import event: ImportProgressUpdate
2026-02-05T22:39:20.210616Z DEBUG tokio-runtime-worker ThreadId(23) wkmp_ai::api::sse: wkmp-ai\src\api\sse.rs:71: SSE: Broadcasting import event: ImportProgressUpdate
2026-02-05T22:39:20.211345Z DEBUG tokio-runtime-worker ThreadId(23) wkmp_ai::api::sse: wkmp-ai\src\api\sse.rs:71: SSE: Broadcasting import event: ImportProgressUpdate
2026-02-05T22:39:20.212082Z DEBUG tokio-runtime-worker ThreadId(23) wkmp_ai::api::sse: wkmp-ai\src\api\sse.rs:71: SSE: Broadcasting import event: ImportProgressUpdate
2026-02-05T22:39:20.212995Z DEBUG tokio-runtime-worker ThreadId(23) wkmp_ai::api::sse: wkmp-ai\src\api\sse.rs:71: SSE: Broadcasting import event: ImportProgressUpdate
2026-02-05T22:39:20.213874Z DEBUG tokio-runtime-worker ThreadId(23) wkmp_ai::api::sse: wkmp-ai\src\api\sse.rs:71: SSE: Broadcasting import event: ImportProgressUpdate
2026-02-05T22:39:20.214425Z DEBUG tokio-runtime-worker ThreadId(23) wkmp_ai::api::sse: wkmp-ai\src\api\sse.rs:71: SSE: Broadcasting import event: ImportProgressUpdate
2026-02-05T22:39:20.214857Z DEBUG tokio-runtime-worker ThreadId(23) wkmp_ai::api::sse: wkmp-ai\src\api\sse.rs:71: SSE: Broadcasting import event: ImportProgressUpdate
2026-02-05T22:39:20.215259Z DEBUG tokio-runtime-worker ThreadId(23) wkmp_ai::api::sse: wkmp-ai\src\api\sse.rs:71: SSE: Broadcasting import event: ImportProgressUpdate
2026-02-05T22:39:20.215842Z DEBUG tokio-runtime-worker ThreadId(23) wkmp_ai::api::sse: wkmp-ai\src\api\sse.rs:71: SSE: Broadcasting import event: ImportProgressUpdate
2026-02-05T22:39:20.216271Z DEBUG tokio-runtime-worker ThreadId(23) wkmp_ai::api::sse: wkmp-ai\src\api\sse.rs:71: SSE: Broadcasting import event: ImportProgressUpdate
2026-02-05T22:39:20.216688Z DEBUG tokio-runtime-worker ThreadId(23) wkmp_ai::api::sse: wkmp-ai\src\api\sse.rs:71: SSE: Broadcasting import event: ImportProgressUpdate
2026-02-05T22:39:20.217089Z DEBUG tokio-runtime-worker ThreadId(23) wkmp_ai::api::sse: wkmp-ai\src\api\sse.rs:71: SSE: Broadcasting import event: ImportProgressUpdate
2026-02-05T22:39:20.217484Z DEBUG tokio-runtime-worker ThreadId(23) wkmp_ai::api::sse: wkmp-ai\src\api\sse.rs:71: SSE: Broadcasting import event: ImportProgressUpdate
2026-02-05T22:39:20.217882Z DEBUG tokio-runtime-worker ThreadId(23) wkmp_ai::api::sse: wkmp-ai\src\api\sse.rs:71: SSE: Broadcasting import event: ImportProgressUpdate
2026-02-05T22:39:20.218282Z DEBUG tokio-runtime-worker ThreadId(23) wkmp_ai::api::sse: wkmp-ai\src\api\sse.rs:71: SSE: Broadcasting import event: ImportProgressUpdate
2026-02-05T22:39:20.218683Z DEBUG tokio-runtime-worker ThreadId(23) wkmp_ai::api::sse: wkmp-ai\src\api\sse.rs:71: SSE: Broadcasting import event: ImportProgressUpdate
2026-02-05T22:39:20.219074Z DEBUG tokio-runtime-worker ThreadId(23) wkmp_ai::api::sse: wkmp-ai\src\api\sse.rs:71: SSE: Broadcasting import event: ImportProgressUpdate
2026-02-05T22:39:20.219467Z DEBUG tokio-runtime-worker ThreadId(23) wkmp_ai::api::sse: wkmp-ai\src\api\sse.rs:71: SSE: Broadcasting import event: ImportProgressUpdate
2026-02-05T22:39:20.219857Z DEBUG tokio-runtime-worker ThreadId(23) wkmp_ai::api::sse: wkmp-ai\src\api\sse.rs:71: SSE: Broadcasting import event: ImportProgressUpdate
2026-02-05T22:39:20.220513Z DEBUG tokio-runtime-worker ThreadId(23) wkmp_ai::services::filename_matcher: wkmp-ai\src\services\filename_matcher.rs:65: Database query completed path=AC-DC/Back in Black/Disc 1 - 9 - Shake a Leg.mp3 query_us=20746
2026-02-05T22:39:20.220782Z DEBUG tokio-runtime-worker ThreadId(23) wkmp_ai::services::filename_matcher: wkmp-ai\src\services\filename_matcher.rs:81: File already processed (INGEST COMPLETE) path=AC-DC/Back in Black/Disc 1 - 9 - Shake a Leg.mp3 guid=5a946ee7-fdcb-43f3-8472-acd5d644a537
2026-02-05T22:39:20.221220Z  INFO tokio-runtime-worker ThreadId(23) wkmp_ai::services::workflow_orchestrator: wkmp-ai\src\services\workflow_orchestrator\mod.rs:1756: Phase 1 completed phase="Filename Matching" duration_ms=21 path_us=1 db_ms=21 file_index=35
2026-02-05T22:39:20.221587Z  INFO tokio-runtime-worker ThreadId(23) wkmp_ai::services::workflow_orchestrator: wkmp-ai\src\services\workflow_orchestrator\mod.rs:1770: File already processed (INGEST COMPLETE/NO AUDIO/DUPLICATE HASH), skipping all remaining phases file="C:\\Users\\Mango Cat\\Music\\AC-DC/Back in Black/Disc 1 - 9 - Shake a Leg.mp3" file_id=5a946ee7-fdcb-43f3-8472-acd5d644a537
2026-02-05T22:39:20.221955Z DEBUG tokio-runtime-worker ThreadId(23) wkmp_ai::services::workflow_orchestrator: wkmp-ai\src\services\workflow_orchestrator\mod.rs:2912: File processing complete session_id=fc49b2a9-297a-4710-91ea-7a5f24790519 file_index=35 file=AC-DC/Back in Black/Disc 1 - 9 - Shake a Leg.mp3
2026-02-05T22:39:20.222407Z DEBUG tokio-runtime-worker ThreadId(23) wkmp_ai::services::workflow_orchestrator: wkmp-ai\src\services\workflow_orchestrator\mod.rs:1438: Acquiring all statistics Mutex locks for SSE conversion
2026-02-05T22:39:20.222663Z DEBUG tokio-runtime-worker ThreadId(23) wkmp_ai::services::workflow_orchestrator: wkmp-ai\src\services\workflow_orchestrator\mod.rs:1467: All statistics Mutex locks acquired and data cloned
2026-02-05T22:39:20.222904Z DEBUG tokio-runtime-worker ThreadId(23) wkmp_ai::services::workflow_orchestrator: wkmp-ai\src\services\workflow_orchestrator\mod.rs:1577: Releasing all statistics Mutex locks for SSE conversion
2026-02-05T22:39:20.223080Z DEBUG tokio-runtime-worker ThreadId(23) wkmp_ai::services::filename_matcher: wkmp-ai\src\services\filename_matcher.rs:65: Database query completed path=Abdul, Paula/Shut_up_and_dance_(The_Dance_Mixes)/(Paula_Abdul)Shut_up_and_dance_(The_Dance_Mixes)-03-One_or_the_other_(1990_Mix).mp3 query_us=20567
2026-02-05T22:39:20.223262Z DEBUG tokio-runtime-worker ThreadId(23) wkmp_ai::services::filename_matcher: wkmp-ai\src\services\filename_matcher.rs:81: File already processed (INGEST COMPLETE) path=Abdul, Paula/Shut_up_and_dance_(The_Dance_Mixes)/(Paula_Abdul)Shut_up_and_dance_(The_Dance_Mixes)-03-One_or_the_other_(1990_Mix).mp3 guid=172c859d-db35-425b-b79f-66c3122e9f01
2026-02-05T22:39:20.223381Z  INFO tokio-runtime-worker ThreadId(23) wkmp_ai::services::workflow_orchestrator: wkmp-ai\src\services\workflow_orchestrator\mod.rs:1756: Phase 1 completed phase="Filename Matching" duration_ms=21 path_us=2 db_ms=21 file_index=39
2026-02-05T22:39:20.223508Z  INFO tokio-runtime-worker ThreadId(23) wkmp_ai::services::workflow_orchestrator: wkmp-ai\src\services\workflow_orchestrator\mod.rs:1770: File already processed (INGEST COMPLETE/NO AUDIO/DUPLICATE HASH), skipping all remaining phases file="C:\\Users\\Mango Cat\\Music\\Abdul, Paula/Shut_up_and_dance_(The_Dance_Mixes)/(Paula_Abdul)Shut_up_and_dance_(The_Dance_Mixes)-03-One_or_the_other_(1990_Mix).mp3" file_id=172c859d-db35-425b-b79f-66c3122e9f01
2026-02-05T22:39:20.223664Z DEBUG tokio-runtime-worker ThreadId(23) wkmp_ai::services::workflow_orchestrator: wkmp-ai\src\services\workflow_orchestrator\mod.rs:2912: File processing complete session_id=fc49b2a9-297a-4710-91ea-7a5f24790519 file_index=39 file=Abdul, Paula/Shut_up_and_dance_(The_Dance_Mixes)/(Paula_Abdul)Shut_up_and_dance_(The_Dance_Mixes)-03-One_or_the_other_(1990_Mix).mp3
2026-02-05T22:39:20.223818Z DEBUG tokio-runtime-worker ThreadId(23) wkmp_ai::services::workflow_orchestrator: wkmp-ai\src\services\workflow_orchestrator\mod.rs:1438: Acquiring all statistics Mutex locks for SSE conversion
2026-02-05T22:39:20.224140Z DEBUG tokio-runtime-worker ThreadId(23) wkmp_ai::services::workflow_orchestrator: wkmp-ai\src\services\workflow_orchestrator\mod.rs:1467: All statistics Mutex locks acquired and data cloned
2026-02-05T22:39:20.224549Z DEBUG tokio-runtime-worker ThreadId(23) wkmp_ai::services::workflow_orchestrator: wkmp-ai\src\services\workflow_orchestrator\mod.rs:1577: Releasing all statistics Mutex locks for SSE conversion
2026-02-05T22:39:20.224894Z DEBUG tokio-runtime-worker ThreadId(23) wkmp_ai::services::filename_matcher: wkmp-ai\src\services\filename_matcher.rs:65: Database query completed path=Abdul, Paula/Shut_up_and_dance_(The_Dance_Mixes)/(Paula_Abdul)Shut_up_and_dance_(The_Dance_Mixes)-01-Coldhearted_(Quiverin'_12-).mp3 query_us=23883
2026-02-05T22:39:20.225189Z DEBUG tokio-runtime-worker ThreadId(23) wkmp_ai::services::filename_matcher: wkmp-ai\src\services\filename_matcher.rs:81: File already processed (INGEST COMPLETE) path=Abdul, Paula/Shut_up_and_dance_(The_Dance_Mixes)/(Paula_Abdul)Shut_up_and_dance_(The_Dance_Mixes)-01-Coldhearted_(Quiverin'_12-).mp3 guid=0d8c56aa-ccc0-4691-9647-1f0b7c72aaea
2026-02-05T22:39:20.225474Z  INFO tokio-runtime-worker ThreadId(23) wkmp_ai::services::workflow_orchestrator: wkmp-ai\src\services\workflow_orchestrator\mod.rs:1756: Phase 1 completed phase="Filename Matching" duration_ms=24 path_us=1 db_ms=24 file_index=37
2026-02-05T22:39:20.225661Z  INFO tokio-runtime-worker ThreadId(23) wkmp_ai::services::workflow_orchestrator: wkmp-ai\src\services\workflow_orchestrator\mod.rs:1770: File already processed (INGEST COMPLETE/NO AUDIO/DUPLICATE HASH), skipping all remaining phases file="C:\\Users\\Mango Cat\\Music\\Abdul, Paula/Shut_up_and_dance_(The_Dance_Mixes)/(Paula_Abdul)Shut_up_and_dance_(The_Dance_Mixes)-01-Coldhearted_(Quiverin\'_12-).mp3" file_id=0d8c56aa-ccc0-4691-9647-1f0b7c72aaea
2026-02-05T22:39:20.225832Z DEBUG tokio-runtime-worker ThreadId(23) wkmp_ai::services::workflow_orchestrator: wkmp-ai\src\services\workflow_orchestrator\mod.rs:2912: File processing complete session_id=fc49b2a9-297a-4710-91ea-7a5f24790519 file_index=37 file=Abdul, Paula/Shut_up_and_dance_(The_Dance_Mixes)/(Paula_Abdul)Shut_up_and_dance_(The_Dance_Mixes)-01-Coldhearted_(Quiverin'_12-).mp3
2026-02-05T22:39:20.225969Z DEBUG tokio-runtime-worker ThreadId(23) wkmp_ai::services::workflow_orchestrator: wkmp-ai\src\services\workflow_orchestrator\mod.rs:1438: Acquiring all statistics Mutex locks for SSE conversion
2026-02-05T22:39:20.226080Z DEBUG tokio-runtime-worker ThreadId(23) wkmp_ai::services::workflow_orchestrator: wkmp-ai\src\services\workflow_orchestrator\mod.rs:1467: All statistics Mutex locks acquired and data cloned
2026-02-05T22:39:20.226213Z DEBUG tokio-runtime-worker ThreadId(23) wkmp_ai::services::workflow_orchestrator: wkmp-ai\src\services\workflow_orchestrator\mod.rs:1577: Releasing all statistics Mutex locks for SSE conversion
2026-02-05T22:39:20.226360Z DEBUG tokio-runtime-worker ThreadId(23) wkmp_ai::services::filename_matcher: wkmp-ai\src\services\filename_matcher.rs:65: Database query completed path=Abdul, Paula/Shut_up_and_dance_(The_Dance_Mixes)/(Paula_Abdul)Shut_up_and_dance_(The_Dance_Mixes)-07-Opposites_attract_(1990_Mix).mp3 query_us=20534
2026-02-05T22:39:20.226487Z DEBUG tokio-runtime-worker ThreadId(23) wkmp_ai::services::filename_matcher: wkmp-ai\src\services\filename_matcher.rs:81: File already processed (INGEST COMPLETE) path=Abdul, Paula/Shut_up_and_dance_(The_Dance_Mixes)/(Paula_Abdul)Shut_up_and_dance_(The_Dance_Mixes)-07-Opposites_attract_(1990_Mix).mp3 guid=4594e072-ded1-4ab1-978e-ea0f03c90983
2026-02-05T22:39:20.226614Z  INFO tokio-runtime-worker ThreadId(23) wkmp_ai::services::workflow_orchestrator: wkmp-ai\src\services\workflow_orchestrator\mod.rs:1756: Phase 1 completed phase="Filename Matching" duration_ms=21 path_us=1 db_ms=20 file_index=43
2026-02-05T22:39:20.226751Z  INFO tokio-runtime-worker ThreadId(23) wkmp_ai::services::workflow_orchestrator: wkmp-ai\src\services\workflow_orchestrator\mod.rs:1770: File already processed (INGEST COMPLETE/NO AUDIO/DUPLICATE HASH), skipping all remaining phases file="C:\\Users\\Mango Cat\\Music\\Abdul, Paula/Shut_up_and_dance_(The_Dance_Mixes)/(Paula_Abdul)Shut_up_and_dance_(The_Dance_Mixes)-07-Opposites_attract_(1990_Mix).mp3" file_id=4594e072-ded1-4ab1-978e-ea0f03c90983
2026-02-05T22:39:20.226926Z DEBUG tokio-runtime-worker ThreadId(23) wkmp_ai::services::workflow_orchestrator: wkmp-ai\src\services\workflow_orchestrator\mod.rs:2912: File processing complete session_id=fc49b2a9-297a-4710-91ea-7a5f24790519 file_index=43 file=Abdul, Paula/Shut_up_and_dance_(The_Dance_Mixes)/(Paula_Abdul)Shut_up_and_dance_(The_Dance_Mixes)-07-Opposites_attract_(1990_Mix).mp3
2026-02-05T22:39:20.227064Z DEBUG tokio-runtime-worker ThreadId(23) wkmp_ai::services::workflow_orchestrator: wkmp-ai\src\services\workflow_orchestrator\mod.rs:1438: Acquiring all statistics Mutex locks for SSE conversion
2026-02-05T22:39:20.227172Z DEBUG tokio-runtime-worker ThreadId(23) wkmp_ai::services::workflow_orchestrator: wkmp-ai\src\services\workflow_orchestrator\mod.rs:1467: All statistics Mutex locks acquired and data cloned
2026-02-05T22:39:20.227297Z DEBUG tokio-runtime-worker ThreadId(23) wkmp_ai::services::workflow_orchestrator: wkmp-ai\src\services\workflow_orchestrator\mod.rs:1577: Releasing all statistics Mutex locks for SSE conversion
2026-02-05T22:39:20.227423Z DEBUG tokio-runtime-worker ThreadId(23) wkmp_ai::services::filename_matcher: wkmp-ai\src\services\filename_matcher.rs:65: Database query completed path=Abdul, Paula/Shut_up_and_dance_(The_Dance_Mixes)/(Paula_Abdul)Shut_up_and_dance_(The_Dance_Mixes)-08-1990_Medley_Mix.mp3 query_us=20889
2026-02-05T22:39:20.227549Z DEBUG tokio-runtime-worker ThreadId(23) wkmp_ai::services::filename_matcher: wkmp-ai\src\services\filename_matcher.rs:81: File already processed (INGEST COMPLETE) path=Abdul, Paula/Shut_up_and_dance_(The_Dance_Mixes)/(Paula_Abdul)Shut_up_and_dance_(The_Dance_Mixes)-08-1990_Medley_Mix.mp3 guid=9913be8b-2c8a-48af-b60b-e04e0864bc20
2026-02-05T22:39:20.227675Z  INFO tokio-runtime-worker ThreadId(23) wkmp_ai::services::workflow_orchestrator: wkmp-ai\src\services\workflow_orchestrator\mod.rs:1756: Phase 1 completed phase="Filename Matching" duration_ms=21 path_us=1 db_ms=21 file_index=44
2026-02-05T22:39:20.227811Z  INFO tokio-runtime-worker ThreadId(23) wkmp_ai::services::workflow_orchestrator: wkmp-ai\src\services\workflow_orchestrator\mod.rs:1770: File already processed (INGEST COMPLETE/NO AUDIO/DUPLICATE HASH), skipping all remaining phases file="C:\\Users\\Mango Cat\\Music\\Abdul, Paula/Shut_up_and_dance_(The_Dance_Mixes)/(Paula_Abdul)Shut_up_and_dance_(The_Dance_Mixes)-08-1990_Medley_Mix.mp3" file_id=9913be8b-2c8a-48af-b60b-e04e0864bc20
2026-02-05T22:39:20.227958Z DEBUG tokio-runtime-worker ThreadId(23) wkmp_ai::services::workflow_orchestrator: wkmp-ai\src\services\workflow_orchestrator\mod.rs:2912: File processing complete session_id=fc49b2a9-297a-4710-91ea-7a5f24790519 file_index=44 file=Abdul, Paula/Shut_up_and_dance_(The_Dance_Mixes)/(Paula_Abdul)Shut_up_and_dance_(The_Dance_Mixes)-08-1990_Medley_Mix.mp3
2026-02-05T22:39:20.228282Z DEBUG tokio-runtime-worker ThreadId(23) wkmp_ai::services::workflow_orchestrator: wkmp-ai\src\services\workflow_orchestrator\mod.rs:1438: Acquiring all statistics Mutex locks for SSE conversion
2026-02-05T22:39:20.228471Z DEBUG tokio-runtime-worker ThreadId(23) wkmp_ai::services::workflow_orchestrator: wkmp-ai\src\services\workflow_orchestrator\mod.rs:1467: All statistics Mutex locks acquired and data cloned
2026-02-05T22:39:20.228618Z DEBUG tokio-runtime-worker ThreadId(23) wkmp_ai::services::workflow_orchestrator: wkmp-ai\src\services\workflow_orchestrator\mod.rs:1577: Releasing all statistics Mutex locks for SSE conversion
2026-02-05T22:39:20.228752Z DEBUG tokio-runtime-worker ThreadId(23) wkmp_ai::services::filename_matcher: wkmp-ai\src\services\filename_matcher.rs:65: Database query completed path=Abdul, Paula/Shut_up_and_dance_(The_Dance_Mixes)/(Paula_Abdul)Shut_up_and_dance_(The_Dance_Mixes)-04-Forever_your_Girl_(Frankie_Foncett_Mix).mp3 query_us=25407
2026-02-05T22:39:20.228880Z DEBUG tokio-runtime-worker ThreadId(23) wkmp_ai::services::filename_matcher: wkmp-ai\src\services\filename_matcher.rs:81: File already processed (INGEST COMPLETE) path=Abdul, Paula/Shut_up_and_dance_(The_Dance_Mixes)/(Paula_Abdul)Shut_up_and_dance_(The_Dance_Mixes)-04-Forever_your_Girl_(Frankie_Foncett_Mix).mp3 guid=9d2a8194-ee50-43c3-a2b4-82954ac65658
2026-02-05T22:39:20.229006Z  INFO tokio-runtime-worker ThreadId(23) wkmp_ai::services::workflow_orchestrator: wkmp-ai\src\services\workflow_orchestrator\mod.rs:1756: Phase 1 completed phase="Filename Matching" duration_ms=26 path_us=2 db_ms=25 file_index=40
2026-02-05T22:39:20.229141Z  INFO tokio-runtime-worker ThreadId(23) wkmp_ai::services::workflow_orchestrator: wkmp-ai\src\services\workflow_orchestrator\mod.rs:1770: File already processed (INGEST COMPLETE/NO AUDIO/DUPLICATE HASH), skipping all remaining phases file="C:\\Users\\Mango Cat\\Music\\Abdul, Paula/Shut_up_and_dance_(The_Dance_Mixes)/(Paula_Abdul)Shut_up_and_dance_(The_Dance_Mixes)-04-Forever_your_Girl_(Frankie_Foncett_Mix).mp3" file_id=9d2a8194-ee50-43c3-a2b4-82954ac65658
2026-02-05T22:39:20.229289Z DEBUG tokio-runtime-worker ThreadId(23) wkmp_ai::services::workflow_orchestrator: wkmp-ai\src\services\workflow_orchestrator\mod.rs:2912: File processing complete session_id=fc49b2a9-297a-4710-91ea-7a5f24790519 file_index=40 file=Abdul, Paula/Shut_up_and_dance_(The_Dance_Mixes)/(Paula_Abdul)Shut_up_and_dance_(The_Dance_Mixes)-04-Forever_your_Girl_(Frankie_Foncett_Mix).mp3
2026-02-05T22:39:20.236122Z DEBUG tokio-runtime-worker ThreadId(23) wkmp_ai::services::workflow_orchestrator: wkmp-ai\src\services\workflow_orchestrator\mod.rs:1438: Acquiring all statistics Mutex locks for SSE conversion
2026-02-05T22:39:20.236316Z DEBUG tokio-runtime-worker ThreadId(23) wkmp_ai::services::workflow_orchestrator: wkmp-ai\src\services\workflow_orchestrator\mod.rs:1467: All statistics Mutex locks acquired and data cloned
2026-02-05T22:39:20.236659Z DEBUG tokio-runtime-worker ThreadId(23) wkmp_ai::services::workflow_orchestrator: wkmp-ai\src\services\workflow_orchestrator\mod.rs:1577: Releasing all statistics Mutex locks for SSE conversion
2026-02-05T22:39:20.236913Z DEBUG tokio-runtime-worker ThreadId(23) wkmp_ai::services::filename_matcher: wkmp-ai\src\services\filename_matcher.rs:65: Database query completed path=Abdul, Paula/Shut_up_and_dance_(The_Dance_Mixes)/(Paula_Abdul)Shut_up_and_dance_(The_Dance_Mixes)-02-Straight_up_(Ultimix_Mix).mp3 query_us=35249
2026-02-05T22:39:20.237144Z DEBUG tokio-runtime-worker ThreadId(23) wkmp_ai::services::filename_matcher: wkmp-ai\src\services\filename_matcher.rs:81: File already processed (INGEST COMPLETE) path=Abdul, Paula/Shut_up_and_dance_(The_Dance_Mixes)/(Paula_Abdul)Shut_up_and_dance_(The_Dance_Mixes)-02-Straight_up_(Ultimix_Mix).mp3 guid=9b13e3b4-dc6b-4258-bb86-355ea651d1d0
2026-02-05T22:39:20.237311Z  INFO tokio-runtime-worker ThreadId(23) wkmp_ai::services::workflow_orchestrator: wkmp-ai\src\services\workflow_orchestrator\mod.rs:1756: Phase 1 completed phase="Filename Matching" duration_ms=35 path_us=1 db_ms=35 file_index=38
2026-02-05T22:39:20.237469Z  INFO tokio-runtime-worker ThreadId(23) wkmp_ai::services::workflow_orchestrator: wkmp-ai\src\services\workflow_orchestrator\mod.rs:1770: File already processed (INGEST COMPLETE/NO AUDIO/DUPLICATE HASH), skipping all remaining phases file="C:\\Users\\Mango Cat\\Music\\Abdul, Paula/Shut_up_and_dance_(The_Dance_Mixes)/(Paula_Abdul)Shut_up_and_dance_(The_Dance_Mixes)-02-Straight_up_(Ultimix_Mix).mp3" file_id=9b13e3b4-dc6b-4258-bb86-355ea651d1d0
2026-02-05T22:39:20.237637Z DEBUG tokio-runtime-worker ThreadId(23) wkmp_ai::services::workflow_orchestrator: wkmp-ai\src\services\workflow_orchestrator\mod.rs:2912: File processing complete session_id=fc49b2a9-297a-4710-91ea-7a5f24790519 file_index=38 file=Abdul, Paula/Shut_up_and_dance_(The_Dance_Mixes)/(Paula_Abdul)Shut_up_and_dance_(The_Dance_Mixes)-02-Straight_up_(Ultimix_Mix).mp3
2026-02-05T22:39:20.237778Z DEBUG tokio-runtime-worker ThreadId(23) wkmp_ai::services::workflow_orchestrator: wkmp-ai\src\services\workflow_orchestrator\mod.rs:1438: Acquiring all statistics Mutex locks for SSE conversion
2026-02-05T22:39:20.237891Z DEBUG tokio-runtime-worker ThreadId(23) wkmp_ai::services::workflow_orchestrator: wkmp-ai\src\services\workflow_orchestrator\mod.rs:1467: All statistics Mutex locks acquired and data cloned
2026-02-05T22:39:20.238026Z DEBUG tokio-runtime-worker ThreadId(23) wkmp_ai::services::workflow_orchestrator: wkmp-ai\src\services\workflow_orchestrator\mod.rs:1577: Releasing all statistics Mutex locks for SSE conversion
2026-02-05T22:39:20.238187Z DEBUG tokio-runtime-worker ThreadId(23) wkmp_ai::services::filename_matcher: wkmp-ai\src\services\filename_matcher.rs:65: Database query completed path=Ace of Base/HappyNation.mp3 query_us=30999
2026-02-05T22:39:20.238301Z DEBUG tokio-runtime-worker ThreadId(23) wkmp_ai::services::filename_matcher: wkmp-ai\src\services\filename_matcher.rs:88: File exists, reusing fileId path=Ace of Base/HappyNation.mp3 guid=e7e6d982-1560-40c5-b8ec-347b47ee29ff status=PENDING
2026-02-05T22:39:20.238431Z  INFO tokio-runtime-worker ThreadId(23) wkmp_ai::services::workflow_orchestrator: wkmp-ai\src\services\workflow_orchestrator\mod.rs:1756: Phase 1 completed phase="Filename Matching" duration_ms=31 path_us=1 db_ms=31 file_index=45
2026-02-05T22:39:20.238566Z DEBUG tokio-runtime-worker ThreadId(23) wkmp_ai::services::workflow_orchestrator: wkmp-ai\src\services\workflow_orchestrator\mod.rs:1778: Reusing existing file record (incomplete processing) file_id=e7e6d982-1560-40c5-b8ec-347b47ee29ff
2026-02-05T22:39:20.238704Z DEBUG tokio-runtime-worker ThreadId(23) wkmp_ai::services::workflow_orchestrator: wkmp-ai\src\services\workflow_orchestrator\mod.rs:1812: Phase 2: Hash Deduplication file="C:\\Users\\Mango Cat\\Music\\Ace of Base/HappyNation.mp3" file_id=e7e6d982-1560-40c5-b8ec-347b47ee29ff
2026-02-05T22:39:20.238832Z DEBUG tokio-runtime-worker ThreadId(23) wkmp_ai::services::hash_deduplicator: wkmp-ai\src\services\hash_deduplicator.rs:52: Calculating SHA-256 hash path=C:\Users\Mango Cat\Music\Ace of Base/HappyNation.mp3
2026-02-05T22:39:20.239046Z DEBUG tokio-runtime-worker ThreadId(23) wkmp_ai::services::filename_matcher: wkmp-ai\src\services\filename_matcher.rs:65: Database query completed path=AURORA/AuroraTeardrop.mp3 query_us=38707
2026-02-05T22:39:20.239177Z DEBUG tokio-runtime-worker ThreadId(23) wkmp_ai::services::filename_matcher: wkmp-ai\src\services\filename_matcher.rs:81: File already processed (INGEST COMPLETE) path=AURORA/AuroraTeardrop.mp3 guid=7e89c56d-07e8-4637-92b4-a36aa2fa5af4
2026-02-05T22:39:20.239395Z  INFO tokio-runtime-worker ThreadId(23) wkmp_ai::services::workflow_orchestrator: wkmp-ai\src\services\workflow_orchestrator\mod.rs:1756: Phase 1 completed phase="Filename Matching" duration_ms=39 path_us=1 db_ms=39 file_index=36
2026-02-05T22:39:20.239536Z  INFO tokio-runtime-worker ThreadId(23) wkmp_ai::services::workflow_orchestrator: wkmp-ai\src\services\workflow_orchestrator\mod.rs:1770: File already processed (INGEST COMPLETE/NO AUDIO/DUPLICATE HASH), skipping all remaining phases file="C:\\Users\\Mango Cat\\Music\\AURORA/AuroraTeardrop.mp3" file_id=7e89c56d-07e8-4637-92b4-a36aa2fa5af4
2026-02-05T22:39:20.239673Z DEBUG tokio-runtime-worker ThreadId(23) wkmp_ai::services::workflow_orchestrator: wkmp-ai\src\services\workflow_orchestrator\mod.rs:2912: File processing complete session_id=fc49b2a9-297a-4710-91ea-7a5f24790519 file_index=36 file=AURORA/AuroraTeardrop.mp3
2026-02-05T22:39:20.239805Z DEBUG tokio-runtime-worker ThreadId(23) wkmp_ai::services::workflow_orchestrator: wkmp-ai\src\services\workflow_orchestrator\mod.rs:1438: Acquiring all statistics Mutex locks for SSE conversion
2026-02-05T22:39:20.239916Z DEBUG tokio-runtime-worker ThreadId(23) wkmp_ai::services::workflow_orchestrator: wkmp-ai\src\services\workflow_orchestrator\mod.rs:1467: All statistics Mutex locks acquired and data cloned
2026-02-05T22:39:20.240047Z DEBUG tokio-runtime-worker ThreadId(23) wkmp_ai::services::workflow_orchestrator: wkmp-ai\src\services\workflow_orchestrator\mod.rs:1577: Releasing all statistics Mutex locks for SSE conversion
2026-02-05T22:39:20.240180Z DEBUG tokio-runtime-worker ThreadId(23) wkmp_ai::services::filename_matcher: wkmp-ai\src\services\filename_matcher.rs:65: Database query completed path=Abdul, Paula/Shut_up_and_dance_(The_Dance_Mixes)/(Paula_Abdul)Shut_up_and_dance_(The_Dance_Mixes)-06-The_Way_that_you_love_me_(HouseAFire_Mix).mp3 query_us=35005
2026-02-05T22:39:20.240441Z DEBUG tokio-runtime-worker ThreadId(23) wkmp_ai::services::filename_matcher: wkmp-ai\src\services\filename_matcher.rs:81: File already processed (INGEST COMPLETE) path=Abdul, Paula/Shut_up_and_dance_(The_Dance_Mixes)/(Paula_Abdul)Shut_up_and_dance_(The_Dance_Mixes)-06-The_Way_that_you_love_me_(HouseAFire_Mix).mp3 guid=a039ec07-05b6-46d6-8543-e84fa89afd75
2026-02-05T22:39:20.240722Z  INFO tokio-runtime-worker ThreadId(23) wkmp_ai::services::workflow_orchestrator: wkmp-ai\src\services\workflow_orchestrator\mod.rs:1756: Phase 1 completed phase="Filename Matching" duration_ms=35 path_us=1 db_ms=35 file_index=42
2026-02-05T22:39:20.241083Z  INFO tokio-runtime-worker ThreadId(23) wkmp_ai::services::workflow_orchestrator: wkmp-ai\src\services\workflow_orchestrator\mod.rs:1770: File already processed (INGEST COMPLETE/NO AUDIO/DUPLICATE HASH), skipping all remaining phases file="C:\\Users\\Mango Cat\\Music\\Abdul, Paula/Shut_up_and_dance_(The_Dance_Mixes)/(Paula_Abdul)Shut_up_and_dance_(The_Dance_Mixes)-06-The_Way_that_you_love_me_(HouseAFire_Mix).mp3" file_id=a039ec07-05b6-46d6-8543-e84fa89afd75
2026-02-05T22:39:20.241627Z DEBUG tokio-runtime-worker ThreadId(23) wkmp_ai::services::workflow_orchestrator: wkmp-ai\src\services\workflow_orchestrator\mod.rs:2912: File processing complete session_id=fc49b2a9-297a-4710-91ea-7a5f24790519 file_index=42 file=Abdul, Paula/Shut_up_and_dance_(The_Dance_Mixes)/(Paula_Abdul)Shut_up_and_dance_(The_Dance_Mixes)-06-The_Way_that_you_love_me_(HouseAFire_Mix).mp3
2026-02-05T22:39:20.242039Z DEBUG tokio-runtime-worker ThreadId(23) wkmp_ai::services::workflow_orchestrator: wkmp-ai\src\services\workflow_orchestrator\mod.rs:1438: Acquiring all statistics Mutex locks for SSE conversion
2026-02-05T22:39:20.242298Z DEBUG tokio-runtime-worker ThreadId(23) wkmp_ai::services::workflow_orchestrator: wkmp-ai\src\services\workflow_orchestrator\mod.rs:1467: All statistics Mutex locks acquired and data cloned
2026-02-05T22:39:20.242651Z DEBUG tokio-runtime-worker ThreadId(23) wkmp_ai::services::workflow_orchestrator: wkmp-ai\src\services\workflow_orchestrator\mod.rs:1577: Releasing all statistics Mutex locks for SSE conversion
2026-02-05T22:39:20.242967Z DEBUG tokio-runtime-worker ThreadId(23) wkmp_ai::services::filename_matcher: wkmp-ai\src\services\filename_matcher.rs:65: Database query completed path=Abdul, Paula/Shut_up_and_dance_(The_Dance_Mixes)/(Paula_Abdul)Shut_up_and_dance_(The_Dance_Mixes)-05-Knocked_out_(Pettibone_12-).mp3 query_us=38476
2026-02-05T22:39:20.243167Z DEBUG tokio-runtime-worker ThreadId(23) wkmp_ai::services::filename_matcher: wkmp-ai\src\services\filename_matcher.rs:81: File already processed (INGEST COMPLETE) path=Abdul, Paula/Shut_up_and_dance_(The_Dance_Mixes)/(Paula_Abdul)Shut_up_and_dance_(The_Dance_Mixes)-05-Knocked_out_(Pettibone_12-).mp3 guid=f1b3ec7b-3510-4440-833d-f767587c8e8c
2026-02-05T22:39:20.243313Z  INFO tokio-runtime-worker ThreadId(23) wkmp_ai::services::workflow_orchestrator: wkmp-ai\src\services\workflow_orchestrator\mod.rs:1756: Phase 1 completed phase="Filename Matching" duration_ms=39 path_us=1 db_ms=39 file_index=41
2026-02-05T22:39:20.243758Z  INFO tokio-runtime-worker ThreadId(23) wkmp_ai::services::workflow_orchestrator: wkmp-ai\src\services\workflow_orchestrator\mod.rs:1770: File already processed (INGEST COMPLETE/NO AUDIO/DUPLICATE HASH), skipping all remaining phases file="C:\\Users\\Mango Cat\\Music\\Abdul, Paula/Shut_up_and_dance_(The_Dance_Mixes)/(Paula_Abdul)Shut_up_and_dance_(The_Dance_Mixes)-05-Knocked_out_(Pettibone_12-).mp3" file_id=f1b3ec7b-3510-4440-833d-f767587c8e8c
2026-02-05T22:39:20.244053Z DEBUG tokio-runtime-worker ThreadId(23) wkmp_ai::services::workflow_orchestrator: wkmp-ai\src\services\workflow_orchestrator\mod.rs:2912: File processing complete session_id=fc49b2a9-297a-4710-91ea-7a5f24790519 file_index=41 file=Abdul, Paula/Shut_up_and_dance_(The_Dance_Mixes)/(Paula_Abdul)Shut_up_and_dance_(The_Dance_Mixes)-05-Knocked_out_(Pettibone_12-).mp3
2026-02-05T22:39:20.244408Z DEBUG tokio-runtime-worker ThreadId(23) wkmp_ai::services::workflow_orchestrator: wkmp-ai\src\services\workflow_orchestrator\mod.rs:1438: Acquiring all statistics Mutex locks for SSE conversion
2026-02-05T22:39:20.244720Z DEBUG tokio-runtime-worker ThreadId(23) wkmp_ai::services::workflow_orchestrator: wkmp-ai\src\services\workflow_orchestrator\mod.rs:1467: All statistics Mutex locks acquired and data cloned
2026-02-05T22:39:20.244845Z DEBUG tokio-runtime-worker ThreadId(23) wkmp_ai::services::workflow_orchestrator: wkmp-ai\src\services\workflow_orchestrator\mod.rs:1577: Releasing all statistics Mutex locks for SSE conversion
2026-02-05T22:39:20.244967Z DEBUG tokio-runtime-worker ThreadId(23) wkmp_ai::services::workflow_orchestrator: wkmp-ai\src\services\workflow_orchestrator\mod.rs:3094: Starting per-file pipeline file_index=46 file_id=62a7341f-b287-4cc2-be57-6de77b65772a file=Aerosmith/(Aerosmith)Single-03-Angel.mp3
2026-02-05T22:39:20.245108Z  INFO tokio-runtime-worker ThreadId(23) wkmp_ai::services::workflow_orchestrator: wkmp-ai\src\services\workflow_orchestrator\mod.rs:1733: Starting PLAN024 10-phase per-file pipeline (late audio decode) file="C:\\Users\\Mango Cat\\Music\\Aerosmith/(Aerosmith)Single-03-Angel.mp3"
2026-02-05T22:39:20.245254Z DEBUG tokio-runtime-worker ThreadId(23) wkmp_ai::services::workflow_orchestrator: wkmp-ai\src\services\workflow_orchestrator\mod.rs:1742: Phase 1: Filename Matching - START file="C:\\Users\\Mango Cat\\Music\\Aerosmith/(Aerosmith)Single-03-Angel.mp3"
2026-02-05T22:39:20.245401Z DEBUG tokio-runtime-worker ThreadId(23) wkmp_ai::services::filename_matcher: wkmp-ai\src\services\filename_matcher.rs:54: Checking if file exists in database path=Aerosmith/(Aerosmith)Single-03-Angel.mp3 norm_us=8
2026-02-05T22:39:20.245579Z DEBUG tokio-runtime-worker ThreadId(23) wkmp_ai::services::workflow_orchestrator: wkmp-ai\src\services\workflow_orchestrator\mod.rs:3094: Starting per-file pipeline file_index=47 file_id=85decb52-878d-428d-9e4f-39631a68ff68 file=Aerosmith/Pump.mp3
2026-02-05T22:39:20.245713Z  INFO tokio-runtime-worker ThreadId(23) wkmp_ai::services::workflow_orchestrator: wkmp-ai\src\services\workflow_orchestrator\mod.rs:1733: Starting PLAN024 10-phase per-file pipeline (late audio decode) file="C:\\Users\\Mango Cat\\Music\\Aerosmith/Pump.mp3"
2026-02-05T22:39:20.245840Z DEBUG tokio-runtime-worker ThreadId(23) wkmp_ai::services::workflow_orchestrator: wkmp-ai\src\services\workflow_orchestrator\mod.rs:1742: Phase 1: Filename Matching - START file="C:\\Users\\Mango Cat\\Music\\Aerosmith/Pump.mp3"
2026-02-05T22:39:20.245962Z DEBUG tokio-runtime-worker ThreadId(23) wkmp_ai::services::filename_matcher: wkmp-ai\src\services\filename_matcher.rs:54: Checking if file exists in database path=Aerosmith/Pump.mp3 norm_us=2
2026-02-05T22:39:20.246090Z DEBUG tokio-runtime-worker ThreadId(23) wkmp_ai::services::workflow_orchestrator: wkmp-ai\src\services\workflow_orchestrator\mod.rs:3094: Starting per-file pipeline file_index=48 file_id=772e94ca-d6b9-401e-ac9e-b8dd4c77e60f file=Aerosmith/Toys_In_The_Attic/(Aerosmith)Toys_In_The_Attic-01-Toys_In_The_Attic.mp3
2026-02-05T22:39:20.246219Z  INFO tokio-runtime-worker ThreadId(23) wkmp_ai::services::workflow_orchestrator: wkmp-ai\src\services\workflow_orchestrator\mod.rs:1733: Starting PLAN024 10-phase per-file pipeline (late audio decode) file="C:\\Users\\Mango Cat\\Music\\Aerosmith/Toys_In_The_Attic/(Aerosmith)Toys_In_The_Attic-01-Toys_In_The_Attic.mp3"
2026-02-05T22:39:20.246346Z DEBUG tokio-runtime-worker ThreadId(23) wkmp_ai::services::workflow_orchestrator: wkmp-ai\src\services\workflow_orchestrator\mod.rs:1742: Phase 1: Filename Matching - START file="C:\\Users\\Mango Cat\\Music\\Aerosmith/Toys_In_The_Attic/(Aerosmith)Toys_In_The_Attic-01-Toys_In_The_Attic.mp3"
2026-02-05T22:39:20.246469Z DEBUG tokio-runtime-worker ThreadId(23) wkmp_ai::services::filename_matcher: wkmp-ai\src\services\filename_matcher.rs:54: Checking if file exists in database path=Aerosmith/Toys_In_The_Attic/(Aerosmith)Toys_In_The_Attic-01-Toys_In_The_Attic.mp3 norm_us=2
2026-02-05T22:39:20.246607Z DEBUG tokio-runtime-worker ThreadId(23) wkmp_ai::services::workflow_orchestrator: wkmp-ai\src\services\workflow_orchestrator\mod.rs:3094: Starting per-file pipeline file_index=49 file_id=94964f38-443a-4c10-9981-835bfe2711ea file=Aerosmith/Toys_In_The_Attic/(Aerosmith)Toys_In_The_Attic-02-Uncle_Salty.mp3
2026-02-05T22:39:20.246755Z  INFO tokio-runtime-worker ThreadId(23) wkmp_ai::services::workflow_orchestrator: wkmp-ai\src\services\workflow_orchestrator\mod.rs:1733: Starting PLAN024 10-phase per-file pipeline (late audio decode) file="C:\\Users\\Mango Cat\\Music\\Aerosmith/Toys_In_The_Attic/(Aerosmith)Toys_In_The_Attic-02-Uncle_Salty.mp3"
2026-02-05T22:39:20.246893Z DEBUG tokio-runtime-worker ThreadId(23) wkmp_ai::services::workflow_orchestrator: wkmp-ai\src\services\workflow_orchestrator\mod.rs:1742: Phase 1: Filename Matching - START file="C:\\Users\\Mango Cat\\Music\\Aerosmith/Toys_In_The_Attic/(Aerosmith)Toys_In_The_Attic-02-Uncle_Salty.mp3"
2026-02-05T22:39:20.247023Z DEBUG tokio-runtime-worker ThreadId(23) wkmp_ai::services::filename_matcher: wkmp-ai\src\services\filename_matcher.rs:54: Checking if file exists in database path=Aerosmith/Toys_In_The_Attic/(Aerosmith)Toys_In_The_Attic-02-Uncle_Salty.mp3 norm_us=2
2026-02-05T22:39:20.247166Z DEBUG tokio-runtime-worker ThreadId(23) wkmp_ai::services::workflow_orchestrator: wkmp-ai\src\services\workflow_orchestrator\mod.rs:3094: Starting per-file pipeline file_index=50 file_id=1c5f8ccb-582a-4909-b51f-190f7f212073 file=Aerosmith/Toys_In_The_Attic/(Aerosmith)Toys_In_The_Attic-03-Adam's_Apple.mp3
2026-02-05T22:39:20.247295Z  INFO tokio-runtime-worker ThreadId(23) wkmp_ai::services::workflow_orchestrator: wkmp-ai\src\services\workflow_orchestrator\mod.rs:1733: Starting PLAN024 10-phase per-file pipeline (late audio decode) file="C:\\Users\\Mango Cat\\Music\\Aerosmith/Toys_In_The_Attic/(Aerosmith)Toys_In_The_Attic-03-Adam\'s_Apple.mp3"
2026-02-05T22:39:20.247422Z DEBUG tokio-runtime-worker ThreadId(23) wkmp_ai::services::workflow_orchestrator: wkmp-ai\src\services\workflow_orchestrator\mod.rs:1742: Phase 1: Filename Matching - START file="C:\\Users\\Mango Cat\\Music\\Aerosmith/Toys_In_The_Attic/(Aerosmith)Toys_In_The_Attic-03-Adam\'s_Apple.mp3"
2026-02-05T22:39:20.247545Z DEBUG tokio-runtime-worker ThreadId(23) wkmp_ai::services::filename_matcher: wkmp-ai\src\services\filename_matcher.rs:54: Checking if file exists in database path=Aerosmith/Toys_In_The_Attic/(Aerosmith)Toys_In_The_Attic-03-Adam's_Apple.mp3 norm_us=2
2026-02-05T22:39:20.247681Z DEBUG tokio-runtime-worker ThreadId(23) wkmp_ai::services::workflow_orchestrator: wkmp-ai\src\services\workflow_orchestrator\mod.rs:3094: Starting per-file pipeline file_index=51 file_id=fa231ae7-0546-421c-a4fd-1ad476f8922c file=Aerosmith/Toys_In_The_Attic/(Aerosmith)Toys_In_The_Attic-04-Walk_This_Way.mp3
2026-02-05T22:39:20.247817Z  INFO tokio-runtime-worker ThreadId(23) wkmp_ai::services::workflow_orchestrator: wkmp-ai\src\services\workflow_orchestrator\mod.rs:1733: Starting PLAN024 10-phase per-file pipeline (late audio decode) file="C:\\Users\\Mango Cat\\Music\\Aerosmith/Toys_In_The_Attic/(Aerosmith)Toys_In_The_Attic-04-Walk_This_Way.mp3"
2026-02-05T22:39:20.247947Z DEBUG tokio-runtime-worker ThreadId(23) wkmp_ai::services::workflow_orchestrator: wkmp-ai\src\services\workflow_orchestrator\mod.rs:1742: Phase 1: Filename Matching - START file="C:\\Users\\Mango Cat\\Music\\Aerosmith/Toys_In_The_Attic/(Aerosmith)Toys_In_The_Attic-04-Walk_This_Way.mp3"
2026-02-05T22:39:20.248070Z DEBUG tokio-runtime-worker ThreadId(23) wkmp_ai::services::filename_matcher: wkmp-ai\src\services\filename_matcher.rs:54: Checking if file exists in database path=Aerosmith/Toys_In_The_Attic/(Aerosmith)Toys_In_The_Attic-04-Walk_This_Way.mp3 norm_us=2
2026-02-05T22:39:20.248207Z DEBUG tokio-runtime-worker ThreadId(23) wkmp_ai::services::workflow_orchestrator: wkmp-ai\src\services\workflow_orchestrator\mod.rs:3094: Starting per-file pipeline file_index=52 file_id=b39e3a56-21f1-492f-bc2b-a146b987bb31 file=Aerosmith/Toys_In_The_Attic/(Aerosmith)Toys_In_The_Attic-05-Big_Ten_Inch_Record.mp3
2026-02-05T22:39:20.248341Z  INFO tokio-runtime-worker ThreadId(23) wkmp_ai::services::workflow_orchestrator: wkmp-ai\src\services\workflow_orchestrator\mod.rs:1733: Starting PLAN024 10-phase per-file pipeline (late audio decode) file="C:\\Users\\Mango Cat\\Music\\Aerosmith/Toys_In_The_Attic/(Aerosmith)Toys_In_The_Attic-05-Big_Ten_Inch_Record.mp3"
2026-02-05T22:39:20.248477Z DEBUG tokio-runtime-worker ThreadId(23) wkmp_ai::services::workflow_orchestrator: wkmp-ai\src\services\workflow_orchestrator\mod.rs:1742: Phase 1: Filename Matching - START file="C:\\Users\\Mango Cat\\Music\\Aerosmith/Toys_In_The_Attic/(Aerosmith)Toys_In_The_Attic-05-Big_Ten_Inch_Record.mp3"
2026-02-05T22:39:20.248601Z DEBUG tokio-runtime-worker ThreadId(23) wkmp_ai::services::filename_matcher: wkmp-ai\src\services\filename_matcher.rs:54: Checking if file exists in database path=Aerosmith/Toys_In_The_Attic/(Aerosmith)Toys_In_The_Attic-05-Big_Ten_Inch_Record.mp3 norm_us=2
2026-02-05T22:39:20.248737Z DEBUG tokio-runtime-worker ThreadId(23) wkmp_ai::services::workflow_orchestrator: wkmp-ai\src\services\workflow_orchestrator\mod.rs:3094: Starting per-file pipeline file_index=53 file_id=82330b3a-b62f-40f5-b9ec-4a31fb4abc04 file=Aerosmith/Toys_In_The_Attic/(Aerosmith)Toys_In_The_Attic-06-Sweet_Emotion.mp3
2026-02-05T22:39:20.248866Z  INFO tokio-runtime-worker ThreadId(23) wkmp_ai::services::workflow_orchestrator: wkmp-ai\src\services\workflow_orchestrator\mod.rs:1733: Starting PLAN024 10-phase per-file pipeline (late audio decode) file="C:\\Users\\Mango Cat\\Music\\Aerosmith/Toys_In_The_Attic/(Aerosmith)Toys_In_The_Attic-06-Sweet_Emotion.mp3"
2026-02-05T22:39:20.248992Z DEBUG tokio-runtime-worker ThreadId(23) wkmp_ai::services::workflow_orchestrator: wkmp-ai\src\services\workflow_orchestrator\mod.rs:1742: Phase 1: Filename Matching - START file="C:\\Users\\Mango Cat\\Music\\Aerosmith/Toys_In_The_Attic/(Aerosmith)Toys_In_The_Attic-06-Sweet_Emotion.mp3"
2026-02-05T22:39:20.249114Z DEBUG tokio-runtime-worker ThreadId(23) wkmp_ai::services::filename_matcher: wkmp-ai\src\services\filename_matcher.rs:54: Checking if file exists in database path=Aerosmith/Toys_In_The_Attic/(Aerosmith)Toys_In_The_Attic-06-Sweet_Emotion.mp3 norm_us=2
2026-02-05T22:39:20.249250Z DEBUG tokio-runtime-worker ThreadId(23) wkmp_ai::services::workflow_orchestrator: wkmp-ai\src\services\workflow_orchestrator\mod.rs:3094: Starting per-file pipeline file_index=54 file_id=f6c5f401-9047-4a3d-90c8-38a5412d72ad file=Aerosmith/Toys_In_The_Attic/(Aerosmith)Toys_In_The_Attic-07-No_More_No_More.mp3
2026-02-05T22:39:20.249379Z  INFO tokio-runtime-worker ThreadId(23) wkmp_ai::services::workflow_orchestrator: wkmp-ai\src\services\workflow_orchestrator\mod.rs:1733: Starting PLAN024 10-phase per-file pipeline (late audio decode) file="C:\\Users\\Mango Cat\\Music\\Aerosmith/Toys_In_The_Attic/(Aerosmith)Toys_In_The_Attic-07-No_More_No_More.mp3"
2026-02-05T22:39:20.249518Z DEBUG tokio-runtime-worker ThreadId(23) wkmp_ai::services::workflow_orchestrator: wkmp-ai\src\services\workflow_orchestrator\mod.rs:1742: Phase 1: Filename Matching - START file="C:\\Users\\Mango Cat\\Music\\Aerosmith/Toys_In_The_Attic/(Aerosmith)Toys_In_The_Attic-07-No_More_No_More.mp3"
2026-02-05T22:39:20.249641Z DEBUG tokio-runtime-worker ThreadId(23) wkmp_ai::services::filename_matcher: wkmp-ai\src\services\filename_matcher.rs:54: Checking if file exists in database path=Aerosmith/Toys_In_The_Attic/(Aerosmith)Toys_In_The_Attic-07-No_More_No_More.mp3 norm_us=2
2026-02-05T22:39:20.249777Z DEBUG tokio-runtime-worker ThreadId(23) wkmp_ai::services::workflow_orchestrator: wkmp-ai\src\services\workflow_orchestrator\mod.rs:3094: Starting per-file pipeline file_index=55 file_id=e98beade-e9e4-4b85-a7b1-e7aa6468f731 file=Aerosmith/Toys_In_The_Attic/(Aerosmith)Toys_In_The_Attic-08-Round_And_Round.mp3
2026-02-05T22:39:20.249905Z  INFO tokio-runtime-worker ThreadId(23) wkmp_ai::services::workflow_orchestrator: wkmp-ai\src\services\workflow_orchestrator\mod.rs:1733: Starting PLAN024 10-phase per-file pipeline (late audio decode) file="C:\\Users\\Mango Cat\\Music\\Aerosmith/Toys_In_The_Attic/(Aerosmith)Toys_In_The_Attic-08-Round_And_Round.mp3"
2026-02-05T22:39:20.250031Z DEBUG tokio-runtime-worker ThreadId(23) wkmp_ai::services::workflow_orchestrator: wkmp-ai\src\services\workflow_orchestrator\mod.rs:1742: Phase 1: Filename Matching - START file="C:\\Users\\Mango Cat\\Music\\Aerosmith/Toys_In_The_Attic/(Aerosmith)Toys_In_The_Attic-08-Round_And_Round.mp3"
2026-02-05T22:39:20.250153Z DEBUG tokio-runtime-worker ThreadId(23) wkmp_ai::services::filename_matcher: wkmp-ai\src\services\filename_matcher.rs:54: Checking if file exists in database path=Aerosmith/Toys_In_The_Attic/(Aerosmith)Toys_In_The_Attic-08-Round_And_Round.mp3 norm_us=2
2026-02-05T22:39:20.250748Z DEBUG tokio-runtime-worker ThreadId(23) wkmp_ai::api::sse: wkmp-ai\src\api\sse.rs:71: SSE: Broadcasting import event: ImportProgressUpdate
2026-02-05T22:39:20.251289Z DEBUG tokio-runtime-worker ThreadId(23) wkmp_ai::api::sse: wkmp-ai\src\api\sse.rs:71: SSE: Broadcasting import event: ImportProgressUpdate
2026-02-05T22:39:20.251762Z DEBUG tokio-runtime-worker ThreadId(23) wkmp_ai::api::sse: wkmp-ai\src\api\sse.rs:71: SSE: Broadcasting import event: ImportProgressUpdate
2026-02-05T22:39:20.252397Z DEBUG tokio-runtime-worker ThreadId(23) wkmp_ai::api::sse: wkmp-ai\src\api\sse.rs:71: SSE: Broadcasting import event: ImportProgressUpdate
2026-02-05T22:39:20.252885Z DEBUG tokio-runtime-worker ThreadId(23) wkmp_ai::api::sse: wkmp-ai\src\api\sse.rs:71: SSE: Broadcasting import event: ImportProgressUpdate
2026-02-05T22:39:20.253349Z DEBUG tokio-runtime-worker ThreadId(23) wkmp_ai::api::sse: wkmp-ai\src\api\sse.rs:71: SSE: Broadcasting import event: ImportProgressUpdate
2026-02-05T22:39:20.254183Z DEBUG tokio-runtime-worker ThreadId(23) wkmp_ai::api::sse: wkmp-ai\src\api\sse.rs:71: SSE: Broadcasting import event: ImportProgressUpdate
2026-02-05T22:39:20.255202Z DEBUG tokio-runtime-worker ThreadId(23) wkmp_ai::api::sse: wkmp-ai\src\api\sse.rs:71: SSE: Broadcasting import event: ImportProgressUpdate
2026-02-05T22:39:20.256131Z DEBUG tokio-runtime-worker ThreadId(23) wkmp_ai::api::sse: wkmp-ai\src\api\sse.rs:71: SSE: Broadcasting import event: ImportProgressUpdate
2026-02-05T22:39:20.257065Z DEBUG tokio-runtime-worker ThreadId(23) wkmp_ai::api::sse: wkmp-ai\src\api\sse.rs:71: SSE: Broadcasting import event: ImportProgressUpdate
2026-02-05T22:39:20.258496Z DEBUG tokio-runtime-worker ThreadId(23) wkmp_ai::api::sse: wkmp-ai\src\api\sse.rs:71: SSE: Broadcasting import event: ImportProgressUpdate
2026-02-05T22:39:20.259188Z DEBUG tokio-runtime-worker ThreadId(23) wkmp_ai::api::sse: wkmp-ai\src\api\sse.rs:71: SSE: Broadcasting import event: ImportProgressUpdate
2026-02-05T22:39:20.259731Z DEBUG tokio-runtime-worker ThreadId(23) wkmp_ai::api::sse: wkmp-ai\src\api\sse.rs:71: SSE: Broadcasting import event: ImportProgressUpdate
2026-02-05T22:39:20.260247Z DEBUG tokio-runtime-worker ThreadId(23) wkmp_ai::api::sse: wkmp-ai\src\api\sse.rs:71: SSE: Broadcasting import event: ImportProgressUpdate
2026-02-05T22:39:20.260740Z DEBUG tokio-runtime-worker ThreadId(23) wkmp_ai::api::sse: wkmp-ai\src\api\sse.rs:71: SSE: Broadcasting import event: ImportProgressUpdate
2026-02-05T22:39:20.261209Z DEBUG tokio-runtime-worker ThreadId(23) wkmp_ai::api::sse: wkmp-ai\src\api\sse.rs:71: SSE: Broadcasting import event: ImportProgressUpdate
2026-02-05T22:39:20.261684Z DEBUG tokio-runtime-worker ThreadId(23) wkmp_ai::api::sse: wkmp-ai\src\api\sse.rs:71: SSE: Broadcasting import event: ImportProgressUpdate
2026-02-05T22:39:20.262139Z DEBUG tokio-runtime-worker ThreadId(23) wkmp_ai::api::sse: wkmp-ai\src\api\sse.rs:71: SSE: Broadcasting import event: ImportProgressUpdate
2026-02-05T22:39:20.262598Z DEBUG tokio-runtime-worker ThreadId(23) wkmp_ai::api::sse: wkmp-ai\src\api\sse.rs:71: SSE: Broadcasting import event: ImportProgressUpdate
2026-02-05T22:39:20.263052Z DEBUG tokio-runtime-worker ThreadId(23) wkmp_ai::api::sse: wkmp-ai\src\api\sse.rs:71: SSE: Broadcasting import event: ImportProgressUpdate
2026-02-05T22:39:20.263556Z DEBUG tokio-runtime-worker ThreadId(23) wkmp_ai::services::filename_matcher: wkmp-ai\src\services\filename_matcher.rs:65: Database query completed path=Aerosmith/Pump.mp3 query_us=17480
2026-02-05T22:39:20.263901Z DEBUG tokio-runtime-worker ThreadId(23) wkmp_ai::services::filename_matcher: wkmp-ai\src\services\filename_matcher.rs:88: File exists, reusing fileId path=Aerosmith/Pump.mp3 guid=85decb52-878d-428d-9e4f-39631a68ff68 status=PENDING
2026-02-05T22:39:20.264346Z  INFO tokio-runtime-worker ThreadId(23) wkmp_ai::services::workflow_orchestrator: wkmp-ai\src\services\workflow_orchestrator\mod.rs:1756: Phase 1 completed phase="Filename Matching" duration_ms=18 path_us=0 db_ms=18 file_index=47
2026-02-05T22:39:20.264747Z DEBUG tokio-runtime-worker ThreadId(23) wkmp_ai::services::workflow_orchestrator: wkmp-ai\src\services\workflow_orchestrator\mod.rs:1778: Reusing existing file record (incomplete processing) file_id=85decb52-878d-428d-9e4f-39631a68ff68
2026-02-05T22:39:20.265096Z DEBUG tokio-runtime-worker ThreadId(23) wkmp_ai::services::workflow_orchestrator: wkmp-ai\src\services\workflow_orchestrator\mod.rs:1812: Phase 2: Hash Deduplication file="C:\\Users\\Mango Cat\\Music\\Aerosmith/Pump.mp3" file_id=85decb52-878d-428d-9e4f-39631a68ff68
2026-02-05T22:39:20.265300Z DEBUG tokio-runtime-worker ThreadId(23) wkmp_ai::services::hash_deduplicator: wkmp-ai\src\services\hash_deduplicator.rs:52: Calculating SHA-256 hash path=C:\Users\Mango Cat\Music\Aerosmith/Pump.mp3
2026-02-05T22:39:20.265592Z DEBUG tokio-runtime-worker ThreadId(23) wkmp_ai::services::filename_matcher: wkmp-ai\src\services\filename_matcher.rs:65: Database query completed path=Aerosmith/(Aerosmith)Single-03-Angel.mp3 query_us=20063
2026-02-05T22:39:20.265834Z DEBUG tokio-runtime-worker ThreadId(23) wkmp_ai::services::filename_matcher: wkmp-ai\src\services\filename_matcher.rs:81: File already processed (INGEST COMPLETE) path=Aerosmith/(Aerosmith)Single-03-Angel.mp3 guid=62a7341f-b287-4cc2-be57-6de77b65772a
2026-02-05T22:39:20.266245Z  INFO tokio-runtime-worker ThreadId(23) wkmp_ai::services::workflow_orchestrator: wkmp-ai\src\services\workflow_orchestrator\mod.rs:1756: Phase 1 completed phase="Filename Matching" duration_ms=20 path_us=1 db_ms=20 file_index=46
2026-02-05T22:39:20.266586Z  INFO tokio-runtime-worker ThreadId(23) wkmp_ai::services::workflow_orchestrator: wkmp-ai\src\services\workflow_orchestrator\mod.rs:1770: File already processed (INGEST COMPLETE/NO AUDIO/DUPLICATE HASH), skipping all remaining phases file="C:\\Users\\Mango Cat\\Music\\Aerosmith/(Aerosmith)Single-03-Angel.mp3" file_id=62a7341f-b287-4cc2-be57-6de77b65772a
2026-02-05T22:39:20.267022Z DEBUG tokio-runtime-worker ThreadId(23) wkmp_ai::services::workflow_orchestrator: wkmp-ai\src\services\workflow_orchestrator\mod.rs:2912: File processing complete session_id=fc49b2a9-297a-4710-91ea-7a5f24790519 file_index=46 file=Aerosmith/(Aerosmith)Single-03-Angel.mp3
2026-02-05T22:39:20.267304Z DEBUG tokio-runtime-worker ThreadId(23) wkmp_ai::services::workflow_orchestrator: wkmp-ai\src\services\workflow_orchestrator\mod.rs:1438: Acquiring all statistics Mutex locks for SSE conversion
2026-02-05T22:39:20.267537Z DEBUG tokio-runtime-worker ThreadId(23) wkmp_ai::services::workflow_orchestrator: wkmp-ai\src\services\workflow_orchestrator\mod.rs:1467: All statistics Mutex locks acquired and data cloned
2026-02-05T22:39:20.267735Z DEBUG tokio-runtime-worker ThreadId(23) wkmp_ai::services::workflow_orchestrator: wkmp-ai\src\services\workflow_orchestrator\mod.rs:1577: Releasing all statistics Mutex locks for SSE conversion
2026-02-05T22:39:20.267948Z DEBUG tokio-runtime-worker ThreadId(23) wkmp_ai::services::filename_matcher: wkmp-ai\src\services\filename_matcher.rs:65: Database query completed path=Aerosmith/Toys_In_The_Attic/(Aerosmith)Toys_In_The_Attic-05-Big_Ten_Inch_Record.mp3 query_us=19221
2026-02-05T22:39:20.268114Z DEBUG tokio-runtime-worker ThreadId(23) wkmp_ai::services::filename_matcher: wkmp-ai\src\services\filename_matcher.rs:81: File already processed (INGEST COMPLETE) path=Aerosmith/Toys_In_The_Attic/(Aerosmith)Toys_In_The_Attic-05-Big_Ten_Inch_Record.mp3 guid=b39e3a56-21f1-492f-bc2b-a146b987bb31
2026-02-05T22:39:20.268277Z  INFO tokio-runtime-worker ThreadId(23) wkmp_ai::services::workflow_orchestrator: wkmp-ai\src\services\workflow_orchestrator\mod.rs:1756: Phase 1 completed phase="Filename Matching" duration_ms=19 path_us=0 db_ms=19 file_index=52
2026-02-05T22:39:20.268460Z  INFO tokio-runtime-worker ThreadId(23) wkmp_ai::services::workflow_orchestrator: wkmp-ai\src\services\workflow_orchestrator\mod.rs:1770: File already processed (INGEST COMPLETE/NO AUDIO/DUPLICATE HASH), skipping all remaining phases file="C:\\Users\\Mango Cat\\Music\\Aerosmith/Toys_In_The_Attic/(Aerosmith)Toys_In_The_Attic-05-Big_Ten_Inch_Record.mp3" file_id=b39e3a56-21f1-492f-bc2b-a146b987bb31
2026-02-05T22:39:20.268644Z DEBUG tokio-runtime-worker ThreadId(23) wkmp_ai::services::workflow_orchestrator: wkmp-ai\src\services\workflow_orchestrator\mod.rs:2912: File processing complete session_id=fc49b2a9-297a-4710-91ea-7a5f24790519 file_index=52 file=Aerosmith/Toys_In_The_Attic/(Aerosmith)Toys_In_The_Attic-05-Big_Ten_Inch_Record.mp3
2026-02-05T22:39:20.268811Z DEBUG tokio-runtime-worker ThreadId(23) wkmp_ai::services::workflow_orchestrator: wkmp-ai\src\services\workflow_orchestrator\mod.rs:1438: Acquiring all statistics Mutex locks for SSE conversion
2026-02-05T22:39:20.268930Z DEBUG tokio-runtime-worker ThreadId(23) wkmp_ai::services::workflow_orchestrator: wkmp-ai\src\services\workflow_orchestrator\mod.rs:1467: All statistics Mutex locks acquired and data cloned
2026-02-05T22:39:20.269085Z DEBUG tokio-runtime-worker ThreadId(23) wkmp_ai::services::workflow_orchestrator: wkmp-ai\src\services\workflow_orchestrator\mod.rs:1577: Releasing all statistics Mutex locks for SSE conversion
2026-02-05T22:39:20.269234Z DEBUG tokio-runtime-worker ThreadId(23) wkmp_ai::services::filename_matcher: wkmp-ai\src\services\filename_matcher.rs:65: Database query completed path=Aerosmith/Toys_In_The_Attic/(Aerosmith)Toys_In_The_Attic-01-Toys_In_The_Attic.mp3 query_us=22642
2026-02-05T22:39:20.269359Z DEBUG tokio-runtime-worker ThreadId(23) wkmp_ai::services::filename_matcher: wkmp-ai\src\services\filename_matcher.rs:81: File already processed (INGEST COMPLETE) path=Aerosmith/Toys_In_The_Attic/(Aerosmith)Toys_In_The_Attic-01-Toys_In_The_Attic.mp3 guid=772e94ca-d6b9-401e-ac9e-b8dd4c77e60f
2026-02-05T22:39:20.269497Z  INFO tokio-runtime-worker ThreadId(23) wkmp_ai::services::workflow_orchestrator: wkmp-ai\src\services\workflow_orchestrator\mod.rs:1756: Phase 1 completed phase="Filename Matching" duration_ms=23 path_us=0 db_ms=23 file_index=48
2026-02-05T22:39:20.269642Z  INFO tokio-runtime-worker ThreadId(23) wkmp_ai::services::workflow_orchestrator: wkmp-ai\src\services\workflow_orchestrator\mod.rs:1770: File already processed (INGEST COMPLETE/NO AUDIO/DUPLICATE HASH), skipping all remaining phases file="C:\\Users\\Mango Cat\\Music\\Aerosmith/Toys_In_The_Attic/(Aerosmith)Toys_In_The_Attic-01-Toys_In_The_Attic.mp3" file_id=772e94ca-d6b9-401e-ac9e-b8dd4c77e60f
2026-02-05T22:39:20.269769Z DEBUG tokio-runtime-worker ThreadId(23) wkmp_ai::services::workflow_orchestrator: wkmp-ai\src\services\workflow_orchestrator\mod.rs:2912: File processing complete session_id=fc49b2a9-297a-4710-91ea-7a5f24790519 file_index=48 file=Aerosmith/Toys_In_The_Attic/(Aerosmith)Toys_In_The_Attic-01-Toys_In_The_Attic.mp3
2026-02-05T22:39:20.269974Z DEBUG tokio-runtime-worker ThreadId(23) wkmp_ai::services::workflow_orchestrator: wkmp-ai\src\services\workflow_orchestrator\mod.rs:1438: Acquiring all statistics Mutex locks for SSE conversion
2026-02-05T22:39:20.270086Z DEBUG tokio-runtime-worker ThreadId(23) wkmp_ai::services::workflow_orchestrator: wkmp-ai\src\services\workflow_orchestrator\mod.rs:1467: All statistics Mutex locks acquired and data cloned
2026-02-05T22:39:20.270259Z DEBUG tokio-runtime-worker ThreadId(23) wkmp_ai::services::workflow_orchestrator: wkmp-ai\src\services\workflow_orchestrator\mod.rs:1577: Releasing all statistics Mutex locks for SSE conversion
2026-02-05T22:39:20.270410Z DEBUG tokio-runtime-worker ThreadId(23) wkmp_ai::services::filename_matcher: wkmp-ai\src\services\filename_matcher.rs:65: Database query completed path=Aerosmith/Toys_In_The_Attic/(Aerosmith)Toys_In_The_Attic-06-Sweet_Emotion.mp3 query_us=21172
2026-02-05T22:39:20.270535Z DEBUG tokio-runtime-worker ThreadId(23) wkmp_ai::services::filename_matcher: wkmp-ai\src\services\filename_matcher.rs:81: File already processed (INGEST COMPLETE) path=Aerosmith/Toys_In_The_Attic/(Aerosmith)Toys_In_The_Attic-06-Sweet_Emotion.mp3 guid=82330b3a-b62f-40f5-b9ec-4a31fb4abc04
2026-02-05T22:39:20.270690Z  INFO tokio-runtime-worker ThreadId(23) wkmp_ai::services::workflow_orchestrator: wkmp-ai\src\services\workflow_orchestrator\mod.rs:1756: Phase 1 completed phase="Filename Matching" duration_ms=21 path_us=0 db_ms=21 file_index=53
2026-02-05T22:39:20.270823Z  INFO tokio-runtime-worker ThreadId(23) wkmp_ai::services::workflow_orchestrator: wkmp-ai\src\services\workflow_orchestrator\mod.rs:1770: File already processed (INGEST COMPLETE/NO AUDIO/DUPLICATE HASH), skipping all remaining phases file="C:\\Users\\Mango Cat\\Music\\Aerosmith/Toys_In_The_Attic/(Aerosmith)Toys_In_The_Attic-06-Sweet_Emotion.mp3" file_id=82330b3a-b62f-40f5-b9ec-4a31fb4abc04
2026-02-05T22:39:20.270959Z DEBUG tokio-runtime-worker ThreadId(23) wkmp_ai::services::workflow_orchestrator: wkmp-ai\src\services\workflow_orchestrator\mod.rs:2912: File processing complete session_id=fc49b2a9-297a-4710-91ea-7a5f24790519 file_index=53 file=Aerosmith/Toys_In_The_Attic/(Aerosmith)Toys_In_The_Attic-06-Sweet_Emotion.mp3
2026-02-05T22:39:20.271112Z DEBUG tokio-runtime-worker ThreadId(23) wkmp_ai::services::workflow_orchestrator: wkmp-ai\src\services\workflow_orchestrator\mod.rs:1438: Acquiring all statistics Mutex locks for SSE conversion
2026-02-05T22:39:20.271231Z DEBUG tokio-runtime-worker ThreadId(23) wkmp_ai::services::workflow_orchestrator: wkmp-ai\src\services\workflow_orchestrator\mod.rs:1467: All statistics Mutex locks acquired and data cloned
2026-02-05T22:39:20.271362Z DEBUG tokio-runtime-worker ThreadId(23) wkmp_ai::services::workflow_orchestrator: wkmp-ai\src\services\workflow_orchestrator\mod.rs:1577: Releasing all statistics Mutex locks for SSE conversion
2026-02-05T22:39:20.271499Z DEBUG tokio-runtime-worker ThreadId(23) wkmp_ai::services::filename_matcher: wkmp-ai\src\services\filename_matcher.rs:65: Database query completed path=Aerosmith/Toys_In_The_Attic/(Aerosmith)Toys_In_The_Attic-03-Adam's_Apple.mp3 query_us=23833
2026-02-05T22:39:20.271619Z DEBUG tokio-runtime-worker ThreadId(23) wkmp_ai::services::filename_matcher: wkmp-ai\src\services\filename_matcher.rs:81: File already processed (INGEST COMPLETE) path=Aerosmith/Toys_In_The_Attic/(Aerosmith)Toys_In_The_Attic-03-Adam's_Apple.mp3 guid=1c5f8ccb-582a-4909-b51f-190f7f212073
2026-02-05T22:39:20.271756Z  INFO tokio-runtime-worker ThreadId(23) wkmp_ai::services::workflow_orchestrator: wkmp-ai\src\services\workflow_orchestrator\mod.rs:1756: Phase 1 completed phase="Filename Matching" duration_ms=24 path_us=0 db_ms=24 file_index=50
2026-02-05T22:39:20.271903Z  INFO tokio-runtime-worker ThreadId(23) wkmp_ai::services::workflow_orchestrator: wkmp-ai\src\services\workflow_orchestrator\mod.rs:1770: File already processed (INGEST COMPLETE/NO AUDIO/DUPLICATE HASH), skipping all remaining phases file="C:\\Users\\Mango Cat\\Music\\Aerosmith/Toys_In_The_Attic/(Aerosmith)Toys_In_The_Attic-03-Adam\'s_Apple.mp3" file_id=1c5f8ccb-582a-4909-b51f-190f7f212073
2026-02-05T22:39:20.272029Z DEBUG tokio-runtime-worker ThreadId(23) wkmp_ai::services::workflow_orchestrator: wkmp-ai\src\services\workflow_orchestrator\mod.rs:2912: File processing complete session_id=fc49b2a9-297a-4710-91ea-7a5f24790519 file_index=50 file=Aerosmith/Toys_In_The_Attic/(Aerosmith)Toys_In_The_Attic-03-Adam's_Apple.mp3
2026-02-05T22:39:20.272152Z DEBUG tokio-runtime-worker ThreadId(23) wkmp_ai::services::workflow_orchestrator: wkmp-ai\src\services\workflow_orchestrator\mod.rs:1438: Acquiring all statistics Mutex locks for SSE conversion
2026-02-05T22:39:20.272261Z DEBUG tokio-runtime-worker ThreadId(23) wkmp_ai::services::workflow_orchestrator: wkmp-ai\src\services\workflow_orchestrator\mod.rs:1467: All statistics Mutex locks acquired and data cloned
2026-02-05T22:39:20.272397Z DEBUG tokio-runtime-worker ThreadId(23) wkmp_ai::services::workflow_orchestrator: wkmp-ai\src\services\workflow_orchestrator\mod.rs:1577: Releasing all statistics Mutex locks for SSE conversion
2026-02-05T22:39:20.272526Z DEBUG tokio-runtime-worker ThreadId(23) wkmp_ai::services::filename_matcher: wkmp-ai\src\services\filename_matcher.rs:65: Database query completed path=Aerosmith/Toys_In_The_Attic/(Aerosmith)Toys_In_The_Attic-04-Walk_This_Way.mp3 query_us=24332
2026-02-05T22:39:20.272640Z DEBUG tokio-runtime-worker ThreadId(23) wkmp_ai::services::filename_matcher: wkmp-ai\src\services\filename_matcher.rs:81: File already processed (INGEST COMPLETE) path=Aerosmith/Toys_In_The_Attic/(Aerosmith)Toys_In_The_Attic-04-Walk_This_Way.mp3 guid=fa231ae7-0546-421c-a4fd-1ad476f8922c
2026-02-05T22:39:20.272765Z  INFO tokio-runtime-worker ThreadId(23) wkmp_ai::services::workflow_orchestrator: wkmp-ai\src\services\workflow_orchestrator\mod.rs:1756: Phase 1 completed phase="Filename Matching" duration_ms=24 path_us=0 db_ms=24 file_index=51
2026-02-05T22:39:20.272869Z  INFO tokio-runtime-worker ThreadId(23) wkmp_ai::services::workflow_orchestrator: wkmp-ai\src\services\workflow_orchestrator\mod.rs:1770: File already processed (INGEST COMPLETE/NO AUDIO/DUPLICATE HASH), skipping all remaining phases file="C:\\Users\\Mango Cat\\Music\\Aerosmith/Toys_In_The_Attic/(Aerosmith)Toys_In_The_Attic-04-Walk_This_Way.mp3" file_id=fa231ae7-0546-421c-a4fd-1ad476f8922c
2026-02-05T22:39:20.273011Z DEBUG tokio-runtime-worker ThreadId(23) wkmp_ai::services::workflow_orchestrator: wkmp-ai\src\services\workflow_orchestrator\mod.rs:2912: File processing complete session_id=fc49b2a9-297a-4710-91ea-7a5f24790519 file_index=51 file=Aerosmith/Toys_In_The_Attic/(Aerosmith)Toys_In_The_Attic-04-Walk_This_Way.mp3
2026-02-05T22:39:20.280610Z DEBUG tokio-runtime-worker ThreadId(23) wkmp_ai::services::workflow_orchestrator: wkmp-ai\src\services\workflow_orchestrator\mod.rs:1438: Acquiring all statistics Mutex locks for SSE conversion
2026-02-05T22:39:20.280796Z DEBUG tokio-runtime-worker ThreadId(23) wkmp_ai::services::workflow_orchestrator: wkmp-ai\src\services\workflow_orchestrator\mod.rs:1467: All statistics Mutex locks acquired and data cloned
2026-02-05T22:39:20.280990Z DEBUG tokio-runtime-worker ThreadId(23) wkmp_ai::services::workflow_orchestrator: wkmp-ai\src\services\workflow_orchestrator\mod.rs:1577: Releasing all statistics Mutex locks for SSE conversion
2026-02-05T22:39:20.281395Z DEBUG tokio-runtime-worker ThreadId(23) wkmp_ai::services::filename_matcher: wkmp-ai\src\services\filename_matcher.rs:65: Database query completed path=Aerosmith/Toys_In_The_Attic/(Aerosmith)Toys_In_The_Attic-08-Round_And_Round.mp3 query_us=31110
2026-02-05T22:39:20.281667Z DEBUG tokio-runtime-worker ThreadId(23) wkmp_ai::services::filename_matcher: wkmp-ai\src\services\filename_matcher.rs:81: File already processed (INGEST COMPLETE) path=Aerosmith/Toys_In_The_Attic/(Aerosmith)Toys_In_The_Attic-08-Round_And_Round.mp3 guid=e98beade-e9e4-4b85-a7b1-e7aa6468f731
2026-02-05T22:39:20.281867Z  INFO tokio-runtime-worker ThreadId(23) wkmp_ai::services::workflow_orchestrator: wkmp-ai\src\services\workflow_orchestrator\mod.rs:1756: Phase 1 completed phase="Filename Matching" duration_ms=31 path_us=0 db_ms=31 file_index=55
2026-02-05T22:39:20.282198Z  INFO tokio-runtime-worker ThreadId(23) wkmp_ai::services::workflow_orchestrator: wkmp-ai\src\services\workflow_orchestrator\mod.rs:1770: File already processed (INGEST COMPLETE/NO AUDIO/DUPLICATE HASH), skipping all remaining phases file="C:\\Users\\Mango Cat\\Music\\Aerosmith/Toys_In_The_Attic/(Aerosmith)Toys_In_The_Attic-08-Round_And_Round.mp3" file_id=e98beade-e9e4-4b85-a7b1-e7aa6468f731
2026-02-05T22:39:20.282518Z DEBUG tokio-runtime-worker ThreadId(23) wkmp_ai::services::workflow_orchestrator: wkmp-ai\src\services\workflow_orchestrator\mod.rs:2912: File processing complete session_id=fc49b2a9-297a-4710-91ea-7a5f24790519 file_index=55 file=Aerosmith/Toys_In_The_Attic/(Aerosmith)Toys_In_The_Attic-08-Round_And_Round.mp3
2026-02-05T22:39:20.282736Z DEBUG tokio-runtime-worker ThreadId(23) wkmp_ai::services::workflow_orchestrator: wkmp-ai\src\services\workflow_orchestrator\mod.rs:1438: Acquiring all statistics Mutex locks for SSE conversion
2026-02-05T22:39:20.282911Z DEBUG tokio-runtime-worker ThreadId(23) wkmp_ai::services::workflow_orchestrator: wkmp-ai\src\services\workflow_orchestrator\mod.rs:1467: All statistics Mutex locks acquired and data cloned
2026-02-05T22:39:20.283153Z DEBUG tokio-runtime-worker ThreadId(23) wkmp_ai::services::workflow_orchestrator: wkmp-ai\src\services\workflow_orchestrator\mod.rs:1577: Releasing all statistics Mutex locks for SSE conversion
2026-02-05T22:39:20.283380Z DEBUG tokio-runtime-worker ThreadId(23) wkmp_ai::services::filename_matcher: wkmp-ai\src\services\filename_matcher.rs:65: Database query completed path=Aerosmith/Toys_In_The_Attic/(Aerosmith)Toys_In_The_Attic-02-Uncle_Salty.mp3 query_us=36227
2026-02-05T22:39:20.283584Z DEBUG tokio-runtime-worker ThreadId(23) wkmp_ai::services::filename_matcher: wkmp-ai\src\services\filename_matcher.rs:81: File already processed (INGEST COMPLETE) path=Aerosmith/Toys_In_The_Attic/(Aerosmith)Toys_In_The_Attic-02-Uncle_Salty.mp3 guid=94964f38-443a-4c10-9981-835bfe2711ea
2026-02-05T22:39:20.283790Z  INFO tokio-runtime-worker ThreadId(23) wkmp_ai::services::workflow_orchestrator: wkmp-ai\src\services\workflow_orchestrator\mod.rs:1756: Phase 1 completed phase="Filename Matching" duration_ms=36 path_us=0 db_ms=36 file_index=49
2026-02-05T22:39:20.283992Z  INFO tokio-runtime-worker ThreadId(23) wkmp_ai::services::workflow_orchestrator: wkmp-ai\src\services\workflow_orchestrator\mod.rs:1770: File already processed (INGEST COMPLETE/NO AUDIO/DUPLICATE HASH), skipping all remaining phases file="C:\\Users\\Mango Cat\\Music\\Aerosmith/Toys_In_The_Attic/(Aerosmith)Toys_In_The_Attic-02-Uncle_Salty.mp3" file_id=94964f38-443a-4c10-9981-835bfe2711ea
2026-02-05T22:39:20.284208Z DEBUG tokio-runtime-worker ThreadId(23) wkmp_ai::services::workflow_orchestrator: wkmp-ai\src\services\workflow_orchestrator\mod.rs:2912: File processing complete session_id=fc49b2a9-297a-4710-91ea-7a5f24790519 file_index=49 file=Aerosmith/Toys_In_The_Attic/(Aerosmith)Toys_In_The_Attic-02-Uncle_Salty.mp3
2026-02-05T22:39:20.284374Z DEBUG tokio-runtime-worker ThreadId(23) wkmp_ai::services::workflow_orchestrator: wkmp-ai\src\services\workflow_orchestrator\mod.rs:1438: Acquiring all statistics Mutex locks for SSE conversion
2026-02-05T22:39:20.284521Z DEBUG tokio-runtime-worker ThreadId(23) wkmp_ai::services::workflow_orchestrator: wkmp-ai\src\services\workflow_orchestrator\mod.rs:1467: All statistics Mutex locks acquired and data cloned
2026-02-05T22:39:20.284712Z DEBUG tokio-runtime-worker ThreadId(23) wkmp_ai::services::workflow_orchestrator: wkmp-ai\src\services\workflow_orchestrator\mod.rs:1577: Releasing all statistics Mutex locks for SSE conversion
2026-02-05T22:39:20.284899Z DEBUG tokio-runtime-worker ThreadId(23) wkmp_ai::services::filename_matcher: wkmp-ai\src\services\filename_matcher.rs:65: Database query completed path=Aerosmith/Toys_In_The_Attic/(Aerosmith)Toys_In_The_Attic-07-No_More_No_More.mp3 query_us=35134
2026-02-05T22:39:20.285098Z DEBUG tokio-runtime-worker ThreadId(23) wkmp_ai::services::filename_matcher: wkmp-ai\src\services\filename_matcher.rs:81: File already processed (INGEST COMPLETE) path=Aerosmith/Toys_In_The_Attic/(Aerosmith)Toys_In_The_Attic-07-No_More_No_More.mp3 guid=f6c5f401-9047-4a3d-90c8-38a5412d72ad
2026-02-05T22:39:20.285258Z  INFO tokio-runtime-worker ThreadId(23) wkmp_ai::services::workflow_orchestrator: wkmp-ai\src\services\workflow_orchestrator\mod.rs:1756: Phase 1 completed phase="Filename Matching" duration_ms=35 path_us=0 db_ms=35 file_index=54
2026-02-05T22:39:20.285423Z  INFO tokio-runtime-worker ThreadId(23) wkmp_ai::services::workflow_orchestrator: wkmp-ai\src\services\workflow_orchestrator\mod.rs:1770: File already processed (INGEST COMPLETE/NO AUDIO/DUPLICATE HASH), skipping all remaining phases file="C:\\Users\\Mango Cat\\Music\\Aerosmith/Toys_In_The_Attic/(Aerosmith)Toys_In_The_Attic-07-No_More_No_More.mp3" file_id=f6c5f401-9047-4a3d-90c8-38a5412d72ad
2026-02-05T22:39:20.285639Z DEBUG tokio-runtime-worker ThreadId(23) wkmp_ai::services::workflow_orchestrator: wkmp-ai\src\services\workflow_orchestrator\mod.rs:2912: File processing complete session_id=fc49b2a9-297a-4710-91ea-7a5f24790519 file_index=54 file=Aerosmith/Toys_In_The_Attic/(Aerosmith)Toys_In_The_Attic-07-No_More_No_More.mp3
2026-02-05T22:39:20.285811Z DEBUG tokio-runtime-worker ThreadId(23) wkmp_ai::services::workflow_orchestrator: wkmp-ai\src\services\workflow_orchestrator\mod.rs:1438: Acquiring all statistics Mutex locks for SSE conversion
2026-02-05T22:39:20.286002Z DEBUG tokio-runtime-worker ThreadId(23) wkmp_ai::services::workflow_orchestrator: wkmp-ai\src\services\workflow_orchestrator\mod.rs:1467: All statistics Mutex locks acquired and data cloned
2026-02-05T22:39:20.286193Z DEBUG tokio-runtime-worker ThreadId(23) wkmp_ai::services::workflow_orchestrator: wkmp-ai\src\services\workflow_orchestrator\mod.rs:1577: Releasing all statistics Mutex locks for SSE conversion
2026-02-05T22:39:20.286410Z DEBUG tokio-runtime-worker ThreadId(23) wkmp_ai::services::workflow_orchestrator: wkmp-ai\src\services\workflow_orchestrator\mod.rs:3094: Starting per-file pipeline file_index=56 file_id=0d0a45d1-85b4-47a7-93c4-6ece163a722f file=Aerosmith/Toys_In_The_Attic/(Aerosmith)Toys_In_The_Attic-09-You_See_Me_Crying.mp3
2026-02-05T22:39:20.286625Z  INFO tokio-runtime-worker ThreadId(23) wkmp_ai::services::workflow_orchestrator: wkmp-ai\src\services\workflow_orchestrator\mod.rs:1733: Starting PLAN024 10-phase per-file pipeline (late audio decode) file="C:\\Users\\Mango Cat\\Music\\Aerosmith/Toys_In_The_Attic/(Aerosmith)Toys_In_The_Attic-09-You_See_Me_Crying.mp3"
2026-02-05T22:39:20.286810Z DEBUG tokio-runtime-worker ThreadId(23) wkmp_ai::services::workflow_orchestrator: wkmp-ai\src\services\workflow_orchestrator\mod.rs:1742: Phase 1: Filename Matching - START file="C:\\Users\\Mango Cat\\Music\\Aerosmith/Toys_In_The_Attic/(Aerosmith)Toys_In_The_Attic-09-You_See_Me_Crying.mp3"
2026-02-05T22:39:20.286973Z DEBUG tokio-runtime-worker ThreadId(23) wkmp_ai::services::filename_matcher: wkmp-ai\src\services\filename_matcher.rs:54: Checking if file exists in database path=Aerosmith/Toys_In_The_Attic/(Aerosmith)Toys_In_The_Attic-09-You_See_Me_Crying.mp3 norm_us=9
2026-02-05T22:39:20.287195Z DEBUG tokio-runtime-worker ThreadId(23) wkmp_ai::services::workflow_orchestrator: wkmp-ai\src\services\workflow_orchestrator\mod.rs:3094: Starting per-file pipeline file_index=57 file_id=f7204740-f321-45e5-b65b-2b08dbba2f65 file=Alice In Chains/AliceInChainsGreatestHits.mp3
2026-02-05T22:39:20.287379Z  INFO tokio-runtime-worker ThreadId(23) wkmp_ai::services::workflow_orchestrator: wkmp-ai\src\services\workflow_orchestrator\mod.rs:1733: Starting PLAN024 10-phase per-file pipeline (late audio decode) file="C:\\Users\\Mango Cat\\Music\\Alice In Chains/AliceInChainsGreatestHits.mp3"
2026-02-05T22:39:20.287556Z DEBUG tokio-runtime-worker ThreadId(23) wkmp_ai::services::workflow_orchestrator: wkmp-ai\src\services\workflow_orchestrator\mod.rs:1742: Phase 1: Filename Matching - START file="C:\\Users\\Mango Cat\\Music\\Alice In Chains/AliceInChainsGreatestHits.mp3"
2026-02-05T22:39:20.287790Z DEBUG tokio-runtime-worker ThreadId(23) wkmp_ai::services::filename_matcher: wkmp-ai\src\services\filename_matcher.rs:54: Checking if file exists in database path=Alice In Chains/AliceInChainsGreatestHits.mp3 norm_us=7
2026-02-05T22:39:20.287994Z DEBUG tokio-runtime-worker ThreadId(23) wkmp_ai::services::workflow_orchestrator: wkmp-ai\src\services\workflow_orchestrator\mod.rs:3094: Starting per-file pipeline file_index=58 file_id=832ed86e-2a94-450e-9900-09837e2c9bb1 file=Allman Brothers/AtFillmoreEast.mp3
2026-02-05T22:39:20.288225Z  INFO tokio-runtime-worker ThreadId(23) wkmp_ai::services::workflow_orchestrator: wkmp-ai\src\services\workflow_orchestrator\mod.rs:1733: Starting PLAN024 10-phase per-file pipeline (late audio decode) file="C:\\Users\\Mango Cat\\Music\\Allman Brothers/AtFillmoreEast.mp3"
2026-02-05T22:39:20.288448Z DEBUG tokio-runtime-worker ThreadId(23) wkmp_ai::services::workflow_orchestrator: wkmp-ai\src\services\workflow_orchestrator\mod.rs:1742: Phase 1: Filename Matching - START file="C:\\Users\\Mango Cat\\Music\\Allman Brothers/AtFillmoreEast.mp3"
2026-02-05T22:39:20.288626Z DEBUG tokio-runtime-worker ThreadId(23) wkmp_ai::services::filename_matcher: wkmp-ai\src\services\filename_matcher.rs:54: Checking if file exists in database path=Allman Brothers/AtFillmoreEast.mp3
 norm_us=5
2026-02-05T22:39:20.288873Z DEBUG tokio-runtime-worker ThreadId(23) wkmp_ai::services::workflow_orchestrator: wkmp-ai\src\services\workflow_orchestrator\mod.rs:3094: Starting per-file pipeline file_index=59 file_id=f5eb96cf-f264-459d-881c-a84a08a40d73 file=Allman Brothers/EatAPeach.mp3
2026-02-05T22:39:20.289098Z  INFO tokio-runtime-worker ThreadId(23) wkmp_ai::services::workflow_orchestrator: wkmp-ai\src\services\workflow_orchestrator\mod.rs:1733: Starting PLAN024 10-phase per-file pipeline (late audio decode) file="C:\\Users\\Mango Cat\\Music\\Allman Brothers/EatAPeach.mp3"
2026-02-05T22:39:20.289326Z DEBUG tokio-runtime-worker ThreadId(23) wkmp_ai::services::workflow_orchestrator: wkmp-ai\src\services\workflow_orchestrator\mod.rs:1742: Phase 1: Filename Matching - START file="C:\\Users\\Mango Cat\\Music\\Allman Brothers/EatAPeach.mp3"
2026-02-05T22:39:20.289466Z DEBUG tokio-runtime-worker ThreadId(23) wkmp_ai::services::filename_matcher: wkmp-ai\src\services\filename_matcher.rs:54: Checking if file exists in database path=Allman Brothers/EatAPeach.mp3 norm_us=5
2026-02-05T22:39:20.289654Z DEBUG tokio-runtime-worker ThreadId(23) wkmp_ai::services::workflow_orchestrator: wkmp-ai\src\services\workflow_orchestrator\mod.rs:3094: Starting per-file pipeline file_index=60 file_id=8fc21985-273e-4111-b8d1-0d820c98fc69 file=Ambrosia/TheEssentialsAmbrosia.mp3
2026-02-05T22:39:20.289797Z  INFO tokio-runtime-worker ThreadId(23) wkmp_ai::services::workflow_orchestrator: wkmp-ai\src\services\workflow_orchestrator\mod.rs:1733: Starting PLAN024 10-phase per-file pipeline (late audio decode) file="C:\\Users\\Mango Cat\\Music\\Ambrosia/TheEssentialsAmbrosia.mp3"
2026-02-05T22:39:20.289978Z DEBUG tokio-runtime-worker ThreadId(23) wkmp_ai::services::workflow_orchestrator: wkmp-ai\src\services\workflow_orchestrator\mod.rs:1742: Phase 1: Filename Matching - START file="C:\\Users\\Mango Cat\\Music\\Ambrosia/TheEssentialsAmbrosia.mp3"
2026-02-05T22:39:20.290146Z DEBUG tokio-runtime-worker ThreadId(23) wkmp_ai::services::filename_matcher: wkmp-ai\src\services\filename_matcher.rs:54: Checking if file exists in database path=Ambrosia/TheEssentialsAmbrosia.mp3
 norm_us=5
2026-02-05T22:39:20.290366Z DEBUG tokio-runtime-worker ThreadId(23) wkmp_ai::services::workflow_orchestrator: wkmp-ai\src\services\workflow_orchestrator\mod.rs:3094: Starting per-file pipeline file_index=61 file_id=5c8462a6-483b-445a-9c84-008baead6a4e file=America/History America’s Greatest Hits/01 - A Horse With No Name.mp3
2026-02-05T22:39:20.290614Z  INFO tokio-runtime-worker ThreadId(23) wkmp_ai::services::workflow_orchestrator: wkmp-ai\src\services\workflow_orchestrator\mod.rs:1733: Starting PLAN024 10-phase per-file pipeline (late audio decode) file="C:\\Users\\Mango Cat\\Music\\America/History\u{f03a} America’s Greatest Hits/01 - A Horse With No Name.mp3"
2026-02-05T22:39:20.290838Z DEBUG tokio-runtime-worker ThreadId(23) wkmp_ai::services::workflow_orchestrator: wkmp-ai\src\services\workflow_orchestrator\mod.rs:1742: Phase 1: Filename Matching - START file="C:\\Users\\Mango Cat\\Music\\America/History\u{f03a} America’s Greatest Hits/01 - A Horse With No Name.mp3"
2026-02-05T22:39:20.291025Z DEBUG tokio-runtime-worker ThreadId(23) wkmp_ai::services::filename_matcher: wkmp-ai\src\services\filename_matcher.rs:54: Checking if file exists in database path=America/History America’s Greatest Hits/01 - A Horse With No Name.mp3 norm_us=8
2026-02-05T22:39:20.291266Z DEBUG tokio-runtime-worker ThreadId(23) wkmp_ai::services::workflow_orchestrator: wkmp-ai\src\services\workflow_orchestrator\mod.rs:3094: Starting per-file pipeline file_index=62 file_id=4f302e6c-1c70-4e92-b36e-3e7f241bd495 file=America/History America’s Greatest Hits/02 - I Need You.mp3
2026-02-05T22:39:20.291486Z  INFO tokio-runtime-worker ThreadId(23) wkmp_ai::services::workflow_orchestrator: wkmp-ai\src\services\workflow_orchestrator\mod.rs:1733: Starting PLAN024 10-phase per-file pipeline (late audio decode) file="C:\\Users\\Mango Cat\\Music\\America/History\u{f03a} America’s Greatest Hits/02 - I Need You.mp3"
2026-02-05T22:39:20.291685Z DEBUG tokio-runtime-worker ThreadId(23) wkmp_ai::services::workflow_orchestrator: wkmp-ai\src\services\workflow_orchestrator\mod.rs:1742: Phase 1: Filename Matching - START file="C:\\Users\\Mango Cat\\Music\\America/History\u{f03a} America’s Greatest Hits/02 - I Need You.mp3"
2026-02-05T22:39:20.291888Z DEBUG tokio-runtime-worker ThreadId(23) wkmp_ai::services::filename_matcher: wkmp-ai\src\services\filename_matcher.rs:54: Checking if file exists in database path=America/History America’s Greatest Hits/02 - I Need You.mp3 norm_us=7
2026-02-05T22:39:20.292132Z DEBUG tokio-runtime-worker ThreadId(23) wkmp_ai::services::workflow_orchestrator: wkmp-ai\src\services\workflow_orchestrator\mod.rs:3094: Starting per-file pipeline file_index=63 file_id=1f8a016b-9876-45fc-bd70-089353cf5f64 file=America/History America’s Greatest Hits/03 - Sandman.mp3
2026-02-05T22:39:20.292341Z  INFO tokio-runtime-worker ThreadId(23) wkmp_ai::services::workflow_orchestrator: wkmp-ai\src\services\workflow_orchestrator\mod.rs:1733: Starting PLAN024 10-phase per-file pipeline (late audio decode) file="C:\\Users\\Mango Cat\\Music\\America/History\u{f03a} America’s Greatest Hits/03 - Sandman.mp3"
2026-02-05T22:39:20.292584Z DEBUG tokio-runtime-worker ThreadId(23) wkmp_ai::services::workflow_orchestrator: wkmp-ai\src\services\workflow_orchestrator\mod.rs:1742: Phase 1: Filename Matching - START file="C:\\Users\\Mango Cat\\Music\\America/History\u{f03a} America’s Greatest Hits/03 - Sandman.mp3"
2026-02-05T22:39:20.292754Z DEBUG tokio-runtime-worker ThreadId(23) wkmp_ai::services::filename_matcher: wkmp-ai\src\services\filename_matcher.rs:54: Checking if file exists in database path=America/History America’s Greatest Hits/03 - Sandman.mp3 norm_us=6
2026-02-05T22:39:20.292960Z DEBUG tokio-runtime-worker ThreadId(23) wkmp_ai::services::workflow_orchestrator: wkmp-ai\src\services\workflow_orchestrator\mod.rs:3094: Starting per-file pipeline file_index=64 file_id=30dabc34-c6f4-4e3f-a695-4a53095db5b2 file=America/History America’s Greatest Hits/04 - Ventura Highway.mp3
2026-02-05T22:39:20.293171Z  INFO tokio-runtime-worker ThreadId(23) wkmp_ai::services::workflow_orchestrator: wkmp-ai\src\services\workflow_orchestrator\mod.rs:1733: Starting PLAN024 10-phase per-file pipeline (late audio decode) file="C:\\Users\\Mango Cat\\Music\\America/History\u{f03a} America’s Greatest Hits/04 - Ventura Highway.mp3"
2026-02-05T22:39:20.293327Z DEBUG tokio-runtime-worker ThreadId(23) wkmp_ai::services::workflow_orchestrator: wkmp-ai\src\services\workflow_orchestrator\mod.rs:1742: Phase 1: Filename Matching - START file="C:\\Users\\Mango Cat\\Music\\America/History\u{f03a} America’s Greatest Hits/04 - Ventura Highway.mp3"
2026-02-05T22:39:20.293501Z DEBUG tokio-runtime-worker ThreadId(23) wkmp_ai::services::filename_matcher: wkmp-ai\src\services\filename_matcher.rs:54: Checking if file exists in database path=America/History America’s Greatest Hits/04 - Ventura Highway.mp3 norm_us=5
2026-02-05T22:39:20.294713Z DEBUG tokio-runtime-worker ThreadId(23) wkmp_ai::api::sse: wkmp-ai\src\api\sse.rs:71: SSE: Broadcasting import event: ImportProgressUpdate
2026-02-05T22:39:20.295790Z DEBUG tokio-runtime-worker ThreadId(23) wkmp_ai::api::sse: wkmp-ai\src\api\sse.rs:71: SSE: Broadcasting import event: ImportProgressUpdate
2026-02-05T22:39:20.296784Z DEBUG tokio-runtime-worker ThreadId(23) wkmp_ai::api::sse: wkmp-ai\src\api\sse.rs:71: SSE: Broadcasting import event: ImportProgressUpdate
2026-02-05T22:39:20.297749Z DEBUG tokio-runtime-worker ThreadId(23) wkmp_ai::api::sse: wkmp-ai\src\api\sse.rs:71: SSE: Broadcasting import event: ImportProgressUpdate
2026-02-05T22:39:20.298748Z DEBUG tokio-runtime-worker ThreadId(23) wkmp_ai::api::sse: wkmp-ai\src\api\sse.rs:71: SSE: Broadcasting import event: ImportProgressUpdate
2026-02-05T22:39:20.299707Z DEBUG tokio-runtime-worker ThreadId(23) wkmp_ai::api::sse: wkmp-ai\src\api\sse.rs:71: SSE: Broadcasting import event: ImportProgressUpdate
2026-02-05T22:39:20.300719Z DEBUG tokio-runtime-worker ThreadId(23) wkmp_ai::api::sse: wkmp-ai\src\api\sse.rs:71: SSE: Broadcasting import event: ImportProgressUpdate
2026-02-05T22:39:20.301648Z DEBUG tokio-runtime-worker ThreadId(23) wkmp_ai::api::sse: wkmp-ai\src\api\sse.rs:71: SSE: Broadcasting import event: ImportProgressUpdate
2026-02-05T22:39:20.302575Z DEBUG tokio-runtime-worker ThreadId(23) wkmp_ai::api::sse: wkmp-ai\src\api\sse.rs:71: SSE: Broadcasting import event: ImportProgressUpdate
2026-02-05T22:39:20.303883Z DEBUG tokio-runtime-worker ThreadId(23) wkmp_ai::api::sse: wkmp-ai\src\api\sse.rs:71: SSE: Broadcasting import event: ImportProgressUpdate
2026-02-05T22:39:20.304514Z DEBUG tokio-runtime-worker ThreadId(23) wkmp_ai::api::sse: wkmp-ai\src\api\sse.rs:71: SSE: Broadcasting import event: ImportProgressUpdate
2026-02-05T22:39:20.305083Z DEBUG tokio-runtime-worker ThreadId(23) wkmp_ai::api::sse: wkmp-ai\src\api\sse.rs:71: SSE: Broadcasting import event: ImportProgressUpdate
2026-02-05T22:39:20.305616Z DEBUG tokio-runtime-worker ThreadId(23) wkmp_ai::api::sse: wkmp-ai\src\api\sse.rs:71: SSE: Broadcasting import event: ImportProgressUpdate
2026-02-05T22:39:20.306147Z DEBUG tokio-runtime-worker ThreadId(23) wkmp_ai::api::sse: wkmp-ai\src\api\sse.rs:71: SSE: Broadcasting import event: ImportProgressUpdate
2026-02-05T22:39:20.306672Z DEBUG tokio-runtime-worker ThreadId(23) wkmp_ai::api::sse: wkmp-ai\src\api\sse.rs:71: SSE: Broadcasting import event: ImportProgressUpdate
2026-02-05T22:39:20.307224Z DEBUG tokio-runtime-worker ThreadId(23) wkmp_ai::api::sse: wkmp-ai\src\api\sse.rs:71: SSE: Broadcasting import event: ImportProgressUpdate
2026-02-05T22:39:20.308265Z DEBUG tokio-runtime-worker ThreadId(23) wkmp_ai::api::sse: wkmp-ai\src\api\sse.rs:71: SSE: Broadcasting import event: ImportProgressUpdate
2026-02-05T22:39:20.309392Z DEBUG tokio-runtime-worker ThreadId(23) wkmp_ai::api::sse: wkmp-ai\src\api\sse.rs:71: SSE: Broadcasting import event: ImportProgressUpdate
2026-02-05T22:39:20.310484Z DEBUG tokio-runtime-worker ThreadId(23) wkmp_ai::services::filename_matcher: wkmp-ai\src\services\filename_matcher.rs:65: Database query completed path=Aerosmith/Toys_In_The_Attic/(Aerosmith)Toys_In_The_Attic-09-You_See_Me_Crying.mp3 query_us=23345
2026-02-05T22:39:20.311098Z DEBUG tokio-runtime-worker ThreadId(23) wkmp_ai::services::filename_matcher: wkmp-ai\src\services\filename_matcher.rs:81: File already processed (INGEST COMPLETE) path=Aerosmith/Toys_In_The_Attic/(Aerosmith)Toys_In_The_Attic-09-You_See_Me_Crying.mp3 guid=0d0a45d1-85b4-47a7-93c4-6ece163a722f
2026-02-05T22:39:20.311279Z  INFO tokio-runtime-worker ThreadId(23) wkmp_ai::services::workflow_orchestrator: wkmp-ai\src\services\workflow_orchestrator\mod.rs:1756: Phase 1 completed phase="Filename Matching" duration_ms=24 path_us=1 db_ms=24 file_index=56
2026-02-05T22:39:20.311464Z  INFO tokio-runtime-worker ThreadId(23) wkmp_ai::services::workflow_orchestrator: wkmp-ai\src\services\workflow_orchestrator\mod.rs:1770: File already processed (INGEST COMPLETE/NO AUDIO/DUPLICATE HASH), skipping all remaining phases file="C:\\Users\\Mango Cat\\Music\\Aerosmith/Toys_In_The_Attic/(Aerosmith)Toys_In_The_Attic-09-You_See_Me_Crying.mp3" file_id=0d0a45d1-85b4-47a7-93c4-6ece163a722f
2026-02-05T22:39:20.311754Z DEBUG tokio-runtime-worker ThreadId(23) wkmp_ai::services::workflow_orchestrator: wkmp-ai\src\services\workflow_orchestrator\mod.rs:2912: File processing complete session_id=fc49b2a9-297a-4710-91ea-7a5f24790519 file_index=56 file=Aerosmith/Toys_In_The_Attic/(Aerosmith)Toys_In_The_Attic-09-You_See_Me_Crying.mp3
2026-02-05T22:39:20.311974Z DEBUG tokio-runtime-worker ThreadId(23) wkmp_ai::services::workflow_orchestrator: wkmp-ai\src\services\workflow_orchestrator\mod.rs:1438: Acquiring all statistics Mutex locks for SSE conversion
2026-02-05T22:39:20.312109Z DEBUG tokio-runtime-worker ThreadId(23) wkmp_ai::services::workflow_orchestrator: wkmp-ai\src\services\workflow_orchestrator\mod.rs:1467: All statistics Mutex locks acquired and data cloned
2026-02-05T22:39:20.312308Z DEBUG tokio-runtime-worker ThreadId(23) wkmp_ai::services::workflow_orchestrator: wkmp-ai\src\services\workflow_orchestrator\mod.rs:1577: Releasing all statistics Mutex locks for SSE conversion
2026-02-05T22:39:20.312498Z DEBUG tokio-runtime-worker ThreadId(23) wkmp_ai::services::filename_matcher: wkmp-ai\src\services\filename_matcher.rs:65: Database query completed path=Alice In Chains/AliceInChainsGreatestHits.mp3
 query_us=24548
2026-02-05T22:39:20.312675Z DEBUG tokio-runtime-worker ThreadId(23) wkmp_ai::services::filename_matcher: wkmp-ai\src\services\filename_matcher.rs:88: File exists, reusing fileId path=Alice In Chains/AliceInChainsGreatestHits.mp3 guid=f7204740-f321-45e5-b65b-2b08dbba2f65 status=PENDING
2026-02-05T22:39:20.312876Z  INFO tokio-runtime-worker ThreadId(23) wkmp_ai::services::workflow_orchestrator: wkmp-ai\src\services\workflow_orchestrator\mod.rs:1756: Phase 1 completed phase="Filename Matching" duration_ms=25 path_us=2 db_ms=25 file_index=57
2026-02-05T22:39:20.313034Z DEBUG tokio-runtime-worker ThreadId(23) wkmp_ai::services::workflow_orchestrator: wkmp-ai\src\services\workflow_orchestrator\mod.rs:1778: Reusing existing file record (incomplete processing) file_id=f7204740-f321-45e5-b65b-2b08dbba2f65
2026-02-05T22:39:20.313194Z DEBUG tokio-runtime-worker ThreadId(23) wkmp_ai::services::workflow_orchestrator: wkmp-ai\src\services\workflow_orchestrator\mod.rs:1812: Phase 2: Hash Deduplication file="C:\\Users\\Mango Cat\\Music\\Alice In Chains/AliceInChainsGreatestHits.mp3" file_id=f7204740-f321-45e5-b65b-2b08dbba2f65
2026-02-05T22:39:20.313343Z DEBUG tokio-runtime-worker ThreadId(23) wkmp_ai::services::hash_deduplicator: wkmp-ai\src\services\hash_deduplicator.rs:52: Calculating SHA-256 hash path=C:\Users\Mango Cat\Music\Alice In Chains/AliceInChainsGreatestHits.mp3
2026-02-05T22:39:20.313517Z DEBUG tokio-runtime-worker ThreadId(23) wkmp_ai::services::filename_matcher: wkmp-ai\src\services\filename_matcher.rs:65: Database query completed path=Allman Brothers/AtFillmoreEast.mp3 query_us=24683
2026-02-05T22:39:20.313662Z DEBUG tokio-runtime-worker ThreadId(23) wkmp_ai::services::filename_matcher: wkmp-ai\src\services\filename_matcher.rs:88: File exists, reusing fileId path=Allman Brothers/AtFillmoreEast.mp3 guid=832ed86e-2a94-450e-9900-09837e2c9bb1 status=PENDING
2026-02-05T22:39:20.313810Z  INFO tokio-runtime-worker ThreadId(23) wkmp_ai::services::workflow_orchestrator: wkmp-ai\src\services\workflow_orchestrator\mod.rs:1756: Phase 1 completed phase="Filename Matching" duration_ms=25 path_us=1 db_ms=25 file_index=58
2026-02-05T22:39:20.313966Z DEBUG tokio-runtime-worker ThreadId(23) wkmp_ai::services::workflow_orchestrator: wkmp-ai\src\services\workflow_orchestrator\mod.rs:1778: Reusing existing file record (incomplete processing) file_id=832ed86e-2a94-450e-9900-09837e2c9bb1
2026-02-05T22:39:20.314119Z DEBUG tokio-runtime-worker ThreadId(23) wkmp_ai::services::workflow_orchestrator: wkmp-ai\src\services\workflow_orchestrator\mod.rs:1812: Phase 2: Hash Deduplication file="C:\\Users\\Mango Cat\\Music\\Allman Brothers/AtFillmoreEast.mp3" file_id=832ed86e-2a94-450e-9900-09837e2c9bb1
2026-02-05T22:39:20.314267Z DEBUG tokio-runtime-worker ThreadId(23) wkmp_ai::services::hash_deduplicator: wkmp-ai\src\services\hash_deduplicator.rs:52: Calculating SHA-256 hash path=C:\Users\Mango Cat\Music\Allman Brothers/AtFillmoreEast.mp3
2026-02-05T22:39:20.314435Z DEBUG tokio-runtime-worker ThreadId(23) wkmp_ai::services::filename_matcher: wkmp-ai\src\services\filename_matcher.rs:65: Database query completed path=Allman Brothers/EatAPeach.mp3 query_us=24816
2026-02-05T22:39:20.314577Z DEBUG tokio-runtime-worker ThreadId(23) wkmp_ai::services::filename_matcher: wkmp-ai\src\services\filename_matcher.rs:88: File exists, reusing fileId path=Allman Brothers/EatAPeach.mp3 guid=f5eb96cf-f264-459d-881c-a84a08a40d73 status=PENDING
2026-02-05T22:39:20.314730Z  INFO tokio-runtime-worker ThreadId(23) wkmp_ai::services::workflow_orchestrator: wkmp-ai\src\services\workflow_orchestrator\mod.rs:1756: Phase 1 completed phase="Filename Matching" duration_ms=25 path_us=1 db_ms=25 file_index=59
2026-02-05T22:39:20.314888Z DEBUG tokio-runtime-worker ThreadId(23) wkmp_ai::services::workflow_orchestrator: wkmp-ai\src\services\workflow_orchestrator\mod.rs:1778: Reusing existing file record (incomplete processing) file_id=f5eb96cf-f264-459d-881c-a84a08a40d73
2026-02-05T22:39:20.315042Z DEBUG tokio-runtime-worker ThreadId(23) wkmp_ai::services::workflow_orchestrator: wkmp-ai\src\services\workflow_orchestrator\mod.rs:1812: Phase 2: Hash Deduplication file="C:\\Users\\Mango Cat\\Music\\Allman Brothers/EatAPeach.mp3" file_id=f5eb96cf-f264-459d-881c-a84a08a40d73
2026-02-05T22:39:20.315191Z DEBUG tokio-runtime-worker ThreadId(23) wkmp_ai::services::hash_deduplicator: wkmp-ai\src\services\hash_deduplicator.rs:52: Calculating SHA-256 hash path=C:\Users\Mango Cat\Music\Allman Brothers/EatAPeach.mp3
2026-02-05T22:39:20.315359Z DEBUG tokio-runtime-worker ThreadId(23) wkmp_ai::services::filename_matcher: wkmp-ai\src\services\filename_matcher.rs:65: Database query completed path=America/History America’s Greatest Hits/04 - Ventura Highway.mp3 query_us=21705
2026-02-05T22:39:20.315510Z DEBUG tokio-runtime-worker ThreadId(23) wkmp_ai::services::filename_matcher: wkmp-ai\src\services\filename_matcher.rs:81: File already processed (INGEST COMPLETE) path=America/History America’s Greatest Hits/04 - Ventura Highway.mp3 guid=30dabc34-c6f4-4e3f-a695-4a53095db5b2
2026-02-05T22:39:20.315657Z  INFO tokio-runtime-worker ThreadId(23) wkmp_ai::services::workflow_orchestrator: wkmp-ai\src\services\workflow_orchestrator\mod.rs:1756: Phase 1 completed phase="Filename Matching" duration_ms=22 path_us=1 db_ms=22 file_index=64
2026-02-05T22:39:20.315814Z  INFO tokio-runtime-worker ThreadId(23) wkmp_ai::services::workflow_orchestrator: wkmp-ai\src\services\workflow_orchestrator\mod.rs:1770: File already processed (INGEST COMPLETE/NO AUDIO/DUPLICATE HASH), skipping all remaining phases file="C:\\Users\\Mango Cat\\Music\\America/History\u{f03a} America’s Greatest Hits/04 - Ventura Highway.mp3" file_id=30dabc34-c6f4-4e3f-a695-4a53095db5b2
2026-02-05T22:39:20.315980Z DEBUG tokio-runtime-worker ThreadId(23) wkmp_ai::services::workflow_orchestrator: wkmp-ai\src\services\workflow_orchestrator\mod.rs:2912: File processing complete session_id=fc49b2a9-297a-4710-91ea-7a5f24790519 file_index=64 file=America/History America’s Greatest Hits/04 - Ventura Highway.mp3
2026-02-05T22:39:20.316143Z DEBUG tokio-runtime-worker ThreadId(23) wkmp_ai::services::workflow_orchestrator: wkmp-ai\src\services\workflow_orchestrator\mod.rs:1438: Acquiring all statistics Mutex locks for SSE conversion
2026-02-05T22:39:20.316276Z DEBUG tokio-runtime-worker ThreadId(23) wkmp_ai::services::workflow_orchestrator: wkmp-ai\src\services\workflow_orchestrator\mod.rs:1467: All statistics Mutex locks acquired and data cloned
2026-02-05T22:39:20.316451Z DEBUG tokio-runtime-worker ThreadId(23) wkmp_ai::services::workflow_orchestrator: wkmp-ai\src\services\workflow_orchestrator\mod.rs:1577: Releasing all statistics Mutex locks for SSE conversion
2026-02-05T22:39:20.316617Z DEBUG tokio-runtime-worker ThreadId(23) wkmp_ai::services::filename_matcher: wkmp-ai\src\services\filename_matcher.rs:65: Database query completed path=America/History America’s Greatest Hits/03 - Sandman.mp3 query_us=23705
2026-02-05T22:39:20.316767Z DEBUG tokio-runtime-worker ThreadId(23) wkmp_ai::services::filename_matcher: wkmp-ai\src\services\filename_matcher.rs:81: File already processed (INGEST COMPLETE) path=America/History America’s Greatest Hits/03 - Sandman.mp3 guid=1f8a016b-9876-45fc-bd70-089353cf5f64
2026-02-05T22:39:20.316914Z  INFO tokio-runtime-worker ThreadId(23) wkmp_ai::services::workflow_orchestrator: wkmp-ai\src\services\workflow_orchestrator\mod.rs:1756: Phase 1 completed phase="Filename Matching" duration_ms=24 path_us=1 db_ms=24 file_index=63
2026-02-05T22:39:20.317069Z  INFO tokio-runtime-worker ThreadId(23) wkmp_ai::services::workflow_orchestrator: wkmp-ai\src\services\workflow_orchestrator\mod.rs:1770: File already processed (INGEST COMPLETE/NO AUDIO/DUPLICATE HASH), skipping all remaining phases file="C:\\Users\\Mango Cat\\Music\\America/History\u{f03a} America’s Greatest Hits/03 - Sandman.mp3" file_id=1f8a016b-9876-45fc-bd70-089353cf5f64
2026-02-05T22:39:20.317231Z DEBUG tokio-runtime-worker ThreadId(23) wkmp_ai::services::workflow_orchestrator: wkmp-ai\src\services\workflow_orchestrator\mod.rs:2912: File processing complete session_id=fc49b2a9-297a-4710-91ea-7a5f24790519 file_index=63 file=America/History America’s Greatest Hits/03 - Sandman.mp3
2026-02-05T22:39:20.317386Z DEBUG tokio-runtime-worker ThreadId(23) wkmp_ai::services::workflow_orchestrator: wkmp-ai\src\services\workflow_orchestrator\mod.rs:1438: Acquiring all statistics Mutex locks for SSE conversion
2026-02-05T22:39:20.317514Z DEBUG tokio-runtime-worker ThreadId(23) wkmp_ai::services::workflow_orchestrator: wkmp-ai\src\services\workflow_orchestrator\mod.rs:1467: All statistics Mutex locks acquired and data cloned
2026-02-05T22:39:20.317686Z DEBUG tokio-runtime-worker ThreadId(23) wkmp_ai::services::workflow_orchestrator: wkmp-ai\src\services\workflow_orchestrator\mod.rs:1577: Releasing all statistics Mutex locks for SSE conversion
2026-02-05T22:39:20.317847Z DEBUG tokio-runtime-worker ThreadId(23) wkmp_ai::services::filename_matcher: wkmp-ai\src\services\filename_matcher.rs:65: Database query completed path=America/History America’s Greatest Hits/01 - A Horse With No Name.mp3 query_us=26635
2026-02-05T22:39:20.317994Z DEBUG tokio-runtime-worker ThreadId(23) wkmp_ai::services::filename_matcher: wkmp-ai\src\services\filename_matcher.rs:81: File already processed (INGEST COMPLETE) path=America/History America’s Greatest Hits/01 - A Horse With No Name.mp3 guid=5c8462a6-483b-445a-9c84-008baead6a4e
2026-02-05T22:39:20.318139Z  INFO tokio-runtime-worker ThreadId(23) wkmp_ai::services::workflow_orchestrator: wkmp-ai\src\services\workflow_orchestrator\mod.rs:1756: Phase 1 completed phase="Filename Matching" duration_ms=27 path_us=2 db_ms=27 file_index=61
2026-02-05T22:39:20.318292Z  INFO tokio-runtime-worker ThreadId(23) wkmp_ai::services::workflow_orchestrator: wkmp-ai\src\services\workflow_orchestrator\mod.rs:1770: File already processed (INGEST COMPLETE/NO AUDIO/DUPLICATE HASH), skipping all remaining phases file="C:\\Users\\Mango Cat\\Music\\America/History\u{f03a} America’s Greatest Hits/01 - A Horse With No Name.mp3" file_id=5c8462a6-483b-445a-9c84-008baead6a4e
2026-02-05T22:39:20.318452Z DEBUG tokio-runtime-worker ThreadId(23) wkmp_ai::services::workflow_orchestrator: wkmp-ai\src\services\workflow_orchestrator\mod.rs:2912: File processing complete session_id=fc49b2a9-297a-4710-91ea-7a5f24790519 file_index=61 file=America/History America’s Greatest Hits/01 - A Horse With No Name.mp3
2026-02-05T22:39:20.318604Z DEBUG tokio-runtime-worker ThreadId(23) wkmp_ai::services::workflow_orchestrator: wkmp-ai\src\services\workflow_orchestrator\mod.rs:1438: Acquiring all statistics Mutex locks for SSE conversion
2026-02-05T22:39:20.318730Z DEBUG tokio-runtime-worker ThreadId(23) wkmp_ai::services::workflow_orchestrator: wkmp-ai\src\services\workflow_orchestrator\mod.rs:1467: All statistics Mutex locks acquired and data cloned
2026-02-05T22:39:20.318899Z DEBUG tokio-runtime-worker ThreadId(23) wkmp_ai::services::workflow_orchestrator: wkmp-ai\src\services\workflow_orchestrator\mod.rs:1577: Releasing all statistics Mutex locks for SSE conversion
2026-02-05T22:39:20.319057Z DEBUG tokio-runtime-worker ThreadId(23) wkmp_ai::services::filename_matcher: wkmp-ai\src\services\filename_matcher.rs:65: Database query completed path=America/History America’s Greatest Hits/02 - I Need You.mp3 query_us=26986
2026-02-05T22:39:20.319202Z DEBUG tokio-runtime-worker ThreadId(23) wkmp_ai::services::filename_matcher: wkmp-ai\src\services\filename_matcher.rs:81: File already processed (INGEST COMPLETE) path=America/History America’s Greatest Hits/02 - I Need You.mp3 guid=4f302e6c-1c70-4e92-b36e-3e7f241bd495
2026-02-05T22:39:20.319347Z  INFO tokio-runtime-worker ThreadId(23) wkmp_ai::services::workflow_orchestrator: wkmp-ai\src\services\workflow_orchestrator\mod.rs:1756: Phase 1 completed phase="Filename Matching" duration_ms=27 path_us=2 db_ms=27 file_index=62
2026-02-05T22:39:20.319499Z  INFO tokio-runtime-worker ThreadId(23) wkmp_ai::services::workflow_orchestrator: wkmp-ai\src\services\workflow_orchestrator\mod.rs:1770: File already processed (INGEST COMPLETE/NO AUDIO/DUPLICATE HASH), skipping all remaining phases file="C:\\Users\\Mango Cat\\Music\\America/History\u{f03a} America’s Greatest Hits/02 - I Need You.mp3" file_id=4f302e6c-1c70-4e92-b36e-3e7f241bd495
2026-02-05T22:39:20.319658Z DEBUG tokio-runtime-worker ThreadId(23) wkmp_ai::services::workflow_orchestrator: wkmp-ai\src\services\workflow_orchestrator\mod.rs:2912: File processing complete session_id=fc49b2a9-297a-4710-91ea-7a5f24790519 file_index=62 file=America/History America’s Greatest Hits/02 - I Need You.mp3
2026-02-05T22:39:20.319810Z DEBUG tokio-runtime-worker ThreadId(23) wkmp_ai::services::workflow_orchestrator: wkmp-ai\src\services\workflow_orchestrator\mod.rs:1438: Acquiring all statistics Mutex locks for SSE conversion
2026-02-05T22:39:20.320055Z DEBUG tokio-runtime-worker ThreadId(23) wkmp_ai::services::workflow_orchestrator: wkmp-ai\src\services\workflow_orchestrator\mod.rs:1467: All statistics Mutex locks acquired and data cloned
2026-02-05T22:39:20.320340Z DEBUG tokio-runtime-worker ThreadId(23) wkmp_ai::services::workflow_orchestrator: wkmp-ai\src\services\workflow_orchestrator\mod.rs:1577: Releasing all statistics Mutex locks for SSE conversion
2026-02-05T22:39:20.320585Z DEBUG tokio-runtime-worker ThreadId(23) wkmp_ai::services::filename_matcher: wkmp-ai\src\services\filename_matcher.rs:65: Database query completed path=Ambrosia/TheEssentialsAmbrosia.mp3 query_us=30269
2026-02-05T22:39:20.320792Z DEBUG tokio-runtime-worker ThreadId(23) wkmp_ai::services::filename_matcher: wkmp-ai\src\services\filename_matcher.rs:88: File exists, reusing fileId path=Ambrosia/TheEssentialsAmbrosia.mp3 guid=8fc21985-273e-4111-b8d1-0d820c98fc69 status=PENDING
2026-02-05T22:39:20.320998Z  INFO tokio-runtime-worker ThreadId(23) wkmp_ai::services::workflow_orchestrator: wkmp-ai\src\services\workflow_orchestrator\mod.rs:1756: Phase 1 completed phase="Filename Matching" duration_ms=31 path_us=1 db_ms=30 file_index=60
2026-02-05T22:39:20.321201Z DEBUG tokio-runtime-worker ThreadId(23) wkmp_ai::services::workflow_orchestrator: wkmp-ai\src\services\workflow_orchestrator\mod.rs:1778: Reusing existing file record (incomplete processing) file_id=8fc21985-273e-4111-b8d1-0d820c98fc69
2026-02-05T22:39:20.321423Z DEBUG tokio-runtime-worker ThreadId(23) wkmp_ai::services::workflow_orchestrator: wkmp-ai\src\services\workflow_orchestrator\mod.rs:1812: Phase 2: Hash Deduplication file="C:\\Users\\Mango Cat\\Music\\Ambrosia/TheEssentialsAmbrosia.mp3" file_id=8fc21985-273e-4111-b8d1-0d820c98fc69
2026-02-05T22:39:20.321634Z DEBUG tokio-runtime-worker ThreadId(23) wkmp_ai::services::hash_deduplicator: wkmp-ai\src\services\hash_deduplicator.rs:52: Calculating SHA-256 hash path=C:\Users\Mango Cat\Music\Ambrosia/TheEssentialsAmbrosia.mp3
2026-02-05T22:39:20.321927Z DEBUG tokio-runtime-worker ThreadId(23) wkmp_ai::services::workflow_orchestrator: wkmp-ai\src\services\workflow_orchestrator\mod.rs:3094: Starting per-file pipeline file_index=65 file_id=0b8e6c77-122d-4d6b-a9ea-9e8cafe85115 file=America/History America’s Greatest Hits/05 - Don’t Cross the River.mp3
2026-02-05T22:39:20.322541Z  INFO tokio-runtime-worker ThreadId(23) wkmp_ai::services::workflow_orchestrator: wkmp-ai\src\services\workflow_orchestrator\mod.rs:1733: Starting PLAN024 10-phase per-file pipeline (late audio decode) file="C:\\Users\\Mango Cat\\Music\\America/History\u{f03a} America’s Greatest Hits/05 - Don’t Cross the River.mp3"
2026-02-05T22:39:20.322725Z DEBUG tokio-runtime-worker ThreadId(23) wkmp_ai::services::workflow_orchestrator: wkmp-ai\src\services\workflow_orchestrator\mod.rs:1742: Phase 1: Filename Matching - START file="C:\\Users\\Mango Cat\\Music\\America/History\u{f03a} America’s Greatest Hits/05 - Don’t Cross the River.mp3"
2026-02-05T22:39:20.322891Z DEBUG tokio-runtime-worker ThreadId(23) wkmp_ai::services::filename_matcher: wkmp-ai\src\services\filename_matcher.rs:54: Checking if file exists in database path=America/History America’s Greatest Hits/05 - Don’t Cross the River.mp3 norm_us=12
2026-02-05T22:39:20.323071Z DEBUG tokio-runtime-worker ThreadId(23) wkmp_ai::services::workflow_orchestrator: wkmp-ai\src\services\workflow_orchestrator\mod.rs:3094: Starting per-file pipeline file_index=66 file_id=e4909c02-f640-4af0-9dc1-899ac084e26a file=America/History America’s Greatest Hits/06 - Only in Your Heart.mp3
2026-02-05T22:39:20.323212Z  INFO tokio-runtime-worker ThreadId(23) wkmp_ai::services::workflow_orchestrator: wkmp-ai\src\services\workflow_orchestrator\mod.rs:1733: Starting PLAN024 10-phase per-file pipeline (late audio decode) file="C:\\Users\\Mango Cat\\Music\\America/History\u{f03a} America’s Greatest Hits/06 - Only in Your Heart.mp3"
2026-02-05T22:39:20.323382Z DEBUG tokio-runtime-worker ThreadId(23) wkmp_ai::services::workflow_orchestrator: wkmp-ai\src\services\workflow_orchestrator\mod.rs:1742: Phase 1: Filename Matching - START file="C:\\Users\\Mango Cat\\Music\\America/History\u{f03a} America’s Greatest Hits/06 - Only in Your Heart.mp3"
2026-02-05T22:39:20.323564Z DEBUG tokio-runtime-worker ThreadId(23) wkmp_ai::services::filename_matcher: wkmp-ai\src\services\filename_matcher.rs:54: Checking if file exists in database path=America/History America’s Greatest Hits/06 - Only in Your Heart.mp3 norm_us=6
2026-02-05T22:39:20.323778Z DEBUG tokio-runtime-worker ThreadId(23) wkmp_ai::services::workflow_orchestrator: wkmp-ai\src\services\workflow_orchestrator\mod.rs:3094: Starting per-file pipeline file_index=67 file_id=137f5e49-5d61-4f62-813a-0e87f6b89229 file=America/History America’s Greatest Hits/07 - Muskrat Love.mp3
2026-02-05T22:39:20.323987Z  INFO tokio-runtime-worker ThreadId(23) wkmp_ai::services::workflow_orchestrator: wkmp-ai\src\services\workflow_orchestrator\mod.rs:1733: Starting PLAN024 10-phase per-file pipeline (late audio decode) file="C:\\Users\\Mango Cat\\Music\\America/History\u{f03a} America’s Greatest Hits/07 - Muskrat Love.mp3"
2026-02-05T22:39:20.324412Z DEBUG tokio-runtime-worker ThreadId(23) wkmp_ai::services::workflow_orchestrator: wkmp-ai\src\services\workflow_orchestrator\mod.rs:1742: Phase 1: Filename Matching - START file="C:\\Users\\Mango Cat\\Music\\America/History\u{f03a} America’s Greatest Hits/07 - Muskrat Love.mp3"
2026-02-05T22:39:20.324795Z DEBUG tokio-runtime-worker ThreadId(23) wkmp_ai::services::filename_matcher: wkmp-ai\src\services\filename_matcher.rs:54: Checking if file exists in database path=America/History America’s Greatest Hits/07 - Muskrat Love.mp3 norm_us=6
2026-02-05T22:39:20.325052Z DEBUG tokio-runtime-worker ThreadId(23) wkmp_ai::services::workflow_orchestrator: wkmp-ai\src\services\workflow_orchestrator\mod.rs:3094: Starting per-file pipeline file_index=68 file_id=edf05a54-18cb-4788-a7fe-85bd45405beb file=America/History America’s Greatest Hits/08 - Tin Man.mp3
2026-02-05T22:39:20.325269Z  INFO tokio-runtime-worker ThreadId(23) wkmp_ai::services::workflow_orchestrator: wkmp-ai\src\services\workflow_orchestrator\mod.rs:1733: Starting PLAN024 10-phase per-file pipeline (late audio decode) file="C:\\Users\\Mango Cat\\Music\\America/History\u{f03a} America’s Greatest Hits/08 - Tin Man.mp3"
2026-02-05T22:39:20.325460Z DEBUG tokio-runtime-worker ThreadId(23) wkmp_ai::services::workflow_orchestrator: wkmp-ai\src\services\workflow_orchestrator\mod.rs:1742: Phase 1: Filename Matching - START file="C:\\Users\\Mango Cat\\Music\\America/History\u{f03a} America’s Greatest Hits/08 - Tin Man.mp3"
2026-02-05T22:39:20.325673Z DEBUG tokio-runtime-worker ThreadId(23) wkmp_ai::services::filename_matcher: wkmp-ai\src\services\filename_matcher.rs:54: Checking if file exists in database path=America/History America’s Greatest Hits/08 - Tin Man.mp3 norm_us=8
2026-02-05T22:39:20.325988Z DEBUG tokio-runtime-worker ThreadId(23) wkmp_ai::services::workflow_orchestrator: wkmp-ai\src\services\workflow_orchestrator\mod.rs:3094: Starting per-file pipeline file_index=69 file_id=25fd2df3-3cf6-443c-ba48-31f4c9ca076c file=America/History America’s Greatest Hits/09 - Lonely People.mp3
2026-02-05T22:39:20.326129Z  INFO tokio-runtime-worker ThreadId(23) wkmp_ai::services::workflow_orchestrator: wkmp-ai\src\services\workflow_orchestrator\mod.rs:1733: Starting PLAN024 10-phase per-file pipeline (late audio decode) file="C:\\Users\\Mango Cat\\Music\\America/History\u{f03a} America’s Greatest Hits/09 - Lonely People.mp3"
2026-02-05T22:39:20.326259Z DEBUG tokio-runtime-worker ThreadId(23) wkmp_ai::services::workflow_orchestrator: wkmp-ai\src\services\workflow_orchestrator\mod.rs:1742: Phase 1: Filename Matching - START file="C:\\Users\\Mango Cat\\Music\\America/History\u{f03a} America’s Greatest Hits/09 - Lonely People.mp3"
2026-02-05T22:39:20.326498Z DEBUG tokio-runtime-worker ThreadId(23) wkmp_ai::services::filename_matcher: wkmp-ai\src\services\filename_matcher.rs:54: Checking if file exists in database path=America/History America’s Greatest Hits/09 - Lonely People.mp3 norm_us=6
2026-02-05T22:39:20.327285Z DEBUG tokio-runtime-worker ThreadId(23) wkmp_ai::api::sse: wkmp-ai\src\api\sse.rs:71: SSE: Broadcasting import event: ImportProgressUpdate
2026-02-05T22:39:20.327992Z DEBUG tokio-runtime-worker ThreadId(23) wkmp_ai::api::sse: wkmp-ai\src\api\sse.rs:71: SSE: Broadcasting import event: ImportProgressUpdate
2026-02-05T22:39:20.328579Z DEBUG tokio-runtime-worker ThreadId(23) wkmp_ai::api::sse: wkmp-ai\src\api\sse.rs:71: SSE: Broadcasting import event: ImportProgressUpdate
2026-02-05T22:39:20.329188Z DEBUG tokio-runtime-worker ThreadId(23) wkmp_ai::api::sse: wkmp-ai\src\api\sse.rs:71: SSE: Broadcasting import event: ImportProgressUpdate
2026-02-05T22:39:20.329860Z DEBUG tokio-runtime-worker ThreadId(23) wkmp_ai::api::sse: wkmp-ai\src\api\sse.rs:71: SSE: Broadcasting import event: ImportProgressUpdate
2026-02-05T22:39:20.330754Z DEBUG tokio-runtime-worker ThreadId(23) wkmp_ai::api::sse: wkmp-ai\src\api\sse.rs:71: SSE: Broadcasting import event: ImportProgressUpdate
2026-02-05T22:39:20.331371Z DEBUG tokio-runtime-worker ThreadId(23) wkmp_ai::api::sse: wkmp-ai\src\api\sse.rs:71: SSE: Broadcasting import event: ImportProgressUpdate
2026-02-05T22:39:20.331997Z DEBUG tokio-runtime-worker ThreadId(23) wkmp_ai::api::sse: wkmp-ai\src\api\sse.rs:71: SSE: Broadcasting import event: ImportProgressUpdate
2026-02-05T22:39:20.332607Z DEBUG tokio-runtime-worker ThreadId(23) wkmp_ai::api::sse: wkmp-ai\src\api\sse.rs:71: SSE: Broadcasting import event: ImportProgressUpdate
2026-02-05T22:39:20.333259Z DEBUG tokio-runtime-worker ThreadId(23) wkmp_ai::api::sse: wkmp-ai\src\api\sse.rs:71: SSE: Broadcasting import event: ImportProgressUpdate
2026-02-05T22:39:20.333676Z DEBUG tokio-runtime-worker ThreadId(23) wkmp_ai::services::filename_matcher: wkmp-ai\src\services\filename_matcher.rs:65: Database query completed path=America/History America’s Greatest Hits/08 - Tin Man.mp3 query_us=7751
2026-02-05T22:39:20.333794Z DEBUG tokio-runtime-worker ThreadId(23) wkmp_ai::services::filename_matcher: wkmp-ai\src\services\filename_matcher.rs:88: File exists, reusing fileId path=America/History America’s Greatest Hits/08 - Tin Man.mp3 guid=edf05a54-18cb-4788-a7fe-85bd45405beb status=PENDING
2026-02-05T22:39:20.333899Z  INFO tokio-runtime-worker ThreadId(23) wkmp_ai::services::workflow_orchestrator: wkmp-ai\src\services\workflow_orchestrator\mod.rs:1756: Phase 1 completed phase="Filename Matching" duration_ms=8 path_us=2 db_ms=8 file_index=68
2026-02-05T22:39:20.334054Z DEBUG tokio-runtime-worker ThreadId(23) wkmp_ai::services::workflow_orchestrator: wkmp-ai\src\services\workflow_orchestrator\mod.rs:1778: Reusing existing file record (incomplete processing) file_id=edf05a54-18cb-4788-a7fe-85bd45405beb
2026-02-05T22:39:20.334191Z DEBUG tokio-runtime-worker ThreadId(23) wkmp_ai::services::workflow_orchestrator: wkmp-ai\src\services\workflow_orchestrator\mod.rs:1812: Phase 2: Hash Deduplication file="C:\\Users\\Mango Cat\\Music\\America/History\u{f03a} America’s Greatest Hits/08 - Tin Man.mp3" file_id=edf05a54-18cb-4788-a7fe-85bd45405beb
2026-02-05T22:39:20.334377Z DEBUG tokio-runtime-worker ThreadId(23) wkmp_ai::services::hash_deduplicator: wkmp-ai\src\services\hash_deduplicator.rs:52: Calculating SHA-256 hash path=C:\Users\Mango Cat\Music\America/History America’s Greatest Hits/08 - Tin Man.mp3
2026-02-05T22:39:20.334617Z DEBUG tokio-runtime-worker ThreadId(23) wkmp_ai::services::filename_matcher: wkmp-ai\src\services\filename_matcher.rs:65: Database query completed path=America/History America’s Greatest Hits/07 - Muskrat Love.mp3 query_us=9640
2026-02-05T22:39:20.334788Z DEBUG tokio-runtime-worker ThreadId(23) wkmp_ai::services::filename_matcher: wkmp-ai\src\services\filename_matcher.rs:81: File already processed (INGEST COMPLETE) path=America/History America’s Greatest Hits/07 - Muskrat Love.mp3 guid=137f5e49-5d61-4f62-813a-0e87f6b89229
2026-02-05T22:39:20.334973Z  INFO tokio-runtime-worker ThreadId(23) wkmp_ai::services::workflow_orchestrator: wkmp-ai\src\services\workflow_orchestrator\mod.rs:1756: Phase 1 completed phase="Filename Matching" duration_ms=10 path_us=1 db_ms=10 file_index=67
2026-02-05T22:39:20.335166Z  INFO tokio-runtime-worker ThreadId(23) wkmp_ai::services::workflow_orchestrator: wkmp-ai\src\services\workflow_orchestrator\mod.rs:1770: File already processed (INGEST COMPLETE/NO AUDIO/DUPLICATE HASH), skipping all remaining phases file="C:\\Users\\Mango Cat\\Music\\America/History\u{f03a} America’s Greatest Hits/07 - Muskrat Love.mp3" file_id=137f5e49-5d61-4f62-813a-0e87f6b89229
2026-02-05T22:39:20.335386Z DEBUG tokio-runtime-worker ThreadId(23) wkmp_ai::services::workflow_orchestrator: wkmp-ai\src\services\workflow_orchestrator\mod.rs:2912: File processing complete session_id=fc49b2a9-297a-4710-91ea-7a5f24790519 file_index=67 file=America/History America’s Greatest Hits/07 - Muskrat Love.mp3
2026-02-05T22:39:20.335573Z DEBUG tokio-runtime-worker ThreadId(23) wkmp_ai::services::workflow_orchestrator: wkmp-ai\src\services\workflow_orchestrator\mod.rs:1438: Acquiring all statistics Mutex locks for SSE conversion
2026-02-05T22:39:20.335731Z DEBUG tokio-runtime-worker ThreadId(23) wkmp_ai::services::workflow_orchestrator: wkmp-ai\src\services\workflow_orchestrator\mod.rs:1467: All statistics Mutex locks acquired and data cloned
2026-02-05T22:39:20.335941Z DEBUG tokio-runtime-worker ThreadId(23) wkmp_ai::services::workflow_orchestrator: wkmp-ai\src\services\workflow_orchestrator\mod.rs:1577: Releasing all statistics Mutex locks for SSE conversion
2026-02-05T22:39:20.336131Z DEBUG tokio-runtime-worker ThreadId(23) wkmp_ai::services::filename_matcher: wkmp-ai\src\services\filename_matcher.rs:65: Database query completed path=America/History America’s Greatest Hits/05 - Don’t Cross the River.mp3 query_us=13107
2026-02-05T22:39:20.336300Z DEBUG tokio-runtime-worker ThreadId(23) wkmp_ai::services::filename_matcher: wkmp-ai\src\services\filename_matcher.rs:81: File already processed (INGEST COMPLETE) path=America/History America’s Greatest Hits/05 - Don’t Cross the River.mp3 guid=0b8e6c77-122d-4d6b-a9ea-9e8cafe85115
2026-02-05T22:39:20.336493Z  INFO tokio-runtime-worker ThreadId(23) wkmp_ai::services::workflow_orchestrator: wkmp-ai\src\services\workflow_orchestrator\mod.rs:1756: Phase 1 completed phase="Filename Matching" duration_ms=13 path_us=1 db_ms=13 file_index=65
2026-02-05T22:39:20.336625Z  INFO tokio-runtime-worker ThreadId(23) wkmp_ai::services::workflow_orchestrator: wkmp-ai\src\services\workflow_orchestrator\mod.rs:1770: File already processed (INGEST COMPLETE/NO AUDIO/DUPLICATE HASH), skipping all remaining phases file="C:\\Users\\Mango Cat\\Music\\America/History\u{f03a} America’s Greatest Hits/05 - Don’t Cross the River.mp3" file_id=0b8e6c77-122d-4d6b-a9ea-9e8cafe85115
2026-02-05T22:39:20.336767Z DEBUG tokio-runtime-worker ThreadId(23) wkmp_ai::services::workflow_orchestrator: wkmp-ai\src\services\workflow_orchestrator\mod.rs:2912: File processing complete session_id=fc49b2a9-297a-4710-91ea-7a5f24790519 file_index=65 file=America/History America’s Greatest Hits/05 - Don’t Cross the River.mp3
2026-02-05T22:39:20.345094Z DEBUG tokio-runtime-worker ThreadId(23) wkmp_ai::services::workflow_orchestrator: wkmp-ai\src\services\workflow_orchestrator\mod.rs:1438: Acquiring all statistics Mutex locks for SSE conversion
2026-02-05T22:39:20.345293Z DEBUG tokio-runtime-worker ThreadId(23) wkmp_ai::services::workflow_orchestrator: wkmp-ai\src\services\workflow_orchestrator\mod.rs:1467: All statistics Mutex locks acquired and data cloned
2026-02-05T22:39:20.345675Z DEBUG tokio-runtime-worker ThreadId(23) wkmp_ai::services::workflow_orchestrator: wkmp-ai\src\services\workflow_orchestrator\mod.rs:1577: Releasing all statistics Mutex locks for SSE conversion
2026-02-05T22:39:20.346014Z DEBUG tokio-runtime-worker ThreadId(23) wkmp_ai::services::filename_matcher: wkmp-ai\src\services\filename_matcher.rs:65: Database query completed path=America/History America’s Greatest Hits/09 - Lonely People.mp3 query_us=19404
2026-02-05T22:39:20.346303Z DEBUG tokio-runtime-worker ThreadId(23) wkmp_ai::services::filename_matcher: wkmp-ai\src\services\filename_matcher.rs:88: File exists, reusing fileId path=America/History America’s Greatest Hits/09 - Lonely People.mp3 guid=25fd2df3-3cf6-443c-ba48-31f4c9ca076c status=PENDING
2026-02-05T22:39:20.346722Z  INFO tokio-runtime-worker ThreadId(23) wkmp_ai::services::workflow_orchestrator: wkmp-ai\src\services\workflow_orchestrator\mod.rs:1756: Phase 1 completed phase="Filename Matching" duration_ms=20 path_us=1 db_ms=20 file_index=69
2026-02-05T22:39:20.347044Z DEBUG tokio-runtime-worker ThreadId(23) wkmp_ai::services::workflow_orchestrator: wkmp-ai\src\services\workflow_orchestrator\mod.rs:1778: Reusing existing file record (incomplete processing) file_id=25fd2df3-3cf6-443c-ba48-31f4c9ca076c
2026-02-05T22:39:20.347218Z DEBUG tokio-runtime-worker ThreadId(23) wkmp_ai::services::workflow_orchestrator: wkmp-ai\src\services\workflow_orchestrator\mod.rs:1812: Phase 2: Hash Deduplication file="C:\\Users\\Mango Cat\\Music\\America/History\u{f03a} America’s Greatest Hits/09 - Lonely People.mp3" file_id=25fd2df3-3cf6-443c-ba48-31f4c9ca076c
2026-02-05T22:39:20.347378Z DEBUG tokio-runtime-worker ThreadId(23) wkmp_ai::services::hash_deduplicator: wkmp-ai\src\services\hash_deduplicator.rs:52: Calculating SHA-256 hash path=C:\Users\Mango Cat\Music\America/History America’s Greatest Hits/09 - Lonely People.mp3
2026-02-05T22:39:20.347577Z DEBUG tokio-runtime-worker ThreadId(23) wkmp_ai::services::filename_matcher: wkmp-ai\src\services\filename_matcher.rs:65: Database query completed path=America/History America’s Greatest Hits/06 - Only in Your Heart.mp3 query_us=23865
2026-02-05T22:39:20.347747Z DEBUG tokio-runtime-worker ThreadId(23) wkmp_ai::services::filename_matcher: wkmp-ai\src\services\filename_matcher.rs:81: File already processed (INGEST COMPLETE) path=America/History America’s Greatest Hits/06 - Only in Your Heart.mp3 guid=e4909c02-f640-4af0-9dc1-899ac084e26a
2026-02-05T22:39:20.347883Z  INFO tokio-runtime-worker ThreadId(23) wkmp_ai::services::workflow_orchestrator: wkmp-ai\src\services\workflow_orchestrator\mod.rs:1756: Phase 1 completed phase="Filename Matching" duration_ms=24 path_us=1 db_ms=24 file_index=66
2026-02-05T22:39:20.348039Z  INFO tokio-runtime-worker ThreadId(23) wkmp_ai::services::workflow_orchestrator: wkmp-ai\src\services\workflow_orchestrator\mod.rs:1770: File already processed (INGEST COMPLETE/NO AUDIO/DUPLICATE HASH), skipping all remaining phases file="C:\\Users\\Mango Cat\\Music\\America/History\u{f03a} America’s Greatest Hits/06 - Only in Your Heart.mp3" file_id=e4909c02-f640-4af0-9dc1-899ac084e26a
2026-02-05T22:39:20.348209Z DEBUG tokio-runtime-worker ThreadId(23) wkmp_ai::services::workflow_orchestrator: wkmp-ai\src\services\workflow_orchestrator\mod.rs:2912: File processing complete session_id=fc49b2a9-297a-4710-91ea-7a5f24790519 file_index=66 file=America/History America’s Greatest Hits/06 - Only in Your Heart.mp3
2026-02-05T22:39:20.348366Z DEBUG tokio-runtime-worker ThreadId(23) wkmp_ai::services::workflow_orchestrator: wkmp-ai\src\services\workflow_orchestrator\mod.rs:1438: Acquiring all statistics Mutex locks for SSE conversion
2026-02-05T22:39:20.348485Z DEBUG tokio-runtime-worker ThreadId(23) wkmp_ai::services::workflow_orchestrator: wkmp-ai\src\services\workflow_orchestrator\mod.rs:1467: All statistics Mutex locks acquired and data cloned
2026-02-05T22:39:20.348644Z DEBUG tokio-runtime-worker ThreadId(23) wkmp_ai::services::workflow_orchestrator: wkmp-ai\src\services\workflow_orchestrator\mod.rs:1577: Releasing all statistics Mutex locks for SSE conversion
2026-02-05T22:39:20.348796Z DEBUG tokio-runtime-worker ThreadId(23) wkmp_ai::services::workflow_orchestrator: wkmp-ai\src\services\workflow_orchestrator\mod.rs:3094: Starting per-file pipeline file_index=70 file_id=ae489282-d5da-445f-9465-b9b2c7eb592f file=America/History America’s Greatest Hits/10 - Sister Golden Hair.mp3
2026-02-05T22:39:20.348955Z  INFO tokio-runtime-worker ThreadId(23) wkmp_ai::services::workflow_orchestrator: wkmp-ai\src\services\workflow_orchestrator\mod.rs:1733: Starting PLAN024 10-phase per-file pipeline (late audio decode) file="C:\\Users\\Mango Cat\\Music\\America/History\u{f03a} America’s Greatest Hits/10 - Sister Golden Hair.mp3"
2026-02-05T22:39:20.349094Z DEBUG tokio-runtime-worker ThreadId(23) wkmp_ai::services::workflow_orchestrator: wkmp-ai\src\services\workflow_orchestrator\mod.rs:1742: Phase 1: Filename Matching - START file="C:\\Users\\Mango Cat\\Music\\America/History\u{f03a} America’s Greatest Hits/10 - Sister Golden Hair.mp3"
2026-02-05T22:39:20.349232Z DEBUG tokio-runtime-worker ThreadId(23) wkmp_ai::services::filename_matcher: wkmp-ai\src\services\filename_matcher.rs:54: Checking if file exists in database path=America/History America’s Greatest Hits/10 - Sister Golden Hair.mp3 norm_us=10
2026-02-05T22:39:20.349415Z DEBUG tokio-runtime-worker ThreadId(23) wkmp_ai::services::workflow_orchestrator: wkmp-ai\src\services\workflow_orchestrator\mod.rs:3094: Starting per-file pipeline file_index=71 file_id=4520d2da-cef5-4a90-8968-81c336705072 file=America/History America’s Greatest Hits/11 - Daisy Jane.mp3
2026-02-05T22:39:20.349687Z  INFO tokio-runtime-worker ThreadId(23) wkmp_ai::services::workflow_orchestrator: wkmp-ai\src\services\workflow_orchestrator\mod.rs:1733: Starting PLAN024 10-phase per-file pipeline (late audio decode) file="C:\\Users\\Mango Cat\\Music\\America/History\u{f03a} America’s Greatest Hits/11 - Daisy Jane.mp3"
2026-02-05T22:39:20.349827Z DEBUG tokio-runtime-worker ThreadId(23) wkmp_ai::services::workflow_orchestrator: wkmp-ai\src\services\workflow_orchestrator\mod.rs:1742: Phase 1: Filename Matching - START file="C:\\Users\\Mango Cat\\Music\\America/History\u{f03a} America’s Greatest Hits/11 - Daisy Jane.mp3"
2026-02-05T22:39:20.349957Z DEBUG tokio-runtime-worker ThreadId(23) wkmp_ai::services::filename_matcher: wkmp-ai\src\services\filename_matcher.rs:54: Checking if file exists in database path=America/History America’s Greatest Hits/11 - Daisy Jane.mp3 norm_us=4
2026-02-05T22:39:20.350103Z DEBUG tokio-runtime-worker ThreadId(23) wkmp_ai::services::workflow_orchestrator: wkmp-ai\src\services\workflow_orchestrator\mod.rs:3094: Starting per-file pipeline file_index=72 file_id=6bd963c9-5049-4d1a-84ef-5b625d49aaf0 file=America/History America’s Greatest Hits/12 - Woman Tonight.mp3
2026-02-05T22:39:20.350363Z  INFO tokio-runtime-worker ThreadId(23) wkmp_ai::services::workflow_orchestrator: wkmp-ai\src\services\workflow_orchestrator\mod.rs:1733: Starting PLAN024 10-phase per-file pipeline (late audio decode) file="C:\\Users\\Mango Cat\\Music\\America/History\u{f03a} America’s Greatest Hits/12 - Woman Tonight.mp3"
2026-02-05T22:39:20.350497Z DEBUG tokio-runtime-worker ThreadId(23) wkmp_ai::services::workflow_orchestrator: wkmp-ai\src\services\workflow_orchestrator\mod.rs:1742: Phase 1: Filename Matching - START file="C:\\Users\\Mango Cat\\Music\\America/History\u{f03a} America’s Greatest Hits/12 - Woman Tonight.mp3"
2026-02-05T22:39:20.350624Z DEBUG tokio-runtime-worker ThreadId(23) wkmp_ai::services::filename_matcher: wkmp-ai\src\services\filename_matcher.rs:54: Checking if file exists in database path=America/History America’s Greatest Hits/12 - Woman Tonight.mp3 norm_us=2
2026-02-05T22:39:20.351616Z DEBUG tokio-runtime-worker ThreadId(23) wkmp_ai::api::sse: wkmp-ai\src\api\sse.rs:71: SSE: Broadcasting import event: ImportProgressUpdate
2026-02-05T22:39:20.352679Z DEBUG tokio-runtime-worker ThreadId(23) wkmp_ai::api::sse: wkmp-ai\src\api\sse.rs:71: SSE: Broadcasting import event: ImportProgressUpdate
2026-02-05T22:39:20.353523Z DEBUG tokio-runtime-worker ThreadId(23) wkmp_ai::api::sse: wkmp-ai\src\api\sse.rs:71: SSE: Broadcasting import event: ImportProgressUpdate
2026-02-05T22:39:20.355119Z DEBUG tokio-runtime-worker ThreadId(23) wkmp_ai::api::sse: wkmp-ai\src\api\sse.rs:71: SSE: Broadcasting import event: ImportProgressUpdate
2026-02-05T22:39:20.356631Z DEBUG tokio-runtime-worker ThreadId(23) wkmp_ai::api::sse: wkmp-ai\src\api\sse.rs:71: SSE: Broadcasting import event: ImportProgressUpdate
2026-02-05T22:39:20.358163Z DEBUG tokio-runtime-worker ThreadId(23) wkmp_ai::api::sse: wkmp-ai\src\api\sse.rs:71: SSE: Broadcasting import event: ImportProgressUpdate
2026-02-05T22:39:20.359024Z DEBUG tokio-runtime-worker ThreadId(23) wkmp_ai::services::filename_matcher: wkmp-ai\src\services\filename_matcher.rs:65: Database query completed path=America/History America’s Greatest Hits/10 - Sister Golden Hair.mp3 query_us=9658
2026-02-05T22:39:20.359305Z DEBUG tokio-runtime-worker ThreadId(23) wkmp_ai::services::filename_matcher: wkmp-ai\src\services\filename_matcher.rs:81: File already processed (INGEST COMPLETE) path=America/History America’s Greatest Hits/10 - Sister Golden Hair.mp3 guid=ae489282-d5da-445f-9465-b9b2c7eb592f
2026-02-05T22:39:20.359485Z  INFO tokio-runtime-worker ThreadId(23) wkmp_ai::services::workflow_orchestrator: wkmp-ai\src\services\workflow_orchestrator\mod.rs:1756: Phase 1 completed phase="Filename Matching" duration_ms=10 path_us=0 db_ms=10 file_index=70
2026-02-05T22:39:20.359661Z  INFO tokio-runtime-worker ThreadId(23) wkmp_ai::services::workflow_orchestrator: wkmp-ai\src\services\workflow_orchestrator\mod.rs:1770: File already processed (INGEST COMPLETE/NO AUDIO/DUPLICATE HASH), skipping all remaining phases file="C:\\Users\\Mango Cat\\Music\\America/History\u{f03a} America’s Greatest Hits/10 - Sister Golden Hair.mp3" file_id=ae489282-d5da-445f-9465-b9b2c7eb592f
2026-02-05T22:39:20.359854Z DEBUG tokio-runtime-worker ThreadId(23) wkmp_ai::services::workflow_orchestrator: wkmp-ai\src\services\workflow_orchestrator\mod.rs:2912: File processing complete session_id=fc49b2a9-297a-4710-91ea-7a5f24790519 file_index=70 file=America/History America’s Greatest Hits/10 - Sister Golden Hair.mp3
2026-02-05T22:39:20.360022Z DEBUG tokio-runtime-worker ThreadId(23) wkmp_ai::services::workflow_orchestrator: wkmp-ai\src\services\workflow_orchestrator\mod.rs:1438: Acquiring all statistics Mutex locks for SSE conversion
2026-02-05T22:39:20.360178Z DEBUG tokio-runtime-worker ThreadId(23) wkmp_ai::services::workflow_orchestrator: wkmp-ai\src\services\workflow_orchestrator\mod.rs:1467: All statistics Mutex locks acquired and data cloned
2026-02-05T22:39:20.360423Z DEBUG tokio-runtime-worker ThreadId(23) wkmp_ai::services::workflow_orchestrator: wkmp-ai\src\services\workflow_orchestrator\mod.rs:1577: Releasing all statistics Mutex locks for SSE conversion
2026-02-05T22:39:20.360594Z DEBUG tokio-runtime-worker ThreadId(23) wkmp_ai::services::filename_matcher: wkmp-ai\src\services\filename_matcher.rs:65: Database query completed path=America/History America’s Greatest Hits/11 - Daisy Jane.mp3 query_us=10508
2026-02-05T22:39:20.360711Z DEBUG tokio-runtime-worker ThreadId(23) wkmp_ai::services::filename_matcher: wkmp-ai\src\services\filename_matcher.rs:81: File already processed (INGEST COMPLETE) path=America/History America’s Greatest Hits/11 - Daisy Jane.mp3 guid=4520d2da-cef5-4a90-8968-81c336705072
2026-02-05T22:39:20.360822Z  INFO tokio-runtime-worker ThreadId(23) wkmp_ai::services::workflow_orchestrator: wkmp-ai\src\services\workflow_orchestrator\mod.rs:1756: Phase 1 completed phase="Filename Matching" duration_ms=10 path_us=0 db_ms=10 file_index=71
2026-02-05T22:39:20.360940Z  INFO tokio-runtime-worker ThreadId(23) wkmp_ai::services::workflow_orchestrator: wkmp-ai\src\services\workflow_orchestrator\mod.rs:1770: File already processed (INGEST COMPLETE/NO AUDIO/DUPLICATE HASH), skipping all remaining phases file="C:\\Users\\Mango Cat\\Music\\America/History\u{f03a} America’s Greatest Hits/11 - Daisy Jane.mp3" file_id=4520d2da-cef5-4a90-8968-81c336705072
2026-02-05T22:39:20.361071Z DEBUG tokio-runtime-worker ThreadId(23) wkmp_ai::services::workflow_orchestrator: wkmp-ai\src\services\workflow_orchestrator\mod.rs:2912: File processing complete session_id=fc49b2a9-297a-4710-91ea-7a5f24790519 file_index=71 file=America/History America’s Greatest Hits/11 - Daisy Jane.mp3
2026-02-05T22:39:20.361190Z DEBUG tokio-runtime-worker ThreadId(23) wkmp_ai::services::workflow_orchestrator: wkmp-ai\src\services\workflow_orchestrator\mod.rs:1438: Acquiring all statistics Mutex locks for SSE conversion
2026-02-05T22:39:20.361286Z DEBUG tokio-runtime-worker ThreadId(23) wkmp_ai::services::workflow_orchestrator: wkmp-ai\src\services\workflow_orchestrator\mod.rs:1467: All statistics Mutex locks acquired and data cloned
2026-02-05T22:39:20.361435Z DEBUG tokio-runtime-worker ThreadId(23) wkmp_ai::services::workflow_orchestrator: wkmp-ai\src\services\workflow_orchestrator\mod.rs:1577: Releasing all statistics Mutex locks for SSE conversion
2026-02-05T22:39:20.361584Z DEBUG tokio-runtime-worker ThreadId(23) wkmp_ai::services::filename_matcher: wkmp-ai\src\services\filename_matcher.rs:65: Database query completed path=America/History America’s Greatest Hits/12 - Woman Tonight.mp3 query_us=10832
2026-02-05T22:39:20.361697Z DEBUG tokio-runtime-worker ThreadId(23) wkmp_ai::services::filename_matcher: wkmp-ai\src\services\filename_matcher.rs:81: File already processed (INGEST COMPLETE) path=America/History America’s Greatest Hits/12 - Woman Tonight.mp3 guid=6bd963c9-5049-4d1a-84ef-5b625d49aaf0
2026-02-05T22:39:20.361806Z  INFO tokio-runtime-worker ThreadId(23) wkmp_ai::services::workflow_orchestrator: wkmp-ai\src\services\workflow_orchestrator\mod.rs:1756: Phase 1 completed phase="Filename Matching" duration_ms=11 path_us=0 db_ms=11 file_index=72
2026-02-05T22:39:20.361924Z  INFO tokio-runtime-worker ThreadId(23) wkmp_ai::services::workflow_orchestrator: wkmp-ai\src\services\workflow_orchestrator\mod.rs:1770: File already processed (INGEST COMPLETE/NO AUDIO/DUPLICATE HASH), skipping all remaining phases file="C:\\Users\\Mango Cat\\Music\\America/History\u{f03a} America’s Greatest Hits/12 - Woman Tonight.mp3" file_id=6bd963c9-5049-4d1a-84ef-5b625d49aaf0
2026-02-05T22:39:20.362051Z DEBUG tokio-runtime-worker ThreadId(23) wkmp_ai::services::workflow_orchestrator: wkmp-ai\src\services\workflow_orchestrator\mod.rs:2912: File processing complete session_id=fc49b2a9-297a-4710-91ea-7a5f24790519 file_index=72 file=America/History America’s Greatest Hits/12 - Woman Tonight.mp3
2026-02-05T22:39:20.362169Z DEBUG tokio-runtime-worker ThreadId(23) wkmp_ai::services::workflow_orchestrator: wkmp-ai\src\services\workflow_orchestrator\mod.rs:1438: Acquiring all statistics Mutex locks for SSE conversion
2026-02-05T22:39:20.362264Z DEBUG tokio-runtime-worker ThreadId(23) wkmp_ai::services::workflow_orchestrator: wkmp-ai\src\services\workflow_orchestrator\mod.rs:1467: All statistics Mutex locks acquired and data cloned
2026-02-05T22:39:20.362415Z DEBUG tokio-runtime-worker ThreadId(23) wkmp_ai::services::workflow_orchestrator: wkmp-ai\src\services\workflow_orchestrator\mod.rs:1577: Releasing all statistics Mutex locks for SSE conversion
2026-02-05T22:39:20.362530Z DEBUG tokio-runtime-worker ThreadId(23) wkmp_ai::services::workflow_orchestrator: wkmp-ai\src\services\workflow_orchestrator\mod.rs:3094: Starting per-file pipeline file_index=73 file_id=5b5c2a77-239b-4522-9d40-935be44993b4 file=Amos, Tori/From_The_Choirgirl_Hotel/01-Spark.mp3
2026-02-05T22:39:20.362653Z  INFO tokio-runtime-worker ThreadId(23) wkmp_ai::services::workflow_orchestrator: wkmp-ai\src\services\workflow_orchestrator\mod.rs:1733: Starting PLAN024 10-phase per-file pipeline (late audio decode) file="C:\\Users\\Mango Cat\\Music\\Amos, Tori/From_The_Choirgirl_Hotel/01-Spark.mp3"
2026-02-05T22:39:20.362780Z DEBUG tokio-runtime-worker ThreadId(23) wkmp_ai::services::workflow_orchestrator: wkmp-ai\src\services\workflow_orchestrator\mod.rs:1742: Phase 1: Filename Matching - START file="C:\\Users\\Mango Cat\\Music\\Amos, Tori/From_The_Choirgirl_Hotel/01-Spark.mp3"
2026-02-05T22:39:20.362898Z DEBUG tokio-runtime-worker ThreadId(23) wkmp_ai::services::filename_matcher: wkmp-ai\src\services\filename_matcher.rs:54: Checking if file exists in database path=Amos, Tori/From_The_Choirgirl_Hotel/01-Spark.mp3 norm_us=10
2026-02-05T22:39:20.363064Z DEBUG tokio-runtime-worker ThreadId(23) wkmp_ai::services::workflow_orchestrator: wkmp-ai\src\services\workflow_orchestrator\mod.rs:3094: Starting per-file pipeline file_index=74 file_id=c81e24a0-add6-4629-a083-107f4d58eb74 file=Amos, Tori/From_The_Choirgirl_Hotel/02-Cruel.mp3
2026-02-05T22:39:20.363186Z  INFO tokio-runtime-worker ThreadId(23) wkmp_ai::services::workflow_orchestrator: wkmp-ai\src\services\workflow_orchestrator\mod.rs:1733: Starting PLAN024 10-phase per-file pipeline (late audio decode) file="C:\\Users\\Mango Cat\\Music\\Amos, Tori/From_The_Choirgirl_Hotel/02-Cruel.mp3"
2026-02-05T22:39:20.363306Z DEBUG tokio-runtime-worker ThreadId(23) wkmp_ai::services::workflow_orchestrator: wkmp-ai\src\services\workflow_orchestrator\mod.rs:1742: Phase 1: Filename Matching - START file="C:\\Users\\Mango Cat\\Music\\Amos, Tori/From_The_Choirgirl_Hotel/02-Cruel.mp3"
2026-02-05T22:39:20.363417Z DEBUG tokio-runtime-worker ThreadId(23) wkmp_ai::services::filename_matcher: wkmp-ai\src\services\filename_matcher.rs:54: Checking if file exists in database path=Amos, Tori/From_The_Choirgirl_Hotel/02-Cruel.mp3 norm_us=6
2026-02-05T22:39:20.363562Z DEBUG tokio-runtime-worker ThreadId(23) wkmp_ai::services::workflow_orchestrator: wkmp-ai\src\services\workflow_orchestrator\mod.rs:3094: Starting per-file pipeline file_index=75 file_id=b88fa0fd-55c0-4293-b26b-746c91fd7165 file=Amos, Tori/From_The_Choirgirl_Hotel/03-Black-Dove_(January).mp3
2026-02-05T22:39:20.363683Z  INFO tokio-runtime-worker ThreadId(23) wkmp_ai::services::workflow_orchestrator: wkmp-ai\src\services\workflow_orchestrator\mod.rs:1733: Starting PLAN024 10-phase per-file pipeline (late audio decode) file="C:\\Users\\Mango Cat\\Music\\Amos, Tori/From_The_Choirgirl_Hotel/03-Black-Dove_(January).mp3"
2026-02-05T22:39:20.363804Z DEBUG tokio-runtime-worker ThreadId(23) wkmp_ai::services::workflow_orchestrator: wkmp-ai\src\services\workflow_orchestrator\mod.rs:1742: Phase 1: Filename Matching - START file="C:\\Users\\Mango Cat\\Music\\Amos, Tori/From_The_Choirgirl_Hotel/03-Black-Dove_(January).mp3"
2026-02-05T22:39:20.363917Z DEBUG tokio-runtime-worker ThreadId(23) wkmp_ai::services::filename_matcher: wkmp-ai\src\services\filename_matcher.rs:54: Checking if file exists in database path=Amos, Tori/From_The_Choirgirl_Hotel/03-Black-Dove_(January).mp3 norm_us=5
2026-02-05T22:39:20.365190Z DEBUG tokio-runtime-worker ThreadId(23) wkmp_ai::api::sse: wkmp-ai\src\api\sse.rs:71: SSE: Broadcasting import event: ImportProgressUpdate
2026-02-05T22:39:20.366370Z DEBUG tokio-runtime-worker ThreadId(23) wkmp_ai::api::sse: wkmp-ai\src\api\sse.rs:71: SSE: Broadcasting import event: ImportProgressUpdate
2026-02-05T22:39:20.367510Z DEBUG tokio-runtime-worker ThreadId(23) wkmp_ai::api::sse: wkmp-ai\src\api\sse.rs:71: SSE: Broadcasting import event: ImportProgressUpdate
2026-02-05T22:39:20.368836Z DEBUG tokio-runtime-worker ThreadId(23) wkmp_ai::api::sse: wkmp-ai\src\api\sse.rs:71: SSE: Broadcasting import event: ImportProgressUpdate
2026-02-05T22:39:20.370017Z DEBUG tokio-runtime-worker ThreadId(23) wkmp_ai::api::sse: wkmp-ai\src\api\sse.rs:71: SSE: Broadcasting import event: ImportProgressUpdate
2026-02-05T22:39:20.371241Z DEBUG tokio-runtime-worker ThreadId(23) wkmp_ai::api::sse: wkmp-ai\src\api\sse.rs:71: SSE: Broadcasting import event: ImportProgressUpdate
2026-02-05T22:39:20.371641Z DEBUG tokio-runtime-worker ThreadId(23) wkmp_ai::services::filename_matcher: wkmp-ai\src\services\filename_matcher.rs:65: Database query completed path=Amos, Tori/From_The_Choirgirl_Hotel/02-Cruel.mp3 query_us=8115
2026-02-05T22:39:20.371775Z DEBUG tokio-runtime-worker ThreadId(23) wkmp_ai::services::filename_matcher: wkmp-ai\src\services\filename_matcher.rs:81: File already processed (INGEST COMPLETE) path=Amos, Tori/From_The_Choirgirl_Hotel/02-Cruel.mp3 guid=c81e24a0-add6-4629-a083-107f4d58eb74
2026-02-05T22:39:20.371894Z  INFO tokio-runtime-worker ThreadId(23) wkmp_ai::services::workflow_orchestrator: wkmp-ai\src\services\workflow_orchestrator\mod.rs:1756: Phase 1 completed phase="Filename Matching" duration_ms=8 path_us=1 db_ms=8 file_index=74
2026-02-05T22:39:20.372014Z  INFO tokio-runtime-worker ThreadId(23) wkmp_ai::services::workflow_orchestrator: wkmp-ai\src\services\workflow_orchestrator\mod.rs:1770: File already processed (INGEST COMPLETE/NO AUDIO/DUPLICATE HASH), skipping all remaining phases file="C:\\Users\\Mango Cat\\Music\\Amos, Tori/From_The_Choirgirl_Hotel/02-Cruel.mp3" file_id=c81e24a0-add6-4629-a083-107f4d58eb74
2026-02-05T22:39:20.372262Z DEBUG tokio-runtime-worker ThreadId(23) wkmp_ai::services::workflow_orchestrator: wkmp-ai\src\services\workflow_orchestrator\mod.rs:2912: File processing complete session_id=fc49b2a9-297a-4710-91ea-7a5f24790519 file_index=74 file=Amos, Tori/From_The_Choirgirl_Hotel/02-Cruel.mp3
2026-02-05T22:39:20.372521Z DEBUG tokio-runtime-worker ThreadId(23) wkmp_ai::services::workflow_orchestrator: wkmp-ai\src\services\workflow_orchestrator\mod.rs:1438: Acquiring all statistics Mutex locks for SSE conversion
2026-02-05T22:39:20.372738Z DEBUG tokio-runtime-worker ThreadId(23) wkmp_ai::services::workflow_orchestrator: wkmp-ai\src\services\workflow_orchestrator\mod.rs:1467: All statistics Mutex locks acquired and data cloned
2026-02-05T22:39:20.373014Z DEBUG tokio-runtime-worker ThreadId(23) wkmp_ai::services::workflow_orchestrator: wkmp-ai\src\services\workflow_orchestrator\mod.rs:1577: Releasing all statistics Mutex locks for SSE conversion
2026-02-05T22:39:20.373287Z DEBUG tokio-runtime-worker ThreadId(23) wkmp_ai::services::filename_matcher: wkmp-ai\src\services\filename_matcher.rs:65: Database query completed path=Amos, Tori/From_The_Choirgirl_Hotel/01-Spark.mp3 query_us=10281
2026-02-05T22:39:20.373524Z DEBUG tokio-runtime-worker ThreadId(23) wkmp_ai::services::filename_matcher: wkmp-ai\src\services\filename_matcher.rs:81: File already processed (INGEST COMPLETE) path=Amos, Tori/From_The_Choirgirl_Hotel/01-Spark.mp3 guid=5b5c2a77-239b-4522-9d40-935be44993b4
2026-02-05T22:39:20.373828Z  INFO tokio-runtime-worker ThreadId(23) wkmp_ai::services::workflow_orchestrator: wkmp-ai\src\services\workflow_orchestrator\mod.rs:1756: Phase 1 completed phase="Filename Matching" duration_ms=11 path_us=2 db_ms=10 file_index=73
2026-02-05T22:39:20.374142Z  INFO tokio-runtime-worker ThreadId(23) wkmp_ai::services::workflow_orchestrator: wkmp-ai\src\services\workflow_orchestrator\mod.rs:1770: File already processed (INGEST COMPLETE/NO AUDIO/DUPLICATE HASH), skipping all remaining phases file="C:\\Users\\Mango Cat\\Music\\Amos, Tori/From_The_Choirgirl_Hotel/01-Spark.mp3" file_id=5b5c2a77-239b-4522-9d40-935be44993b4
2026-02-05T22:39:20.374608Z DEBUG tokio-runtime-worker ThreadId(23) wkmp_ai::services::workflow_orchestrator: wkmp-ai\src\services\workflow_orchestrator\mod.rs:2912: File processing complete session_id=fc49b2a9-297a-4710-91ea-7a5f24790519 file_index=73 file=Amos, Tori/From_The_Choirgirl_Hotel/01-Spark.mp3
2026-02-05T22:39:20.374812Z DEBUG tokio-runtime-worker ThreadId(23) wkmp_ai::services::workflow_orchestrator: wkmp-ai\src\services\workflow_orchestrator\mod.rs:1438: Acquiring all statistics Mutex locks for SSE conversion
2026-02-05T22:39:20.375245Z DEBUG tokio-runtime-worker ThreadId(23) wkmp_ai::services::workflow_orchestrator: wkmp-ai\src\services\workflow_orchestrator\mod.rs:1467: All statistics Mutex locks acquired and data cloned
2026-02-05T22:39:20.375612Z DEBUG tokio-runtime-worker ThreadId(23) wkmp_ai::services::workflow_orchestrator: wkmp-ai\src\services\workflow_orchestrator\mod.rs:1577: Releasing all statistics Mutex locks for SSE conversion
2026-02-05T22:39:20.376080Z DEBUG tokio-runtime-worker ThreadId(23) wkmp_ai::services::filename_matcher: wkmp-ai\src\services\filename_matcher.rs:65: Database query completed path=Amos, Tori/From_The_Choirgirl_Hotel/03-Black-Dove_(January).mp3 query_us=12054
2026-02-05T22:39:20.376296Z DEBUG tokio-runtime-worker ThreadId(23) wkmp_ai::services::filename_matcher: wkmp-ai\src\services\filename_matcher.rs:81: File already processed (INGEST COMPLETE) path=Amos, Tori/From_The_Choirgirl_Hotel/03-Black-Dove_(January).mp3 guid=b88fa0fd-55c0-4293-b26b-746c91fd7165
2026-02-05T22:39:20.376453Z  INFO tokio-runtime-worker ThreadId(23) wkmp_ai::services::workflow_orchestrator: wkmp-ai\src\services\workflow_orchestrator\mod.rs:1756: Phase 1 completed phase="Filename Matching" duration_ms=12 path_us=1 db_ms=12 file_index=75
2026-02-05T22:39:20.376611Z  INFO tokio-runtime-worker ThreadId(23) wkmp_ai::services::workflow_orchestrator: wkmp-ai\src\services\workflow_orchestrator\mod.rs:1770: File already processed (INGEST COMPLETE/NO AUDIO/DUPLICATE HASH), skipping all remaining phases file="C:\\Users\\Mango Cat\\Music\\Amos, Tori/From_The_Choirgirl_Hotel/03-Black-Dove_(January).mp3" file_id=b88fa0fd-55c0-4293-b26b-746c91fd7165
2026-02-05T22:39:20.376797Z DEBUG tokio-runtime-worker ThreadId(23) wkmp_ai::services::workflow_orchestrator: wkmp-ai\src\services\workflow_orchestrator\mod.rs:2912: File processing complete session_id=fc49b2a9-297a-4710-91ea-7a5f24790519 file_index=75 file=Amos, Tori/From_The_Choirgirl_Hotel/03-Black-Dove_(January).mp3
2026-02-05T22:39:20.376999Z DEBUG tokio-runtime-worker ThreadId(23) wkmp_ai::services::workflow_orchestrator: wkmp-ai\src\services\workflow_orchestrator\mod.rs:1438: Acquiring all statistics Mutex locks for SSE conversion
2026-02-05T22:39:20.377156Z DEBUG tokio-runtime-worker ThreadId(23) wkmp_ai::services::workflow_orchestrator: wkmp-ai\src\services\workflow_orchestrator\mod.rs:1467: All statistics Mutex locks acquired and data cloned
2026-02-05T22:39:20.377375Z DEBUG tokio-runtime-worker ThreadId(23) wkmp_ai::services::workflow_orchestrator: wkmp-ai\src\services\workflow_orchestrator\mod.rs:1577: Releasing all statistics Mutex locks for SSE conversion
2026-02-05T22:39:20.377558Z DEBUG tokio-runtime-worker ThreadId(23) wkmp_ai::services::workflow_orchestrator: wkmp-ai\src\services\workflow_orchestrator\mod.rs:3094: Starting per-file pipeline file_index=76 file_id=e58a8f01-a44f-4af2-8c43-603bcde91088 file=Amos, Tori/From_The_Choirgirl_Hotel/04-Raspberry_Swirl.mp3
2026-02-05T22:39:20.377730Z  INFO tokio-runtime-worker ThreadId(23) wkmp_ai::services::workflow_orchestrator: wkmp-ai\src\services\workflow_orchestrator\mod.rs:1733: Starting PLAN024 10-phase per-file pipeline (late audio decode) file="C:\\Users\\Mango Cat\\Music\\Amos, Tori/From_The_Choirgirl_Hotel/04-Raspberry_Swirl.mp3"
2026-02-05T22:39:20.377899Z DEBUG tokio-runtime-worker ThreadId(23) wkmp_ai::services::workflow_orchestrator: wkmp-ai\src\services\workflow_orchestrator\mod.rs:1742: Phase 1: Filename Matching - START file="C:\\Users\\Mango Cat\\Music\\Amos, Tori/From_The_Choirgirl_Hotel/04-Raspberry_Swirl.mp3"
2026-02-05T22:39:20.378047Z DEBUG tokio-runtime-worker ThreadId(23) wkmp_ai::services::filename_matcher: wkmp-ai\src\services\filename_matcher.rs:54: Checking if file exists in database path=Amos, Tori/From_The_Choirgirl_Hotel/04-Raspberry_Swirl.mp3 norm_us=8
2026-02-05T22:39:20.378230Z DEBUG tokio-runtime-worker ThreadId(23) wkmp_ai::services::workflow_orchestrator: wkmp-ai\src\services\workflow_orchestrator\mod.rs:3094: Starting per-file pipeline file_index=77 file_id=885822cf-86ae-466d-866a-963870cbd64d file=Amos, Tori/From_The_Choirgirl_Hotel/05-Jackie's_Strength.mp3
2026-02-05T22:39:20.378466Z  INFO tokio-runtime-worker ThreadId(23) wkmp_ai::services::workflow_orchestrator: wkmp-ai\src\services\workflow_orchestrator\mod.rs:1733: Starting PLAN024 10-phase per-file pipeline (late audio decode) file="C:\\Users\\Mango Cat\\Music\\Amos, Tori/From_The_Choirgirl_Hotel/05-Jackie\'s_Strength.mp3"
2026-02-05T22:39:20.378735Z DEBUG tokio-runtime-worker ThreadId(23) wkmp_ai::services::workflow_orchestrator: wkmp-ai\src\services\workflow_orchestrator\mod.rs:1742: Phase 1: Filename Matching - START file="C:\\Users\\Mango Cat\\Music\\Amos, Tori/From_The_Choirgirl_Hotel/05-Jackie\'s_Strength.mp3"
2026-02-05T22:39:20.378863Z DEBUG tokio-runtime-worker ThreadId(23) wkmp_ai::services::filename_matcher: wkmp-ai\src\services\filename_matcher.rs:54: Checking if file exists in database path=Amos, Tori/From_The_Choirgirl_Hotel/05-Jackie's_Strength.mp3 norm_us=3
2026-02-05T22:39:20.379010Z DEBUG tokio-runtime-worker ThreadId(23) wkmp_ai::services::workflow_orchestrator: wkmp-ai\src\services\workflow_orchestrator\mod.rs:3094: Starting per-file pipeline file_index=78 file_id=a39073cc-f7b2-4eb4-b99a-2ab6c8d6ca25 file=Amos, Tori/From_The_Choirgirl_Hotel/06-i_i_e_e_e.mp3
2026-02-05T22:39:20.379207Z  INFO tokio-runtime-worker ThreadId(23) wkmp_ai::services::workflow_orchestrator: wkmp-ai\src\services\workflow_orchestrator\mod.rs:1733: Starting PLAN024 10-phase per-file pipeline (late audio decode) file="C:\\Users\\Mango Cat\\Music\\Amos, Tori/From_The_Choirgirl_Hotel/06-i_i_e_e_e.mp3"
2026-02-05T22:39:20.379470Z DEBUG tokio-runtime-worker ThreadId(23) wkmp_ai::services::workflow_orchestrator: wkmp-ai\src\services\workflow_orchestrator\mod.rs:1742: Phase 1: Filename Matching - START file="C:\\Users\\Mango Cat\\Music\\Amos, Tori/From_The_Choirgirl_Hotel/06-i_i_e_e_e.mp3"
2026-02-05T22:39:20.379723Z DEBUG tokio-runtime-worker ThreadId(23) wkmp_ai::services::filename_matcher: wkmp-ai\src\services\filename_matcher.rs:54: Checking if file exists in database path=Amos, Tori/From_The_Choirgirl_Hotel/06-i_i_e_e_e.mp3 norm_us=6
2026-02-05T22:39:20.381448Z DEBUG tokio-runtime-worker ThreadId(23) wkmp_ai::api::sse: wkmp-ai\src\api\sse.rs:71: SSE: Broadcasting import event: ImportProgressUpdate
2026-02-05T22:39:20.382841Z DEBUG tokio-runtime-worker ThreadId(23) wkmp_ai::api::sse: wkmp-ai\src\api\sse.rs:71: SSE: Broadcasting import event: ImportProgressUpdate
2026-02-05T22:39:20.384130Z DEBUG tokio-runtime-worker ThreadId(23) wkmp_ai::api::sse: wkmp-ai\src\api\sse.rs:71: SSE: Broadcasting import event: ImportProgressUpdate
2026-02-05T22:39:20.385610Z DEBUG tokio-runtime-worker ThreadId(23) wkmp_ai::api::sse: wkmp-ai\src\api\sse.rs:71: SSE: Broadcasting import event: ImportProgressUpdate
2026-02-05T22:39:20.386876Z DEBUG tokio-runtime-worker ThreadId(23) wkmp_ai::api::sse: wkmp-ai\src\api\sse.rs:71: SSE: Broadcasting import event: ImportProgressUpdate
2026-02-05T22:39:20.388134Z DEBUG tokio-runtime-worker ThreadId(23) wkmp_ai::api::sse: wkmp-ai\src\api\sse.rs:71: SSE: Broadcasting import event: ImportProgressUpdate
2026-02-05T22:39:20.388626Z DEBUG tokio-runtime-worker ThreadId(23) wkmp_ai::services::filename_matcher: wkmp-ai\src\services\filename_matcher.rs:65: Database query completed path=Amos, Tori/From_The_Choirgirl_Hotel/05-Jackie's_Strength.mp3 query_us=9635
2026-02-05T22:39:20.388877Z DEBUG tokio-runtime-worker ThreadId(23) wkmp_ai::services::filename_matcher: wkmp-ai\src\services\filename_matcher.rs:81: File already processed (INGEST COMPLETE) path=Amos, Tori/From_The_Choirgirl_Hotel/05-Jackie's_Strength.mp3 guid=885822cf-86ae-466d-866a-963870cbd64d
2026-02-05T22:39:20.389154Z  INFO tokio-runtime-worker ThreadId(23) wkmp_ai::services::workflow_orchestrator: wkmp-ai\src\services\workflow_orchestrator\mod.rs:1756: Phase 1 completed phase="Filename Matching" duration_ms=10 path_us=0 db_ms=10 file_index=77
2026-02-05T22:39:20.389494Z  INFO tokio-runtime-worker ThreadId(23) wkmp_ai::services::workflow_orchestrator: wkmp-ai\src\services\workflow_orchestrator\mod.rs:1770: File already processed (INGEST COMPLETE/NO AUDIO/DUPLICATE HASH), skipping all remaining phases file="C:\\Users\\Mango Cat\\Music\\Amos, Tori/From_The_Choirgirl_Hotel/05-Jackie\'s_Strength.mp3" file_id=885822cf-86ae-466d-866a-963870cbd64d
2026-02-05T22:39:20.389740Z DEBUG tokio-runtime-worker ThreadId(23) wkmp_ai::services::workflow_orchestrator: wkmp-ai\src\services\workflow_orchestrator\mod.rs:2912: File processing complete session_id=fc49b2a9-297a-4710-91ea-7a5f24790519 file_index=77 file=Amos, Tori/From_The_Choirgirl_Hotel/05-Jackie's_Strength.mp3
2026-02-05T22:39:20.389950Z DEBUG tokio-runtime-worker ThreadId(23) wkmp_ai::services::workflow_orchestrator: wkmp-ai\src\services\workflow_orchestrator\mod.rs:1438: Acquiring all statistics Mutex locks for SSE conversion
2026-02-05T22:39:20.390143Z DEBUG tokio-runtime-worker ThreadId(23) wkmp_ai::services::workflow_orchestrator: wkmp-ai\src\services\workflow_orchestrator\mod.rs:1467: All statistics Mutex locks acquired and data cloned
2026-02-05T22:39:20.390562Z DEBUG tokio-runtime-worker ThreadId(23) wkmp_ai::services::workflow_orchestrator: wkmp-ai\src\services\workflow_orchestrator\mod.rs:1577: Releasing all statistics Mutex locks for SSE conversion
2026-02-05T22:39:20.390791Z DEBUG tokio-runtime-worker ThreadId(23) wkmp_ai::services::filename_matcher: wkmp-ai\src\services\filename_matcher.rs:65: Database query completed path=Amos, Tori/From_The_Choirgirl_Hotel/06-i_i_e_e_e.mp3 query_us=10830
2026-02-05T22:39:20.390986Z DEBUG tokio-runtime-worker ThreadId(23) wkmp_ai::services::filename_matcher: wkmp-ai\src\services\filename_matcher.rs:81: File already processed (INGEST COMPLETE) path=Amos, Tori/From_The_Choirgirl_Hotel/06-i_i_e_e_e.mp3 guid=a39073cc-f7b2-4eb4-b99a-2ab6c8d6ca25
2026-02-05T22:39:20.391184Z  INFO tokio-runtime-worker ThreadId(23) wkmp_ai::services::workflow_orchestrator: wkmp-ai\src\services\workflow_orchestrator\mod.rs:1756: Phase 1 completed phase="Filename Matching" duration_ms=11 path_us=1 db_ms=11 file_index=78
2026-02-05T22:39:20.391713Z  INFO tokio-runtime-worker ThreadId(23) wkmp_ai::services::workflow_orchestrator: wkmp-ai\src\services\workflow_orchestrator\mod.rs:1770: File already processed (INGEST COMPLETE/NO AUDIO/DUPLICATE HASH), skipping all remaining phases file="C:\\Users\\Mango Cat\\Music\\Amos, Tori/From_The_Choirgirl_Hotel/06-i_i_e_e_e.mp3" file_id=a39073cc-f7b2-4eb4-b99a-2ab6c8d6ca25
2026-02-05T22:39:20.392000Z DEBUG tokio-runtime-worker ThreadId(23) wkmp_ai::services::workflow_orchestrator: wkmp-ai\src\services\workflow_orchestrator\mod.rs:2912: File processing complete session_id=fc49b2a9-297a-4710-91ea-7a5f24790519 file_index=78 file=Amos, Tori/From_The_Choirgirl_Hotel/06-i_i_e_e_e.mp3
2026-02-05T22:39:20.392306Z DEBUG tokio-runtime-worker ThreadId(23) wkmp_ai::services::workflow_orchestrator: wkmp-ai\src\services\workflow_orchestrator\mod.rs:1438: Acquiring all statistics Mutex locks for SSE conversion
2026-02-05T22:39:20.392481Z DEBUG tokio-runtime-worker ThreadId(23) wkmp_ai::services::workflow_orchestrator: wkmp-ai\src\services\workflow_orchestrator\mod.rs:1467: All statistics Mutex locks acquired and data cloned
2026-02-05T22:39:20.392714Z DEBUG tokio-runtime-worker ThreadId(23) wkmp_ai::services::workflow_orchestrator: wkmp-ai\src\services\workflow_orchestrator\mod.rs:1577: Releasing all statistics Mutex locks for SSE conversion
2026-02-05T22:39:20.392925Z DEBUG tokio-runtime-worker ThreadId(23) wkmp_ai::services::filename_matcher: wkmp-ai\src\services\filename_matcher.rs:65: Database query completed path=Amos, Tori/From_The_Choirgirl_Hotel/04-Raspberry_Swirl.mp3 query_us=14743
2026-02-05T22:39:20.393096Z DEBUG tokio-runtime-worker ThreadId(23) wkmp_ai::services::filename_matcher: wkmp-ai\src\services\filename_matcher.rs:81: File already processed (INGEST COMPLETE) path=Amos, Tori/From_The_Choirgirl_Hotel/04-Raspberry_Swirl.mp3 guid=e58a8f01-a44f-4af2-8c43-603bcde91088
2026-02-05T22:39:20.393261Z  INFO tokio-runtime-worker ThreadId(23) wkmp_ai::services::workflow_orchestrator: wkmp-ai\src\services\workflow_orchestrator\mod.rs:1756: Phase 1 completed phase="Filename Matching" duration_ms=15 path_us=1 db_ms=15 file_index=76
2026-02-05T22:39:20.393463Z  INFO tokio-runtime-worker ThreadId(23) wkmp_ai::services::workflow_orchestrator: wkmp-ai\src\services\workflow_orchestrator\mod.rs:1770: File already processed (INGEST COMPLETE/NO AUDIO/DUPLICATE HASH), skipping all remaining phases file="C:\\Users\\Mango Cat\\Music\\Amos, Tori/From_The_Choirgirl_Hotel/04-Raspberry_Swirl.mp3" file_id=e58a8f01-a44f-4af2-8c43-603bcde91088
2026-02-05T22:39:20.393680Z DEBUG tokio-runtime-worker ThreadId(23) wkmp_ai::services::workflow_orchestrator: wkmp-ai\src\services\workflow_orchestrator\mod.rs:2912: File processing complete session_id=fc49b2a9-297a-4710-91ea-7a5f24790519 file_index=76 file=Amos, Tori/From_The_Choirgirl_Hotel/04-Raspberry_Swirl.mp3
2026-02-05T22:39:20.403435Z DEBUG tokio-runtime-worker ThreadId(23) wkmp_ai::services::workflow_orchestrator: wkmp-ai\src\services\workflow_orchestrator\mod.rs:1438: Acquiring all statistics Mutex locks for SSE conversion
2026-02-05T22:39:20.403656Z DEBUG tokio-runtime-worker ThreadId(23) wkmp_ai::services::workflow_orchestrator: wkmp-ai\src\services\workflow_orchestrator\mod.rs:1467: All statistics Mutex locks acquired and data cloned
2026-02-05T22:39:20.404133Z DEBUG tokio-runtime-worker ThreadId(23) wkmp_ai::services::workflow_orchestrator: wkmp-ai\src\services\workflow_orchestrator\mod.rs:1577: Releasing all statistics Mutex locks for SSE conversion
2026-02-05T22:39:20.404388Z DEBUG tokio-runtime-worker ThreadId(23) wkmp_ai::services::workflow_orchestrator: wkmp-ai\src\services\workflow_orchestrator\mod.rs:3094: Starting per-file pipeline file_index=79 file_id=5526e950-e8a3-4f62-b1ef-c8a8ab750c90 file=Amos, Tori/From_The_Choirgirl_Hotel/07-Liquid_Diamonds.mp3
2026-02-05T22:39:20.404604Z  INFO tokio-runtime-worker ThreadId(23) wkmp_ai::services::workflow_orchestrator: wkmp-ai\src\services\workflow_orchestrator\mod.rs:1733: Starting PLAN024 10-phase per-file pipeline (late audio decode) file="C:\\Users\\Mango Cat\\Music\\Amos, Tori/From_The_Choirgirl_Hotel/07-Liquid_Diamonds.mp3"
2026-02-05T22:39:20.404805Z DEBUG tokio-runtime-worker ThreadId(23) wkmp_ai::services::workflow_orchestrator: wkmp-ai\src\services\workflow_orchestrator\mod.rs:1742: Phase 1: Filename Matching - START file="C:\\Users\\Mango Cat\\Music\\Amos, Tori/From_The_Choirgirl_Hotel/07-Liquid_Diamonds.mp3"
2026-02-05T22:39:20.405137Z DEBUG tokio-runtime-worker ThreadId(23) wkmp_ai::services::filename_matcher: wkmp-ai\src\services\filename_matcher.rs:54: Checking if file exists in database path=Amos, Tori/From_The_Choirgirl_Hotel/07-Liquid_Diamonds.mp3 norm_us=13
2026-02-05T22:39:20.405542Z DEBUG tokio-runtime-worker ThreadId(23) wkmp_ai::services::workflow_orchestrator: wkmp-ai\src\services\workflow_orchestrator\mod.rs:3094: Starting per-file pipeline file_index=80 file_id=347c17a1-715b-41ca-971d-1056dcc5c750 file=Amos, Tori/From_The_Choirgirl_Hotel/08-She's_Your_Cocaine.mp3
2026-02-05T22:39:20.405870Z  INFO tokio-runtime-worker ThreadId(23) wkmp_ai::services::workflow_orchestrator: wkmp-ai\src\services\workflow_orchestrator\mod.rs:1733: Starting PLAN024 10-phase per-file pipeline (late audio decode) file="C:\\Users\\Mango Cat\\Music\\Amos, Tori/From_The_Choirgirl_Hotel/08-She\'s_Your_Cocaine.mp3"
2026-02-05T22:39:20.406190Z DEBUG tokio-runtime-worker ThreadId(23) wkmp_ai::services::workflow_orchestrator: wkmp-ai\src\services\workflow_orchestrator\mod.rs:1742: Phase 1: Filename Matching - START file="C:\\Users\\Mango Cat\\Music\\Amos, Tori/From_The_Choirgirl_Hotel/08-She\'s_Your_Cocaine.mp3"
2026-02-05T22:39:20.406458Z DEBUG tokio-runtime-worker ThreadId(23) wkmp_ai::services::filename_matcher: wkmp-ai\src\services\filename_matcher.rs:54: Checking if file exists in database path=Amos, Tori/From_The_Choirgirl_Hotel/08-She's_Your_Cocaine.mp3 norm_us=14
2026-02-05T22:39:20.406777Z DEBUG tokio-runtime-worker ThreadId(23) wkmp_ai::services::workflow_orchestrator: wkmp-ai\src\services\workflow_orchestrator\mod.rs:3094: Starting per-file pipeline file_index=81 file_id=4ab8b50d-5645-4c91-9d6f-d5dd6c9a9345 file=Amos, Tori/From_The_Choirgirl_Hotel/09-Northern_Lad.mp3
2026-02-05T22:39:20.407027Z  INFO tokio-runtime-worker ThreadId(23) wkmp_ai::services::workflow_orchestrator: wkmp-ai\src\services\workflow_orchestrator\mod.rs:1733: Starting PLAN024 10-phase per-file pipeline (late audio decode) file="C:\\Users\\Mango Cat\\Music\\Amos, Tori/From_The_Choirgirl_Hotel/09-Northern_Lad.mp3"
2026-02-05T22:39:20.407369Z DEBUG tokio-runtime-worker ThreadId(23) wkmp_ai::services::workflow_orchestrator: wkmp-ai\src\services\workflow_orchestrator\mod.rs:1742: Phase 1: Filename Matching - START file="C:\\Users\\Mango Cat\\Music\\Amos, Tori/From_The_Choirgirl_Hotel/09-Northern_Lad.mp3"
2026-02-05T22:39:20.407595Z DEBUG tokio-runtime-worker ThreadId(23) wkmp_ai::services::filename_matcher: wkmp-ai\src\services\filename_matcher.rs:54: Checking if file exists in database path=Amos, Tori/From_The_Choirgirl_Hotel/09-Northern_Lad.mp3 norm_us=10
2026-02-05T22:39:20.409313Z DEBUG tokio-runtime-worker ThreadId(23) wkmp_ai::api::sse: wkmp-ai\src\api\sse.rs:71: SSE: Broadcasting import event: ImportProgressUpdate
2026-02-05T22:39:20.411087Z DEBUG tokio-runtime-worker ThreadId(23) wkmp_ai::api::sse: wkmp-ai\src\api\sse.rs:71: SSE: Broadcasting import event: ImportProgressUpdate
2026-02-05T22:39:20.412559Z DEBUG tokio-runtime-worker ThreadId(23) wkmp_ai::api::sse: wkmp-ai\src\api\sse.rs:71: SSE: Broadcasting import event: ImportProgressUpdate
2026-02-05T22:39:20.414000Z DEBUG tokio-runtime-worker ThreadId(23) wkmp_ai::api::sse: wkmp-ai\src\api\sse.rs:71: SSE: Broadcasting import event: ImportProgressUpdate
2026-02-05T22:39:20.415340Z DEBUG tokio-runtime-worker ThreadId(23) wkmp_ai::api::sse: wkmp-ai\src\api\sse.rs:71: SSE: Broadcasting import event: ImportProgressUpdate
2026-02-05T22:39:20.416356Z DEBUG tokio-runtime-worker ThreadId(23) wkmp_ai::api::sse: wkmp-ai\src\api\sse.rs:71: SSE: Broadcasting import event: ImportProgressUpdate
2026-02-05T22:39:20.416793Z DEBUG tokio-runtime-worker ThreadId(23) wkmp_ai::services::filename_matcher: wkmp-ai\src\services\filename_matcher.rs:65: Database query completed path=Amos, Tori/From_The_Choirgirl_Hotel/07-Liquid_Diamonds.mp3 query_us=11342
2026-02-05T22:39:20.417123Z DEBUG tokio-runtime-worker ThreadId(23) wkmp_ai::services::filename_matcher: wkmp-ai\src\services\filename_matcher.rs:81: File already processed (INGEST COMPLETE) path=Amos, Tori/From_The_Choirgirl_Hotel/07-Liquid_Diamonds.mp3 guid=5526e950-e8a3-4f62-b1ef-c8a8ab750c90
2026-02-05T22:39:20.417399Z  INFO tokio-runtime-worker ThreadId(23) wkmp_ai::services::workflow_orchestrator: wkmp-ai\src\services\workflow_orchestrator\mod.rs:1756: Phase 1 completed phase="Filename Matching" duration_ms=12 path_us=3 db_ms=12 file_index=79
2026-02-05T22:39:20.417678Z  INFO tokio-runtime-worker ThreadId(23) wkmp_ai::services::workflow_orchestrator: wkmp-ai\src\services\workflow_orchestrator\mod.rs:1770: File already processed (INGEST COMPLETE/NO AUDIO/DUPLICATE HASH), skipping all remaining phases file="C:\\Users\\Mango Cat\\Music\\Amos, Tori/From_The_Choirgirl_Hotel/07-Liquid_Diamonds.mp3" file_id=5526e950-e8a3-4f62-b1ef-c8a8ab750c90
2026-02-05T22:39:20.417905Z DEBUG tokio-runtime-worker ThreadId(23) wkmp_ai::services::workflow_orchestrator: wkmp-ai\src\services\workflow_orchestrator\mod.rs:2912: File processing complete session_id=fc49b2a9-297a-4710-91ea-7a5f24790519 file_index=79 file=Amos, Tori/From_The_Choirgirl_Hotel/07-Liquid_Diamonds.mp3
2026-02-05T22:39:20.418094Z DEBUG tokio-runtime-worker ThreadId(23) wkmp_ai::services::workflow_orchestrator: wkmp-ai\src\services\workflow_orchestrator\mod.rs:1438: Acquiring all statistics Mutex locks for SSE conversion
2026-02-05T22:39:20.418261Z DEBUG tokio-runtime-worker ThreadId(23) wkmp_ai::services::workflow_orchestrator: wkmp-ai\src\services\workflow_orchestrator\mod.rs:1467: All statistics Mutex locks acquired and data cloned
2026-02-05T22:39:20.418608Z DEBUG tokio-runtime-worker ThreadId(23) wkmp_ai::services::workflow_orchestrator: wkmp-ai\src\services\workflow_orchestrator\mod.rs:1577: Releasing all statistics Mutex locks for SSE conversion
2026-02-05T22:39:20.418829Z DEBUG tokio-runtime-worker ThreadId(23) wkmp_ai::services::filename_matcher: wkmp-ai\src\services\filename_matcher.rs:65: Database query completed path=Amos, Tori/From_The_Choirgirl_Hotel/09-Northern_Lad.mp3 query_us=10885
2026-02-05T22:39:20.419100Z DEBUG tokio-runtime-worker ThreadId(23) wkmp_ai::services::filename_matcher: wkmp-ai\src\services\filename_matcher.rs:81: File already processed (INGEST COMPLETE) path=Amos, Tori/From_The_Choirgirl_Hotel/09-Northern_Lad.mp3 guid=4ab8b50d-5645-4c91-9d6f-d5dd6c9a9345
2026-02-05T22:39:20.419360Z  INFO tokio-runtime-worker ThreadId(23) wkmp_ai::services::workflow_orchestrator: wkmp-ai\src\services\workflow_orchestrator\mod.rs:1756: Phase 1 completed phase="Filename Matching" duration_ms=11 path_us=2 db_ms=11 file_index=81
2026-02-05T22:39:20.419553Z  INFO tokio-runtime-worker ThreadId(23) wkmp_ai::services::workflow_orchestrator: wkmp-ai\src\services\workflow_orchestrator\mod.rs:1770: File already processed (INGEST COMPLETE/NO AUDIO/DUPLICATE HASH), skipping all remaining phases file="C:\\Users\\Mango Cat\\Music\\Amos, Tori/From_The_Choirgirl_Hotel/09-Northern_Lad.mp3" file_id=4ab8b50d-5645-4c91-9d6f-d5dd6c9a9345
2026-02-05T22:39:20.419746Z DEBUG tokio-runtime-worker ThreadId(23) wkmp_ai::services::workflow_orchestrator: wkmp-ai\src\services\workflow_orchestrator\mod.rs:2912: File processing complete session_id=fc49b2a9-297a-4710-91ea-7a5f24790519 file_index=81 file=Amos, Tori/From_The_Choirgirl_Hotel/09-Northern_Lad.mp3
2026-02-05T22:39:20.419932Z DEBUG tokio-runtime-worker ThreadId(23) wkmp_ai::services::workflow_orchestrator: wkmp-ai\src\services\workflow_orchestrator\mod.rs:1438: Acquiring all statistics Mutex locks for SSE conversion
2026-02-05T22:39:20.420070Z DEBUG tokio-runtime-worker ThreadId(23) wkmp_ai::services::workflow_orchestrator: wkmp-ai\src\services\workflow_orchestrator\mod.rs:1467: All statistics Mutex locks acquired and data cloned
2026-02-05T22:39:20.420294Z DEBUG tokio-runtime-worker ThreadId(23) wkmp_ai::services::workflow_orchestrator: wkmp-ai\src\services\workflow_orchestrator\mod.rs:1577: Releasing all statistics Mutex locks for SSE conversion
2026-02-05T22:39:20.420504Z DEBUG tokio-runtime-worker ThreadId(23) wkmp_ai::services::filename_matcher: wkmp-ai\src\services\filename_matcher.rs:65: Database query completed path=Amos, Tori/From_The_Choirgirl_Hotel/08-She's_Your_Cocaine.mp3 query_us=13812
2026-02-05T22:39:20.420667Z DEBUG tokio-runtime-worker ThreadId(23) wkmp_ai::services::filename_matcher: wkmp-ai\src\services\filename_matcher.rs:81: File already processed (INGEST COMPLETE) path=Amos, Tori/From_The_Choirgirl_Hotel/08-She's_Your_Cocaine.mp3 guid=347c17a1-715b-41ca-971d-1056dcc5c750
2026-02-05T22:39:20.420863Z  INFO tokio-runtime-worker ThreadId(23) wkmp_ai::services::workflow_orchestrator: wkmp-ai\src\services\workflow_orchestrator\mod.rs:1756: Phase 1 completed phase="Filename Matching" duration_ms=14 path_us=3 db_ms=14 file_index=80
2026-02-05T22:39:20.421052Z  INFO tokio-runtime-worker ThreadId(23) wkmp_ai::services::workflow_orchestrator: wkmp-ai\src\services\workflow_orchestrator\mod.rs:1770: File already processed (INGEST COMPLETE/NO AUDIO/DUPLICATE HASH), skipping all remaining phases file="C:\\Users\\Mango Cat\\Music\\Amos, Tori/From_The_Choirgirl_Hotel/08-She\'s_Your_Cocaine.mp3" file_id=347c17a1-715b-41ca-971d-1056dcc5c750
2026-02-05T22:39:20.421239Z DEBUG tokio-runtime-worker ThreadId(23) wkmp_ai::services::workflow_orchestrator: wkmp-ai\src\services\workflow_orchestrator\mod.rs:2912: File processing complete session_id=fc49b2a9-297a-4710-91ea-7a5f24790519 file_index=80 file=Amos, Tori/From_The_Choirgirl_Hotel/08-She's_Your_Cocaine.mp3
2026-02-05T22:39:20.421411Z DEBUG tokio-runtime-worker ThreadId(23) wkmp_ai::services::workflow_orchestrator: wkmp-ai\src\services\workflow_orchestrator\mod.rs:1438: Acquiring all statistics Mutex locks for SSE conversion
2026-02-05T22:39:20.421549Z DEBUG tokio-runtime-worker ThreadId(23) wkmp_ai::services::workflow_orchestrator: wkmp-ai\src\services\workflow_orchestrator\mod.rs:1467: All statistics Mutex locks acquired and data cloned
2026-02-05T22:39:20.421776Z DEBUG tokio-runtime-worker ThreadId(23) wkmp_ai::services::workflow_orchestrator: wkmp-ai\src\services\workflow_orchestrator\mod.rs:1577: Releasing all statistics Mutex locks for SSE conversion
2026-02-05T22:39:20.421933Z DEBUG tokio-runtime-worker ThreadId(23) wkmp_ai::services::workflow_orchestrator: wkmp-ai\src\services\workflow_orchestrator\mod.rs:3094: Starting per-file pipeline file_index=82 file_id=a6876304-7c4d-40dd-9fd0-a7d121bbf78d file=Amos, Tori/From_The_Choirgirl_Hotel/10-Hotel.mp3
2026-02-05T22:39:20.422148Z  INFO tokio-runtime-worker ThreadId(23) wkmp_ai::services::workflow_orchestrator: wkmp-ai\src\services\workflow_orchestrator\mod.rs:1733: Starting PLAN024 10-phase per-file pipeline (late audio decode) file="C:\\Users\\Mango Cat\\Music\\Amos, Tori/From_The_Choirgirl_Hotel/10-Hotel.mp3"
2026-02-05T22:39:20.422336Z DEBUG tokio-runtime-worker ThreadId(23) wkmp_ai::services::workflow_orchestrator: wkmp-ai\src\services\workflow_orchestrator\mod.rs:1742: Phase 1: Filename Matching - START file="C:\\Users\\Mango Cat\\Music\\Amos, Tori/From_The_Choirgirl_Hotel/10-Hotel.mp3"
2026-02-05T22:39:20.422500Z DEBUG tokio-runtime-worker ThreadId(23) wkmp_ai::services::filename_matcher: wkmp-ai\src\services\filename_matcher.rs:54: Checking if file exists in database path=Amos, Tori/From_The_Choirgirl_Hotel/10-Hotel.mp3 norm_us=9
2026-02-05T22:39:20.422709Z DEBUG tokio-runtime-worker ThreadId(23) wkmp_ai::services::workflow_orchestrator: wkmp-ai\src\services\workflow_orchestrator\mod.rs:3094: Starting per-file pipeline file_index=83 file_id=c77f39cf-199c-4e2b-bd05-de4683f97f1f file=Amos, Tori/From_The_Choirgirl_Hotel/11-Playboy_Mommy.mp3
2026-02-05T22:39:20.422893Z  INFO tokio-runtime-worker ThreadId(23) wkmp_ai::services::workflow_orchestrator: wkmp-ai\src\services\workflow_orchestrator\mod.rs:1733: Starting PLAN024 10-phase per-file pipeline (late audio decode) file="C:\\Users\\Mango Cat\\Music\\Amos, Tori/From_The_Choirgirl_Hotel/11-Playboy_Mommy.mp3"
2026-02-05T22:39:20.423078Z DEBUG tokio-runtime-worker ThreadId(23) wkmp_ai::services::workflow_orchestrator: wkmp-ai\src\services\workflow_orchestrator\mod.rs:1742: Phase 1: Filename Matching - START file="C:\\Users\\Mango Cat\\Music\\Amos, Tori/From_The_Choirgirl_Hotel/11-Playboy_Mommy.mp3"
2026-02-05T22:39:20.423277Z DEBUG tokio-runtime-worker ThreadId(23) wkmp_ai::services::filename_matcher: wkmp-ai\src\services\filename_matcher.rs:54: Checking if file exists in database path=Amos, Tori/From_The_Choirgirl_Hotel/11-Playboy_Mommy.mp3 norm_us=7
2026-02-05T22:39:20.423496Z DEBUG tokio-runtime-worker ThreadId(23) wkmp_ai::services::workflow_orchestrator: wkmp-ai\src\services\workflow_orchestrator\mod.rs:3094: Starting per-file pipeline file_index=84 file_id=03e07a08-e422-4044-8a1e-8340889b7fbd file=Amos, Tori/From_The_Choirgirl_Hotel/12-Pandora's_Aquarium.mp3
2026-02-05T22:39:20.423746Z  INFO tokio-runtime-worker ThreadId(23) wkmp_ai::services::workflow_orchestrator: wkmp-ai\src\services\workflow_orchestrator\mod.rs:1733: Starting PLAN024 10-phase per-file pipeline (late audio decode) file="C:\\Users\\Mango Cat\\Music\\Amos, Tori/From_The_Choirgirl_Hotel/12-Pandora\'s_Aquarium.mp3"
2026-02-05T22:39:20.424007Z DEBUG tokio-runtime-worker ThreadId(23) wkmp_ai::services::workflow_orchestrator: wkmp-ai\src\services\workflow_orchestrator\mod.rs:1742: Phase 1: Filename Matching - START file="C:\\Users\\Mango Cat\\Music\\Amos, Tori/From_The_Choirgirl_Hotel/12-Pandora\'s_Aquarium.mp3"
2026-02-05T22:39:20.424288Z DEBUG tokio-runtime-worker ThreadId(23) wkmp_ai::services::filename_matcher: wkmp-ai\src\services\filename_matcher.rs:54: Checking if file exists in database path=Amos, Tori/From_The_Choirgirl_Hotel/12-Pandora's_Aquarium.mp3 norm_us=8
2026-02-05T22:39:20.426033Z DEBUG tokio-runtime-worker ThreadId(23) wkmp_ai::api::sse: wkmp-ai\src\api\sse.rs:71: SSE: Broadcasting import event: ImportProgressUpdate
2026-02-05T22:39:20.427173Z DEBUG tokio-runtime-worker ThreadId(23) wkmp_ai::api::sse: wkmp-ai\src\api\sse.rs:71: SSE: Broadcasting import event: ImportProgressUpdate
2026-02-05T22:39:20.428487Z DEBUG tokio-runtime-worker ThreadId(23) wkmp_ai::api::sse: wkmp-ai\src\api\sse.rs:71: SSE: Broadcasting import event: ImportProgressUpdate
2026-02-05T22:39:20.430024Z DEBUG tokio-runtime-worker ThreadId(23) wkmp_ai::api::sse: wkmp-ai\src\api\sse.rs:71: SSE: Broadcasting import event: ImportProgressUpdate
2026-02-05T22:39:20.431396Z DEBUG tokio-runtime-worker ThreadId(23) wkmp_ai::api::sse: wkmp-ai\src\api\sse.rs:71: SSE: Broadcasting import event: ImportProgressUpdate
2026-02-05T22:39:20.432748Z DEBUG tokio-runtime-worker ThreadId(23) wkmp_ai::api::sse: wkmp-ai\src\api\sse.rs:71: SSE: Broadcasting import event: ImportProgressUpdate
2026-02-05T22:39:20.433184Z DEBUG tokio-runtime-worker ThreadId(23) wkmp_ai::services::filename_matcher: wkmp-ai\src\services\filename_matcher.rs:65: Database query completed path=Amos, Tori/From_The_Choirgirl_Hotel/10-Hotel.mp3 query_us=10527
2026-02-05T22:39:20.433390Z DEBUG tokio-runtime-worker ThreadId(23) wkmp_ai::services::filename_matcher: wkmp-ai\src\services\filename_matcher.rs:81: File already processed (INGEST COMPLETE) path=Amos, Tori/From_The_Choirgirl_Hotel/10-Hotel.mp3 guid=a6876304-7c4d-40dd-9fd0-a7d121bbf78d
2026-02-05T22:39:20.433559Z  INFO tokio-runtime-worker ThreadId(23) wkmp_ai::services::workflow_orchestrator: wkmp-ai\src\services\workflow_orchestrator\mod.rs:1756: Phase 1 completed phase="Filename Matching" duration_ms=11 path_us=1 db_ms=11 file_index=82
2026-02-05T22:39:20.433740Z  INFO tokio-runtime-worker ThreadId(23) wkmp_ai::services::workflow_orchestrator: wkmp-ai\src\services\workflow_orchestrator\mod.rs:1770: File already processed (INGEST COMPLETE/NO AUDIO/DUPLICATE HASH), skipping all remaining phases file="C:\\Users\\Mango Cat\\Music\\Amos, Tori/From_The_Choirgirl_Hotel/10-Hotel.mp3" file_id=a6876304-7c4d-40dd-9fd0-a7d121bbf78d
2026-02-05T22:39:20.433919Z DEBUG tokio-runtime-worker ThreadId(23) wkmp_ai::services::workflow_orchestrator: wkmp-ai\src\services\workflow_orchestrator\mod.rs:2912: File processing complete session_id=fc49b2a9-297a-4710-91ea-7a5f24790519 file_index=82 file=Amos, Tori/From_The_Choirgirl_Hotel/10-Hotel.mp3
2026-02-05T22:39:20.434097Z DEBUG tokio-runtime-worker ThreadId(23) wkmp_ai::services::workflow_orchestrator: wkmp-ai\src\services\workflow_orchestrator\mod.rs:1438: Acquiring all statistics Mutex locks for SSE conversion
2026-02-05T22:39:20.434274Z DEBUG tokio-runtime-worker ThreadId(23) wkmp_ai::services::workflow_orchestrator: wkmp-ai\src\services\workflow_orchestrator\mod.rs:1467: All statistics Mutex locks acquired and data cloned
2026-02-05T22:39:20.434517Z DEBUG tokio-runtime-worker ThreadId(23) wkmp_ai::services::workflow_orchestrator: wkmp-ai\src\services\workflow_orchestrator\mod.rs:1577: Releasing all statistics Mutex locks for SSE conversion
2026-02-05T22:39:20.434724Z DEBUG tokio-runtime-worker ThreadId(23) wkmp_ai::services::filename_matcher: wkmp-ai\src\services\filename_matcher.rs:65: Database query completed path=Amos, Tori/From_The_Choirgirl_Hotel/11-Playboy_Mommy.mp3 query_us=11283
2026-02-05T22:39:20.434888Z DEBUG tokio-runtime-worker ThreadId(23) wkmp_ai::services::filename_matcher: wkmp-ai\src\services\filename_matcher.rs:81: File already processed (INGEST COMPLETE) path=Amos, Tori/From_The_Choirgirl_Hotel/11-Playboy_Mommy.mp3 guid=c77f39cf-199c-4e2b-bd05-de4683f97f1f
2026-02-05T22:39:20.435048Z  INFO tokio-runtime-worker ThreadId(23) wkmp_ai::services::workflow_orchestrator: wkmp-ai\src\services\workflow_orchestrator\mod.rs:1756: Phase 1 completed phase="Filename Matching" duration_ms=11 path_us=1 db_ms=11 file_index=83
2026-02-05T22:39:20.435220Z  INFO tokio-runtime-worker ThreadId(23) wkmp_ai::services::workflow_orchestrator: wkmp-ai\src\services\workflow_orchestrator\mod.rs:1770: File already processed (INGEST COMPLETE/NO AUDIO/DUPLICATE HASH), skipping all remaining phases file="C:\\Users\\Mango Cat\\Music\\Amos, Tori/From_The_Choirgirl_Hotel/11-Playboy_Mommy.mp3" file_id=c77f39cf-199c-4e2b-bd05-de4683f97f1f
2026-02-05T22:39:20.435410Z DEBUG tokio-runtime-worker ThreadId(23) wkmp_ai::services::workflow_orchestrator: wkmp-ai\src\services\workflow_orchestrator\mod.rs:2912: File processing complete session_id=fc49b2a9-297a-4710-91ea-7a5f24790519 file_index=83 file=Amos, Tori/From_The_Choirgirl_Hotel/11-Playboy_Mommy.mp3
2026-02-05T22:39:20.435578Z DEBUG tokio-runtime-worker ThreadId(23) wkmp_ai::services::workflow_orchestrator: wkmp-ai\src\services\workflow_orchestrator\mod.rs:1438: Acquiring all statistics Mutex locks for SSE conversion
2026-02-05T22:39:20.435720Z DEBUG tokio-runtime-worker ThreadId(23) wkmp_ai::services::workflow_orchestrator: wkmp-ai\src\services\workflow_orchestrator\mod.rs:1467: All statistics Mutex locks acquired and data cloned
2026-02-05T22:39:20.435934Z DEBUG tokio-runtime-worker ThreadId(23) wkmp_ai::services::workflow_orchestrator: wkmp-ai\src\services\workflow_orchestrator\mod.rs:1577: Releasing all statistics Mutex locks for SSE conversion
2026-02-05T22:39:20.436121Z DEBUG tokio-runtime-worker ThreadId(23) wkmp_ai::services::filename_matcher: wkmp-ai\src\services\filename_matcher.rs:65: Database query completed path=Amos, Tori/From_The_Choirgirl_Hotel/12-Pandora's_Aquarium.mp3 query_us=11511
2026-02-05T22:39:20.436278Z DEBUG tokio-runtime-worker ThreadId(23) wkmp_ai::services::filename_matcher: wkmp-ai\src\services\filename_matcher.rs:81: File already processed (INGEST COMPLETE) path=Amos, Tori/From_The_Choirgirl_Hotel/12-Pandora's_Aquarium.mp3 guid=03e07a08-e422-4044-8a1e-8340889b7fbd
2026-02-05T22:39:20.436440Z  INFO tokio-runtime-worker ThreadId(23) wkmp_ai::services::workflow_orchestrator: wkmp-ai\src\services\workflow_orchestrator\mod.rs:1756: Phase 1 completed phase="Filename Matching" duration_ms=12 path_us=2 db_ms=12 file_index=84
2026-02-05T22:39:20.436606Z  INFO tokio-runtime-worker ThreadId(23) wkmp_ai::services::workflow_orchestrator: wkmp-ai\src\services\workflow_orchestrator\mod.rs:1770: File already processed (INGEST COMPLETE/NO AUDIO/DUPLICATE HASH), skipping all remaining phases file="C:\\Users\\Mango Cat\\Music\\Amos, Tori/From_The_Choirgirl_Hotel/12-Pandora\'s_Aquarium.mp3" file_id=03e07a08-e422-4044-8a1e-8340889b7fbd
2026-02-05T22:39:20.436790Z DEBUG tokio-runtime-worker ThreadId(23) wkmp_ai::services::workflow_orchestrator: wkmp-ai\src\services\workflow_orchestrator\mod.rs:2912: File processing complete session_id=fc49b2a9-297a-4710-91ea-7a5f24790519 file_index=84 file=Amos, Tori/From_The_Choirgirl_Hotel/12-Pandora's_Aquarium.mp3
2026-02-05T22:39:20.436955Z DEBUG tokio-runtime-worker ThreadId(23) wkmp_ai::services::workflow_orchestrator: wkmp-ai\src\services\workflow_orchestrator\mod.rs:1438: Acquiring all statistics Mutex locks for SSE conversion
2026-02-05T22:39:20.437094Z DEBUG tokio-runtime-worker ThreadId(23) wkmp_ai::services::workflow_orchestrator: wkmp-ai\src\services\workflow_orchestrator\mod.rs:1467: All statistics Mutex locks acquired and data cloned
2026-02-05T22:39:20.437300Z DEBUG tokio-runtime-worker ThreadId(23) wkmp_ai::services::workflow_orchestrator: wkmp-ai\src\services\workflow_orchestrator\mod.rs:1577: Releasing all statistics Mutex locks for SSE conversion
2026-02-05T22:39:20.437456Z DEBUG tokio-runtime-worker ThreadId(23) wkmp_ai::services::workflow_orchestrator: wkmp-ai\src\services\workflow_orchestrator\mod.rs:3094: Starting per-file pipeline file_index=85 file_id=8c58c4de-95ed-41e3-922f-9473cb4a244b file=Apple, Fiona/Tidal/(Fiona_Apple)Tidal-01-Sleep_to_Dream.mp3
2026-02-05T22:39:20.437632Z  INFO tokio-runtime-worker ThreadId(23) wkmp_ai::services::workflow_orchestrator: wkmp-ai\src\services\workflow_orchestrator\mod.rs:1733: Starting PLAN024 10-phase per-file pipeline (late audio decode) file="C:\\Users\\Mango Cat\\Music\\Apple, Fiona/Tidal/(Fiona_Apple)Tidal-01-Sleep_to_Dream.mp3"
2026-02-05T22:39:20.437804Z DEBUG tokio-runtime-worker ThreadId(23) wkmp_ai::services::workflow_orchestrator: wkmp-ai\src\services\workflow_orchestrator\mod.rs:1742: Phase 1: Filename Matching - START file="C:\\Users\\Mango Cat\\Music\\Apple, Fiona/Tidal/(Fiona_Apple)Tidal-01-Sleep_to_Dream.mp3"
2026-02-05T22:39:20.437969Z DEBUG tokio-runtime-worker ThreadId(23) wkmp_ai::services::filename_matcher: wkmp-ai\src\services\filename_matcher.rs:54: Checking if file exists in database path=Apple, Fiona/Tidal/(Fiona_Apple)Tidal-01-Sleep_to_Dream.mp3 norm_us=10
2026-02-05T22:39:20.438178Z DEBUG tokio-runtime-worker ThreadId(23) wkmp_ai::services::workflow_orchestrator: wkmp-ai\src\services\workflow_orchestrator\mod.rs:3094: Starting per-file pipeline file_index=86 file_id=2cbe14db-ff6e-47aa-8b98-0df25ff1a572 file=Apple, Fiona/Tidal/(Fiona_Apple)Tidal-02-Sullen_Girl.mp3
2026-02-05T22:39:20.438352Z  INFO tokio-runtime-worker ThreadId(23) wkmp_ai::services::workflow_orchestrator: wkmp-ai\src\services\workflow_orchestrator\mod.rs:1733: Starting PLAN024 10-phase per-file pipeline (late audio decode) file="C:\\Users\\Mango Cat\\Music\\Apple, Fiona/Tidal/(Fiona_Apple)Tidal-02-Sullen_Girl.mp3"
2026-02-05T22:39:20.438521Z DEBUG tokio-runtime-worker ThreadId(23) wkmp_ai::services::workflow_orchestrator: wkmp-ai\src\services\workflow_orchestrator\mod.rs:1742: Phase 1: Filename Matching - START file="C:\\Users\\Mango Cat\\Music\\Apple, Fiona/Tidal/(Fiona_Apple)Tidal-02-Sullen_Girl.mp3"
2026-02-05T22:39:20.438679Z DEBUG tokio-runtime-worker ThreadId(23) wkmp_ai::services::filename_matcher: wkmp-ai\src\services\filename_matcher.rs:54: Checking if file exists in database path=Apple, Fiona/Tidal/(Fiona_Apple)Tidal-02-Sullen_Girl.mp3 norm_us=8
2026-02-05T22:39:20.438875Z DEBUG tokio-runtime-worker ThreadId(23) wkmp_ai::services::workflow_orchestrator: wkmp-ai\src\services\workflow_orchestrator\mod.rs:3094: Starting per-file pipeline file_index=87 file_id=d2913f11-4efa-4f14-a52b-5391ef3069ab file=Apple, Fiona/Tidal/(Fiona_Apple)Tidal-03-Shadowboxer.mp3
2026-02-05T22:39:20.439043Z  INFO tokio-runtime-worker ThreadId(23) wkmp_ai::services::workflow_orchestrator: wkmp-ai\src\services\workflow_orchestrator\mod.rs:1733: Starting PLAN024 10-phase per-file pipeline (late audio decode) file="C:\\Users\\Mango Cat\\Music\\Apple, Fiona/Tidal/(Fiona_Apple)Tidal-03-Shadowboxer.mp3"
2026-02-05T22:39:20.439208Z DEBUG tokio-runtime-worker ThreadId(23) wkmp_ai::services::workflow_orchestrator: wkmp-ai\src\services\workflow_orchestrator\mod.rs:1742: Phase 1: Filename Matching - START file="C:\\Users\\Mango Cat\\Music\\Apple, Fiona/Tidal/(Fiona_Apple)Tidal-03-Shadowboxer.mp3"
2026-02-05T22:39:20.439365Z DEBUG tokio-runtime-worker ThreadId(23) wkmp_ai::services::filename_matcher: wkmp-ai\src\services\filename_matcher.rs:54: Checking if file exists in database path=Apple, Fiona/Tidal/(Fiona_Apple)Tidal-03-Shadowboxer.mp3 norm_us=7
2026-02-05T22:39:20.440807Z DEBUG tokio-runtime-worker ThreadId(23) wkmp_ai::api::sse: wkmp-ai\src\api\sse.rs:71: SSE: Broadcasting import event: ImportProgressUpdate
2026-02-05T22:39:20.442225Z DEBUG tokio-runtime-worker ThreadId(23) wkmp_ai::api::sse: wkmp-ai\src\api\sse.rs:71: SSE: Broadcasting import event: ImportProgressUpdate
2026-02-05T22:39:20.443648Z DEBUG tokio-runtime-worker ThreadId(23) wkmp_ai::api::sse: wkmp-ai\src\api\sse.rs:71: SSE: Broadcasting import event: ImportProgressUpdate
2026-02-05T22:39:20.445204Z DEBUG tokio-runtime-worker ThreadId(23) wkmp_ai::api::sse: wkmp-ai\src\api\sse.rs:71: SSE: Broadcasting import event: ImportProgressUpdate
2026-02-05T22:39:20.446587Z DEBUG tokio-runtime-worker ThreadId(23) wkmp_ai::api::sse: wkmp-ai\src\api\sse.rs:71: SSE: Broadcasting import event: ImportProgressUpdate
2026-02-05T22:39:20.447973Z DEBUG tokio-runtime-worker ThreadId(23) wkmp_ai::api::sse: wkmp-ai\src\api\sse.rs:71: SSE: Broadcasting import event: ImportProgressUpdate
2026-02-05T22:39:20.448394Z DEBUG tokio-runtime-worker ThreadId(23) wkmp_ai::services::filename_matcher: wkmp-ai\src\services\filename_matcher.rs:65: Database query completed path=Apple, Fiona/Tidal/(Fiona_Apple)Tidal-01-Sleep_to_Dream.mp3 query_us=10271
2026-02-05T22:39:20.448578Z DEBUG tokio-runtime-worker ThreadId(23) wkmp_ai::services::filename_matcher: wkmp-ai\src\services\filename_matcher.rs:81: File already processed (INGEST COMPLETE) path=Apple, Fiona/Tidal/(Fiona_Apple)Tidal-01-Sleep_to_Dream.mp3 guid=8c58c4de-95ed-41e3-922f-9473cb4a244b
2026-02-05T22:39:20.448746Z  INFO tokio-runtime-worker ThreadId(23) wkmp_ai::services::workflow_orchestrator: wkmp-ai\src\services\workflow_orchestrator\mod.rs:1756: Phase 1 completed phase="Filename Matching" duration_ms=10 path_us=2 db_ms=10 file_index=85
2026-02-05T22:39:20.448922Z  INFO tokio-runtime-worker ThreadId(23) wkmp_ai::services::workflow_orchestrator: wkmp-ai\src\services\workflow_orchestrator\mod.rs:1770: File already processed (INGEST COMPLETE/NO AUDIO/DUPLICATE HASH), skipping all remaining phases file="C:\\Users\\Mango Cat\\Music\\Apple, Fiona/Tidal/(Fiona_Apple)Tidal-01-Sleep_to_Dream.mp3" file_id=8c58c4de-95ed-41e3-922f-9473cb4a244b
2026-02-05T22:39:20.449112Z DEBUG tokio-runtime-worker ThreadId(23) wkmp_ai::services::workflow_orchestrator: wkmp-ai\src\services\workflow_orchestrator\mod.rs:2912: File processing complete session_id=fc49b2a9-297a-4710-91ea-7a5f24790519 file_index=85 file=Apple, Fiona/Tidal/(Fiona_Apple)Tidal-01-Sleep_to_Dream.mp3
2026-02-05T22:39:20.449288Z DEBUG tokio-runtime-worker ThreadId(23) wkmp_ai::services::workflow_orchestrator: wkmp-ai\src\services\workflow_orchestrator\mod.rs:1438: Acquiring all statistics Mutex locks for SSE conversion
2026-02-05T22:39:20.449432Z DEBUG tokio-runtime-worker ThreadId(23) wkmp_ai::services::workflow_orchestrator: wkmp-ai\src\services\workflow_orchestrator\mod.rs:1467: All statistics Mutex locks acquired and data cloned
2026-02-05T22:39:20.449649Z DEBUG tokio-runtime-worker ThreadId(23) wkmp_ai::services::workflow_orchestrator: wkmp-ai\src\services\workflow_orchestrator\mod.rs:1577: Releasing all statistics Mutex locks for SSE conversion
2026-02-05T22:39:20.449852Z DEBUG tokio-runtime-worker ThreadId(23) wkmp_ai::services::filename_matcher: wkmp-ai\src\services\filename_matcher.rs:65: Database query completed path=Apple, Fiona/Tidal/(Fiona_Apple)Tidal-02-Sullen_Girl.mp3 query_us=11024
2026-02-05T22:39:20.450019Z DEBUG tokio-runtime-worker ThreadId(23) wkmp_ai::services::filename_matcher: wkmp-ai\src\services\filename_matcher.rs:81: File already processed (INGEST COMPLETE) path=Apple, Fiona/Tidal/(Fiona_Apple)Tidal-02-Sullen_Girl.mp3 guid=2cbe14db-ff6e-47aa-8b98-0df25ff1a572
2026-02-05T22:39:20.450181Z  INFO tokio-runtime-worker ThreadId(23) wkmp_ai::services::workflow_orchestrator: wkmp-ai\src\services\workflow_orchestrator\mod.rs:1756: Phase 1 completed phase="Filename Matching" duration_ms=11 path_us=2 db_ms=11 file_index=86
2026-02-05T22:39:20.450424Z  INFO tokio-runtime-worker ThreadId(23) wkmp_ai::services::workflow_orchestrator: wkmp-ai\src\services\workflow_orchestrator\mod.rs:1770: File already processed (INGEST COMPLETE/NO AUDIO/DUPLICATE HASH), skipping all remaining phases file="C:\\Users\\Mango Cat\\Music\\Apple, Fiona/Tidal/(Fiona_Apple)Tidal-02-Sullen_Girl.mp3" file_id=2cbe14db-ff6e-47aa-8b98-0df25ff1a572
2026-02-05T22:39:20.450860Z DEBUG tokio-runtime-worker ThreadId(23) wkmp_ai::services::workflow_orchestrator: wkmp-ai\src\services\workflow_orchestrator\mod.rs:2912: File processing complete session_id=fc49b2a9-297a-4710-91ea-7a5f24790519 file_index=86 file=Apple, Fiona/Tidal/(Fiona_Apple)Tidal-02-Sullen_Girl.mp3
2026-02-05T22:39:20.451159Z DEBUG tokio-runtime-worker ThreadId(23) wkmp_ai::services::workflow_orchestrator: wkmp-ai\src\services\workflow_orchestrator\mod.rs:1438: Acquiring all statistics Mutex locks for SSE conversion
2026-02-05T22:39:20.451400Z DEBUG tokio-runtime-worker ThreadId(23) wkmp_ai::services::workflow_orchestrator: wkmp-ai\src\services\workflow_orchestrator\mod.rs:1467: All statistics Mutex locks acquired and data cloned
2026-02-05T22:39:20.451706Z DEBUG tokio-runtime-worker ThreadId(23) wkmp_ai::services::workflow_orchestrator: wkmp-ai\src\services\workflow_orchestrator\mod.rs:1577: Releasing all statistics Mutex locks for SSE conversion
2026-02-05T22:39:20.451967Z DEBUG tokio-runtime-worker ThreadId(23) wkmp_ai::services::filename_matcher: wkmp-ai\src\services\filename_matcher.rs:65: Database query completed path=Apple, Fiona/Tidal/(Fiona_Apple)Tidal-03-Shadowboxer.mp3 query_us=12453
2026-02-05T22:39:20.452206Z DEBUG tokio-runtime-worker ThreadId(23) wkmp_ai::services::filename_matcher: wkmp-ai\src\services\filename_matcher.rs:81: File already processed (INGEST COMPLETE) path=Apple, Fiona/Tidal/(Fiona_Apple)Tidal-03-Shadowboxer.mp3 guid=d2913f11-4efa-4f14-a52b-5391ef3069ab
2026-02-05T22:39:20.452366Z  INFO tokio-runtime-worker ThreadId(23) wkmp_ai::services::workflow_orchestrator: wkmp-ai\src\services\workflow_orchestrator\mod.rs:1756: Phase 1 completed phase="Filename Matching" duration_ms=13 path_us=2 db_ms=13 file_index=87
2026-02-05T22:39:20.452632Z  INFO tokio-runtime-worker ThreadId(23) wkmp_ai::services::workflow_orchestrator: wkmp-ai\src\services\workflow_orchestrator\mod.rs:1770: File already processed (INGEST COMPLETE/NO AUDIO/DUPLICATE HASH), skipping all remaining phases file="C:\\Users\\Mango Cat\\Music\\Apple, Fiona/Tidal/(Fiona_Apple)Tidal-03-Shadowboxer.mp3" file_id=d2913f11-4efa-4f14-a52b-5391ef3069ab
2026-02-05T22:39:20.452816Z DEBUG tokio-runtime-worker ThreadId(23) wkmp_ai::services::workflow_orchestrator: wkmp-ai\src\services\workflow_orchestrator\mod.rs:2912: File processing complete session_id=fc49b2a9-297a-4710-91ea-7a5f24790519 file_index=87 file=Apple, Fiona/Tidal/(Fiona_Apple)Tidal-03-Shadowboxer.mp3
2026-02-05T22:39:20.453053Z DEBUG tokio-runtime-worker ThreadId(23) wkmp_ai::services::workflow_orchestrator: wkmp-ai\src\services\workflow_orchestrator\mod.rs:1438: Acquiring all statistics Mutex locks for SSE conversion
2026-02-05T22:39:20.453212Z DEBUG tokio-runtime-worker ThreadId(23) wkmp_ai::services::workflow_orchestrator: wkmp-ai\src\services\workflow_orchestrator\mod.rs:1467: All statistics Mutex locks acquired and data cloned
2026-02-05T22:39:20.453491Z DEBUG tokio-runtime-worker ThreadId(23) wkmp_ai::services::workflow_orchestrator: wkmp-ai\src\services\workflow_orchestrator\mod.rs:1577: Releasing all statistics Mutex locks for SSE conversion
2026-02-05T22:39:20.453647Z DEBUG tokio-runtime-worker ThreadId(23) wkmp_ai::services::workflow_orchestrator: wkmp-ai\src\services\workflow_orchestrator\mod.rs:3094: Starting per-file pipeline file_index=88 file_id=eeb15445-1019-465d-9e37-c755c4425564 file=Apple, Fiona/Tidal/(Fiona_Apple)Tidal-04-Criminal.mp3
2026-02-05T22:39:20.453932Z  INFO tokio-runtime-worker ThreadId(23) wkmp_ai::services::workflow_orchestrator: wkmp-ai\src\services\workflow_orchestrator\mod.rs:1733: Starting PLAN024 10-phase per-file pipeline (late audio decode) file="C:\\Users\\Mango Cat\\Music\\Apple, Fiona/Tidal/(Fiona_Apple)Tidal-04-Criminal.mp3"
2026-02-05T22:39:20.454117Z DEBUG tokio-runtime-worker ThreadId(23) wkmp_ai::services::workflow_orchestrator: wkmp-ai\src\services\workflow_orchestrator\mod.rs:1742: Phase 1: Filename Matching - START file="C:\\Users\\Mango Cat\\Music\\Apple, Fiona/Tidal/(Fiona_Apple)Tidal-04-Criminal.mp3"
2026-02-05T22:39:20.454364Z DEBUG tokio-runtime-worker ThreadId(23) wkmp_ai::services::filename_matcher: wkmp-ai\src\services\filename_matcher.rs:54: Checking if file exists in database path=Apple, Fiona/Tidal/(Fiona_Apple)Tidal-04-Criminal.mp3 norm_us=11
2026-02-05T22:39:20.454592Z DEBUG tokio-runtime-worker ThreadId(23) wkmp_ai::services::workflow_orchestrator: wkmp-ai\src\services\workflow_orchestrator\mod.rs:3094: Starting per-file pipeline file_index=89 file_id=92cdf8df-5bc3-4041-97ea-043a31454ad1 file=Apple, Fiona/Tidal/(Fiona_Apple)Tidal-05-Slow_Like_Honey.mp3
2026-02-05T22:39:20.454760Z  INFO tokio-runtime-worker ThreadId(23) wkmp_ai::services::workflow_orchestrator: wkmp-ai\src\services\workflow_orchestrator\mod.rs:1733: Starting PLAN024 10-phase per-file pipeline (late audio decode) file="C:\\Users\\Mango Cat\\Music\\Apple, Fiona/Tidal/(Fiona_Apple)Tidal-05-Slow_Like_Honey.mp3"
2026-02-05T22:39:20.455012Z DEBUG tokio-runtime-worker ThreadId(23) wkmp_ai::services::workflow_orchestrator: wkmp-ai\src\services\workflow_orchestrator\mod.rs:1742: Phase 1: Filename Matching - START file="C:\\Users\\Mango Cat\\Music\\Apple, Fiona/Tidal/(Fiona_Apple)Tidal-05-Slow_Like_Honey.mp3"
2026-02-05T22:39:20.455226Z DEBUG tokio-runtime-worker ThreadId(23) wkmp_ai::services::filename_matcher: wkmp-ai\src\services\filename_matcher.rs:54: Checking if file exists in database path=Apple, Fiona/Tidal/(Fiona_Apple)Tidal-05-Slow_Like_Honey.mp3 norm_us=6
2026-02-05T22:39:20.455460Z DEBUG tokio-runtime-worker ThreadId(23) wkmp_ai::services::workflow_orchestrator: wkmp-ai\src\services\workflow_orchestrator\mod.rs:3094: Starting per-file pipeline file_index=90 file_id=f81da72f-6a47-494f-b5cb-3fe2733ecbae file=Apple, Fiona/Tidal/(Fiona_Apple)Tidal-06-The_First_Taste.mp3
2026-02-05T22:39:20.455615Z  INFO tokio-runtime-worker ThreadId(23) wkmp_ai::services::workflow_orchestrator: wkmp-ai\src\services\workflow_orchestrator\mod.rs:1733: Starting PLAN024 10-phase per-file pipeline (late audio decode) file="C:\\Users\\Mango Cat\\Music\\Apple, Fiona/Tidal/(Fiona_Apple)Tidal-06-The_First_Taste.mp3"
2026-02-05T22:39:20.455792Z DEBUG tokio-runtime-worker ThreadId(23) wkmp_ai::services::workflow_orchestrator: wkmp-ai\src\services\workflow_orchestrator\mod.rs:1742: Phase 1: Filename Matching - START file="C:\\Users\\Mango Cat\\Music\\Apple, Fiona/Tidal/(Fiona_Apple)Tidal-06-The_First_Taste.mp3"
2026-02-05T22:39:20.455952Z DEBUG tokio-runtime-worker ThreadId(23) wkmp_ai::services::filename_matcher: wkmp-ai\src\services\filename_matcher.rs:54: Checking if file exists in database path=Apple, Fiona/Tidal/(Fiona_Apple)Tidal-06-The_First_Taste.mp3 norm_us=6
2026-02-05T22:39:20.456982Z DEBUG tokio-runtime-worker ThreadId(23) wkmp_ai::api::sse: wkmp-ai\src\api\sse.rs:71: SSE: Broadcasting import event: ImportProgressUpdate
2026-02-05T22:39:20.458410Z DEBUG tokio-runtime-worker ThreadId(23) wkmp_ai::api::sse: wkmp-ai\src\api\sse.rs:71: SSE: Broadcasting import event: ImportProgressUpdate
2026-02-05T22:39:20.459861Z DEBUG tokio-runtime-worker ThreadId(23) wkmp_ai::api::sse: wkmp-ai\src\api\sse.rs:71: SSE: Broadcasting import event: ImportProgressUpdate
2026-02-05T22:39:20.461451Z DEBUG tokio-runtime-worker ThreadId(23) wkmp_ai::api::sse: wkmp-ai\src\api\sse.rs:71: SSE: Broadcasting import event: ImportProgressUpdate
2026-02-05T22:39:20.462829Z DEBUG tokio-runtime-worker ThreadId(23) wkmp_ai::api::sse: wkmp-ai\src\api\sse.rs:71: SSE: Broadcasting import event: ImportProgressUpdate
2026-02-05T22:39:20.464180Z DEBUG tokio-runtime-worker ThreadId(23) wkmp_ai::api::sse: wkmp-ai\src\api\sse.rs:71: SSE: Broadcasting import event: ImportProgressUpdate
2026-02-05T22:39:20.464624Z DEBUG tokio-runtime-worker ThreadId(23) wkmp_ai::services::filename_matcher: wkmp-ai\src\services\filename_matcher.rs:65: Database query completed path=Apple, Fiona/Tidal/(Fiona_Apple)Tidal-04-Criminal.mp3 query_us=10087
2026-02-05T22:39:20.464789Z DEBUG tokio-runtime-worker ThreadId(23) wkmp_ai::services::filename_matcher: wkmp-ai\src\services\filename_matcher.rs:81: File already processed (INGEST COMPLETE) path=Apple, Fiona/Tidal/(Fiona_Apple)Tidal-04-Criminal.mp3 guid=eeb15445-1019-465d-9e37-c755c4425564
2026-02-05T22:39:20.465014Z  INFO tokio-runtime-worker ThreadId(23) wkmp_ai::services::workflow_orchestrator: wkmp-ai\src\services\workflow_orchestrator\mod.rs:1756: Phase 1 completed phase="Filename Matching" duration_ms=10 path_us=2 db_ms=10 file_index=88
2026-02-05T22:39:20.465197Z  INFO tokio-runtime-worker ThreadId(23) wkmp_ai::services::workflow_orchestrator: wkmp-ai\src\services\workflow_orchestrator\mod.rs:1770: File already processed (INGEST COMPLETE/NO AUDIO/DUPLICATE HASH), skipping all remaining phases file="C:\\Users\\Mango Cat\\Music\\Apple, Fiona/Tidal/(Fiona_Apple)Tidal-04-Criminal.mp3" file_id=eeb15445-1019-465d-9e37-c755c4425564
2026-02-05T22:39:20.465443Z DEBUG tokio-runtime-worker ThreadId(23) wkmp_ai::services::workflow_orchestrator: wkmp-ai\src\services\workflow_orchestrator\mod.rs:2912: File processing complete session_id=fc49b2a9-297a-4710-91ea-7a5f24790519 file_index=88 file=Apple, Fiona/Tidal/(Fiona_Apple)Tidal-04-Criminal.mp3
2026-02-05T22:39:20.474538Z DEBUG tokio-runtime-worker ThreadId(23) wkmp_ai::services::workflow_orchestrator: wkmp-ai\src\services\workflow_orchestrator\mod.rs:1438: Acquiring all statistics Mutex locks for SSE conversion
2026-02-05T22:39:20.474762Z DEBUG tokio-runtime-worker ThreadId(23) wkmp_ai::services::workflow_orchestrator: wkmp-ai\src\services\workflow_orchestrator\mod.rs:1467: All statistics Mutex locks acquired and data cloned
2026-02-05T22:39:20.475079Z DEBUG tokio-runtime-worker ThreadId(23) wkmp_ai::services::workflow_orchestrator: wkmp-ai\src\services\workflow_orchestrator\mod.rs:1577: Releasing all statistics Mutex locks for SSE conversion
2026-02-05T22:39:20.475546Z DEBUG tokio-runtime-worker ThreadId(23) wkmp_ai::services::filename_matcher: wkmp-ai\src\services\filename_matcher.rs:65: Database query completed path=Apple, Fiona/Tidal/(Fiona_Apple)Tidal-05-Slow_Like_Honey.mp3 query_us=20113
2026-02-05T22:39:20.475985Z DEBUG tokio-runtime-worker ThreadId(23) wkmp_ai::services::filename_matcher: wkmp-ai\src\services\filename_matcher.rs:81: File already processed (INGEST COMPLETE) path=Apple, Fiona/Tidal/(Fiona_Apple)Tidal-05-Slow_Like_Honey.mp3 guid=92cdf8df-5bc3-4041-97ea-043a31454ad1
2026-02-05T22:39:20.476247Z  INFO tokio-runtime-worker ThreadId(23) wkmp_ai::services::workflow_orchestrator: wkmp-ai\src\services\workflow_orchestrator\mod.rs:1756: Phase 1 completed phase="Filename Matching" duration_ms=21 path_us=2 db_ms=21 file_index=89
2026-02-05T22:39:20.476528Z  INFO tokio-runtime-worker ThreadId(23) wkmp_ai::services::workflow_orchestrator: wkmp-ai\src\services\workflow_orchestrator\mod.rs:1770: File already processed (INGEST COMPLETE/NO AUDIO/DUPLICATE HASH), skipping all remaining phases file="C:\\Users\\Mango Cat\\Music\\Apple, Fiona/Tidal/(Fiona_Apple)Tidal-05-Slow_Like_Honey.mp3" file_id=92cdf8df-5bc3-4041-97ea-043a31454ad1
2026-02-05T22:39:20.476808Z DEBUG tokio-runtime-worker ThreadId(23) wkmp_ai::services::workflow_orchestrator: wkmp-ai\src\services\workflow_orchestrator\mod.rs:2912: File processing complete session_id=fc49b2a9-297a-4710-91ea-7a5f24790519 file_index=89 file=Apple, Fiona/Tidal/(Fiona_Apple)Tidal-05-Slow_Like_Honey.mp3
2026-02-05T22:39:20.477098Z DEBUG tokio-runtime-worker ThreadId(23) wkmp_ai::services::workflow_orchestrator: wkmp-ai\src\services\workflow_orchestrator\mod.rs:1438: Acquiring all statistics Mutex locks for SSE conversion
2026-02-05T22:39:20.477341Z DEBUG tokio-runtime-worker ThreadId(23) wkmp_ai::services::workflow_orchestrator: wkmp-ai\src\services\workflow_orchestrator\mod.rs:1467: All statistics Mutex locks acquired and data cloned
2026-02-05T22:39:20.477599Z DEBUG tokio-runtime-worker ThreadId(23) wkmp_ai::services::workflow_orchestrator: wkmp-ai\src\services\workflow_orchestrator\mod.rs:1577: Releasing all statistics Mutex locks for SSE conversion
2026-02-05T22:39:20.477840Z DEBUG tokio-runtime-worker ThreadId(23) wkmp_ai::services::filename_matcher: wkmp-ai\src\services\filename_matcher.rs:65: Database query completed path=Apple, Fiona/Tidal/(Fiona_Apple)Tidal-06-The_First_Taste.mp3 query_us=21720
2026-02-05T22:39:20.478042Z DEBUG tokio-runtime-worker ThreadId(23) wkmp_ai::services::filename_matcher: wkmp-ai\src\services\filename_matcher.rs:81: File already processed (INGEST COMPLETE) path=Apple, Fiona/Tidal/(Fiona_Apple)Tidal-06-The_First_Taste.mp3 guid=f81da72f-6a47-494f-b5cb-3fe2733ecbae
2026-02-05T22:39:20.478240Z  INFO tokio-runtime-worker ThreadId(23) wkmp_ai::services::workflow_orchestrator: wkmp-ai\src\services\workflow_orchestrator\mod.rs:1756: Phase 1 completed phase="Filename Matching" duration_ms=22 path_us=1 db_ms=22 file_index=90
2026-02-05T22:39:20.478419Z  INFO tokio-runtime-worker ThreadId(23) wkmp_ai::services::workflow_orchestrator: wkmp-ai\src\services\workflow_orchestrator\mod.rs:1770: File already processed (INGEST COMPLETE/NO AUDIO/DUPLICATE HASH), skipping all remaining phases file="C:\\Users\\Mango Cat\\Music\\Apple, Fiona/Tidal/(Fiona_Apple)Tidal-06-The_First_Taste.mp3" file_id=f81da72f-6a47-494f-b5cb-3fe2733ecbae
2026-02-05T22:39:20.478597Z DEBUG tokio-runtime-worker ThreadId(23) wkmp_ai::services::workflow_orchestrator: wkmp-ai\src\services\workflow_orchestrator\mod.rs:2912: File processing complete session_id=fc49b2a9-297a-4710-91ea-7a5f24790519 file_index=90 file=Apple, Fiona/Tidal/(Fiona_Apple)Tidal-06-The_First_Taste.mp3
2026-02-05T22:39:20.478764Z DEBUG tokio-runtime-worker ThreadId(23) wkmp_ai::services::workflow_orchestrator: wkmp-ai\src\services\workflow_orchestrator\mod.rs:1438: Acquiring all statistics Mutex locks for SSE conversion
2026-02-05T22:39:20.478899Z DEBUG tokio-runtime-worker ThreadId(23) wkmp_ai::services::workflow_orchestrator: wkmp-ai\src\services\workflow_orchestrator\mod.rs:1467: All statistics Mutex locks acquired and data cloned
2026-02-05T22:39:20.479102Z DEBUG tokio-runtime-worker ThreadId(23) wkmp_ai::services::workflow_orchestrator: wkmp-ai\src\services\workflow_orchestrator\mod.rs:1577: Releasing all statistics Mutex locks for SSE conversion
2026-02-05T22:39:20.479257Z DEBUG tokio-runtime-worker ThreadId(23) wkmp_ai::services::workflow_orchestrator: wkmp-ai\src\services\workflow_orchestrator\mod.rs:3094: Starting per-file pipeline file_index=91 file_id=191785f3-b5f6-4892-ae0a-05eeb695a466 file=Apple, Fiona/Tidal/(Fiona_Apple)Tidal-07-Never_Is_a_Promise.mp3
2026-02-05T22:39:20.479430Z  INFO tokio-runtime-worker ThreadId(23) wkmp_ai::services::workflow_orchestrator: wkmp-ai\src\services\workflow_orchestrator\mod.rs:1733: Starting PLAN024 10-phase per-file pipeline (late audio decode) file="C:\\Users\\Mango Cat\\Music\\Apple, Fiona/Tidal/(Fiona_Apple)Tidal-07-Never_Is_a_Promise.mp3"
2026-02-05T22:39:20.479602Z DEBUG tokio-runtime-worker ThreadId(23) wkmp_ai::services::workflow_orchestrator: wkmp-ai\src\services\workflow_orchestrator\mod.rs:1742: Phase 1: Filename Matching - START file="C:\\Users\\Mango Cat\\Music\\Apple, Fiona/Tidal/(Fiona_Apple)Tidal-07-Never_Is_a_Promise.mp3"
2026-02-05T22:39:20.479767Z DEBUG tokio-runtime-worker ThreadId(23) wkmp_ai::services::filename_matcher: wkmp-ai\src\services\filename_matcher.rs:54: Checking if file exists in database path=Apple, Fiona/Tidal/(Fiona_Apple)Tidal-07-Never_Is_a_Promise.mp3 norm_us=11
2026-02-05T22:39:20.479993Z DEBUG tokio-runtime-worker ThreadId(23) wkmp_ai::services::workflow_orchestrator: wkmp-ai\src\services\workflow_orchestrator\mod.rs:3094: Starting per-file pipeline file_index=92 file_id=0ad76e1e-cf80-4a94-8923-b9e5d5fab054 file=Apple, Fiona/Tidal/(Fiona_Apple)Tidal-08-The_Child_Is_Gone.mp3
2026-02-05T22:39:20.480164Z  INFO tokio-runtime-worker ThreadId(23) wkmp_ai::services::workflow_orchestrator: wkmp-ai\src\services\workflow_orchestrator\mod.rs:1733: Starting PLAN024 10-phase per-file pipeline (late audio decode) file="C:\\Users\\Mango Cat\\Music\\Apple, Fiona/Tidal/(Fiona_Apple)Tidal-08-The_Child_Is_Gone.mp3"
2026-02-05T22:39:20.480329Z DEBUG tokio-runtime-worker ThreadId(23) wkmp_ai::services::workflow_orchestrator: wkmp-ai\src\services\workflow_orchestrator\mod.rs:1742: Phase 1: Filename Matching - START file="C:\\Users\\Mango Cat\\Music\\Apple, Fiona/Tidal/(Fiona_Apple)Tidal-08-The_Child_Is_Gone.mp3"
2026-02-05T22:39:20.480486Z DEBUG tokio-runtime-worker ThreadId(23) wkmp_ai::services::filename_matcher: wkmp-ai\src\services\filename_matcher.rs:54: Checking if file exists in database path=Apple, Fiona/Tidal/(Fiona_Apple)Tidal-08-The_Child_Is_Gone.mp3 norm_us=6
2026-02-05T22:39:20.480678Z DEBUG tokio-runtime-worker ThreadId(23) wkmp_ai::services::workflow_orchestrator: wkmp-ai\src\services\workflow_orchestrator\mod.rs:3094: Starting per-file pipeline file_index=93 file_id=82952d30-4396-494e-98b2-088ee842a904 file=Apple, Fiona/Tidal/(Fiona_Apple)Tidal-09-Pale_September.mp3
2026-02-05T22:39:20.480847Z  INFO tokio-runtime-worker ThreadId(23) wkmp_ai::services::workflow_orchestrator: wkmp-ai\src\services\workflow_orchestrator\mod.rs:1733: Starting PLAN024 10-phase per-file pipeline (late audio decode) file="C:\\Users\\Mango Cat\\Music\\Apple, Fiona/Tidal/(Fiona_Apple)Tidal-09-Pale_September.mp3"
2026-02-05T22:39:20.481010Z DEBUG tokio-runtime-worker ThreadId(23) wkmp_ai::services::workflow_orchestrator: wkmp-ai\src\services\workflow_orchestrator\mod.rs:1742: Phase 1: Filename Matching - START file="C:\\Users\\Mango Cat\\Music\\Apple, Fiona/Tidal/(Fiona_Apple)Tidal-09-Pale_September.mp3"
2026-02-05T22:39:20.481166Z DEBUG tokio-runtime-worker ThreadId(23) wkmp_ai::services::filename_matcher: wkmp-ai\src\services\filename_matcher.rs:54: Checking if file exists in database path=Apple, Fiona/Tidal/(Fiona_Apple)Tidal-09-Pale_September.mp3 norm_us=5
2026-02-05T22:39:20.482754Z DEBUG tokio-runtime-worker ThreadId(23) wkmp_ai::api::sse: wkmp-ai\src\api\sse.rs:71: SSE: Broadcasting import event: ImportProgressUpdate
2026-02-05T22:39:20.484247Z DEBUG tokio-runtime-worker ThreadId(23) wkmp_ai::api::sse: wkmp-ai\src\api\sse.rs:71: SSE: Broadcasting import event: ImportProgressUpdate
2026-02-05T22:39:20.485658Z DEBUG tokio-runtime-worker ThreadId(23) wkmp_ai::api::sse: wkmp-ai\src\api\sse.rs:71: SSE: Broadcasting import event: ImportProgressUpdate
2026-02-05T22:39:20.487289Z DEBUG tokio-runtime-worker ThreadId(23) wkmp_ai::api::sse: wkmp-ai\src\api\sse.rs:71: SSE: Broadcasting import event: ImportProgressUpdate
2026-02-05T22:39:20.488703Z DEBUG tokio-runtime-worker ThreadId(23) wkmp_ai::api::sse: wkmp-ai\src\api\sse.rs:71: SSE: Broadcasting import event: ImportProgressUpdate
2026-02-05T22:39:20.490111Z DEBUG tokio-runtime-worker ThreadId(23) wkmp_ai::api::sse: wkmp-ai\src\api\sse.rs:71: SSE: Broadcasting import event: ImportProgressUpdate
2026-02-05T22:39:20.490558Z DEBUG tokio-runtime-worker ThreadId(23) wkmp_ai::services::filename_matcher: wkmp-ai\src\services\filename_matcher.rs:65: Database query completed path=Apple, Fiona/Tidal/(Fiona_Apple)Tidal-07-Never_Is_a_Promise.mp3 query_us=10633
2026-02-05T22:39:20.490771Z DEBUG tokio-runtime-worker ThreadId(23) wkmp_ai::services::filename_matcher: wkmp-ai\src\services\filename_matcher.rs:81: File already processed (INGEST COMPLETE) path=Apple, Fiona/Tidal/(Fiona_Apple)Tidal-07-Never_Is_a_Promise.mp3 guid=191785f3-b5f6-4892-ae0a-05eeb695a466
2026-02-05T22:39:20.491030Z  INFO tokio-runtime-worker ThreadId(23) wkmp_ai::services::workflow_orchestrator: wkmp-ai\src\services\workflow_orchestrator\mod.rs:1756: Phase 1 completed phase="Filename Matching" duration_ms=11 path_us=1 db_ms=11 file_index=91
2026-02-05T22:39:20.491372Z  INFO tokio-runtime-worker ThreadId(23) wkmp_ai::services::workflow_orchestrator: wkmp-ai\src\services\workflow_orchestrator\mod.rs:1770: File already processed (INGEST COMPLETE/NO AUDIO/DUPLICATE HASH), skipping all remaining phases file="C:\\Users\\Mango Cat\\Music\\Apple, Fiona/Tidal/(Fiona_Apple)Tidal-07-Never_Is_a_Promise.mp3" file_id=191785f3-b5f6-4892-ae0a-05eeb695a466
2026-02-05T22:39:20.491669Z DEBUG tokio-runtime-worker ThreadId(23) wkmp_ai::services::workflow_orchestrator: wkmp-ai\src\services\workflow_orchestrator\mod.rs:2912: File processing complete session_id=fc49b2a9-297a-4710-91ea-7a5f24790519 file_index=91 file=Apple, Fiona/Tidal/(Fiona_Apple)Tidal-07-Never_Is_a_Promise.mp3
2026-02-05T22:39:20.491868Z DEBUG tokio-runtime-worker ThreadId(23) wkmp_ai::services::workflow_orchestrator: wkmp-ai\src\services\workflow_orchestrator\mod.rs:1438: Acquiring all statistics Mutex locks for SSE conversion
2026-02-05T22:39:20.492103Z DEBUG tokio-runtime-worker ThreadId(23) wkmp_ai::services::workflow_orchestrator: wkmp-ai\src\services\workflow_orchestrator\mod.rs:1467: All statistics Mutex locks acquired and data cloned
2026-02-05T22:39:20.492361Z DEBUG tokio-runtime-worker ThreadId(23) wkmp_ai::services::workflow_orchestrator: wkmp-ai\src\services\workflow_orchestrator\mod.rs:1577: Releasing all statistics Mutex locks for SSE conversion
2026-02-05T22:39:20.492639Z DEBUG tokio-runtime-worker ThreadId(23) wkmp_ai::services::filename_matcher: wkmp-ai\src\services\filename_matcher.rs:65: Database query completed path=Apple, Fiona/Tidal/(Fiona_Apple)Tidal-08-The_Child_Is_Gone.mp3 query_us=11998
2026-02-05T22:39:20.492813Z DEBUG tokio-runtime-worker ThreadId(23) wkmp_ai::services::filename_matcher: wkmp-ai\src\services\filename_matcher.rs:81: File already processed (INGEST COMPLETE) path=Apple, Fiona/Tidal/(Fiona_Apple)Tidal-08-The_Child_Is_Gone.mp3 guid=0ad76e1e-cf80-4a94-8923-b9e5d5fab054
2026-02-05T22:39:20.493028Z  INFO tokio-runtime-worker ThreadId(23) wkmp_ai::services::workflow_orchestrator: wkmp-ai\src\services\workflow_orchestrator\mod.rs:1756: Phase 1 completed phase="Filename Matching" duration_ms=12 path_us=1 db_ms=12 file_index=92
2026-02-05T22:39:20.493233Z  INFO tokio-runtime-worker ThreadId(23) wkmp_ai::services::workflow_orchestrator: wkmp-ai\src\services\workflow_orchestrator\mod.rs:1770: File already processed (INGEST COMPLETE/NO AUDIO/DUPLICATE HASH), skipping all remaining phases file="C:\\Users\\Mango Cat\\Music\\Apple, Fiona/Tidal/(Fiona_Apple)Tidal-08-The_Child_Is_Gone.mp3" file_id=0ad76e1e-cf80-4a94-8923-b9e5d5fab054
2026-02-05T22:39:20.493440Z DEBUG tokio-runtime-worker ThreadId(23) wkmp_ai::services::workflow_orchestrator: wkmp-ai\src\services\workflow_orchestrator\mod.rs:2912: File processing complete session_id=fc49b2a9-297a-4710-91ea-7a5f24790519 file_index=92 file=Apple, Fiona/Tidal/(Fiona_Apple)Tidal-08-The_Child_Is_Gone.mp3
2026-02-05T22:39:20.493620Z DEBUG tokio-runtime-worker ThreadId(23) wkmp_ai::services::workflow_orchestrator: wkmp-ai\src\services\workflow_orchestrator\mod.rs:1438: Acquiring all statistics Mutex locks for SSE conversion
2026-02-05T22:39:20.493760Z DEBUG tokio-runtime-worker ThreadId(23) wkmp_ai::services::workflow_orchestrator: wkmp-ai\src\services\workflow_orchestrator\mod.rs:1467: All statistics Mutex locks acquired and data cloned
2026-02-05T22:39:20.493971Z DEBUG tokio-runtime-worker ThreadId(23) wkmp_ai::services::workflow_orchestrator: wkmp-ai\src\services\workflow_orchestrator\mod.rs:1577: Releasing all statistics Mutex locks for SSE conversion
2026-02-05T22:39:20.494158Z DEBUG tokio-runtime-worker ThreadId(23) wkmp_ai::services::filename_matcher: wkmp-ai\src\services\filename_matcher.rs:65: Database query completed path=Apple, Fiona/Tidal/(Fiona_Apple)Tidal-09-Pale_September.mp3 query_us=12839
2026-02-05T22:39:20.494322Z DEBUG tokio-runtime-worker ThreadId(23) wkmp_ai::services::filename_matcher: wkmp-ai\src\services\filename_matcher.rs:81: File already processed (INGEST COMPLETE) path=Apple, Fiona/Tidal/(Fiona_Apple)Tidal-09-Pale_September.mp3 guid=82952d30-4396-494e-98b2-088ee842a904
2026-02-05T22:39:20.494479Z  INFO tokio-runtime-worker ThreadId(23) wkmp_ai::services::workflow_orchestrator: wkmp-ai\src\services\workflow_orchestrator\mod.rs:1756: Phase 1 completed phase="Filename Matching" duration_ms=13 path_us=1 db_ms=13 file_index=93
2026-02-05T22:39:20.494650Z  INFO tokio-runtime-worker ThreadId(23) wkmp_ai::services::workflow_orchestrator: wkmp-ai\src\services\workflow_orchestrator\mod.rs:1770: File already processed (INGEST COMPLETE/NO AUDIO/DUPLICATE HASH), skipping all remaining phases file="C:\\Users\\Mango Cat\\Music\\Apple, Fiona/Tidal/(Fiona_Apple)Tidal-09-Pale_September.mp3" file_id=82952d30-4396-494e-98b2-088ee842a904
2026-02-05T22:39:20.494828Z DEBUG tokio-runtime-worker ThreadId(23) wkmp_ai::services::workflow_orchestrator: wkmp-ai\src\services\workflow_orchestrator\mod.rs:2912: File processing complete session_id=fc49b2a9-297a-4710-91ea-7a5f24790519 file_index=93 file=Apple, Fiona/Tidal/(Fiona_Apple)Tidal-09-Pale_September.mp3
2026-02-05T22:39:20.494995Z DEBUG tokio-runtime-worker ThreadId(23) wkmp_ai::services::workflow_orchestrator: wkmp-ai\src\services\workflow_orchestrator\mod.rs:1438: Acquiring all statistics Mutex locks for SSE conversion
2026-02-05T22:39:20.495161Z DEBUG tokio-runtime-worker ThreadId(23) wkmp_ai::services::workflow_orchestrator: wkmp-ai\src\services\workflow_orchestrator\mod.rs:1467: All statistics Mutex locks acquired and data cloned
2026-02-05T22:39:20.495367Z DEBUG tokio-runtime-worker ThreadId(23) wkmp_ai::services::workflow_orchestrator: wkmp-ai\src\services\workflow_orchestrator\mod.rs:1577: Releasing all statistics Mutex locks for SSE conversion
2026-02-05T22:39:20.495520Z DEBUG tokio-runtime-worker ThreadId(23) wkmp_ai::services::workflow_orchestrator: wkmp-ai\src\services\workflow_orchestrator\mod.rs:3094: Starting per-file pipeline file_index=94 file_id=e9089392-b36e-411b-9a8c-9b50766c1085 file=Apple, Fiona/Tidal/(Fiona_Apple)Tidal-10-Carrion.mp3
2026-02-05T22:39:20.495695Z  INFO tokio-runtime-worker ThreadId(23) wkmp_ai::services::workflow_orchestrator: wkmp-ai\src\services\workflow_orchestrator\mod.rs:1733: Starting PLAN024 10-phase per-file pipeline (late audio decode) file="C:\\Users\\Mango Cat\\Music\\Apple, Fiona/Tidal/(Fiona_Apple)Tidal-10-Carrion.mp3"
2026-02-05T22:39:20.495870Z DEBUG tokio-runtime-worker ThreadId(23) wkmp_ai::services::workflow_orchestrator: wkmp-ai\src\services\workflow_orchestrator\mod.rs:1742: Phase 1: Filename Matching - START file="C:\\Users\\Mango Cat\\Music\\Apple, Fiona/Tidal/(Fiona_Apple)Tidal-10-Carrion.mp3"
2026-02-05T22:39:20.496040Z DEBUG tokio-runtime-worker ThreadId(23) wkmp_ai::services::filename_matcher: wkmp-ai\src\services\filename_matcher.rs:54: Checking if file exists in database path=Apple, Fiona/Tidal/(Fiona_Apple)Tidal-10-Carrion.mp3 norm_us=12
2026-02-05T22:39:20.496260Z DEBUG tokio-runtime-worker ThreadId(23) wkmp_ai::services::workflow_orchestrator: wkmp-ai\src\services\workflow_orchestrator\mod.rs:3094: Starting per-file pipeline file_index=95 file_id=b0a01a6f-12aa-4087-b2e5-95793ed0da93 file=Aretha Franklin/Knew You Were Waiting The Best of Aretha Franklin 1980–1998/01 - United Together (single version).mp3
2026-02-05T22:39:20.496446Z  INFO tokio-runtime-worker ThreadId(23) wkmp_ai::services::workflow_orchestrator: wkmp-ai\src\services\workflow_orchestrator\mod.rs:1733: Starting PLAN024 10-phase per-file pipeline (late audio decode) file="C:\\Users\\Mango Cat\\Music\\Aretha Franklin/Knew You Were Waiting\u{f03a} The Best of Aretha Franklin 1980–1998/01 - United Together (single version).mp3"
2026-02-05T22:39:20.496620Z DEBUG tokio-runtime-worker ThreadId(23) wkmp_ai::services::workflow_orchestrator: wkmp-ai\src\services\workflow_orchestrator\mod.rs:1742: Phase 1: Filename Matching - START file="C:\\Users\\Mango Cat\\Music\\Aretha Franklin/Knew You Were Waiting\u{f03a} The Best of Aretha Franklin 1980–1998/01 - United Together (single version).mp3"
2026-02-05T22:39:20.496787Z DEBUG tokio-runtime-worker ThreadId(23) wkmp_ai::services::filename_matcher: wkmp-ai\src\services\filename_matcher.rs:54: Checking if file exists in database path=Aretha Franklin/Knew You Were Waiting The Best of Aretha Franklin 1980–1998/01 - United Together (single version).mp3 norm_us=6
2026-02-05T22:39:20.496986Z DEBUG tokio-runtime-worker ThreadId(23) wkmp_ai::services::workflow_orchestrator: wkmp-ai\src\services\workflow_orchestrator\mod.rs:3094: Starting per-file pipeline file_index=96 file_id=2062ef41-9589-4ae1-b192-80dfac9ab310 file=Aretha Franklin/Knew You Were Waiting The Best of Aretha Franklin 1980–1998/02 - Love All the Hurt Away.mp3
2026-02-05T22:39:20.497158Z  INFO tokio-runtime-worker ThreadId(23) wkmp_ai::services::workflow_orchestrator: wkmp-ai\src\services\workflow_orchestrator\mod.rs:1733: Starting PLAN024 10-phase per-file pipeline (late audio decode) file="C:\\Users\\Mango Cat\\Music\\Aretha Franklin/Knew You Were Waiting\u{f03a} The Best of Aretha Franklin 1980–1998/02 - Love All the Hurt Away.mp3"
2026-02-05T22:39:20.497328Z DEBUG tokio-runtime-worker ThreadId(23) wkmp_ai::services::workflow_orchestrator: wkmp-ai\src\services\workflow_orchestrator\mod.rs:1742: Phase 1: Filename Matching - START file="C:\\Users\\Mango Cat\\Music\\Aretha Franklin/Knew You Were Waiting\u{f03a} The Best of Aretha Franklin 1980–1998/02 - Love All the Hurt Away.mp3"
2026-02-05T22:39:20.497492Z DEBUG tokio-runtime-worker ThreadId(23) wkmp_ai::services::filename_matcher: wkmp-ai\src\services\filename_matcher.rs:54: Checking if file exists in database path=Aretha Franklin/Knew You Were Waiting The Best of Aretha Franklin 1980–1998/02 - Love All the Hurt Away.mp3 norm_us=5
2026-02-05T22:39:20.499099Z DEBUG tokio-runtime-worker ThreadId(23) wkmp_ai::api::sse: wkmp-ai\src\api\sse.rs:71: SSE: Broadcasting import event: ImportProgressUpdate
2026-02-05T22:39:20.500601Z DEBUG tokio-runtime-worker ThreadId(23) wkmp_ai::api::sse: wkmp-ai\src\api\sse.rs:71: SSE: Broadcasting import event: ImportProgressUpdate
2026-02-05T22:39:20.502051Z DEBUG tokio-runtime-worker ThreadId(23) wkmp_ai::api::sse: wkmp-ai\src\api\sse.rs:71: SSE: Broadcasting import event: ImportProgressUpdate
2026-02-05T22:39:20.503739Z DEBUG tokio-runtime-worker ThreadId(23) wkmp_ai::api::sse: wkmp-ai\src\api\sse.rs:71: SSE: Broadcasting import event: ImportProgressUpdate
2026-02-05T22:39:20.505207Z DEBUG tokio-runtime-worker ThreadId(23) wkmp_ai::api::sse: wkmp-ai\src\api\sse.rs:71: SSE: Broadcasting import event: ImportProgressUpdate
2026-02-05T22:39:20.506677Z DEBUG tokio-runtime-worker ThreadId(23) wkmp_ai::api::sse: wkmp-ai\src\api\sse.rs:71: SSE: Broadcasting import event: ImportProgressUpdate
2026-02-05T22:39:20.507150Z DEBUG tokio-runtime-worker ThreadId(23) wkmp_ai::services::filename_matcher: wkmp-ai\src\services\filename_matcher.rs:65: Database query completed path=Apple, Fiona/Tidal/(Fiona_Apple)Tidal-10-Carrion.mp3 query_us=10951
2026-02-05T22:39:20.507403Z DEBUG tokio-runtime-worker ThreadId(23) wkmp_ai::services::filename_matcher: wkmp-ai\src\services\filename_matcher.rs:81: File already processed (INGEST COMPLETE) path=Apple, Fiona/Tidal/(Fiona_Apple)Tidal-10-Carrion.mp3 guid=e9089392-b36e-411b-9a8c-9b50766c1085
2026-02-05T22:39:20.507585Z  INFO tokio-runtime-worker ThreadId(23) wkmp_ai::services::workflow_orchestrator: wkmp-ai\src\services\workflow_orchestrator\mod.rs:1756: Phase 1 completed phase="Filename Matching" duration_ms=11 path_us=1 db_ms=11 file_index=94
2026-02-05T22:39:20.507859Z  INFO tokio-runtime-worker ThreadId(23) wkmp_ai::services::workflow_orchestrator: wkmp-ai\src\services\workflow_orchestrator\mod.rs:1770: File already processed (INGEST COMPLETE/NO AUDIO/DUPLICATE HASH), skipping all remaining phases file="C:\\Users\\Mango Cat\\Music\\Apple, Fiona/Tidal/(Fiona_Apple)Tidal-10-Carrion.mp3" file_id=e9089392-b36e-411b-9a8c-9b50766c1085
2026-02-05T22:39:20.508141Z DEBUG tokio-runtime-worker ThreadId(23) wkmp_ai::services::workflow_orchestrator: wkmp-ai\src\services\workflow_orchestrator\mod.rs:2912: File processing complete session_id=fc49b2a9-297a-4710-91ea-7a5f24790519 file_index=94 file=Apple, Fiona/Tidal/(Fiona_Apple)Tidal-10-Carrion.mp3
2026-02-05T22:39:20.508399Z DEBUG tokio-runtime-worker ThreadId(23) wkmp_ai::services::workflow_orchestrator: wkmp-ai\src\services\workflow_orchestrator\mod.rs:1438: Acquiring all statistics Mutex locks for SSE conversion
2026-02-05T22:39:20.508557Z DEBUG tokio-runtime-worker ThreadId(23) wkmp_ai::services::workflow_orchestrator: wkmp-ai\src\services\workflow_orchestrator\mod.rs:1467: All statistics Mutex locks acquired and data cloned
2026-02-05T22:39:20.508821Z DEBUG tokio-runtime-worker ThreadId(23) wkmp_ai::services::workflow_orchestrator: wkmp-ai\src\services\workflow_orchestrator\mod.rs:1577: Releasing all statistics Mutex locks for SSE conversion
2026-02-05T22:39:20.509038Z DEBUG tokio-runtime-worker ThreadId(23) wkmp_ai::services::filename_matcher: wkmp-ai\src\services\filename_matcher.rs:65: Database query completed path=Aretha Franklin/Knew You Were Waiting The Best of Aretha Franklin 1980–1998/02 - Love All the Hurt Away.mp3 query_us=11389
2026-02-05T22:39:20.509255Z DEBUG tokio-runtime-worker ThreadId(23) wkmp_ai::services::filename_matcher: wkmp-ai\src\services\filename_matcher.rs:81: File already processed (INGEST COMPLETE) path=Aretha Franklin/Knew You Were Waiting The Best of Aretha Franklin 1980–1998/02 - Love All the Hurt Away.mp3 guid=2062ef41-9589-4ae1-b192-80dfac9ab310
2026-02-05T22:39:20.509432Z  INFO tokio-runtime-worker ThreadId(23) wkmp_ai::services::workflow_orchestrator: wkmp-ai\src\services\workflow_orchestrator\mod.rs:1756: Phase 1 completed phase="Filename Matching" duration_ms=12 path_us=1 db_ms=11 file_index=96
2026-02-05T22:39:20.509680Z  INFO tokio-runtime-worker ThreadId(23) wkmp_ai::services::workflow_orchestrator: wkmp-ai\src\services\workflow_orchestrator\mod.rs:1770: File already processed (INGEST COMPLETE/NO AUDIO/DUPLICATE HASH), skipping all remaining phases file="C:\\Users\\Mango Cat\\Music\\Aretha Franklin/Knew You Were Waiting\u{f03a} The Best of Aretha Franklin 1980–1998/02 - Love All the Hurt Away.mp3" file_id=2062ef41-9589-4ae1-b192-80dfac9ab310
2026-02-05T22:39:20.509881Z DEBUG tokio-runtime-worker ThreadId(23) wkmp_ai::services::workflow_orchestrator: wkmp-ai\src\services\workflow_orchestrator\mod.rs:2912: File processing complete session_id=fc49b2a9-297a-4710-91ea-7a5f24790519 file_index=96 file=Aretha Franklin/Knew You Were Waiting The Best of Aretha Franklin 1980–1998/02 - Love All the Hurt Away.mp3
2026-02-05T22:39:20.510113Z DEBUG tokio-runtime-worker ThreadId(23) wkmp_ai::services::workflow_orchestrator: wkmp-ai\src\services\workflow_orchestrator\mod.rs:1438: Acquiring all statistics Mutex locks for SSE conversion
2026-02-05T22:39:20.510328Z DEBUG tokio-runtime-worker ThreadId(23) wkmp_ai::services::workflow_orchestrator: wkmp-ai\src\services\workflow_orchestrator\mod.rs:1467: All statistics Mutex locks acquired and data cloned
2026-02-05T22:39:20.510556Z DEBUG tokio-runtime-worker ThreadId(23) wkmp_ai::services::workflow_orchestrator: wkmp-ai\src\services\workflow_orchestrator\mod.rs:1577: Releasing all statistics Mutex locks for SSE conversion
2026-02-05T22:39:20.510760Z DEBUG tokio-runtime-worker ThreadId(23) wkmp_ai::services::filename_matcher: wkmp-ai\src\services\filename_matcher.rs:65: Database query completed path=Aretha Franklin/Knew You Were Waiting The Best of Aretha Franklin 1980–1998/01 - United Together (single version).mp3 query_us=13813
2026-02-05T22:39:20.510921Z DEBUG tokio-runtime-worker ThreadId(23) wkmp_ai::services::filename_matcher: wkmp-ai\src\services\filename_matcher.rs:81: File already processed (INGEST COMPLETE) path=Aretha Franklin/Knew You Were Waiting The Best of Aretha Franklin 1980–1998/01 - United Together (single version).mp3 guid=b0a01a6f-12aa-4087-b2e5-95793ed0da93
2026-02-05T22:39:20.511133Z  INFO tokio-runtime-worker ThreadId(23) wkmp_ai::services::workflow_orchestrator: wkmp-ai\src\services\workflow_orchestrator\mod.rs:1756: Phase 1 completed phase="Filename Matching" duration_ms=14 path_us=1 db_ms=14 file_index=95
2026-02-05T22:39:20.511310Z  INFO tokio-runtime-worker ThreadId(23) wkmp_ai::services::workflow_orchestrator: wkmp-ai\src\services\workflow_orchestrator\mod.rs:1770: File already processed (INGEST COMPLETE/NO AUDIO/DUPLICATE HASH), skipping all remaining phases file="C:\\Users\\Mango Cat\\Music\\Aretha Franklin/Knew You Were Waiting\u{f03a} The Best of Aretha Franklin 1980–1998/01 - United Together (single version).mp3" file_id=b0a01a6f-12aa-4087-b2e5-95793ed0da93
2026-02-05T22:39:20.511504Z DEBUG tokio-runtime-worker ThreadId(23) wkmp_ai::services::workflow_orchestrator: wkmp-ai\src\services\workflow_orchestrator\mod.rs:2912: File processing complete session_id=fc49b2a9-297a-4710-91ea-7a5f24790519 file_index=95 file=Aretha Franklin/Knew You Were Waiting The Best of Aretha Franklin 1980–1998/01 - United Together (single version).mp3
2026-02-05T22:39:20.511640Z DEBUG tokio-runtime-worker ThreadId(23) wkmp_ai::services::workflow_orchestrator: wkmp-ai\src\services\workflow_orchestrator\mod.rs:1438: Acquiring all statistics Mutex locks for SSE conversion
2026-02-05T22:39:20.511873Z DEBUG tokio-runtime-worker ThreadId(23) wkmp_ai::services::workflow_orchestrator: wkmp-ai\src\services\workflow_orchestrator\mod.rs:1467: All statistics Mutex locks acquired and data cloned
2026-02-05T22:39:20.512101Z DEBUG tokio-runtime-worker ThreadId(23) wkmp_ai::services::workflow_orchestrator: wkmp-ai\src\services\workflow_orchestrator\mod.rs:1577: Releasing all statistics Mutex locks for SSE conversion
2026-02-05T22:39:20.512241Z DEBUG tokio-runtime-worker ThreadId(23) wkmp_ai::services::workflow_orchestrator: wkmp-ai\src\services\workflow_orchestrator\mod.rs:3094: Starting per-file pipeline file_index=97 file_id=6948a174-c014-4eb8-8c5b-e7458ea8ff42 file=Aretha Franklin/Knew You Were Waiting The Best of Aretha Franklin 1980–1998/03 - Jump to It (original radio mix).mp3
2026-02-05T22:39:20.512423Z  INFO tokio-runtime-worker ThreadId(23) wkmp_ai::services::workflow_orchestrator: wkmp-ai\src\services\workflow_orchestrator\mod.rs:1733: Starting PLAN024 10-phase per-file pipeline (late audio decode) file="C:\\Users\\Mango Cat\\Music\\Aretha Franklin/Knew You Were Waiting\u{f03a} The Best of Aretha Franklin 1980–1998/03 - Jump to It (original radio mix).mp3"
2026-02-05T22:39:20.512578Z DEBUG tokio-runtime-worker ThreadId(23) wkmp_ai::services::workflow_orchestrator: wkmp-ai\src\services\workflow_orchestrator\mod.rs:1742: Phase 1: Filename Matching - START file="C:\\Users\\Mango Cat\\Music\\Aretha Franklin/Knew You Were Waiting\u{f03a} The Best of Aretha Franklin 1980–1998/03 - Jump to It (original radio mix).mp3"
2026-02-05T22:39:20.512751Z DEBUG tokio-runtime-worker ThreadId(23) wkmp_ai::services::filename_matcher: wkmp-ai\src\services\filename_matcher.rs:54: Checking if file exists in database path=Aretha Franklin/Knew You Were Waiting The Best of Aretha Franklin 1980–1998/03 - Jump to It (original radio mix).mp3 norm_us=10
2026-02-05T22:39:20.512935Z DEBUG tokio-runtime-worker ThreadId(23) wkmp_ai::services::workflow_orchestrator: wkmp-ai\src\services\workflow_orchestrator\mod.rs:3094: Starting per-file pipeline file_index=98 file_id=d13df405-aac5-47eb-b0c4-d7062c825ac8 file=Aretha Franklin/Knew You Were Waiting The Best of Aretha Franklin 1980–1998/04 - Get It Right.mp3
2026-02-05T22:39:20.513108Z  INFO tokio-runtime-worker ThreadId(23) wkmp_ai::services::workflow_orchestrator: wkmp-ai\src\services\workflow_orchestrator\mod.rs:1733: Starting PLAN024 10-phase per-file pipeline (late audio decode) file="C:\\Users\\Mango Cat\\Music\\Aretha Franklin/Knew You Were Waiting\u{f03a} The Best of Aretha Franklin 1980–1998/04 - Get It Right.mp3"
2026-02-05T22:39:20.513240Z DEBUG tokio-runtime-worker ThreadId(23) wkmp_ai::services::workflow_orchestrator: wkmp-ai\src\services\workflow_orchestrator\mod.rs:1742: Phase 1: Filename Matching - START file="C:\\Users\\Mango Cat\\Music\\Aretha Franklin/Knew You Were Waiting\u{f03a} The Best of Aretha Franklin 1980–1998/04 - Get It Right.mp3"
2026-02-05T22:39:20.513420Z DEBUG tokio-runtime-worker ThreadId(23) wkmp_ai::services::filename_matcher: wkmp-ai\src\services\filename_matcher.rs:54: Checking if file exists in database path=Aretha Franklin/Knew You Were Waiting The Best of Aretha Franklin 1980–1998/04 - Get It Right.mp3 norm_us=6
2026-02-05T22:39:20.513627Z DEBUG tokio-runtime-worker ThreadId(23) wkmp_ai::services::workflow_orchestrator: wkmp-ai\src\services\workflow_orchestrator\mod.rs:3094: Starting per-file pipeline file_index=99 file_id=671a9b8f-e24d-43eb-989d-491c2c6522e3 file=Aretha Franklin/Knew You Were Waiting The Best of Aretha Franklin 1980–1998/05 - Freeway of Love (single version).mp3
2026-02-05T22:39:20.513800Z  INFO tokio-runtime-worker ThreadId(23) wkmp_ai::services::workflow_orchestrator: wkmp-ai\src\services\workflow_orchestrator\mod.rs:1733: Starting PLAN024 10-phase per-file pipeline (late audio decode) file="C:\\Users\\Mango Cat\\Music\\Aretha Franklin/Knew You Were Waiting\u{f03a} The Best of Aretha Franklin 1980–1998/05 - Freeway of Love (single version).mp3"
2026-02-05T22:39:20.513939Z DEBUG tokio-runtime-worker ThreadId(23) wkmp_ai::services::workflow_orchestrator: wkmp-ai\src\services\workflow_orchestrator\mod.rs:1742: Phase 1: Filename Matching - START file="C:\\Users\\Mango Cat\\Music\\Aretha Franklin/Knew You Were Waiting\u{f03a} The Best of Aretha Franklin 1980–1998/05 - Freeway of Love (single version).mp3"
2026-02-05T22:39:20.514103Z DEBUG tokio-runtime-worker ThreadId(23) wkmp_ai::services::filename_matcher: wkmp-ai\src\services\filename_matcher.rs:54: Checking if file exists in database path=Aretha Franklin/Knew You Were Waiting The Best of Aretha Franklin 1980–1998/05 - Freeway of Love (single version).mp3 norm_us=5
2026-02-05T22:39:20.515700Z DEBUG tokio-runtime-worker ThreadId(23) wkmp_ai::api::sse: wkmp-ai\src\api\sse.rs:71: SSE: Broadcasting import event: ImportProgressUpdate
2026-02-05T22:39:20.516673Z DEBUG tokio-runtime-worker ThreadId(23) wkmp_ai::api::sse: wkmp-ai\src\api\sse.rs:71: SSE: Broadcasting import event: ImportProgressUpdate
2026-02-05T22:39:20.518202Z DEBUG tokio-runtime-worker ThreadId(23) wkmp_ai::api::sse: wkmp-ai\src\api\sse.rs:71: SSE: Broadcasting import event: ImportProgressUpdate
2026-02-05T22:39:20.519899Z DEBUG tokio-runtime-worker ThreadId(23) wkmp_ai::api::sse: wkmp-ai\src\api\sse.rs:71: SSE: Broadcasting import event: ImportProgressUpdate
2026-02-05T22:39:20.521393Z DEBUG tokio-runtime-worker ThreadId(23) wkmp_ai::api::sse: wkmp-ai\src\api\sse.rs:71: SSE: Broadcasting import event: ImportProgressUpdate
2026-02-05T22:39:20.522913Z DEBUG tokio-runtime-worker ThreadId(23) wkmp_ai::api::sse: wkmp-ai\src\api\sse.rs:71: SSE: Broadcasting import event: ImportProgressUpdate
2026-02-05T22:39:20.523406Z DEBUG tokio-runtime-worker ThreadId(23) wkmp_ai::services::filename_matcher: wkmp-ai\src\services\filename_matcher.rs:65: Database query completed path=Aretha Franklin/Knew You Were Waiting The Best of Aretha Franklin 1980–1998/03 - Jump to It (original radio mix).mp3 query_us=10537
2026-02-05T22:39:20.523730Z DEBUG tokio-runtime-worker ThreadId(23) wkmp_ai::services::filename_matcher: wkmp-ai\src\services\filename_matcher.rs:81: File already processed (INGEST COMPLETE) path=Aretha Franklin/Knew You Were Waiting The Best of Aretha Franklin 1980–1998/03 - Jump to It (original radio mix).mp3 guid=6948a174-c014-4eb8-8c5b-e7458ea8ff42
2026-02-05T22:39:20.524006Z  INFO tokio-runtime-worker ThreadId(23) wkmp_ai::services::workflow_orchestrator: wkmp-ai\src\services\workflow_orchestrator\mod.rs:1756: Phase 1 completed phase="Filename Matching" duration_ms=11 path_us=2 db_ms=11 file_index=97
2026-02-05T22:39:20.524274Z  INFO tokio-runtime-worker ThreadId(23) wkmp_ai::services::workflow_orchestrator: wkmp-ai\src\services\workflow_orchestrator\mod.rs:1770: File already processed (INGEST COMPLETE/NO AUDIO/DUPLICATE HASH), skipping all remaining phases file="C:\\Users\\Mango Cat\\Music\\Aretha Franklin/Knew You Were Waiting\u{f03a} The Best of Aretha Franklin 1980–1998/03 - Jump to It (original radio mix).mp3" file_id=6948a174-c014-4eb8-8c5b-e7458ea8ff42
2026-02-05T22:39:20.524558Z DEBUG tokio-runtime-worker ThreadId(23) wkmp_ai::services::workflow_orchestrator: wkmp-ai\src\services\workflow_orchestrator\mod.rs:2912: File processing complete session_id=fc49b2a9-297a-4710-91ea-7a5f24790519 file_index=97 file=Aretha Franklin/Knew You Were Waiting The Best of Aretha Franklin 1980–1998/03 - Jump to It (original radio mix).mp3
2026-02-05T22:39:20.524744Z DEBUG tokio-runtime-worker ThreadId(23) wkmp_ai::services::workflow_orchestrator: wkmp-ai\src\services\workflow_orchestrator\mod.rs:1438: Acquiring all statistics Mutex locks for SSE conversion
2026-02-05T22:39:20.524888Z DEBUG tokio-runtime-worker ThreadId(23) wkmp_ai::services::workflow_orchestrator: wkmp-ai\src\services\workflow_orchestrator\mod.rs:1467: All statistics Mutex locks acquired and data cloned
2026-02-05T22:39:20.525123Z DEBUG tokio-runtime-worker ThreadId(23) wkmp_ai::services::workflow_orchestrator: wkmp-ai\src\services\workflow_orchestrator\mod.rs:1577: Releasing all statistics Mutex locks for SSE conversion
2026-02-05T22:39:20.525356Z DEBUG tokio-runtime-worker ThreadId(23) wkmp_ai::services::filename_matcher: wkmp-ai\src\services\filename_matcher.rs:65: Database query completed path=Aretha Franklin/Knew You Were Waiting The Best of Aretha Franklin 1980–1998/04 - Get It Right.mp3 query_us=11769
2026-02-05T22:39:20.525550Z DEBUG tokio-runtime-worker ThreadId(23) wkmp_ai::services::filename_matcher: wkmp-ai\src\services\filename_matcher.rs:81: File already processed (INGEST COMPLETE) path=Aretha Franklin/Knew You Were Waiting The Best of Aretha Franklin 1980–1998/04 - Get It Right.mp3 guid=d13df405-aac5-47eb-b0c4-d7062c825ac8
2026-02-05T22:39:20.525803Z  INFO tokio-runtime-worker ThreadId(23) wkmp_ai::services::workflow_orchestrator: wkmp-ai\src\services\workflow_orchestrator\mod.rs:1756: Phase 1 completed phase="Filename Matching" duration_ms=12 path_us=2 db_ms=12 file_index=98
2026-02-05T22:39:20.526061Z  INFO tokio-runtime-worker ThreadId(23) wkmp_ai::services::workflow_orchestrator: wkmp-ai\src\services\workflow_orchestrator\mod.rs:1770: File already processed (INGEST COMPLETE/NO AUDIO/DUPLICATE HASH), skipping all remaining phases file="C:\\Users\\Mango Cat\\Music\\Aretha Franklin/Knew You Were Waiting\u{f03a} The Best of Aretha Franklin 1980–1998/04 - Get It Right.mp3" file_id=d13df405-aac5-47eb-b0c4-d7062c825ac8
2026-02-05T22:39:20.526339Z DEBUG tokio-runtime-worker ThreadId(23) wkmp_ai::services::workflow_orchestrator: wkmp-ai\src\services\workflow_orchestrator\mod.rs:2912: File processing complete session_id=fc49b2a9-297a-4710-91ea-7a5f24790519 file_index=98 file=Aretha Franklin/Knew You Were Waiting The Best of Aretha Franklin 1980–1998/04 - Get It Right.mp3
2026-02-05T22:39:20.535751Z DEBUG tokio-runtime-worker ThreadId(23) wkmp_ai::services::workflow_orchestrator: wkmp-ai\src\services\workflow_orchestrator\mod.rs:1438: Acquiring all statistics Mutex locks for SSE conversion
2026-02-05T22:39:20.535954Z DEBUG tokio-runtime-worker ThreadId(23) wkmp_ai::services::workflow_orchestrator: wkmp-ai\src\services\workflow_orchestrator\mod.rs:1467: All statistics Mutex locks acquired and data cloned
2026-02-05T22:39:20.536277Z DEBUG tokio-runtime-worker ThreadId(23) wkmp_ai::services::workflow_orchestrator: wkmp-ai\src\services\workflow_orchestrator\mod.rs:1577: Releasing all statistics Mutex locks for SSE conversion
2026-02-05T22:39:20.536551Z DEBUG tokio-runtime-worker ThreadId(23) wkmp_ai::services::filename_matcher: wkmp-ai\src\services\filename_matcher.rs:65: Database query completed path=Aretha Franklin/Knew You Were Waiting The Best of Aretha Franklin 1980–1998/05 - Freeway of Love (single version).mp3 query_us=22334
2026-02-05T22:39:20.536752Z DEBUG tokio-runtime-worker ThreadId(23) wkmp_ai::services::filename_matcher: wkmp-ai\src\services\filename_matcher.rs:81: File already processed (INGEST COMPLETE) path=Aretha Franklin/Knew You Were Waiting The Best of Aretha Franklin 1980–1998/05 - Freeway of Love (single version).mp3 guid=671a9b8f-e24d-43eb-989d-491c2c6522e3
2026-02-05T22:39:20.536937Z  INFO tokio-runtime-worker ThreadId(23) wkmp_ai::services::workflow_orchestrator: wkmp-ai\src\services\workflow_orchestrator\mod.rs:1756: Phase 1 completed phase="Filename Matching" duration_ms=22 path_us=1 db_ms=22 file_index=99
2026-02-05T22:39:20.537198Z  INFO tokio-runtime-worker ThreadId(23) wkmp_ai::services::workflow_orchestrator: wkmp-ai\src\services\workflow_orchestrator\mod.rs:1770: File already processed (INGEST COMPLETE/NO AUDIO/DUPLICATE HASH), skipping all remaining phases file="C:\\Users\\Mango Cat\\Music\\Aretha Franklin/Knew You Were Waiting\u{f03a} The Best of Aretha Franklin 1980–1998/05 - Freeway of Love (single version).mp3" file_id=671a9b8f-e24d-43eb-989d-491c2c6522e3
2026-02-05T22:39:20.537485Z DEBUG tokio-runtime-worker ThreadId(23) wkmp_ai::services::workflow_orchestrator: wkmp-ai\src\services\workflow_orchestrator\mod.rs:2912: File processing complete session_id=fc49b2a9-297a-4710-91ea-7a5f24790519 file_index=99 file=Aretha Franklin/Knew You Were Waiting The Best of Aretha Franklin 1980–1998/05 - Freeway of Love (single version).mp3
2026-02-05T22:39:20.537677Z DEBUG tokio-runtime-worker ThreadId(23) wkmp_ai::services::workflow_orchestrator: wkmp-ai\src\services\workflow_orchestrator\mod.rs:1438: Acquiring all statistics Mutex locks for SSE conversion
2026-02-05T22:39:20.537827Z DEBUG tokio-runtime-worker ThreadId(23) wkmp_ai::services::workflow_orchestrator: wkmp-ai\src\services\workflow_orchestrator\mod.rs:1467: All statistics Mutex locks acquired and data cloned
2026-02-05T22:39:20.538070Z DEBUG tokio-runtime-worker ThreadId(23) wkmp_ai::services::workflow_orchestrator: wkmp-ai\src\services\workflow_orchestrator\mod.rs:1577: Releasing all statistics Mutex locks for SSE conversion
2026-02-05T22:39:20.538301Z DEBUG tokio-runtime-worker ThreadId(23) wkmp_ai::services::workflow_orchestrator: wkmp-ai\src\services\workflow_orchestrator\mod.rs:3094: Starting per-file pipeline file_index=100 file_id=3018fc32-3091-4e8f-b38e-e9504217036a file=Aretha Franklin/Knew You Were Waiting The Best of Aretha Franklin 1980–1998/06 - Who's Zoomin' Who (single version).mp3
2026-02-05T22:39:20.538572Z  INFO tokio-runtime-worker ThreadId(23) wkmp_ai::services::workflow_orchestrator: wkmp-ai\src\services\workflow_orchestrator\mod.rs:1733: Starting PLAN024 10-phase per-file pipeline (late audio decode) file="C:\\Users\\Mango Cat\\Music\\Aretha Franklin/Knew You Were Waiting\u{f03a} The Best of Aretha Franklin 1980–1998/06 - Who\'s Zoomin\' Who (single version).mp3"
2026-02-05T22:39:20.538776Z DEBUG tokio-runtime-worker ThreadId(23) wkmp_ai::services::workflow_orchestrator: wkmp-ai\src\services\workflow_orchestrator\mod.rs:1742: Phase 1: Filename Matching - START file="C:\\Users\\Mango Cat\\Music\\Aretha Franklin/Knew You Were Waiting\u{f03a} The Best of Aretha Franklin 1980–1998/06 - Who\'s Zoomin\' Who (single version).mp3"
2026-02-05T22:39:20.539012Z DEBUG tokio-runtime-worker ThreadId(23) wkmp_ai::services::filename_matcher: wkmp-ai\src\services\filename_matcher.rs:54: Checking if file exists in database path=Aretha Franklin/Knew You Were Waiting The Best of Aretha Franklin 1980–1998/06 - Who's Zoomin' Who (single version).mp3 norm_us=15
2026-02-05T22:39:20.539269Z DEBUG tokio-runtime-worker ThreadId(23) wkmp_ai::services::workflow_orchestrator: wkmp-ai\src\services\workflow_orchestrator\mod.rs:3094: Starting per-file pipeline file_index=101 file_id=7cea5828-ce98-4e6c-86cd-f1c31ab2d082 file=Aretha Franklin/Knew You Were Waiting The Best of Aretha Franklin 1980–1998/07 - Sisters Are Doin' It for Themselves.mp3
2026-02-05T22:39:20.539491Z  INFO tokio-runtime-worker ThreadId(23) wkmp_ai::services::workflow_orchestrator: wkmp-ai\src\services\workflow_orchestrator\mod.rs:1733: Starting PLAN024 10-phase per-file pipeline (late audio decode) file="C:\\Users\\Mango Cat\\Music\\Aretha Franklin/Knew You Were Waiting\u{f03a} The Best of Aretha Franklin 1980–1998/07 - Sisters Are Doin\' It for Themselves.mp3"
2026-02-05T22:39:20.539782Z DEBUG tokio-runtime-worker ThreadId(23) wkmp_ai::services::workflow_orchestrator: wkmp-ai\src\services\workflow_orchestrator\mod.rs:1742: Phase 1: Filename Matching - START file="C:\\Users\\Mango Cat\\Music\\Aretha Franklin/Knew You Were Waiting\u{f03a} The Best of Aretha Franklin 1980–1998/07 - Sisters Are Doin\' It for Themselves.mp3"
2026-02-05T22:39:20.540043Z DEBUG tokio-runtime-worker ThreadId(23) wkmp_ai::services::filename_matcher: wkmp-ai\src\services\filename_matcher.rs:54: Checking if file exists in database path=Aretha Franklin/Knew You Were Waiting The Best of Aretha Franklin 1980–1998/07 - Sisters Are Doin' It for Themselves.mp3 norm_us=7
2026-02-05T22:39:20.540333Z DEBUG tokio-runtime-worker ThreadId(23) wkmp_ai::services::workflow_orchestrator: wkmp-ai\src\services\workflow_orchestrator\mod.rs:3094: Starting per-file pipeline file_index=102 file_id=bd9f86ce-6ee4-43ec-8bce-f1f65f2a088e file=Aretha Franklin/Knew You Were Waiting The Best of Aretha Franklin 1980–1998/08 - Another Night (single mix).mp3
2026-02-05T22:39:20.540533Z  INFO tokio-runtime-worker ThreadId(23) wkmp_ai::services::workflow_orchestrator: wkmp-ai\src\services\workflow_orchestrator\mod.rs:1733: Starting PLAN024 10-phase per-file pipeline (late audio decode) file="C:\\Users\\Mango Cat\\Music\\Aretha Franklin/Knew You Were Waiting\u{f03a} The Best of Aretha Franklin 1980–1998/08 - Another Night (single mix).mp3"
2026-02-05T22:39:20.540749Z DEBUG tokio-runtime-worker ThreadId(23) wkmp_ai::services::workflow_orchestrator: wkmp-ai\src\services\workflow_orchestrator\mod.rs:1742: Phase 1: Filename Matching - START file="C:\\Users\\Mango Cat\\Music\\Aretha Franklin/Knew You Were Waiting\u{f03a} The Best of Aretha Franklin 1980–1998/08 - Another Night (single mix).mp3"
2026-02-05T22:39:20.540998Z DEBUG tokio-runtime-worker ThreadId(23) wkmp_ai::services::filename_matcher: wkmp-ai\src\services\filename_matcher.rs:54: Checking if file exists in database path=Aretha Franklin/Knew You Were Waiting The Best of Aretha Franklin 1980–1998/08 - Another Night (single mix).mp3 norm_us=8
2026-02-05T22:39:20.542365Z DEBUG tokio-runtime-worker ThreadId(23) wkmp_ai::api::sse: wkmp-ai\src\api\sse.rs:71: SSE: Broadcasting import event: ImportProgressUpdate
2026-02-05T22:39:20.544103Z DEBUG tokio-runtime-worker ThreadId(23) wkmp_ai::api::sse: wkmp-ai\src\api\sse.rs:71: SSE: Broadcasting import event: ImportProgressUpdate
2026-02-05T22:39:20.545671Z DEBUG tokio-runtime-worker ThreadId(23) wkmp_ai::api::sse: wkmp-ai\src\api\sse.rs:71: SSE: Broadcasting import event: ImportProgressUpdate
2026-02-05T22:39:20.547434Z DEBUG tokio-runtime-worker ThreadId(23) wkmp_ai::api::sse: wkmp-ai\src\api\sse.rs:71: SSE: Broadcasting import event: ImportProgressUpdate
2026-02-05T22:39:20.549009Z DEBUG tokio-runtime-worker ThreadId(23) wkmp_ai::api::sse: wkmp-ai\src\api\sse.rs:71: SSE: Broadcasting import event: ImportProgressUpdate
2026-02-05T22:39:20.550587Z DEBUG tokio-runtime-worker ThreadId(23) wkmp_ai::api::sse: wkmp-ai\src\api\sse.rs:71: SSE: Broadcasting import event: ImportProgressUpdate
2026-02-05T22:39:20.551067Z DEBUG tokio-runtime-worker ThreadId(23) wkmp_ai::services::filename_matcher: wkmp-ai\src\services\filename_matcher.rs:65: Database query completed path=Aretha Franklin/Knew You Were Waiting The Best of Aretha Franklin 1980–1998/06 - Who's Zoomin' Who (single version).mp3 query_us=11876
2026-02-05T22:39:20.551257Z DEBUG tokio-runtime-worker ThreadId(23) wkmp_ai::services::filename_matcher: wkmp-ai\src\services\filename_matcher.rs:81: File already processed (INGEST COMPLETE) path=Aretha Franklin/Knew You Were Waiting The Best of Aretha Franklin 1980–1998/06 - Who's Zoomin' Who (single version).mp3 guid=3018fc32-3091-4e8f-b38e-e9504217036a
2026-02-05T22:39:20.551425Z  INFO tokio-runtime-worker ThreadId(23) wkmp_ai::services::workflow_orchestrator: wkmp-ai\src\services\workflow_orchestrator\mod.rs:1756: Phase 1 completed phase="Filename Matching" duration_ms=12 path_us=3 db_ms=12 file_index=100
2026-02-05T22:39:20.551600Z  INFO tokio-runtime-worker ThreadId(23) wkmp_ai::services::workflow_orchestrator: wkmp-ai\src\services\workflow_orchestrator\mod.rs:1770: File already processed (INGEST COMPLETE/NO AUDIO/DUPLICATE HASH), skipping all remaining phases file="C:\\Users\\Mango Cat\\Music\\Aretha Franklin/Knew You Were Waiting\u{f03a} The Best of Aretha Franklin 1980–1998/06 - Who\'s Zoomin\' Who (single version).mp3" file_id=3018fc32-3091-4e8f-b38e-e9504217036a
2026-02-05T22:39:20.551803Z DEBUG tokio-runtime-worker ThreadId(23) wkmp_ai::services::workflow_orchestrator: wkmp-ai\src\services\workflow_orchestrator\mod.rs:2912: File processing complete session_id=fc49b2a9-297a-4710-91ea-7a5f24790519 file_index=100 file=Aretha Franklin/Knew You Were Waiting The Best of Aretha Franklin 1980–1998/06 - Who's Zoomin' Who (single version).mp3
2026-02-05T22:39:20.551984Z DEBUG tokio-runtime-worker ThreadId(23) wkmp_ai::services::workflow_orchestrator: wkmp-ai\src\services\workflow_orchestrator\mod.rs:1438: Acquiring all statistics Mutex locks for SSE conversion
2026-02-05T22:39:20.552125Z DEBUG tokio-runtime-worker ThreadId(23) wkmp_ai::services::workflow_orchestrator: wkmp-ai\src\services\workflow_orchestrator\mod.rs:1467: All statistics Mutex locks acquired and data cloned
2026-02-05T22:39:20.552349Z DEBUG tokio-runtime-worker ThreadId(23) wkmp_ai::services::workflow_orchestrator: wkmp-ai\src\services\workflow_orchestrator\mod.rs:1577: Releasing all statistics Mutex locks for SSE conversion
2026-02-05T22:39:20.552554Z DEBUG tokio-runtime-worker ThreadId(23) wkmp_ai::services::filename_matcher: wkmp-ai\src\services\filename_matcher.rs:65: Database query completed path=Aretha Franklin/Knew You Were Waiting The Best of Aretha Franklin 1980–1998/08 - Another Night (single mix).mp3 query_us=11320
2026-02-05T22:39:20.552718Z DEBUG tokio-runtime-worker ThreadId(23) wkmp_ai::services::filename_matcher: wkmp-ai\src\services\filename_matcher.rs:81: File already processed (INGEST COMPLETE) path=Aretha Franklin/Knew You Were Waiting The Best of Aretha Franklin 1980–1998/08 - Another Night (single mix).mp3 guid=bd9f86ce-6ee4-43ec-8bce-f1f65f2a088e
2026-02-05T22:39:20.552876Z  INFO tokio-runtime-worker ThreadId(23) wkmp_ai::services::workflow_orchestrator: wkmp-ai\src\services\workflow_orchestrator\mod.rs:1756: Phase 1 completed phase="Filename Matching" duration_ms=12 path_us=2 db_ms=11 file_index=102
2026-02-05T22:39:20.553043Z  INFO tokio-runtime-worker ThreadId(23) wkmp_ai::services::workflow_orchestrator: wkmp-ai\src\services\workflow_orchestrator\mod.rs:1770: File already processed (INGEST COMPLETE/NO AUDIO/DUPLICATE HASH), skipping all remaining phases file="C:\\Users\\Mango Cat\\Music\\Aretha Franklin/Knew You Were Waiting\u{f03a} The Best of Aretha Franklin 1980–1998/08 - Another Night (single mix).mp3" file_id=bd9f86ce-6ee4-43ec-8bce-f1f65f2a088e
2026-02-05T22:39:20.553234Z DEBUG tokio-runtime-worker ThreadId(23) wkmp_ai::services::workflow_orchestrator: wkmp-ai\src\services\workflow_orchestrator\mod.rs:2912: File processing complete session_id=fc49b2a9-297a-4710-91ea-7a5f24790519 file_index=102 file=Aretha Franklin/Knew You Were Waiting The Best of Aretha Franklin 1980–1998/08 - Another Night (single mix).mp3
2026-02-05T22:39:20.553404Z DEBUG tokio-runtime-worker ThreadId(23) wkmp_ai::services::workflow_orchestrator: wkmp-ai\src\services\workflow_orchestrator\mod.rs:1438: Acquiring all statistics Mutex locks for SSE conversion
2026-02-05T22:39:20.553541Z DEBUG tokio-runtime-worker ThreadId(23) wkmp_ai::services::workflow_orchestrator: wkmp-ai\src\services\workflow_orchestrator\mod.rs:1467: All statistics Mutex locks acquired and data cloned
2026-02-05T22:39:20.553750Z DEBUG tokio-runtime-worker ThreadId(23) wkmp_ai::services::workflow_orchestrator: wkmp-ai\src\services\workflow_orchestrator\mod.rs:1577: Releasing all statistics Mutex locks for SSE conversion
2026-02-05T22:39:20.553937Z DEBUG tokio-runtime-worker ThreadId(23) wkmp_ai::services::filename_matcher: wkmp-ai\src\services\filename_matcher.rs:65: Database query completed path=Aretha Franklin/Knew You Were Waiting The Best of Aretha Franklin 1980–1998/07 - Sisters Are Doin' It for Themselves.mp3 query_us=13659
2026-02-05T22:39:20.554099Z DEBUG tokio-runtime-worker ThreadId(23) wkmp_ai::services::filename_matcher: wkmp-ai\src\services\filename_matcher.rs:81: File already processed (INGEST COMPLETE) path=Aretha Franklin/Knew You Were Waiting The Best of Aretha Franklin 1980–1998/07 - Sisters Are Doin' It for Themselves.mp3 guid=7cea5828-ce98-4e6c-86cd-f1c31ab2d082
2026-02-05T22:39:20.554256Z  INFO tokio-runtime-worker ThreadId(23) wkmp_ai::services::workflow_orchestrator: wkmp-ai\src\services\workflow_orchestrator\mod.rs:1756: Phase 1 completed phase="Filename Matching" duration_ms=14 path_us=2 db_ms=14 file_index=101
2026-02-05T22:39:20.554424Z  INFO tokio-runtime-worker ThreadId(23) wkmp_ai::services::workflow_orchestrator: wkmp-ai\src\services\workflow_orchestrator\mod.rs:1770: File already processed (INGEST COMPLETE/NO AUDIO/DUPLICATE HASH), skipping all remaining phases file="C:\\Users\\Mango Cat\\Music\\Aretha Franklin/Knew You Were Waiting\u{f03a} The Best of Aretha Franklin 1980–1998/07 - Sisters Are Doin\' It for Themselves.mp3" file_id=7cea5828-ce98-4e6c-86cd-f1c31ab2d082
2026-02-05T22:39:20.554613Z DEBUG tokio-runtime-worker ThreadId(23) wkmp_ai::services::workflow_orchestrator: wkmp-ai\src\services\workflow_orchestrator\mod.rs:2912: File processing complete session_id=fc49b2a9-297a-4710-91ea-7a5f24790519 file_index=101 file=Aretha Franklin/Knew You Were Waiting The Best of Aretha Franklin 1980–1998/07 - Sisters Are Doin' It for Themselves.mp3
2026-02-05T22:39:20.554783Z DEBUG tokio-runtime-worker ThreadId(23) wkmp_ai::services::workflow_orchestrator: wkmp-ai\src\services\workflow_orchestrator\mod.rs:1438: Acquiring all statistics Mutex locks for SSE conversion
2026-02-05T22:39:20.554919Z DEBUG tokio-runtime-worker ThreadId(23) wkmp_ai::services::workflow_orchestrator: wkmp-ai\src\services\workflow_orchestrator\mod.rs:1467: All statistics Mutex locks acquired and data cloned
2026-02-05T22:39:20.555126Z DEBUG tokio-runtime-worker ThreadId(23) wkmp_ai::services::workflow_orchestrator: wkmp-ai\src\services\workflow_orchestrator\mod.rs:1577: Releasing all statistics Mutex locks for SSE conversion
2026-02-05T22:39:20.555282Z DEBUG tokio-runtime-worker ThreadId(23) wkmp_ai::services::workflow_orchestrator: wkmp-ai\src\services\workflow_orchestrator\mod.rs:3094: Starting per-file pipeline file_index=103 file_id=5261fa60-d185-41d9-91fb-3b69feefc4bd file=Aretha Franklin/Knew You Were Waiting The Best of Aretha Franklin 1980–1998/09 - Jumpin' Jack Flash (single version).mp3
2026-02-05T22:39:20.555460Z  INFO tokio-runtime-worker ThreadId(23) wkmp_ai::services::workflow_orchestrator: wkmp-ai\src\services\workflow_orchestrator\mod.rs:1733: Starting PLAN024 10-phase per-file pipeline (late audio decode) file="C:\\Users\\Mango Cat\\Music\\Aretha Franklin/Knew You Were Waiting\u{f03a} The Best of Aretha Franklin 1980–1998/09 - Jumpin\' Jack Flash (single version).mp3"
2026-02-05T22:39:20.555637Z DEBUG tokio-runtime-worker ThreadId(23) wkmp_ai::services::workflow_orchestrator: wkmp-ai\src\services\workflow_orchestrator\mod.rs:1742: Phase 1: Filename Matching - START file="C:\\Users\\Mango Cat\\Music\\Aretha Franklin/Knew You Were Waiting\u{f03a} The Best of Aretha Franklin 1980–1998/09 - Jumpin\' Jack Flash (single version).mp3"
2026-02-05T22:39:20.555808Z DEBUG tokio-runtime-worker ThreadId(23) wkmp_ai::services::filename_matcher: wkmp-ai\src\services\filename_matcher.rs:54: Checking if file exists in database path=Aretha Franklin/Knew You Were Waiting The Best of Aretha Franklin 1980–1998/09 - Jumpin' Jack Flash (single version).mp3 norm_us=11
2026-02-05T22:39:20.556025Z DEBUG tokio-runtime-worker ThreadId(23) wkmp_ai::services::workflow_orchestrator: wkmp-ai\src\services\workflow_orchestrator\mod.rs:3094: Starting per-file pipeline file_index=104 file_id=0930d060-3ddd-4888-870a-4dfcf6448b19 file=Aretha Franklin/Knew You Were Waiting The Best of Aretha Franklin 1980–1998/10 - Jimmy Lee (single version).mp3
2026-02-05T22:39:20.556201Z  INFO tokio-runtime-worker ThreadId(23) wkmp_ai::services::workflow_orchestrator: wkmp-ai\src\services\workflow_orchestrator\mod.rs:1733: Starting PLAN024 10-phase per-file pipeline (late audio decode) file="C:\\Users\\Mango Cat\\Music\\Aretha Franklin/Knew You Were Waiting\u{f03a} The Best of Aretha Franklin 1980–1998/10 - Jimmy Lee (single version).mp3"
2026-02-05T22:39:20.556374Z DEBUG tokio-runtime-worker ThreadId(23) wkmp_ai::services::workflow_orchestrator: wkmp-ai\src\services\workflow_orchestrator\mod.rs:1742: Phase 1: Filename Matching - START file="C:\\Users\\Mango Cat\\Music\\Aretha Franklin/Knew You Were Waiting\u{f03a} The Best of Aretha Franklin 1980–1998/10 - Jimmy Lee (single version).mp3"
2026-02-05T22:39:20.556539Z DEBUG tokio-runtime-worker ThreadId(23) wkmp_ai::services::filename_matcher: wkmp-ai\src\services\filename_matcher.rs:54: Checking if file exists in database path=Aretha Franklin/Knew You Were Waiting The Best of Aretha Franklin 1980–1998/10 - Jimmy Lee (single version).mp3 norm_us=6
2026-02-05T22:39:20.556737Z DEBUG tokio-runtime-worker ThreadId(23) wkmp_ai::services::workflow_orchestrator: wkmp-ai\src\services\workflow_orchestrator\mod.rs:3094: Starting per-file pipeline file_index=105 file_id=d629a234-98cb-4d31-af61-e86c0316f909 file=Aretha Franklin/Knew You Were Waiting The Best of Aretha Franklin 1980–1998/11 - I Knew You Were Waiting (For Me).mp3
2026-02-05T22:39:20.556915Z  INFO tokio-runtime-worker ThreadId(23) wkmp_ai::services::workflow_orchestrator: wkmp-ai\src\services\workflow_orchestrator\mod.rs:1733: Starting PLAN024 10-phase per-file pipeline (late audio decode) file="C:\\Users\\Mango Cat\\Music\\Aretha Franklin/Knew You Were Waiting\u{f03a} The Best of Aretha Franklin 1980–1998/11 - I Knew You Were Waiting (For Me).mp3"
2026-02-05T22:39:20.557090Z DEBUG tokio-runtime-worker ThreadId(23) wkmp_ai::services::workflow_orchestrator: wkmp-ai\src\services\workflow_orchestrator\mod.rs:1742: Phase 1: Filename Matching - START file="C:\\Users\\Mango Cat\\Music\\Aretha Franklin/Knew You Were Waiting\u{f03a} The Best of Aretha Franklin 1980–1998/11 - I Knew You Were Waiting (For Me).mp3"
2026-02-05T22:39:20.557257Z DEBUG tokio-runtime-worker ThreadId(23) wkmp_ai::services::filename_matcher: wkmp-ai\src\services\filename_matcher.rs:54: Checking if file exists in database path=Aretha Franklin/Knew You Were Waiting The Best of Aretha Franklin 1980–1998/11 - I Knew You Were Waiting (For Me).mp3 norm_us=6
2026-02-05T22:39:20.558986Z DEBUG tokio-runtime-worker ThreadId(23) wkmp_ai::api::sse: wkmp-ai\src\api\sse.rs:71: SSE: Broadcasting import event: ImportProgressUpdate
2026-02-05T22:39:20.560635Z DEBUG tokio-runtime-worker ThreadId(23) wkmp_ai::api::sse: wkmp-ai\src\api\sse.rs:71: SSE: Broadcasting import event: ImportProgressUpdate
2026-02-05T22:39:20.562222Z DEBUG tokio-runtime-worker ThreadId(23) wkmp_ai::api::sse: wkmp-ai\src\api\sse.rs:71: SSE: Broadcasting import event: ImportProgressUpdate
2026-02-05T22:39:20.564371Z DEBUG tokio-runtime-worker ThreadId(23) wkmp_ai::api::sse: wkmp-ai\src\api\sse.rs:71: SSE: Broadcasting import event: ImportProgressUpdate
2026-02-05T22:39:20.566089Z DEBUG tokio-runtime-worker ThreadId(23) wkmp_ai::api::sse: wkmp-ai\src\api\sse.rs:71: SSE: Broadcasting import event: ImportProgressUpdate
2026-02-05T22:39:20.567687Z DEBUG tokio-runtime-worker ThreadId(23) wkmp_ai::api::sse: wkmp-ai\src\api\sse.rs:71: SSE: Broadcasting import event: ImportProgressUpdate
2026-02-05T22:39:20.568331Z DEBUG tokio-runtime-worker ThreadId(23) wkmp_ai::services::filename_matcher: wkmp-ai\src\services\filename_matcher.rs:65: Database query completed path=Aretha Franklin/Knew You Were Waiting The Best of Aretha Franklin 1980–1998/09 - Jumpin' Jack Flash (single version).mp3 query_us=12361
2026-02-05T22:39:20.568523Z DEBUG tokio-runtime-worker ThreadId(23) wkmp_ai::services::filename_matcher: wkmp-ai\src\services\filename_matcher.rs:81: File already processed (INGEST COMPLETE) path=Aretha Franklin/Knew You Were Waiting The Best of Aretha Franklin 1980–1998/09 - Jumpin' Jack Flash (single version).mp3 guid=5261fa60-d185-41d9-91fb-3b69feefc4bd
2026-02-05T22:39:20.568691Z  INFO tokio-runtime-worker ThreadId(23) wkmp_ai::services::workflow_orchestrator: wkmp-ai\src\services\workflow_orchestrator\mod.rs:1756: Phase 1 completed phase="Filename Matching" duration_ms=13 path_us=1 db_ms=12 file_index=103
2026-02-05T22:39:20.568866Z  INFO tokio-runtime-worker ThreadId(23) wkmp_ai::services::workflow_orchestrator: wkmp-ai\src\services\workflow_orchestrator\mod.rs:1770: File already processed (INGEST COMPLETE/NO AUDIO/DUPLICATE HASH), skipping all remaining phases file="C:\\Users\\Mango Cat\\Music\\Aretha Franklin/Knew You Were Waiting\u{f03a} The Best of Aretha Franklin 1980–1998/09 - Jumpin\' Jack Flash (single version).mp3" file_id=5261fa60-d185-41d9-91fb-3b69feefc4bd
2026-02-05T22:39:20.569066Z DEBUG tokio-runtime-worker ThreadId(23) wkmp_ai::services::workflow_orchestrator: wkmp-ai\src\services\workflow_orchestrator\mod.rs:2912: File processing complete session_id=fc49b2a9-297a-4710-91ea-7a5f24790519 file_index=103 file=Aretha Franklin/Knew You Were Waiting The Best of Aretha Franklin 1980–1998/09 - Jumpin' Jack Flash (single version).mp3
2026-02-05T22:39:20.569242Z DEBUG tokio-runtime-worker ThreadId(23) wkmp_ai::services::workflow_orchestrator: wkmp-ai\src\services\workflow_orchestrator\mod.rs:1438: Acquiring all statistics Mutex locks for SSE conversion
2026-02-05T22:39:20.569465Z DEBUG tokio-runtime-worker ThreadId(23) wkmp_ai::services::workflow_orchestrator: wkmp-ai\src\services\workflow_orchestrator\mod.rs:1467: All statistics Mutex locks acquired and data cloned
2026-02-05T22:39:20.569703Z DEBUG tokio-runtime-worker ThreadId(23) wkmp_ai::services::workflow_orchestrator: wkmp-ai\src\services\workflow_orchestrator\mod.rs:1577: Releasing all statistics Mutex locks for SSE conversion
2026-02-05T22:39:20.569913Z DEBUG tokio-runtime-worker ThreadId(23) wkmp_ai::services::filename_matcher: wkmp-ai\src\services\filename_matcher.rs:65: Database query completed path=Aretha Franklin/Knew You Were Waiting The Best of Aretha Franklin 1980–1998/10 - Jimmy Lee (single version).mp3 query_us=13216
2026-02-05T22:39:20.570078Z DEBUG tokio-runtime-worker ThreadId(23) wkmp_ai::services::filename_matcher: wkmp-ai\src\services\filename_matcher.rs:81: File already processed (INGEST COMPLETE) path=Aretha Franklin/Knew You Were Waiting The Best of Aretha Franklin 1980–1998/10 - Jimmy Lee (single version).mp3 guid=0930d060-3ddd-4888-870a-4dfcf6448b19
2026-02-05T22:39:20.570235Z  INFO tokio-runtime-worker ThreadId(23) wkmp_ai::services::workflow_orchestrator: wkmp-ai\src\services\workflow_orchestrator\mod.rs:1756: Phase 1 completed phase="Filename Matching" duration_ms=13 path_us=1 db_ms=13 file_index=104
2026-02-05T22:39:20.570403Z  INFO tokio-runtime-worker ThreadId(23) wkmp_ai::services::workflow_orchestrator: wkmp-ai\src\services\workflow_orchestrator\mod.rs:1770: File already processed (INGEST COMPLETE/NO AUDIO/DUPLICATE HASH), skipping all remaining phases file="C:\\Users\\Mango Cat\\Music\\Aretha Franklin/Knew You Were Waiting\u{f03a} The Best of Aretha Franklin 1980–1998/10 - Jimmy Lee (single version).mp3" file_id=0930d060-3ddd-4888-870a-4dfcf6448b19
2026-02-05T22:39:20.570593Z DEBUG tokio-runtime-worker ThreadId(23) wkmp_ai::services::workflow_orchestrator: wkmp-ai\src\services\workflow_orchestrator\mod.rs:2912: File processing complete session_id=fc49b2a9-297a-4710-91ea-7a5f24790519 file_index=104 file=Aretha Franklin/Knew You Were Waiting The Best of Aretha Franklin 1980–1998/10 - Jimmy Lee (single version).mp3
2026-02-05T22:39:20.570760Z DEBUG tokio-runtime-worker ThreadId(23) wkmp_ai::services::workflow_orchestrator: wkmp-ai\src\services\workflow_orchestrator\mod.rs:1438: Acquiring all statistics Mutex locks for SSE conversion
2026-02-05T22:39:20.570896Z DEBUG tokio-runtime-worker ThreadId(23) wkmp_ai::services::workflow_orchestrator: wkmp-ai\src\services\workflow_orchestrator\mod.rs:1467: All statistics Mutex locks acquired and data cloned
2026-02-05T22:39:20.571107Z DEBUG tokio-runtime-worker ThreadId(23) wkmp_ai::services::workflow_orchestrator: wkmp-ai\src\services\workflow_orchestrator\mod.rs:1577: Releasing all statistics Mutex locks for SSE conversion
2026-02-05T22:39:20.571293Z DEBUG tokio-runtime-worker ThreadId(23) wkmp_ai::services::filename_matcher: wkmp-ai\src\services\filename_matcher.rs:65: Database query completed path=Aretha Franklin/Knew You Were Waiting The Best of Aretha Franklin 1980–1998/11 - I Knew You Were Waiting (For Me).mp3 query_us=13877
2026-02-05T22:39:20.571453Z DEBUG tokio-runtime-worker ThreadId(23) wkmp_ai::services::filename_matcher: wkmp-ai\src\services\filename_matcher.rs:81: File already processed (INGEST COMPLETE) path=Aretha Franklin/Knew You Were Waiting The Best of Aretha Franklin 1980–1998/11 - I Knew You Were Waiting (For Me).mp3 guid=d629a234-98cb-4d31-af61-e86c0316f909
2026-02-05T22:39:20.571610Z  INFO tokio-runtime-worker ThreadId(23) wkmp_ai::services::workflow_orchestrator: wkmp-ai\src\services\workflow_orchestrator\mod.rs:1756: Phase 1 completed phase="Filename Matching" duration_ms=14 path_us=1 db_ms=14 file_index=105
2026-02-05T22:39:20.571777Z  INFO tokio-runtime-worker ThreadId(23) wkmp_ai::services::workflow_orchestrator: wkmp-ai\src\services\workflow_orchestrator\mod.rs:1770: File already processed (INGEST COMPLETE/NO AUDIO/DUPLICATE HASH), skipping all remaining phases file="C:\\Users\\Mango Cat\\Music\\Aretha Franklin/Knew You Were Waiting\u{f03a} The Best of Aretha Franklin 1980–1998/11 - I Knew You Were Waiting (For Me).mp3" file_id=d629a234-98cb-4d31-af61-e86c0316f909
2026-02-05T22:39:20.571967Z DEBUG tokio-runtime-worker ThreadId(23) wkmp_ai::services::workflow_orchestrator: wkmp-ai\src\services\workflow_orchestrator\mod.rs:2912: File processing complete session_id=fc49b2a9-297a-4710-91ea-7a5f24790519 file_index=105 file=Aretha Franklin/Knew You Were Waiting The Best of Aretha Franklin 1980–1998/11 - I Knew You Were Waiting (For Me).mp3
2026-02-05T22:39:20.572134Z DEBUG tokio-runtime-worker ThreadId(23) wkmp_ai::services::workflow_orchestrator: wkmp-ai\src\services\workflow_orchestrator\mod.rs:1438: Acquiring all statistics Mutex locks for SSE conversion
2026-02-05T22:39:20.572271Z DEBUG tokio-runtime-worker ThreadId(23) wkmp_ai::services::workflow_orchestrator: wkmp-ai\src\services\workflow_orchestrator\mod.rs:1467: All statistics Mutex locks acquired and data cloned
2026-02-05T22:39:20.572477Z DEBUG tokio-runtime-worker ThreadId(23) wkmp_ai::services::workflow_orchestrator: wkmp-ai\src\services\workflow_orchestrator\mod.rs:1577: Releasing all statistics Mutex locks for SSE conversion
2026-02-05T22:39:20.572632Z DEBUG tokio-runtime-worker ThreadId(23) wkmp_ai::services::workflow_orchestrator: wkmp-ai\src\services\workflow_orchestrator\mod.rs:3094: Starting per-file pipeline file_index=106 file_id=22893bdf-9d78-4f97-b2e9-63924a5914f4 file=Aretha Franklin/Knew You Were Waiting The Best of Aretha Franklin 1980–1998/12 - Through the Storm.mp3
2026-02-05T22:39:20.572808Z  INFO tokio-runtime-worker ThreadId(23) wkmp_ai::services::workflow_orchestrator: wkmp-ai\src\services\workflow_orchestrator\mod.rs:1733: Starting PLAN024 10-phase per-file pipeline (late audio decode) file="C:\\Users\\Mango Cat\\Music\\Aretha Franklin/Knew You Were Waiting\u{f03a} The Best of Aretha Franklin 1980–1998/12 - Through the Storm.mp3"
2026-02-05T22:39:20.572984Z DEBUG tokio-runtime-worker ThreadId(23) wkmp_ai::services::workflow_orchestrator: wkmp-ai\src\services\workflow_orchestrator\mod.rs:1742: Phase 1: Filename Matching - START file="C:\\Users\\Mango Cat\\Music\\Aretha Franklin/Knew You Were Waiting\u{f03a} The Best of Aretha Franklin 1980–1998/12 - Through the Storm.mp3"
2026-02-05T22:39:20.573153Z DEBUG tokio-runtime-worker ThreadId(23) wkmp_ai::services::filename_matcher: wkmp-ai\src\services\filename_matcher.rs:54: Checking if file exists in database path=Aretha Franklin/Knew You Were Waiting The Best of Aretha Franklin 1980–1998/12 - Through the Storm.mp3 norm_us=10
2026-02-05T22:39:20.573369Z DEBUG tokio-runtime-worker ThreadId(23) wkmp_ai::services::workflow_orchestrator: wkmp-ai\src\services\workflow_orchestrator\mod.rs:3094: Starting per-file pipeline file_index=107 file_id=dc2e6117-8163-4516-9b11-bdd4d69e93a7 file=Aretha Franklin/Knew You Were Waiting The Best of Aretha Franklin 1980–1998/13 - It Isn't, It Wasn't, It Ain't Never Gonna Be (single version).mp3
2026-02-05T22:39:20.573547Z  INFO tokio-runtime-worker ThreadId(23) wkmp_ai::services::workflow_orchestrator: wkmp-ai\src\services\workflow_orchestrator\mod.rs:1733: Starting PLAN024 10-phase per-file pipeline (late audio decode) file="C:\\Users\\Mango Cat\\Music\\Aretha Franklin/Knew You Were Waiting\u{f03a} The Best of Aretha Franklin 1980–1998/13 - It Isn\'t, It Wasn\'t, It Ain\'t Never Gonna Be (single version).mp3"
2026-02-05T22:39:20.573725Z DEBUG tokio-runtime-worker ThreadId(23) wkmp_ai::services::workflow_orchestrator: wkmp-ai\src\services\workflow_orchestrator\mod.rs:1742: Phase 1: Filename Matching - START file="C:\\Users\\Mango Cat\\Music\\Aretha Franklin/Knew You Were Waiting\u{f03a} The Best of Aretha Franklin 1980–1998/13 - It Isn\'t, It Wasn\'t, It Ain\'t Never Gonna Be (single version).mp3"
2026-02-05T22:39:20.573892Z DEBUG tokio-runtime-worker ThreadId(23) wkmp_ai::services::filename_matcher: wkmp-ai\src\services\filename_matcher.rs:54: Checking if file exists in database path=Aretha Franklin/Knew You Were Waiting The Best of Aretha Franklin 1980–1998/13 - It Isn't, It Wasn't, It Ain't Never Gonna Be (single version).mp3 norm_us=7
2026-02-05T22:39:20.574095Z DEBUG tokio-runtime-worker ThreadId(23) wkmp_ai::services::workflow_orchestrator: wkmp-ai\src\services\workflow_orchestrator\mod.rs:3094: Starting per-file pipeline file_index=108 file_id=77ba1b0a-0441-4ae6-9f78-d1887bf81008 file=Aretha Franklin/Knew You Were Waiting The Best of Aretha Franklin 1980–1998/14 - Ever Changing Times (single edit).mp3
2026-02-05T22:39:20.574273Z  INFO tokio-runtime-worker ThreadId(23) wkmp_ai::services::workflow_orchestrator: wkmp-ai\src\services\workflow_orchestrator\mod.rs:1733: Starting PLAN024 10-phase per-file pipeline (late audio decode) file="C:\\Users\\Mango Cat\\Music\\Aretha Franklin/Knew You Were Waiting\u{f03a} The Best of Aretha Franklin 1980–1998/14 - Ever Changing Times (single edit).mp3"
2026-02-05T22:39:20.574448Z DEBUG tokio-runtime-worker ThreadId(23) wkmp_ai::services::workflow_orchestrator: wkmp-ai\src\services\workflow_orchestrator\mod.rs:1742: Phase 1: Filename Matching - START file="C:\\Users\\Mango Cat\\Music\\Aretha Franklin/Knew You Were Waiting\u{f03a} The Best of Aretha Franklin 1980–1998/14 - Ever Changing Times (single edit).mp3"
2026-02-05T22:39:20.574638Z DEBUG tokio-runtime-worker ThreadId(23) wkmp_ai::services::filename_matcher: wkmp-ai\src\services\filename_matcher.rs:54: Checking if file exists in database path=Aretha Franklin/Knew You Were Waiting The Best of Aretha Franklin 1980–1998/14 - Ever Changing Times (single edit).mp3 norm_us=8
2026-02-05T22:39:20.576865Z DEBUG tokio-runtime-worker ThreadId(23) wkmp_ai::api::sse: wkmp-ai\src\api\sse.rs:71: SSE: Broadcasting import event: ImportProgressUpdate
2026-02-05T22:39:20.578614Z DEBUG tokio-runtime-worker ThreadId(23) wkmp_ai::api::sse: wkmp-ai\src\api\sse.rs:71: SSE: Broadcasting import event: ImportProgressUpdate
2026-02-05T22:39:20.579723Z DEBUG tokio-runtime-worker ThreadId(23) wkmp_ai::api::sse: wkmp-ai\src\api\sse.rs:71: SSE: Broadcasting import event: ImportProgressUpdate
2026-02-05T22:39:20.580225Z DEBUG tokio-runtime-worker ThreadId(23) wkmp_ai::services::filename_matcher: wkmp-ai\src\services\filename_matcher.rs:65: Database query completed path=Aretha Franklin/Knew You Were Waiting The Best of Aretha Franklin 1980–1998/13 - It Isn't, It Wasn't, It Ain't Never Gonna Be (single version).mp3 query_us=6171
2026-02-05T22:39:20.580447Z DEBUG tokio-runtime-worker ThreadId(23) wkmp_ai::services::filename_matcher: wkmp-ai\src\services\filename_matcher.rs:81: File already processed (INGEST COMPLETE) path=Aretha Franklin/Knew You Were Waiting The Best of Aretha Franklin 1980–1998/13 - It Isn't, It Wasn't, It Ain't Never Gonna Be (single version).mp3 guid=dc2e6117-8163-4516-9b11-bdd4d69e93a7
2026-02-05T22:39:20.580634Z  INFO tokio-runtime-worker ThreadId(23) wkmp_ai::services::workflow_orchestrator: wkmp-ai\src\services\workflow_orchestrator\mod.rs:1756: Phase 1 completed phase="Filename Matching" duration_ms=6 path_us=1 db_ms=6 file_index=107
2026-02-05T22:39:20.580823Z  INFO tokio-runtime-worker ThreadId(23) wkmp_ai::services::workflow_orchestrator: wkmp-ai\src\services\workflow_orchestrator\mod.rs:1770: File already processed (INGEST COMPLETE/NO AUDIO/DUPLICATE HASH), skipping all remaining phases file="C:\\Users\\Mango Cat\\Music\\Aretha Franklin/Knew You Were Waiting\u{f03a} The Best of Aretha Franklin 1980–1998/13 - It Isn\'t, It Wasn\'t, It Ain\'t Never Gonna Be (single version).mp3" file_id=dc2e6117-8163-4516-9b11-bdd4d69e93a7
2026-02-05T22:39:20.581031Z DEBUG tokio-runtime-worker ThreadId(23) wkmp_ai::services::workflow_orchestrator: wkmp-ai\src\services\workflow_orchestrator\mod.rs:2912: File processing complete session_id=fc49b2a9-297a-4710-91ea-7a5f24790519 file_index=107 file=Aretha Franklin/Knew You Were Waiting The Best of Aretha Franklin 1980–1998/13 - It Isn't, It Wasn't, It Ain't Never Gonna Be (single version).mp3
2026-02-05T22:39:20.581207Z DEBUG tokio-runtime-worker ThreadId(23) wkmp_ai::services::workflow_orchestrator: wkmp-ai\src\services\workflow_orchestrator\mod.rs:1438: Acquiring all statistics Mutex locks for SSE conversion
2026-02-05T22:39:20.581350Z DEBUG tokio-runtime-worker ThreadId(23) wkmp_ai::services::workflow_orchestrator: wkmp-ai\src\services\workflow_orchestrator\mod.rs:1467: All statistics Mutex locks acquired and data cloned
2026-02-05T22:39:20.581603Z DEBUG tokio-runtime-worker ThreadId(23) wkmp_ai::services::workflow_orchestrator: wkmp-ai\src\services\workflow_orchestrator\mod.rs:1577: Releasing all statistics Mutex locks for SSE conversion
2026-02-05T22:39:20.581812Z DEBUG tokio-runtime-worker ThreadId(23) wkmp_ai::services::filename_matcher: wkmp-ai\src\services\filename_matcher.rs:65: Database query completed path=Aretha Franklin/Knew You Were Waiting The Best of Aretha Franklin 1980–1998/14 - Ever Changing Times (single edit).mp3 query_us=7000
2026-02-05T22:39:20.581990Z DEBUG tokio-runtime-worker ThreadId(23) wkmp_ai::services::filename_matcher: wkmp-ai\src\services\filename_matcher.rs:81: File already processed (INGEST COMPLETE) path=Aretha Franklin/Knew You Were Waiting The Best of Aretha Franklin 1980–1998/14 - Ever Changing Times (single edit).mp3 guid=77ba1b0a-0441-4ae6-9f78-d1887bf81008
2026-02-05T22:39:20.582162Z  INFO tokio-runtime-worker ThreadId(23) wkmp_ai::services::workflow_orchestrator: wkmp-ai\src\services\workflow_orchestrator\mod.rs:1756: Phase 1 completed phase="Filename Matching" duration_ms=7 path_us=1 db_ms=7 file_index=108
2026-02-05T22:39:20.582335Z  INFO tokio-runtime-worker ThreadId(23) wkmp_ai::services::workflow_orchestrator: wkmp-ai\src\services\workflow_orchestrator\mod.rs:1770: File already processed (INGEST COMPLETE/NO AUDIO/DUPLICATE HASH), skipping all remaining phases file="C:\\Users\\Mango Cat\\Music\\Aretha Franklin/Knew You Were Waiting\u{f03a} The Best of Aretha Franklin 1980–1998/14 - Ever Changing Times (single edit).mp3" file_id=77ba1b0a-0441-4ae6-9f78-d1887bf81008
2026-02-05T22:39:20.582528Z DEBUG tokio-runtime-worker ThreadId(23) wkmp_ai::services::workflow_orchestrator: wkmp-ai\src\services\workflow_orchestrator\mod.rs:2912: File processing complete session_id=fc49b2a9-297a-4710-91ea-7a5f24790519 file_index=108 file=Aretha Franklin/Knew You Were Waiting The Best of Aretha Franklin 1980–1998/14 - Ever Changing Times (single edit).mp3
2026-02-05T22:39:20.582709Z DEBUG tokio-runtime-worker ThreadId(23) wkmp_ai::services::workflow_orchestrator: wkmp-ai\src\services\workflow_orchestrator\mod.rs:1438: Acquiring all statistics Mutex locks for SSE conversion
2026-02-05T22:39:20.582857Z DEBUG tokio-runtime-worker ThreadId(23) wkmp_ai::services::workflow_orchestrator: wkmp-ai\src\services\workflow_orchestrator\mod.rs:1467: All statistics Mutex locks acquired and data cloned
2026-02-05T22:39:20.583081Z DEBUG tokio-runtime-worker ThreadId(23) wkmp_ai::services::workflow_orchestrator: wkmp-ai\src\services\workflow_orchestrator\mod.rs:1577: Releasing all statistics Mutex locks for SSE conversion
2026-02-05T22:39:20.583274Z DEBUG tokio-runtime-worker ThreadId(23) wkmp_ai::services::filename_matcher: wkmp-ai\src\services\filename_matcher.rs:65: Database query completed path=Aretha Franklin/Knew You Were Waiting The Best of Aretha Franklin 1980–1998/12 - Through the Storm.mp3 query_us=9964
2026-02-05T22:39:20.583448Z DEBUG tokio-runtime-worker ThreadId(23) wkmp_ai::services::filename_matcher: wkmp-ai\src\services\filename_matcher.rs:81: File already processed (INGEST COMPLETE) path=Aretha Franklin/Knew You Were Waiting The Best of Aretha Franklin 1980–1998/12 - Through the Storm.mp3 guid=22893bdf-9d78-4f97-b2e9-63924a5914f4
2026-02-05T22:39:20.583620Z  INFO tokio-runtime-worker ThreadId(23) wkmp_ai::services::workflow_orchestrator: wkmp-ai\src\services\workflow_orchestrator\mod.rs:1756: Phase 1 completed phase="Filename Matching" duration_ms=10 path_us=1 db_ms=10 file_index=106
2026-02-05T22:39:20.583801Z  INFO tokio-runtime-worker ThreadId(23) wkmp_ai::services::workflow_orchestrator: wkmp-ai\src\services\workflow_orchestrator\mod.rs:1770: File already processed (INGEST COMPLETE/NO AUDIO/DUPLICATE HASH), skipping all remaining phases file="C:\\Users\\Mango Cat\\Music\\Aretha Franklin/Knew You Were Waiting\u{f03a} The Best of Aretha Franklin 1980–1998/12 - Through the Storm.mp3" file_id=22893bdf-9d78-4f97-b2e9-63924a5914f4
2026-02-05T22:39:20.583996Z DEBUG tokio-runtime-worker ThreadId(23) wkmp_ai::services::workflow_orchestrator: wkmp-ai\src\services\workflow_orchestrator\mod.rs:2912: File processing complete session_id=fc49b2a9-297a-4710-91ea-7a5f24790519 file_index=106 file=Aretha Franklin/Knew You Were Waiting The Best of Aretha Franklin 1980–1998/12 - Through the Storm.mp3
2026-02-05T22:39:20.593122Z DEBUG tokio-runtime-worker ThreadId(23) wkmp_ai::services::workflow_orchestrator: wkmp-ai\src\services\workflow_orchestrator\mod.rs:1438: Acquiring all statistics Mutex locks for SSE conversion
2026-02-05T22:39:20.593411Z DEBUG tokio-runtime-worker ThreadId(23) wkmp_ai::services::workflow_orchestrator: wkmp-ai\src\services\workflow_orchestrator\mod.rs:1467: All statistics Mutex locks acquired and data cloned
2026-02-05T22:39:20.593870Z DEBUG tokio-runtime-worker ThreadId(23) wkmp_ai::services::workflow_orchestrator: wkmp-ai\src\services\workflow_orchestrator\mod.rs:1577: Releasing all statistics Mutex locks for SSE conversion
2026-02-05T22:39:20.594453Z DEBUG tokio-runtime-worker ThreadId(23) wkmp_ai::services::workflow_orchestrator: wkmp-ai\src\services\workflow_orchestrator\mod.rs:3094: Starting per-file pipeline file_index=109 file_id=6d2273c2-c9ab-4392-9442-ce9c3fa0525e file=Aretha Franklin/Knew You Were Waiting The Best of Aretha Franklin 1980–1998/15 - Willing to Forgive.mp3
2026-02-05T22:39:20.594787Z  INFO tokio-runtime-worker ThreadId(23) wkmp_ai::services::workflow_orchestrator: wkmp-ai\src\services\workflow_orchestrator\mod.rs:1733: Starting PLAN024 10-phase per-file pipeline (late audio decode) file="C:\\Users\\Mango Cat\\Music\\Aretha Franklin/Knew You Were Waiting\u{f03a} The Best of Aretha Franklin 1980–1998/15 - Willing to Forgive.mp3"
2026-02-05T22:39:20.595044Z DEBUG tokio-runtime-worker ThreadId(23) wkmp_ai::services::workflow_orchestrator: wkmp-ai\src\services\workflow_orchestrator\mod.rs:1742: Phase 1: Filename Matching - START file="C:\\Users\\Mango Cat\\Music\\Aretha Franklin/Knew You Were Waiting\u{f03a} The Best of Aretha Franklin 1980–1998/15 - Willing to Forgive.mp3"
2026-02-05T22:39:20.595261Z DEBUG tokio-runtime-worker ThreadId(23) wkmp_ai::services::filename_matcher: wkmp-ai\src\services\filename_matcher.rs:54: Checking if file exists in database path=Aretha Franklin/Knew You Were Waiting The Best of Aretha Franklin 1980–1998/15 - Willing to Forgive.mp3 norm_us=12
2026-02-05T22:39:20.595544Z DEBUG tokio-runtime-worker ThreadId(23) wkmp_ai::services::workflow_orchestrator: wkmp-ai\src\services\workflow_orchestrator\mod.rs:3094: Starting per-file pipeline file_index=110 file_id=a4e6104a-7bc2-4ea9-a0e1-149492a3b2b2 file=Aretha Franklin/Knew You Were Waiting The Best of Aretha Franklin 1980–1998/16 - A Rose Is Still a Rose (original radio edit).mp3
2026-02-05T22:39:20.595758Z  INFO tokio-runtime-worker ThreadId(23) wkmp_ai::services::workflow_orchestrator: wkmp-ai\src\services\workflow_orchestrator\mod.rs:1733: Starting PLAN024 10-phase per-file pipeline (late audio decode) file="C:\\Users\\Mango Cat\\Music\\Aretha Franklin/Knew You Were Waiting\u{f03a} The Best of Aretha Franklin 1980–1998/16 - A Rose Is Still a Rose (original radio edit).mp3"
2026-02-05T22:39:20.595970Z DEBUG tokio-runtime-worker ThreadId(23) wkmp_ai::services::workflow_orchestrator: wkmp-ai\src\services\workflow_orchestrator\mod.rs:1742: Phase 1: Filename Matching - START file="C:\\Users\\Mango Cat\\Music\\Aretha Franklin/Knew You Were Waiting\u{f03a} The Best of Aretha Franklin 1980–1998/16 - A Rose Is Still a Rose (original radio edit).mp3"
2026-02-05T22:39:20.596184Z DEBUG tokio-runtime-worker ThreadId(23) wkmp_ai::services::filename_matcher: wkmp-ai\src\services\filename_matcher.rs:54: Checking if file exists in database path=Aretha Franklin/Knew You Were Waiting The Best of Aretha Franklin 1980–1998/16 - A Rose Is Still a Rose (original radio edit).mp3 norm_us=6
2026-02-05T22:39:20.596431Z DEBUG tokio-runtime-worker ThreadId(23) wkmp_ai::services::workflow_orchestrator: wkmp-ai\src\services\workflow_orchestrator\mod.rs:3094: Starting per-file pipeline file_index=111 file_id=e68016e6-cfdc-4a60-abf7-927998c14b89 file=Aretha Franklin/The Atlantic Singles Collection 1967–1970/101 - I Never Loved a Man (The Way I Love You).mp3
2026-02-05T22:39:20.596746Z  INFO tokio-runtime-worker ThreadId(23) wkmp_ai::services::workflow_orchestrator: wkmp-ai\src\services\workflow_orchestrator\mod.rs:1733: Starting PLAN024 10-phase per-file pipeline (late audio decode) file="C:\\Users\\Mango Cat\\Music\\Aretha Franklin/The Atlantic Singles Collection 1967–1970/101 - I Never Loved a Man (The Way I Love You).mp3"
2026-02-05T22:39:20.596994Z DEBUG tokio-runtime-worker ThreadId(23) wkmp_ai::services::workflow_orchestrator: wkmp-ai\src\services\workflow_orchestrator\mod.rs:1742: Phase 1: Filename Matching - START file="C:\\Users\\Mango Cat\\Music\\Aretha Franklin/The Atlantic Singles Collection 1967–1970/101 - I Never Loved a Man (The Way I Love You).mp3"
2026-02-05T22:39:20.597212Z DEBUG tokio-runtime-worker ThreadId(23) wkmp_ai::services::filename_matcher: wkmp-ai\src\services\filename_matcher.rs:54: Checking if file exists in database path=Aretha Franklin/The Atlantic Singles Collection 1967–1970/101 - I Never Loved a Man (The Way I Love You).mp3 norm_us=6
2026-02-05T22:39:20.599133Z DEBUG tokio-runtime-worker ThreadId(23) wkmp_ai::api::sse: wkmp-ai\src\api\sse.rs:71: SSE: Broadcasting import event: ImportProgressUpdate
2026-02-05T22:39:20.601102Z DEBUG tokio-runtime-worker ThreadId(23) wkmp_ai::api::sse: wkmp-ai\src\api\sse.rs:71: SSE: Broadcasting import event: ImportProgressUpdate
2026-02-05T22:39:20.603009Z DEBUG tokio-runtime-worker ThreadId(23) wkmp_ai::api::sse: wkmp-ai\src\api\sse.rs:71: SSE: Broadcasting import event: ImportProgressUpdate
2026-02-05T22:39:20.603951Z DEBUG tokio-runtime-worker ThreadId(23) wkmp_ai::services::filename_matcher: wkmp-ai\src\services\filename_matcher.rs:65: Database query completed path=Aretha Franklin/Knew You Were Waiting The Best of Aretha Franklin 1980–1998/15 - Willing to Forgive.mp3 query_us=8482
2026-02-05T22:39:20.604592Z DEBUG tokio-runtime-worker ThreadId(23) wkmp_ai::services::filename_matcher: wkmp-ai\src\services\filename_matcher.rs:81: File already processed (INGEST COMPLETE) path=Aretha Franklin/Knew You Were Waiting The Best of Aretha Franklin 1980–1998/15 - Willing to Forgive.mp3 guid=6d2273c2-c9ab-4392-9442-ce9c3fa0525e
2026-02-05T22:39:20.605011Z  INFO tokio-runtime-worker ThreadId(23) wkmp_ai::services::workflow_orchestrator: wkmp-ai\src\services\workflow_orchestrator\mod.rs:1756: Phase 1 completed phase="Filename Matching" duration_ms=9 path_us=1 db_ms=9 file_index=109
2026-02-05T22:39:20.605441Z  INFO tokio-runtime-worker ThreadId(23) wkmp_ai::services::workflow_orchestrator: wkmp-ai\src\services\workflow_orchestrator\mod.rs:1770: File already processed (INGEST COMPLETE/NO AUDIO/DUPLICATE HASH), skipping all remaining phases file="C:\\Users\\Mango Cat\\Music\\Aretha Franklin/Knew You Were Waiting\u{f03a} The Best of Aretha Franklin 1980–1998/15 - Willing to Forgive.mp3" file_id=6d2273c2-c9ab-4392-9442-ce9c3fa0525e
2026-02-05T22:39:20.605901Z DEBUG tokio-runtime-worker ThreadId(23) wkmp_ai::services::workflow_orchestrator: wkmp-ai\src\services\workflow_orchestrator\mod.rs:2912: File processing complete session_id=fc49b2a9-297a-4710-91ea-7a5f24790519 file_index=109 file=Aretha Franklin/Knew You Were Waiting The Best of Aretha Franklin 1980–1998/15 - Willing to Forgive.mp3
2026-02-05T22:39:20.606291Z DEBUG tokio-runtime-worker ThreadId(23) wkmp_ai::services::workflow_orchestrator: wkmp-ai\src\services\workflow_orchestrator\mod.rs:1438: Acquiring all statistics Mutex locks for SSE conversion
2026-02-05T22:39:20.606514Z DEBUG tokio-runtime-worker ThreadId(23) wkmp_ai::services::workflow_orchestrator: wkmp-ai\src\services\workflow_orchestrator\mod.rs:1467: All statistics Mutex locks acquired and data cloned
2026-02-05T22:39:20.606773Z DEBUG tokio-runtime-worker ThreadId(23) wkmp_ai::services::workflow_orchestrator: wkmp-ai\src\services\workflow_orchestrator\mod.rs:1577: Releasing all statistics Mutex locks for SSE conversion
2026-02-05T22:39:20.607225Z DEBUG tokio-runtime-worker ThreadId(23) wkmp_ai::services::filename_matcher: wkmp-ai\src\services\filename_matcher.rs:65: Database query completed path=Aretha Franklin/Knew You Were Waiting The Best of Aretha Franklin 1980–1998/16 - A Rose Is Still a Rose (original radio edit).mp3 query_us=10837
2026-02-05T22:39:20.607488Z DEBUG tokio-runtime-worker ThreadId(23) wkmp_ai::services::filename_matcher: wkmp-ai\src\services\filename_matcher.rs:81: File already processed (INGEST COMPLETE) path=Aretha Franklin/Knew You Were Waiting The Best of Aretha Franklin 1980–1998/16 - A Rose Is Still a Rose (original radio edit).mp3 guid=a4e6104a-7bc2-4ea9-a0e1-149492a3b2b2
2026-02-05T22:39:20.607755Z  INFO tokio-runtime-worker ThreadId(23) wkmp_ai::services::workflow_orchestrator: wkmp-ai\src\services\workflow_orchestrator\mod.rs:1756: Phase 1 completed phase="Filename Matching" duration_ms=11 path_us=1 db_ms=11 file_index=110
2026-02-05T22:39:20.608131Z  INFO tokio-runtime-worker ThreadId(23) wkmp_ai::services::workflow_orchestrator: wkmp-ai\src\services\workflow_orchestrator\mod.rs:1770: File already processed (INGEST COMPLETE/NO AUDIO/DUPLICATE HASH), skipping all remaining phases file="C:\\Users\\Mango Cat\\Music\\Aretha Franklin/Knew You Were Waiting\u{f03a} The Best of Aretha Franklin 1980–1998/16 - A Rose Is Still a Rose (original radio edit).mp3" file_id=a4e6104a-7bc2-4ea9-a0e1-149492a3b2b2
2026-02-05T22:39:20.608535Z DEBUG tokio-runtime-worker ThreadId(23) wkmp_ai::services::workflow_orchestrator: wkmp-ai\src\services\workflow_orchestrator\mod.rs:2912: File processing complete session_id=fc49b2a9-297a-4710-91ea-7a5f24790519 file_index=110 file=Aretha Franklin/Knew You Were Waiting The Best of Aretha Franklin 1980–1998/16 - A Rose Is Still a Rose (original radio edit).mp3
2026-02-05T22:39:20.608836Z DEBUG tokio-runtime-worker ThreadId(23) wkmp_ai::services::workflow_orchestrator: wkmp-ai\src\services\workflow_orchestrator\mod.rs:1438: Acquiring all statistics Mutex locks for SSE conversion
2026-02-05T22:39:20.609111Z DEBUG tokio-runtime-worker ThreadId(23) wkmp_ai::services::workflow_orchestrator: wkmp-ai\src\services\workflow_orchestrator\mod.rs:1467: All statistics Mutex locks acquired and data cloned
2026-02-05T22:39:20.609391Z DEBUG tokio-runtime-worker ThreadId(23) wkmp_ai::services::workflow_orchestrator: wkmp-ai\src\services\workflow_orchestrator\mod.rs:1577: Releasing all statistics Mutex locks for SSE conversion
2026-02-05T22:39:20.609675Z DEBUG tokio-runtime-worker ThreadId(23) wkmp_ai::services::filename_matcher: wkmp-ai\src\services\filename_matcher.rs:65: Database query completed path=Aretha Franklin/The Atlantic Singles Collection 1967–1970/101 - I Never Loved a Man (The Way I Love You).mp3 query_us=12246
2026-02-05T22:39:20.609866Z DEBUG tokio-runtime-worker ThreadId(23) wkmp_ai::services::filename_matcher: wkmp-ai\src\services\filename_matcher.rs:81: File already processed (INGEST COMPLETE) path=Aretha Franklin/The Atlantic Singles Collection 1967–1970/101 - I Never Loved a Man (The Way I Love You).mp3 guid=e68016e6-cfdc-4a60-abf7-927998c14b89
2026-02-05T22:39:20.610044Z  INFO tokio-runtime-worker ThreadId(23) wkmp_ai::services::workflow_orchestrator: wkmp-ai\src\services\workflow_orchestrator\mod.rs:1756: Phase 1 completed phase="Filename Matching" duration_ms=13 path_us=1 db_ms=12 file_index=111
2026-02-05T22:39:20.610224Z  INFO tokio-runtime-worker ThreadId(23) wkmp_ai::services::workflow_orchestrator: wkmp-ai\src\services\workflow_orchestrator\mod.rs:1770: File already processed (INGEST COMPLETE/NO AUDIO/DUPLICATE HASH), skipping all remaining phases file="C:\\Users\\Mango Cat\\Music\\Aretha Franklin/The Atlantic Singles Collection 1967–1970/101 - I Never Loved a Man (The Way I Love You).mp3" file_id=e68016e6-cfdc-4a60-abf7-927998c14b89
2026-02-05T22:39:20.610454Z DEBUG tokio-runtime-worker ThreadId(23) wkmp_ai::services::workflow_orchestrator: wkmp-ai\src\services\workflow_orchestrator\mod.rs:2912: File processing complete session_id=fc49b2a9-297a-4710-91ea-7a5f24790519 file_index=111 file=Aretha Franklin/The Atlantic Singles Collection 1967–1970/101 - I Never Loved a Man (The Way I Love You).mp3
2026-02-05T22:39:20.610661Z DEBUG tokio-runtime-worker ThreadId(23) wkmp_ai::services::workflow_orchestrator: wkmp-ai\src\services\workflow_orchestrator\mod.rs:1438: Acquiring all statistics Mutex locks for SSE conversion
2026-02-05T22:39:20.610813Z DEBUG tokio-runtime-worker ThreadId(23) wkmp_ai::services::workflow_orchestrator: wkmp-ai\src\services\workflow_orchestrator\mod.rs:1467: All statistics Mutex locks acquired and data cloned
2026-02-05T22:39:20.611064Z DEBUG tokio-runtime-worker ThreadId(23) wkmp_ai::services::workflow_orchestrator: wkmp-ai\src\services\workflow_orchestrator\mod.rs:1577: Releasing all statistics Mutex locks for SSE conversion
2026-02-05T22:39:20.611261Z DEBUG tokio-runtime-worker ThreadId(23) wkmp_ai::services::workflow_orchestrator: wkmp-ai\src\services\workflow_orchestrator\mod.rs:3094: Starting per-file pipeline file_index=112 file_id=8228f49c-acc0-4be5-9156-b382aba02b5a file=Aretha Franklin/The Atlantic Singles Collection 1967–1970/102 - Do Right Woman – Do Right Man.mp3
2026-02-05T22:39:20.611504Z  INFO tokio-runtime-worker ThreadId(23) wkmp_ai::services::workflow_orchestrator: wkmp-ai\src\services\workflow_orchestrator\mod.rs:1733: Starting PLAN024 10-phase per-file pipeline (late audio decode) file="C:\\Users\\Mango Cat\\Music\\Aretha Franklin/The Atlantic Singles Collection 1967–1970/102 - Do Right Woman – Do Right Man.mp3"
2026-02-05T22:39:20.611696Z DEBUG tokio-runtime-worker ThreadId(23) wkmp_ai::services::workflow_orchestrator: wkmp-ai\src\services\workflow_orchestrator\mod.rs:1742: Phase 1: Filename Matching - START file="C:\\Users\\Mango Cat\\Music\\Aretha Franklin/The Atlantic Singles Collection 1967–1970/102 - Do Right Woman – Do Right Man.mp3"
2026-02-05T22:39:20.611929Z DEBUG tokio-runtime-worker ThreadId(23) wkmp_ai::services::filename_matcher: wkmp-ai\src\services\filename_matcher.rs:54: Checking if file exists in database path=Aretha Franklin/The Atlantic Singles Collection 1967–1970/102 - Do Right Woman – Do Right Man.mp3 norm_us=16
2026-02-05T22:39:20.612227Z DEBUG tokio-runtime-worker ThreadId(23) wkmp_ai::services::workflow_orchestrator: wkmp-ai\src\services\workflow_orchestrator\mod.rs:3094: Starting per-file pipeline file_index=113 file_id=d05de94c-c08a-41e6-98e8-679177a24b6e file=Aretha Franklin/The Atlantic Singles Collection 1967–1970/103 - Respect (mono version).mp3
2026-02-05T22:39:20.612484Z  INFO tokio-runtime-worker ThreadId(23) wkmp_ai::services::workflow_orchestrator: wkmp-ai\src\services\workflow_orchestrator\mod.rs:1733: Starting PLAN024 10-phase per-file pipeline (late audio decode) file="C:\\Users\\Mango Cat\\Music\\Aretha Franklin/The Atlantic Singles Collection 1967–1970/103 - Respect (mono version).mp3"
2026-02-05T22:39:20.612713Z DEBUG tokio-runtime-worker ThreadId(23) wkmp_ai::services::workflow_orchestrator: wkmp-ai\src\services\workflow_orchestrator\mod.rs:1742: Phase 1: Filename Matching - START file="C:\\Users\\Mango Cat\\Music\\Aretha Franklin/The Atlantic Singles Collection 1967–1970/103 - Respect (mono version).mp3"
2026-02-05T22:39:20.612950Z DEBUG tokio-runtime-worker ThreadId(23) wkmp_ai::services::filename_matcher: wkmp-ai\src\services\filename_matcher.rs:54: Checking if file exists in database path=Aretha Franklin/The Atlantic Singles Collection 1967–1970/103 - Respect (mono version).mp3 norm_us=10
2026-02-05T22:39:20.613203Z DEBUG tokio-runtime-worker ThreadId(23) wkmp_ai::services::workflow_orchestrator: wkmp-ai\src\services\workflow_orchestrator\mod.rs:3094: Starting per-file pipeline file_index=114 file_id=340145ba-705b-4ae2-babd-2e81e848b564 file=Aretha Franklin/The Atlantic Singles Collection 1967–1970/104 - Dr. Feelgood (Love Is Serious Business).mp3
2026-02-05T22:39:20.613469Z  INFO tokio-runtime-worker ThreadId(23) wkmp_ai::services::workflow_orchestrator: wkmp-ai\src\services\workflow_orchestrator\mod.rs:1733: Starting PLAN024 10-phase per-file pipeline (late audio decode) file="C:\\Users\\Mango Cat\\Music\\Aretha Franklin/The Atlantic Singles Collection 1967–1970/104 - Dr. Feelgood (Love Is Serious Business).mp3"
2026-02-05T22:39:20.613714Z DEBUG tokio-runtime-worker ThreadId(23) wkmp_ai::services::workflow_orchestrator: wkmp-ai\src\services\workflow_orchestrator\mod.rs:1742: Phase 1: Filename Matching - START file="C:\\Users\\Mango Cat\\Music\\Aretha Franklin/The Atlantic Singles Collection 1967–1970/104 - Dr. Feelgood (Love Is Serious Business).mp3"
2026-02-05T22:39:20.613927Z DEBUG tokio-runtime-worker ThreadId(23) wkmp_ai::services::filename_matcher: wkmp-ai\src\services\filename_matcher.rs:54: Checking if file exists in database path=Aretha Franklin/The Atlantic Singles Collection 1967–1970/104 - Dr. Feelgood (Love Is Serious Business).mp3 norm_us=11
2026-02-05T22:39:20.616072Z DEBUG tokio-runtime-worker ThreadId(23) wkmp_ai::api::sse: wkmp-ai\src\api\sse.rs:71: SSE: Broadcasting import event: ImportProgressUpdate
2026-02-05T22:39:20.618465Z DEBUG tokio-runtime-worker ThreadId(23) wkmp_ai::api::sse: wkmp-ai\src\api\sse.rs:71: SSE: Broadcasting import event: ImportProgressUpdate
2026-02-05T22:39:20.620397Z DEBUG tokio-runtime-worker ThreadId(23) wkmp_ai::api::sse: wkmp-ai\src\api\sse.rs:71: SSE: Broadcasting import event: ImportProgressUpdate
2026-02-05T22:39:20.621203Z DEBUG tokio-runtime-worker ThreadId(23) wkmp_ai::services::filename_matcher: wkmp-ai\src\services\filename_matcher.rs:65: Database query completed path=Aretha Franklin/The Atlantic Singles Collection 1967–1970/102 - Do Right Woman – Do Right Man.mp3 query_us=9066
2026-02-05T22:39:20.621489Z DEBUG tokio-runtime-worker ThreadId(23) wkmp_ai::services::filename_matcher: wkmp-ai\src\services\filename_matcher.rs:81: File already processed (INGEST COMPLETE) path=Aretha Franklin/The Atlantic Singles Collection 1967–1970/102 - Do Right Woman – Do Right Man.mp3 guid=8228f49c-acc0-4be5-9156-b382aba02b5a
2026-02-05T22:39:20.621777Z  INFO tokio-runtime-worker ThreadId(23) wkmp_ai::services::workflow_orchestrator: wkmp-ai\src\services\workflow_orchestrator\mod.rs:1756: Phase 1 completed phase="Filename Matching" duration_ms=10 path_us=3 db_ms=9 file_index=112
2026-02-05T22:39:20.622080Z  INFO tokio-runtime-worker ThreadId(23) wkmp_ai::services::workflow_orchestrator: wkmp-ai\src\services\workflow_orchestrator\mod.rs:1770: File already processed (INGEST COMPLETE/NO AUDIO/DUPLICATE HASH), skipping all remaining phases file="C:\\Users\\Mango Cat\\Music\\Aretha Franklin/The Atlantic Singles Collection 1967–1970/102 - Do Right Woman – Do Right Man.mp3" file_id=8228f49c-acc0-4be5-9156-b382aba02b5a
2026-02-05T22:39:20.622333Z DEBUG tokio-runtime-worker ThreadId(23) wkmp_ai::services::workflow_orchestrator: wkmp-ai\src\services\workflow_orchestrator\mod.rs:2912: File processing complete session_id=fc49b2a9-297a-4710-91ea-7a5f24790519 file_index=112 file=Aretha Franklin/The Atlantic Singles Collection 1967–1970/102 - Do Right Woman – Do Right Man.mp3
2026-02-05T22:39:20.622615Z DEBUG tokio-runtime-worker ThreadId(23) wkmp_ai::services::workflow_orchestrator: wkmp-ai\src\services\workflow_orchestrator\mod.rs:1438: Acquiring all statistics Mutex locks for SSE conversion
2026-02-05T22:39:20.622865Z DEBUG tokio-runtime-worker ThreadId(23) wkmp_ai::services::workflow_orchestrator: wkmp-ai\src\services\workflow_orchestrator\mod.rs:1467: All statistics Mutex locks acquired and data cloned
2026-02-05T22:39:20.623241Z DEBUG tokio-runtime-worker ThreadId(23) wkmp_ai::services::workflow_orchestrator: wkmp-ai\src\services\workflow_orchestrator\mod.rs:1577: Releasing all statistics Mutex locks for SSE conversion
2026-02-05T22:39:20.623550Z DEBUG tokio-runtime-worker ThreadId(23) wkmp_ai::services::filename_matcher: wkmp-ai\src\services\filename_matcher.rs:65: Database query completed path=Aretha Franklin/The Atlantic Singles Collection 1967–1970/103 - Respect (mono version).mp3 query_us=10407
2026-02-05T22:39:20.624092Z DEBUG tokio-runtime-worker ThreadId(23) wkmp_ai::services::filename_matcher: wkmp-ai\src\services\filename_matcher.rs:81: File already processed (INGEST COMPLETE) path=Aretha Franklin/The Atlantic Singles Collection 1967–1970/103 - Respect (mono version).mp3 guid=d05de94c-c08a-41e6-98e8-679177a24b6e
2026-02-05T22:39:20.624361Z  INFO tokio-runtime-worker ThreadId(23) wkmp_ai::services::workflow_orchestrator: wkmp-ai\src\services\workflow_orchestrator\mod.rs:1756: Phase 1 completed phase="Filename Matching" duration_ms=11 path_us=2 db_ms=11 file_index=113
2026-02-05T22:39:20.624583Z  INFO tokio-runtime-worker ThreadId(23) wkmp_ai::services::workflow_orchestrator: wkmp-ai\src\services\workflow_orchestrator\mod.rs:1770: File already processed (INGEST COMPLETE/NO AUDIO/DUPLICATE HASH), skipping all remaining phases file="C:\\Users\\Mango Cat\\Music\\Aretha Franklin/The Atlantic Singles Collection 1967–1970/103 - Respect (mono version).mp3" file_id=d05de94c-c08a-41e6-98e8-679177a24b6e
2026-02-05T22:39:20.624816Z DEBUG tokio-runtime-worker ThreadId(23) wkmp_ai::services::workflow_orchestrator: wkmp-ai\src\services\workflow_orchestrator\mod.rs:2912: File processing complete session_id=fc49b2a9-297a-4710-91ea-7a5f24790519 file_index=113 file=Aretha Franklin/The Atlantic Singles Collection 1967–1970/103 - Respect (mono version).mp3
2026-02-05T22:39:20.625231Z DEBUG tokio-runtime-worker ThreadId(23) wkmp_ai::services::workflow_orchestrator: wkmp-ai\src\services\workflow_orchestrator\mod.rs:1438: Acquiring all statistics Mutex locks for SSE conversion
2026-02-05T22:39:20.625534Z DEBUG tokio-runtime-worker ThreadId(23) wkmp_ai::services::workflow_orchestrator: wkmp-ai\src\services\workflow_orchestrator\mod.rs:1467: All statistics Mutex locks acquired and data cloned
2026-02-05T22:39:20.625939Z DEBUG tokio-runtime-worker ThreadId(23) wkmp_ai::services::workflow_orchestrator: wkmp-ai\src\services\workflow_orchestrator\mod.rs:1577: Releasing all statistics Mutex locks for SSE conversion
2026-02-05T22:39:20.626357Z DEBUG tokio-runtime-worker ThreadId(23) wkmp_ai::services::filename_matcher: wkmp-ai\src\services\filename_matcher.rs:65: Database query completed path=Aretha Franklin/The Atlantic Singles Collection 1967–1970/104 - Dr. Feelgood (Love Is Serious Business).mp3 query_us=12151
2026-02-05T22:39:20.626514Z DEBUG tokio-runtime-worker ThreadId(23) wkmp_ai::services::filename_matcher: wkmp-ai\src\services\filename_matcher.rs:81: File already processed (INGEST COMPLETE) path=Aretha Franklin/The Atlantic Singles Collection 1967–1970/104 - Dr. Feelgood (Love Is Serious Business).mp3 guid=340145ba-705b-4ae2-babd-2e81e848b564
2026-02-05T22:39:20.626797Z  INFO tokio-runtime-worker ThreadId(23) wkmp_ai::services::workflow_orchestrator: wkmp-ai\src\services\workflow_orchestrator\mod.rs:1756: Phase 1 completed phase="Filename Matching" duration_ms=13 path_us=3 db_ms=12 file_index=114
2026-02-05T22:39:20.627054Z  INFO tokio-runtime-worker ThreadId(23) wkmp_ai::services::workflow_orchestrator: wkmp-ai\src\services\workflow_orchestrator\mod.rs:1770: File already processed (INGEST COMPLETE/NO AUDIO/DUPLICATE HASH), skipping all remaining phases file="C:\\Users\\Mango Cat\\Music\\Aretha Franklin/The Atlantic Singles Collection 1967–1970/104 - Dr. Feelgood (Love Is Serious Business).mp3" file_id=340145ba-705b-4ae2-babd-2e81e848b564
2026-02-05T22:39:20.627446Z DEBUG tokio-runtime-worker ThreadId(23) wkmp_ai::services::workflow_orchestrator: wkmp-ai\src\services\workflow_orchestrator\mod.rs:2912: File processing complete session_id=fc49b2a9-297a-4710-91ea-7a5f24790519 file_index=114 file=Aretha Franklin/The Atlantic Singles Collection 1967–1970/104 - Dr. Feelgood (Love Is Serious Business).mp3
2026-02-05T22:39:20.627631Z DEBUG tokio-runtime-worker ThreadId(23) wkmp_ai::services::workflow_orchestrator: wkmp-ai\src\services\workflow_orchestrator\mod.rs:1438: Acquiring all statistics Mutex locks for SSE conversion
2026-02-05T22:39:20.627963Z DEBUG tokio-runtime-worker ThreadId(23) wkmp_ai::services::workflow_orchestrator: wkmp-ai\src\services\workflow_orchestrator\mod.rs:1467: All statistics Mutex locks acquired and data cloned
2026-02-05T22:39:20.628212Z DEBUG tokio-runtime-worker ThreadId(23) wkmp_ai::services::workflow_orchestrator: wkmp-ai\src\services\workflow_orchestrator\mod.rs:1577: Releasing all statistics Mutex locks for SSE conversion
2026-02-05T22:39:20.628555Z DEBUG tokio-runtime-worker ThreadId(23) wkmp_ai::services::workflow_orchestrator: wkmp-ai\src\services\workflow_orchestrator\mod.rs:3094: Starting per-file pipeline file_index=115 file_id=ddaa7f95-e871-4a6d-80b1-28bd1dab9708 file=Aretha Franklin/The Atlantic Singles Collection 1967–1970/105 - Baby I Love You.mp3
2026-02-05T22:39:20.628750Z  INFO tokio-runtime-worker ThreadId(23) wkmp_ai::services::workflow_orchestrator: wkmp-ai\src\services\workflow_orchestrator\mod.rs:1733: Starting PLAN024 10-phase per-file pipeline (late audio decode) file="C:\\Users\\Mango Cat\\Music\\Aretha Franklin/The Atlantic Singles Collection 1967–1970/105 - Baby I Love You.mp3"
2026-02-05T22:39:20.629035Z DEBUG tokio-runtime-worker ThreadId(23) wkmp_ai::services::workflow_orchestrator: wkmp-ai\src\services\workflow_orchestrator\mod.rs:1742: Phase 1: Filename Matching - START file="C:\\Users\\Mango Cat\\Music\\Aretha Franklin/The Atlantic Singles Collection 1967–1970/105 - Baby I Love You.mp3"
2026-02-05T22:39:20.629237Z DEBUG tokio-runtime-worker ThreadId(23) wkmp_ai::services::filename_matcher: wkmp-ai\src\services\filename_matcher.rs:54: Checking if file exists in database path=Aretha Franklin/The Atlantic Singles Collection 1967–1970/105 - Baby I Love You.mp3 norm_us=13
2026-02-05T22:39:20.629503Z DEBUG tokio-runtime-worker ThreadId(23) wkmp_ai::services::workflow_orchestrator: wkmp-ai\src\services\workflow_orchestrator\mod.rs:3094: Starting per-file pipeline file_index=116 file_id=7155999e-d2b6-4b43-b20f-73fb5d0d6d3f file=Aretha Franklin/The Atlantic Singles Collection 1967–1970/106 - Going Down Slow.mp3
2026-02-05T22:39:20.629707Z  INFO tokio-runtime-worker ThreadId(23) wkmp_ai::services::workflow_orchestrator: wkmp-ai\src\services\workflow_orchestrator\mod.rs:1733: Starting PLAN024 10-phase per-file pipeline (late audio decode) file="C:\\Users\\Mango Cat\\Music\\Aretha Franklin/The Atlantic Singles Collection 1967–1970/106 - Going Down Slow.mp3"
2026-02-05T22:39:20.629917Z DEBUG tokio-runtime-worker ThreadId(23) wkmp_ai::services::workflow_orchestrator: wkmp-ai\src\services\workflow_orchestrator\mod.rs:1742: Phase 1: Filename Matching - START file="C:\\Users\\Mango Cat\\Music\\Aretha Franklin/The Atlantic Singles Collection 1967–1970/106 - Going Down Slow.mp3"
2026-02-05T22:39:20.630100Z DEBUG tokio-runtime-worker ThreadId(23) wkmp_ai::services::filename_matcher: wkmp-ai\src\services\filename_matcher.rs:54: Checking if file exists in database path=Aretha Franklin/The Atlantic Singles Collection 1967–1970/106 - Going Down Slow.mp3 norm_us=14
2026-02-05T22:39:20.630319Z DEBUG tokio-runtime-worker ThreadId(23) wkmp_ai::services::workflow_orchestrator: wkmp-ai\src\services\workflow_orchestrator\mod.rs:3094: Starting per-file pipeline file_index=117 file_id=321e23a7-2f31-4c04-8cb3-32c3fa047f9e file=Aretha Franklin/The Atlantic Singles Collection 1967–1970/107 - A Natural Woman (You Make Me Feel Like).mp3
2026-02-05T22:39:20.630511Z  INFO tokio-runtime-worker ThreadId(23) wkmp_ai::services::workflow_orchestrator: wkmp-ai\src\services\workflow_orchestrator\mod.rs:1733: Starting PLAN024 10-phase per-file pipeline (late audio decode) file="C:\\Users\\Mango Cat\\Music\\Aretha Franklin/The Atlantic Singles Collection 1967–1970/107 - A Natural Woman (You Make Me Feel Like).mp3"
2026-02-05T22:39:20.630707Z DEBUG tokio-runtime-worker ThreadId(23) wkmp_ai::services::workflow_orchestrator: wkmp-ai\src\services\workflow_orchestrator\mod.rs:1742: Phase 1: Filename Matching - START file="C:\\Users\\Mango Cat\\Music\\Aretha Franklin/The Atlantic Singles Collection 1967–1970/107 - A Natural Woman (You Make Me Feel Like).mp3"
2026-02-05T22:39:20.630891Z DEBUG tokio-runtime-worker ThreadId(23) wkmp_ai::services::filename_matcher: wkmp-ai\src\services\filename_matcher.rs:54: Checking if file exists in database path=Aretha Franklin/The Atlantic Singles Collection 1967–1970/107 - A Natural Woman (You Make Me Feel Like).mp3 norm_us=9
2026-02-05T22:39:20.632872Z DEBUG tokio-runtime-worker ThreadId(23) wkmp_ai::api::sse: wkmp-ai\src\api\sse.rs:71: SSE: Broadcasting import event: ImportProgressUpdate
2026-02-05T22:39:20.634929Z DEBUG tokio-runtime-worker ThreadId(23) wkmp_ai::api::sse: wkmp-ai\src\api\sse.rs:71: SSE: Broadcasting import event: ImportProgressUpdate
2026-02-05T22:39:20.637161Z DEBUG tokio-runtime-worker ThreadId(23) wkmp_ai::api::sse: wkmp-ai\src\api\sse.rs:71: SSE: Broadcasting import event: ImportProgressUpdate
2026-02-05T22:39:20.638020Z DEBUG tokio-runtime-worker ThreadId(23) wkmp_ai::services::filename_matcher: wkmp-ai\src\services\filename_matcher.rs:65: Database query completed path=Aretha Franklin/The Atlantic Singles Collection 1967–1970/105 - Baby I Love You.mp3 query_us=8602
2026-02-05T22:39:20.638232Z DEBUG tokio-runtime-worker ThreadId(23) wkmp_ai::services::filename_matcher: wkmp-ai\src\services\filename_matcher.rs:81: File already processed (INGEST COMPLETE) path=Aretha Franklin/The Atlantic Singles Collection 1967–1970/105 - Baby I Love You.mp3 guid=ddaa7f95-e871-4a6d-80b1-28bd1dab9708
2026-02-05T22:39:20.638455Z  INFO tokio-runtime-worker ThreadId(23) wkmp_ai::services::workflow_orchestrator: wkmp-ai\src\services\workflow_orchestrator\mod.rs:1756: Phase 1 completed phase="Filename Matching" duration_ms=9 path_us=3 db_ms=9 file_index=115
2026-02-05T22:39:20.638642Z  INFO tokio-runtime-worker ThreadId(23) wkmp_ai::services::workflow_orchestrator: wkmp-ai\src\services\workflow_orchestrator\mod.rs:1770: File already processed (INGEST COMPLETE/NO AUDIO/DUPLICATE HASH), skipping all remaining phases file="C:\\Users\\Mango Cat\\Music\\Aretha Franklin/The Atlantic Singles Collection 1967–1970/105 - Baby I Love You.mp3" file_id=ddaa7f95-e871-4a6d-80b1-28bd1dab9708
2026-02-05T22:39:20.638889Z DEBUG tokio-runtime-worker ThreadId(23) wkmp_ai::services::workflow_orchestrator: wkmp-ai\src\services\workflow_orchestrator\mod.rs:2912: File processing complete session_id=fc49b2a9-297a-4710-91ea-7a5f24790519 file_index=115 file=Aretha Franklin/The Atlantic Singles Collection 1967–1970/105 - Baby I Love You.mp3
2026-02-05T22:39:20.639093Z DEBUG tokio-runtime-worker ThreadId(23) wkmp_ai::services::workflow_orchestrator: wkmp-ai\src\services\workflow_orchestrator\mod.rs:1438: Acquiring all statistics Mutex locks for SSE conversion
2026-02-05T22:39:20.639249Z DEBUG tokio-runtime-worker ThreadId(23) wkmp_ai::services::workflow_orchestrator: wkmp-ai\src\services\workflow_orchestrator\mod.rs:1467: All statistics Mutex locks acquired and data cloned
2026-02-05T22:39:20.639507Z DEBUG tokio-runtime-worker ThreadId(23) wkmp_ai::services::workflow_orchestrator: wkmp-ai\src\services\workflow_orchestrator\mod.rs:1577: Releasing all statistics Mutex locks for SSE conversion
2026-02-05T22:39:20.639747Z DEBUG tokio-runtime-worker ThreadId(23) wkmp_ai::services::filename_matcher: wkmp-ai\src\services\filename_matcher.rs:65: Database query completed path=Aretha Franklin/The Atlantic Singles Collection 1967–1970/107 - A Natural Woman (You Make Me Feel Like).mp3 query_us=8676
2026-02-05T22:39:20.639932Z DEBUG tokio-runtime-worker ThreadId(23) wkmp_ai::services::filename_matcher: wkmp-ai\src\services\filename_matcher.rs:81: File already processed (INGEST COMPLETE) path=Aretha Franklin/The Atlantic Singles Collection 1967–1970/107 - A Natural Woman (You Make Me Feel Like).mp3 guid=321e23a7-2f31-4c04-8cb3-32c3fa047f9e
2026-02-05T22:39:20.640121Z  INFO tokio-runtime-worker ThreadId(23) wkmp_ai::services::workflow_orchestrator: wkmp-ai\src\services\workflow_orchestrator\mod.rs:1756: Phase 1 completed phase="Filename Matching" duration_ms=9 path_us=2 db_ms=9 file_index=117
2026-02-05T22:39:20.640303Z  INFO tokio-runtime-worker ThreadId(23) wkmp_ai::services::workflow_orchestrator: wkmp-ai\src\services\workflow_orchestrator\mod.rs:1770: File already processed (INGEST COMPLETE/NO AUDIO/DUPLICATE HASH), skipping all remaining phases file="C:\\Users\\Mango Cat\\Music\\Aretha Franklin/The Atlantic Singles Collection 1967–1970/107 - A Natural Woman (You Make Me Feel Like).mp3" file_id=321e23a7-2f31-4c04-8cb3-32c3fa047f9e
2026-02-05T22:39:20.640510Z DEBUG tokio-runtime-worker ThreadId(23) wkmp_ai::services::workflow_orchestrator: wkmp-ai\src\services\workflow_orchestrator\mod.rs:2912: File processing complete session_id=fc49b2a9-297a-4710-91ea-7a5f24790519 file_index=117 file=Aretha Franklin/The Atlantic Singles Collection 1967–1970/107 - A Natural Woman (You Make Me Feel Like).mp3
2026-02-05T22:39:20.640689Z DEBUG tokio-runtime-worker ThreadId(23) wkmp_ai::services::workflow_orchestrator: wkmp-ai\src\services\workflow_orchestrator\mod.rs:1438: Acquiring all statistics Mutex locks for SSE conversion
2026-02-05T22:39:20.640919Z DEBUG tokio-runtime-worker ThreadId(23) wkmp_ai::services::workflow_orchestrator: wkmp-ai\src\services\workflow_orchestrator\mod.rs:1467: All statistics Mutex locks acquired and data cloned
2026-02-05T22:39:20.641174Z DEBUG tokio-runtime-worker ThreadId(23) wkmp_ai::services::workflow_orchestrator: wkmp-ai\src\services\workflow_orchestrator\mod.rs:1577: Releasing all statistics Mutex locks for SSE conversion
2026-02-05T22:39:20.641409Z DEBUG tokio-runtime-worker ThreadId(23) wkmp_ai::services::filename_matcher: wkmp-ai\src\services\filename_matcher.rs:65: Database query completed path=Aretha Franklin/The Atlantic Singles Collection 1967–1970/106 - Going Down Slow.mp3 query_us=11141
2026-02-05T22:39:20.641614Z DEBUG tokio-runtime-worker ThreadId(23) wkmp_ai::services::filename_matcher: wkmp-ai\src\services\filename_matcher.rs:81: File already processed (INGEST COMPLETE) path=Aretha Franklin/The Atlantic Singles Collection 1967–1970/106 - Going Down Slow.mp3 guid=7155999e-d2b6-4b43-b20f-73fb5d0d6d3f
2026-02-05T22:39:20.641889Z  INFO tokio-runtime-worker ThreadId(23) wkmp_ai::services::workflow_orchestrator: wkmp-ai\src\services\workflow_orchestrator\mod.rs:1756: Phase 1 completed phase="Filename Matching" duration_ms=11 path_us=2 db_ms=11 file_index=116
2026-02-05T22:39:20.642132Z  INFO tokio-runtime-worker ThreadId(23) wkmp_ai::services::workflow_orchestrator: wkmp-ai\src\services\workflow_orchestrator\mod.rs:1770: File already processed (INGEST COMPLETE/NO AUDIO/DUPLICATE HASH), skipping all remaining phases file="C:\\Users\\Mango Cat\\Music\\Aretha Franklin/The Atlantic Singles Collection 1967–1970/106 - Going Down Slow.mp3" file_id=7155999e-d2b6-4b43-b20f-73fb5d0d6d3f
2026-02-05T22:39:20.642362Z DEBUG tokio-runtime-worker ThreadId(23) wkmp_ai::services::workflow_orchestrator: wkmp-ai\src\services\workflow_orchestrator\mod.rs:2912: File processing complete session_id=fc49b2a9-297a-4710-91ea-7a5f24790519 file_index=116 file=Aretha Franklin/The Atlantic Singles Collection 1967–1970/106 - Going Down Slow.mp3
2026-02-05T22:39:20.642575Z DEBUG tokio-runtime-worker ThreadId(23) wkmp_ai::services::workflow_orchestrator: wkmp-ai\src\services\workflow_orchestrator\mod.rs:1438: Acquiring all statistics Mutex locks for SSE conversion
2026-02-05T22:39:20.642733Z DEBUG tokio-runtime-worker ThreadId(23) wkmp_ai::services::workflow_orchestrator: wkmp-ai\src\services\workflow_orchestrator\mod.rs:1467: All statistics Mutex locks acquired and data cloned
2026-02-05T22:39:20.642999Z DEBUG tokio-runtime-worker ThreadId(23) wkmp_ai::services::workflow_orchestrator: wkmp-ai\src\services\workflow_orchestrator\mod.rs:1577: Releasing all statistics Mutex locks for SSE conversion
2026-02-05T22:39:20.643238Z DEBUG tokio-runtime-worker ThreadId(23) wkmp_ai::services::workflow_orchestrator: wkmp-ai\src\services\workflow_orchestrator\mod.rs:3094: Starting per-file pipeline file_index=118 file_id=35cb1c9a-86f0-42bd-90dd-0284cdf8fe67 file=Aretha Franklin/The Atlantic Singles Collection 1967–1970/108 - Baby, Baby, Baby.mp3
2026-02-05T22:39:20.643486Z  INFO tokio-runtime-worker ThreadId(23) wkmp_ai::services::workflow_orchestrator: wkmp-ai\src\services\workflow_orchestrator\mod.rs:1733: Starting PLAN024 10-phase per-file pipeline (late audio decode) file="C:\\Users\\Mango Cat\\Music\\Aretha Franklin/The Atlantic Singles Collection 1967–1970/108 - Baby, Baby, Baby.mp3"
2026-02-05T22:39:20.643710Z DEBUG tokio-runtime-worker ThreadId(23) wkmp_ai::services::workflow_orchestrator: wkmp-ai\src\services\workflow_orchestrator\mod.rs:1742: Phase 1: Filename Matching - START file="C:\\Users\\Mango Cat\\Music\\Aretha Franklin/The Atlantic Singles Collection 1967–1970/108 - Baby, Baby, Baby.mp3"
2026-02-05T22:39:20.643918Z DEBUG tokio-runtime-worker ThreadId(23) wkmp_ai::services::filename_matcher: wkmp-ai\src\services\filename_matcher.rs:54: Checking if file exists in database path=Aretha Franklin/The Atlantic Singles Collection 1967–1970/108 - Baby, Baby, Baby.mp3 norm_us=14
2026-02-05T22:39:20.644169Z DEBUG tokio-runtime-worker ThreadId(23) wkmp_ai::services::workflow_orchestrator: wkmp-ai\src\services\workflow_orchestrator\mod.rs:3094: Starting per-file pipeline file_index=119 file_id=77426068-4d3b-403f-b597-d4147699e1bf file=Aretha Franklin/The Atlantic Singles Collection 1967–1970/109 - Chain of Fools.mp3
2026-02-05T22:39:20.644370Z  INFO tokio-runtime-worker ThreadId(23) wkmp_ai::services::workflow_orchestrator: wkmp-ai\src\services\workflow_orchestrator\mod.rs:1733: Starting PLAN024 10-phase per-file pipeline (late audio decode) file="C:\\Users\\Mango Cat\\Music\\Aretha Franklin/The Atlantic Singles Collection 1967–1970/109 - Chain of Fools.mp3"
2026-02-05T22:39:20.644574Z DEBUG tokio-runtime-worker ThreadId(23) wkmp_ai::services::workflow_orchestrator: wkmp-ai\src\services\workflow_orchestrator\mod.rs:1742: Phase 1: Filename Matching - START file="C:\\Users\\Mango Cat\\Music\\Aretha Franklin/The Atlantic Singles Collection 1967–1970/109 - Chain of Fools.mp3"
2026-02-05T22:39:20.644748Z DEBUG tokio-runtime-worker ThreadId(23) wkmp_ai::services::filename_matcher: wkmp-ai\src\services\filename_matcher.rs:54: Checking if file exists in database path=Aretha Franklin/The Atlantic Singles Collection 1967–1970/109 - Chain of Fools.mp3 norm_us=8
2026-02-05T22:39:20.644954Z DEBUG tokio-runtime-worker ThreadId(23) wkmp_ai::services::workflow_orchestrator: wkmp-ai\src\services\workflow_orchestrator\mod.rs:3094: Starting per-file pipeline file_index=120 file_id=3c310bb8-bf23-450b-9364-7a53f2149314 file=Aretha Franklin/The Atlantic Singles Collection 1967–1970/110 - Prove It (mono version).mp3
2026-02-05T22:39:20.645082Z  INFO tokio-runtime-worker ThreadId(23) wkmp_ai::services::workflow_orchestrator: wkmp-ai\src\services\workflow_orchestrator\mod.rs:1733: Starting PLAN024 10-phase per-file pipeline (late audio decode) file="C:\\Users\\Mango Cat\\Music\\Aretha Franklin/The Atlantic Singles Collection 1967–1970/110 - Prove It (mono version).mp3"
2026-02-05T22:39:20.645196Z DEBUG tokio-runtime-worker ThreadId(23) wkmp_ai::services::workflow_orchestrator: wkmp-ai\src\services\workflow_orchestrator\mod.rs:1742: Phase 1: Filename Matching - START file="C:\\Users\\Mango Cat\\Music\\Aretha Franklin/The Atlantic Singles Collection 1967–1970/110 - Prove It (mono version).mp3"
2026-02-05T22:39:20.645327Z DEBUG tokio-runtime-worker ThreadId(23) wkmp_ai::services::filename_matcher: wkmp-ai\src\services\filename_matcher.rs:54: Checking if file exists in database path=Aretha Franklin/The Atlantic Singles Collection 1967–1970/110 - Prove It (mono version).mp3 norm_us=5
2026-02-05T22:39:20.646583Z DEBUG tokio-runtime-worker ThreadId(23) wkmp_ai::api::sse: wkmp-ai\src\api\sse.rs:71: SSE: Broadcasting import event: ImportProgressUpdate
2026-02-05T22:39:20.648428Z DEBUG tokio-runtime-worker ThreadId(23) wkmp_ai::api::sse: wkmp-ai\src\api\sse.rs:71: SSE: Broadcasting import event: ImportProgressUpdate
2026-02-05T22:39:20.649688Z DEBUG tokio-runtime-worker ThreadId(23) wkmp_ai::api::sse: wkmp-ai\src\api\sse.rs:71: SSE: Broadcasting import event: ImportProgressUpdate
2026-02-05T22:39:20.650280Z DEBUG tokio-runtime-worker ThreadId(23) wkmp_ai::services::filename_matcher: wkmp-ai\src\services\filename_matcher.rs:65: Database query completed path=Aretha Franklin/The Atlantic Singles Collection 1967–1970/108 - Baby, Baby, Baby.mp3 query_us=6186
2026-02-05T22:39:20.650561Z DEBUG tokio-runtime-worker ThreadId(23) wkmp_ai::services::filename_matcher: wkmp-ai\src\services\filename_matcher.rs:81: File already processed (INGEST COMPLETE) path=Aretha Franklin/The Atlantic Singles Collection 1967–1970/108 - Baby, Baby, Baby.mp3 guid=35cb1c9a-86f0-42bd-90dd-0284cdf8fe67
2026-02-05T22:39:20.650972Z  INFO tokio-runtime-worker ThreadId(23) wkmp_ai::services::workflow_orchestrator: wkmp-ai\src\services\workflow_orchestrator\mod.rs:1756: Phase 1 completed phase="Filename Matching" duration_ms=7 path_us=2 db_ms=7 file_index=118
2026-02-05T22:39:20.651218Z  INFO tokio-runtime-worker ThreadId(23) wkmp_ai::services::workflow_orchestrator: wkmp-ai\src\services\workflow_orchestrator\mod.rs:1770: File already processed (INGEST COMPLETE/NO AUDIO/DUPLICATE HASH), skipping all remaining phases file="C:\\Users\\Mango Cat\\Music\\Aretha Franklin/The Atlantic Singles Collection 1967–1970/108 - Baby, Baby, Baby.mp3" file_id=35cb1c9a-86f0-42bd-90dd-0284cdf8fe67
2026-02-05T22:39:20.651637Z DEBUG tokio-runtime-worker ThreadId(23) wkmp_ai::services::workflow_orchestrator: wkmp-ai\src\services\workflow_orchestrator\mod.rs:2912: File processing complete session_id=fc49b2a9-297a-4710-91ea-7a5f24790519 file_index=118 file=Aretha Franklin/The Atlantic Singles Collection 1967–1970/108 - Baby, Baby, Baby.mp3
2026-02-05T22:39:20.661701Z DEBUG tokio-runtime-worker ThreadId(23) wkmp_ai::services::workflow_orchestrator: wkmp-ai\src\services\workflow_orchestrator\mod.rs:1438: Acquiring all statistics Mutex locks for SSE conversion
2026-02-05T22:39:20.661941Z DEBUG tokio-runtime-worker ThreadId(23) wkmp_ai::services::workflow_orchestrator: wkmp-ai\src\services\workflow_orchestrator\mod.rs:1467: All statistics Mutex locks acquired and data cloned
2026-02-05T22:39:20.662298Z DEBUG tokio-runtime-worker ThreadId(23) wkmp_ai::services::workflow_orchestrator: wkmp-ai\src\services\workflow_orchestrator\mod.rs:1577: Releasing all statistics Mutex locks for SSE conversion
2026-02-05T22:39:20.662676Z DEBUG tokio-runtime-worker ThreadId(23) wkmp_ai::services::filename_matcher: wkmp-ai\src\services\filename_matcher.rs:65: Database query completed path=Aretha Franklin/The Atlantic Singles Collection 1967–1970/109 - Chain of Fools.mp3 query_us=17765
2026-02-05T22:39:20.662924Z DEBUG tokio-runtime-worker ThreadId(23) wkmp_ai::services::filename_matcher: wkmp-ai\src\services\filename_matcher.rs:81: File already processed (INGEST COMPLETE) path=Aretha Franklin/The Atlantic Singles Collection 1967–1970/109 - Chain of Fools.mp3 guid=77426068-4d3b-403f-b597-d4147699e1bf
2026-02-05T22:39:20.663118Z  INFO tokio-runtime-worker ThreadId(23) wkmp_ai::services::workflow_orchestrator: wkmp-ai\src\services\workflow_orchestrator\mod.rs:1756: Phase 1 completed phase="Filename Matching" duration_ms=18 path_us=3 db_ms=18 file_index=119
2026-02-05T22:39:20.663453Z  INFO tokio-runtime-worker ThreadId(23) wkmp_ai::services::workflow_orchestrator: wkmp-ai\src\services\workflow_orchestrator\mod.rs:1770: File already processed (INGEST COMPLETE/NO AUDIO/DUPLICATE HASH), skipping all remaining phases file="C:\\Users\\Mango Cat\\Music\\Aretha Franklin/The Atlantic Singles Collection 1967–1970/109 - Chain of Fools.mp3" file_id=77426068-4d3b-403f-b597-d4147699e1bf
2026-02-05T22:39:20.663768Z DEBUG tokio-runtime-worker ThreadId(23) wkmp_ai::services::workflow_orchestrator: wkmp-ai\src\services\workflow_orchestrator\mod.rs:2912: File processing complete session_id=fc49b2a9-297a-4710-91ea-7a5f24790519 file_index=119 file=Aretha Franklin/The Atlantic Singles Collection 1967–1970/109 - Chain of Fools.mp3
2026-02-05T22:39:20.664024Z DEBUG tokio-runtime-worker ThreadId(23) wkmp_ai::services::workflow_orchestrator: wkmp-ai\src\services\workflow_orchestrator\mod.rs:1438: Acquiring all statistics Mutex locks for SSE conversion
2026-02-05T22:39:20.664224Z DEBUG tokio-runtime-worker ThreadId(23) wkmp_ai::services::workflow_orchestrator: wkmp-ai\src\services\workflow_orchestrator\mod.rs:1467: All statistics Mutex locks acquired and data cloned
2026-02-05T22:39:20.664496Z DEBUG tokio-runtime-worker ThreadId(23) wkmp_ai::services::workflow_orchestrator: wkmp-ai\src\services\workflow_orchestrator\mod.rs:1577: Releasing all statistics Mutex locks for SSE conversion
2026-02-05T22:39:20.664732Z DEBUG tokio-runtime-worker ThreadId(23) wkmp_ai::services::filename_matcher: wkmp-ai\src\services\filename_matcher.rs:65: Database query completed path=Aretha Franklin/The Atlantic Singles Collection 1967–1970/110 - Prove It (mono version).mp3 query_us=19292
2026-02-05T22:39:20.665010Z DEBUG tokio-runtime-worker ThreadId(23) wkmp_ai::services::filename_matcher: wkmp-ai\src\services\filename_matcher.rs:81: File already processed (INGEST COMPLETE) path=Aretha Franklin/The Atlantic Singles Collection 1967–1970/110 - Prove It (mono version).mp3 guid=3c310bb8-bf23-450b-9364-7a53f2149314
2026-02-05T22:39:20.665264Z  INFO tokio-runtime-worker ThreadId(23) wkmp_ai::services::workflow_orchestrator: wkmp-ai\src\services\workflow_orchestrator\mod.rs:1756: Phase 1 completed phase="Filename Matching" duration_ms=20 path_us=1 db_ms=19 file_index=120
2026-02-05T22:39:20.665418Z  INFO tokio-runtime-worker ThreadId(23) wkmp_ai::services::workflow_orchestrator: wkmp-ai\src\services\workflow_orchestrator\mod.rs:1770: File already processed (INGEST COMPLETE/NO AUDIO/DUPLICATE HASH), skipping all remaining phases file="C:\\Users\\Mango Cat\\Music\\Aretha Franklin/The Atlantic Singles Collection 1967–1970/110 - Prove It (mono version).mp3" file_id=3c310bb8-bf23-450b-9364-7a53f2149314
2026-02-05T22:39:20.665706Z DEBUG tokio-runtime-worker ThreadId(23) wkmp_ai::services::workflow_orchestrator: wkmp-ai\src\services\workflow_orchestrator\mod.rs:2912: File processing complete session_id=fc49b2a9-297a-4710-91ea-7a5f24790519 file_index=120 file=Aretha Franklin/The Atlantic Singles Collection 1967–1970/110 - Prove It (mono version).mp3
2026-02-05T22:39:20.665960Z DEBUG tokio-runtime-worker ThreadId(23) wkmp_ai::services::workflow_orchestrator: wkmp-ai\src\services\workflow_orchestrator\mod.rs:1438: Acquiring all statistics Mutex locks for SSE conversion
2026-02-05T22:39:20.666189Z DEBUG tokio-runtime-worker ThreadId(23) wkmp_ai::services::workflow_orchestrator: wkmp-ai\src\services\workflow_orchestrator\mod.rs:1467: All statistics Mutex locks acquired and data cloned
2026-02-05T22:39:20.666432Z DEBUG tokio-runtime-worker ThreadId(23) wkmp_ai::services::workflow_orchestrator: wkmp-ai\src\services\workflow_orchestrator\mod.rs:1577: Releasing all statistics Mutex locks for SSE conversion
2026-02-05T22:39:20.666637Z DEBUG tokio-runtime-worker ThreadId(23) wkmp_ai::services::workflow_orchestrator: wkmp-ai\src\services\workflow_orchestrator\mod.rs:3094: Starting per-file pipeline file_index=121 file_id=1562520a-df71-4c25-8265-014cd584e5d5 file=Aretha Franklin/The Atlantic Singles Collection 1967–1970/111 - (Sweet Sweet Baby) Since You’ve Been Gone.mp3
2026-02-05T22:39:20.666945Z  INFO tokio-runtime-worker ThreadId(23) wkmp_ai::services::workflow_orchestrator: wkmp-ai\src\services\workflow_orchestrator\mod.rs:1733: Starting PLAN024 10-phase per-file pipeline (late audio decode) file="C:\\Users\\Mango Cat\\Music\\Aretha Franklin/The Atlantic Singles Collection 1967–1970/111 - (Sweet Sweet Baby) Since You’ve Been Gone.mp3"
2026-02-05T22:39:20.667211Z DEBUG tokio-runtime-worker ThreadId(23) wkmp_ai::services::workflow_orchestrator: wkmp-ai\src\services\workflow_orchestrator\mod.rs:1742: Phase 1: Filename Matching - START file="C:\\Users\\Mango Cat\\Music\\Aretha Franklin/The Atlantic Singles Collection 1967–1970/111 - (Sweet Sweet Baby) Since You’ve Been Gone.mp3"
2026-02-05T22:39:20.667525Z DEBUG tokio-runtime-worker ThreadId(23) wkmp_ai::services::filename_matcher: wkmp-ai\src\services\filename_matcher.rs:54: Checking if file exists in database path=Aretha Franklin/The Atlantic Singles Collection 1967–1970/111 - (Sweet Sweet Baby) Since You’ve Been Gone.mp3 norm_us=13
2026-02-05T22:39:20.667848Z DEBUG tokio-runtime-worker ThreadId(23) wkmp_ai::services::workflow_orchestrator: wkmp-ai\src\services\workflow_orchestrator\mod.rs:3094: Starting per-file pipeline file_index=122 file_id=c021d59c-7493-44c3-9834-fd25e0e757f9 file=Aretha Franklin/The Atlantic Singles Collection 1967–1970/112 - Ain’t No Way.mp3
2026-02-05T22:39:20.668149Z  INFO tokio-runtime-worker ThreadId(23) wkmp_ai::services::workflow_orchestrator: wkmp-ai\src\services\workflow_orchestrator\mod.rs:1733: Starting PLAN024 10-phase per-file pipeline (late audio decode) file="C:\\Users\\Mango Cat\\Music\\Aretha Franklin/The Atlantic Singles Collection 1967–1970/112 - Ain’t No Way.mp3"
2026-02-05T22:39:20.668387Z DEBUG tokio-runtime-worker ThreadId(23) wkmp_ai::services::workflow_orchestrator: wkmp-ai\src\services\workflow_orchestrator\mod.rs:1742: Phase 1: Filename Matching - START file="C:\\Users\\Mango Cat\\Music\\Aretha Franklin/The Atlantic Singles Collection 1967–1970/112 - Ain’t No Way.mp3"
2026-02-05T22:39:20.668580Z DEBUG tokio-runtime-worker ThreadId(23) wkmp_ai::services::filename_matcher: wkmp-ai\src\services\filename_matcher.rs:54: Checking if file exists in database path=Aretha Franklin/The Atlantic Singles Collection 1967–1970/112 - Ain’t No Way.mp3 norm_us=9
2026-02-05T22:39:20.668833Z DEBUG tokio-runtime-worker ThreadId(23) wkmp_ai::services::workflow_orchestrator: wkmp-ai\src\services\workflow_orchestrator\mod.rs:3094: Starting per-file pipeline file_index=123 file_id=1cbb9e07-8ccf-49d1-adef-24c7f65b11fc file=Aretha Franklin/The Atlantic Singles Collection 1967–1970/113 - Think.mp3
2026-02-05T22:39:20.669095Z  INFO tokio-runtime-worker ThreadId(23) wkmp_ai::services::workflow_orchestrator: wkmp-ai\src\services\workflow_orchestrator\mod.rs:1733: Starting PLAN024 10-phase per-file pipeline (late audio decode) file="C:\\Users\\Mango Cat\\Music\\Aretha Franklin/The Atlantic Singles Collection 1967–1970/113 - Think.mp3"
2026-02-05T22:39:20.669350Z DEBUG tokio-runtime-worker ThreadId(23) wkmp_ai::services::workflow_orchestrator: wkmp-ai\src\services\workflow_orchestrator\mod.rs:1742: Phase 1: Filename Matching - START file="C:\\Users\\Mango Cat\\Music\\Aretha Franklin/The Atlantic Singles Collection 1967–1970/113 - Think.mp3"
2026-02-05T22:39:20.669611Z DEBUG tokio-runtime-worker ThreadId(23) wkmp_ai::services::filename_matcher: wkmp-ai\src\services\filename_matcher.rs:54: Checking if file exists in database path=Aretha Franklin/The Atlantic Singles Collection 1967–1970/113 - Think.mp3 norm_us=10
2026-02-05T22:39:20.671755Z DEBUG tokio-runtime-worker ThreadId(23) wkmp_ai::api::sse: wkmp-ai\src\api\sse.rs:71: SSE: Broadcasting import event: ImportProgressUpdate
2026-02-05T22:39:20.673435Z DEBUG tokio-runtime-worker ThreadId(23) wkmp_ai::api::sse: wkmp-ai\src\api\sse.rs:71: SSE: Broadcasting import event: ImportProgressUpdate
2026-02-05T22:39:20.675496Z DEBUG tokio-runtime-worker ThreadId(23) wkmp_ai::api::sse: wkmp-ai\src\api\sse.rs:71: SSE: Broadcasting import event: ImportProgressUpdate
2026-02-05T22:39:20.676227Z DEBUG tokio-runtime-worker ThreadId(23) wkmp_ai::services::filename_matcher: wkmp-ai\src\services\filename_matcher.rs:65: Database query completed path=Aretha Franklin/The Atlantic Singles Collection 1967–1970/111 - (Sweet Sweet Baby) Since You’ve Been Gone.mp3 query_us=8463
2026-02-05T22:39:20.676491Z DEBUG tokio-runtime-worker ThreadId(23) wkmp_ai::services::filename_matcher: wkmp-ai\src\services\filename_matcher.rs:81: File already processed (INGEST COMPLETE) path=Aretha Franklin/The Atlantic Singles Collection 1967–1970/111 - (Sweet Sweet Baby) Since You’ve Been Gone.mp3 guid=1562520a-df71-4c25-8265-014cd584e5d5
2026-02-05T22:39:20.676857Z  INFO tokio-runtime-worker ThreadId(23) wkmp_ai::services::workflow_orchestrator: wkmp-ai\src\services\workflow_orchestrator\mod.rs:1756: Phase 1 completed phase="Filename Matching" duration_ms=9 path_us=5 db_ms=9 file_index=121
2026-02-05T22:39:20.677042Z  INFO tokio-runtime-worker ThreadId(23) wkmp_ai::services::workflow_orchestrator: wkmp-ai\src\services\workflow_orchestrator\mod.rs:1770: File already processed (INGEST COMPLETE/NO AUDIO/DUPLICATE HASH), skipping all remaining phases file="C:\\Users\\Mango Cat\\Music\\Aretha Franklin/The Atlantic Singles Collection 1967–1970/111 - (Sweet Sweet Baby) Since You’ve Been Gone.mp3" file_id=1562520a-df71-4c25-8265-014cd584e5d5
2026-02-05T22:39:20.677252Z DEBUG tokio-runtime-worker ThreadId(23) wkmp_ai::services::workflow_orchestrator: wkmp-ai\src\services\workflow_orchestrator\mod.rs:2912: File processing complete session_id=fc49b2a9-297a-4710-91ea-7a5f24790519 file_index=121 file=Aretha Franklin/The Atlantic Singles Collection 1967–1970/111 - (Sweet Sweet Baby) Since You’ve Been Gone.mp3
2026-02-05T22:39:20.677495Z DEBUG tokio-runtime-worker ThreadId(23) wkmp_ai::services::workflow_orchestrator: wkmp-ai\src\services\workflow_orchestrator\mod.rs:1438: Acquiring all statistics Mutex locks for SSE conversion
2026-02-05T22:39:20.677666Z DEBUG tokio-runtime-worker ThreadId(23) wkmp_ai::services::workflow_orchestrator: wkmp-ai\src\services\workflow_orchestrator\mod.rs:1467: All statistics Mutex locks acquired and data cloned
2026-02-05T22:39:20.677915Z DEBUG tokio-runtime-worker ThreadId(23) wkmp_ai::services::workflow_orchestrator: wkmp-ai\src\services\workflow_orchestrator\mod.rs:1577: Releasing all statistics Mutex locks for SSE conversion
2026-02-05T22:39:20.678140Z DEBUG tokio-runtime-worker ThreadId(23) wkmp_ai::services::filename_matcher: wkmp-ai\src\services\filename_matcher.rs:65: Database query completed path=Aretha Franklin/The Atlantic Singles Collection 1967–1970/113 - Think.mp3 query_us=8344
2026-02-05T22:39:20.678403Z DEBUG tokio-runtime-worker ThreadId(23) wkmp_ai::services::filename_matcher: wkmp-ai\src\services\filename_matcher.rs:81: File already processed (INGEST COMPLETE) path=Aretha Franklin/The Atlantic Singles Collection 1967–1970/113 - Think.mp3 guid=1cbb9e07-8ccf-49d1-adef-24c7f65b11fc
2026-02-05T22:39:20.678690Z  INFO tokio-runtime-worker ThreadId(23) wkmp_ai::services::workflow_orchestrator: wkmp-ai\src\services\workflow_orchestrator\mod.rs:1756: Phase 1 completed phase="Filename Matching" duration_ms=9 path_us=2 db_ms=9 file_index=123
2026-02-05T22:39:20.678908Z  INFO tokio-runtime-worker ThreadId(23) wkmp_ai::services::workflow_orchestrator: wkmp-ai\src\services\workflow_orchestrator\mod.rs:1770: File already processed (INGEST COMPLETE/NO AUDIO/DUPLICATE HASH), skipping all remaining phases file="C:\\Users\\Mango Cat\\Music\\Aretha Franklin/The Atlantic Singles Collection 1967–1970/113 - Think.mp3" file_id=1cbb9e07-8ccf-49d1-adef-24c7f65b11fc
2026-02-05T22:39:20.679194Z DEBUG tokio-runtime-worker ThreadId(23) wkmp_ai::services::workflow_orchestrator: wkmp-ai\src\services\workflow_orchestrator\mod.rs:2912: File processing complete session_id=fc49b2a9-297a-4710-91ea-7a5f24790519 file_index=123 file=Aretha Franklin/The Atlantic Singles Collection 1967–1970/113 - Think.mp3
2026-02-05T22:39:20.679592Z DEBUG tokio-runtime-worker ThreadId(23) wkmp_ai::services::workflow_orchestrator: wkmp-ai\src\services\workflow_orchestrator\mod.rs:1438: Acquiring all statistics Mutex locks for SSE conversion
2026-02-05T22:39:20.679754Z DEBUG tokio-runtime-worker ThreadId(23) wkmp_ai::services::workflow_orchestrator: wkmp-ai\src\services\workflow_orchestrator\mod.rs:1467: All statistics Mutex locks acquired and data cloned
2026-02-05T22:39:20.679988Z DEBUG tokio-runtime-worker ThreadId(23) wkmp_ai::services::workflow_orchestrator: wkmp-ai\src\services\workflow_orchestrator\mod.rs:1577: Releasing all statistics Mutex locks for SSE conversion
2026-02-05T22:39:20.680290Z DEBUG tokio-runtime-worker ThreadId(23) wkmp_ai::services::filename_matcher: wkmp-ai\src\services\filename_matcher.rs:65: Database query completed path=Aretha Franklin/The Atlantic Singles Collection 1967–1970/112 - Ain’t No Way.mp3 query_us=11509
2026-02-05T22:39:20.680498Z DEBUG tokio-runtime-worker ThreadId(23) wkmp_ai::services::filename_matcher: wkmp-ai\src\services\filename_matcher.rs:81: File already processed (INGEST COMPLETE) path=Aretha Franklin/The Atlantic Singles Collection 1967–1970/112 - Ain’t No Way.mp3 guid=c021d59c-7493-44c3-9834-fd25e0e757f9
2026-02-05T22:39:20.680737Z  INFO tokio-runtime-worker ThreadId(23) wkmp_ai::services::workflow_orchestrator: wkmp-ai\src\services\workflow_orchestrator\mod.rs:1756: Phase 1 completed phase="Filename Matching" duration_ms=12 path_us=1 db_ms=12 file_index=122
2026-02-05T22:39:20.680935Z  INFO tokio-runtime-worker ThreadId(23) wkmp_ai::services::workflow_orchestrator: wkmp-ai\src\services\workflow_orchestrator\mod.rs:1770: File already processed (INGEST COMPLETE/NO AUDIO/DUPLICATE HASH), skipping all remaining phases file="C:\\Users\\Mango Cat\\Music\\Aretha Franklin/The Atlantic Singles Collection 1967–1970/112 - Ain’t No Way.mp3" file_id=c021d59c-7493-44c3-9834-fd25e0e757f9
2026-02-05T22:39:20.681109Z DEBUG tokio-runtime-worker ThreadId(23) wkmp_ai::services::workflow_orchestrator: wkmp-ai\src\services\workflow_orchestrator\mod.rs:2912: File processing complete session_id=fc49b2a9-297a-4710-91ea-7a5f24790519 file_index=122 file=Aretha Franklin/The Atlantic Singles Collection 1967–1970/112 - Ain’t No Way.mp3
2026-02-05T22:39:20.681316Z DEBUG tokio-runtime-worker ThreadId(23) wkmp_ai::services::workflow_orchestrator: wkmp-ai\src\services\workflow_orchestrator\mod.rs:1438: Acquiring all statistics Mutex locks for SSE conversion
2026-02-05T22:39:20.681551Z DEBUG tokio-runtime-worker ThreadId(23) wkmp_ai::services::workflow_orchestrator: wkmp-ai\src\services\workflow_orchestrator\mod.rs:1467: All statistics Mutex locks acquired and data cloned
2026-02-05T22:39:20.681906Z DEBUG tokio-runtime-worker ThreadId(23) wkmp_ai::services::workflow_orchestrator: wkmp-ai\src\services\workflow_orchestrator\mod.rs:1577: Releasing all statistics Mutex locks for SSE conversion
2026-02-05T22:39:20.682159Z DEBUG tokio-runtime-worker ThreadId(23) wkmp_ai::services::workflow_orchestrator: wkmp-ai\src\services\workflow_orchestrator\mod.rs:3094: Starting per-file pipeline file_index=124 file_id=ef9ee7bb-a618-4de2-a1c4-dc8160a7af3d file=Aretha Franklin/The Atlantic Singles Collection 1967–1970/114 - You Send Me.mp3
2026-02-05T22:39:20.682374Z  INFO tokio-runtime-worker ThreadId(23) wkmp_ai::services::workflow_orchestrator: wkmp-ai\src\services\workflow_orchestrator\mod.rs:1733: Starting PLAN024 10-phase per-file pipeline (late audio decode) file="C:\\Users\\Mango Cat\\Music\\Aretha Franklin/The Atlantic Singles Collection 1967–1970/114 - You Send Me.mp3"
2026-02-05T22:39:20.682564Z DEBUG tokio-runtime-worker ThreadId(23) wkmp_ai::services::workflow_orchestrator: wkmp-ai\src\services\workflow_orchestrator\mod.rs:1742: Phase 1: Filename Matching - START file="C:\\Users\\Mango Cat\\Music\\Aretha Franklin/The Atlantic Singles Collection 1967–1970/114 - You Send Me.mp3"
2026-02-05T22:39:20.682805Z DEBUG tokio-runtime-worker ThreadId(23) wkmp_ai::services::filename_matcher: wkmp-ai\src\services\filename_matcher.rs:54: Checking if file exists in database path=Aretha Franklin/The Atlantic Singles Collection 1967–1970/114 - You Send Me.mp3 norm_us=10
2026-02-05T22:39:20.683036Z DEBUG tokio-runtime-worker ThreadId(23) wkmp_ai::services::workflow_orchestrator: wkmp-ai\src\services\workflow_orchestrator\mod.rs:3094: Starting per-file pipeline file_index=125 file_id=46f562a6-2592-4c0a-9929-5641ebffbf1e file=Aretha Franklin/The Atlantic Singles Collection 1967–1970/115 - The House That Jack Built (mono version).mp3
2026-02-05T22:39:20.683197Z  INFO tokio-runtime-worker ThreadId(23) wkmp_ai::services::workflow_orchestrator: wkmp-ai\src\services\workflow_orchestrator\mod.rs:1733: Starting PLAN024 10-phase per-file pipeline (late audio decode) file="C:\\Users\\Mango Cat\\Music\\Aretha Franklin/The Atlantic Singles Collection 1967–1970/115 - The House That Jack Built (mono version).mp3"
2026-02-05T22:39:20.683505Z DEBUG tokio-runtime-worker ThreadId(23) wkmp_ai::services::workflow_orchestrator: wkmp-ai\src\services\workflow_orchestrator\mod.rs:1742: Phase 1: Filename Matching - START file="C:\\Users\\Mango Cat\\Music\\Aretha Franklin/The Atlantic Singles Collection 1967–1970/115 - The House That Jack Built (mono version).mp3"
2026-02-05T22:39:20.683699Z DEBUG tokio-runtime-worker ThreadId(23) wkmp_ai::services::filename_matcher: wkmp-ai\src\services\filename_matcher.rs:54: Checking if file exists in database path=Aretha Franklin/The Atlantic Singles Collection 1967–1970/115 - The House That Jack Built (mono version).mp3 norm_us=11
2026-02-05T22:39:20.684016Z DEBUG tokio-runtime-worker ThreadId(23) wkmp_ai::services::workflow_orchestrator: wkmp-ai\src\services\workflow_orchestrator\mod.rs:3094: Starting per-file pipeline file_index=126 file_id=5434e5d3-8169-4b12-84fe-4493af090649 file=Aretha Franklin/The Atlantic Singles Collection 1967–1970/116 - I Say a Little Prayer.mp3
2026-02-05T22:39:20.684233Z  INFO tokio-runtime-worker ThreadId(23) wkmp_ai::services::workflow_orchestrator: wkmp-ai\src\services\workflow_orchestrator\mod.rs:1733: Starting PLAN024 10-phase per-file pipeline (late audio decode) file="C:\\Users\\Mango Cat\\Music\\Aretha Franklin/The Atlantic Singles Collection 1967–1970/116 - I Say a Little Prayer.mp3"
2026-02-05T22:39:20.684501Z DEBUG tokio-runtime-worker ThreadId(23) wkmp_ai::services::workflow_orchestrator: wkmp-ai\src\services\workflow_orchestrator\mod.rs:1742: Phase 1: Filename Matching - START file="C:\\Users\\Mango Cat\\Music\\Aretha Franklin/The Atlantic Singles Collection 1967–1970/116 - I Say a Little Prayer.mp3"
2026-02-05T22:39:20.684697Z DEBUG tokio-runtime-worker ThreadId(23) wkmp_ai::services::filename_matcher: wkmp-ai\src\services\filename_matcher.rs:54: Checking if file exists in database path=Aretha Franklin/The Atlantic Singles Collection 1967–1970/116 - I Say a Little Prayer.mp3 norm_us=10
2026-02-05T22:39:20.686809Z DEBUG tokio-runtime-worker ThreadId(23) wkmp_ai::api::sse: wkmp-ai\src\api\sse.rs:71: SSE: Broadcasting import event: ImportProgressUpdate
2026-02-05T22:39:20.688940Z DEBUG tokio-runtime-worker ThreadId(23) wkmp_ai::api::sse: wkmp-ai\src\api\sse.rs:71: SSE: Broadcasting import event: ImportProgressUpdate
2026-02-05T22:39:20.690630Z DEBUG tokio-runtime-worker ThreadId(23) wkmp_ai::api::sse: wkmp-ai\src\api\sse.rs:71: SSE: Broadcasting import event: ImportProgressUpdate
2026-02-05T22:39:20.691196Z DEBUG tokio-runtime-worker ThreadId(23) wkmp_ai::services::filename_matcher: wkmp-ai\src\services\filename_matcher.rs:65: Database query completed path=Aretha Franklin/The Atlantic Singles Collection 1967–1970/115 - The House That Jack Built (mono version).mp3 query_us=7232
2026-02-05T22:39:20.691408Z DEBUG tokio-runtime-worker ThreadId(23) wkmp_ai::services::filename_matcher: wkmp-ai\src\services\filename_matcher.rs:81: File already processed (INGEST COMPLETE) path=Aretha Franklin/The Atlantic Singles Collection 1967–1970/115 - The House That Jack Built (mono version).mp3 guid=46f562a6-2592-4c0a-9929-5641ebffbf1e
2026-02-05T22:39:20.691611Z  INFO tokio-runtime-worker ThreadId(23) wkmp_ai::services::workflow_orchestrator: wkmp-ai\src\services\workflow_orchestrator\mod.rs:1756: Phase 1 completed phase="Filename Matching" duration_ms=8 path_us=2 db_ms=7 file_index=125
2026-02-05T22:39:20.691806Z  INFO tokio-runtime-worker ThreadId(23) wkmp_ai::services::workflow_orchestrator: wkmp-ai\src\services\workflow_orchestrator\mod.rs:1770: File already processed (INGEST COMPLETE/NO AUDIO/DUPLICATE HASH), skipping all remaining phases file="C:\\Users\\Mango Cat\\Music\\Aretha Franklin/The Atlantic Singles Collection 1967–1970/115 - The House That Jack Built (mono version).mp3" file_id=46f562a6-2592-4c0a-9929-5641ebffbf1e
2026-02-05T22:39:20.692021Z DEBUG tokio-runtime-worker ThreadId(23) wkmp_ai::services::workflow_orchestrator: wkmp-ai\src\services\workflow_orchestrator\mod.rs:2912: File processing complete session_id=fc49b2a9-297a-4710-91ea-7a5f24790519 file_index=125 file=Aretha Franklin/The Atlantic Singles Collection 1967–1970/115 - The House That Jack Built (mono version).mp3
2026-02-05T22:39:20.692216Z DEBUG tokio-runtime-worker ThreadId(23) wkmp_ai::services::workflow_orchestrator: wkmp-ai\src\services\workflow_orchestrator\mod.rs:1438: Acquiring all statistics Mutex locks for SSE conversion
2026-02-05T22:39:20.692368Z DEBUG tokio-runtime-worker ThreadId(23) wkmp_ai::services::workflow_orchestrator: wkmp-ai\src\services\workflow_orchestrator\mod.rs:1467: All statistics Mutex locks acquired and data cloned
2026-02-05T22:39:20.692633Z DEBUG tokio-runtime-worker ThreadId(23) wkmp_ai::services::workflow_orchestrator: wkmp-ai\src\services\workflow_orchestrator\mod.rs:1577: Releasing all statistics Mutex locks for SSE conversion
2026-02-05T22:39:20.692848Z DEBUG tokio-runtime-worker ThreadId(23) wkmp_ai::services::filename_matcher: wkmp-ai\src\services\filename_matcher.rs:65: Database query completed path=Aretha Franklin/The Atlantic Singles Collection 1967–1970/116 - I Say a Little Prayer.mp3 query_us=7958
2026-02-05T22:39:20.693028Z DEBUG tokio-runtime-worker ThreadId(23) wkmp_ai::services::filename_matcher: wkmp-ai\src\services\filename_matcher.rs:81: File already processed (INGEST COMPLETE) path=Aretha Franklin/The Atlantic Singles Collection 1967–1970/116 - I Say a Little Prayer.mp3 guid=5434e5d3-8169-4b12-84fe-4493af090649
2026-02-05T22:39:20.693198Z  INFO tokio-runtime-worker ThreadId(23) wkmp_ai::services::workflow_orchestrator: wkmp-ai\src\services\workflow_orchestrator\mod.rs:1756: Phase 1 completed phase="Filename Matching" duration_ms=8 path_us=2 db_ms=8 file_index=126
2026-02-05T22:39:20.693377Z  INFO tokio-runtime-worker ThreadId(23) wkmp_ai::services::workflow_orchestrator: wkmp-ai\src\services\workflow_orchestrator\mod.rs:1770: File already processed (INGEST COMPLETE/NO AUDIO/DUPLICATE HASH), skipping all remaining phases file="C:\\Users\\Mango Cat\\Music\\Aretha Franklin/The Atlantic Singles Collection 1967–1970/116 - I Say a Little Prayer.mp3" file_id=5434e5d3-8169-4b12-84fe-4493af090649
2026-02-05T22:39:20.693567Z DEBUG tokio-runtime-worker ThreadId(23) wkmp_ai::services::workflow_orchestrator: wkmp-ai\src\services\workflow_orchestrator\mod.rs:2912: File processing complete session_id=fc49b2a9-297a-4710-91ea-7a5f24790519 file_index=126 file=Aretha Franklin/The Atlantic Singles Collection 1967–1970/116 - I Say a Little Prayer.mp3
2026-02-05T22:39:20.693746Z DEBUG tokio-runtime-worker ThreadId(23) wkmp_ai::services::workflow_orchestrator: wkmp-ai\src\services\workflow_orchestrator\mod.rs:1438: Acquiring all statistics Mutex locks for SSE conversion
2026-02-05T22:39:20.693895Z DEBUG tokio-runtime-worker ThreadId(23) wkmp_ai::services::workflow_orchestrator: wkmp-ai\src\services\workflow_orchestrator\mod.rs:1467: All statistics Mutex locks acquired and data cloned
2026-02-05T22:39:20.694134Z DEBUG tokio-runtime-worker ThreadId(23) wkmp_ai::services::workflow_orchestrator: wkmp-ai\src\services\workflow_orchestrator\mod.rs:1577: Releasing all statistics Mutex locks for SSE conversion
2026-02-05T22:39:20.694336Z DEBUG tokio-runtime-worker ThreadId(23) wkmp_ai::services::filename_matcher: wkmp-ai\src\services\filename_matcher.rs:65: Database query completed path=Aretha Franklin/The Atlantic Singles Collection 1967–1970/114 - You Send Me.mp3 query_us=11364
2026-02-05T22:39:20.694511Z DEBUG tokio-runtime-worker ThreadId(23) wkmp_ai::services::filename_matcher: wkmp-ai\src\services\filename_matcher.rs:81: File already processed (INGEST COMPLETE) path=Aretha Franklin/The Atlantic Singles Collection 1967–1970/114 - You Send Me.mp3 guid=ef9ee7bb-a618-4de2-a1c4-dc8160a7af3d
2026-02-05T22:39:20.694679Z  INFO tokio-runtime-worker ThreadId(23) wkmp_ai::services::workflow_orchestrator: wkmp-ai\src\services\workflow_orchestrator\mod.rs:1756: Phase 1 completed phase="Filename Matching" duration_ms=12 path_us=2 db_ms=11 file_index=124
2026-02-05T22:39:20.694857Z  INFO tokio-runtime-worker ThreadId(23) wkmp_ai::services::workflow_orchestrator: wkmp-ai\src\services\workflow_orchestrator\mod.rs:1770: File already processed (INGEST COMPLETE/NO AUDIO/DUPLICATE HASH), skipping all remaining phases file="C:\\Users\\Mango Cat\\Music\\Aretha Franklin/The Atlantic Singles Collection 1967–1970/114 - You Send Me.mp3" file_id=ef9ee7bb-a618-4de2-a1c4-dc8160a7af3d
2026-02-05T22:39:20.695044Z DEBUG tokio-runtime-worker ThreadId(23) wkmp_ai::services::workflow_orchestrator: wkmp-ai\src\services\workflow_orchestrator\mod.rs:2912: File processing complete session_id=fc49b2a9-297a-4710-91ea-7a5f24790519 file_index=124 file=Aretha Franklin/The Atlantic Singles Collection 1967–1970/114 - You Send Me.mp3
2026-02-05T22:39:20.695248Z DEBUG tokio-runtime-worker ThreadId(23) wkmp_ai::services::workflow_orchestrator: wkmp-ai\src\services\workflow_orchestrator\mod.rs:1438: Acquiring all statistics Mutex locks for SSE conversion
2026-02-05T22:39:20.695404Z DEBUG tokio-runtime-worker ThreadId(23) wkmp_ai::services::workflow_orchestrator: wkmp-ai\src\services\workflow_orchestrator\mod.rs:1467: All statistics Mutex locks acquired and data cloned
2026-02-05T22:39:20.695643Z DEBUG tokio-runtime-worker ThreadId(23) wkmp_ai::services::workflow_orchestrator: wkmp-ai\src\services\workflow_orchestrator\mod.rs:1577: Releasing all statistics Mutex locks for SSE conversion
2026-02-05T22:39:20.695811Z DEBUG tokio-runtime-worker ThreadId(23) wkmp_ai::services::workflow_orchestrator: wkmp-ai\src\services\workflow_orchestrator\mod.rs:3094: Starting per-file pipeline file_index=127 file_id=128ac9e9-97dc-446e-8fad-34a3cce596a2 file=Aretha Franklin/The Atlantic Singles Collection 1967–1970/117 - See Saw.mp3
2026-02-05T22:39:20.695997Z  INFO tokio-runtime-worker ThreadId(23) wkmp_ai::services::workflow_orchestrator: wkmp-ai\src\services\workflow_orchestrator\mod.rs:1733: Starting PLAN024 10-phase per-file pipeline (late audio decode) file="C:\\Users\\Mango Cat\\Music\\Aretha Franklin/The Atlantic Singles Collection 1967–1970/117 - See Saw.mp3"
2026-02-05T22:39:20.696183Z DEBUG tokio-runtime-worker ThreadId(23) wkmp_ai::services::workflow_orchestrator: wkmp-ai\src\services\workflow_orchestrator\mod.rs:1742: Phase 1: Filename Matching - START file="C:\\Users\\Mango Cat\\Music\\Aretha Franklin/The Atlantic Singles Collection 1967–1970/117 - See Saw.mp3"
2026-02-05T22:39:20.696361Z DEBUG tokio-runtime-worker ThreadId(23) wkmp_ai::services::filename_matcher: wkmp-ai\src\services\filename_matcher.rs:54: Checking if file exists in database path=Aretha Franklin/The Atlantic Singles Collection 1967–1970/117 - See Saw.mp3 norm_us=9
2026-02-05T22:39:20.696591Z DEBUG tokio-runtime-worker ThreadId(23) wkmp_ai::services::workflow_orchestrator: wkmp-ai\src\services\workflow_orchestrator\mod.rs:3094: Starting per-file pipeline file_index=128 file_id=af896435-8912-4453-9fd3-3273f7c06cac file=Aretha Franklin/The Atlantic Singles Collection 1967–1970/118 - My Song.mp3
2026-02-05T22:39:20.696783Z  INFO tokio-runtime-worker ThreadId(23) wkmp_ai::services::workflow_orchestrator: wkmp-ai\src\services\workflow_orchestrator\mod.rs:1733: Starting PLAN024 10-phase per-file pipeline (late audio decode) file="C:\\Users\\Mango Cat\\Music\\Aretha Franklin/The Atlantic Singles Collection 1967–1970/118 - My Song.mp3"
2026-02-05T22:39:20.696965Z DEBUG tokio-runtime-worker ThreadId(23) wkmp_ai::services::workflow_orchestrator: wkmp-ai\src\services\workflow_orchestrator\mod.rs:1742: Phase 1: Filename Matching - START file="C:\\Users\\Mango Cat\\Music\\Aretha Franklin/The Atlantic Singles Collection 1967–1970/118 - My Song.mp3"
2026-02-05T22:39:20.697131Z DEBUG tokio-runtime-worker ThreadId(23) wkmp_ai::services::filename_matcher: wkmp-ai\src\services\filename_matcher.rs:54: Checking if file exists in database path=Aretha Franklin/The Atlantic Singles Collection 1967–1970/118 - My Song.mp3 norm_us=6
2026-02-05T22:39:20.697334Z DEBUG tokio-runtime-worker ThreadId(23) wkmp_ai::services::workflow_orchestrator: wkmp-ai\src\services\workflow_orchestrator\mod.rs:3094: Starting per-file pipeline file_index=129 file_id=db827c57-648e-46e0-b3d2-814534f7d96a file=Aretha Franklin/The Atlantic Singles Collection 1967–1970/201 - The Weight.mp3
2026-02-05T22:39:20.697515Z  INFO tokio-runtime-worker ThreadId(23) wkmp_ai::services::workflow_orchestrator: wkmp-ai\src\services\workflow_orchestrator\mod.rs:1733: Starting PLAN024 10-phase per-file pipeline (late audio decode) file="C:\\Users\\Mango Cat\\Music\\Aretha Franklin/The Atlantic Singles Collection 1967–1970/201 - The Weight.mp3"
2026-02-05T22:39:20.697690Z DEBUG tokio-runtime-worker ThreadId(23) wkmp_ai::services::workflow_orchestrator: wkmp-ai\src\services\workflow_orchestrator\mod.rs:1742: Phase 1: Filename Matching - START file="C:\\Users\\Mango Cat\\Music\\Aretha Franklin/The Atlantic Singles Collection 1967–1970/201 - The Weight.mp3"
2026-02-05T22:39:20.697855Z DEBUG tokio-runtime-worker ThreadId(23) wkmp_ai::services::filename_matcher: wkmp-ai\src\services\filename_matcher.rs:54: Checking if file exists in database path=Aretha Franklin/The Atlantic Singles Collection 1967–1970/201 - The Weight.mp3 norm_us=5
2026-02-05T22:39:20.700026Z DEBUG tokio-runtime-worker ThreadId(23) wkmp_ai::api::sse: wkmp-ai\src\api\sse.rs:71: SSE: Broadcasting import event: ImportProgressUpdate
2026-02-05T22:39:20.702040Z DEBUG tokio-runtime-worker ThreadId(23) wkmp_ai::api::sse: wkmp-ai\src\api\sse.rs:71: SSE: Broadcasting import event: ImportProgressUpdate
2026-02-05T22:39:20.704030Z DEBUG tokio-runtime-worker ThreadId(23) wkmp_ai::api::sse: wkmp-ai\src\api\sse.rs:71: SSE: Broadcasting import event: ImportProgressUpdate
2026-02-05T22:39:20.704534Z DEBUG tokio-runtime-worker ThreadId(23) wkmp_ai::services::filename_matcher: wkmp-ai\src\services\filename_matcher.rs:65: Database query completed path=Aretha Franklin/The Atlantic Singles Collection 1967–1970/117 - See Saw.mp3 query_us=8002
2026-02-05T22:39:20.704743Z DEBUG tokio-runtime-worker ThreadId(23) wkmp_ai::services::filename_matcher: wkmp-ai\src\services\filename_matcher.rs:81: File already processed (INGEST COMPLETE) path=Aretha Franklin/The Atlantic Singles Collection 1967–1970/117 - See Saw.mp3 guid=128ac9e9-97dc-446e-8fad-34a3cce596a2
2026-02-05T22:39:20.705093Z  INFO tokio-runtime-worker ThreadId(23) wkmp_ai::services::workflow_orchestrator: wkmp-ai\src\services\workflow_orchestrator\mod.rs:1756: Phase 1 completed phase="Filename Matching" duration_ms=8 path_us=1 db_ms=8 file_index=127
2026-02-05T22:39:20.705568Z  INFO tokio-runtime-worker ThreadId(23) wkmp_ai::services::workflow_orchestrator: wkmp-ai\src\services\workflow_orchestrator\mod.rs:1770: File already processed (INGEST COMPLETE/NO AUDIO/DUPLICATE HASH), skipping all remaining phases file="C:\\Users\\Mango Cat\\Music\\Aretha Franklin/The Atlantic Singles Collection 1967–1970/117 - See Saw.mp3" file_id=128ac9e9-97dc-446e-8fad-34a3cce596a2
2026-02-05T22:39:20.706120Z DEBUG tokio-runtime-worker ThreadId(23) wkmp_ai::services::workflow_orchestrator: wkmp-ai\src\services\workflow_orchestrator\mod.rs:2912: File processing complete session_id=fc49b2a9-297a-4710-91ea-7a5f24790519 file_index=127 file=Aretha Franklin/The Atlantic Singles Collection 1967–1970/117 - See Saw.mp3
2026-02-05T22:39:20.706377Z DEBUG tokio-runtime-worker ThreadId(23) wkmp_ai::services::workflow_orchestrator: wkmp-ai\src\services\workflow_orchestrator\mod.rs:1438: Acquiring all statistics Mutex locks for SSE conversion
2026-02-05T22:39:20.706533Z DEBUG tokio-runtime-worker ThreadId(23) wkmp_ai::services::workflow_orchestrator: wkmp-ai\src\services\workflow_orchestrator\mod.rs:1467: All statistics Mutex locks acquired and data cloned
2026-02-05T22:39:20.706875Z DEBUG tokio-runtime-worker ThreadId(23) wkmp_ai::services::workflow_orchestrator: wkmp-ai\src\services\workflow_orchestrator\mod.rs:1577: Releasing all statistics Mutex locks for SSE conversion
2026-02-05T22:39:20.707238Z DEBUG tokio-runtime-worker ThreadId(23) wkmp_ai::services::filename_matcher: wkmp-ai\src\services\filename_matcher.rs:65: Database query completed path=Aretha Franklin/The Atlantic Singles Collection 1967–1970/118 - My Song.mp3 query_us=9944
2026-02-05T22:39:20.707479Z DEBUG tokio-runtime-worker ThreadId(23) wkmp_ai::services::filename_matcher: wkmp-ai\src\services\filename_matcher.rs:81: File already processed (INGEST COMPLETE) path=Aretha Franklin/The Atlantic Singles Collection 1967–1970/118 - My Song.mp3 guid=af896435-8912-4453-9fd3-3273f7c06cac
2026-02-05T22:39:20.707679Z  INFO tokio-runtime-worker ThreadId(23) wkmp_ai::services::workflow_orchestrator: wkmp-ai\src\services\workflow_orchestrator\mod.rs:1756: Phase 1 completed phase="Filename Matching" duration_ms=10 path_us=1 db_ms=10 file_index=128
2026-02-05T22:39:20.707942Z  INFO tokio-runtime-worker ThreadId(23) wkmp_ai::services::workflow_orchestrator: wkmp-ai\src\services\workflow_orchestrator\mod.rs:1770: File already processed (INGEST COMPLETE/NO AUDIO/DUPLICATE HASH), skipping all remaining phases file="C:\\Users\\Mango Cat\\Music\\Aretha Franklin/The Atlantic Singles Collection 1967–1970/118 - My Song.mp3" file_id=af896435-8912-4453-9fd3-3273f7c06cac
2026-02-05T22:39:20.708200Z DEBUG tokio-runtime-worker ThreadId(23) wkmp_ai::services::workflow_orchestrator: wkmp-ai\src\services\workflow_orchestrator\mod.rs:2912: File processing complete session_id=fc49b2a9-297a-4710-91ea-7a5f24790519 file_index=128 file=Aretha Franklin/The Atlantic Singles Collection 1967–1970/118 - My Song.mp3
2026-02-05T22:39:20.717665Z DEBUG tokio-runtime-worker ThreadId(23) wkmp_ai::services::workflow_orchestrator: wkmp-ai\src\services\workflow_orchestrator\mod.rs:1438: Acquiring all statistics Mutex locks for SSE conversion
2026-02-05T22:39:20.717957Z DEBUG tokio-runtime-worker ThreadId(23) wkmp_ai::services::workflow_orchestrator: wkmp-ai\src\services\workflow_orchestrator\mod.rs:1467: All statistics Mutex locks acquired and data cloned
2026-02-05T22:39:20.718289Z DEBUG tokio-runtime-worker ThreadId(23) wkmp_ai::services::workflow_orchestrator: wkmp-ai\src\services\workflow_orchestrator\mod.rs:1577: Releasing all statistics Mutex locks for SSE conversion
2026-02-05T22:39:20.718563Z DEBUG tokio-runtime-worker ThreadId(23) wkmp_ai::services::filename_matcher: wkmp-ai\src\services\filename_matcher.rs:65: Database query completed path=Aretha Franklin/The Atlantic Singles Collection 1967–1970/201 - The Weight.mp3 query_us=20545
2026-02-05T22:39:20.718741Z DEBUG tokio-runtime-worker ThreadId(23) wkmp_ai::services::filename_matcher: wkmp-ai\src\services\filename_matcher.rs:81: File already processed (INGEST COMPLETE) path=Aretha Franklin/The Atlantic Singles Collection 1967–1970/201 - The Weight.mp3 guid=db827c57-648e-46e0-b3d2-814534f7d96a
2026-02-05T22:39:20.718926Z  INFO tokio-runtime-worker ThreadId(23) wkmp_ai::services::workflow_orchestrator: wkmp-ai\src\services\workflow_orchestrator\mod.rs:1756: Phase 1 completed phase="Filename Matching" duration_ms=21 path_us=1 db_ms=21 file_index=129
2026-02-05T22:39:20.719101Z  INFO tokio-runtime-worker ThreadId(23) wkmp_ai::services::workflow_orchestrator: wkmp-ai\src\services\workflow_orchestrator\mod.rs:1770: File already processed (INGEST COMPLETE/NO AUDIO/DUPLICATE HASH), skipping all remaining phases file="C:\\Users\\Mango Cat\\Music\\Aretha Franklin/The Atlantic Singles Collection 1967–1970/201 - The Weight.mp3" file_id=db827c57-648e-46e0-b3d2-814534f7d96a
2026-02-05T22:39:20.719288Z DEBUG tokio-runtime-worker ThreadId(23) wkmp_ai::services::workflow_orchestrator: wkmp-ai\src\services\workflow_orchestrator\mod.rs:2912: File processing complete session_id=fc49b2a9-297a-4710-91ea-7a5f24790519 file_index=129 file=Aretha Franklin/The Atlantic Singles Collection 1967–1970/201 - The Weight.mp3
2026-02-05T22:39:20.719459Z DEBUG tokio-runtime-worker ThreadId(23) wkmp_ai::services::workflow_orchestrator: wkmp-ai\src\services\workflow_orchestrator\mod.rs:1438: Acquiring all statistics Mutex locks for SSE conversion
2026-02-05T22:39:20.719598Z DEBUG tokio-runtime-worker ThreadId(23) wkmp_ai::services::workflow_orchestrator: wkmp-ai\src\services\workflow_orchestrator\mod.rs:1467: All statistics Mutex locks acquired and data cloned
2026-02-05T22:39:20.719832Z DEBUG tokio-runtime-worker ThreadId(23) wkmp_ai::services::workflow_orchestrator: wkmp-ai\src\services\workflow_orchestrator\mod.rs:1577: Releasing all statistics Mutex locks for SSE conversion
2026-02-05T22:39:20.719997Z DEBUG tokio-runtime-worker ThreadId(23) wkmp_ai::services::workflow_orchestrator: wkmp-ai\src\services\workflow_orchestrator\mod.rs:3094: Starting per-file pipeline file_index=130 file_id=e884f252-f25d-43d4-8b79-a63994070e5e file=Aretha Franklin/The Atlantic Singles Collection 1967–1970/202 - Tracks of My Tears.mp3
2026-02-05T22:39:20.720182Z  INFO tokio-runtime-worker ThreadId(23) wkmp_ai::services::workflow_orchestrator: wkmp-ai\src\services\workflow_orchestrator\mod.rs:1733: Starting PLAN024 10-phase per-file pipeline (late audio decode) file="C:\\Users\\Mango Cat\\Music\\Aretha Franklin/The Atlantic Singles Collection 1967–1970/202 - Tracks of My Tears.mp3"
2026-02-05T22:39:20.720365Z DEBUG tokio-runtime-worker ThreadId(23) wkmp_ai::services::workflow_orchestrator: wkmp-ai\src\services\workflow_orchestrator\mod.rs:1742: Phase 1: Filename Matching - START file="C:\\Users\\Mango Cat\\Music\\Aretha Franklin/The Atlantic Singles Collection 1967–1970/202 - Tracks of My Tears.mp3"
2026-02-05T22:39:20.720539Z DEBUG tokio-runtime-worker ThreadId(23) wkmp_ai::services::filename_matcher: wkmp-ai\src\services\filename_matcher.rs:54: Checking if file exists in database path=Aretha Franklin/The Atlantic Singles Collection 1967–1970/202 - Tracks of My Tears.mp3 norm_us=11
2026-02-05T22:39:20.720777Z DEBUG tokio-runtime-worker ThreadId(23) wkmp_ai::services::workflow_orchestrator: wkmp-ai\src\services\workflow_orchestrator\mod.rs:3094: Starting per-file pipeline file_index=131 file_id=39af3117-18f1-4eb7-bd32-70d8c443c9e5 file=Aretha Franklin/The Atlantic Singles Collection 1967–1970/203 - I Can’t See Myself Leaving You.mp3
2026-02-05T22:39:20.721038Z  INFO tokio-runtime-worker ThreadId(23) wkmp_ai::services::workflow_orchestrator: wkmp-ai\src\services\workflow_orchestrator\mod.rs:1733: Starting PLAN024 10-phase per-file pipeline (late audio decode) file="C:\\Users\\Mango Cat\\Music\\Aretha Franklin/The Atlantic Singles Collection 1967–1970/203 - I Can’t See Myself Leaving You.mp3"
2026-02-05T22:39:20.721233Z DEBUG tokio-runtime-worker ThreadId(23) wkmp_ai::services::workflow_orchestrator: wkmp-ai\src\services\workflow_orchestrator\mod.rs:1742: Phase 1: Filename Matching - START file="C:\\Users\\Mango Cat\\Music\\Aretha Franklin/The Atlantic Singles Collection 1967–1970/203 - I Can’t See Myself Leaving You.mp3"
2026-02-05T22:39:20.721415Z DEBUG tokio-runtime-worker ThreadId(23) wkmp_ai::services::filename_matcher: wkmp-ai\src\services\filename_matcher.rs:54: Checking if file exists in database path=Aretha Franklin/The Atlantic Singles Collection 1967–1970/203 - I Can’t See Myself Leaving You.mp3 norm_us=11
2026-02-05T22:39:20.721630Z DEBUG tokio-runtime-worker ThreadId(23) wkmp_ai::services::workflow_orchestrator: wkmp-ai\src\services\workflow_orchestrator\mod.rs:3094: Starting per-file pipeline file_index=132 file_id=2a91b3cb-60ab-4be3-9e93-98c6171c6bc8 file=Aretha Franklin/The Atlantic Singles Collection 1967–1970/204 - Gentle on My Mind.mp3
2026-02-05T22:39:20.721830Z  INFO tokio-runtime-worker ThreadId(23) wkmp_ai::services::workflow_orchestrator: wkmp-ai\src\services\workflow_orchestrator\mod.rs:1733: Starting PLAN024 10-phase per-file pipeline (late audio decode) file="C:\\Users\\Mango Cat\\Music\\Aretha Franklin/The Atlantic Singles Collection 1967–1970/204 - Gentle on My Mind.mp3"
2026-02-05T22:39:20.722015Z DEBUG tokio-runtime-worker ThreadId(23) wkmp_ai::services::workflow_orchestrator: wkmp-ai\src\services\workflow_orchestrator\mod.rs:1742: Phase 1: Filename Matching - START file="C:\\Users\\Mango Cat\\Music\\Aretha Franklin/The Atlantic Singles Collection 1967–1970/204 - Gentle on My Mind.mp3"
2026-02-05T22:39:20.722195Z DEBUG tokio-runtime-worker ThreadId(23) wkmp_ai::services::filename_matcher: wkmp-ai\src\services\filename_matcher.rs:54: Checking if file exists in database path=Aretha Franklin/The Atlantic Singles Collection 1967–1970/204 - Gentle on My Mind.mp3 norm_us=10
2026-02-05T22:39:20.724565Z DEBUG tokio-runtime-worker ThreadId(23) wkmp_ai::api::sse: wkmp-ai\src\api\sse.rs:71: SSE: Broadcasting import event: ImportProgressUpdate
2026-02-05T22:39:20.726566Z DEBUG tokio-runtime-worker ThreadId(23) wkmp_ai::api::sse: wkmp-ai\src\api\sse.rs:71: SSE: Broadcasting import event: ImportProgressUpdate
2026-02-05T22:39:20.728656Z DEBUG tokio-runtime-worker ThreadId(23) wkmp_ai::api::sse: wkmp-ai\src\api\sse.rs:71: SSE: Broadcasting import event: ImportProgressUpdate
2026-02-05T22:39:20.729246Z DEBUG tokio-runtime-worker ThreadId(23) wkmp_ai::services::filename_matcher: wkmp-ai\src\services\filename_matcher.rs:65: Database query completed path=Aretha Franklin/The Atlantic Singles Collection 1967–1970/203 - I Can’t See Myself Leaving You.mp3 query_us=7669
2026-02-05T22:39:20.729447Z DEBUG tokio-runtime-worker ThreadId(23) wkmp_ai::services::filename_matcher: wkmp-ai\src\services\filename_matcher.rs:81: File already processed (INGEST COMPLETE) path=Aretha Franklin/The Atlantic Singles Collection 1967–1970/203 - I Can’t See Myself Leaving You.mp3 guid=39af3117-18f1-4eb7-bd32-70d8c443c9e5
2026-02-05T22:39:20.729619Z  INFO tokio-runtime-worker ThreadId(23) wkmp_ai::services::workflow_orchestrator: wkmp-ai\src\services\workflow_orchestrator\mod.rs:1756: Phase 1 completed phase="Filename Matching" duration_ms=8 path_us=2 db_ms=8 file_index=131
2026-02-05T22:39:20.729798Z  INFO tokio-runtime-worker ThreadId(23) wkmp_ai::services::workflow_orchestrator: wkmp-ai\src\services\workflow_orchestrator\mod.rs:1770: File already processed (INGEST COMPLETE/NO AUDIO/DUPLICATE HASH), skipping all remaining phases file="C:\\Users\\Mango Cat\\Music\\Aretha Franklin/The Atlantic Singles Collection 1967–1970/203 - I Can’t See Myself Leaving You.mp3" file_id=39af3117-18f1-4eb7-bd32-70d8c443c9e5
2026-02-05T22:39:20.729989Z DEBUG tokio-runtime-worker ThreadId(23) wkmp_ai::services::workflow_orchestrator: wkmp-ai\src\services\workflow_orchestrator\mod.rs:2912: File processing complete session_id=fc49b2a9-297a-4710-91ea-7a5f24790519 file_index=131 file=Aretha Franklin/The Atlantic Singles Collection 1967–1970/203 - I Can’t See Myself Leaving You.mp3
2026-02-05T22:39:20.730170Z DEBUG tokio-runtime-worker ThreadId(23) wkmp_ai::services::workflow_orchestrator: wkmp-ai\src\services\workflow_orchestrator\mod.rs:1438: Acquiring all statistics Mutex locks for SSE conversion
2026-02-05T22:39:20.730316Z DEBUG tokio-runtime-worker ThreadId(23) wkmp_ai::services::workflow_orchestrator: wkmp-ai\src\services\workflow_orchestrator\mod.rs:1467: All statistics Mutex locks acquired and data cloned
2026-02-05T22:39:20.730559Z DEBUG tokio-runtime-worker ThreadId(23) wkmp_ai::services::workflow_orchestrator: wkmp-ai\src\services\workflow_orchestrator\mod.rs:1577: Releasing all statistics Mutex locks for SSE conversion
2026-02-05T22:39:20.730769Z DEBUG tokio-runtime-worker ThreadId(23) wkmp_ai::services::filename_matcher: wkmp-ai\src\services\filename_matcher.rs:65: Database query completed path=Aretha Franklin/The Atlantic Singles Collection 1967–1970/202 - Tracks of My Tears.mp3 query_us=10069
2026-02-05T22:39:20.730938Z DEBUG tokio-runtime-worker ThreadId(23) wkmp_ai::services::filename_matcher: wkmp-ai\src\services\filename_matcher.rs:81: File already processed (INGEST COMPLETE) path=Aretha Franklin/The Atlantic Singles Collection 1967–1970/202 - Tracks of My Tears.mp3 guid=e884f252-f25d-43d4-8b79-a63994070e5e
2026-02-05T22:39:20.731103Z  INFO tokio-runtime-worker ThreadId(23) wkmp_ai::services::workflow_orchestrator: wkmp-ai\src\services\workflow_orchestrator\mod.rs:1756: Phase 1 completed phase="Filename Matching" duration_ms=10 path_us=1 db_ms=10 file_index=130
2026-02-05T22:39:20.731275Z  INFO tokio-runtime-worker ThreadId(23) wkmp_ai::services::workflow_orchestrator: wkmp-ai\src\services\workflow_orchestrator\mod.rs:1770: File already processed (INGEST COMPLETE/NO AUDIO/DUPLICATE HASH), skipping all remaining phases file="C:\\Users\\Mango Cat\\Music\\Aretha Franklin/The Atlantic Singles Collection 1967–1970/202 - Tracks of My Tears.mp3" file_id=e884f252-f25d-43d4-8b79-a63994070e5e
2026-02-05T22:39:20.731454Z DEBUG tokio-runtime-worker ThreadId(23) wkmp_ai::services::workflow_orchestrator: wkmp-ai\src\services\workflow_orchestrator\mod.rs:2912: File processing complete session_id=fc49b2a9-297a-4710-91ea-7a5f24790519 file_index=130 file=Aretha Franklin/The Atlantic Singles Collection 1967–1970/202 - Tracks of My Tears.mp3
2026-02-05T22:39:20.731624Z DEBUG tokio-runtime-worker ThreadId(23) wkmp_ai::services::workflow_orchestrator: wkmp-ai\src\services\workflow_orchestrator\mod.rs:1438: Acquiring all statistics Mutex locks for SSE conversion
2026-02-05T22:39:20.731765Z DEBUG tokio-runtime-worker ThreadId(23) wkmp_ai::services::workflow_orchestrator: wkmp-ai\src\services\workflow_orchestrator\mod.rs:1467: All statistics Mutex locks acquired and data cloned
2026-02-05T22:39:20.731996Z DEBUG tokio-runtime-worker ThreadId(23) wkmp_ai::services::workflow_orchestrator: wkmp-ai\src\services\workflow_orchestrator\mod.rs:1577: Releasing all statistics Mutex locks for SSE conversion
2026-02-05T22:39:20.732189Z DEBUG tokio-runtime-worker ThreadId(23) wkmp_ai::services::filename_matcher: wkmp-ai\src\services\filename_matcher.rs:65: Database query completed path=Aretha Franklin/The Atlantic Singles Collection 1967–1970/204 - Gentle on My Mind.mp3 query_us=9836
2026-02-05T22:39:20.732357Z DEBUG tokio-runtime-worker ThreadId(23) wkmp_ai::services::filename_matcher: wkmp-ai\src\services\filename_matcher.rs:81: File already processed (INGEST COMPLETE) path=Aretha Franklin/The Atlantic Singles Collection 1967–1970/204 - Gentle on My Mind.mp3 guid=2a91b3cb-60ab-4be3-9e93-98c6171c6bc8
2026-02-05T22:39:20.732519Z  INFO tokio-runtime-worker ThreadId(23) wkmp_ai::services::workflow_orchestrator: wkmp-ai\src\services\workflow_orchestrator\mod.rs:1756: Phase 1 completed phase="Filename Matching" duration_ms=10 path_us=2 db_ms=10 file_index=132
2026-02-05T22:39:20.732690Z  INFO tokio-runtime-worker ThreadId(23) wkmp_ai::services::workflow_orchestrator: wkmp-ai\src\services\workflow_orchestrator\mod.rs:1770: File already processed (INGEST COMPLETE/NO AUDIO/DUPLICATE HASH), skipping all remaining phases file="C:\\Users\\Mango Cat\\Music\\Aretha Franklin/The Atlantic Singles Collection 1967–1970/204 - Gentle on My Mind.mp3" file_id=2a91b3cb-60ab-4be3-9e93-98c6171c6bc8
2026-02-05T22:39:20.732869Z DEBUG tokio-runtime-worker ThreadId(23) wkmp_ai::services::workflow_orchestrator: wkmp-ai\src\services\workflow_orchestrator\mod.rs:2912: File processing complete session_id=fc49b2a9-297a-4710-91ea-7a5f24790519 file_index=132 file=Aretha Franklin/The Atlantic Singles Collection 1967–1970/204 - Gentle on My Mind.mp3
2026-02-05T22:39:20.733039Z DEBUG tokio-runtime-worker ThreadId(23) wkmp_ai::services::workflow_orchestrator: wkmp-ai\src\services\workflow_orchestrator\mod.rs:1438: Acquiring all statistics Mutex locks for SSE conversion
2026-02-05T22:39:20.733180Z DEBUG tokio-runtime-worker ThreadId(23) wkmp_ai::services::workflow_orchestrator: wkmp-ai\src\services\workflow_orchestrator\mod.rs:1467: All statistics Mutex locks acquired and data cloned
2026-02-05T22:39:20.733406Z DEBUG tokio-runtime-worker ThreadId(23) wkmp_ai::services::workflow_orchestrator: wkmp-ai\src\services\workflow_orchestrator\mod.rs:1577: Releasing all statistics Mutex locks for SSE conversion
2026-02-05T22:39:20.733568Z DEBUG tokio-runtime-worker ThreadId(23) wkmp_ai::services::workflow_orchestrator: wkmp-ai\src\services\workflow_orchestrator\mod.rs:3094: Starting per-file pipeline file_index=133 file_id=d9b5cb78-d880-4fd2-a1e7-3bbf0210f40f file=Aretha Franklin/The Atlantic Singles Collection 1967–1970/205 - Share Your Love With Me.mp3
2026-02-05T22:39:20.733748Z  INFO tokio-runtime-worker ThreadId(23) wkmp_ai::services::workflow_orchestrator: wkmp-ai\src\services\workflow_orchestrator\mod.rs:1733: Starting PLAN024 10-phase per-file pipeline (late audio decode) file="C:\\Users\\Mango Cat\\Music\\Aretha Franklin/The Atlantic Singles Collection 1967–1970/205 - Share Your Love With Me.mp3"
2026-02-05T22:39:20.733929Z DEBUG tokio-runtime-worker ThreadId(23) wkmp_ai::services::workflow_orchestrator: wkmp-ai\src\services\workflow_orchestrator\mod.rs:1742: Phase 1: Filename Matching - START file="C:\\Users\\Mango Cat\\Music\\Aretha Franklin/The Atlantic Singles Collection 1967–1970/205 - Share Your Love With Me.mp3"
2026-02-05T22:39:20.734103Z DEBUG tokio-runtime-worker ThreadId(23) wkmp_ai::services::filename_matcher: wkmp-ai\src\services\filename_matcher.rs:54: Checking if file exists in database path=Aretha Franklin/The Atlantic Singles Collection 1967–1970/205 - Share Your Love With Me.mp3 norm_us=10
2026-02-05T22:39:20.734321Z DEBUG tokio-runtime-worker ThreadId(23) wkmp_ai::services::workflow_orchestrator: wkmp-ai\src\services\workflow_orchestrator\mod.rs:3094: Starting per-file pipeline file_index=134 file_id=f3f56f33-6cf6-4322-a423-db4b01bca9fb file=Aretha Franklin/The Atlantic Singles Collection 1967–1970/206 - Pledging My Love - The Clock.mp3
2026-02-05T22:39:20.734503Z  INFO tokio-runtime-worker ThreadId(23) wkmp_ai::services::workflow_orchestrator: wkmp-ai\src\services\workflow_orchestrator\mod.rs:1733: Starting PLAN024 10-phase per-file pipeline (late audio decode) file="C:\\Users\\Mango Cat\\Music\\Aretha Franklin/The Atlantic Singles Collection 1967–1970/206 - Pledging My Love - The Clock.mp3"
2026-02-05T22:39:20.734734Z DEBUG tokio-runtime-worker ThreadId(23) wkmp_ai::services::workflow_orchestrator: wkmp-ai\src\services\workflow_orchestrator\mod.rs:1742: Phase 1: Filename Matching - START file="C:\\Users\\Mango Cat\\Music\\Aretha Franklin/The Atlantic Singles Collection 1967–1970/206 - Pledging My Love - The Clock.mp3"
2026-02-05T22:39:20.734956Z DEBUG tokio-runtime-worker ThreadId(23) wkmp_ai::services::filename_matcher: wkmp-ai\src\services\filename_matcher.rs:54: Checking if file exists in database path=Aretha Franklin/The Atlantic Singles Collection 1967–1970/206 - Pledging My Love - The Clock.mp3 norm_us=7
2026-02-05T22:39:20.735222Z DEBUG tokio-runtime-worker ThreadId(23) wkmp_ai::services::workflow_orchestrator: wkmp-ai\src\services\workflow_orchestrator\mod.rs:3094: Starting per-file pipeline file_index=135 file_id=e14d94e8-c4c2-4a85-897f-5afd0098fcb3 file=Aretha Franklin/The Atlantic Singles Collection 1967–1970/207 - Eleanor Rigby.mp3
2026-02-05T22:39:20.735449Z  INFO tokio-runtime-worker ThreadId(23) wkmp_ai::services::workflow_orchestrator: wkmp-ai\src\services\workflow_orchestrator\mod.rs:1733: Starting PLAN024 10-phase per-file pipeline (late audio decode) file="C:\\Users\\Mango Cat\\Music\\Aretha Franklin/The Atlantic Singles Collection 1967–1970/207 - Eleanor Rigby.mp3"
2026-02-05T22:39:20.735679Z DEBUG tokio-runtime-worker ThreadId(23) wkmp_ai::services::workflow_orchestrator: wkmp-ai\src\services\workflow_orchestrator\mod.rs:1742: Phase 1: Filename Matching - START file="C:\\Users\\Mango Cat\\Music\\Aretha Franklin/The Atlantic Singles Collection 1967–1970/207 - Eleanor Rigby.mp3"
2026-02-05T22:39:20.735897Z DEBUG tokio-runtime-worker ThreadId(23) wkmp_ai::services::filename_matcher: wkmp-ai\src\services\filename_matcher.rs:54: Checking if file exists in database path=Aretha Franklin/The Atlantic Singles Collection 1967–1970/207 - Eleanor Rigby.mp3 norm_us=5
2026-02-05T22:39:20.737165Z DEBUG tokio-runtime-worker ThreadId(23) wkmp_ai::api::sse: wkmp-ai\src\api\sse.rs:71: SSE: Broadcasting import event: ImportProgressUpdate
2026-02-05T22:39:20.739370Z DEBUG tokio-runtime-worker ThreadId(23) wkmp_ai::api::sse: wkmp-ai\src\api\sse.rs:71: SSE: Broadcasting import event: ImportProgressUpdate
2026-02-05T22:39:20.740717Z DEBUG tokio-runtime-worker ThreadId(23) wkmp_ai::api::sse: wkmp-ai\src\api\sse.rs:71: SSE: Broadcasting import event: ImportProgressUpdate
2026-02-05T22:39:20.741454Z DEBUG tokio-runtime-worker ThreadId(23) wkmp_ai::services::filename_matcher: wkmp-ai\src\services\filename_matcher.rs:65: Database query completed path=Aretha Franklin/The Atlantic Singles Collection 1967–1970/205 - Share Your Love With Me.mp3 query_us=7187
2026-02-05T22:39:20.741790Z DEBUG tokio-runtime-worker ThreadId(23) wkmp_ai::services::filename_matcher: wkmp-ai\src\services\filename_matcher.rs:81: File already processed (INGEST COMPLETE) path=Aretha Franklin/The Atlantic Singles Collection 1967–1970/205 - Share Your Love With Me.mp3 guid=d9b5cb78-d880-4fd2-a1e7-3bbf0210f40f
2026-02-05T22:39:20.742284Z  INFO tokio-runtime-worker ThreadId(23) wkmp_ai::services::workflow_orchestrator: wkmp-ai\src\services\workflow_orchestrator\mod.rs:1756: Phase 1 completed phase="Filename Matching" duration_ms=8 path_us=1 db_ms=8 file_index=133
2026-02-05T22:39:20.742782Z  INFO tokio-runtime-worker ThreadId(23) wkmp_ai::services::workflow_orchestrator: wkmp-ai\src\services\workflow_orchestrator\mod.rs:1770: File already processed (INGEST COMPLETE/NO AUDIO/DUPLICATE HASH), skipping all remaining phases file="C:\\Users\\Mango Cat\\Music\\Aretha Franklin/The Atlantic Singles Collection 1967–1970/205 - Share Your Love With Me.mp3" file_id=d9b5cb78-d880-4fd2-a1e7-3bbf0210f40f
2026-02-05T22:39:20.743293Z DEBUG tokio-runtime-worker ThreadId(23) wkmp_ai::services::workflow_orchestrator: wkmp-ai\src\services\workflow_orchestrator\mod.rs:2912: File processing complete session_id=fc49b2a9-297a-4710-91ea-7a5f24790519 file_index=133 file=Aretha Franklin/The Atlantic Singles Collection 1967–1970/205 - Share Your Love With Me.mp3
2026-02-05T22:39:20.743735Z DEBUG tokio-runtime-worker ThreadId(23) wkmp_ai::services::workflow_orchestrator: wkmp-ai\src\services\workflow_orchestrator\mod.rs:1438: Acquiring all statistics Mutex locks for SSE conversion
2026-02-05T22:39:20.743958Z DEBUG tokio-runtime-worker ThreadId(23) wkmp_ai::services::workflow_orchestrator: wkmp-ai\src\services\workflow_orchestrator\mod.rs:1467: All statistics Mutex locks acquired and data cloned
2026-02-05T22:39:20.744362Z DEBUG tokio-runtime-worker ThreadId(23) wkmp_ai::services::workflow_orchestrator: wkmp-ai\src\services\workflow_orchestrator\mod.rs:1577: Releasing all statistics Mutex locks for SSE conversion
2026-02-05T22:39:20.744635Z DEBUG tokio-runtime-worker ThreadId(23) wkmp_ai::services::filename_matcher: wkmp-ai\src\services\filename_matcher.rs:65: Database query completed path=Aretha Franklin/The Atlantic Singles Collection 1967–1970/206 - Pledging My Love - The Clock.mp3 query_us=9467
2026-02-05T22:39:20.744863Z DEBUG tokio-runtime-worker ThreadId(23) wkmp_ai::services::filename_matcher: wkmp-ai\src\services\filename_matcher.rs:81: File already processed (INGEST COMPLETE) path=Aretha Franklin/The Atlantic Singles Collection 1967–1970/206 - Pledging My Love - The Clock.mp3 guid=f3f56f33-6cf6-4322-a423-db4b01bca9fb
2026-02-05T22:39:20.745154Z  INFO tokio-runtime-worker ThreadId(23) wkmp_ai::services::workflow_orchestrator: wkmp-ai\src\services\workflow_orchestrator\mod.rs:1756: Phase 1 completed phase="Filename Matching" duration_ms=10 path_us=1 db_ms=10 file_index=134
2026-02-05T22:39:20.745394Z  INFO tokio-runtime-worker ThreadId(23) wkmp_ai::services::workflow_orchestrator: wkmp-ai\src\services\workflow_orchestrator\mod.rs:1770: File already processed (INGEST COMPLETE/NO AUDIO/DUPLICATE HASH), skipping all remaining phases file="C:\\Users\\Mango Cat\\Music\\Aretha Franklin/The Atlantic Singles Collection 1967–1970/206 - Pledging My Love - The Clock.mp3" file_id=f3f56f33-6cf6-4322-a423-db4b01bca9fb
2026-02-05T22:39:20.745631Z DEBUG tokio-runtime-worker ThreadId(23) wkmp_ai::services::workflow_orchestrator: wkmp-ai\src\services\workflow_orchestrator\mod.rs:2912: File processing complete session_id=fc49b2a9-297a-4710-91ea-7a5f24790519 file_index=134 file=Aretha Franklin/The Atlantic Singles Collection 1967–1970/206 - Pledging My Love - The Clock.mp3
2026-02-05T22:39:20.745834Z DEBUG tokio-runtime-worker ThreadId(23) wkmp_ai::services::workflow_orchestrator: wkmp-ai\src\services\workflow_orchestrator\mod.rs:1438: Acquiring all statistics Mutex locks for SSE conversion
2026-02-05T22:39:20.745968Z DEBUG tokio-runtime-worker ThreadId(23) wkmp_ai::services::workflow_orchestrator: wkmp-ai\src\services\workflow_orchestrator\mod.rs:1467: All statistics Mutex locks acquired and data cloned
2026-02-05T22:39:20.746206Z DEBUG tokio-runtime-worker ThreadId(23) wkmp_ai::services::workflow_orchestrator: wkmp-ai\src\services\workflow_orchestrator\mod.rs:1577: Releasing all statistics Mutex locks for SSE conversion
2026-02-05T22:39:20.746404Z DEBUG tokio-runtime-worker ThreadId(23) wkmp_ai::services::filename_matcher: wkmp-ai\src\services\filename_matcher.rs:65: Database query completed path=Aretha Franklin/The Atlantic Singles Collection 1967–1970/207 - Eleanor Rigby.mp3 query_us=10298
2026-02-05T22:39:20.746567Z DEBUG tokio-runtime-worker ThreadId(23) wkmp_ai::services::filename_matcher: wkmp-ai\src\services\filename_matcher.rs:81: File already processed (INGEST COMPLETE) path=Aretha Franklin/The Atlantic Singles Collection 1967–1970/207 - Eleanor Rigby.mp3 guid=e14d94e8-c4c2-4a85-897f-5afd0098fcb3
2026-02-05T22:39:20.746722Z  INFO tokio-runtime-worker ThreadId(23) wkmp_ai::services::workflow_orchestrator: wkmp-ai\src\services\workflow_orchestrator\mod.rs:1756: Phase 1 completed phase="Filename Matching" duration_ms=11 path_us=1 db_ms=10 file_index=135
2026-02-05T22:39:20.746888Z  INFO tokio-runtime-worker ThreadId(23) wkmp_ai::services::workflow_orchestrator: wkmp-ai\src\services\workflow_orchestrator\mod.rs:1770: File already processed (INGEST COMPLETE/NO AUDIO/DUPLICATE HASH), skipping all remaining phases file="C:\\Users\\Mango Cat\\Music\\Aretha Franklin/The Atlantic Singles Collection 1967–1970/207 - Eleanor Rigby.mp3" file_id=e14d94e8-c4c2-4a85-897f-5afd0098fcb3
2026-02-05T22:39:20.747061Z DEBUG tokio-runtime-worker ThreadId(23) wkmp_ai::services::workflow_orchestrator: wkmp-ai\src\services\workflow_orchestrator\mod.rs:2912: File processing complete session_id=fc49b2a9-297a-4710-91ea-7a5f24790519 file_index=135 file=Aretha Franklin/The Atlantic Singles Collection 1967–1970/207 - Eleanor Rigby.mp3
2026-02-05T22:39:20.747247Z DEBUG tokio-runtime-worker ThreadId(23) wkmp_ai::services::workflow_orchestrator: wkmp-ai\src\services\workflow_orchestrator\mod.rs:1438: Acquiring all statistics Mutex locks for SSE conversion
2026-02-05T22:39:20.747374Z DEBUG tokio-runtime-worker ThreadId(23) wkmp_ai::services::workflow_orchestrator: wkmp-ai\src\services\workflow_orchestrator\mod.rs:1467: All statistics Mutex locks acquired and data cloned
2026-02-05T22:39:20.747603Z DEBUG tokio-runtime-worker ThreadId(23) wkmp_ai::services::workflow_orchestrator: wkmp-ai\src\services\workflow_orchestrator\mod.rs:1577: Releasing all statistics Mutex locks for SSE conversion
2026-02-05T22:39:20.747756Z DEBUG tokio-runtime-worker ThreadId(23) wkmp_ai::services::workflow_orchestrator: wkmp-ai\src\services\workflow_orchestrator\mod.rs:3094: Starting per-file pipeline file_index=136 file_id=fa26c7f6-4dc9-4267-be00-8edd922a92b1 file=Aretha Franklin/The Atlantic Singles Collection 1967–1970/208 - It Ain’t Fair.mp3
2026-02-05T22:39:20.747989Z  INFO tokio-runtime-worker ThreadId(23) wkmp_ai::services::workflow_orchestrator: wkmp-ai\src\services\workflow_orchestrator\mod.rs:1733: Starting PLAN024 10-phase per-file pipeline (late audio decode) file="C:\\Users\\Mango Cat\\Music\\Aretha Franklin/The Atlantic Singles Collection 1967–1970/208 - It Ain’t Fair.mp3"
2026-02-05T22:39:20.748200Z DEBUG tokio-runtime-worker ThreadId(23) wkmp_ai::services::workflow_orchestrator: wkmp-ai\src\services\workflow_orchestrator\mod.rs:1742: Phase 1: Filename Matching - START file="C:\\Users\\Mango Cat\\Music\\Aretha Franklin/The Atlantic Singles Collection 1967–1970/208 - It Ain’t Fair.mp3"
2026-02-05T22:39:20.748421Z DEBUG tokio-runtime-worker ThreadId(23) wkmp_ai::services::filename_matcher: wkmp-ai\src\services\filename_matcher.rs:54: Checking if file exists in database path=Aretha Franklin/The Atlantic Singles Collection 1967–1970/208 - It Ain’t Fair.mp3 norm_us=10
2026-02-05T22:39:20.748732Z DEBUG tokio-runtime-worker ThreadId(23) wkmp_ai::services::workflow_orchestrator: wkmp-ai\src\services\workflow_orchestrator\mod.rs:3094: Starting per-file pipeline file_index=137 file_id=fff84edf-6bcd-456e-bbd8-a4cc27db8acd file=Aretha Franklin/The Atlantic Singles Collection 1967–1970/209 - Call Me.mp3
2026-02-05T22:39:20.748959Z  INFO tokio-runtime-worker ThreadId(23) wkmp_ai::services::workflow_orchestrator: wkmp-ai\src\services\workflow_orchestrator\mod.rs:1733: Starting PLAN024 10-phase per-file pipeline (late audio decode) file="C:\\Users\\Mango Cat\\Music\\Aretha Franklin/The Atlantic Singles Collection 1967–1970/209 - Call Me.mp3"
2026-02-05T22:39:20.749181Z DEBUG tokio-runtime-worker ThreadId(23) wkmp_ai::services::workflow_orchestrator: wkmp-ai\src\services\workflow_orchestrator\mod.rs:1742: Phase 1: Filename Matching - START file="C:\\Users\\Mango Cat\\Music\\Aretha Franklin/The Atlantic Singles Collection 1967–1970/209 - Call Me.mp3"
2026-02-05T22:39:20.749394Z DEBUG tokio-runtime-worker ThreadId(23) wkmp_ai::services::filename_matcher: wkmp-ai\src\services\filename_matcher.rs:54: Checking if file exists in database path=Aretha Franklin/The Atlantic Singles Collection 1967–1970/209 - Call Me.mp3 norm_us=6
2026-02-05T22:39:20.749623Z DEBUG tokio-runtime-worker ThreadId(23) wkmp_ai::services::workflow_orchestrator: wkmp-ai\src\services\workflow_orchestrator\mod.rs:3094: Starting per-file pipeline file_index=138 file_id=68ba0cb9-ddf7-4131-8422-f8e3e4cb9cb6 file=Aretha Franklin/The Atlantic Singles Collection 1967–1970/210 - Son of a Preacher Man.mp3
2026-02-05T22:39:20.749810Z  INFO tokio-runtime-worker ThreadId(23) wkmp_ai::services::workflow_orchestrator: wkmp-ai\src\services\workflow_orchestrator\mod.rs:1733: Starting PLAN024 10-phase per-file pipeline (late audio decode) file="C:\\Users\\Mango Cat\\Music\\Aretha Franklin/The Atlantic Singles Collection 1967–1970/210 - Son of a Preacher Man.mp3"
2026-02-05T22:39:20.750003Z DEBUG tokio-runtime-worker ThreadId(23) wkmp_ai::services::workflow_orchestrator: wkmp-ai\src\services\workflow_orchestrator\mod.rs:1742: Phase 1: Filename Matching - START file="C:\\Users\\Mango Cat\\Music\\Aretha Franklin/The Atlantic Singles Collection 1967–1970/210 - Son of a Preacher Man.mp3"
2026-02-05T22:39:20.750177Z DEBUG tokio-runtime-worker ThreadId(23) wkmp_ai::services::filename_matcher: wkmp-ai\src\services\filename_matcher.rs:54: Checking if file exists in database path=Aretha Franklin/The Atlantic Singles Collection 1967–1970/210 - Son of a Preacher Man.mp3 norm_us=9
2026-02-05T22:39:20.752292Z DEBUG tokio-runtime-worker ThreadId(23) wkmp_ai::api::sse: wkmp-ai\src\api\sse.rs:71: SSE: Broadcasting import event: ImportProgressUpdate
2026-02-05T22:39:20.754372Z DEBUG tokio-runtime-worker ThreadId(23) wkmp_ai::api::sse: wkmp-ai\src\api\sse.rs:71: SSE: Broadcasting import event: ImportProgressUpdate
2026-02-05T22:39:20.756363Z DEBUG tokio-runtime-worker ThreadId(23) wkmp_ai::api::sse: wkmp-ai\src\api\sse.rs:71: SSE: Broadcasting import event: ImportProgressUpdate
2026-02-05T22:39:20.757202Z DEBUG tokio-runtime-worker ThreadId(23) wkmp_ai::services::filename_matcher: wkmp-ai\src\services\filename_matcher.rs:65: Database query completed path=Aretha Franklin/The Atlantic Singles Collection 1967–1970/209 - Call Me.mp3 query_us=7635
2026-02-05T22:39:20.757570Z DEBUG tokio-runtime-worker ThreadId(23) wkmp_ai::services::filename_matcher: wkmp-ai\src\services\filename_matcher.rs:81: File already processed (INGEST COMPLETE) path=Aretha Franklin/The Atlantic Singles Collection 1967–1970/209 - Call Me.mp3 guid=fff84edf-6bcd-456e-bbd8-a4cc27db8acd
2026-02-05T22:39:20.757807Z  INFO tokio-runtime-worker ThreadId(23) wkmp_ai::services::workflow_orchestrator: wkmp-ai\src\services\workflow_orchestrator\mod.rs:1756: Phase 1 completed phase="Filename Matching" duration_ms=8 path_us=1 db_ms=8 file_index=137
2026-02-05T22:39:20.758029Z  INFO tokio-runtime-worker ThreadId(23) wkmp_ai::services::workflow_orchestrator: wkmp-ai\src\services\workflow_orchestrator\mod.rs:1770: File already processed (INGEST COMPLETE/NO AUDIO/DUPLICATE HASH), skipping all remaining phases file="C:\\Users\\Mango Cat\\Music\\Aretha Franklin/The Atlantic Singles Collection 1967–1970/209 - Call Me.mp3" file_id=fff84edf-6bcd-456e-bbd8-a4cc27db8acd
2026-02-05T22:39:20.758261Z DEBUG tokio-runtime-worker ThreadId(23) wkmp_ai::services::workflow_orchestrator: wkmp-ai\src\services\workflow_orchestrator\mod.rs:2912: File processing complete session_id=fc49b2a9-297a-4710-91ea-7a5f24790519 file_index=137 file=Aretha Franklin/The Atlantic Singles Collection 1967–1970/209 - Call Me.mp3
2026-02-05T22:39:20.758498Z DEBUG tokio-runtime-worker ThreadId(23) wkmp_ai::services::workflow_orchestrator: wkmp-ai\src\services\workflow_orchestrator\mod.rs:1438: Acquiring all statistics Mutex locks for SSE conversion
2026-02-05T22:39:20.758691Z DEBUG tokio-runtime-worker ThreadId(23) wkmp_ai::services::workflow_orchestrator: wkmp-ai\src\services\workflow_orchestrator\mod.rs:1467: All statistics Mutex locks acquired and data cloned
2026-02-05T22:39:20.759050Z DEBUG tokio-runtime-worker ThreadId(23) wkmp_ai::services::workflow_orchestrator: wkmp-ai\src\services\workflow_orchestrator\mod.rs:1577: Releasing all statistics Mutex locks for SSE conversion
2026-02-05T22:39:20.759353Z DEBUG tokio-runtime-worker ThreadId(23) wkmp_ai::services::filename_matcher: wkmp-ai\src\services\filename_matcher.rs:65: Database query completed path=Aretha Franklin/The Atlantic Singles Collection 1967–1970/208 - It Ain’t Fair.mp3 query_us=10687
2026-02-05T22:39:20.759509Z DEBUG tokio-runtime-worker ThreadId(23) wkmp_ai::services::filename_matcher: wkmp-ai\src\services\filename_matcher.rs:81: File already processed (INGEST COMPLETE) path=Aretha Franklin/The Atlantic Singles Collection 1967–1970/208 - It Ain’t Fair.mp3 guid=fa26c7f6-4dc9-4267-be00-8edd922a92b1
2026-02-05T22:39:20.759879Z  INFO tokio-runtime-worker ThreadId(23) wkmp_ai::services::workflow_orchestrator: wkmp-ai\src\services\workflow_orchestrator\mod.rs:1756: Phase 1 completed phase="Filename Matching" duration_ms=11 path_us=1 db_ms=11 file_index=136
2026-02-05T22:39:20.760161Z  INFO tokio-runtime-worker ThreadId(23) wkmp_ai::services::workflow_orchestrator: wkmp-ai\src\services\workflow_orchestrator\mod.rs:1770: File already processed (INGEST COMPLETE/NO AUDIO/DUPLICATE HASH), skipping all remaining phases file="C:\\Users\\Mango Cat\\Music\\Aretha Franklin/The Atlantic Singles Collection 1967–1970/208 - It Ain’t Fair.mp3" file_id=fa26c7f6-4dc9-4267-be00-8edd922a92b1
2026-02-05T22:39:20.760351Z DEBUG tokio-runtime-worker ThreadId(23) wkmp_ai::services::workflow_orchestrator: wkmp-ai\src\services\workflow_orchestrator\mod.rs:2912: File processing complete session_id=fc49b2a9-297a-4710-91ea-7a5f24790519 file_index=136 file=Aretha Franklin/The Atlantic Singles Collection 1967–1970/208 - It Ain’t Fair.mp3
2026-02-05T22:39:20.760594Z DEBUG tokio-runtime-worker ThreadId(23) wkmp_ai::services::workflow_orchestrator: wkmp-ai\src\services\workflow_orchestrator\mod.rs:1438: Acquiring all statistics Mutex locks for SSE conversion
2026-02-05T22:39:20.760770Z DEBUG tokio-runtime-worker ThreadId(23) wkmp_ai::services::workflow_orchestrator: wkmp-ai\src\services\workflow_orchestrator\mod.rs:1467: All statistics Mutex locks acquired and data cloned
2026-02-05T22:39:20.761048Z DEBUG tokio-runtime-worker ThreadId(23) wkmp_ai::services::workflow_orchestrator: wkmp-ai\src\services\workflow_orchestrator\mod.rs:1577: Releasing all statistics Mutex locks for SSE conversion
2026-02-05T22:39:20.761298Z DEBUG tokio-runtime-worker ThreadId(23) wkmp_ai::services::filename_matcher: wkmp-ai\src\services\filename_matcher.rs:65: Database query completed path=Aretha Franklin/The Atlantic Singles Collection 1967–1970/210 - Son of a Preacher Man.mp3 query_us=10959
2026-02-05T22:39:20.761479Z DEBUG tokio-runtime-worker ThreadId(23) wkmp_ai::services::filename_matcher: wkmp-ai\src\services\filename_matcher.rs:81: File already processed (INGEST COMPLETE) path=Aretha Franklin/The Atlantic Singles Collection 1967–1970/210 - Son of a Preacher Man.mp3 guid=68ba0cb9-ddf7-4131-8422-f8e3e4cb9cb6
2026-02-05T22:39:20.761649Z  INFO tokio-runtime-worker ThreadId(23) wkmp_ai::services::workflow_orchestrator: wkmp-ai\src\services\workflow_orchestrator\mod.rs:1756: Phase 1 completed phase="Filename Matching" duration_ms=11 path_us=2 db_ms=11 file_index=138
2026-02-05T22:39:20.761823Z  INFO tokio-runtime-worker ThreadId(23) wkmp_ai::services::workflow_orchestrator: wkmp-ai\src\services\workflow_orchestrator\mod.rs:1770: File already processed (INGEST COMPLETE/NO AUDIO/DUPLICATE HASH), skipping all remaining phases file="C:\\Users\\Mango Cat\\Music\\Aretha Franklin/The Atlantic Singles Collection 1967–1970/210 - Son of a Preacher Man.mp3" file_id=68ba0cb9-ddf7-4131-8422-f8e3e4cb9cb6
2026-02-05T22:39:20.762010Z DEBUG tokio-runtime-worker ThreadId(23) wkmp_ai::services::workflow_orchestrator: wkmp-ai\src\services\workflow_orchestrator\mod.rs:2912: File processing complete session_id=fc49b2a9-297a-4710-91ea-7a5f24790519 file_index=138 file=Aretha Franklin/The Atlantic Singles Collection 1967–1970/210 - Son of a Preacher Man.mp3
2026-02-05T22:39:20.771660Z DEBUG tokio-runtime-worker ThreadId(23) wkmp_ai::services::workflow_orchestrator: wkmp-ai\src\services\workflow_orchestrator\mod.rs:1438: Acquiring all statistics Mutex locks for SSE conversion
2026-02-05T22:39:20.771846Z DEBUG tokio-runtime-worker ThreadId(23) wkmp_ai::services::workflow_orchestrator: wkmp-ai\src\services\workflow_orchestrator\mod.rs:1467: All statistics Mutex locks acquired and data cloned
2026-02-05T22:39:20.772300Z DEBUG tokio-runtime-worker ThreadId(23) wkmp_ai::services::workflow_orchestrator: wkmp-ai\src\services\workflow_orchestrator\mod.rs:1577: Releasing all statistics Mutex locks for SSE conversion
2026-02-05T22:39:20.772604Z DEBUG tokio-runtime-worker ThreadId(23) wkmp_ai::services::workflow_orchestrator: wkmp-ai\src\services\workflow_orchestrator\mod.rs:3094: Starting per-file pipeline file_index=139 file_id=f91631f3-4a14-43ae-9b39-b07aaca1727f file=Aretha Franklin/The Atlantic Singles Collection 1967–1970/211 - Spirit in the Dark.mp3
2026-02-05T22:39:20.772941Z  INFO tokio-runtime-worker ThreadId(23) wkmp_ai::services::workflow_orchestrator: wkmp-ai\src\services\workflow_orchestrator\mod.rs:1733: Starting PLAN024 10-phase per-file pipeline (late audio decode) file="C:\\Users\\Mango Cat\\Music\\Aretha Franklin/The Atlantic Singles Collection 1967–1970/211 - Spirit in the Dark.mp3"
2026-02-05T22:39:20.773203Z DEBUG tokio-runtime-worker ThreadId(23) wkmp_ai::services::workflow_orchestrator: wkmp-ai\src\services\workflow_orchestrator\mod.rs:1742: Phase 1: Filename Matching - START file="C:\\Users\\Mango Cat\\Music\\Aretha Franklin/The Atlantic Singles Collection 1967–1970/211 - Spirit in the Dark.mp3"
2026-02-05T22:39:20.773685Z DEBUG tokio-runtime-worker ThreadId(23) wkmp_ai::services::filename_matcher: wkmp-ai\src\services\filename_matcher.rs:54: Checking if file exists in database path=Aretha Franklin/The Atlantic Singles Collection 1967–1970/211 - Spirit in the Dark.mp3 norm_us=14
2026-02-05T22:39:20.774312Z DEBUG tokio-runtime-worker ThreadId(23) wkmp_ai::services::workflow_orchestrator: wkmp-ai\src\services\workflow_orchestrator\mod.rs:3094: Starting per-file pipeline file_index=140 file_id=1ad4b5bd-8562-40b7-bcaa-093554a15d8b file=Aretha Franklin/The Atlantic Singles Collection 1967–1970/212 - The Thrill Is Gone.mp3
2026-02-05T22:39:20.774676Z  INFO tokio-runtime-worker ThreadId(23) wkmp_ai::services::workflow_orchestrator: wkmp-ai\src\services\workflow_orchestrator\mod.rs:1733: Starting PLAN024 10-phase per-file pipeline (late audio decode) file="C:\\Users\\Mango Cat\\Music\\Aretha Franklin/The Atlantic Singles Collection 1967–1970/212 - The Thrill Is Gone.mp3"
2026-02-05T22:39:20.775015Z DEBUG tokio-runtime-worker ThreadId(23) wkmp_ai::services::workflow_orchestrator: wkmp-ai\src\services\workflow_orchestrator\mod.rs:1742: Phase 1: Filename Matching - START file="C:\\Users\\Mango Cat\\Music\\Aretha Franklin/The Atlantic Singles Collection 1967–1970/212 - The Thrill Is Gone.mp3"
2026-02-05T22:39:20.775313Z DEBUG tokio-runtime-worker ThreadId(23) wkmp_ai::services::filename_matcher: wkmp-ai\src\services\filename_matcher.rs:54: Checking if file exists in database path=Aretha Franklin/The Atlantic Singles Collection 1967–1970/212 - The Thrill Is Gone.mp3 norm_us=15
2026-02-05T22:39:20.775688Z DEBUG tokio-runtime-worker ThreadId(23) wkmp_ai::services::workflow_orchestrator: wkmp-ai\src\services\workflow_orchestrator\mod.rs:3094: Starting per-file pipeline file_index=141 file_id=938819f6-b530-4642-83e6-5ee9bf9b71be file=Aretha Franklin/The Atlantic Singles Collection 1967–1970/213 - Don’t Play That Song.mp3
2026-02-05T22:39:20.775975Z  INFO tokio-runtime-worker ThreadId(23) wkmp_ai::services::workflow_orchestrator: wkmp-ai\src\services\workflow_orchestrator\mod.rs:1733: Starting PLAN024 10-phase per-file pipeline (late audio decode) file="C:\\Users\\Mango Cat\\Music\\Aretha Franklin/The Atlantic Singles Collection 1967–1970/213 - Don’t Play That Song.mp3"
2026-02-05T22:39:20.776179Z DEBUG tokio-runtime-worker ThreadId(23) wkmp_ai::services::workflow_orchestrator: wkmp-ai\src\services\workflow_orchestrator\mod.rs:1742: Phase 1: Filename Matching - START file="C:\\Users\\Mango Cat\\Music\\Aretha Franklin/The Atlantic Singles Collection 1967–1970/213 - Don’t Play That Song.mp3"
2026-02-05T22:39:20.776427Z DEBUG tokio-runtime-worker ThreadId(23) wkmp_ai::services::filename_matcher: wkmp-ai\src\services\filename_matcher.rs:54: Checking if file exists in database path=Aretha Franklin/The Atlantic Singles Collection 1967–1970/213 - Don’t Play That Song.mp3 norm_us=9
2026-02-05T22:39:20.778708Z DEBUG tokio-runtime-worker ThreadId(23) wkmp_ai::api::sse: wkmp-ai\src\api\sse.rs:71: SSE: Broadcasting import event: ImportProgressUpdate
2026-02-05T22:39:20.780016Z DEBUG tokio-runtime-worker ThreadId(23) wkmp_ai::api::sse: wkmp-ai\src\api\sse.rs:71: SSE: Broadcasting import event: ImportProgressUpdate
2026-02-05T22:39:20.782130Z DEBUG tokio-runtime-worker ThreadId(23) wkmp_ai::api::sse: wkmp-ai\src\api\sse.rs:71: SSE: Broadcasting import event: ImportProgressUpdate
2026-02-05T22:39:20.782740Z DEBUG tokio-runtime-worker ThreadId(23) wkmp_ai::services::filename_matcher: wkmp-ai\src\services\filename_matcher.rs:65: Database query completed path=Aretha Franklin/The Atlantic Singles Collection 1967–1970/211 - Spirit in the Dark.mp3 query_us=8526
2026-02-05T22:39:20.783026Z DEBUG tokio-runtime-worker ThreadId(23) wkmp_ai::services::filename_matcher: wkmp-ai\src\services\filename_matcher.rs:88: File exists, reusing fileId path=Aretha Franklin/The Atlantic Singles Collection 1967–1970/211 - Spirit in the Dark.mp3 guid=f91631f3-4a14-43ae-9b39-b07aaca1727f status=PENDING
2026-02-05T22:39:20.783254Z  INFO tokio-runtime-worker ThreadId(23) wkmp_ai::services::workflow_orchestrator: wkmp-ai\src\services\workflow_orchestrator\mod.rs:1756: Phase 1 completed phase="Filename Matching" duration_ms=10 path_us=2 db_ms=9 file_index=139
2026-02-05T22:39:20.783456Z DEBUG tokio-runtime-worker ThreadId(23) wkmp_ai::services::workflow_orchestrator: wkmp-ai\src\services\workflow_orchestrator\mod.rs:1778: Reusing existing file record (incomplete processing) file_id=f91631f3-4a14-43ae-9b39-b07aaca1727f
2026-02-05T22:39:20.783741Z DEBUG tokio-runtime-worker ThreadId(23) wkmp_ai::services::workflow_orchestrator: wkmp-ai\src\services\workflow_orchestrator\mod.rs:1812: Phase 2: Hash Deduplication file="C:\\Users\\Mango Cat\\Music\\Aretha Franklin/The Atlantic Singles Collection 1967–1970/211 - Spirit in the Dark.mp3" file_id=f91631f3-4a14-43ae-9b39-b07aaca1727f
2026-02-05T22:39:20.783993Z DEBUG tokio-runtime-worker ThreadId(23) wkmp_ai::services::hash_deduplicator: wkmp-ai\src\services\hash_deduplicator.rs:52: Calculating SHA-256 hash path=C:\Users\Mango Cat\Music\Aretha Franklin/The Atlantic Singles Collection 1967–1970/211 - Spirit in the Dark.mp3
2026-02-05T22:39:20.784218Z DEBUG tokio-runtime-worker ThreadId(23) wkmp_ai::services::filename_matcher: wkmp-ai\src\services\filename_matcher.rs:65: Database query completed path=Aretha Franklin/The Atlantic Singles Collection 1967–1970/212 - The Thrill Is Gone.mp3 query_us=8643
2026-02-05T22:39:20.784457Z DEBUG tokio-runtime-worker ThreadId(23) wkmp_ai::services::filename_matcher: wkmp-ai\src\services\filename_matcher.rs:81: File already processed (INGEST COMPLETE) path=Aretha Franklin/The Atlantic Singles Collection 1967–1970/212 - The Thrill Is Gone.mp3 guid=1ad4b5bd-8562-40b7-bcaa-093554a15d8b
2026-02-05T22:39:20.784644Z  INFO tokio-runtime-worker ThreadId(23) wkmp_ai::services::workflow_orchestrator: wkmp-ai\src\services\workflow_orchestrator\mod.rs:1756: Phase 1 completed phase="Filename Matching" duration_ms=9 path_us=3 db_ms=9 file_index=140
2026-02-05T22:39:20.784840Z  INFO tokio-runtime-worker ThreadId(23) wkmp_ai::services::workflow_orchestrator: wkmp-ai\src\services\workflow_orchestrator\mod.rs:1770: File already processed (INGEST COMPLETE/NO AUDIO/DUPLICATE HASH), skipping all remaining phases file="C:\\Users\\Mango Cat\\Music\\Aretha Franklin/The Atlantic Singles Collection 1967–1970/212 - The Thrill Is Gone.mp3" file_id=1ad4b5bd-8562-40b7-bcaa-093554a15d8b
2026-02-05T22:39:20.785065Z DEBUG tokio-runtime-worker ThreadId(23) wkmp_ai::services::workflow_orchestrator: wkmp-ai\src\services\workflow_orchestrator\mod.rs:2912: File processing complete session_id=fc49b2a9-297a-4710-91ea-7a5f24790519 file_index=140 file=Aretha Franklin/The Atlantic Singles Collection 1967–1970/212 - The Thrill Is Gone.mp3
2026-02-05T22:39:20.785262Z DEBUG tokio-runtime-worker ThreadId(23) wkmp_ai::services::workflow_orchestrator: wkmp-ai\src\services\workflow_orchestrator\mod.rs:1438: Acquiring all statistics Mutex locks for SSE conversion
2026-02-05T22:39:20.785428Z DEBUG tokio-runtime-worker ThreadId(23) wkmp_ai::services::workflow_orchestrator: wkmp-ai\src\services\workflow_orchestrator\mod.rs:1467: All statistics Mutex locks acquired and data cloned
2026-02-05T22:39:20.785688Z DEBUG tokio-runtime-worker ThreadId(23) wkmp_ai::services::workflow_orchestrator: wkmp-ai\src\services\workflow_orchestrator\mod.rs:1577: Releasing all statistics Mutex locks for SSE conversion
2026-02-05T22:39:20.785912Z DEBUG tokio-runtime-worker ThreadId(23) wkmp_ai::services::filename_matcher: wkmp-ai\src\services\filename_matcher.rs:65: Database query completed path=Aretha Franklin/The Atlantic Singles Collection 1967–1970/213 - Don’t Play That Song.mp3 query_us=9320
2026-02-05T22:39:20.786109Z DEBUG tokio-runtime-worker ThreadId(23) wkmp_ai::services::filename_matcher: wkmp-ai\src\services\filename_matcher.rs:81: File already processed (INGEST COMPLETE) path=Aretha Franklin/The Atlantic Singles Collection 1967–1970/213 - Don’t Play That Song.mp3 guid=938819f6-b530-4642-83e6-5ee9bf9b71be
2026-02-05T22:39:20.786257Z  INFO tokio-runtime-worker ThreadId(23) wkmp_ai::services::workflow_orchestrator: wkmp-ai\src\services\workflow_orchestrator\mod.rs:1756: Phase 1 completed phase="Filename Matching" duration_ms=10 path_us=2 db_ms=9 file_index=141
2026-02-05T22:39:20.786437Z  INFO tokio-runtime-worker ThreadId(23) wkmp_ai::services::workflow_orchestrator: wkmp-ai\src\services\workflow_orchestrator\mod.rs:1770: File already processed (INGEST COMPLETE/NO AUDIO/DUPLICATE HASH), skipping all remaining phases file="C:\\Users\\Mango Cat\\Music\\Aretha Franklin/The Atlantic Singles Collection 1967–1970/213 - Don’t Play That Song.mp3" file_id=938819f6-b530-4642-83e6-5ee9bf9b71be
2026-02-05T22:39:20.786606Z DEBUG tokio-runtime-worker ThreadId(23) wkmp_ai::services::workflow_orchestrator: wkmp-ai\src\services\workflow_orchestrator\mod.rs:2912: File processing complete session_id=fc49b2a9-297a-4710-91ea-7a5f24790519 file_index=141 file=Aretha Franklin/The Atlantic Singles Collection 1967–1970/213 - Don’t Play That Song.mp3
2026-02-05T22:39:20.786803Z DEBUG tokio-runtime-worker ThreadId(23) wkmp_ai::services::workflow_orchestrator: wkmp-ai\src\services\workflow_orchestrator\mod.rs:1438: Acquiring all statistics Mutex locks for SSE conversion
2026-02-05T22:39:20.786961Z DEBUG tokio-runtime-worker ThreadId(23) wkmp_ai::services::workflow_orchestrator: wkmp-ai\src\services\workflow_orchestrator\mod.rs:1467: All statistics Mutex locks acquired and data cloned
2026-02-05T22:39:20.787218Z DEBUG tokio-runtime-worker ThreadId(23) wkmp_ai::services::workflow_orchestrator: wkmp-ai\src\services\workflow_orchestrator\mod.rs:1577: Releasing all statistics Mutex locks for SSE conversion
2026-02-05T22:39:20.787380Z DEBUG tokio-runtime-worker ThreadId(23) wkmp_ai::services::workflow_orchestrator: wkmp-ai\src\services\workflow_orchestrator\mod.rs:3094: Starting per-file pipeline file_index=142 file_id=5016cb27-fb2d-49b6-a3a0-038d512d35c6 file=Aretha Franklin/The Atlantic Singles Collection 1967–1970/214 - Let It Be.mp3
2026-02-05T22:39:20.787532Z  INFO tokio-runtime-worker ThreadId(23) wkmp_ai::services::workflow_orchestrator: wkmp-ai\src\services\workflow_orchestrator\mod.rs:1733: Starting PLAN024 10-phase per-file pipeline (late audio decode) file="C:\\Users\\Mango Cat\\Music\\Aretha Franklin/The Atlantic Singles Collection 1967–1970/214 - Let It Be.mp3"
2026-02-05T22:39:20.787708Z DEBUG tokio-runtime-worker ThreadId(23) wkmp_ai::services::workflow_orchestrator: wkmp-ai\src\services\workflow_orchestrator\mod.rs:1742: Phase 1: Filename Matching - START file="C:\\Users\\Mango Cat\\Music\\Aretha Franklin/The Atlantic Singles Collection 1967–1970/214 - Let It Be.mp3"
2026-02-05T22:39:20.787862Z DEBUG tokio-runtime-worker ThreadId(23) wkmp_ai::services::filename_matcher: wkmp-ai\src\services\filename_matcher.rs:54: Checking if file exists in database path=Aretha Franklin/The Atlantic Singles Collection 1967–1970/214 - Let It Be.mp3 norm_us=8
2026-02-05T22:39:20.788089Z DEBUG tokio-runtime-worker ThreadId(23) wkmp_ai::services::workflow_orchestrator: wkmp-ai\src\services\workflow_orchestrator\mod.rs:3094: Starting per-file pipeline file_index=143 file_id=24ca53d4-d1f3-4674-8a63-926836622252 file=Aretha Franklin/The Atlantic Singles Collection 1967–1970/215 - Border Song (Holy Moses).mp3
2026-02-05T22:39:20.788279Z  INFO tokio-runtime-worker ThreadId(23) wkmp_ai::services::workflow_orchestrator: wkmp-ai\src\services\workflow_orchestrator\mod.rs:1733: Starting PLAN024 10-phase per-file pipeline (late audio decode) file="C:\\Users\\Mango Cat\\Music\\Aretha Franklin/The Atlantic Singles Collection 1967–1970/215 - Border Song (Holy Moses).mp3"
2026-02-05T22:39:20.788464Z DEBUG tokio-runtime-worker ThreadId(23) wkmp_ai::services::workflow_orchestrator: wkmp-ai\src\services\workflow_orchestrator\mod.rs:1742: Phase 1: Filename Matching - START file="C:\\Users\\Mango Cat\\Music\\Aretha Franklin/The Atlantic Singles Collection 1967–1970/215 - Border Song (Holy Moses).mp3"
2026-02-05T22:39:20.788598Z DEBUG tokio-runtime-worker ThreadId(23) wkmp_ai::services::filename_matcher: wkmp-ai\src\services\filename_matcher.rs:54: Checking if file exists in database path=Aretha Franklin/The Atlantic Singles Collection 1967–1970/215 - Border Song (Holy Moses).mp3 norm_us=6
2026-02-05T22:39:20.790810Z DEBUG tokio-runtime-worker ThreadId(23) wkmp_ai::api::sse: wkmp-ai\src\api\sse.rs:71: SSE: Broadcasting import event: ImportProgressUpdate
2026-02-05T22:39:20.792883Z DEBUG tokio-runtime-worker ThreadId(23) wkmp_ai::api::sse: wkmp-ai\src\api\sse.rs:71: SSE: Broadcasting import event: ImportProgressUpdate
2026-02-05T22:39:20.793428Z DEBUG tokio-runtime-worker ThreadId(23) wkmp_ai::services::filename_matcher: wkmp-ai\src\services\filename_matcher.rs:65: Database query completed path=Aretha Franklin/The Atlantic Singles Collection 1967–1970/215 - Border Song (Holy Moses).mp3 query_us=4657
2026-02-05T22:39:20.793699Z DEBUG tokio-runtime-worker ThreadId(23) wkmp_ai::services::filename_matcher: wkmp-ai\src\services\filename_matcher.rs:81: File already processed (INGEST COMPLETE) path=Aretha Franklin/The Atlantic Singles Collection 1967–1970/215 - Border Song (Holy Moses).mp3 guid=24ca53d4-d1f3-4674-8a63-926836622252
2026-02-05T22:39:20.793946Z  INFO tokio-runtime-worker ThreadId(23) wkmp_ai::services::workflow_orchestrator: wkmp-ai\src\services\workflow_orchestrator\mod.rs:1756: Phase 1 completed phase="Filename Matching" duration_ms=5 path_us=1 db_ms=5 file_index=143
2026-02-05T22:39:20.794193Z  INFO tokio-runtime-worker ThreadId(23) wkmp_ai::services::workflow_orchestrator: wkmp-ai\src\services\workflow_orchestrator\mod.rs:1770: File already processed (INGEST COMPLETE/NO AUDIO/DUPLICATE HASH), skipping all remaining phases file="C:\\Users\\Mango Cat\\Music\\Aretha Franklin/The Atlantic Singles Collection 1967–1970/215 - Border Song (Holy Moses).mp3" file_id=24ca53d4-d1f3-4674-8a63-926836622252
2026-02-05T22:39:20.794393Z DEBUG tokio-runtime-worker ThreadId(23) wkmp_ai::services::workflow_orchestrator: wkmp-ai\src\services\workflow_orchestrator\mod.rs:2912: File processing complete session_id=fc49b2a9-297a-4710-91ea-7a5f24790519 file_index=143 file=Aretha Franklin/The Atlantic Singles Collection 1967–1970/215 - Border Song (Holy Moses).mp3
2026-02-05T22:39:20.794642Z DEBUG tokio-runtime-worker ThreadId(23) wkmp_ai::services::workflow_orchestrator: wkmp-ai\src\services\workflow_orchestrator\mod.rs:1438: Acquiring all statistics Mutex locks for SSE conversion
2026-02-05T22:39:20.794789Z DEBUG tokio-runtime-worker ThreadId(23) wkmp_ai::services::workflow_orchestrator: wkmp-ai\src\services\workflow_orchestrator\mod.rs:1467: All statistics Mutex locks acquired and data cloned
2026-02-05T22:39:20.795049Z DEBUG tokio-runtime-worker ThreadId(23) wkmp_ai::services::workflow_orchestrator: wkmp-ai\src\services\workflow_orchestrator\mod.rs:1577: Releasing all statistics Mutex locks for SSE conversion
2026-02-05T22:39:20.795334Z DEBUG tokio-runtime-worker ThreadId(23) wkmp_ai::services::filename_matcher: wkmp-ai\src\services\filename_matcher.rs:65: Database query completed path=Aretha Franklin/The Atlantic Singles Collection 1967–1970/214 - Let It Be.mp3 query_us=7300
2026-02-05T22:39:20.795520Z DEBUG tokio-runtime-worker ThreadId(23) wkmp_ai::services::filename_matcher: wkmp-ai\src\services\filename_matcher.rs:81: File already processed (INGEST COMPLETE) path=Aretha Franklin/The Atlantic Singles Collection 1967–1970/214 - Let It Be.mp3 guid=5016cb27-fb2d-49b6-a3a0-038d512d35c6
2026-02-05T22:39:20.795816Z  INFO tokio-runtime-worker ThreadId(23) wkmp_ai::services::workflow_orchestrator: wkmp-ai\src\services\workflow_orchestrator\mod.rs:1756: Phase 1 completed phase="Filename Matching" duration_ms=8 path_us=1 db_ms=7 file_index=142
2026-02-05T22:39:20.795998Z  INFO tokio-runtime-worker ThreadId(23) wkmp_ai::services::workflow_orchestrator: wkmp-ai\src\services\workflow_orchestrator\mod.rs:1770: File already processed (INGEST COMPLETE/NO AUDIO/DUPLICATE HASH), skipping all remaining phases file="C:\\Users\\Mango Cat\\Music\\Aretha Franklin/The Atlantic Singles Collection 1967–1970/214 - Let It Be.mp3" file_id=5016cb27-fb2d-49b6-a3a0-038d512d35c6
2026-02-05T22:39:20.796198Z DEBUG tokio-runtime-worker ThreadId(23) wkmp_ai::services::workflow_orchestrator: wkmp-ai\src\services\workflow_orchestrator\mod.rs:2912: File processing complete session_id=fc49b2a9-297a-4710-91ea-7a5f24790519 file_index=142 file=Aretha Franklin/The Atlantic Singles Collection 1967–1970/214 - Let It Be.mp3
2026-02-05T22:39:20.796361Z DEBUG tokio-runtime-worker ThreadId(23) wkmp_ai::services::workflow_orchestrator: wkmp-ai\src\services\workflow_orchestrator\mod.rs:1438: Acquiring all statistics Mutex locks for SSE conversion
2026-02-05T22:39:20.796569Z DEBUG tokio-runtime-worker ThreadId(23) wkmp_ai::services::workflow_orchestrator: wkmp-ai\src\services\workflow_orchestrator\mod.rs:1467: All statistics Mutex locks acquired and data cloned
2026-02-05T22:39:20.796827Z DEBUG tokio-runtime-worker ThreadId(23) wkmp_ai::services::workflow_orchestrator: wkmp-ai\src\services\workflow_orchestrator\mod.rs:1577: Releasing all statistics Mutex locks for SSE conversion
2026-02-05T22:39:20.796993Z DEBUG tokio-runtime-worker ThreadId(23) wkmp_ai::services::workflow_orchestrator: wkmp-ai\src\services\workflow_orchestrator\mod.rs:3094: Starting per-file pipeline file_index=144 file_id=7811298c-4c07-4ed9-951d-199b40b16313 file=Aretha Franklin/The Atlantic Singles Collection 1967–1970/216 - You and Me.mp3
2026-02-05T22:39:20.797167Z  INFO tokio-runtime-worker ThreadId(23) wkmp_ai::services::workflow_orchestrator: wkmp-ai\src\services\workflow_orchestrator\mod.rs:1733: Starting PLAN024 10-phase per-file pipeline (late audio decode) file="C:\\Users\\Mango Cat\\Music\\Aretha Franklin/The Atlantic Singles Collection 1967–1970/216 - You and Me.mp3"
2026-02-05T22:39:20.797426Z DEBUG tokio-runtime-worker ThreadId(23) wkmp_ai::services::workflow_orchestrator: wkmp-ai\src\services\workflow_orchestrator\mod.rs:1742: Phase 1: Filename Matching - START file="C:\\Users\\Mango Cat\\Music\\Aretha Franklin/The Atlantic Singles Collection 1967–1970/216 - You and Me.mp3"
2026-02-05T22:39:20.797633Z DEBUG tokio-runtime-worker ThreadId(23) wkmp_ai::services::filename_matcher: wkmp-ai\src\services\filename_matcher.rs:54: Checking if file exists in database path=Aretha Franklin/The Atlantic Singles Collection 1967–1970/216 - You and Me.mp3 norm_us=10
2026-02-05T22:39:20.797939Z DEBUG tokio-runtime-worker ThreadId(23) wkmp_ai::services::workflow_orchestrator: wkmp-ai\src\services\workflow_orchestrator\mod.rs:3094: Starting per-file pipeline file_index=145 file_id=5aa11894-c9f2-42ce-a45b-3ae52834af16 file=Asia/GoldAsia.mp3
2026-02-05T22:39:20.798138Z  INFO tokio-runtime-worker ThreadId(23) wkmp_ai::services::workflow_orchestrator: wkmp-ai\src\services\workflow_orchestrator\mod.rs:1733: Starting PLAN024 10-phase per-file pipeline (late audio decode) file="C:\\Users\\Mango Cat\\Music\\Asia/GoldAsia.mp3"
2026-02-05T22:39:20.798310Z DEBUG tokio-runtime-worker ThreadId(23) wkmp_ai::services::workflow_orchestrator: wkmp-ai\src\services\workflow_orchestrator\mod.rs:1742: Phase 1: Filename Matching - START file="C:\\Users\\Mango Cat\\Music\\Asia/GoldAsia.mp3"
2026-02-05T22:39:20.798477Z DEBUG tokio-runtime-worker ThreadId(23) wkmp_ai::services::filename_matcher: wkmp-ai\src\services\filename_matcher.rs:54: Checking if file exists in database path=Asia/GoldAsia.mp3 norm_us=5
2026-02-05T22:39:20.799989Z DEBUG tokio-runtime-worker ThreadId(23) wkmp_ai::api::sse: wkmp-ai\src\api\sse.rs:71: SSE: Broadcasting import event: ImportProgressUpdate
2026-02-05T22:39:20.801449Z DEBUG tokio-runtime-worker ThreadId(23) wkmp_ai::api::sse: wkmp-ai\src\api\sse.rs:71: SSE: Broadcasting import event: ImportProgressUpdate
2026-02-05T22:39:20.801917Z DEBUG tokio-runtime-worker ThreadId(23) wkmp_ai::services::filename_matcher: wkmp-ai\src\services\filename_matcher.rs:65: Database query completed path=Aretha Franklin/The Atlantic Singles Collection 1967–1970/216 - You and Me.mp3 query_us=4040
2026-02-05T22:39:20.802183Z DEBUG tokio-runtime-worker ThreadId(23) wkmp_ai::services::filename_matcher: wkmp-ai\src\services\filename_matcher.rs:81: File already processed (INGEST COMPLETE) path=Aretha Franklin/The Atlantic Singles Collection 1967–1970/216 - You and Me.mp3 guid=7811298c-4c07-4ed9-951d-199b40b16313
2026-02-05T22:39:20.802460Z  INFO tokio-runtime-worker ThreadId(23) wkmp_ai::services::workflow_orchestrator: wkmp-ai\src\services\workflow_orchestrator\mod.rs:1756: Phase 1 completed phase="Filename Matching" duration_ms=5 path_us=2 db_ms=4 file_index=144
2026-02-05T22:39:20.802726Z  INFO tokio-runtime-worker ThreadId(23) wkmp_ai::services::workflow_orchestrator: wkmp-ai\src\services\workflow_orchestrator\mod.rs:1770: File already processed (INGEST COMPLETE/NO AUDIO/DUPLICATE HASH), skipping all remaining phases file="C:\\Users\\Mango Cat\\Music\\Aretha Franklin/The Atlantic Singles Collection 1967–1970/216 - You and Me.mp3" file_id=7811298c-4c07-4ed9-951d-199b40b16313
2026-02-05T22:39:20.802987Z DEBUG tokio-runtime-worker ThreadId(23) wkmp_ai::services::workflow_orchestrator: wkmp-ai\src\services\workflow_orchestrator\mod.rs:2912: File processing complete session_id=fc49b2a9-297a-4710-91ea-7a5f24790519 file_index=144 file=Aretha Franklin/The Atlantic Singles Collection 1967–1970/216 - You and Me.mp3
2026-02-05T22:39:20.803168Z DEBUG tokio-runtime-worker ThreadId(23) wkmp_ai::services::workflow_orchestrator: wkmp-ai\src\services\workflow_orchestrator\mod.rs:1438: Acquiring all statistics Mutex locks for SSE conversion
2026-02-05T22:39:20.803338Z DEBUG tokio-runtime-worker ThreadId(23) wkmp_ai::services::workflow_orchestrator: wkmp-ai\src\services\workflow_orchestrator\mod.rs:1467: All statistics Mutex locks acquired and data cloned
2026-02-05T22:39:20.803618Z DEBUG tokio-runtime-worker ThreadId(23) wkmp_ai::services::workflow_orchestrator: wkmp-ai\src\services\workflow_orchestrator\mod.rs:1577: Releasing all statistics Mutex locks for SSE conversion
2026-02-05T22:39:20.803797Z DEBUG tokio-runtime-worker ThreadId(23) wkmp_ai::services::filename_matcher: wkmp-ai\src\services\filename_matcher.rs:65: Database query completed path=Asia/GoldAsia.mp3 query_us=5069
2026-02-05T22:39:20.804006Z DEBUG tokio-runtime-worker ThreadId(23) wkmp_ai::services::filename_matcher: wkmp-ai\src\services\filename_matcher.rs:88: File exists, reusing fileId path=Asia/GoldAsia.mp3 guid=5aa11894-c9f2-42ce-a45b-3ae52834af16 status=PENDING
2026-02-05T22:39:20.804259Z  INFO tokio-runtime-worker ThreadId(23) wkmp_ai::services::workflow_orchestrator: wkmp-ai\src\services\workflow_orchestrator\mod.rs:1756: Phase 1 completed phase="Filename Matching" duration_ms=5 path_us=1 db_ms=5 file_index=145
2026-02-05T22:39:20.804516Z DEBUG tokio-runtime-worker ThreadId(23) wkmp_ai::services::workflow_orchestrator: wkmp-ai\src\services\workflow_orchestrator\mod.rs:1778: Reusing existing file record (incomplete processing) file_id=5aa11894-c9f2-42ce-a45b-3ae52834af16
2026-02-05T22:39:20.804810Z DEBUG tokio-runtime-worker ThreadId(23) wkmp_ai::services::workflow_orchestrator: wkmp-ai\src\services\workflow_orchestrator\mod.rs:1812: Phase 2: Hash Deduplication file="C:\\Users\\Mango Cat\\Music\\Asia/GoldAsia.mp3" file_id=5aa11894-c9f2-42ce-a45b-3ae52834af16
2026-02-05T22:39:20.804995Z DEBUG tokio-runtime-worker ThreadId(23) wkmp_ai::services::hash_deduplicator: wkmp-ai\src\services\hash_deduplicator.rs:52: Calculating SHA-256 hash path=C:\Users\Mango Cat\Music\Asia/GoldAsia.mp3
2026-02-05T22:39:20.805179Z DEBUG tokio-runtime-worker ThreadId(23) wkmp_ai::services::workflow_orchestrator: wkmp-ai\src\services\workflow_orchestrator\mod.rs:3094: Starting per-file pipeline file_index=146 file_id=cca72e4c-da64-4a2f-b6d7-143253a3d1f1 file=Astley, Jon/Everyone_Loves_The_Pilot_(Except_The_Crew)/(Jon_Astley)Everyone_Loves_The_Pilot_(Except_The_Crew)-01-Jane's_Getting_Serious.mp3
2026-02-05T22:39:20.805351Z  INFO tokio-runtime-worker ThreadId(23) wkmp_ai::services::workflow_orchestrator: wkmp-ai\src\services\workflow_orchestrator\mod.rs:1733: Starting PLAN024 10-phase per-file pipeline (late audio decode) file="C:\\Users\\Mango Cat\\Music\\Astley, Jon/Everyone_Loves_The_Pilot_(Except_The_Crew)/(Jon_Astley)Everyone_Loves_The_Pilot_(Except_The_Crew)-01-Jane\'s_Getting_Serious.mp3"
2026-02-05T22:39:20.805582Z DEBUG tokio-runtime-worker ThreadId(23) wkmp_ai::services::workflow_orchestrator: wkmp-ai\src\services\workflow_orchestrator\mod.rs:1742: Phase 1: Filename Matching - START file="C:\\Users\\Mango Cat\\Music\\Astley, Jon/Everyone_Loves_The_Pilot_(Except_The_Crew)/(Jon_Astley)Everyone_Loves_The_Pilot_(Except_The_Crew)-01-Jane\'s_Getting_Serious.mp3"
2026-02-05T22:39:20.805761Z DEBUG tokio-runtime-worker ThreadId(23) wkmp_ai::services::filename_matcher: wkmp-ai\src\services\filename_matcher.rs:54: Checking if file exists in database path=Astley, Jon/Everyone_Loves_The_Pilot_(Except_The_Crew)/(Jon_Astley)Everyone_Loves_The_Pilot_(Except_The_Crew)-01-Jane's_Getting_Serious.mp3 norm_us=7
2026-02-05T22:39:20.807205Z DEBUG tokio-runtime-worker ThreadId(23) wkmp_ai::api::sse: wkmp-ai\src\api\sse.rs:71: SSE: Broadcasting import event: ImportProgressUpdate
2026-02-05T22:39:20.807648Z DEBUG tokio-runtime-worker ThreadId(23) wkmp_ai::services::filename_matcher: wkmp-ai\src\services\filename_matcher.rs:65: Database query completed path=Astley, Jon/Everyone_Loves_The_Pilot_(Except_The_Crew)/(Jon_Astley)Everyone_Loves_The_Pilot_(Except_The_Crew)-01-Jane's_Getting_Serious.mp3 query_us=1658
2026-02-05T22:39:20.807841Z DEBUG tokio-runtime-worker ThreadId(23) wkmp_ai::services::filename_matcher: wkmp-ai\src\services\filename_matcher.rs:81: File already processed (INGEST COMPLETE) path=Astley, Jon/Everyone_Loves_The_Pilot_(Except_The_Crew)/(Jon_Astley)Everyone_Loves_The_Pilot_(Except_The_Crew)-01-Jane's_Getting_Serious.mp3 guid=cca72e4c-da64-4a2f-b6d7-143253a3d1f1
2026-02-05T22:39:20.808036Z  INFO tokio-runtime-worker ThreadId(23) wkmp_ai::services::workflow_orchestrator: wkmp-ai\src\services\workflow_orchestrator\mod.rs:1756: Phase 1 completed phase="Filename Matching" duration_ms=2 path_us=2 db_ms=2 file_index=146
2026-02-05T22:39:20.808235Z  INFO tokio-runtime-worker ThreadId(23) wkmp_ai::services::workflow_orchestrator: wkmp-ai\src\services\workflow_orchestrator\mod.rs:1770: File already processed (INGEST COMPLETE/NO AUDIO/DUPLICATE HASH), skipping all remaining phases file="C:\\Users\\Mango Cat\\Music\\Astley, Jon/Everyone_Loves_The_Pilot_(Except_The_Crew)/(Jon_Astley)Everyone_Loves_The_Pilot_(Except_The_Crew)-01-Jane\'s_Getting_Serious.mp3" file_id=cca72e4c-da64-4a2f-b6d7-143253a3d1f1
2026-02-05T22:39:20.808577Z DEBUG tokio-runtime-worker ThreadId(23) wkmp_ai::services::workflow_orchestrator: wkmp-ai\src\services\workflow_orchestrator\mod.rs:2912: File processing complete session_id=fc49b2a9-297a-4710-91ea-7a5f24790519 file_index=146 file=Astley, Jon/Everyone_Loves_The_Pilot_(Except_The_Crew)/(Jon_Astley)Everyone_Loves_The_Pilot_(Except_The_Crew)-01-Jane's_Getting_Serious.mp3
2026-02-05T22:39:20.808825Z DEBUG tokio-runtime-worker ThreadId(23) wkmp_ai::services::workflow_orchestrator: wkmp-ai\src\services\workflow_orchestrator\mod.rs:1438: Acquiring all statistics Mutex locks for SSE conversion
2026-02-05T22:39:20.808988Z DEBUG tokio-runtime-worker ThreadId(23) wkmp_ai::services::workflow_orchestrator: wkmp-ai\src\services\workflow_orchestrator\mod.rs:1467: All statistics Mutex locks acquired and data cloned
2026-02-05T22:39:20.809288Z DEBUG tokio-runtime-worker ThreadId(23) wkmp_ai::services::workflow_orchestrator: wkmp-ai\src\services\workflow_orchestrator\mod.rs:1577: Releasing all statistics Mutex locks for SSE conversion
2026-02-05T22:39:20.809541Z DEBUG tokio-runtime-worker ThreadId(23) wkmp_ai::services::workflow_orchestrator: wkmp-ai\src\services\workflow_orchestrator\mod.rs:3094: Starting per-file pipeline file_index=147 file_id=79f237d8-c043-4a33-a9c7-ce759c442283 file=Astley, Jon/Everyone_Loves_The_Pilot_(Except_The_Crew)/(Jon_Astley)Everyone_Loves_The_Pilot_(Except_The_Crew)-02-Lipservice.mp3
2026-02-05T22:39:20.809804Z  INFO tokio-runtime-worker ThreadId(23) wkmp_ai::services::workflow_orchestrator: wkmp-ai\src\services\workflow_orchestrator\mod.rs:1733: Starting PLAN024 10-phase per-file pipeline (late audio decode) file="C:\\Users\\Mango Cat\\Music\\Astley, Jon/Everyone_Loves_The_Pilot_(Except_The_Crew)/(Jon_Astley)Everyone_Loves_The_Pilot_(Except_The_Crew)-02-Lipservice.mp3"
2026-02-05T22:39:20.810011Z DEBUG tokio-runtime-worker ThreadId(23) wkmp_ai::services::workflow_orchestrator: wkmp-ai\src\services\workflow_orchestrator\mod.rs:1742: Phase 1: Filename Matching - START file="C:\\Users\\Mango Cat\\Music\\Astley, Jon/Everyone_Loves_The_Pilot_(Except_The_Crew)/(Jon_Astley)Everyone_Loves_The_Pilot_(Except_The_Crew)-02-Lipservice.mp3"
2026-02-05T22:39:20.810266Z DEBUG tokio-runtime-worker ThreadId(23) wkmp_ai::services::filename_matcher: wkmp-ai\src\services\filename_matcher.rs:54: Checking if file exists in database path=Astley, Jon/Everyone_Loves_The_Pilot_(Except_The_Crew)/(Jon_Astley)Everyone_Loves_The_Pilot_(Except_The_Crew)-02-Lipservice.mp3 norm_us=10
2026-02-05T22:39:20.812499Z DEBUG tokio-runtime-worker ThreadId(23) wkmp_ai::api::sse: wkmp-ai\src\api\sse.rs:71: SSE: Broadcasting import event: ImportProgressUpdate
2026-02-05T22:39:20.813209Z DEBUG tokio-runtime-worker ThreadId(23) wkmp_ai::services::filename_matcher: wkmp-ai\src\services\filename_matcher.rs:65: Database query completed path=Astley, Jon/Everyone_Loves_The_Pilot_(Except_The_Crew)/(Jon_Astley)Everyone_Loves_The_Pilot_(Except_The_Crew)-02-Lipservice.mp3 query_us=2692
2026-02-05T22:39:20.813398Z DEBUG tokio-runtime-worker ThreadId(23) wkmp_ai::services::filename_matcher: wkmp-ai\src\services\filename_matcher.rs:81: File already processed (INGEST COMPLETE) path=Astley, Jon/Everyone_Loves_The_Pilot_(Except_The_Crew)/(Jon_Astley)Everyone_Loves_The_Pilot_(Except_The_Crew)-02-Lipservice.mp3 guid=79f237d8-c043-4a33-a9c7-ce759c442283
2026-02-05T22:39:20.813649Z  INFO tokio-runtime-worker ThreadId(23) wkmp_ai::services::workflow_orchestrator: wkmp-ai\src\services\workflow_orchestrator\mod.rs:1756: Phase 1 completed phase="Filename Matching" duration_ms=3 path_us=2 db_ms=3 file_index=147
2026-02-05T22:39:20.813872Z  INFO tokio-runtime-worker ThreadId(23) wkmp_ai::services::workflow_orchestrator: wkmp-ai\src\services\workflow_orchestrator\mod.rs:1770: File already processed (INGEST COMPLETE/NO AUDIO/DUPLICATE HASH), skipping all remaining phases file="C:\\Users\\Mango Cat\\Music\\Astley, Jon/Everyone_Loves_The_Pilot_(Except_The_Crew)/(Jon_Astley)Everyone_Loves_The_Pilot_(Except_The_Crew)-02-Lipservice.mp3" file_id=79f237d8-c043-4a33-a9c7-ce759c442283
2026-02-05T22:39:20.814137Z DEBUG tokio-runtime-worker ThreadId(23) wkmp_ai::services::workflow_orchestrator: wkmp-ai\src\services\workflow_orchestrator\mod.rs:2912: File processing complete session_id=fc49b2a9-297a-4710-91ea-7a5f24790519 file_index=147 file=Astley, Jon/Everyone_Loves_The_Pilot_(Except_The_Crew)/(Jon_Astley)Everyone_Loves_The_Pilot_(Except_The_Crew)-02-Lipservice.mp3
2026-02-05T22:39:20.814340Z DEBUG tokio-runtime-worker ThreadId(23) wkmp_ai::services::workflow_orchestrator: wkmp-ai\src\services\workflow_orchestrator\mod.rs:1438: Acquiring all statistics Mutex locks for SSE conversion
2026-02-05T22:39:20.814579Z DEBUG tokio-runtime-worker ThreadId(23) wkmp_ai::services::workflow_orchestrator: wkmp-ai\src\services\workflow_orchestrator\mod.rs:1467: All statistics Mutex locks acquired and data cloned
2026-02-05T22:39:20.814911Z DEBUG tokio-runtime-worker ThreadId(23) wkmp_ai::services::workflow_orchestrator: wkmp-ai\src\services\workflow_orchestrator\mod.rs:1577: Releasing all statistics Mutex locks for SSE conversion
2026-02-05T22:39:20.815059Z DEBUG tokio-runtime-worker ThreadId(23) wkmp_ai::services::workflow_orchestrator: wkmp-ai\src\services\workflow_orchestrator\mod.rs:3094: Starting per-file pipeline file_index=148 file_id=d3e2d91e-261a-4940-a0bd-e03705e6cb1c file=Astley, Jon/Everyone_Loves_The_Pilot_(Except_The_Crew)/(Jon_Astley)Everyone_Loves_The_Pilot_(Except_The_Crew)-03-Target_Practise.mp3
2026-02-05T22:39:20.815218Z  INFO tokio-runtime-worker ThreadId(23) wkmp_ai::services::workflow_orchestrator: wkmp-ai\src\services\workflow_orchestrator\mod.rs:1733: Starting PLAN024 10-phase per-file pipeline (late audio decode) file="C:\\Users\\Mango Cat\\Music\\Astley, Jon/Everyone_Loves_The_Pilot_(Except_The_Crew)/(Jon_Astley)Everyone_Loves_The_Pilot_(Except_The_Crew)-03-Target_Practise.mp3"
2026-02-05T22:39:20.815363Z DEBUG tokio-runtime-worker ThreadId(23) wkmp_ai::services::workflow_orchestrator: wkmp-ai\src\services\workflow_orchestrator\mod.rs:1742: Phase 1: Filename Matching - START file="C:\\Users\\Mango Cat\\Music\\Astley, Jon/Everyone_Loves_The_Pilot_(Except_The_Crew)/(Jon_Astley)Everyone_Loves_The_Pilot_(Except_The_Crew)-03-Target_Practise.mp3"
2026-02-05T22:39:20.815532Z DEBUG tokio-runtime-worker ThreadId(23) wkmp_ai::services::filename_matcher: wkmp-ai\src\services\filename_matcher.rs:54: Checking if file exists in database path=Astley, Jon/Everyone_Loves_The_Pilot_(Except_The_Crew)/(Jon_Astley)Everyone_Loves_The_Pilot_(Except_The_Crew)-03-Target_Practise.mp3 norm_us=8
2026-02-05T22:39:20.816803Z DEBUG tokio-runtime-worker ThreadId(23) wkmp_ai::api::sse: wkmp-ai\src\api\sse.rs:71: SSE: Broadcasting import event: ImportProgressUpdate
2026-02-05T22:39:20.817523Z DEBUG tokio-runtime-worker ThreadId(23) wkmp_ai::services::filename_matcher: wkmp-ai\src\services\filename_matcher.rs:65: Database query completed path=Astley, Jon/Everyone_Loves_The_Pilot_(Except_The_Crew)/(Jon_Astley)Everyone_Loves_The_Pilot_(Except_The_Crew)-03-Target_Practise.mp3 query_us=1792
2026-02-05T22:39:20.817687Z DEBUG tokio-runtime-worker ThreadId(23) wkmp_ai::services::filename_matcher: wkmp-ai\src\services\filename_matcher.rs:81: File already processed (INGEST COMPLETE) path=Astley, Jon/Everyone_Loves_The_Pilot_(Except_The_Crew)/(Jon_Astley)Everyone_Loves_The_Pilot_(Except_The_Crew)-03-Target_Practise.mp3 guid=d3e2d91e-261a-4940-a0bd-e03705e6cb1c
2026-02-05T22:39:20.817921Z  INFO tokio-runtime-worker ThreadId(23) wkmp_ai::services::workflow_orchestrator: wkmp-ai\src\services\workflow_orchestrator\mod.rs:1756: Phase 1 completed phase="Filename Matching" duration_ms=2 path_us=2 db_ms=2 file_index=148
2026-02-05T22:39:20.818153Z  INFO tokio-runtime-worker ThreadId(23) wkmp_ai::services::workflow_orchestrator: wkmp-ai\src\services\workflow_orchestrator\mod.rs:1770: File already processed (INGEST COMPLETE/NO AUDIO/DUPLICATE HASH), skipping all remaining phases file="C:\\Users\\Mango Cat\\Music\\Astley, Jon/Everyone_Loves_The_Pilot_(Except_The_Crew)/(Jon_Astley)Everyone_Loves_The_Pilot_(Except_The_Crew)-03-Target_Practise.mp3" file_id=d3e2d91e-261a-4940-a0bd-e03705e6cb1c
2026-02-05T22:39:20.818413Z DEBUG tokio-runtime-worker ThreadId(23) wkmp_ai::services::workflow_orchestrator: wkmp-ai\src\services\workflow_orchestrator\mod.rs:2912: File processing complete session_id=fc49b2a9-297a-4710-91ea-7a5f24790519 file_index=148 file=Astley, Jon/Everyone_Loves_The_Pilot_(Except_The_Crew)/(Jon_Astley)Everyone_Loves_The_Pilot_(Except_The_Crew)-03-Target_Practise.mp3
2026-02-05T22:39:20.818641Z DEBUG tokio-runtime-worker ThreadId(23) wkmp_ai::services::workflow_orchestrator: wkmp-ai\src\services\workflow_orchestrator\mod.rs:1438: Acquiring all statistics Mutex locks for SSE conversion
2026-02-05T22:39:20.818850Z DEBUG tokio-runtime-worker ThreadId(23) wkmp_ai::services::workflow_orchestrator: wkmp-ai\src\services\workflow_orchestrator\mod.rs:1467: All statistics Mutex locks acquired and data cloned
2026-02-05T22:39:20.819158Z DEBUG tokio-runtime-worker ThreadId(23) wkmp_ai::services::workflow_orchestrator: wkmp-ai\src\services\workflow_orchestrator\mod.rs:1577: Releasing all statistics Mutex locks for SSE conversion
2026-02-05T22:39:20.819383Z DEBUG tokio-runtime-worker ThreadId(23) wkmp_ai::services::workflow_orchestrator: wkmp-ai\src\services\workflow_orchestrator\mod.rs:3094: Starting per-file pipeline file_index=149 file_id=fd94448a-9221-4c12-b303-76de9da3d8d4 file=Astley, Jon/Everyone_Loves_The_Pilot_(Except_The_Crew)/(Jon_Astley)Everyone_Loves_The_Pilot_(Except_The_Crew)-04-Suffering_Fools.mp3
2026-02-05T22:39:20.819615Z  INFO tokio-runtime-worker ThreadId(23) wkmp_ai::services::workflow_orchestrator: wkmp-ai\src\services\workflow_orchestrator\mod.rs:1733: Starting PLAN024 10-phase per-file pipeline (late audio decode) file="C:\\Users\\Mango Cat\\Music\\Astley, Jon/Everyone_Loves_The_Pilot_(Except_The_Crew)/(Jon_Astley)Everyone_Loves_The_Pilot_(Except_The_Crew)-04-Suffering_Fools.mp3"
2026-02-05T22:39:20.819853Z DEBUG tokio-runtime-worker ThreadId(23) wkmp_ai::services::workflow_orchestrator: wkmp-ai\src\services\workflow_orchestrator\mod.rs:1742: Phase 1: Filename Matching - START file="C:\\Users\\Mango Cat\\Music\\Astley, Jon/Everyone_Loves_The_Pilot_(Except_The_Crew)/(Jon_Astley)Everyone_Loves_The_Pilot_(Except_The_Crew)-04-Suffering_Fools.mp3"
2026-02-05T22:39:20.820078Z DEBUG tokio-runtime-worker ThreadId(23) wkmp_ai::services::filename_matcher: wkmp-ai\src\services\filename_matcher.rs:54: Checking if file exists in database path=Astley, Jon/Everyone_Loves_The_Pilot_(Except_The_Crew)/(Jon_Astley)Everyone_Loves_The_Pilot_(Except_The_Crew)-04-Suffering_Fools.mp3 norm_us=11
2026-02-05T22:39:20.822291Z DEBUG tokio-runtime-worker ThreadId(23) wkmp_ai::api::sse: wkmp-ai\src\api\sse.rs:71: SSE: Broadcasting import event: ImportProgressUpdate
2026-02-05T22:39:20.822959Z DEBUG tokio-runtime-worker ThreadId(23) wkmp_ai::services::filename_matcher: wkmp-ai\src\services\filename_matcher.rs:65: Database query completed path=Astley, Jon/Everyone_Loves_The_Pilot_(Except_The_Crew)/(Jon_Astley)Everyone_Loves_The_Pilot_(Except_The_Crew)-04-Suffering_Fools.mp3 query_us=2662
2026-02-05T22:39:20.823190Z DEBUG tokio-runtime-worker ThreadId(23) wkmp_ai::services::filename_matcher: wkmp-ai\src\services\filename_matcher.rs:88: File exists, reusing fileId path=Astley, Jon/Everyone_Loves_The_Pilot_(Except_The_Crew)/(Jon_Astley)Everyone_Loves_The_Pilot_(Except_The_Crew)-04-Suffering_Fools.mp3 guid=fd94448a-9221-4c12-b303-76de9da3d8d4 status=PENDING
2026-02-05T22:39:20.823419Z  INFO tokio-runtime-worker ThreadId(23) wkmp_ai::services::workflow_orchestrator: wkmp-ai\src\services\workflow_orchestrator\mod.rs:1756: Phase 1 completed phase="Filename Matching" duration_ms=3 path_us=2 db_ms=3 file_index=149
2026-02-05T22:39:20.823637Z DEBUG tokio-runtime-worker ThreadId(23) wkmp_ai::services::workflow_orchestrator: wkmp-ai\src\services\workflow_orchestrator\mod.rs:1778: Reusing existing file record (incomplete processing) file_id=fd94448a-9221-4c12-b303-76de9da3d8d4
2026-02-05T22:39:20.823881Z DEBUG tokio-runtime-worker ThreadId(23) wkmp_ai::services::workflow_orchestrator: wkmp-ai\src\services\workflow_orchestrator\mod.rs:1812: Phase 2: Hash Deduplication file="C:\\Users\\Mango Cat\\Music\\Astley, Jon/Everyone_Loves_The_Pilot_(Except_The_Crew)/(Jon_Astley)Everyone_Loves_The_Pilot_(Except_The_Crew)-04-Suffering_Fools.mp3" file_id=fd94448a-9221-4c12-b303-76de9da3d8d4
2026-02-05T22:39:20.824100Z DEBUG tokio-runtime-worker ThreadId(23) wkmp_ai::services::hash_deduplicator: wkmp-ai\src\services\hash_deduplicator.rs:52: Calculating SHA-256 hash path=C:\Users\Mango Cat\Music\Astley, Jon/Everyone_Loves_The_Pilot_(Except_The_Crew)/(Jon_Astley)Everyone_Loves_The_Pilot_(Except_The_Crew)-04-Suffering_Fools.mp3
2026-02-05T22:39:21.886612Z DEBUG tokio-runtime-worker ThreadId(23) wkmp_ai::services::hash_deduplicator: wkmp-ai\src\services\hash_deduplicator.rs:93: Calculated hash path=C:\Users\Mango Cat\Music\Ace of Base/HappyNation.mp3
 hash_len=64
2026-02-05T22:39:21.887205Z DEBUG tokio-runtime-worker ThreadId(23) wkmp_ai::services::hash_deduplicator: wkmp-ai\src\services\hash_deduplicator.rs:155: Updated file hash file_id=e7e6d982-1560-40c5-b8ec-347b47ee29ff hash=69341f3371f303618c57ec63676caa1735c473df57c8b0505ac5e9a0c16922d4
2026-02-05T22:39:21.887323Z DEBUG tokio-runtime-worker ThreadId(23) wkmp_ai::services::hash_deduplicator: wkmp-ai\src\services\hash_deduplicator.rs:111: Checking for duplicate hash hash=69341f3371f303618c57ec63676caa1735c473df57c8b0505ac5e9a0c16922d4 file_id=e7e6d982-1560-40c5-b8ec-347b47ee29ff
2026-02-05T22:39:21.887595Z DEBUG tokio-runtime-worker ThreadId(23) wkmp_ai::services::hash_deduplicator: wkmp-ai\src\services\hash_deduplicator.rs:123: No duplicate hash found hash=69341f3371f303618c57ec63676caa1735c473df57c8b0505ac5e9a0c16922d4
2026-02-05T22:39:21.887712Z  INFO tokio-runtime-worker ThreadId(23) wkmp_ai::services::workflow_orchestrator: wkmp-ai\src\services\workflow_orchestrator\mod.rs:1851: Phase 2 completed - hash unique phase="Hash Deduplication" duration_ms=1649 file_index=45 hash="69341f3371f303618c57ec63676caa1735c473df57c8b0505ac5e9a0c16922d4"
2026-02-05T22:39:21.887831Z DEBUG tokio-runtime-worker ThreadId(23) wkmp_ai::services::workflow_orchestrator: wkmp-ai\src\services\workflow_orchestrator\mod.rs:1865: Phase 3: Metadata Extraction & Merging file="C:\\Users\\Mango Cat\\Music\\Ace of Base/HappyNation.mp3" file_id=e7e6d982-1560-40c5-b8ec-347b47ee29ff
2026-02-05T22:39:21.887904Z DEBUG tokio-runtime-worker ThreadId(23) wkmp_ai::services::metadata_merger: wkmp-ai\src\services\metadata_merger.rs:76: Extracting and merging metadata file_id=e7e6d982-1560-40c5-b8ec-347b47ee29ff path=C:\Users\Mango Cat\Music\Ace of Base/HappyNation.mp3
2026-02-05T22:39:21.888459Z DEBUG tokio-runtime-worker ThreadId(23) wkmp_ai::services::metadata_extractor: wkmp-ai\src\services\metadata_extractor.rs:141: Extracted metadata file=C:\Users\Mango Cat\Music\Ace of Base/HappyNation.mp3 artist=Some("Ace of Base") title=None duration_s=3649.776 format=MP3
2026-02-05T22:39:21.889040Z DEBUG tokio-runtime-worker ThreadId(23) wkmp_ai::services::metadata_merger: wkmp-ai\src\services\metadata_merger.rs:161: Merged metadata updated file_id=e7e6d982-1560-40c5-b8ec-347b47ee29ff artist=Some("Ace of Base") title=None duration_ticks=103011277824
2026-02-05T22:39:21.889145Z  INFO tokio-runtime-worker ThreadId(23) wkmp_ai::services::workflow_orchestrator: wkmp-ai\src\services\workflow_orchestrator\mod.rs:1877: Phase 3 completed phase="Metadata Extraction" duration_ms=1
 file_index=45 successful=true has_title=false has_artist=true has_album=true
2026-02-05T22:39:21.891424Z  INFO tokio-runtime-worker ThreadId(23) wkmp_ai::matching::single_track: wkmp-ai\src\matching\single_track.rs:292: [F45] Single-track analysis (pre-decode) for "HappyNation.mp3":
2026-02-05T22:39:21.891539Z  INFO tokio-runtime-worker ThreadId(23) wkmp_ai::matching::single_track: wkmp-ai\src\matching\single_track.rs:305: [F45]     Filename pattern: +0.00 (no track number prefix)
2026-02-05T22:39:21.891595Z  INFO tokio-runtime-worker ThreadId(23) wkmp_ai::matching::single_track: wkmp-ai\src\matching\single_track.rs:312: [F45]     Directory files:  -0.50 (1 audio files in dir, threshold=4)
2026-02-05T22:39:21.891650Z  INFO tokio-runtime-worker ThreadId(23) wkmp_ai::matching::single_track: wkmp-ai\src\matching\single_track.rs:327: [F45]     ID3 track tag:    +0.00 (no track tag)
2026-02-05T22:39:21.891695Z  INFO tokio-runtime-worker ThreadId(23) wkmp_ai::matching::single_track: wkmp-ai\src\matching\single_track.rs:335: [F45]     Duration hint:    -0.30 (60.83 min, album threshold=20 min)
2026-02-05T22:39:21.891740Z  INFO tokio-runtime-worker ThreadId(23) wkmp_ai::matching::single_track: wkmp-ai\src\matching\single_track.rs:347: [F45]     PRE-DECODE TOTAL: -0.80 (Unlikely confidence)
2026-02-05T22:39:21.891797Z DEBUG tokio-runtime-worker ThreadId(23) wkmp_ai::services::workflow_orchestrator: wkmp-ai\src\services\workflow_orchestrator\mod.rs:1958: Not single-track (score < 2), continuing with album pipeline file="C:\\Users\\Mango Cat\\Music\\Ace of Base/HappyNation.mp3" file_index=45 score=-0.8
2026-02-05T22:39:21.891879Z DEBUG tokio-runtime-worker ThreadId(23) wkmp_ai::services::workflow_orchestrator: wkmp-ai\src\services\workflow_orchestrator\mod.rs:1977: Phase 4: Decoding audio + Passage Segmentation file="C:\\Users\\Mango Cat\\Music\\Ace of Base/HappyNation.mp3" file_id=e7e6d982-1560-40c5-b8ec-347b47ee29ff
2026-02-05T22:39:21.891940Z DEBUG tokio-runtime-worker ThreadId(23) wkmp_ai::services::workflow_orchestrator: wkmp-ai\src\services\workflow_orchestrator\mod.rs:1980: Decoding audio (first and only decode) file="C:\\Users\\Mango Cat\\Music\\Ace of Base/HappyNation.mp3"
2026-02-05T22:39:23.027880Z DEBUG tokio-runtime-worker ThreadId(23) wkmp_ai::services::hash_deduplicator: wkmp-ai\src\services\hash_deduplicator.rs:93: Calculated hash path=C:\Users\Mango Cat\Music\Aerosmith/Pump.mp3 hash_len=64
2026-02-05T22:39:23.028460Z DEBUG tokio-runtime-worker ThreadId(23) wkmp_ai::services::hash_deduplicator: wkmp-ai\src\services\hash_deduplicator.rs:155: Updated file hash file_id=85decb52-878d-428d-9e4f-39631a68ff68 hash=177f79fb6f4c1ed903cb08b90254e8b94fa89b623863b40686fba55251add293
2026-02-05T22:39:23.028571Z DEBUG tokio-runtime-worker ThreadId(23) wkmp_ai::services::hash_deduplicator: wkmp-ai\src\services\hash_deduplicator.rs:111: Checking for duplicate hash hash=177f79fb6f4c1ed903cb08b90254e8b94fa89b623863b40686fba55251add293 file_id=85decb52-878d-428d-9e4f-39631a68ff68
2026-02-05T22:39:23.028828Z DEBUG tokio-runtime-worker ThreadId(23) wkmp_ai::services::hash_deduplicator: wkmp-ai\src\services\hash_deduplicator.rs:123: No duplicate hash found hash=177f79fb6f4c1ed903cb08b90254e8b94fa89b623863b40686fba55251add293
2026-02-05T22:39:23.028919Z  INFO tokio-runtime-worker ThreadId(23) wkmp_ai::services::workflow_orchestrator: wkmp-ai\src\services\workflow_orchestrator\mod.rs:1851: Phase 2 completed - hash unique phase="Hash Deduplication" duration_ms=2763 file_index=47 hash="177f79fb6f4c1ed903cb08b90254e8b94fa89b623863b40686fba55251add293"
2026-02-05T22:39:23.029014Z DEBUG tokio-runtime-worker ThreadId(23) wkmp_ai::services::workflow_orchestrator: wkmp-ai\src\services\workflow_orchestrator\mod.rs:1865: Phase 3: Metadata Extraction & Merging file="C:\\Users\\Mango Cat\\Music\\Aerosmith/Pump.mp3" file_id=85decb52-878d-428d-9e4f-39631a68ff68
2026-02-05T22:39:23.029081Z DEBUG tokio-runtime-worker ThreadId(23) wkmp_ai::services::metadata_merger: wkmp-ai\src\services\metadata_merger.rs:76: Extracting and merging metadata file_id=85decb52-878d-428d-9e4f-39631a68ff68 path=C:\Users\Mango Cat\Music\Aerosmith/Pump.mp3
2026-02-05T22:39:23.029379Z DEBUG tokio-runtime-worker ThreadId(23) wkmp_ai::services::metadata_extractor: wkmp-ai\src\services\metadata_extractor.rs:141: Extracted metadata file=C:\Users\Mango Cat\Music\Aerosmith/Pump.mp3 artist=Some("Aerosmith") title=None duration_s=2844.582 format=MP3
2026-02-05T22:39:23.030075Z DEBUG tokio-runtime-worker ThreadId(23) wkmp_ai::services::metadata_merger: wkmp-ai\src\services\metadata_merger.rs:161: Merged metadata updated file_id=85decb52-878d-428d-9e4f-39631a68ff68 artist=Some("Aerosmith") title=None duration_ticks=80285482368
2026-02-05T22:39:23.030204Z  INFO tokio-runtime-worker ThreadId(23) wkmp_ai::services::workflow_orchestrator: wkmp-ai\src\services\workflow_orchestrator\mod.rs:1877: Phase 3 completed phase="Metadata Extraction" duration_ms=1
 file_index=47 successful=true has_title=false has_artist=true has_album=true
2026-02-05T22:39:23.030563Z  INFO tokio-runtime-worker ThreadId(23) wkmp_ai::matching::single_track: wkmp-ai\src\matching\single_track.rs:292: [F47] Single-track analysis (pre-decode) for "Pump.mp3":
2026-02-05T22:39:23.030643Z  INFO tokio-runtime-worker ThreadId(23) wkmp_ai::matching::single_track: wkmp-ai\src\matching\single_track.rs:305: [F47]     Filename pattern: +0.00 (no track number prefix)
2026-02-05T22:39:23.030695Z  INFO tokio-runtime-worker ThreadId(23) wkmp_ai::matching::single_track: wkmp-ai\src\matching\single_track.rs:312: [F47]     Directory files:  +0.30 (2 audio files in dir, threshold=4)
2026-02-05T22:39:23.030744Z  INFO tokio-runtime-worker ThreadId(23) wkmp_ai::matching::single_track: wkmp-ai\src\matching\single_track.rs:327: [F47]     ID3 track tag:    +0.00 (no track tag)
2026-02-05T22:39:23.030791Z  INFO tokio-runtime-worker ThreadId(23) wkmp_ai::matching::single_track: wkmp-ai\src\matching\single_track.rs:335: [F47]     Duration hint:    -0.30 (47.41 min, album threshold=20 min)
2026-02-05T22:39:23.030839Z  INFO tokio-runtime-worker ThreadId(23) wkmp_ai::matching::single_track: wkmp-ai\src\matching\single_track.rs:347: [F47]     PRE-DECODE TOTAL: 0.00 (Unlikely confidence)
2026-02-05T22:39:23.030888Z DEBUG tokio-runtime-worker ThreadId(23) wkmp_ai::services::workflow_orchestrator: wkmp-ai\src\services\workflow_orchestrator\mod.rs:1958: Not single-track (score < 2), continuing with album pipeline file="C:\\Users\\Mango Cat\\Music\\Aerosmith/Pump.mp3" file_index=47 score=0.0
2026-02-05T22:39:23.030971Z DEBUG tokio-runtime-worker ThreadId(23) wkmp_ai::services::workflow_orchestrator: wkmp-ai\src\services\workflow_orchestrator\mod.rs:1977: Phase 4: Decoding audio + Passage Segmentation file="C:\\Users\\Mango Cat\\Music\\Aerosmith/Pump.mp3" file_id=85decb52-878d-428d-9e4f-39631a68ff68
2026-02-05T22:39:23.031039Z DEBUG tokio-runtime-worker ThreadId(23) wkmp_ai::services::workflow_orchestrator: wkmp-ai\src\services\workflow_orchestrator\mod.rs:1980: Decoding audio (first and only decode) file="C:\\Users\\Mango Cat\\Music\\Aerosmith/Pump.mp3"
2026-02-05T22:39:23.542787Z DEBUG tokio-runtime-worker ThreadId(23) wkmp_ai: wkmp-ai\src\main.rs:240: Pool utilization snapshot pool_size=48 idle_connections=48 in_use_connections=0 utilization_pct=0
2026-02-05T22:39:24.035943Z DEBUG tokio-runtime-worker ThreadId(23) wkmp_ai::services::hash_deduplicator: wkmp-ai\src\services\hash_deduplicator.rs:93: Calculated hash path=C:\Users\Mango Cat\Music\Alice In Chains/AliceInChainsGreatestHits.mp3 hash_len=64
2026-02-05T22:39:24.036835Z DEBUG tokio-runtime-worker ThreadId(23) wkmp_ai::services::hash_deduplicator: wkmp-ai\src\services\hash_deduplicator.rs:155: Updated file hash file_id=f7204740-f321-45e5-b65b-2b08dbba2f65 hash=f99ebdda5419d6a21d9f1f55c2142da2ff11803880f923bce08918d960410e0e
2026-02-05T22:39:24.036952Z DEBUG tokio-runtime-worker ThreadId(23) wkmp_ai::services::hash_deduplicator: wkmp-ai\src\services\hash_deduplicator.rs:111: Checking for duplicate hash hash=f99ebdda5419d6a21d9f1f55c2142da2ff11803880f923bce08918d960410e0e file_id=f7204740-f321-45e5-b65b-2b08dbba2f65
2026-02-05T22:39:24.037361Z DEBUG tokio-runtime-worker ThreadId(23) wkmp_ai::services::hash_deduplicator: wkmp-ai\src\services\hash_deduplicator.rs:123: No duplicate hash found hash=f99ebdda5419d6a21d9f1f55c2142da2ff11803880f923bce08918d960410e0e
2026-02-05T22:39:24.037522Z  INFO tokio-runtime-worker ThreadId(23) wkmp_ai::services::workflow_orchestrator: wkmp-ai\src\services\workflow_orchestrator\mod.rs:1851: Phase 2 completed - hash unique phase="Hash Deduplication" duration_ms=3724 file_index=57 hash="f99ebdda5419d6a21d9f1f55c2142da2ff11803880f923bce08918d960410e0e"
2026-02-05T22:39:24.037652Z DEBUG tokio-runtime-worker ThreadId(23) wkmp_ai::services::workflow_orchestrator: wkmp-ai\src\services\workflow_orchestrator\mod.rs:1865: Phase 3: Metadata Extraction & Merging file="C:\\Users\\Mango Cat\\Music\\Alice In Chains/AliceInChainsGreatestHits.mp3" file_id=f7204740-f321-45e5-b65b-2b08dbba2f65
2026-02-05T22:39:24.037712Z DEBUG tokio-runtime-worker ThreadId(23) wkmp_ai::services::metadata_merger: wkmp-ai\src\services\metadata_merger.rs:76: Extracting and merging metadata file_id=f7204740-f321-45e5-b65b-2b08dbba2f65 path=C:\Users\Mango Cat\Music\Alice In Chains/AliceInChainsGreatestHits.mp3
2026-02-05T22:39:24.038081Z DEBUG tokio-runtime-worker ThreadId(23) wkmp_ai::services::metadata_extractor: wkmp-ai\src\services\metadata_extractor.rs:141: Extracted metadata file=C:\Users\Mango Cat\Music\Alice In Chains/AliceInChainsGreatestHits.mp3 artist=Some("Alice In Chains") title=None duration_s=2672.514 format=MP3
2026-02-05T22:39:24.038573Z DEBUG tokio-runtime-worker ThreadId(23) wkmp_ai::services::metadata_merger: wkmp-ai\src\services\metadata_merger.rs:161: Merged metadata updated file_id=f7204740-f321-45e5-b65b-2b08dbba2f65 artist=Some("Alice In Chains") title=None duration_ticks=75429035136
2026-02-05T22:39:24.038678Z  INFO tokio-runtime-worker ThreadId(23) wkmp_ai::services::workflow_orchestrator: wkmp-ai\src\services\workflow_orchestrator\mod.rs:1877: Phase 3 completed phase="Metadata Extraction" duration_ms=1
 file_index=57 successful=true has_title=false has_artist=true has_album=true
2026-02-05T22:39:24.039096Z  INFO tokio-runtime-worker ThreadId(23) wkmp_ai::matching::single_track: wkmp-ai\src\matching\single_track.rs:292: [F57] Single-track analysis (pre-decode) for "AliceInChainsGreatestHits.mp3":
2026-02-05T22:39:24.039232Z  INFO tokio-runtime-worker ThreadId(23) wkmp_ai::matching::single_track: wkmp-ai\src\matching\single_track.rs:305: [F57]     Filename pattern: +0.00 (no track number prefix)
2026-02-05T22:39:24.039308Z  INFO tokio-runtime-worker ThreadId(23) wkmp_ai::matching::single_track: wkmp-ai\src\matching\single_track.rs:312: [F57]     Directory files:  -0.50 (1 audio files in dir, threshold=4)
2026-02-05T22:39:24.039401Z  INFO tokio-runtime-worker ThreadId(23) wkmp_ai::matching::single_track: wkmp-ai\src\matching\single_track.rs:327: [F57]     ID3 track tag:    +0.00 (no track tag)
2026-02-05T22:39:24.039556Z  INFO tokio-runtime-worker ThreadId(23) wkmp_ai::matching::single_track: wkmp-ai\src\matching\single_track.rs:335: [F57]     Duration hint:    -0.30 (44.54 min, album threshold=20 min)
2026-02-05T22:39:24.039714Z  INFO tokio-runtime-worker ThreadId(23) wkmp_ai::matching::single_track: wkmp-ai\src\matching\single_track.rs:347: [F57]     PRE-DECODE TOTAL: -0.80 (Unlikely confidence)
2026-02-05T22:39:24.039999Z DEBUG tokio-runtime-worker ThreadId(23) wkmp_ai::services::workflow_orchestrator: wkmp-ai\src\services\workflow_orchestrator\mod.rs:1958: Not single-track (score < 2), continuing with album pipeline file="C:\\Users\\Mango Cat\\Music\\Alice In Chains/AliceInChainsGreatestHits.mp3" file_index=57 score=-0.8
2026-02-05T22:39:24.040183Z DEBUG tokio-runtime-worker ThreadId(23) wkmp_ai::services::workflow_orchestrator: wkmp-ai\src\services\workflow_orchestrator\mod.rs:1977: Phase 4: Decoding audio + Passage Segmentation file="C:\\Users\\Mango Cat\\Music\\Alice In Chains/AliceInChainsGreatestHits.mp3" file_id=f7204740-f321-45e5-b65b-2b08dbba2f65
2026-02-05T22:39:24.040346Z DEBUG tokio-runtime-worker ThreadId(23) wkmp_ai::services::workflow_orchestrator: wkmp-ai\src\services\workflow_orchestrator\mod.rs:1980: Decoding audio (first and only decode) file="C:\\Users\\Mango Cat\\Music\\Alice In Chains/AliceInChainsGreatestHits.mp3"
2026-02-05T22:39:24.114247Z DEBUG tokio-runtime-worker ThreadId(23) wkmp_ai::services::hash_deduplicator: wkmp-ai\src\services\hash_deduplicator.rs:93: Calculated hash path=C:\Users\Mango Cat\Music\38 Special/Anthology.mp3 hash_len=64
2026-02-05T22:39:24.115558Z DEBUG tokio-runtime-worker ThreadId(23) wkmp_ai::services::hash_deduplicator: wkmp-ai\src\services\hash_deduplicator.rs:155: Updated file hash file_id=4b6f8417-fe03-4dc3-9bea-ec6596c6156c hash=7115de279d133479112f807dcd14f17518b984aa3bfbc84f5e1a43ccf75da6b4
2026-02-05T22:39:24.115988Z DEBUG tokio-runtime-worker ThreadId(23) wkmp_ai::services::hash_deduplicator: wkmp-ai\src\services\hash_deduplicator.rs:111: Checking for duplicate hash hash=7115de279d133479112f807dcd14f17518b984aa3bfbc84f5e1a43ccf75da6b4 file_id=4b6f8417-fe03-4dc3-9bea-ec6596c6156c
2026-02-05T22:39:24.116808Z DEBUG tokio-runtime-worker ThreadId(23) wkmp_ai::services::hash_deduplicator: wkmp-ai\src\services\hash_deduplicator.rs:123: No duplicate hash found hash=7115de279d133479112f807dcd14f17518b984aa3bfbc84f5e1a43ccf75da6b4
2026-02-05T22:39:24.116970Z  INFO tokio-runtime-worker ThreadId(23) wkmp_ai::services::workflow_orchestrator: wkmp-ai\src\services\workflow_orchestrator\mod.rs:1851: Phase 2 completed - hash unique phase="Hash Deduplication" duration_ms=3975 file_index=14 hash="7115de279d133479112f807dcd14f17518b984aa3bfbc84f5e1a43ccf75da6b4"
2026-02-05T22:39:24.117161Z DEBUG tokio-runtime-worker ThreadId(23) wkmp_ai::services::workflow_orchestrator: wkmp-ai\src\services\workflow_orchestrator\mod.rs:1865: Phase 3: Metadata Extraction & Merging file="C:\\Users\\Mango Cat\\Music\\38 Special/Anthology.mp3" file_id=4b6f8417-fe03-4dc3-9bea-ec6596c6156c
2026-02-05T22:39:24.117304Z DEBUG tokio-runtime-worker ThreadId(23) wkmp_ai::services::metadata_merger: wkmp-ai\src\services\metadata_merger.rs:76: Extracting and merging metadata file_id=4b6f8417-fe03-4dc3-9bea-ec6596c6156c path=C:\Users\Mango Cat\Music\38 Special/Anthology.mp3
2026-02-05T22:39:24.117653Z DEBUG tokio-runtime-worker ThreadId(23) wkmp_ai::services::metadata_extractor: wkmp-ai\src\services\metadata_extractor.rs:141: Extracted metadata file=C:\Users\Mango Cat\Music\38 Special/Anthology.mp3 artist=Some("38 Special") title=None duration_s=9026.03 format=MP3
2026-02-05T22:39:24.118246Z DEBUG tokio-runtime-worker ThreadId(23) wkmp_ai::services::metadata_merger: wkmp-ai\src\services\metadata_merger.rs:161: Merged metadata updated file_id=4b6f8417-fe03-4dc3-9bea-ec6596c6156c artist=Some("38 Special") title=None duration_ticks=254750670720
2026-02-05T22:39:24.118371Z  INFO tokio-runtime-worker ThreadId(23) wkmp_ai::services::workflow_orchestrator: wkmp-ai\src\services\workflow_orchestrator\mod.rs:1877: Phase 3 completed phase="Metadata Extraction" duration_ms=1
 file_index=14 successful=true has_title=false has_artist=true has_album=true
2026-02-05T22:39:24.118766Z  INFO tokio-runtime-worker ThreadId(23) wkmp_ai::matching::single_track: wkmp-ai\src\matching\single_track.rs:292: [F14] Single-track analysis (pre-decode) for "Anthology.mp3":
2026-02-05T22:39:24.118959Z  INFO tokio-runtime-worker ThreadId(23) wkmp_ai::matching::single_track: wkmp-ai\src\matching\single_track.rs:305: [F14]     Filename pattern: +0.00 (no track number prefix)
2026-02-05T22:39:24.119159Z  INFO tokio-runtime-worker ThreadId(23) wkmp_ai::matching::single_track: wkmp-ai\src\matching\single_track.rs:312: [F14]     Directory files:  -0.50 (1 audio files in dir, threshold=4)
2026-02-05T22:39:24.119381Z  INFO tokio-runtime-worker ThreadId(23) wkmp_ai::matching::single_track: wkmp-ai\src\matching\single_track.rs:327: [F14]     ID3 track tag:    +0.00 (no track tag)
2026-02-05T22:39:24.119515Z  INFO tokio-runtime-worker ThreadId(23) wkmp_ai::matching::single_track: wkmp-ai\src\matching\single_track.rs:335: [F14]     Duration hint:    -0.30 (150.43 min, album threshold=20 min)
2026-02-05T22:39:24.119644Z  INFO tokio-runtime-worker ThreadId(23) wkmp_ai::matching::single_track: wkmp-ai\src\matching\single_track.rs:347: [F14]     PRE-DECODE TOTAL: -0.80 (Unlikely confidence)
2026-02-05T22:39:24.119775Z DEBUG tokio-runtime-worker ThreadId(23) wkmp_ai::services::workflow_orchestrator: wkmp-ai\src\services\workflow_orchestrator\mod.rs:1958: Not single-track (score < 2), continuing with album pipeline file="C:\\Users\\Mango Cat\\Music\\38 Special/Anthology.mp3" file_index=14 score=-0.8
2026-02-05T22:39:24.119934Z DEBUG tokio-runtime-worker ThreadId(23) wkmp_ai::services::workflow_orchestrator: wkmp-ai\src\services\workflow_orchestrator\mod.rs:1977: Phase 4: Decoding audio + Passage Segmentation file="C:\\Users\\Mango Cat\\Music\\38 Special/Anthology.mp3" file_id=4b6f8417-fe03-4dc3-9bea-ec6596c6156c
2026-02-05T22:39:24.120025Z DEBUG tokio-runtime-worker ThreadId(23) wkmp_ai::services::workflow_orchestrator: wkmp-ai\src\services\workflow_orchestrator\mod.rs:1980: Decoding audio (first and only decode) file="C:\\Users\\Mango Cat\\Music\\38 Special/Anthology.mp3"
2026-02-05T22:39:26.762296Z DEBUG tokio-runtime-worker ThreadId(23) wkmp_ai::services::hash_deduplicator: wkmp-ai\src\services\hash_deduplicator.rs:93: Calculated hash path=C:\Users\Mango Cat\Music\Allman Brothers/AtFillmoreEast.mp3 hash_len=64
2026-02-05T22:39:26.763148Z DEBUG tokio-runtime-worker ThreadId(23) wkmp_ai::services::hash_deduplicator: wkmp-ai\src\services\hash_deduplicator.rs:155: Updated file hash file_id=832ed86e-2a94-450e-9900-09837e2c9bb1 hash=f47e2ba65c1af5380a15d60e5aa3d1c161a89e62d2546cf22c11a3a61a9c2fb9
2026-02-05T22:39:26.763514Z DEBUG tokio-runtime-worker ThreadId(23) wkmp_ai::services::hash_deduplicator: wkmp-ai\src\services\hash_deduplicator.rs:111: Checking for duplicate hash hash=f47e2ba65c1af5380a15d60e5aa3d1c161a89e62d2546cf22c11a3a61a9c2fb9 file_id=832ed86e-2a94-450e-9900-09837e2c9bb1
2026-02-05T22:39:26.763844Z DEBUG tokio-runtime-worker ThreadId(23) wkmp_ai::services::hash_deduplicator: wkmp-ai\src\services\hash_deduplicator.rs:123: No duplicate hash found hash=f47e2ba65c1af5380a15d60e5aa3d1c161a89e62d2546cf22c11a3a61a9c2fb9
2026-02-05T22:39:26.763959Z  INFO tokio-runtime-worker ThreadId(23) wkmp_ai::services::workflow_orchestrator: wkmp-ai\src\services\workflow_orchestrator\mod.rs:1851: Phase 2 completed - hash unique phase="Hash Deduplication" duration_ms=6449 file_index=58 hash="f47e2ba65c1af5380a15d60e5aa3d1c161a89e62d2546cf22c11a3a61a9c2fb9"
2026-02-05T22:39:26.764082Z DEBUG tokio-runtime-worker ThreadId(23) wkmp_ai::services::workflow_orchestrator: wkmp-ai\src\services\workflow_orchestrator\mod.rs:1865: Phase 3: Metadata Extraction & Merging file="C:\\Users\\Mango Cat\\Music\\Allman Brothers/AtFillmoreEast.mp3" file_id=832ed86e-2a94-450e-9900-09837e2c9bb1
2026-02-05T22:39:26.764161Z DEBUG tokio-runtime-worker ThreadId(23) wkmp_ai::services::metadata_merger: wkmp-ai\src\services\metadata_merger.rs:76: Extracting and merging metadata file_id=832ed86e-2a94-450e-9900-09837e2c9bb1 path=C:\Users\Mango Cat\Music\Allman Brothers/AtFillmoreEast.mp3
2026-02-05T22:39:26.764432Z DEBUG tokio-runtime-worker ThreadId(23) wkmp_ai::services::metadata_extractor: wkmp-ai\src\services\metadata_extractor.rs:141: Extracted metadata file=C:\Users\Mango Cat\Music\Allman Brothers/AtFillmoreEast.mp3 artist=Some("The Allman Brothers") title=None duration_s=7986.498 format=MP3
2026-02-05T22:39:26.764982Z DEBUG tokio-runtime-worker ThreadId(23) wkmp_ai::services::metadata_merger: wkmp-ai\src\services\metadata_merger.rs:161: Merged metadata updated file_id=832ed86e-2a94-450e-9900-09837e2c9bb1 artist=Some("The Allman Brothers") title=None duration_ticks=225410919552
2026-02-05T22:39:26.765085Z  INFO tokio-runtime-worker ThreadId(23) wkmp_ai::services::workflow_orchestrator: wkmp-ai\src\services\workflow_orchestrator\mod.rs:1877: Phase 3 completed phase="Metadata Extraction" duration_ms=1
 file_index=58 successful=true has_title=false has_artist=true has_album=true
2026-02-05T22:39:26.765385Z  INFO tokio-runtime-worker ThreadId(23) wkmp_ai::matching::single_track: wkmp-ai\src\matching\single_track.rs:292: [F58] Single-track analysis (pre-decode) for "AtFillmoreEast.mp3":
2026-02-05T22:39:26.765547Z  INFO tokio-runtime-worker ThreadId(23) wkmp_ai::matching::single_track: wkmp-ai\src\matching\single_track.rs:305: [F58]     Filename pattern: +0.00 (no track number prefix)
2026-02-05T22:39:26.765635Z  INFO tokio-runtime-worker ThreadId(23) wkmp_ai::matching::single_track: wkmp-ai\src\matching\single_track.rs:312: [F58]     Directory files:  +0.30 (2 audio files in dir, threshold=4)
2026-02-05T22:39:26.765676Z  INFO tokio-runtime-worker ThreadId(23) wkmp_ai::matching::single_track: wkmp-ai\src\matching\single_track.rs:327: [F58]     ID3 track tag:    +0.00 (no track tag)
2026-02-05T22:39:26.765715Z  INFO tokio-runtime-worker ThreadId(23) wkmp_ai::matching::single_track: wkmp-ai\src\matching\single_track.rs:335: [F58]     Duration hint:    -0.30 (133.11 min, album threshold=20 min)
2026-02-05T22:39:26.765808Z  INFO tokio-runtime-worker ThreadId(23) wkmp_ai::matching::single_track: wkmp-ai\src\matching\single_track.rs:347: [F58]     PRE-DECODE TOTAL: 0.00 (Unlikely confidence)
2026-02-05T22:39:26.765873Z DEBUG tokio-runtime-worker ThreadId(23) wkmp_ai::services::workflow_orchestrator: wkmp-ai\src\services\workflow_orchestrator\mod.rs:1958: Not single-track (score < 2), continuing with album pipeline file="C:\\Users\\Mango Cat\\Music\\Allman Brothers/AtFillmoreEast.mp3" file_index=58 score=0.0
2026-02-05T22:39:26.765964Z DEBUG tokio-runtime-worker ThreadId(23) wkmp_ai::services::workflow_orchestrator: wkmp-ai\src\services\workflow_orchestrator\mod.rs:1977: Phase 4: Decoding audio + Passage Segmentation file="C:\\Users\\Mango Cat\\Music\\Allman Brothers/AtFillmoreEast.mp3" file_id=832ed86e-2a94-450e-9900-09837e2c9bb1
2026-02-05T22:39:26.766036Z DEBUG tokio-runtime-worker ThreadId(23) wkmp_ai::services::workflow_orchestrator: wkmp-ai\src\services\workflow_orchestrator\mod.rs:1980: Decoding audio (first and only decode) file="C:\\Users\\Mango Cat\\Music\\Allman Brothers/AtFillmoreEast.mp3"
2026-02-05T22:39:27.129582Z DEBUG tokio-runtime-worker ThreadId(23) wkmp_ai::services::hash_deduplicator: wkmp-ai\src\services\hash_deduplicator.rs:93: Calculated hash path=C:\Users\Mango Cat\Music\Allman Brothers/EatAPeach.mp3 hash_len=64
2026-02-05T22:39:27.130565Z DEBUG tokio-runtime-worker ThreadId(23) wkmp_ai::services::hash_deduplicator: wkmp-ai\src\services\hash_deduplicator.rs:155: Updated file hash file_id=f5eb96cf-f264-459d-881c-a84a08a40d73 hash=b82ca68684051aa49060774fe3a6bbbc83c2400bbb329666e3ceee898fdd9c2a
2026-02-05T22:39:27.130908Z DEBUG tokio-runtime-worker ThreadId(23) wkmp_ai::services::hash_deduplicator: wkmp-ai\src\services\hash_deduplicator.rs:111: Checking for duplicate hash hash=b82ca68684051aa49060774fe3a6bbbc83c2400bbb329666e3ceee898fdd9c2a file_id=f5eb96cf-f264-459d-881c-a84a08a40d73
2026-02-05T22:39:27.131336Z DEBUG tokio-runtime-worker ThreadId(23) wkmp_ai::services::hash_deduplicator: wkmp-ai\src\services\hash_deduplicator.rs:123: No duplicate hash found hash=b82ca68684051aa49060774fe3a6bbbc83c2400bbb329666e3ceee898fdd9c2a
2026-02-05T22:39:27.131451Z  INFO tokio-runtime-worker ThreadId(23) wkmp_ai::services::workflow_orchestrator: wkmp-ai\src\services\workflow_orchestrator\mod.rs:1851: Phase 2 completed - hash unique phase="Hash Deduplication" duration_ms=6816 file_index=59 hash="b82ca68684051aa49060774fe3a6bbbc83c2400bbb329666e3ceee898fdd9c2a"
2026-02-05T22:39:27.131541Z DEBUG tokio-runtime-worker ThreadId(23) wkmp_ai::services::workflow_orchestrator: wkmp-ai\src\services\workflow_orchestrator\mod.rs:1865: Phase 3: Metadata Extraction & Merging file="C:\\Users\\Mango Cat\\Music\\Allman Brothers/EatAPeach.mp3" file_id=f5eb96cf-f264-459d-881c-a84a08a40d73
2026-02-05T22:39:27.131637Z DEBUG tokio-runtime-worker ThreadId(23) wkmp_ai::services::metadata_merger: wkmp-ai\src\services\metadata_merger.rs:76: Extracting and merging metadata file_id=f5eb96cf-f264-459d-881c-a84a08a40d73 path=C:\Users\Mango Cat\Music\Allman Brothers/EatAPeach.mp3
2026-02-05T22:39:27.131912Z DEBUG tokio-runtime-worker ThreadId(23) wkmp_ai::services::metadata_extractor: wkmp-ai\src\services\metadata_extractor.rs:141: Extracted metadata file=C:\Users\Mango Cat\Music\Allman Brothers/EatAPeach.mp3 artist=Some("Allman Brothers") title=None duration_s=8713.77 format=MP3
2026-02-05T22:39:27.132442Z DEBUG tokio-runtime-worker ThreadId(23) wkmp_ai::services::metadata_merger: wkmp-ai\src\services\metadata_merger.rs:161: Merged metadata updated file_id=f5eb96cf-f264-459d-881c-a84a08a40d73 artist=Some("Allman Brothers") title=None duration_ticks=245937444480
2026-02-05T22:39:27.132543Z  INFO tokio-runtime-worker ThreadId(23) wkmp_ai::services::workflow_orchestrator: wkmp-ai\src\services\workflow_orchestrator\mod.rs:1877: Phase 3 completed phase="Metadata Extraction" duration_ms=1
 file_index=59 successful=true has_title=false has_artist=true has_album=true
2026-02-05T22:39:27.132832Z  INFO tokio-runtime-worker ThreadId(23) wkmp_ai::matching::single_track: wkmp-ai\src\matching\single_track.rs:292: [F59] Single-track analysis (pre-decode) for "EatAPeach.mp3":
2026-02-05T22:39:27.132904Z  INFO tokio-runtime-worker ThreadId(23) wkmp_ai::matching::single_track: wkmp-ai\src\matching\single_track.rs:305: [F59]     Filename pattern: +0.00 (no track number prefix)
2026-02-05T22:39:27.132970Z  INFO tokio-runtime-worker ThreadId(23) wkmp_ai::matching::single_track: wkmp-ai\src\matching\single_track.rs:312: [F59]     Directory files:  +0.30 (2 audio files in dir, threshold=4)
2026-02-05T22:39:27.133029Z  INFO tokio-runtime-worker ThreadId(23) wkmp_ai::matching::single_track: wkmp-ai\src\matching\single_track.rs:327: [F59]     ID3 track tag:    +0.00 (no track tag)
2026-02-05T22:39:27.133086Z  INFO tokio-runtime-worker ThreadId(23) wkmp_ai::matching::single_track: wkmp-ai\src\matching\single_track.rs:335: [F59]     Duration hint:    -0.30 (145.23 min, album threshold=20 min)
2026-02-05T22:39:27.133144Z  INFO tokio-runtime-worker ThreadId(23) wkmp_ai::matching::single_track: wkmp-ai\src\matching\single_track.rs:347: [F59]     PRE-DECODE TOTAL: 0.00 (Unlikely confidence)
2026-02-05T22:39:27.133200Z DEBUG tokio-runtime-worker ThreadId(23) wkmp_ai::services::workflow_orchestrator: wkmp-ai\src\services\workflow_orchestrator\mod.rs:1958: Not single-track (score < 2), continuing with album pipeline file="C:\\Users\\Mango Cat\\Music\\Allman Brothers/EatAPeach.mp3" file_index=59 score=0.0
2026-02-05T22:39:27.133284Z DEBUG tokio-runtime-worker ThreadId(23) wkmp_ai::services::workflow_orchestrator: wkmp-ai\src\services\workflow_orchestrator\mod.rs:1977: Phase 4: Decoding audio + Passage Segmentation file="C:\\Users\\Mango Cat\\Music\\Allman Brothers/EatAPeach.mp3" file_id=f5eb96cf-f264-459d-881c-a84a08a40d73
2026-02-05T22:39:27.133366Z DEBUG tokio-runtime-worker ThreadId(23) wkmp_ai::services::workflow_orchestrator: wkmp-ai\src\services\workflow_orchestrator\mod.rs:1980: Decoding audio (first and only decode) file="C:\\Users\\Mango Cat\\Music\\Allman Brothers/EatAPeach.mp3"
2026-02-05T22:39:27.195994Z DEBUG tokio-runtime-worker ThreadId(23) wkmp_ai::services::hash_deduplicator: wkmp-ai\src\services\hash_deduplicator.rs:93: Calculated hash path=C:\Users\Mango Cat\Music\America/History America’s Greatest Hits/08 - Tin Man.mp3 hash_len=64
2026-02-05T22:39:27.197233Z DEBUG tokio-runtime-worker ThreadId(23) wkmp_ai::services::hash_deduplicator: wkmp-ai\src\services\hash_deduplicator.rs:155: Updated file hash file_id=edf05a54-18cb-4788-a7fe-85bd45405beb hash=7716bd8d0e3eefd67dd28281f219cc49a0cc6bd530a9cec2d2501dfed1ed22ef
2026-02-05T22:39:27.197672Z DEBUG tokio-runtime-worker ThreadId(23) wkmp_ai::services::hash_deduplicator: wkmp-ai\src\services\hash_deduplicator.rs:111: Checking for duplicate hash hash=7716bd8d0e3eefd67dd28281f219cc49a0cc6bd530a9cec2d2501dfed1ed22ef file_id=edf05a54-18cb-4788-a7fe-85bd45405beb
2026-02-05T22:39:27.198460Z DEBUG tokio-runtime-worker ThreadId(23) wkmp_ai::services::hash_deduplicator: wkmp-ai\src\services\hash_deduplicator.rs:123: No duplicate hash found hash=7716bd8d0e3eefd67dd28281f219cc49a0cc6bd530a9cec2d2501dfed1ed22ef
2026-02-05T22:39:27.198623Z  INFO tokio-runtime-worker ThreadId(23) wkmp_ai::services::workflow_orchestrator: wkmp-ai\src\services\workflow_orchestrator\mod.rs:1851: Phase 2 completed - hash unique phase="Hash Deduplication" duration_ms=6864 file_index=68 hash="7716bd8d0e3eefd67dd28281f219cc49a0cc6bd530a9cec2d2501dfed1ed22ef"
2026-02-05T22:39:27.198824Z DEBUG tokio-runtime-worker ThreadId(23) wkmp_ai::services::workflow_orchestrator: wkmp-ai\src\services\workflow_orchestrator\mod.rs:1865: Phase 3: Metadata Extraction & Merging file="C:\\Users\\Mango Cat\\Music\\America/History\u{f03a} America’s Greatest Hits/08 - Tin Man.mp3" file_id=edf05a54-18cb-4788-a7fe-85bd45405beb
2026-02-05T22:39:27.198972Z DEBUG tokio-runtime-worker ThreadId(23) wkmp_ai::services::metadata_merger: wkmp-ai\src\services\metadata_merger.rs:76: Extracting and merging metadata file_id=edf05a54-18cb-4788-a7fe-85bd45405beb path=C:\Users\Mango Cat\Music\America/History America’s Greatest Hits/08 - Tin Man.mp3
2026-02-05T22:39:27.199798Z DEBUG tokio-runtime-worker ThreadId(23) wkmp_ai::services::metadata_extractor: wkmp-ai\src\services\metadata_extractor.rs:141: Extracted metadata file=C:\Users\Mango Cat\Music\America/History America’s Greatest Hits/08 - Tin Man.mp3 artist=Some("America") title=Some("Tin Man") duration_s=151.477 format=MP3
2026-02-05T22:39:27.200377Z DEBUG tokio-runtime-worker ThreadId(23) wkmp_ai::services::metadata_merger: wkmp-ai\src\services\metadata_merger.rs:161: Merged metadata updated file_id=edf05a54-18cb-4788-a7fe-85bd45405beb artist=Some("America") title=Some("Tin Man") duration_ticks=4275286848
2026-02-05T22:39:27.200530Z  INFO tokio-runtime-worker ThreadId(23) wkmp_ai::services::workflow_orchestrator: wkmp-ai\src\services\workflow_orchestrator\mod.rs:1877: Phase 3 completed phase="Metadata Extraction" duration_ms=1
 file_index=68 successful=true has_title=true has_artist=true has_album=true
2026-02-05T22:39:27.201435Z  INFO tokio-runtime-worker ThreadId(23) wkmp_ai::matching::single_track: wkmp-ai\src\matching\single_track.rs:292: [F68] Single-track analysis (pre-decode) for "08 - Tin Man.mp3":
2026-02-05T22:39:27.201539Z  INFO tokio-runtime-worker ThreadId(23) wkmp_ai::matching::single_track: wkmp-ai\src\matching\single_track.rs:300: [F68]     Filename pattern: +1.00 (matched "08 - ")
2026-02-05T22:39:27.201585Z  INFO tokio-runtime-worker ThreadId(23) wkmp_ai::matching::single_track: wkmp-ai\src\matching\single_track.rs:312: [F68]     Directory files:  +0.80 (12 audio files in dir, threshold=4)
2026-02-05T22:39:27.201666Z  INFO tokio-runtime-worker ThreadId(23) wkmp_ai::matching::single_track: wkmp-ai\src\matching\single_track.rs:322: [F68]     ID3 track tag:    +1.00 (track 8/12)
2026-02-05T22:39:27.201743Z  INFO tokio-runtime-worker ThreadId(23) wkmp_ai::matching::single_track: wkmp-ai\src\matching\single_track.rs:335: [F68]     Duration hint:    +0.70 (2.52 min, album threshold=20 min)
2026-02-05T22:39:27.201808Z  INFO tokio-runtime-worker ThreadId(23) wkmp_ai::matching::single_track: wkmp-ai\src\matching\single_track.rs:347: [F68]     PRE-DECODE TOTAL: 3.50 (High confidence - LIKELY SINGLE TRACK)
2026-02-05T22:39:27.201873Z  INFO tokio-runtime-worker ThreadId(23) wkmp_ai::services::workflow_orchestrator: wkmp-ai\src\services\workflow_orchestrator\mod.rs:1915: Single-track detected (score >= 2), switching to single-song resolution path file="C:\\Users\\Mango Cat\\Music\\America/History\u{f03a} America’s Greatest Hits/08 - Tin Man.mp3" file_index=68 score=3.5
2026-02-05T22:39:27.243484Z DEBUG tokio-runtime-worker ThreadId(23) wkmp_ai::services::hash_deduplicator: wkmp-ai\src\services\hash_deduplicator.rs:93: Calculated hash path=C:\Users\Mango Cat\Music\America/History America’s Greatest Hits/09 - Lonely People.mp3 hash_len=64
2026-02-05T22:39:27.244160Z DEBUG tokio-runtime-worker ThreadId(23) wkmp_ai::services::hash_deduplicator: wkmp-ai\src\services\hash_deduplicator.rs:155: Updated file hash file_id=25fd2df3-3cf6-443c-ba48-31f4c9ca076c hash=507212631eec952bea5f5f5a1f2c9aa1939cc5afbc2c25da58459d1487b3e088
2026-02-05T22:39:27.244321Z DEBUG tokio-runtime-worker ThreadId(23) wkmp_ai::services::hash_deduplicator: wkmp-ai\src\services\hash_deduplicator.rs:111: Checking for duplicate hash hash=507212631eec952bea5f5f5a1f2c9aa1939cc5afbc2c25da58459d1487b3e088 file_id=25fd2df3-3cf6-443c-ba48-31f4c9ca076c
2026-02-05T22:39:27.244658Z DEBUG tokio-runtime-worker ThreadId(23) wkmp_ai::services::hash_deduplicator: wkmp-ai\src\services\hash_deduplicator.rs:123: No duplicate hash found hash=507212631eec952bea5f5f5a1f2c9aa1939cc5afbc2c25da58459d1487b3e088
2026-02-05T22:39:27.244793Z  INFO tokio-runtime-worker ThreadId(23) wkmp_ai::services::workflow_orchestrator: wkmp-ai\src\services\workflow_orchestrator\mod.rs:1851: Phase 2 completed - hash unique phase="Hash Deduplication" duration_ms=6897 file_index=69 hash="507212631eec952bea5f5f5a1f2c9aa1939cc5afbc2c25da58459d1487b3e088"
2026-02-05T22:39:27.244958Z DEBUG tokio-runtime-worker ThreadId(23) wkmp_ai::services::workflow_orchestrator: wkmp-ai\src\services\workflow_orchestrator\mod.rs:1865: Phase 3: Metadata Extraction & Merging file="C:\\Users\\Mango Cat\\Music\\America/History\u{f03a} America’s Greatest Hits/09 - Lonely People.mp3" file_id=25fd2df3-3cf6-443c-ba48-31f4c9ca076c
2026-02-05T22:39:27.245103Z DEBUG tokio-runtime-worker ThreadId(23) wkmp_ai::services::metadata_merger: wkmp-ai\src\services\metadata_merger.rs:76: Extracting and merging metadata file_id=25fd2df3-3cf6-443c-ba48-31f4c9ca076c path=C:\Users\Mango Cat\Music\America/History America’s Greatest Hits/09 - Lonely People.mp3
2026-02-05T22:39:27.245844Z DEBUG tokio-runtime-worker ThreadId(23) wkmp_ai::services::metadata_extractor: wkmp-ai\src\services\metadata_extractor.rs:141: Extracted metadata file=C:\Users\Mango Cat\Music\America/History America’s Greatest Hits/09 - Lonely People.mp3 artist=Some("America") title=Some("Lonely People") duration_s=144.064 format=MP3
2026-02-05T22:39:27.246419Z DEBUG tokio-runtime-worker ThreadId(23) wkmp_ai::services::metadata_merger: wkmp-ai\src\services\metadata_merger.rs:161: Merged metadata updated file_id=25fd2df3-3cf6-443c-ba48-31f4c9ca076c artist=Some("America") title=Some("Lonely People") duration_ticks=4066062336
2026-02-05T22:39:27.246580Z  INFO tokio-runtime-worker ThreadId(23) wkmp_ai::services::workflow_orchestrator: wkmp-ai\src\services\workflow_orchestrator\mod.rs:1877: Phase 3 completed phase="Metadata Extraction" duration_ms=1
 file_index=69 successful=true has_title=true has_artist=true has_album=true
2026-02-05T22:39:27.247366Z  INFO tokio-runtime-worker ThreadId(23) wkmp_ai::matching::single_track: wkmp-ai\src\matching\single_track.rs:292: [F69] Single-track analysis (pre-decode) for "09 - Lonely People.mp3":
2026-02-05T22:39:27.247499Z  INFO tokio-runtime-worker ThreadId(23) wkmp_ai::matching::single_track: wkmp-ai\src\matching\single_track.rs:300: [F69]     Filename pattern: +1.00 (matched "09 - ")
2026-02-05T22:39:27.247634Z  INFO tokio-runtime-worker ThreadId(23) wkmp_ai::matching::single_track: wkmp-ai\src\matching\single_track.rs:312: [F69]     Directory files:  +0.80 (12 audio files in dir, threshold=4)
2026-02-05T22:39:27.247763Z  INFO tokio-runtime-worker ThreadId(23) wkmp_ai::matching::single_track: wkmp-ai\src\matching\single_track.rs:322: [F69]     ID3 track tag:    +1.00 (track 9/12)
2026-02-05T22:39:27.247889Z  INFO tokio-runtime-worker ThreadId(23) wkmp_ai::matching::single_track: wkmp-ai\src\matching\single_track.rs:335: [F69]     Duration hint:    +0.70 (2.40 min, album threshold=20 min)
2026-02-05T22:39:27.248017Z  INFO tokio-runtime-worker ThreadId(23) wkmp_ai::matching::single_track: wkmp-ai\src\matching\single_track.rs:347: [F69]     PRE-DECODE TOTAL: 3.50 (High confidence - LIKELY SINGLE TRACK)
2026-02-05T22:39:27.248151Z  INFO tokio-runtime-worker ThreadId(23) wkmp_ai::services::workflow_orchestrator: wkmp-ai\src\services\workflow_orchestrator\mod.rs:1915: Single-track detected (score >= 2), switching to single-song resolution path file="C:\\Users\\Mango Cat\\Music\\America/History\u{f03a} America’s Greatest Hits/09 - Lonely People.mp3" file_index=69 score=3.5
2026-02-05T22:39:27.277981Z DEBUG tokio-runtime-worker ThreadId(23) wkmp_ai::services::hash_deduplicator: wkmp-ai\src\services\hash_deduplicator.rs:93: Calculated hash path=C:\Users\Mango Cat\Music\Aretha Franklin/The Atlantic Singles Collection 1967–1970/211 - Spirit in the Dark.mp3 hash_len=64
2026-02-05T22:39:27.278546Z DEBUG tokio-runtime-worker ThreadId(23) wkmp_ai::services::hash_deduplicator: wkmp-ai\src\services\hash_deduplicator.rs:155: Updated file hash file_id=f91631f3-4a14-43ae-9b39-b07aaca1727f hash=19bcc943dba002ca6c1670b08b7340ee9209fb96af2bf4935fbd9eae93d6badc
2026-02-05T22:39:27.278704Z DEBUG tokio-runtime-worker ThreadId(23) wkmp_ai::services::hash_deduplicator: wkmp-ai\src\services\hash_deduplicator.rs:111: Checking for duplicate hash hash=19bcc943dba002ca6c1670b08b7340ee9209fb96af2bf4935fbd9eae93d6badc file_id=f91631f3-4a14-43ae-9b39-b07aaca1727f
2026-02-05T22:39:27.279066Z DEBUG tokio-runtime-worker ThreadId(23) wkmp_ai::services::hash_deduplicator: wkmp-ai\src\services\hash_deduplicator.rs:123: No duplicate hash found hash=19bcc943dba002ca6c1670b08b7340ee9209fb96af2bf4935fbd9eae93d6badc
2026-02-05T22:39:27.279427Z  INFO tokio-runtime-worker ThreadId(23) wkmp_ai::services::workflow_orchestrator: wkmp-ai\src\services\workflow_orchestrator\mod.rs:1851: Phase 2 completed - hash unique phase="Hash Deduplication" duration_ms=6495 file_index=139 hash="19bcc943dba002ca6c1670b08b7340ee9209fb96af2bf4935fbd9eae93d6badc"
2026-02-05T22:39:27.279577Z DEBUG tokio-runtime-worker ThreadId(23) wkmp_ai::services::workflow_orchestrator: wkmp-ai\src\services\workflow_orchestrator\mod.rs:1865: Phase 3: Metadata Extraction & Merging file="C:\\Users\\Mango Cat\\Music\\Aretha Franklin/The Atlantic Singles Collection 1967–1970/211 - Spirit in the Dark.mp3" file_id=f91631f3-4a14-43ae-9b39-b07aaca1727f
2026-02-05T22:39:27.279650Z DEBUG tokio-runtime-worker ThreadId(23) wkmp_ai::services::metadata_merger: wkmp-ai\src\services\metadata_merger.rs:76: Extracting and merging metadata file_id=f91631f3-4a14-43ae-9b39-b07aaca1727f path=C:\Users\Mango Cat\Music\Aretha Franklin/The Atlantic Singles Collection 1967–1970/211 - Spirit in the Dark.mp3
2026-02-05T22:39:27.280440Z DEBUG tokio-runtime-worker ThreadId(23) wkmp_ai::services::metadata_extractor: wkmp-ai\src\services\metadata_extractor.rs:141: Extracted metadata file=C:\Users\Mango Cat\Music\Aretha Franklin/The Atlantic Singles Collection 1967–1970/211 - Spirit in the Dark.mp3 artist=Some("Aretha Franklin with The Dixie Flyers") title=Some("Spirit in the Dark") duration_s=99.118 format=MP3
2026-02-05T22:39:27.281647Z DEBUG tokio-runtime-worker ThreadId(23) wkmp_ai::services::metadata_merger: wkmp-ai\src\services\metadata_merger.rs:161: Merged metadata updated file_id=f91631f3-4a14-43ae-9b39-b07aaca1727f artist=Some("Aretha Franklin with The Dixie Flyers") title=Some("Spirit in the Dark") duration_ticks=2797506432
2026-02-05T22:39:27.281789Z  INFO tokio-runtime-worker ThreadId(23) wkmp_ai::services::workflow_orchestrator: wkmp-ai\src\services\workflow_orchestrator\mod.rs:1877: Phase 3 completed phase="Metadata Extraction" duration_ms=2
 file_index=139 successful=true has_title=true has_artist=true has_album=true
2026-02-05T22:39:27.282703Z  INFO tokio-runtime-worker ThreadId(23) wkmp_ai::matching::single_track: wkmp-ai\src\matching\single_track.rs:292: [F139] Single-track analysis (pre-decode) for "211 - Spirit in the Dark.mp3":
2026-02-05T22:39:27.282822Z  INFO tokio-runtime-worker ThreadId(23) wkmp_ai::matching::single_track: wkmp-ai\src\matching\single_track.rs:305: [F139]     Filename pattern: +0.00 (no track number prefix)
2026-02-05T22:39:27.282920Z  INFO tokio-runtime-worker ThreadId(23) wkmp_ai::matching::single_track: wkmp-ai\src\matching\single_track.rs:312: [F139]     Directory files:  +0.80 (34 audio files in dir, threshold=4)
2026-02-05T22:39:27.282999Z  INFO tokio-runtime-worker ThreadId(23) wkmp_ai::matching::single_track: wkmp-ai\src\matching\single_track.rs:322: [F139]     ID3 track tag:    +1.00 (track 11/16)
2026-02-05T22:39:27.283109Z  INFO tokio-runtime-worker ThreadId(23) wkmp_ai::matching::single_track: wkmp-ai\src\matching\single_track.rs:335: [F139]     Duration hint:    +0.70 (1.65 min, album threshold=20 min)
2026-02-05T22:39:27.283197Z  INFO tokio-runtime-worker ThreadId(23) wkmp_ai::matching::single_track: wkmp-ai\src\matching\single_track.rs:347: [F139]     PRE-DECODE TOTAL: 2.50 (High confidence - LIKELY SINGLE TRACK)
2026-02-05T22:39:27.283299Z  INFO tokio-runtime-worker ThreadId(23) wkmp_ai::services::workflow_orchestrator: wkmp-ai\src\services\workflow_orchestrator\mod.rs:1915: Single-track detected (score >= 2), switching to single-song resolution path file="C:\\Users\\Mango Cat\\Music\\Aretha Franklin/The Atlantic Singles Collection 1967–1970/211 - Spirit in the Dark.mp3" file_index=139 score=2.5
2026-02-05T22:39:28.027948Z DEBUG tokio-runtime-worker ThreadId(23) wkmp_ai::services::hash_deduplicator: wkmp-ai\src\services\hash_deduplicator.rs:93: Calculated hash path=C:\Users\Mango Cat\Music\Ambrosia/TheEssentialsAmbrosia.mp3 hash_len=64
2026-02-05T22:39:28.029004Z DEBUG tokio-runtime-worker ThreadId(23) wkmp_ai::services::hash_deduplicator: wkmp-ai\src\services\hash_deduplicator.rs:155: Updated file hash file_id=8fc21985-273e-4111-b8d1-0d820c98fc69 hash=4af0f7cea121ffb1b0a983903195d02eff10df4377a70d4370a27f5e0f091509
2026-02-05T22:39:28.029359Z DEBUG tokio-runtime-worker ThreadId(23) wkmp_ai::services::hash_deduplicator: wkmp-ai\src\services\hash_deduplicator.rs:111: Checking for duplicate hash hash=4af0f7cea121ffb1b0a983903195d02eff10df4377a70d4370a27f5e0f091509 file_id=8fc21985-273e-4111-b8d1-0d820c98fc69
2026-02-05T22:39:28.029701Z DEBUG tokio-runtime-worker ThreadId(23) wkmp_ai::services::hash_deduplicator: wkmp-ai\src\services\hash_deduplicator.rs:123: No duplicate hash found hash=4af0f7cea121ffb1b0a983903195d02eff10df4377a70d4370a27f5e0f091509
2026-02-05T22:39:28.029818Z  INFO tokio-runtime-worker ThreadId(23) wkmp_ai::services::workflow_orchestrator: wkmp-ai\src\services\workflow_orchestrator\mod.rs:1851: Phase 2 completed - hash unique phase="Hash Deduplication" duration_ms=7708 file_index=60 hash="4af0f7cea121ffb1b0a983903195d02eff10df4377a70d4370a27f5e0f091509"
2026-02-05T22:39:28.029911Z DEBUG tokio-runtime-worker ThreadId(23) wkmp_ai::services::workflow_orchestrator: wkmp-ai\src\services\workflow_orchestrator\mod.rs:1865: Phase 3: Metadata Extraction & Merging file="C:\\Users\\Mango Cat\\Music\\Ambrosia/TheEssentialsAmbrosia.mp3" file_id=8fc21985-273e-4111-b8d1-0d820c98fc69
2026-02-05T22:39:28.029982Z DEBUG tokio-runtime-worker ThreadId(23) wkmp_ai::services::metadata_merger: wkmp-ai\src\services\metadata_merger.rs:76: Extracting and merging metadata file_id=8fc21985-273e-4111-b8d1-0d820c98fc69 path=C:\Users\Mango Cat\Music\Ambrosia/TheEssentialsAmbrosia.mp3
2026-02-05T22:39:28.030272Z DEBUG tokio-runtime-worker ThreadId(23) wkmp_ai::services::metadata_extractor: wkmp-ai\src\services\metadata_extractor.rs:141: Extracted metadata file=C:\Users\Mango Cat\Music\Ambrosia/TheEssentialsAmbrosia.mp3 artist=Some("Ambrosia") title=None duration_s=3557.45 format=MP3
2026-02-05T22:39:28.030882Z DEBUG tokio-runtime-worker ThreadId(23) wkmp_ai::services::metadata_merger: wkmp-ai\src\services\metadata_merger.rs:161: Merged metadata updated file_id=8fc21985-273e-4111-b8d1-0d820c98fc69 artist=Some("Ambrosia") title=None duration_ticks=100405468800
2026-02-05T22:39:28.030994Z  INFO tokio-runtime-worker ThreadId(23) wkmp_ai::services::workflow_orchestrator: wkmp-ai\src\services\workflow_orchestrator\mod.rs:1877: Phase 3 completed phase="Metadata Extraction" duration_ms=1
 file_index=60 successful=true has_title=false has_artist=true has_album=true
2026-02-05T22:39:28.031308Z  INFO tokio-runtime-worker ThreadId(23) wkmp_ai::matching::single_track: wkmp-ai\src\matching\single_track.rs:292: [F60] Single-track analysis (pre-decode) for "TheEssentialsAmbrosia.mp3":
2026-02-05T22:39:28.031389Z  INFO tokio-runtime-worker ThreadId(23) wkmp_ai::matching::single_track: wkmp-ai\src\matching\single_track.rs:305: [F60]     Filename pattern: +0.00 (no track number prefix)
2026-02-05T22:39:28.031460Z  INFO tokio-runtime-worker ThreadId(23) wkmp_ai::matching::single_track: wkmp-ai\src\matching\single_track.rs:312: [F60]     Directory files:  -0.50 (1 audio files in dir, threshold=4)
2026-02-05T22:39:28.031558Z  INFO tokio-runtime-worker ThreadId(23) wkmp_ai::matching::single_track: wkmp-ai\src\matching\single_track.rs:327: [F60]     ID3 track tag:    +0.00 (no track tag)
2026-02-05T22:39:28.031660Z  INFO tokio-runtime-worker ThreadId(23) wkmp_ai::matching::single_track: wkmp-ai\src\matching\single_track.rs:335: [F60]     Duration hint:    -0.30 (59.29 min, album threshold=20 min)
2026-02-05T22:39:28.031745Z  INFO tokio-runtime-worker ThreadId(23) wkmp_ai::matching::single_track: wkmp-ai\src\matching\single_track.rs:347: [F60]     PRE-DECODE TOTAL: -0.80 (Unlikely confidence)
2026-02-05T22:39:28.031820Z DEBUG tokio-runtime-worker ThreadId(23) wkmp_ai::services::workflow_orchestrator: wkmp-ai\src\services\workflow_orchestrator\mod.rs:1958: Not single-track (score < 2), continuing with album pipeline file="C:\\Users\\Mango Cat\\Music\\Ambrosia/TheEssentialsAmbrosia.mp3" file_index=60 score=-0.8
2026-02-05T22:39:28.031909Z DEBUG tokio-runtime-worker ThreadId(23) wkmp_ai::services::workflow_orchestrator: wkmp-ai\src\services\workflow_orchestrator\mod.rs:1977: Phase 4: Decoding audio + Passage Segmentation file="C:\\Users\\Mango Cat\\Music\\Ambrosia/TheEssentialsAmbrosia.mp3" file_id=8fc21985-273e-4111-b8d1-0d820c98fc69
2026-02-05T22:39:28.031975Z DEBUG tokio-runtime-worker ThreadId(23) wkmp_ai::services::workflow_orchestrator: wkmp-ai\src\services\workflow_orchestrator\mod.rs:1980: Decoding audio (first and only decode) file="C:\\Users\\Mango Cat\\Music\\Ambrosia/TheEssentialsAmbrosia.mp3"
2026-02-05T22:39:28.149241Z DEBUG tokio-runtime-worker ThreadId(94) wkmp_ai::utils::audio_decoder: wkmp-ai\src\utils\audio_decoder.rs:88: Decoding audio file path=C:\Users\Mango Cat\Music\Ace of Base/HappyNation.mp3
2026-02-05T22:39:28.149304Z DEBUG tokio-runtime-worker ThreadId(23) wkmp_ai::services::hash_deduplicator: wkmp-ai\src\services\hash_deduplicator.rs:93: Calculated hash path=C:\Users\Mango Cat\Music\Astley, Jon/Everyone_Loves_The_Pilot_(Except_The_Crew)/(Jon_Astley)Everyone_Loves_The_Pilot_(Except_The_Crew)-04-Suffering_Fools.mp3 hash_len=64
2026-02-05T22:39:28.149945Z DEBUG tokio-runtime-worker ThreadId(94) wkmp_ai::utils::audio_decoder: wkmp-ai\src\utils\audio_decoder.rs:128: Audio file info path=C:\Users\Mango Cat\Music\Ace of Base/HappyNation.mp3 sample_rate=44100 channels=2
2026-02-05T22:39:28.150545Z DEBUG tokio-runtime-worker ThreadId(23) wkmp_ai::services::hash_deduplicator: wkmp-ai\src\services\hash_deduplicator.rs:155: Updated file hash file_id=fd94448a-9221-4c12-b303-76de9da3d8d4 hash=052e6ef82dacc610cbddbaa43a795cf7988fc555b666a6450c2c90e619b6fc4a
2026-02-05T22:39:28.150729Z DEBUG tokio-runtime-worker ThreadId(23) wkmp_ai::services::hash_deduplicator: wkmp-ai\src\services\hash_deduplicator.rs:111: Checking for duplicate hash hash=052e6ef82dacc610cbddbaa43a795cf7988fc555b666a6450c2c90e619b6fc4a file_id=fd94448a-9221-4c12-b303-76de9da3d8d4
2026-02-05T22:39:28.151486Z DEBUG tokio-runtime-worker ThreadId(23) wkmp_ai::services::hash_deduplicator: wkmp-ai\src\services\hash_deduplicator.rs:123: No duplicate hash found hash=052e6ef82dacc610cbddbaa43a795cf7988fc555b666a6450c2c90e619b6fc4a
2026-02-05T22:39:28.151639Z  INFO tokio-runtime-worker ThreadId(23) wkmp_ai::services::workflow_orchestrator: wkmp-ai\src\services\workflow_orchestrator\mod.rs:1851: Phase 2 completed - hash unique phase="Hash Deduplication" duration_ms=7327 file_index=149 hash="052e6ef82dacc610cbddbaa43a795cf7988fc555b666a6450c2c90e619b6fc4a"
2026-02-05T22:39:28.151833Z DEBUG tokio-runtime-worker ThreadId(23) wkmp_ai::services::workflow_orchestrator: wkmp-ai\src\services\workflow_orchestrator\mod.rs:1865: Phase 3: Metadata Extraction & Merging file="C:\\Users\\Mango Cat\\Music\\Astley, Jon/Everyone_Loves_The_Pilot_(Except_The_Crew)/(Jon_Astley)Everyone_Loves_The_Pilot_(Except_The_Crew)-04-Suffering_Fools.mp3" file_id=fd94448a-9221-4c12-b303-76de9da3d8d4
2026-02-05T22:39:28.151978Z DEBUG tokio-runtime-worker ThreadId(23) wkmp_ai::services::metadata_merger: wkmp-ai\src\services\metadata_merger.rs:76: Extracting and merging metadata file_id=fd94448a-9221-4c12-b303-76de9da3d8d4 path=C:\Users\Mango Cat\Music\Astley, Jon/Everyone_Loves_The_Pilot_(Except_The_Crew)/(Jon_Astley)Everyone_Loves_The_Pilot_(Except_The_Crew)-04-Suffering_Fools.mp3
2026-02-05T22:39:28.152737Z DEBUG tokio-runtime-worker ThreadId(23) wkmp_ai::services::metadata_extractor: wkmp-ai\src\services\metadata_extractor.rs:141: Extracted metadata file=C:\Users\Mango Cat\Music\Astley, Jon/Everyone_Loves_The_Pilot_(Except_The_Crew)/(Jon_Astley)Everyone_Loves_The_Pilot_(Except_The_Crew)-04-Suffering_Fools.mp3 artist=Some("Jon Astley") title=Some("Suffering Fools") duration_s=347.256 format=MP3
2026-02-05T22:39:28.153330Z DEBUG tokio-runtime-worker ThreadId(23) wkmp_ai::services::metadata_merger: wkmp-ai\src\services\metadata_merger.rs:161: Merged metadata updated file_id=fd94448a-9221-4c12-b303-76de9da3d8d4 artist=Some("Jon Astley") title=Some("Suffering Fools") duration_ticks=9800953344
2026-02-05T22:39:28.153447Z  INFO tokio-runtime-worker ThreadId(23) wkmp_ai::services::workflow_orchestrator: wkmp-ai\src\services\workflow_orchestrator\mod.rs:1877: Phase 3 completed phase="Metadata Extraction" duration_ms=1
 file_index=149 successful=true has_title=true has_artist=true has_album=true
2026-02-05T22:39:28.154137Z  INFO tokio-runtime-worker ThreadId(23) wkmp_ai::matching::single_track: wkmp-ai\src\matching\single_track.rs:292: [F149] Single-track analysis (pre-decode) for "(Jon_Astley)Everyone_Loves_The_Pilot_(Except_The_Crew)-04-Suffering_Fools.mp3":
2026-02-05T22:39:28.154227Z  INFO tokio-runtime-worker ThreadId(23) wkmp_ai::matching::single_track: wkmp-ai\src\matching\single_track.rs:305: [F149]     Filename pattern: +0.00 (no track number prefix)
2026-02-05T22:39:28.154295Z  INFO tokio-runtime-worker ThreadId(23) wkmp_ai::matching::single_track: wkmp-ai\src\matching\single_track.rs:312: [F149]     Directory files:  +0.80 (10 audio files in dir, threshold=4)
2026-02-05T22:39:28.154361Z  INFO tokio-runtime-worker ThreadId(23) wkmp_ai::matching::single_track: wkmp-ai\src\matching\single_track.rs:322: [F149]     ID3 track tag:    +1.00 (track 4/10)
2026-02-05T22:39:28.154426Z  INFO tokio-runtime-worker ThreadId(23) wkmp_ai::matching::single_track: wkmp-ai\src\matching\single_track.rs:335: [F149]     Duration hint:    +0.70 (5.79 min, album threshold=20 min)
2026-02-05T22:39:28.154491Z  INFO tokio-runtime-worker ThreadId(23) wkmp_ai::matching::single_track: wkmp-ai\src\matching\single_track.rs:347: [F149]     PRE-DECODE TOTAL: 2.50 (High confidence - LIKELY SINGLE TRACK)
2026-02-05T22:39:28.154556Z  INFO tokio-runtime-worker ThreadId(23) wkmp_ai::services::workflow_orchestrator: wkmp-ai\src\services\workflow_orchestrator\mod.rs:1915: Single-track detected (score >= 2), switching to single-song resolution path file="C:\\Users\\Mango Cat\\Music\\Astley, Jon/Everyone_Loves_The_Pilot_(Except_The_Crew)/(Jon_Astley)Everyone_Loves_The_Pilot_(Except_The_Crew)-04-Suffering_Fools.mp3" file_index=149 score=2.5
2026-02-05T22:39:30.746222Z DEBUG tokio-runtime-worker ThreadId(73) wkmp_ai::utils::audio_decoder: wkmp-ai\src\utils\audio_decoder.rs:88: Decoding audio file path=C:\Users\Mango Cat\Music\Aerosmith/Pump.mp3
2026-02-05T22:39:30.746308Z DEBUG tokio-runtime-worker ThreadId(23) wkmp_ai::services::hash_deduplicator: wkmp-ai\src\services\hash_deduplicator.rs:93: Calculated hash path=C:\Users\Mango Cat\Music\Asia/GoldAsia.mp3 hash_len=64
2026-02-05T22:39:30.746627Z DEBUG tokio-runtime-worker ThreadId(73) wkmp_ai::utils::audio_decoder: wkmp-ai\src\utils\audio_decoder.rs:128: Audio file info path=C:\Users\Mango Cat\Music\Aerosmith/Pump.mp3 sample_rate=44100 channels=2
2026-02-05T22:39:30.747287Z DEBUG tokio-runtime-worker ThreadId(23) wkmp_ai::services::hash_deduplicator: wkmp-ai\src\services\hash_deduplicator.rs:155: Updated file hash file_id=5aa11894-c9f2-42ce-a45b-3ae52834af16 hash=a917ccb5c01fac8fbd047b7b9f1da8b33510caba2cd28a437d9a5aef7e33bf13
2026-02-05T22:39:30.747669Z DEBUG tokio-runtime-worker ThreadId(23) wkmp_ai::services::hash_deduplicator: wkmp-ai\src\services\hash_deduplicator.rs:111: Checking for duplicate hash hash=a917ccb5c01fac8fbd047b7b9f1da8b33510caba2cd28a437d9a5aef7e33bf13 file_id=5aa11894-c9f2-42ce-a45b-3ae52834af16
2026-02-05T22:39:30.748314Z DEBUG tokio-runtime-worker ThreadId(23) wkmp_ai::services::hash_deduplicator: wkmp-ai\src\services\hash_deduplicator.rs:123: No duplicate hash found hash=a917ccb5c01fac8fbd047b7b9f1da8b33510caba2cd28a437d9a5aef7e33bf13
2026-02-05T22:39:30.748518Z  INFO tokio-runtime-worker ThreadId(23) wkmp_ai::services::workflow_orchestrator: wkmp-ai\src\services\workflow_orchestrator\mod.rs:1851: Phase 2 completed - hash unique phase="Hash Deduplication" duration_ms=9943 file_index=145 hash="a917ccb5c01fac8fbd047b7b9f1da8b33510caba2cd28a437d9a5aef7e33bf13"
2026-02-05T22:39:30.748776Z DEBUG tokio-runtime-worker ThreadId(23) wkmp_ai::services::workflow_orchestrator: wkmp-ai\src\services\workflow_orchestrator\mod.rs:1865: Phase 3: Metadata Extraction & Merging file="C:\\Users\\Mango Cat\\Music\\Asia/GoldAsia.mp3" file_id=5aa11894-c9f2-42ce-a45b-3ae52834af16
2026-02-05T22:39:30.748901Z DEBUG tokio-runtime-worker ThreadId(23) wkmp_ai::services::metadata_merger: wkmp-ai\src\services\metadata_merger.rs:76: Extracting and merging metadata file_id=5aa11894-c9f2-42ce-a45b-3ae52834af16 path=C:\Users\Mango Cat\Music\Asia/GoldAsia.mp3
2026-02-05T22:39:30.749300Z DEBUG tokio-runtime-worker ThreadId(23) wkmp_ai::services::metadata_extractor: wkmp-ai\src\services\metadata_extractor.rs:141: Extracted metadata file=C:\Users\Mango Cat\Music\Asia/GoldAsia.mp3 artist=Some("Asia") title=None duration_s=9619.428 format=MP3
2026-02-05T22:39:30.750006Z DEBUG tokio-runtime-worker ThreadId(23) wkmp_ai::services::metadata_merger: wkmp-ai\src\services\metadata_merger.rs:161: Merged metadata updated file_id=5aa11894-c9f2-42ce-a45b-3ae52834af16 artist=Some("Asia") title=None duration_ticks=271498735872
2026-02-05T22:39:30.750123Z  INFO tokio-runtime-worker ThreadId(23) wkmp_ai::services::workflow_orchestrator: wkmp-ai\src\services\workflow_orchestrator\mod.rs:1877: Phase 3 completed phase="Metadata Extraction" duration_ms=1
 file_index=145 successful=true has_title=false has_artist=true has_album=true
2026-02-05T22:39:30.750573Z  INFO tokio-runtime-worker ThreadId(23) wkmp_ai::matching::single_track: wkmp-ai\src\matching\single_track.rs:292: [F145] Single-track analysis (pre-decode) for "GoldAsia.mp3":
2026-02-05T22:39:30.750678Z  INFO tokio-runtime-worker ThreadId(23) wkmp_ai::matching::single_track: wkmp-ai\src\matching\single_track.rs:305: [F145]     Filename pattern: +0.00 (no track number prefix)
2026-02-05T22:39:30.750768Z  INFO tokio-runtime-worker ThreadId(23) wkmp_ai::matching::single_track: wkmp-ai\src\matching\single_track.rs:312: [F145]     Directory files:  -0.50 (1 audio files in dir, threshold=4)
2026-02-05T22:39:30.750874Z  INFO tokio-runtime-worker ThreadId(23) wkmp_ai::matching::single_track: wkmp-ai\src\matching\single_track.rs:327: [F145]     ID3 track tag:    +0.00 (no track tag)
2026-02-05T22:39:30.750970Z  INFO tokio-runtime-worker ThreadId(23) wkmp_ai::matching::single_track: wkmp-ai\src\matching\single_track.rs:335: [F145]     Duration hint:    -0.30 (160.32 min, album threshold=20 min)
2026-02-05T22:39:30.751057Z  INFO tokio-runtime-worker ThreadId(23) wkmp_ai::matching::single_track: wkmp-ai\src\matching\single_track.rs:347: [F145]     PRE-DECODE TOTAL: -0.80 (Unlikely confidence)
2026-02-05T22:39:30.751146Z DEBUG tokio-runtime-worker ThreadId(23) wkmp_ai::services::workflow_orchestrator: wkmp-ai\src\services\workflow_orchestrator\mod.rs:1958: Not single-track (score < 2), continuing with album pipeline file="C:\\Users\\Mango Cat\\Music\\Asia/GoldAsia.mp3" file_index=145 score=-0.8
2026-02-05T22:39:30.751273Z DEBUG tokio-runtime-worker ThreadId(23) wkmp_ai::services::workflow_orchestrator: wkmp-ai\src\services\workflow_orchestrator\mod.rs:1977: Phase 4: Decoding audio + Passage Segmentation file="C:\\Users\\Mango Cat\\Music\\Asia/GoldAsia.mp3" file_id=5aa11894-c9f2-42ce-a45b-3ae52834af16
2026-02-05T22:39:30.751376Z DEBUG tokio-runtime-worker ThreadId(23) wkmp_ai::services::workflow_orchestrator: wkmp-ai\src\services\workflow_orchestrator\mod.rs:1980: Decoding audio (first and only decode) file="C:\\Users\\Mango Cat\\Music\\Asia/GoldAsia.mp3"
2026-02-05T22:39:33.541078Z DEBUG tokio-runtime-worker ThreadId(23) wkmp_ai: wkmp-ai\src\main.rs:240: Pool utilization snapshot pool_size=48 idle_connections=48 in_use_connections=0 utilization_pct=0
2026-02-05T22:39:35.824776Z DEBUG tokio-runtime-worker ThreadId(23) wkmp_ai::api::sse: wkmp-ai\src\api\sse.rs:53: SSE: Sending heartbeat
2026-02-05T22:39:43.554141Z DEBUG tokio-runtime-worker ThreadId(23) wkmp_ai: wkmp-ai\src\main.rs:240: Pool utilization snapshot pool_size=48 idle_connections=48 in_use_connections=0 utilization_pct=0
2026-02-05T22:39:50.826176Z DEBUG tokio-runtime-worker ThreadId(23) wkmp_ai::api::sse: wkmp-ai\src\api\sse.rs:53: SSE: Sending heartbeat
2026-02-05T22:39:53.541070Z DEBUG tokio-runtime-worker ThreadId(23) wkmp_ai: wkmp-ai\src\main.rs:240: Pool utilization snapshot pool_size=48 idle_connections=48 in_use_connections=0 utilization_pct=0
2026-02-05T22:40:03.541330Z DEBUG tokio-runtime-worker ThreadId(23) wkmp_ai: wkmp-ai\src\main.rs:240: Pool utilization snapshot pool_size=48 idle_connections=48 in_use_connections=0 utilization_pct=0
2026-02-05T22:40:05.827670Z DEBUG tokio-runtime-worker ThreadId(23) wkmp_ai::api::sse: wkmp-ai\src\api\sse.rs:53: SSE: Sending heartbeat
2026-02-05T22:40:13.549413Z DEBUG tokio-runtime-worker ThreadId(23) wkmp_ai: wkmp-ai\src\main.rs:240: Pool utilization snapshot pool_size=48 idle_connections=48 in_use_connections=0 utilization_pct=0
2026-02-05T22:40:20.834785Z DEBUG tokio-runtime-worker ThreadId(23) wkmp_ai::api::sse: wkmp-ai\src\api\sse.rs:53: SSE: Sending heartbeat
2026-02-05T22:40:23.550654Z DEBUG tokio-runtime-worker ThreadId(23) wkmp_ai: wkmp-ai\src\main.rs:240: Pool utilization snapshot pool_size=48 idle_connections=48 in_use_connections=0 utilization_pct=0
2026-02-05T22:40:33.553298Z DEBUG tokio-runtime-worker ThreadId(23) wkmp_ai: wkmp-ai\src\main.rs:240: Pool utilization snapshot pool_size=48 idle_connections=48 in_use_connections=0 utilization_pct=0
2026-02-05T22:40:35.837690Z DEBUG tokio-runtime-worker ThreadId(23) wkmp_ai::api::sse: wkmp-ai\src\api\sse.rs:53: SSE: Sending heartbeat
2026-02-05T22:40:43.554169Z DEBUG tokio-runtime-worker ThreadId(23) wkmp_ai: wkmp-ai\src\main.rs:240: Pool utilization snapshot pool_size=48 idle_connections=48 in_use_connections=0 utilization_pct=0
2026-02-05T22:40:50.841021Z DEBUG tokio-runtime-worker ThreadId(23) wkmp_ai::api::sse: wkmp-ai\src\api\sse.rs:53: SSE: Sending heartbeat
2026-02-05T22:40:53.540533Z DEBUG tokio-runtime-worker ThreadId(23) wkmp_ai: wkmp-ai\src\main.rs:240: Pool utilization snapshot pool_size=48 idle_connections=48 in_use_connections=0 utilization_pct=0
2026-02-05T22:41:03.540997Z DEBUG tokio-runtime-worker ThreadId(23) wkmp_ai: wkmp-ai\src\main.rs:240: Pool utilization snapshot pool_size=48 idle_connections=48 in_use_connections=0 utilization_pct=0
2026-02-05T22:41:04.105812Z DEBUG tokio-runtime-worker ThreadId(73) wkmp_ai::utils::audio_decoder: wkmp-ai\src\utils\audio_decoder.rs:175: Audio decoding complete path=C:\Users\Mango Cat\Music\Aerosmith/Pump.mp3 total_samples=126036864 duration_seconds="2857.98"
2026-02-05T22:41:04.106333Z DEBUG tokio-runtime-worker ThreadId(73) wkmp_ai::utils::audio_decoder: wkmp-ai\src\utils\audio_decoder.rs:88: Decoding audio file path=C:\Users\Mango Cat\Music\Alice In Chains/AliceInChainsGreatestHits.mp3
2026-02-05T22:41:04.106451Z  INFO tokio-runtime-worker ThreadId(23) wkmp_ai::services::workflow_orchestrator: wkmp-ai\src\services\workflow_orchestrator\mod.rs:1990: Audio decoded successfully file="C:\\Users\\Mango Cat\\Music\\Aerosmith/Pump.mp3" sample_rate=44100 channels=2 duration="2857.98s" samples=126036864 decode_ms=101075
2026-02-05T22:41:04.106578Z DEBUG tokio-runtime-worker ThreadId(23) wkmp_ai::services::workflow_orchestrator: wkmp-ai\src\services\workflow_orchestrator\mod.rs:2006: Starting passage segmentation file="C:\\Users\\Mango Cat\\Music\\Aerosmith/Pump.mp3"
2026-02-05T22:41:04.106589Z DEBUG tokio-runtime-worker ThreadId(73) wkmp_ai::utils::audio_decoder: wkmp-ai\src\utils\audio_decoder.rs:128: Audio file info path=C:\Users\Mango Cat\Music\Alice In Chains/AliceInChainsGreatestHits.mp3 sample_rate=44100 channels=2
2026-02-05T22:41:04.106646Z DEBUG tokio-runtime-worker ThreadId(23) wkmp_ai::services::passage_segmenter: wkmp-ai\src\services\passage_segmenter.rs:92: Segmenting audio file file_id=85decb52-878d-428d-9e4f-39631a68ff68 sample_rate=44100 sample_count=126036864 duration_ticks=80663592960
2026-02-05T22:41:04.107739Z DEBUG tokio-runtime-worker ThreadId(23) wkmp_ai::services::passage_segmenter: wkmp-ai\src\services\passage_segmenter.rs:112: Loaded segmentation settings silence_threshold_db=60.0 silence_min_duration_ticks=56448000 minimum_passage_audio_duration_ticks=2822400 settings_us=909
2026-02-05T22:41:06.133591Z DEBUG tokio-runtime-worker ThreadId(23) wkmp_ai::services::passage_segmenter: wkmp-ai\src\services\passage_segmenter.rs:134: Detected silence regions silence_region_count=2 detection_ms=2025
2026-02-05T22:41:06.134035Z DEBUG tokio-runtime-worker ThreadId(23) wkmp_ai::services::passage_segmenter: wkmp-ai\src\services\passage_segmenter.rs:148: Calculated passage durations passage_count=3 total_non_silence_ticks=80498479104 minimum_passage_audio_duration_ticks=2822400 conversion_us=6
2026-02-05T22:41:06.134485Z  INFO tokio-runtime-worker ThreadId(23) wkmp_ai::services::workflow_orchestrator: wkmp-ai\src\services\workflow_orchestrator\mod.rs:2020: Passage segmentation completed file="C:\\Users\\Mango Cat\\Music\\Aerosmith/Pump.mp3" segment_ms=2027
2026-02-05T22:41:06.134947Z  INFO tokio-runtime-worker ThreadId(23) wkmp_ai::services::workflow_orchestrator: wkmp-ai\src\services\workflow_orchestrator\mod.rs:2051: Phase 4 completed phase="Passage Segmentation" duration_ms=103103 file_index=47 passage_count=3
2026-02-05T22:41:06.135178Z DEBUG tokio-runtime-worker ThreadId(23) wkmp_ai::services::workflow_orchestrator: wkmp-ai\src\services\workflow_orchestrator\mod.rs:2066: Phase 5: Per-Passage Fingerprinting file="C:\\Users\\Mango Cat\\Music\\Aerosmith/Pump.mp3" file_id=85decb52-878d-428d-9e4f-39631a68ff68 passage_count=3
2026-02-05T22:41:06.135551Z DEBUG tokio-runtime-worker ThreadId(23) wkmp_ai::api::sse: wkmp-ai\src\api\sse.rs:53: SSE: Sending heartbeat
2026-02-05T22:41:06.135934Z DEBUG tokio-runtime-worker ThreadId(23) wkmp_ai::services::passage_fingerprinter: wkmp-ai\src\services\passage_fingerprinter.rs:104: Fingerprinting passages path=C:\Users\Mango Cat\Music\Aerosmith/Pump.mp3 passage_count=3
2026-02-05T22:41:06.136129Z DEBUG tokio-runtime-worker ThreadId(23) wkmp_ai::services::passage_fingerprinter: wkmp-ai\src\services\passage_fingerprinter.rs:131: Processing passage passage_idx=0 start_seconds=0.0 end_seconds=847.0 duration_seconds=847.0
2026-02-05T22:41:32.436262Z DEBUG tokio-runtime-worker ThreadId(94) wkmp_ai::utils::audio_decoder: wkmp-ai\src\utils\audio_decoder.rs:175: Audio decoding complete path=C:\Users\Mango Cat\Music\Ace of Base/HappyNation.mp3 total_samples=161713152 duration_seconds="3666.96"
2026-02-05T22:41:32.436640Z DEBUG tokio-runtime-worker ThreadId(94) wkmp_ai::utils::audio_decoder: wkmp-ai\src\utils\audio_decoder.rs:88: Decoding audio file path=C:\Users\Mango Cat\Music\38 Special/Anthology.mp3
2026-02-05T22:41:32.436988Z DEBUG tokio-runtime-worker ThreadId(94) wkmp_ai::utils::audio_decoder: wkmp-ai\src\utils\audio_decoder.rs:128: Audio file info path=C:\Users\Mango Cat\Music\38 Special/Anthology.mp3 sample_rate=44100 channels=2
2026-02-05T22:42:47.097535Z DEBUG tokio-runtime-worker ThreadId(73) wkmp_ai::utils::audio_decoder: wkmp-ai\src\utils\audio_decoder.rs:175: Audio decoding complete path=C:\Users\Mango Cat\Music\Alice In Chains/AliceInChainsGreatestHits.mp3 total_samples=118412928 duration_seconds="2685.10"
2026-02-05T22:42:47.097902Z DEBUG tokio-runtime-worker ThreadId(73) wkmp_ai::utils::audio_decoder: wkmp-ai\src\utils\audio_decoder.rs:88: Decoding audio file path=C:\Users\Mango Cat\Music\Allman Brothers/AtFillmoreEast.mp3
2026-02-05T22:42:47.098239Z DEBUG tokio-runtime-worker ThreadId(73) wkmp_ai::utils::audio_decoder: wkmp-ai\src\utils\audio_decoder.rs:128: Audio file info path=C:\Users\Mango Cat\Music\Allman Brothers/AtFillmoreEast.mp3 sample_rate=44100 channels=2
2026-02-05T22:42:56.297193Z DEBUG tokio-runtime-worker ThreadId(23) wkmp_ai::services::fingerprinter: wkmp-ai\src\services\fingerprinter.rs:138: Extracted segment PCM for fingerprinting audio_path="C:\\Users\\Mango Cat\\Music\\Aerosmith/Pump.mp3" start_seconds=0.0 end_seconds=847.0 segment_samples=37352700
2026-02-05T22:42:56.532529Z DEBUG tokio-runtime-worker ThreadId(23) wkmp_ai::services::fingerprinter: wkmp-ai\src\services\fingerprinter.rs:270: Generated Chromaprint fingerprint fingerprint_len=3352 fingerprint_preview="AQADtEmSRBGXE-aPrtzx5bgz7MiF-keTB8_i4vvx4CfiTYd-7C"
2026-02-05T22:42:56.542049Z DEBUG tokio-runtime-worker ThreadId(23) wkmp_ai::services::passage_fingerprinter: wkmp-ai\src\services\passage_fingerprinter.rs:169: Generated fingerprint passage_idx=0 fingerprint_len=3352
2026-02-05T22:42:56.542460Z  INFO tokio-runtime-worker ThreadId(23) wkmp_ai::services::workflow_orchestrator: wkmp-ai\src\services\workflow_orchestrator\mod.rs:1990: Audio decoded successfully file="C:\\Users\\Mango Cat\\Music\\Ace of Base/HappyNation.mp3" sample_rate=44100 channels=2 duration="3666.96s" samples=161713152 decode_ms=214650
2026-02-05T22:42:56.542611Z DEBUG tokio-runtime-worker ThreadId(23) wkmp_ai::services::workflow_orchestrator: wkmp-ai\src\services\workflow_orchestrator\mod.rs:2006: Starting passage segmentation file="C:\\Users\\Mango Cat\\Music\\Ace of Base/HappyNation.mp3"
2026-02-05T22:42:56.542709Z DEBUG tokio-runtime-worker ThreadId(23) wkmp_ai::services::passage_segmenter: wkmp-ai\src\services\passage_segmenter.rs:92: Segmenting audio file file_id=e7e6d982-1560-40c5-b8ec-347b47ee29ff sample_rate=44100 sample_count=161713152 duration_ticks=103496417280
2026-02-05T22:42:56.542849Z  INFO tokio-runtime-worker ThreadId(23) wkmp_ai::services::workflow_orchestrator: wkmp-ai\src\services\workflow_orchestrator\mod.rs:1990: Audio decoded successfully file="C:\\Users\\Mango Cat\\Music\\Alice In Chains/AliceInChainsGreatestHits.mp3" sample_rate=44100 channels=2 duration="2685.10s" samples=118412928 decode_ms=212502
2026-02-05T22:42:56.542941Z DEBUG tokio-runtime-worker ThreadId(23) wkmp_ai::services::workflow_orchestrator: wkmp-ai\src\services\workflow_orchestrator\mod.rs:2006: Starting passage segmentation file="C:\\Users\\Mango Cat\\Music\\Alice In Chains/AliceInChainsGreatestHits.mp3"
2026-02-05T22:42:56.543016Z DEBUG tokio-runtime-worker ThreadId(23) wkmp_ai::services::passage_segmenter: wkmp-ai\src\services\passage_segmenter.rs:92: Segmenting audio file file_id=f7204740-f321-45e5-b65b-2b08dbba2f65 sample_rate=44100 sample_count=118412928 duration_ticks=75784273920
2026-02-05T22:42:56.543441Z DEBUG tokio-runtime-worker ThreadId(23) wkmp_ai::services::acoustid_client: wkmp-ai\src\services\acoustid_client.rs:277: Querying AcoustID API duration_seconds=847 fingerprint_len=3352 fingerprint_preview="AQADtEmSRBGXE-aPrtzx5bgz7MiF-keTB8_i4vvx4CfiTYd-7C6O5-Ad9NPhsCh-HA_qDXpyWEe_BE-OL8HFHz9HvMRn1DkcET1u"
2026-02-05T22:42:56.544108Z DEBUG tokio-runtime-worker ThreadId(23) wkmp_ai: wkmp-ai\src\main.rs:240: Pool utilization snapshot pool_size=48 idle_connections=44 in_use_connections=4 utilization_pct=8
2026-02-05T22:42:56.544227Z DEBUG tokio-runtime-worker ThreadId(23) wkmp_ai: wkmp-ai\src\main.rs:240: Pool utilization snapshot pool_size=48 idle_connections=44 in_use_connections=4 utilization_pct=8
2026-02-05T22:42:56.544317Z DEBUG tokio-runtime-worker ThreadId(23) wkmp_ai: wkmp-ai\src\main.rs:240: Pool utilization snapshot pool_size=48 idle_connections=44 in_use_connections=4 utilization_pct=8
2026-02-05T22:42:56.544402Z DEBUG tokio-runtime-worker ThreadId(23) wkmp_ai: wkmp-ai\src\main.rs:240: Pool utilization snapshot pool_size=48 idle_connections=44 in_use_connections=4 utilization_pct=8
2026-02-05T22:42:56.544513Z DEBUG tokio-runtime-worker ThreadId(23) wkmp_ai: wkmp-ai\src\main.rs:240: Pool utilization snapshot pool_size=48 idle_connections=44 in_use_connections=4 utilization_pct=8
2026-02-05T22:42:56.544597Z DEBUG tokio-runtime-worker ThreadId(23) wkmp_ai: wkmp-ai\src\main.rs:240: Pool utilization snapshot pool_size=48 idle_connections=44 in_use_connections=4 utilization_pct=8
2026-02-05T22:42:56.544678Z DEBUG tokio-runtime-worker ThreadId(23) wkmp_ai: wkmp-ai\src\main.rs:240: Pool utilization snapshot pool_size=48 idle_connections=44 in_use_connections=4 utilization_pct=8
2026-02-05T22:42:56.544757Z DEBUG tokio-runtime-worker ThreadId(23) wkmp_ai: wkmp-ai\src\main.rs:240: Pool utilization snapshot pool_size=48 idle_connections=44 in_use_connections=4 utilization_pct=8
2026-02-05T22:42:56.544841Z DEBUG tokio-runtime-worker ThreadId(23) wkmp_ai: wkmp-ai\src\main.rs:240: Pool utilization snapshot pool_size=48 idle_connections=44 in_use_connections=4 utilization_pct=8
2026-02-05T22:42:56.544923Z DEBUG tokio-runtime-worker ThreadId(23) wkmp_ai: wkmp-ai\src\main.rs:240: Pool utilization snapshot pool_size=48 idle_connections=44 in_use_connections=4 utilization_pct=8
2026-02-05T22:42:56.545005Z DEBUG tokio-runtime-worker ThreadId(23) wkmp_ai: wkmp-ai\src\main.rs:240: Pool utilization snapshot pool_size=48 idle_connections=44 in_use_connections=4 utilization_pct=8
2026-02-05T22:42:56.545107Z DEBUG tokio-runtime-worker ThreadId(23) wkmp_ai::api::sse: wkmp-ai\src\api\sse.rs:53: SSE: Sending heartbeat
2026-02-05T22:42:56.545467Z DEBUG tokio-runtime-worker ThreadId(23) wkmp_ai::services::passage_segmenter: wkmp-ai\src\services\passage_segmenter.rs:112: Loaded segmentation settings silence_threshold_db=60.0 silence_min_duration_ticks=56448000 minimum_passage_audio_duration_ticks=2822400 settings_us=2664
2026-02-05T22:42:58.969764Z DEBUG tokio-runtime-worker ThreadId(23) wkmp_ai::services::passage_segmenter: wkmp-ai\src\services\passage_segmenter.rs:134: Detected silence regions silence_region_count=17 detection_ms=2424
2026-02-05T22:42:58.970251Z DEBUG tokio-runtime-worker ThreadId(23) wkmp_ai::services::passage_segmenter: wkmp-ai\src\services\passage_segmenter.rs:148: Calculated passage durations passage_count=16 total_non_silence_ticks=101654397696 minimum_passage_audio_duration_ticks=2822400 conversion_us=8
2026-02-05T22:42:58.970668Z  INFO tokio-runtime-worker ThreadId(23) wkmp_ai::services::workflow_orchestrator: wkmp-ai\src\services\workflow_orchestrator\mod.rs:2020: Passage segmentation completed file="C:\\Users\\Mango Cat\\Music\\Ace of Base/HappyNation.mp3" segment_ms=2427
2026-02-05T22:42:58.970753Z  INFO tokio-runtime-worker ThreadId(23) wkmp_ai::services::workflow_orchestrator: wkmp-ai\src\services\workflow_orchestrator\mod.rs:2051: Phase 4 completed phase="Passage Segmentation" duration_ms=217078 file_index=45 passage_count=16
2026-02-05T22:42:58.970864Z DEBUG tokio-runtime-worker ThreadId(23) wkmp_ai::services::workflow_orchestrator: wkmp-ai\src\services\workflow_orchestrator\mod.rs:2066: Phase 5: Per-Passage Fingerprinting file="C:\\Users\\Mango Cat\\Music\\Ace of Base/HappyNation.mp3" file_id=e7e6d982-1560-40c5-b8ec-347b47ee29ff passage_count=16
2026-02-05T22:42:58.971368Z DEBUG tokio-runtime-worker ThreadId(23) wkmp_ai::services::passage_segmenter: wkmp-ai\src\services\passage_segmenter.rs:112: Loaded segmentation settings silence_threshold_db=60.0 silence_min_duration_ticks=56448000 minimum_passage_audio_duration_ticks=2822400 settings_us=2428262
2026-02-05T22:43:00.739842Z DEBUG tokio-runtime-worker ThreadId(23) wkmp_ai::services::passage_segmenter: wkmp-ai\src\services\passage_segmenter.rs:134: Detected silence regions silence_region_count=6 detection_ms=1768
2026-02-05T22:43:00.740141Z DEBUG tokio-runtime-worker ThreadId(23) wkmp_ai::services::passage_segmenter: wkmp-ai\src\services\passage_segmenter.rs:148: Calculated passage durations passage_count=7 total_non_silence_ticks=75349637120 minimum_passage_audio_duration_ticks=2822400 conversion_us=8
2026-02-05T22:43:00.740361Z  INFO tokio-runtime-worker ThreadId(23) wkmp_ai::services::workflow_orchestrator: wkmp-ai\src\services\workflow_orchestrator\mod.rs:2020: Passage segmentation completed file="C:\\Users\\Mango Cat\\Music\\Alice In Chains/AliceInChainsGreatestHits.mp3" segment_ms=4197
2026-02-05T22:43:00.740520Z  INFO tokio-runtime-worker ThreadId(23) wkmp_ai::services::workflow_orchestrator: wkmp-ai\src\services\workflow_orchestrator\mod.rs:2051: Phase 4 completed phase="Passage Segmentation" duration_ms=216700 file_index=57 passage_count=7
2026-02-05T22:43:00.740676Z DEBUG tokio-runtime-worker ThreadId(23) wkmp_ai::services::workflow_orchestrator: wkmp-ai\src\services\workflow_orchestrator\mod.rs:2066: Phase 5: Per-Passage Fingerprinting file="C:\\Users\\Mango Cat\\Music\\Alice In Chains/AliceInChainsGreatestHits.mp3" file_id=f7204740-f321-45e5-b65b-2b08dbba2f65 passage_count=7
2026-02-05T22:43:00.741214Z DEBUG tokio-runtime-worker ThreadId(23) wkmp_ai::services::passage_fingerprinter: wkmp-ai\src\services\passage_fingerprinter.rs:104: Fingerprinting passages path=C:\Users\Mango Cat\Music\Alice In Chains/AliceInChainsGreatestHits.mp3 passage_count=7
2026-02-05T22:43:00.741334Z DEBUG tokio-runtime-worker ThreadId(23) wkmp_ai::services::passage_fingerprinter: wkmp-ai\src\services\passage_fingerprinter.rs:131: Processing passage passage_idx=0 start_seconds=0.0 end_seconds=286.45001220703125 duration_seconds=286.45001220703125
2026-02-05T22:44:41.923005Z DEBUG tokio-runtime-worker ThreadId(23) wkmp_ai::services::fingerprinter: wkmp-ai\src\services\fingerprinter.rs:138: Extracted segment PCM for fingerprinting audio_path="C:\\Users\\Mango Cat\\Music\\Alice In Chains/AliceInChainsGreatestHits.mp3" start_seconds=0.0 end_seconds=286.45001220703125 segment_samples=12632446
2026-02-05T22:44:42.163739Z DEBUG tokio-runtime-worker ThreadId(23) wkmp_ai::services::fingerprinter: wkmp-ai\src\services\fingerprinter.rs:270: Generated Chromaprint fingerprint fingerprint_len=3626 fingerprint_preview="AQADtMkiKVG0MUHzHMebH800tEuUGjvxE_rBNDaudKgq_Ti65m"
2026-02-05T22:44:42.172621Z DEBUG tokio-runtime-worker ThreadId(23) wkmp_ai::services::passage_fingerprinter: wkmp-ai\src\services\passage_fingerprinter.rs:169: Generated fingerprint passage_idx=0 fingerprint_len=3626
2026-02-05T22:44:42.173021Z DEBUG tokio-runtime-worker ThreadId(23) wkmp_ai::services::passage_fingerprinter: wkmp-ai\src\services\passage_fingerprinter.rs:104: Fingerprinting passages path=C:\Users\Mango Cat\Music\Ace of Base/HappyNation.mp3 passage_count=16
2026-02-05T22:44:42.173152Z DEBUG tokio-runtime-worker ThreadId(23) wkmp_ai::services::passage_fingerprinter: wkmp-ai\src\services\passage_fingerprinter.rs:131: Processing passage passage_idx=0 start_seconds=2.5 end_seconds=210.89999389648438 duration_seconds=208.39999389648438
