
Mango Cat@GMKtec MINGW64 ~/Dev/McRhythm/wkmp-ai (dev)
$ cargo run
warning: use of deprecated method `services::workflow_orchestrator::WorkflowOrchestrator::phase_processing_plan025`: Use phase_processing_per_file() with per-file pipeline
   --> wkmp-ai\src\services\workflow_orchestrator\mod.rs:448:14
    |
448 |             .phase_processing_plan025(session, start_time, &cancel_token)
    |              ^^^^^^^^^^^^^^^^^^^^^^^^
    |
    = note: `#[warn(deprecated)]` on by default

warning: use of deprecated method `workflow::pipeline::Pipeline::extract`: Use extract_with_audio() to avoid re-decoding audio
   --> wkmp-ai\src\workflow\pipeline.rs:430:43
    |
430 |         let mut extraction_results = self.extract(file_path, boundary, passage_index).await?;
    |                                           ^^^^^^^

warning: `wkmp-ai` (lib) generated 2 warnings
    Finished `dev` profile [unoptimized + debuginfo] target(s) in 0.31s
     Running `C:\Users\Mango Cat\Dev\McRhythm\target\debug\wkmp-ai.exe`
2026-02-05T22:50:41.126594Z  INFO main ThreadId(01) wkmp_ai: wkmp-ai\src\main.rs:39: Starting WKMP Audio Ingest (wkmp-ai) v0.1.0 [ca7a2a35] built 2026-02-05T17:49:23-05:00 (debug)
2026-02-05T22:50:41.126996Z  WARN main ThreadId(01) wkmp_common::config: wkmp-common\src\config.rs:231: Config file not found at C:\Users\Mango Cat\AppData\Roaming\WKMP\audio-ingest.toml, using default configuration
2026-02-05T22:50:41.127074Z  INFO main ThreadId(01) wkmp_common::config: wkmp-common\src\config.rs:248: Root folder: C:\Users\Mango Cat\Music (compiled default)
2026-02-05T22:50:41.127254Z  INFO main ThreadId(01) wkmp_common::config: wkmp-common\src\config.rs:373: Root folder directory exists: C:\Users\Mango Cat\Music
2026-02-05T22:50:41.127403Z  INFO main ThreadId(01) wkmp_ai: wkmp-ai\src\main.rs:59: Database: C:\Users\Mango Cat\Music\wkmp.db
2026-02-05T22:50:41.127550Z  INFO main ThreadId(01) wkmp_ai: wkmp-ai\src\main.rs:63: Stage 1: Reading RESTART_REQUIRED configuration parameters
2026-02-05T22:50:41.128516Z DEBUG main ThreadId(01) wkmp_ai::models::bootstrap_config: wkmp-ai\src\models\bootstrap_config.rs:90: Creating bootstrap connection to read RESTART_REQUIRED parameters
2026-02-05T22:50:41.133142Z  WARN main ThreadId(01) wkmp_ai::models::bootstrap_config: wkmp-ai\src\models\bootstrap_config.rs:179: ai_database_lock_retry_ms=300 below minimum 1000ms, clamping to 1000ms (values below 1000ms cause cascading lock failures)
2026-02-05T22:50:41.133243Z  WARN main ThreadId(01) wkmp_ai::models::bootstrap_config: wkmp-ai\src\models\bootstrap_config.rs:190: ai_database_max_lock_wait_ms=5000 below minimum 10000ms, clamping to 10000ms (values below 10000ms exhaust retry budget before transactions complete)
2026-02-05T22:50:41.133308Z  INFO main ThreadId(01) wkmp_ai::models::bootstrap_config: wkmp-ai\src\models\bootstrap_config.rs:214: ai_processing_thread_count is NULL, using single-worker default: 1 workers
2026-02-05T22:50:41.147571Z DEBUG main ThreadId(01) wkmp_ai::models::bootstrap_config: wkmp-ai\src\models\bootstrap_config.rs:277: Bootstrap connection closed
2026-02-05T22:50:41.147769Z  INFO main ThreadId(01) wkmp_ai: wkmp-ai\src\main.rs:73: Configuration loaded: pool_size=96, lock_retry=1000ms, max_wait=10000ms, threads=1
2026-02-05T22:50:41.147830Z  INFO main ThreadId(01) wkmp_ai: wkmp-ai\src\main.rs:87: Building Tokio runtime: worker_threads=1, max_blocking_threads=2
2026-02-05T22:50:41.147989Z  INFO main ThreadId(01) wkmp_ai: wkmp-ai\src\main.rs:106: Stage 2: Creating production database pool with configuration
2026-02-05T22:50:41.148182Z DEBUG main ThreadId(01) wkmp_ai::models::bootstrap_config: wkmp-ai\src\models\bootstrap_config.rs:312: Creating production database pool: 96 connections, busy_timeout=1000ms
2026-02-05T22:50:41.195837Z  INFO main ThreadId(01) wkmp_ai::models::bootstrap_config: wkmp-ai\src\models\bootstrap_config.rs:337: Production database pool ready: max=96 min=48 connections, busy_timeout=1000ms, thread_count=1
2026-02-05T22:50:41.195995Z  INFO main ThreadId(01) wkmp_ai: wkmp-ai\src\main.rs:117: Initializing database schema
2026-02-05T22:50:41.202054Z  INFO main ThreadId(01) wkmp_common::db::table_schemas: wkmp-common\src\db\table_schemas.rs:411: === Phase 2: Automatic Schema Synchronization ===
2026-02-05T22:50:41.202164Z  INFO main ThreadId(01) wkmp_common::db::schema_sync: wkmp-common\src\db\schema_sync.rs:324: Schema sync: Checking table 'files'
2026-02-05T22:50:41.202789Z  INFO main ThreadId(01) wkmp_common::db::schema_sync: wkmp-common\src\db\schema_sync.rs:342:   ✓ Schema up to date for 'files'
2026-02-05T22:50:41.202899Z  INFO main ThreadId(01) wkmp_common::db::schema_sync: wkmp-common\src\db\schema_sync.rs:324: Schema sync: Checking table 'passages'
2026-02-05T22:50:41.203640Z  INFO main ThreadId(01) wkmp_common::db::schema_sync: wkmp-common\src\db\schema_sync.rs:342:   ✓ Schema up to date for 'passages'
2026-02-05T22:50:41.203827Z  INFO main ThreadId(01) wkmp_common::db::schema_sync: wkmp-common\src\db\schema_sync.rs:324: Schema sync: Checking table 'songs'
2026-02-05T22:50:41.204468Z  INFO main ThreadId(01) wkmp_common::db::schema_sync: wkmp-common\src\db\schema_sync.rs:342:   ✓ Schema up to date for 'songs'
2026-02-05T22:50:41.204671Z  INFO main ThreadId(01) wkmp_common::db::schema_sync: wkmp-common\src\db\schema_sync.rs:324: Schema sync: Checking table 'works'
2026-02-05T22:50:41.205144Z  INFO main ThreadId(01) wkmp_common::db::schema_sync: wkmp-common\src\db\schema_sync.rs:342:   ✓ Schema up to date for 'works'
2026-02-05T22:50:41.205229Z  INFO main ThreadId(01) wkmp_common::db::schema_sync: wkmp-common\src\db\schema_sync.rs:324: Schema sync: Checking table 'albums'
2026-02-05T22:50:41.205626Z  INFO main ThreadId(01) wkmp_common::db::schema_sync: wkmp-common\src\db\schema_sync.rs:342:   ✓ Schema up to date for 'albums'
2026-02-05T22:50:41.205721Z  INFO main ThreadId(01) wkmp_common::db::schema_sync: wkmp-common\src\db\schema_sync.rs:324: Schema sync: Checking table 'artists'
2026-02-05T22:50:41.206071Z  INFO main ThreadId(01) wkmp_common::db::schema_sync: wkmp-common\src\db\schema_sync.rs:342:   ✓ Schema up to date for 'artists'
2026-02-05T22:50:41.206156Z  INFO main ThreadId(01) wkmp_common::db::table_schemas: wkmp-common\src\db\table_schemas.rs:422: === Schema Synchronization Complete ===
2026-02-05T22:50:41.206486Z  INFO main ThreadId(01) wkmp_common::db::migrations: wkmp-common\src\db\migrations.rs:98: Database schema is up to date (v4)
2026-02-05T22:50:41.214785Z  INFO main ThreadId(01) wkmp_common::db::init: wkmp-common\src\db\init.rs:297: Default settings initialized
2026-02-05T22:50:41.215108Z  INFO main ThreadId(01) wkmp_common::db::init: wkmp-common\src\db\init.rs:90: Database busy timeout set to 300 ms
2026-02-05T22:50:41.215189Z  INFO main ThreadId(01) wkmp_ai: wkmp-ai\src\main.rs:122: Database pool ready (96 connections, schema verified)
2026-02-05T22:50:41.216173Z  WARN main ThreadId(01) wkmp_ai::config: wkmp-ai\src\config.rs:51: AcoustID API key found in multiple sources: database, TOML. Using database (highest priority).
2026-02-05T22:50:41.216268Z  INFO main ThreadId(01) wkmp_ai::config: wkmp-ai\src\config.rs:60: AcoustID API key loaded from database
2026-02-05T22:50:41.227296Z  INFO main ThreadId(01) wkmp_ai: wkmp-ai\src\main.rs:203: Cleaned up 1 stale import session(s) from previous run
2026-02-05T22:50:41.227434Z  INFO main ThreadId(01) wkmp_ai: wkmp-ai\src\main.rs:218: Event bus initialized
2026-02-05T22:50:41.229238Z  INFO main ThreadId(01) wkmp_ai: wkmp-ai\src\main.rs:260: Listening on http://127.0.0.1:5723
2026-02-05T22:50:41.229335Z  INFO main ThreadId(01) wkmp_ai: wkmp-ai\src\main.rs:261: Health check: http://127.0.0.1:5723/health
2026-02-05T22:50:41.248386Z DEBUG tokio-runtime-worker ThreadId(23) wkmp_ai: wkmp-ai\src\main.rs:240: Pool utilization snapshot pool_size=48 idle_connections=48 in_use_connections=0 utilization_pct=0
2026-02-05T22:50:43.830172Z  INFO tokio-runtime-worker ThreadId(23) wkmp_common::sse: wkmp-common\src\sse.rs:30: New SSE client connected to wkmp-ai general events
2026-02-05T22:50:43.831333Z  INFO tokio-runtime-worker ThreadId(23) wkmp_common::sse: wkmp-common\src\sse.rs:33: SSE: wkmp-ai event stream started
2026-02-05T22:50:43.832866Z  INFO tokio-runtime-worker ThreadId(23) wkmp_ai::api::sse: wkmp-ai\src\api\sse.rs:40: New SSE client connected to import events
2026-02-05T22:50:43.833814Z  INFO tokio-runtime-worker ThreadId(23) wkmp_ai::api::sse: wkmp-ai\src\api\sse.rs:47: SSE: Import event stream started
2026-02-05T22:50:46.420128Z  INFO tokio-runtime-worker ThreadId(23) wkmp_common::sse: wkmp-common\src\sse.rs:30: New SSE client connected to wkmp-ai general events
2026-02-05T22:50:46.420617Z  INFO tokio-runtime-worker ThreadId(23) wkmp_common::sse: wkmp-common\src\sse.rs:33: SSE: wkmp-ai event stream started
2026-02-05T22:50:47.686293Z DEBUG tokio-runtime-worker ThreadId(23) wkmp_ai::extractors::acoustid_client: wkmp-ai\src\extractors\acoustid_client.rs:118: Validating AcoustID API key
2026-02-05T22:50:47.951943Z DEBUG tokio-runtime-worker ThreadId(23) wkmp_ai::extractors::acoustid_client: wkmp-ai\src\extractors\acoustid_client.rs:155: AcoustID API key is valid (error code 3 = fingerprint rejected, key accepted)
2026-02-05T22:50:47.952401Z  INFO tokio-runtime-worker ThreadId(23) wkmp_ai::api::import_workflow: wkmp-ai\src\api\import_workflow.rs:109: AcoustID API key validated successfully
2026-02-05T22:50:47.958281Z  INFO tokio-runtime-worker ThreadId(23) wkmp_ai::api::import_workflow: wkmp-ai\src\api\import_workflow.rs:165: Import session started and persisted to database session_id=4b515178-85e0-43eb-8eb8-3f4fb38ec0c0 root_folder=C:\Users\Mango Cat\Music
2026-02-05T22:50:47.958891Z  INFO tokio-runtime-worker ThreadId(23) wkmp_ai::api::import_workflow: wkmp-ai\src\api\import_workflow.rs:184: Background import workflow task started session_id=4b515178-85e0-43eb-8eb8-3f4fb38ec0c0
2026-02-05T22:50:47.959019Z  INFO tokio-runtime-worker ThreadId(23) wkmp_ai::api::import_workflow: wkmp-ai\src\api\import_workflow.rs:342: Starting import workflow orchestration session_id=4b515178-85e0-43eb-8eb8-3f4fb38ec0c0
2026-02-05T22:50:47.959813Z  INFO tokio-runtime-worker ThreadId(23) wkmp_ai::services::workflow_orchestrator: wkmp-ai\src\services\workflow_orchestrator\mod.rs:128: AcoustID client initialized with configured API key
2026-02-05T22:50:47.960536Z  WARN tokio-runtime-worker ThreadId(23) wkmp_ai::services::workflow_orchestrator: wkmp-ai\src\services\workflow_orchestrator\mod.rs:146: Essentia not available - install essentia_streaming_extractor_music for fallback analysis
2026-02-05T22:50:47.960679Z  INFO tokio-runtime-worker ThreadId(23) wkmp_ai::services::workflow_orchestrator: wkmp-ai\src\services\workflow_orchestrator\mod.rs:340: Starting PLAN024 import workflow session_id=4b515178-85e0-43eb-8eb8-3f4fb38ec0c0 root_folder=C:\Users\Mango Cat\Music
2026-02-05T22:50:47.960783Z DEBUG tokio-runtime-worker ThreadId(23) wkmp_ai::services::workflow_orchestrator: wkmp-ai\src\services\workflow_orchestrator\mod.rs:347: Broadcasting ImportSessionStarted event session_id=4b515178-85e0-43eb-8eb8-3f4fb38ec0c0
2026-02-05T22:50:47.960868Z DEBUG tokio-runtime-worker ThreadId(23) wkmp_ai::services::workflow_orchestrator: wkmp-ai\src\services\workflow_orchestrator\mod.rs:353: ImportSessionStarted event broadcast complete session_id=4b515178-85e0-43eb-8eb8-3f4fb38ec0c0
2026-02-05T22:50:47.960937Z DEBUG tokio-runtime-worker ThreadId(23) wkmp_ai::services::workflow_orchestrator: wkmp-ai\src\services\workflow_orchestrator\mod.rs:356: Calling phase_scanning() session_id=4b515178-85e0-43eb-8eb8-3f4fb38ec0c0
2026-02-05T22:50:47.961009Z DEBUG tokio-runtime-worker ThreadId(23) wkmp_ai::services::workflow_orchestrator::phase_scanning: wkmp-ai\src\services\workflow_orchestrator\phase_scanning.rs:45: phase_scanning() entry session_id=4b515178-85e0-43eb-8eb8-3f4fb38ec0c0
2026-02-05T22:50:47.961076Z DEBUG tokio-runtime-worker ThreadId(23) wkmp_ai::services::workflow_orchestrator::phase_scanning: wkmp-ai\src\services\workflow_orchestrator\phase_scanning.rs:47: transitioned to Scanning state session_id=4b515178-85e0-43eb-8eb8-3f4fb38ec0c0
2026-02-05T22:50:47.961148Z DEBUG tokio-runtime-worker ThreadId(23) wkmp_ai::services::workflow_orchestrator::phase_scanning: wkmp-ai\src\services\workflow_orchestrator\phase_scanning.rs:49: updated progress, about to save session to database session_id=4b515178-85e0-43eb-8eb8-3f4fb38ec0c0
2026-02-05T22:50:47.961369Z DEBUG tokio-runtime-worker ThreadId(23) wkmp_ai::api::sse: wkmp-ai\src\api\sse.rs:71: SSE: Broadcasting import event: ImportSessionStarted
2026-02-05T22:50:47.961685Z  INFO tokio-runtime-worker ThreadId(23) wkmp_ai::api::sse: wkmp-ai\src\api\sse.rs:40: New SSE client connected to import events
2026-02-05T22:50:47.961799Z  INFO tokio-runtime-worker ThreadId(23) wkmp_ai::api::sse: wkmp-ai\src\api\sse.rs:47: SSE: Import event stream started
2026-02-05T22:50:47.962205Z DEBUG tokio-runtime-worker ThreadId(23) wkmp_ai::services::workflow_orchestrator::phase_scanning: wkmp-ai\src\services\workflow_orchestrator\phase_scanning.rs:51: session saved to database session_id=4b515178-85e0-43eb-8eb8-3f4fb38ec0c0
2026-02-05T22:50:47.962313Z DEBUG tokio-runtime-worker ThreadId(23) wkmp_ai::services::workflow_orchestrator: wkmp-ai\src\services\workflow_orchestrator\mod.rs:1438: Acquiring all statistics Mutex locks for SSE conversion
2026-02-05T22:50:47.962391Z DEBUG tokio-runtime-worker ThreadId(23) wkmp_ai::services::workflow_orchestrator: wkmp-ai\src\services\workflow_orchestrator\mod.rs:1467: All statistics Mutex locks acquired and data cloned
2026-02-05T22:50:47.962477Z DEBUG tokio-runtime-worker ThreadId(23) wkmp_ai::services::workflow_orchestrator: wkmp-ai\src\services\workflow_orchestrator\mod.rs:1577: Releasing all statistics Mutex locks for SSE conversion
2026-02-05T22:50:47.962579Z  INFO tokio-runtime-worker ThreadId(23) wkmp_ai::services::workflow_orchestrator::phase_scanning: wkmp-ai\src\services\workflow_orchestrator\phase_scanning.rs:64: Phase 1: SCANNING (file discovery + classification) session_id=4b515178-85e0-43eb-8eb8-3f4fb38ec0c0
2026-02-05T22:50:47.962797Z DEBUG tokio-runtime-worker ThreadId(23) wkmp_ai::api::sse: wkmp-ai\src\api\sse.rs:71: SSE: Broadcasting import event: ImportProgressUpdate
2026-02-05T22:50:47.963026Z DEBUG tokio-runtime-worker ThreadId(23) wkmp_ai::api::sse: wkmp-ai\src\api\sse.rs:71: SSE: Broadcasting import event: ImportProgressUpdate
2026-02-05T22:50:47.966751Z DEBUG tokio-runtime-worker ThreadId(72) wkmp_ai::services::workflow_orchestrator::phase_scanning: wkmp-ai\src\services\workflow_orchestrator\phase_scanning.rs:94: File discovery and magic byte analysis progress session_id=4b515178-85e0-43eb-8eb8-3f4fb38ec0c0 total_files=100 audio_files=80 image_files=18 other_files=2
2026-02-05T22:50:47.970418Z DEBUG tokio-runtime-worker ThreadId(72) wkmp_ai::services::workflow_orchestrator::phase_scanning: wkmp-ai\src\services\workflow_orchestrator\phase_scanning.rs:94: File discovery and magic byte analysis progress session_id=4b515178-85e0-43eb-8eb8-3f4fb38ec0c0 total_files=200 audio_files=164 image_files=29 other_files=7
2026-02-05T22:50:47.974679Z DEBUG tokio-runtime-worker ThreadId(72) wkmp_ai::services::workflow_orchestrator::phase_scanning: wkmp-ai\src\services\workflow_orchestrator\phase_scanning.rs:94: File discovery and magic byte analysis progress session_id=4b515178-85e0-43eb-8eb8-3f4fb38ec0c0 total_files=300 audio_files=249 image_files=44 other_files=7
2026-02-05T22:50:47.979649Z DEBUG tokio-runtime-worker ThreadId(72) wkmp_ai::services::workflow_orchestrator::phase_scanning: wkmp-ai\src\services\workflow_orchestrator\phase_scanning.rs:94: File discovery and magic byte analysis progress session_id=4b515178-85e0-43eb-8eb8-3f4fb38ec0c0 total_files=400 audio_files=338 image_files=55 other_files=7
2026-02-05T22:50:47.984119Z DEBUG tokio-runtime-worker ThreadId(72) wkmp_ai::services::workflow_orchestrator::phase_scanning: wkmp-ai\src\services\workflow_orchestrator\phase_scanning.rs:94: File discovery and magic byte analysis progress session_id=4b515178-85e0-43eb-8eb8-3f4fb38ec0c0 total_files=500 audio_files=416 image_files=77 other_files=7
2026-02-05T22:50:47.988615Z DEBUG tokio-runtime-worker ThreadId(72) wkmp_ai::services::workflow_orchestrator::phase_scanning: wkmp-ai\src\services\workflow_orchestrator\phase_scanning.rs:94: File discovery and magic byte analysis progress session_id=4b515178-85e0-43eb-8eb8-3f4fb38ec0c0 total_files=600 audio_files=501 image_files=92 other_files=7
2026-02-05T22:50:47.993642Z DEBUG tokio-runtime-worker ThreadId(72) wkmp_ai::services::workflow_orchestrator::phase_scanning: wkmp-ai\src\services\workflow_orchestrator\phase_scanning.rs:94: File discovery and magic byte analysis progress session_id=4b515178-85e0-43eb-8eb8-3f4fb38ec0c0 total_files=700 audio_files=580 image_files=113 other_files=7
2026-02-05T22:50:47.997576Z DEBUG tokio-runtime-worker ThreadId(72) wkmp_ai::services::workflow_orchestrator::phase_scanning: wkmp-ai\src\services\workflow_orchestrator\phase_scanning.rs:94: File discovery and magic byte analysis progress session_id=4b515178-85e0-43eb-8eb8-3f4fb38ec0c0 total_files=800 audio_files=662 image_files=131 other_files=7
2026-02-05T22:50:48.001603Z DEBUG tokio-runtime-worker ThreadId(72) wkmp_ai::services::workflow_orchestrator::phase_scanning: wkmp-ai\src\services\workflow_orchestrator\phase_scanning.rs:94: File discovery and magic byte analysis progress session_id=4b515178-85e0-43eb-8eb8-3f4fb38ec0c0 total_files=900 audio_files=748 image_files=145 other_files=7
2026-02-05T22:50:48.005415Z DEBUG tokio-runtime-worker ThreadId(72) wkmp_ai::services::workflow_orchestrator::phase_scanning: wkmp-ai\src\services\workflow_orchestrator\phase_scanning.rs:94: File discovery and magic byte analysis progress session_id=4b515178-85e0-43eb-8eb8-3f4fb38ec0c0 total_files=1000 audio_files=842 image_files=151 other_files=7
2026-02-05T22:50:48.009620Z DEBUG tokio-runtime-worker ThreadId(72) wkmp_ai::services::workflow_orchestrator::phase_scanning: wkmp-ai\src\services\workflow_orchestrator\phase_scanning.rs:94: File discovery and magic byte analysis progress session_id=4b515178-85e0-43eb-8eb8-3f4fb38ec0c0 total_files=1100 audio_files=922 image_files=171 other_files=7
2026-02-05T22:50:48.013806Z DEBUG tokio-runtime-worker ThreadId(72) wkmp_ai::services::workflow_orchestrator::phase_scanning: wkmp-ai\src\services\workflow_orchestrator\phase_scanning.rs:94: File discovery and magic byte analysis progress session_id=4b515178-85e0-43eb-8eb8-3f4fb38ec0c0 total_files=1200 audio_files=1000 image_files=191 other_files=9
2026-02-05T22:50:48.017359Z DEBUG tokio-runtime-worker ThreadId(72) wkmp_ai::services::workflow_orchestrator::phase_scanning: wkmp-ai\src\services\workflow_orchestrator\phase_scanning.rs:94: File discovery and magic byte analysis progress session_id=4b515178-85e0-43eb-8eb8-3f4fb38ec0c0 total_files=1300 audio_files=1092 image_files=199 other_files=9
2026-02-05T22:50:48.020925Z DEBUG tokio-runtime-worker ThreadId(72) wkmp_ai::services::workflow_orchestrator::phase_scanning: wkmp-ai\src\services\workflow_orchestrator\phase_scanning.rs:94: File discovery and magic byte analysis progress session_id=4b515178-85e0-43eb-8eb8-3f4fb38ec0c0 total_files=1400 audio_files=1186 image_files=205 other_files=9
2026-02-05T22:50:48.024663Z DEBUG tokio-runtime-worker ThreadId(72) wkmp_ai::services::workflow_orchestrator::phase_scanning: wkmp-ai\src\services\workflow_orchestrator\phase_scanning.rs:94: File discovery and magic byte analysis progress session_id=4b515178-85e0-43eb-8eb8-3f4fb38ec0c0 total_files=1500 audio_files=1270 image_files=221 other_files=9
2026-02-05T22:50:48.028431Z DEBUG tokio-runtime-worker ThreadId(72) wkmp_ai::services::workflow_orchestrator::phase_scanning: wkmp-ai\src\services\workflow_orchestrator\phase_scanning.rs:94: File discovery and magic byte analysis progress session_id=4b515178-85e0-43eb-8eb8-3f4fb38ec0c0 total_files=1600 audio_files=1358 image_files=233 other_files=9
2026-02-05T22:50:48.031908Z DEBUG tokio-runtime-worker ThreadId(72) wkmp_ai::services::workflow_orchestrator::phase_scanning: wkmp-ai\src\services\workflow_orchestrator\phase_scanning.rs:94: File discovery and magic byte analysis progress session_id=4b515178-85e0-43eb-8eb8-3f4fb38ec0c0 total_files=1700 audio_files=1443 image_files=248 other_files=9
2026-02-05T22:50:48.035358Z DEBUG tokio-runtime-worker ThreadId(72) wkmp_ai::services::workflow_orchestrator::phase_scanning: wkmp-ai\src\services\workflow_orchestrator\phase_scanning.rs:94: File discovery and magic byte analysis progress session_id=4b515178-85e0-43eb-8eb8-3f4fb38ec0c0 total_files=1800 audio_files=1527 image_files=264 other_files=9
2026-02-05T22:50:48.038838Z DEBUG tokio-runtime-worker ThreadId(72) wkmp_ai::services::workflow_orchestrator::phase_scanning: wkmp-ai\src\services\workflow_orchestrator\phase_scanning.rs:94: File discovery and magic byte analysis progress session_id=4b515178-85e0-43eb-8eb8-3f4fb38ec0c0 total_files=1900 audio_files=1608 image_files=281 other_files=11
2026-02-05T22:50:48.043236Z DEBUG tokio-runtime-worker ThreadId(72) wkmp_ai::services::workflow_orchestrator::phase_scanning: wkmp-ai\src\services\workflow_orchestrator\phase_scanning.rs:94: File discovery and magic byte analysis progress session_id=4b515178-85e0-43eb-8eb8-3f4fb38ec0c0 total_files=2000 audio_files=1686 image_files=302 other_files=12
2026-02-05T22:50:48.047571Z DEBUG tokio-runtime-worker ThreadId(72) wkmp_ai::services::workflow_orchestrator::phase_scanning: wkmp-ai\src\services\workflow_orchestrator\phase_scanning.rs:94: File discovery and magic byte analysis progress session_id=4b515178-85e0-43eb-8eb8-3f4fb38ec0c0 total_files=2100 audio_files=1763 image_files=323 other_files=14
2026-02-05T22:50:48.051268Z DEBUG tokio-runtime-worker ThreadId(72) wkmp_ai::services::workflow_orchestrator::phase_scanning: wkmp-ai\src\services\workflow_orchestrator\phase_scanning.rs:94: File discovery and magic byte analysis progress session_id=4b515178-85e0-43eb-8eb8-3f4fb38ec0c0 total_files=2200 audio_files=1847 image_files=338 other_files=15
2026-02-05T22:50:48.063273Z DEBUG tokio-runtime-worker ThreadId(72) wkmp_ai::services::workflow_orchestrator::phase_scanning: wkmp-ai\src\services\workflow_orchestrator\phase_scanning.rs:94: File discovery and magic byte analysis progress session_id=4b515178-85e0-43eb-8eb8-3f4fb38ec0c0 total_files=2300 audio_files=1922 image_files=360 other_files=18
2026-02-05T22:50:48.068017Z DEBUG tokio-runtime-worker ThreadId(72) wkmp_ai::services::workflow_orchestrator::phase_scanning: wkmp-ai\src\services\workflow_orchestrator\phase_scanning.rs:94: File discovery and magic byte analysis progress session_id=4b515178-85e0-43eb-8eb8-3f4fb38ec0c0 total_files=2400 audio_files=2010 image_files=372 other_files=18
2026-02-05T22:50:48.072505Z DEBUG tokio-runtime-worker ThreadId(72) wkmp_ai::services::workflow_orchestrator::phase_scanning: wkmp-ai\src\services\workflow_orchestrator\phase_scanning.rs:94: File discovery and magic byte analysis progress session_id=4b515178-85e0-43eb-8eb8-3f4fb38ec0c0 total_files=2500 audio_files=2090 image_files=392 other_files=18
2026-02-05T22:50:48.077662Z DEBUG tokio-runtime-worker ThreadId(72) wkmp_ai::services::workflow_orchestrator::phase_scanning: wkmp-ai\src\services\workflow_orchestrator\phase_scanning.rs:94: File discovery and magic byte analysis progress session_id=4b515178-85e0-43eb-8eb8-3f4fb38ec0c0 total_files=2600 audio_files=2176 image_files=406 other_files=18
2026-02-05T22:50:48.081676Z DEBUG tokio-runtime-worker ThreadId(72) wkmp_ai::services::workflow_orchestrator::phase_scanning: wkmp-ai\src\services\workflow_orchestrator\phase_scanning.rs:94: File discovery and magic byte analysis progress session_id=4b515178-85e0-43eb-8eb8-3f4fb38ec0c0 total_files=2700 audio_files=2256 image_files=426 other_files=18
2026-02-05T22:50:48.086591Z DEBUG tokio-runtime-worker ThreadId(72) wkmp_ai::services::workflow_orchestrator::phase_scanning: wkmp-ai\src\services\workflow_orchestrator\phase_scanning.rs:94: File discovery and magic byte analysis progress session_id=4b515178-85e0-43eb-8eb8-3f4fb38ec0c0 total_files=2800 audio_files=2336 image_files=446 other_files=18
2026-02-05T22:50:48.092016Z DEBUG tokio-runtime-worker ThreadId(72) wkmp_ai::services::workflow_orchestrator::phase_scanning: wkmp-ai\src\services\workflow_orchestrator\phase_scanning.rs:94: File discovery and magic byte analysis progress session_id=4b515178-85e0-43eb-8eb8-3f4fb38ec0c0 total_files=2900 audio_files=2417 image_files=465 other_files=18
2026-02-05T22:50:48.097991Z DEBUG tokio-runtime-worker ThreadId(72) wkmp_ai::services::workflow_orchestrator::phase_scanning: wkmp-ai\src\services\workflow_orchestrator\phase_scanning.rs:94: File discovery and magic byte analysis progress session_id=4b515178-85e0-43eb-8eb8-3f4fb38ec0c0 total_files=3000 audio_files=2501 image_files=480 other_files=19
2026-02-05T22:50:48.104170Z DEBUG tokio-runtime-worker ThreadId(72) wkmp_ai::services::workflow_orchestrator::phase_scanning: wkmp-ai\src\services\workflow_orchestrator\phase_scanning.rs:94: File discovery and magic byte analysis progress session_id=4b515178-85e0-43eb-8eb8-3f4fb38ec0c0 total_files=3100 audio_files=2589 image_files=492 other_files=19
2026-02-05T22:50:48.110148Z DEBUG tokio-runtime-worker ThreadId(72) wkmp_ai::services::workflow_orchestrator::phase_scanning: wkmp-ai\src\services\workflow_orchestrator\phase_scanning.rs:94: File discovery and magic byte analysis progress session_id=4b515178-85e0-43eb-8eb8-3f4fb38ec0c0 total_files=3200 audio_files=2669 image_files=512 other_files=19
2026-02-05T22:50:48.115766Z DEBUG tokio-runtime-worker ThreadId(72) wkmp_ai::services::workflow_orchestrator::phase_scanning: wkmp-ai\src\services\workflow_orchestrator\phase_scanning.rs:94: File discovery and magic byte analysis progress session_id=4b515178-85e0-43eb-8eb8-3f4fb38ec0c0 total_files=3300 audio_files=2744 image_files=534 other_files=22
2026-02-05T22:50:48.122187Z DEBUG tokio-runtime-worker ThreadId(72) wkmp_ai::services::workflow_orchestrator::phase_scanning: wkmp-ai\src\services\workflow_orchestrator\phase_scanning.rs:94: File discovery and magic byte analysis progress session_id=4b515178-85e0-43eb-8eb8-3f4fb38ec0c0 total_files=3400 audio_files=2829 image_files=549 other_files=22
2026-02-05T22:50:48.126790Z DEBUG tokio-runtime-worker ThreadId(72) wkmp_ai::services::workflow_orchestrator::phase_scanning: wkmp-ai\src\services\workflow_orchestrator\phase_scanning.rs:94: File discovery and magic byte analysis progress session_id=4b515178-85e0-43eb-8eb8-3f4fb38ec0c0 total_files=3500 audio_files=2910 image_files=568 other_files=22
2026-02-05T22:50:48.131803Z DEBUG tokio-runtime-worker ThreadId(72) wkmp_ai::services::workflow_orchestrator::phase_scanning: wkmp-ai\src\services\workflow_orchestrator\phase_scanning.rs:94: File discovery and magic byte analysis progress session_id=4b515178-85e0-43eb-8eb8-3f4fb38ec0c0 total_files=3600 audio_files=3000 image_files=577 other_files=23
2026-02-05T22:50:48.135401Z DEBUG tokio-runtime-worker ThreadId(72) wkmp_ai::services::workflow_orchestrator::phase_scanning: wkmp-ai\src\services\workflow_orchestrator\phase_scanning.rs:94: File discovery and magic byte analysis progress session_id=4b515178-85e0-43eb-8eb8-3f4fb38ec0c0 total_files=3700 audio_files=3078 image_files=598 other_files=24
2026-02-05T22:50:48.138731Z DEBUG tokio-runtime-worker ThreadId(72) wkmp_ai::services::workflow_orchestrator::phase_scanning: wkmp-ai\src\services\workflow_orchestrator\phase_scanning.rs:94: File discovery and magic byte analysis progress session_id=4b515178-85e0-43eb-8eb8-3f4fb38ec0c0 total_files=3800 audio_files=3165 image_files=611 other_files=24
2026-02-05T22:50:48.142446Z DEBUG tokio-runtime-worker ThreadId(72) wkmp_ai::services::workflow_orchestrator::phase_scanning: wkmp-ai\src\services\workflow_orchestrator\phase_scanning.rs:94: File discovery and magic byte analysis progress session_id=4b515178-85e0-43eb-8eb8-3f4fb38ec0c0 total_files=3900 audio_files=3253 image_files=623 other_files=24
2026-02-05T22:50:48.148642Z DEBUG tokio-runtime-worker ThreadId(72) wkmp_ai::services::workflow_orchestrator::phase_scanning: wkmp-ai\src\services\workflow_orchestrator\phase_scanning.rs:94: File discovery and magic byte analysis progress session_id=4b515178-85e0-43eb-8eb8-3f4fb38ec0c0 total_files=4000 audio_files=3336 image_files=640 other_files=24
2026-02-05T22:50:48.152215Z DEBUG tokio-runtime-worker ThreadId(72) wkmp_ai::services::workflow_orchestrator::phase_scanning: wkmp-ai\src\services\workflow_orchestrator\phase_scanning.rs:94: File discovery and magic byte analysis progress session_id=4b515178-85e0-43eb-8eb8-3f4fb38ec0c0 total_files=4100 audio_files=3417 image_files=658 other_files=25
2026-02-05T22:50:48.155212Z  WARN tokio-runtime-worker ThreadId(72) wkmp_ai::services::file_scanner: wkmp-ai\src\services\file_scanner.rs:578: Error getting metadata for C:\Users\Mango Cat\Music\nul: Incorrect function. (os error 1)
2026-02-05T22:50:48.157103Z DEBUG tokio-runtime-worker ThreadId(72) wkmp_ai::services::workflow_orchestrator::phase_scanning: wkmp-ai\src\services\workflow_orchestrator\phase_scanning.rs:94: File discovery and magic byte analysis progress session_id=4b515178-85e0-43eb-8eb8-3f4fb38ec0c0 total_files=4200 audio_files=3500 image_files=674 other_files=26
2026-02-05T22:50:48.164556Z DEBUG tokio-runtime-worker ThreadId(72) wkmp_ai::services::workflow_orchestrator::phase_scanning: wkmp-ai\src\services\workflow_orchestrator\phase_scanning.rs:94: File discovery and magic byte analysis progress session_id=4b515178-85e0-43eb-8eb8-3f4fb38ec0c0 total_files=4300 audio_files=3573 image_files=699 other_files=28
2026-02-05T22:50:48.168434Z DEBUG tokio-runtime-worker ThreadId(72) wkmp_ai::services::workflow_orchestrator::phase_scanning: wkmp-ai\src\services\workflow_orchestrator\phase_scanning.rs:94: File discovery and magic byte analysis progress session_id=4b515178-85e0-43eb-8eb8-3f4fb38ec0c0 total_files=4400 audio_files=3656 image_files=716 other_files=28
2026-02-05T22:50:48.173270Z DEBUG tokio-runtime-worker ThreadId(72) wkmp_ai::services::workflow_orchestrator::phase_scanning: wkmp-ai\src\services\workflow_orchestrator\phase_scanning.rs:94: File discovery and magic byte analysis progress session_id=4b515178-85e0-43eb-8eb8-3f4fb38ec0c0 total_files=4500 audio_files=3727 image_files=743 other_files=30
2026-02-05T22:50:48.176999Z DEBUG tokio-runtime-worker ThreadId(72) wkmp_ai::services::workflow_orchestrator::phase_scanning: wkmp-ai\src\services\workflow_orchestrator\phase_scanning.rs:94: File discovery and magic byte analysis progress session_id=4b515178-85e0-43eb-8eb8-3f4fb38ec0c0 total_files=4600 audio_files=3799 image_files=771 other_files=30
2026-02-05T22:50:48.181063Z DEBUG tokio-runtime-worker ThreadId(72) wkmp_ai::services::workflow_orchestrator::phase_scanning: wkmp-ai\src\services\workflow_orchestrator\phase_scanning.rs:94: File discovery and magic byte analysis progress session_id=4b515178-85e0-43eb-8eb8-3f4fb38ec0c0 total_files=4700 audio_files=3879 image_files=791 other_files=30
2026-02-05T22:50:48.184825Z DEBUG tokio-runtime-worker ThreadId(72) wkmp_ai::services::workflow_orchestrator::phase_scanning: wkmp-ai\src\services\workflow_orchestrator\phase_scanning.rs:94: File discovery and magic byte analysis progress session_id=4b515178-85e0-43eb-8eb8-3f4fb38ec0c0 total_files=4800 audio_files=3960 image_files=809 other_files=31
2026-02-05T22:50:48.188476Z DEBUG tokio-runtime-worker ThreadId(72) wkmp_ai::services::workflow_orchestrator::phase_scanning: wkmp-ai\src\services\workflow_orchestrator\phase_scanning.rs:94: File discovery and magic byte analysis progress session_id=4b515178-85e0-43eb-8eb8-3f4fb38ec0c0 total_files=4900 audio_files=4041 image_files=828 other_files=31
2026-02-05T22:50:48.192354Z DEBUG tokio-runtime-worker ThreadId(72) wkmp_ai::services::workflow_orchestrator::phase_scanning: wkmp-ai\src\services\workflow_orchestrator\phase_scanning.rs:94: File discovery and magic byte analysis progress session_id=4b515178-85e0-43eb-8eb8-3f4fb38ec0c0 total_files=5000 audio_files=4123 image_files=845 other_files=32
2026-02-05T22:50:48.196081Z DEBUG tokio-runtime-worker ThreadId(72) wkmp_ai::services::workflow_orchestrator::phase_scanning: wkmp-ai\src\services\workflow_orchestrator\phase_scanning.rs:94: File discovery and magic byte analysis progress session_id=4b515178-85e0-43eb-8eb8-3f4fb38ec0c0 total_files=5100 audio_files=4206 image_files=861 other_files=33
2026-02-05T22:50:48.199410Z DEBUG tokio-runtime-worker ThreadId(72) wkmp_ai::services::workflow_orchestrator::phase_scanning: wkmp-ai\src\services\workflow_orchestrator\phase_scanning.rs:94: File discovery and magic byte analysis progress session_id=4b515178-85e0-43eb-8eb8-3f4fb38ec0c0 total_files=5200 audio_files=4292 image_files=875 other_files=33
2026-02-05T22:50:48.202998Z DEBUG tokio-runtime-worker ThreadId(72) wkmp_ai::services::workflow_orchestrator::phase_scanning: wkmp-ai\src\services\workflow_orchestrator\phase_scanning.rs:94: File discovery and magic byte analysis progress session_id=4b515178-85e0-43eb-8eb8-3f4fb38ec0c0 total_files=5300 audio_files=4376 image_files=891 other_files=33
2026-02-05T22:50:48.206250Z DEBUG tokio-runtime-worker ThreadId(72) wkmp_ai::services::workflow_orchestrator::phase_scanning: wkmp-ai\src\services\workflow_orchestrator\phase_scanning.rs:94: File discovery and magic byte analysis progress session_id=4b515178-85e0-43eb-8eb8-3f4fb38ec0c0 total_files=5400 audio_files=4462 image_files=901 other_files=37
2026-02-05T22:50:48.209745Z DEBUG tokio-runtime-worker ThreadId(72) wkmp_ai::services::workflow_orchestrator::phase_scanning: wkmp-ai\src\services\workflow_orchestrator\phase_scanning.rs:94: File discovery and magic byte analysis progress session_id=4b515178-85e0-43eb-8eb8-3f4fb38ec0c0 total_files=5500 audio_files=4537 image_files=912 other_files=51
2026-02-05T22:50:48.213170Z DEBUG tokio-runtime-worker ThreadId(72) wkmp_ai::services::workflow_orchestrator::phase_scanning: wkmp-ai\src\services\workflow_orchestrator\phase_scanning.rs:94: File discovery and magic byte analysis progress session_id=4b515178-85e0-43eb-8eb8-3f4fb38ec0c0 total_files=5600 audio_files=4617 image_files=930 other_files=53
2026-02-05T22:50:48.216713Z DEBUG tokio-runtime-worker ThreadId(72) wkmp_ai::services::workflow_orchestrator::phase_scanning: wkmp-ai\src\services\workflow_orchestrator\phase_scanning.rs:94: File discovery and magic byte analysis progress session_id=4b515178-85e0-43eb-8eb8-3f4fb38ec0c0 total_files=5700 audio_files=4703 image_files=944 other_files=53
2026-02-05T22:50:48.220334Z DEBUG tokio-runtime-worker ThreadId(72) wkmp_ai::services::workflow_orchestrator::phase_scanning: wkmp-ai\src\services\workflow_orchestrator\phase_scanning.rs:94: File discovery and magic byte analysis progress session_id=4b515178-85e0-43eb-8eb8-3f4fb38ec0c0 total_files=5800 audio_files=4780 image_files=966 other_files=54
2026-02-05T22:50:48.224316Z DEBUG tokio-runtime-worker ThreadId(72) wkmp_ai::services::workflow_orchestrator::phase_scanning: wkmp-ai\src\services\workflow_orchestrator\phase_scanning.rs:94: File discovery and magic byte analysis progress session_id=4b515178-85e0-43eb-8eb8-3f4fb38ec0c0 total_files=5900 audio_files=4867 image_files=979 other_files=54
2026-02-05T22:50:48.228707Z DEBUG tokio-runtime-worker ThreadId(72) wkmp_ai::services::workflow_orchestrator::phase_scanning: wkmp-ai\src\services\workflow_orchestrator\phase_scanning.rs:94: File discovery and magic byte analysis progress session_id=4b515178-85e0-43eb-8eb8-3f4fb38ec0c0 total_files=6000 audio_files=4958 image_files=988 other_files=54
2026-02-05T22:50:48.232489Z DEBUG tokio-runtime-worker ThreadId(72) wkmp_ai::services::workflow_orchestrator::phase_scanning: wkmp-ai\src\services\workflow_orchestrator\phase_scanning.rs:94: File discovery and magic byte analysis progress session_id=4b515178-85e0-43eb-8eb8-3f4fb38ec0c0 total_files=6100 audio_files=5041 image_files=1005 other_files=54
2026-02-05T22:50:48.236498Z DEBUG tokio-runtime-worker ThreadId(72) wkmp_ai::services::workflow_orchestrator::phase_scanning: wkmp-ai\src\services\workflow_orchestrator\phase_scanning.rs:94: File discovery and magic byte analysis progress session_id=4b515178-85e0-43eb-8eb8-3f4fb38ec0c0 total_files=6200 audio_files=5121 image_files=1025 other_files=54
2026-02-05T22:50:48.240397Z DEBUG tokio-runtime-worker ThreadId(72) wkmp_ai::services::workflow_orchestrator::phase_scanning: wkmp-ai\src\services\workflow_orchestrator\phase_scanning.rs:94: File discovery and magic byte analysis progress session_id=4b515178-85e0-43eb-8eb8-3f4fb38ec0c0 total_files=6300 audio_files=5207 image_files=1036 other_files=57
2026-02-05T22:50:48.243976Z DEBUG tokio-runtime-worker ThreadId(72) wkmp_ai::services::workflow_orchestrator::phase_scanning: wkmp-ai\src\services\workflow_orchestrator\phase_scanning.rs:94: File discovery and magic byte analysis progress session_id=4b515178-85e0-43eb-8eb8-3f4fb38ec0c0 total_files=6400 audio_files=5294 image_files=1048 other_files=58
2026-02-05T22:50:48.247319Z DEBUG tokio-runtime-worker ThreadId(72) wkmp_ai::services::workflow_orchestrator::phase_scanning: wkmp-ai\src\services\workflow_orchestrator\phase_scanning.rs:94: File discovery and magic byte analysis progress session_id=4b515178-85e0-43eb-8eb8-3f4fb38ec0c0 total_files=6500 audio_files=5388 image_files=1054 other_files=58
2026-02-05T22:50:48.250978Z DEBUG tokio-runtime-worker ThreadId(72) wkmp_ai::services::workflow_orchestrator::phase_scanning: wkmp-ai\src\services\workflow_orchestrator\phase_scanning.rs:94: File discovery and magic byte analysis progress session_id=4b515178-85e0-43eb-8eb8-3f4fb38ec0c0 total_files=6600 audio_files=5469 image_files=1073 other_files=58
2026-02-05T22:50:48.254598Z DEBUG tokio-runtime-worker ThreadId(72) wkmp_ai::services::workflow_orchestrator::phase_scanning: wkmp-ai\src\services\workflow_orchestrator\phase_scanning.rs:94: File discovery and magic byte analysis progress session_id=4b515178-85e0-43eb-8eb8-3f4fb38ec0c0 total_files=6700 audio_files=5547 image_files=1092 other_files=61
2026-02-05T22:50:48.258132Z DEBUG tokio-runtime-worker ThreadId(72) wkmp_ai::services::workflow_orchestrator::phase_scanning: wkmp-ai\src\services\workflow_orchestrator\phase_scanning.rs:94: File discovery and magic byte analysis progress session_id=4b515178-85e0-43eb-8eb8-3f4fb38ec0c0 total_files=6800 audio_files=5634 image_files=1105 other_files=61
2026-02-05T22:50:48.261530Z DEBUG tokio-runtime-worker ThreadId(72) wkmp_ai::services::workflow_orchestrator::phase_scanning: wkmp-ai\src\services\workflow_orchestrator\phase_scanning.rs:94: File discovery and magic byte analysis progress session_id=4b515178-85e0-43eb-8eb8-3f4fb38ec0c0 total_files=6900 audio_files=5712 image_files=1127 other_files=61
2026-02-05T22:50:48.262873Z DEBUG tokio-runtime-worker ThreadId(72) wkmp_ai::services::workflow_orchestrator::phase_scanning: wkmp-ai\src\services\workflow_orchestrator\phase_scanning.rs:94: File discovery and magic byte analysis progress session_id=4b515178-85e0-43eb-8eb8-3f4fb38ec0c0 total_files=6931 audio_files=5737 image_files=1133 other_files=61
2026-02-05T22:50:48.267962Z  INFO tokio-runtime-worker ThreadId(72) wkmp_ai::services::file_scanner: wkmp-ai\src\services\file_scanner.rs:612: File classification complete: 5737 audio, 1133 image, 61 other (total 6931) | Audio: 5736 confirmed, 1 denied | Images: 1132 confirmed, 1 denied
2026-02-05T22:50:48.268189Z  INFO tokio-runtime-worker ThreadId(23) wkmp_ai::services::workflow_orchestrator::phase_scanning: wkmp-ai\src\services\workflow_orchestrator\phase_scanning.rs:108: File classification completed with magic byte verification session_id=4b515178-85e0-43eb-8eb8-3f4fb38ec0c0 audio_files=5737 image_files=1133 other_files=61 total_files=6931 audio_confirmed=5736 audio_denied=1 image_confirmed=1132 image_denied=1
2026-02-05T22:50:48.270201Z  INFO tokio-runtime-worker ThreadId(23) wkmp_ai::services::workflow_orchestrator::phase_scanning: wkmp-ai\src\services\workflow_orchestrator\phase_scanning.rs:136: Filtered to confirmed audio files only (magic byte verified) session_id=4b515178-85e0-43eb-8eb8-3f4fb38ec0c0 confirmed_audio_files=5736 denied_audio_files=1
2026-02-05T22:50:48.307799Z  INFO tokio-runtime-worker ThreadId(23) wkmp_ai::services::workflow_orchestrator::phase_scanning: wkmp-ai\src\services\workflow_orchestrator\phase_scanning.rs:155: Phase 1.5: BULK_INSERTING - Creating database records for confirmed files session_id=4b515178-85e0-43eb-8eb8-3f4fb38ec0c0 files_to_insert=5736
2026-02-05T22:50:48.307957Z DEBUG tokio-runtime-worker ThreadId(23) wkmp_ai::services::workflow_orchestrator: wkmp-ai\src\services\workflow_orchestrator\mod.rs:1438: Acquiring all statistics Mutex locks for SSE conversion
2026-02-05T22:50:48.308125Z DEBUG tokio-runtime-worker ThreadId(23) wkmp_ai::services::workflow_orchestrator: wkmp-ai\src\services\workflow_orchestrator\mod.rs:1467: All statistics Mutex locks acquired and data cloned
2026-02-05T22:50:48.308276Z DEBUG tokio-runtime-worker ThreadId(23) wkmp_ai::services::workflow_orchestrator: wkmp-ai\src\services\workflow_orchestrator\mod.rs:1577: Releasing all statistics Mutex locks for SSE conversion
2026-02-05T22:50:48.386382Z DEBUG tokio-runtime-worker ThreadId(23) wkmp_ai::api::sse: wkmp-ai\src\api\sse.rs:71: SSE: Broadcasting import event: ImportProgressUpdate
2026-02-05T22:50:48.386884Z DEBUG tokio-runtime-worker ThreadId(23) wkmp_ai::api::sse: wkmp-ai\src\api\sse.rs:71: SSE: Broadcasting import event: ImportProgressUpdate
2026-02-05T22:50:48.387097Z DEBUG tokio-runtime-worker ThreadId(23) wkmp_ai::utils::pool_monitor: wkmp-ai\src\utils\pool_monitor.rs:138: Connection acquisition requested caller="files::batch_save"
2026-02-05T22:50:48.387599Z DEBUG tokio-runtime-worker ThreadId(23) wkmp_ai::utils::pool_monitor: wkmp-ai\src\utils\pool_monitor.rs:162: Connection acquired caller="files::batch_save" wait_ms=0
2026-02-05T22:50:48.387956Z DEBUG tokio-runtime-worker ThreadId(23) wkmp_ai::db::files: wkmp-ai\src\db\files.rs:144: Batch inserting file chunk chunk_size=100
2026-02-05T22:50:48.389437Z DEBUG tokio-runtime-worker ThreadId(23) wkmp_ai::db::files: wkmp-ai\src\db\files.rs:194: Chunk batch insert complete rows_affected=100 chunk_size=100
2026-02-05T22:50:48.389549Z DEBUG tokio-runtime-worker ThreadId(23) wkmp_ai::db::files: wkmp-ai\src\db\files.rs:144: Batch inserting file chunk chunk_size=100
2026-02-05T22:50:48.390611Z DEBUG tokio-runtime-worker ThreadId(23) wkmp_ai::db::files: wkmp-ai\src\db\files.rs:194: Chunk batch insert complete rows_affected=100 chunk_size=100
2026-02-05T22:50:48.390839Z DEBUG tokio-runtime-worker ThreadId(23) wkmp_ai::db::files: wkmp-ai\src\db\files.rs:144: Batch inserting file chunk chunk_size=100
2026-02-05T22:50:48.391850Z DEBUG tokio-runtime-worker ThreadId(23) wkmp_ai::db::files: wkmp-ai\src\db\files.rs:194: Chunk batch insert complete rows_affected=100 chunk_size=100
2026-02-05T22:50:48.391953Z DEBUG tokio-runtime-worker ThreadId(23) wkmp_ai::db::files: wkmp-ai\src\db\files.rs:144: Batch inserting file chunk chunk_size=100
2026-02-05T22:50:48.392952Z DEBUG tokio-runtime-worker ThreadId(23) wkmp_ai::db::files: wkmp-ai\src\db\files.rs:194: Chunk batch insert complete rows_affected=100 chunk_size=100
2026-02-05T22:50:48.393071Z DEBUG tokio-runtime-worker ThreadId(23) wkmp_ai::db::files: wkmp-ai\src\db\files.rs:144: Batch inserting file chunk chunk_size=100
2026-02-05T22:50:48.393943Z DEBUG tokio-runtime-worker ThreadId(23) wkmp_ai::db::files: wkmp-ai\src\db\files.rs:194: Chunk batch insert complete rows_affected=100 chunk_size=100
2026-02-05T22:50:48.394021Z DEBUG tokio-runtime-worker ThreadId(23) wkmp_ai::db::files: wkmp-ai\src\db\files.rs:144: Batch inserting file chunk chunk_size=100
2026-02-05T22:50:48.394765Z DEBUG tokio-runtime-worker ThreadId(23) wkmp_ai::db::files: wkmp-ai\src\db\files.rs:194: Chunk batch insert complete rows_affected=100 chunk_size=100
2026-02-05T22:50:48.394834Z DEBUG tokio-runtime-worker ThreadId(23) wkmp_ai::db::files: wkmp-ai\src\db\files.rs:144: Batch inserting file chunk chunk_size=100
2026-02-05T22:50:48.395543Z DEBUG tokio-runtime-worker ThreadId(23) wkmp_ai::db::files: wkmp-ai\src\db\files.rs:194: Chunk batch insert complete rows_affected=100 chunk_size=100
2026-02-05T22:50:48.395610Z DEBUG tokio-runtime-worker ThreadId(23) wkmp_ai::db::files: wkmp-ai\src\db\files.rs:144: Batch inserting file chunk chunk_size=100
2026-02-05T22:50:48.396312Z DEBUG tokio-runtime-worker ThreadId(23) wkmp_ai::db::files: wkmp-ai\src\db\files.rs:194: Chunk batch insert complete rows_affected=100 chunk_size=100
2026-02-05T22:50:48.396396Z DEBUG tokio-runtime-worker ThreadId(23) wkmp_ai::db::files: wkmp-ai\src\db\files.rs:144: Batch inserting file chunk chunk_size=100
2026-02-05T22:50:48.397121Z DEBUG tokio-runtime-worker ThreadId(23) wkmp_ai::db::files: wkmp-ai\src\db\files.rs:194: Chunk batch insert complete rows_affected=100 chunk_size=100
2026-02-05T22:50:48.397189Z DEBUG tokio-runtime-worker ThreadId(23) wkmp_ai::db::files: wkmp-ai\src\db\files.rs:144: Batch inserting file chunk chunk_size=100
2026-02-05T22:50:48.397892Z DEBUG tokio-runtime-worker ThreadId(23) wkmp_ai::db::files: wkmp-ai\src\db\files.rs:194: Chunk batch insert complete rows_affected=100 chunk_size=100
2026-02-05T22:50:48.397959Z DEBUG tokio-runtime-worker ThreadId(23) wkmp_ai::db::files: wkmp-ai\src\db\files.rs:144: Batch inserting file chunk chunk_size=100
2026-02-05T22:50:48.398737Z DEBUG tokio-runtime-worker ThreadId(23) wkmp_ai::db::files: wkmp-ai\src\db\files.rs:194: Chunk batch insert complete rows_affected=100 chunk_size=100
2026-02-05T22:50:48.398821Z DEBUG tokio-runtime-worker ThreadId(23) wkmp_ai::db::files: wkmp-ai\src\db\files.rs:144: Batch inserting file chunk chunk_size=100
2026-02-05T22:50:48.399567Z DEBUG tokio-runtime-worker ThreadId(23) wkmp_ai::db::files: wkmp-ai\src\db\files.rs:194: Chunk batch insert complete rows_affected=100 chunk_size=100
2026-02-05T22:50:48.399652Z DEBUG tokio-runtime-worker ThreadId(23) wkmp_ai::db::files: wkmp-ai\src\db\files.rs:144: Batch inserting file chunk chunk_size=100
2026-02-05T22:50:48.400504Z DEBUG tokio-runtime-worker ThreadId(23) wkmp_ai::db::files: wkmp-ai\src\db\files.rs:194: Chunk batch insert complete rows_affected=100 chunk_size=100
2026-02-05T22:50:48.400590Z DEBUG tokio-runtime-worker ThreadId(23) wkmp_ai::db::files: wkmp-ai\src\db\files.rs:144: Batch inserting file chunk chunk_size=100
2026-02-05T22:50:48.401322Z DEBUG tokio-runtime-worker ThreadId(23) wkmp_ai::db::files: wkmp-ai\src\db\files.rs:194: Chunk batch insert complete rows_affected=100 chunk_size=100
2026-02-05T22:50:48.401390Z DEBUG tokio-runtime-worker ThreadId(23) wkmp_ai::db::files: wkmp-ai\src\db\files.rs:144: Batch inserting file chunk chunk_size=100
2026-02-05T22:50:48.402098Z DEBUG tokio-runtime-worker ThreadId(23) wkmp_ai::db::files: wkmp-ai\src\db\files.rs:194: Chunk batch insert complete rows_affected=100 chunk_size=100
2026-02-05T22:50:48.402164Z DEBUG tokio-runtime-worker ThreadId(23) wkmp_ai::db::files: wkmp-ai\src\db\files.rs:144: Batch inserting file chunk chunk_size=100
2026-02-05T22:50:48.402851Z DEBUG tokio-runtime-worker ThreadId(23) wkmp_ai::db::files: wkmp-ai\src\db\files.rs:194: Chunk batch insert complete rows_affected=100 chunk_size=100
2026-02-05T22:50:48.402917Z DEBUG tokio-runtime-worker ThreadId(23) wkmp_ai::db::files: wkmp-ai\src\db\files.rs:144: Batch inserting file chunk chunk_size=100
2026-02-05T22:50:48.403725Z DEBUG tokio-runtime-worker ThreadId(23) wkmp_ai::db::files: wkmp-ai\src\db\files.rs:194: Chunk batch insert complete rows_affected=100 chunk_size=100
2026-02-05T22:50:48.403808Z DEBUG tokio-runtime-worker ThreadId(23) wkmp_ai::db::files: wkmp-ai\src\db\files.rs:144: Batch inserting file chunk chunk_size=100
2026-02-05T22:50:48.404542Z DEBUG tokio-runtime-worker ThreadId(23) wkmp_ai::db::files: wkmp-ai\src\db\files.rs:194: Chunk batch insert complete rows_affected=100 chunk_size=100
2026-02-05T22:50:48.404613Z DEBUG tokio-runtime-worker ThreadId(23) wkmp_ai::db::files: wkmp-ai\src\db\files.rs:144: Batch inserting file chunk chunk_size=100
2026-02-05T22:50:48.405383Z DEBUG tokio-runtime-worker ThreadId(23) wkmp_ai::db::files: wkmp-ai\src\db\files.rs:194: Chunk batch insert complete rows_affected=100 chunk_size=100
2026-02-05T22:50:48.405467Z DEBUG tokio-runtime-worker ThreadId(23) wkmp_ai::db::files: wkmp-ai\src\db\files.rs:144: Batch inserting file chunk chunk_size=100
2026-02-05T22:50:48.406201Z DEBUG tokio-runtime-worker ThreadId(23) wkmp_ai::db::files: wkmp-ai\src\db\files.rs:194: Chunk batch insert complete rows_affected=100 chunk_size=100
2026-02-05T22:50:48.406273Z DEBUG tokio-runtime-worker ThreadId(23) wkmp_ai::db::files: wkmp-ai\src\db\files.rs:144: Batch inserting file chunk chunk_size=100
2026-02-05T22:50:48.406977Z DEBUG tokio-runtime-worker ThreadId(23) wkmp_ai::db::files: wkmp-ai\src\db\files.rs:194: Chunk batch insert complete rows_affected=100 chunk_size=100
2026-02-05T22:50:48.407124Z DEBUG tokio-runtime-worker ThreadId(23) wkmp_ai::db::files: wkmp-ai\src\db\files.rs:144: Batch inserting file chunk chunk_size=100
2026-02-05T22:50:48.407936Z DEBUG tokio-runtime-worker ThreadId(23) wkmp_ai::db::files: wkmp-ai\src\db\files.rs:194: Chunk batch insert complete rows_affected=100 chunk_size=100
2026-02-05T22:50:48.408021Z DEBUG tokio-runtime-worker ThreadId(23) wkmp_ai::db::files: wkmp-ai\src\db\files.rs:144: Batch inserting file chunk chunk_size=100
2026-02-05T22:50:48.408769Z DEBUG tokio-runtime-worker ThreadId(23) wkmp_ai::db::files: wkmp-ai\src\db\files.rs:194: Chunk batch insert complete rows_affected=100 chunk_size=100
2026-02-05T22:50:48.408848Z DEBUG tokio-runtime-worker ThreadId(23) wkmp_ai::db::files: wkmp-ai\src\db\files.rs:144: Batch inserting file chunk chunk_size=100
2026-02-05T22:50:48.409696Z DEBUG tokio-runtime-worker ThreadId(23) wkmp_ai::db::files: wkmp-ai\src\db\files.rs:194: Chunk batch insert complete rows_affected=100 chunk_size=100
2026-02-05T22:50:48.409767Z DEBUG tokio-runtime-worker ThreadId(23) wkmp_ai::db::files: wkmp-ai\src\db\files.rs:144: Batch inserting file chunk chunk_size=100
2026-02-05T22:50:48.410470Z DEBUG tokio-runtime-worker ThreadId(23) wkmp_ai::db::files: wkmp-ai\src\db\files.rs:194: Chunk batch insert complete rows_affected=100 chunk_size=100
2026-02-05T22:50:48.410538Z DEBUG tokio-runtime-worker ThreadId(23) wkmp_ai::db::files: wkmp-ai\src\db\files.rs:144: Batch inserting file chunk chunk_size=100
2026-02-05T22:50:48.411229Z DEBUG tokio-runtime-worker ThreadId(23) wkmp_ai::db::files: wkmp-ai\src\db\files.rs:194: Chunk batch insert complete rows_affected=100 chunk_size=100
2026-02-05T22:50:48.411297Z DEBUG tokio-runtime-worker ThreadId(23) wkmp_ai::db::files: wkmp-ai\src\db\files.rs:144: Batch inserting file chunk chunk_size=100
2026-02-05T22:50:48.412000Z DEBUG tokio-runtime-worker ThreadId(23) wkmp_ai::db::files: wkmp-ai\src\db\files.rs:194: Chunk batch insert complete rows_affected=100 chunk_size=100
2026-02-05T22:50:48.412068Z DEBUG tokio-runtime-worker ThreadId(23) wkmp_ai::db::files: wkmp-ai\src\db\files.rs:144: Batch inserting file chunk chunk_size=100
2026-02-05T22:50:48.412781Z DEBUG tokio-runtime-worker ThreadId(23) wkmp_ai::db::files: wkmp-ai\src\db\files.rs:194: Chunk batch insert complete rows_affected=100 chunk_size=100
2026-02-05T22:50:48.412848Z DEBUG tokio-runtime-worker ThreadId(23) wkmp_ai::db::files: wkmp-ai\src\db\files.rs:144: Batch inserting file chunk chunk_size=100
2026-02-05T22:50:48.413549Z DEBUG tokio-runtime-worker ThreadId(23) wkmp_ai::db::files: wkmp-ai\src\db\files.rs:194: Chunk batch insert complete rows_affected=100 chunk_size=100
2026-02-05T22:50:48.413616Z DEBUG tokio-runtime-worker ThreadId(23) wkmp_ai::db::files: wkmp-ai\src\db\files.rs:144: Batch inserting file chunk chunk_size=100
2026-02-05T22:50:48.414323Z DEBUG tokio-runtime-worker ThreadId(23) wkmp_ai::db::files: wkmp-ai\src\db\files.rs:194: Chunk batch insert complete rows_affected=100 chunk_size=100
2026-02-05T22:50:48.414392Z DEBUG tokio-runtime-worker ThreadId(23) wkmp_ai::db::files: wkmp-ai\src\db\files.rs:144: Batch inserting file chunk chunk_size=100
2026-02-05T22:50:48.415082Z DEBUG tokio-runtime-worker ThreadId(23) wkmp_ai::db::files: wkmp-ai\src\db\files.rs:194: Chunk batch insert complete rows_affected=100 chunk_size=100
2026-02-05T22:50:48.415204Z DEBUG tokio-runtime-worker ThreadId(23) wkmp_ai::db::files: wkmp-ai\src\db\files.rs:144: Batch inserting file chunk chunk_size=100
2026-02-05T22:50:48.415959Z DEBUG tokio-runtime-worker ThreadId(23) wkmp_ai::db::files: wkmp-ai\src\db\files.rs:194: Chunk batch insert complete rows_affected=100 chunk_size=100
2026-02-05T22:50:48.416044Z DEBUG tokio-runtime-worker ThreadId(23) wkmp_ai::db::files: wkmp-ai\src\db\files.rs:144: Batch inserting file chunk chunk_size=100
2026-02-05T22:50:48.416757Z DEBUG tokio-runtime-worker ThreadId(23) wkmp_ai::db::files: wkmp-ai\src\db\files.rs:194: Chunk batch insert complete rows_affected=100 chunk_size=100
2026-02-05T22:50:48.416831Z DEBUG tokio-runtime-worker ThreadId(23) wkmp_ai::db::files: wkmp-ai\src\db\files.rs:144: Batch inserting file chunk chunk_size=100
2026-02-05T22:50:48.417597Z DEBUG tokio-runtime-worker ThreadId(23) wkmp_ai::db::files: wkmp-ai\src\db\files.rs:194: Chunk batch insert complete rows_affected=100 chunk_size=100
2026-02-05T22:50:48.417673Z DEBUG tokio-runtime-worker ThreadId(23) wkmp_ai::db::files: wkmp-ai\src\db\files.rs:144: Batch inserting file chunk chunk_size=100
2026-02-05T22:50:48.418448Z DEBUG tokio-runtime-worker ThreadId(23) wkmp_ai::db::files: wkmp-ai\src\db\files.rs:194: Chunk batch insert complete rows_affected=100 chunk_size=100
2026-02-05T22:50:48.418522Z DEBUG tokio-runtime-worker ThreadId(23) wkmp_ai::db::files: wkmp-ai\src\db\files.rs:144: Batch inserting file chunk chunk_size=100
2026-02-05T22:50:48.419285Z DEBUG tokio-runtime-worker ThreadId(23) wkmp_ai::db::files: wkmp-ai\src\db\files.rs:194: Chunk batch insert complete rows_affected=100 chunk_size=100
2026-02-05T22:50:48.419357Z DEBUG tokio-runtime-worker ThreadId(23) wkmp_ai::db::files: wkmp-ai\src\db\files.rs:144: Batch inserting file chunk chunk_size=100
2026-02-05T22:50:48.420084Z DEBUG tokio-runtime-worker ThreadId(23) wkmp_ai::db::files: wkmp-ai\src\db\files.rs:194: Chunk batch insert complete rows_affected=100 chunk_size=100
2026-02-05T22:50:48.420161Z DEBUG tokio-runtime-worker ThreadId(23) wkmp_ai::db::files: wkmp-ai\src\db\files.rs:144: Batch inserting file chunk chunk_size=100
2026-02-05T22:50:48.420954Z DEBUG tokio-runtime-worker ThreadId(23) wkmp_ai::db::files: wkmp-ai\src\db\files.rs:194: Chunk batch insert complete rows_affected=100 chunk_size=100
2026-02-05T22:50:48.421028Z DEBUG tokio-runtime-worker ThreadId(23) wkmp_ai::db::files: wkmp-ai\src\db\files.rs:144: Batch inserting file chunk chunk_size=100
2026-02-05T22:50:48.421745Z DEBUG tokio-runtime-worker ThreadId(23) wkmp_ai::db::files: wkmp-ai\src\db\files.rs:194: Chunk batch insert complete rows_affected=100 chunk_size=100
2026-02-05T22:50:48.421815Z DEBUG tokio-runtime-worker ThreadId(23) wkmp_ai::db::files: wkmp-ai\src\db\files.rs:144: Batch inserting file chunk chunk_size=100
2026-02-05T22:50:48.422549Z DEBUG tokio-runtime-worker ThreadId(23) wkmp_ai::db::files: wkmp-ai\src\db\files.rs:194: Chunk batch insert complete rows_affected=100 chunk_size=100
2026-02-05T22:50:48.422624Z DEBUG tokio-runtime-worker ThreadId(23) wkmp_ai::db::files: wkmp-ai\src\db\files.rs:144: Batch inserting file chunk chunk_size=100
2026-02-05T22:50:48.423356Z DEBUG tokio-runtime-worker ThreadId(23) wkmp_ai::db::files: wkmp-ai\src\db\files.rs:194: Chunk batch insert complete rows_affected=100 chunk_size=100
2026-02-05T22:50:48.423428Z DEBUG tokio-runtime-worker ThreadId(23) wkmp_ai::db::files: wkmp-ai\src\db\files.rs:144: Batch inserting file chunk chunk_size=100
2026-02-05T22:50:48.424572Z DEBUG tokio-runtime-worker ThreadId(23) wkmp_ai::db::files: wkmp-ai\src\db\files.rs:194: Chunk batch insert complete rows_affected=100 chunk_size=100
2026-02-05T22:50:48.424644Z DEBUG tokio-runtime-worker ThreadId(23) wkmp_ai::db::files: wkmp-ai\src\db\files.rs:144: Batch inserting file chunk chunk_size=100
2026-02-05T22:50:48.425405Z DEBUG tokio-runtime-worker ThreadId(23) wkmp_ai::db::files: wkmp-ai\src\db\files.rs:194: Chunk batch insert complete rows_affected=100 chunk_size=100
2026-02-05T22:50:48.425479Z DEBUG tokio-runtime-worker ThreadId(23) wkmp_ai::db::files: wkmp-ai\src\db\files.rs:144: Batch inserting file chunk chunk_size=100
2026-02-05T22:50:48.426267Z DEBUG tokio-runtime-worker ThreadId(23) wkmp_ai::db::files: wkmp-ai\src\db\files.rs:194: Chunk batch insert complete rows_affected=100 chunk_size=100
2026-02-05T22:50:48.426329Z DEBUG tokio-runtime-worker ThreadId(23) wkmp_ai::db::files: wkmp-ai\src\db\files.rs:144: Batch inserting file chunk chunk_size=100
2026-02-05T22:50:48.427071Z DEBUG tokio-runtime-worker ThreadId(23) wkmp_ai::db::files: wkmp-ai\src\db\files.rs:194: Chunk batch insert complete rows_affected=100 chunk_size=100
2026-02-05T22:50:48.427161Z DEBUG tokio-runtime-worker ThreadId(23) wkmp_ai::db::files: wkmp-ai\src\db\files.rs:144: Batch inserting file chunk chunk_size=100
2026-02-05T22:50:48.427956Z DEBUG tokio-runtime-worker ThreadId(23) wkmp_ai::db::files: wkmp-ai\src\db\files.rs:194: Chunk batch insert complete rows_affected=100 chunk_size=100
2026-02-05T22:50:48.428029Z DEBUG tokio-runtime-worker ThreadId(23) wkmp_ai::db::files: wkmp-ai\src\db\files.rs:144: Batch inserting file chunk chunk_size=100
2026-02-05T22:50:48.428752Z DEBUG tokio-runtime-worker ThreadId(23) wkmp_ai::db::files: wkmp-ai\src\db\files.rs:194: Chunk batch insert complete rows_affected=100 chunk_size=100
2026-02-05T22:50:48.428828Z DEBUG tokio-runtime-worker ThreadId(23) wkmp_ai::db::files: wkmp-ai\src\db\files.rs:144: Batch inserting file chunk chunk_size=100
2026-02-05T22:50:48.429590Z DEBUG tokio-runtime-worker ThreadId(23) wkmp_ai::db::files: wkmp-ai\src\db\files.rs:194: Chunk batch insert complete rows_affected=100 chunk_size=100
2026-02-05T22:50:48.429667Z DEBUG tokio-runtime-worker ThreadId(23) wkmp_ai::db::files: wkmp-ai\src\db\files.rs:144: Batch inserting file chunk chunk_size=100
2026-02-05T22:50:48.430402Z DEBUG tokio-runtime-worker ThreadId(23) wkmp_ai::db::files: wkmp-ai\src\db\files.rs:194: Chunk batch insert complete rows_affected=100 chunk_size=100
2026-02-05T22:50:48.430474Z DEBUG tokio-runtime-worker ThreadId(23) wkmp_ai::db::files: wkmp-ai\src\db\files.rs:144: Batch inserting file chunk chunk_size=100
2026-02-05T22:50:48.431215Z DEBUG tokio-runtime-worker ThreadId(23) wkmp_ai::db::files: wkmp-ai\src\db\files.rs:194: Chunk batch insert complete rows_affected=100 chunk_size=100
2026-02-05T22:50:48.431310Z DEBUG tokio-runtime-worker ThreadId(23) wkmp_ai::db::files: wkmp-ai\src\db\files.rs:144: Batch inserting file chunk chunk_size=100
2026-02-05T22:50:48.432107Z DEBUG tokio-runtime-worker ThreadId(23) wkmp_ai::db::files: wkmp-ai\src\db\files.rs:194: Chunk batch insert complete rows_affected=100 chunk_size=100
2026-02-05T22:50:48.432187Z DEBUG tokio-runtime-worker ThreadId(23) wkmp_ai::db::files: wkmp-ai\src\db\files.rs:144: Batch inserting file chunk chunk_size=100
2026-02-05T22:50:48.432971Z DEBUG tokio-runtime-worker ThreadId(23) wkmp_ai::db::files: wkmp-ai\src\db\files.rs:194: Chunk batch insert complete rows_affected=100 chunk_size=100
2026-02-05T22:50:48.433222Z DEBUG tokio-runtime-worker ThreadId(23) wkmp_ai::db::files: wkmp-ai\src\db\files.rs:144: Batch inserting file chunk chunk_size=100
2026-02-05T22:50:48.434328Z DEBUG tokio-runtime-worker ThreadId(23) wkmp_ai::db::files: wkmp-ai\src\db\files.rs:194: Chunk batch insert complete rows_affected=100 chunk_size=100
2026-02-05T22:50:48.434469Z DEBUG tokio-runtime-worker ThreadId(23) wkmp_ai::db::files: wkmp-ai\src\db\files.rs:144: Batch inserting file chunk chunk_size=100
2026-02-05T22:50:48.435356Z DEBUG tokio-runtime-worker ThreadId(23) wkmp_ai::db::files: wkmp-ai\src\db\files.rs:194: Chunk batch insert complete rows_affected=100 chunk_size=100
2026-02-05T22:50:48.435436Z DEBUG tokio-runtime-worker ThreadId(23) wkmp_ai::db::files: wkmp-ai\src\db\files.rs:144: Batch inserting file chunk chunk_size=100
2026-02-05T22:50:48.436284Z DEBUG tokio-runtime-worker ThreadId(23) wkmp_ai::db::files: wkmp-ai\src\db\files.rs:194: Chunk batch insert complete rows_affected=100 chunk_size=100
2026-02-05T22:50:48.436382Z DEBUG tokio-runtime-worker ThreadId(23) wkmp_ai::db::files: wkmp-ai\src\db\files.rs:144: Batch inserting file chunk chunk_size=100
2026-02-05T22:50:48.437238Z DEBUG tokio-runtime-worker ThreadId(23) wkmp_ai::db::files: wkmp-ai\src\db\files.rs:194: Chunk batch insert complete rows_affected=100 chunk_size=100
2026-02-05T22:50:48.437311Z DEBUG tokio-runtime-worker ThreadId(23) wkmp_ai::db::files: wkmp-ai\src\db\files.rs:144: Batch inserting file chunk chunk_size=100
2026-02-05T22:50:48.438080Z DEBUG tokio-runtime-worker ThreadId(23) wkmp_ai::db::files: wkmp-ai\src\db\files.rs:194: Chunk batch insert complete rows_affected=100 chunk_size=100
2026-02-05T22:50:48.438162Z DEBUG tokio-runtime-worker ThreadId(23) wkmp_ai::db::files: wkmp-ai\src\db\files.rs:144: Batch inserting file chunk chunk_size=36
2026-02-05T22:50:48.438793Z DEBUG tokio-runtime-worker ThreadId(23) wkmp_ai::db::files: wkmp-ai\src\db\files.rs:194: Chunk batch insert complete rows_affected=36 chunk_size=36
2026-02-05T22:50:48.442091Z DEBUG tokio-runtime-worker ThreadId(23) wkmp_ai::utils::pool_monitor: wkmp-ai\src\utils\pool_monitor.rs:52: Connection released (commit) caller="files::batch_save" held_ms=50
2026-02-05T22:50:48.442222Z  INFO tokio-runtime-worker ThreadId(23) wkmp_ai::db::files: wkmp-ai\src\db\files.rs:212: Batch file save complete total_saved=5736 total_files=5736
2026-02-05T22:50:48.508607Z DEBUG tokio-runtime-worker ThreadId(23) wkmp_ai::services::workflow_orchestrator: wkmp-ai\src\services\workflow_orchestrator\mod.rs:1438: Acquiring all statistics Mutex locks for SSE conversion
2026-02-05T22:50:48.508789Z DEBUG tokio-runtime-worker ThreadId(23) wkmp_ai::services::workflow_orchestrator: wkmp-ai\src\services\workflow_orchestrator\mod.rs:1467: All statistics Mutex locks acquired and data cloned
2026-02-05T22:50:48.508858Z DEBUG tokio-runtime-worker ThreadId(23) wkmp_ai::services::workflow_orchestrator: wkmp-ai\src\services\workflow_orchestrator\mod.rs:1577: Releasing all statistics Mutex locks for SSE conversion
2026-02-05T22:50:48.508936Z  INFO tokio-runtime-worker ThreadId(23) wkmp_ai::services::workflow_orchestrator::phase_scanning: wkmp-ai\src\services\workflow_orchestrator\phase_scanning.rs:256: BULK_INSERTING phase complete - minimal records created in database session_id=4b515178-85e0-43eb-8eb8-3f4fb38ec0c0 files_inserted=5736
2026-02-05T22:50:48.509003Z  INFO tokio-runtime-worker ThreadId(23) wkmp_ai::services::workflow_orchestrator::phase_scanning: wkmp-ai\src\services\workflow_orchestrator\phase_scanning.rs:286: SCANNING + BULK_INSERTING phases complete - 5736 confirmed files ready for processing session_id=4b515178-85e0-43eb-8eb8-3f4fb38ec0c0 files_inserted=5736 total_files_scanned=6931 audio_confirmed=5736 audio_denied=1
2026-02-05T22:50:48.510258Z DEBUG tokio-runtime-worker ThreadId(23) wkmp_ai::services::workflow_orchestrator: wkmp-ai\src\services\workflow_orchestrator\mod.rs:360: phase_scanning() returned session_id=4b515178-85e0-43eb-8eb8-3f4fb38ec0c0
2026-02-05T22:50:48.544020Z DEBUG tokio-runtime-worker ThreadId(23) wkmp_ai::api::sse: wkmp-ai\src\api\sse.rs:71: SSE: Broadcasting import event: ImportProgressUpdate
2026-02-05T22:50:48.544476Z DEBUG tokio-runtime-worker ThreadId(23) wkmp_ai::api::sse: wkmp-ai\src\api\sse.rs:71: SSE: Broadcasting import event: ImportProgressUpdate
2026-02-05T22:50:48.552527Z  INFO tokio-runtime-worker ThreadId(23) wkmp_ai::services::workflow_orchestrator: wkmp-ai\src\services\workflow_orchestrator\mod.rs:2844: Starting per-file processing with 12 workers session_id=4b515178-85e0-43eb-8eb8-3f4fb38ec0c0 parallelism=12
2026-02-05T22:50:48.566744Z  INFO tokio-runtime-worker ThreadId(23) wkmp_ai::services::workflow_orchestrator: wkmp-ai\src\services\workflow_orchestrator\mod.rs:2860: Processing 5736 files through per-file pipeline session_id=4b515178-85e0-43eb-8eb8-3f4fb38ec0c0 total_files=5736
2026-02-05T22:50:48.567040Z DEBUG tokio-runtime-worker ThreadId(23) wkmp_ai::services::workflow_orchestrator: wkmp-ai\src\services\workflow_orchestrator\mod.rs:2868: Initializing PLAN033 ProgressManager for time updates session_id=4b515178-85e0-43eb-8eb8-3f4fb38ec0c0 total_files=5736
2026-02-05T22:50:48.567248Z DEBUG tokio-runtime-worker ThreadId(23) wkmp_ai::services::workflow_orchestrator: wkmp-ai\src\services\workflow_orchestrator\mod.rs:1438: Acquiring all statistics Mutex locks for SSE conversion
2026-02-05T22:50:48.567439Z DEBUG tokio-runtime-worker ThreadId(23) wkmp_ai::services::workflow_orchestrator: wkmp-ai\src\services\workflow_orchestrator\mod.rs:1467: All statistics Mutex locks acquired and data cloned
2026-02-05T22:50:48.567650Z DEBUG tokio-runtime-worker ThreadId(23) wkmp_ai::services::workflow_orchestrator: wkmp-ai\src\services\workflow_orchestrator\mod.rs:1577: Releasing all statistics Mutex locks for SSE conversion
2026-02-05T22:50:48.567846Z DEBUG tokio-runtime-worker ThreadId(23) wkmp_ai::services::workflow_orchestrator: wkmp-ai\src\services\workflow_orchestrator\mod.rs:3110: Starting per-file pipeline file_index=0 file_id=f3cd04a4-8beb-4218-8432-1a66b9131ede file=10,000_Maniacs/MTV_Unplugged/01-These_Are_Days.mp3
2026-02-05T22:50:48.568035Z  INFO tokio-runtime-worker ThreadId(23) wkmp_ai::services::workflow_orchestrator: wkmp-ai\src\services\workflow_orchestrator\mod.rs:1733: Starting PLAN024 10-phase per-file pipeline (late audio decode) file="C:\\Users\\Mango Cat\\Music\\10,000_Maniacs/MTV_Unplugged/01-These_Are_Days.mp3"
2026-02-05T22:50:48.568198Z DEBUG tokio-runtime-worker ThreadId(23) wkmp_ai::services::workflow_orchestrator: wkmp-ai\src\services\workflow_orchestrator\mod.rs:1742: Phase 1: Filename Matching - START file="C:\\Users\\Mango Cat\\Music\\10,000_Maniacs/MTV_Unplugged/01-These_Are_Days.mp3"
2026-02-05T22:50:48.568357Z DEBUG tokio-runtime-worker ThreadId(23) wkmp_ai::services::filename_matcher: wkmp-ai\src\services\filename_matcher.rs:54: Checking if file exists in database path=10,000_Maniacs/MTV_Unplugged/01-These_Are_Days.mp3 norm_us=8
2026-02-05T22:50:48.568555Z DEBUG tokio-runtime-worker ThreadId(23) wkmp_ai::services::workflow_orchestrator: wkmp-ai\src\services\workflow_orchestrator\mod.rs:3110: Starting per-file pipeline file_index=1 file_id=a08edb68-8543-4cd8-9d54-7e39e52514d4 file=10,000_Maniacs/MTV_Unplugged/02-Eat_For_Two.mp3
2026-02-05T22:50:48.568698Z  INFO tokio-runtime-worker ThreadId(23) wkmp_ai::services::workflow_orchestrator: wkmp-ai\src\services\workflow_orchestrator\mod.rs:1733: Starting PLAN024 10-phase per-file pipeline (late audio decode) file="C:\\Users\\Mango Cat\\Music\\10,000_Maniacs/MTV_Unplugged/02-Eat_For_Two.mp3"
2026-02-05T22:50:48.568846Z DEBUG tokio-runtime-worker ThreadId(23) wkmp_ai::services::workflow_orchestrator: wkmp-ai\src\services\workflow_orchestrator\mod.rs:1742: Phase 1: Filename Matching - START file="C:\\Users\\Mango Cat\\Music\\10,000_Maniacs/MTV_Unplugged/02-Eat_For_Two.mp3"
2026-02-05T22:50:48.568984Z DEBUG tokio-runtime-worker ThreadId(23) wkmp_ai::services::filename_matcher: wkmp-ai\src\services\filename_matcher.rs:54: Checking if file exists in database path=10,000_Maniacs/MTV_Unplugged/02-Eat_For_Two.mp3 norm_us=4
2026-02-05T22:50:48.569149Z DEBUG tokio-runtime-worker ThreadId(23) wkmp_ai::services::workflow_orchestrator: wkmp-ai\src\services\workflow_orchestrator\mod.rs:3110: Starting per-file pipeline file_index=2 file_id=9da8449c-4ee2-4810-b6df-0528a91e817a file=10,000_Maniacs/MTV_Unplugged/03-Candy_Everybody_Wants.mp3
2026-02-05T22:50:48.569235Z  INFO tokio-runtime-worker ThreadId(23) wkmp_ai::services::workflow_orchestrator: wkmp-ai\src\services\workflow_orchestrator\mod.rs:1733: Starting PLAN024 10-phase per-file pipeline (late audio decode) file="C:\\Users\\Mango Cat\\Music\\10,000_Maniacs/MTV_Unplugged/03-Candy_Everybody_Wants.mp3"
2026-02-05T22:50:48.569312Z DEBUG tokio-runtime-worker ThreadId(23) wkmp_ai::services::workflow_orchestrator: wkmp-ai\src\services\workflow_orchestrator\mod.rs:1742: Phase 1: Filename Matching - START file="C:\\Users\\Mango Cat\\Music\\10,000_Maniacs/MTV_Unplugged/03-Candy_Everybody_Wants.mp3"
2026-02-05T22:50:48.569382Z DEBUG tokio-runtime-worker ThreadId(23) wkmp_ai::services::filename_matcher: wkmp-ai\src\services\filename_matcher.rs:54: Checking if file exists in database path=10,000_Maniacs/MTV_Unplugged/03-Candy_Everybody_Wants.mp3 norm_us=3
2026-02-05T22:50:48.569464Z DEBUG tokio-runtime-worker ThreadId(23) wkmp_ai::services::workflow_orchestrator: wkmp-ai\src\services\workflow_orchestrator\mod.rs:3110: Starting per-file pipeline file_index=3 file_id=48c8dd91-ea38-4b0d-a57c-1de2e785746f file=10,000_Maniacs/MTV_Unplugged/04-I'm_Not_The_Man.mp3
2026-02-05T22:50:48.569537Z  INFO tokio-runtime-worker ThreadId(23) wkmp_ai::services::workflow_orchestrator: wkmp-ai\src\services\workflow_orchestrator\mod.rs:1733: Starting PLAN024 10-phase per-file pipeline (late audio decode) file="C:\\Users\\Mango Cat\\Music\\10,000_Maniacs/MTV_Unplugged/04-I\'m_Not_The_Man.mp3"
2026-02-05T22:50:48.569608Z DEBUG tokio-runtime-worker ThreadId(23) wkmp_ai::services::workflow_orchestrator: wkmp-ai\src\services\workflow_orchestrator\mod.rs:1742: Phase 1: Filename Matching - START file="C:\\Users\\Mango Cat\\Music\\10,000_Maniacs/MTV_Unplugged/04-I\'m_Not_The_Man.mp3"
2026-02-05T22:50:48.569675Z DEBUG tokio-runtime-worker ThreadId(23) wkmp_ai::services::filename_matcher: wkmp-ai\src\services\filename_matcher.rs:54: Checking if file exists in database path=10,000_Maniacs/MTV_Unplugged/04-I'm_Not_The_Man.mp3 norm_us=1
2026-02-05T22:50:48.569754Z DEBUG tokio-runtime-worker ThreadId(23) wkmp_ai::services::workflow_orchestrator: wkmp-ai\src\services\workflow_orchestrator\mod.rs:3110: Starting per-file pipeline file_index=4 file_id=725441db-0316-4c69-8f99-ca2b832bf6ec file=10,000_Maniacs/MTV_Unplugged/05-Don't_Talk.mp3
2026-02-05T22:50:48.569835Z  INFO tokio-runtime-worker ThreadId(23) wkmp_ai::services::workflow_orchestrator: wkmp-ai\src\services\workflow_orchestrator\mod.rs:1733: Starting PLAN024 10-phase per-file pipeline (late audio decode) file="C:\\Users\\Mango Cat\\Music\\10,000_Maniacs/MTV_Unplugged/05-Don\'t_Talk.mp3"
2026-02-05T22:50:48.569905Z DEBUG tokio-runtime-worker ThreadId(23) wkmp_ai::services::workflow_orchestrator: wkmp-ai\src\services\workflow_orchestrator\mod.rs:1742: Phase 1: Filename Matching - START file="C:\\Users\\Mango Cat\\Music\\10,000_Maniacs/MTV_Unplugged/05-Don\'t_Talk.mp3"
2026-02-05T22:50:48.569972Z DEBUG tokio-runtime-worker ThreadId(23) wkmp_ai::services::filename_matcher: wkmp-ai\src\services\filename_matcher.rs:54: Checking if file exists in database path=10,000_Maniacs/MTV_Unplugged/05-Don't_Talk.mp3 norm_us=1
2026-02-05T22:50:48.570050Z DEBUG tokio-runtime-worker ThreadId(23) wkmp_ai::services::workflow_orchestrator: wkmp-ai\src\services\workflow_orchestrator\mod.rs:3110: Starting per-file pipeline file_index=5 file_id=87df9d29-e13a-4038-b999-c2ef2a12b5f5 file=10,000_Maniacs/MTV_Unplugged/06-Hey_Jack_Kerouac.mp3
2026-02-05T22:50:48.570120Z  INFO tokio-runtime-worker ThreadId(23) wkmp_ai::services::workflow_orchestrator: wkmp-ai\src\services\workflow_orchestrator\mod.rs:1733: Starting PLAN024 10-phase per-file pipeline (late audio decode) file="C:\\Users\\Mango Cat\\Music\\10,000_Maniacs/MTV_Unplugged/06-Hey_Jack_Kerouac.mp3"
2026-02-05T22:50:48.570190Z DEBUG tokio-runtime-worker ThreadId(23) wkmp_ai::services::workflow_orchestrator: wkmp-ai\src\services\workflow_orchestrator\mod.rs:1742: Phase 1: Filename Matching - START file="C:\\Users\\Mango Cat\\Music\\10,000_Maniacs/MTV_Unplugged/06-Hey_Jack_Kerouac.mp3"
2026-02-05T22:50:48.570256Z DEBUG tokio-runtime-worker ThreadId(23) wkmp_ai::services::filename_matcher: wkmp-ai\src\services\filename_matcher.rs:54: Checking if file exists in database path=10,000_Maniacs/MTV_Unplugged/06-Hey_Jack_Kerouac.mp3 norm_us=1
2026-02-05T22:50:48.570335Z DEBUG tokio-runtime-worker ThreadId(23) wkmp_ai::services::workflow_orchestrator: wkmp-ai\src\services\workflow_orchestrator\mod.rs:3110: Starting per-file pipeline file_index=6 file_id=525a9986-869c-4dec-9711-000b859f5691 file=10,000_Maniacs/MTV_Unplugged/07-What's_The_Matter_Here-.mp3
2026-02-05T22:50:48.570405Z  INFO tokio-runtime-worker ThreadId(23) wkmp_ai::services::workflow_orchestrator: wkmp-ai\src\services\workflow_orchestrator\mod.rs:1733: Starting PLAN024 10-phase per-file pipeline (late audio decode) file="C:\\Users\\Mango Cat\\Music\\10,000_Maniacs/MTV_Unplugged/07-What\'s_The_Matter_Here-.mp3"
2026-02-05T22:50:48.570474Z DEBUG tokio-runtime-worker ThreadId(23) wkmp_ai::services::workflow_orchestrator: wkmp-ai\src\services\workflow_orchestrator\mod.rs:1742: Phase 1: Filename Matching - START file="C:\\Users\\Mango Cat\\Music\\10,000_Maniacs/MTV_Unplugged/07-What\'s_The_Matter_Here-.mp3"
2026-02-05T22:50:48.570541Z DEBUG tokio-runtime-worker ThreadId(23) wkmp_ai::services::filename_matcher: wkmp-ai\src\services\filename_matcher.rs:54: Checking if file exists in database path=10,000_Maniacs/MTV_Unplugged/07-What's_The_Matter_Here-.mp3 norm_us=1
2026-02-05T22:50:48.570617Z DEBUG tokio-runtime-worker ThreadId(23) wkmp_ai::services::workflow_orchestrator: wkmp-ai\src\services\workflow_orchestrator\mod.rs:3110: Starting per-file pipeline file_index=7 file_id=ede28fbc-f8a9-40ab-9af2-870b24ab4c58 file=10,000_Maniacs/MTV_Unplugged/08-Gold_Rush_Brides.mp3
2026-02-05T22:50:48.570690Z  INFO tokio-runtime-worker ThreadId(23) wkmp_ai::services::workflow_orchestrator: wkmp-ai\src\services\workflow_orchestrator\mod.rs:1733: Starting PLAN024 10-phase per-file pipeline (late audio decode) file="C:\\Users\\Mango Cat\\Music\\10,000_Maniacs/MTV_Unplugged/08-Gold_Rush_Brides.mp3"
2026-02-05T22:50:48.570760Z DEBUG tokio-runtime-worker ThreadId(23) wkmp_ai::services::workflow_orchestrator: wkmp-ai\src\services\workflow_orchestrator\mod.rs:1742: Phase 1: Filename Matching - START file="C:\\Users\\Mango Cat\\Music\\10,000_Maniacs/MTV_Unplugged/08-Gold_Rush_Brides.mp3"
2026-02-05T22:50:48.570826Z DEBUG tokio-runtime-worker ThreadId(23) wkmp_ai::services::filename_matcher: wkmp-ai\src\services\filename_matcher.rs:54: Checking if file exists in database path=10,000_Maniacs/MTV_Unplugged/08-Gold_Rush_Brides.mp3 norm_us=1
2026-02-05T22:50:48.570903Z DEBUG tokio-runtime-worker ThreadId(23) wkmp_ai::services::workflow_orchestrator: wkmp-ai\src\services\workflow_orchestrator\mod.rs:3110: Starting per-file pipeline file_index=8 file_id=5e1f5026-df7c-492b-b9b9-c85a0f84b86c file=10,000_Maniacs/MTV_Unplugged/09-Like_The_Weather.mp3
2026-02-05T22:50:48.570973Z  INFO tokio-runtime-worker ThreadId(23) wkmp_ai::services::workflow_orchestrator: wkmp-ai\src\services\workflow_orchestrator\mod.rs:1733: Starting PLAN024 10-phase per-file pipeline (late audio decode) file="C:\\Users\\Mango Cat\\Music\\10,000_Maniacs/MTV_Unplugged/09-Like_The_Weather.mp3"
2026-02-05T22:50:48.571043Z DEBUG tokio-runtime-worker ThreadId(23) wkmp_ai::services::workflow_orchestrator: wkmp-ai\src\services\workflow_orchestrator\mod.rs:1742: Phase 1: Filename Matching - START file="C:\\Users\\Mango Cat\\Music\\10,000_Maniacs/MTV_Unplugged/09-Like_The_Weather.mp3"
2026-02-05T22:50:48.571109Z DEBUG tokio-runtime-worker ThreadId(23) wkmp_ai::services::filename_matcher: wkmp-ai\src\services\filename_matcher.rs:54: Checking if file exists in database path=10,000_Maniacs/MTV_Unplugged/09-Like_The_Weather.mp3 norm_us=1
2026-02-05T22:50:48.571186Z DEBUG tokio-runtime-worker ThreadId(23) wkmp_ai::services::workflow_orchestrator: wkmp-ai\src\services\workflow_orchestrator\mod.rs:3110: Starting per-file pipeline file_index=9 file_id=4aa7606b-8f3a-4186-86d6-8d07cff7af76 file=10,000_Maniacs/MTV_Unplugged/10-Trouble_Me.mp3
2026-02-05T22:50:48.571256Z  INFO tokio-runtime-worker ThreadId(23) wkmp_ai::services::workflow_orchestrator: wkmp-ai\src\services\workflow_orchestrator\mod.rs:1733: Starting PLAN024 10-phase per-file pipeline (late audio decode) file="C:\\Users\\Mango Cat\\Music\\10,000_Maniacs/MTV_Unplugged/10-Trouble_Me.mp3"
2026-02-05T22:50:48.571327Z DEBUG tokio-runtime-worker ThreadId(23) wkmp_ai::services::workflow_orchestrator: wkmp-ai\src\services\workflow_orchestrator\mod.rs:1742: Phase 1: Filename Matching - START file="C:\\Users\\Mango Cat\\Music\\10,000_Maniacs/MTV_Unplugged/10-Trouble_Me.mp3"
2026-02-05T22:50:48.571393Z DEBUG tokio-runtime-worker ThreadId(23) wkmp_ai::services::filename_matcher: wkmp-ai\src\services\filename_matcher.rs:54: Checking if file exists in database path=10,000_Maniacs/MTV_Unplugged/10-Trouble_Me.mp3 norm_us=1
2026-02-05T22:50:48.571471Z DEBUG tokio-runtime-worker ThreadId(23) wkmp_ai::services::workflow_orchestrator: wkmp-ai\src\services\workflow_orchestrator\mod.rs:3110: Starting per-file pipeline file_index=10 file_id=a7190db8-49a2-419a-8ece-40f3df6dbb23 file=10,000_Maniacs/MTV_Unplugged/11-Jezebel.mp3
2026-02-05T22:50:48.571542Z  INFO tokio-runtime-worker ThreadId(23) wkmp_ai::services::workflow_orchestrator: wkmp-ai\src\services\workflow_orchestrator\mod.rs:1733: Starting PLAN024 10-phase per-file pipeline (late audio decode) file="C:\\Users\\Mango Cat\\Music\\10,000_Maniacs/MTV_Unplugged/11-Jezebel.mp3"
2026-02-05T22:50:48.571611Z DEBUG tokio-runtime-worker ThreadId(23) wkmp_ai::services::workflow_orchestrator: wkmp-ai\src\services\workflow_orchestrator\mod.rs:1742: Phase 1: Filename Matching - START file="C:\\Users\\Mango Cat\\Music\\10,000_Maniacs/MTV_Unplugged/11-Jezebel.mp3"
2026-02-05T22:50:48.571677Z DEBUG tokio-runtime-worker ThreadId(23) wkmp_ai::services::filename_matcher: wkmp-ai\src\services\filename_matcher.rs:54: Checking if file exists in database path=10,000_Maniacs/MTV_Unplugged/11-Jezebel.mp3 norm_us=1
2026-02-05T22:50:48.571969Z DEBUG tokio-runtime-worker ThreadId(23) wkmp_ai::services::workflow_orchestrator: wkmp-ai\src\services\workflow_orchestrator\mod.rs:3110: Starting per-file pipeline file_index=11 file_id=e45bbb84-2fa2-4d1e-aad4-a8169f75b158 file=10,000_Maniacs/MTV_Unplugged/12-Because_The_Night.mp3
2026-02-05T22:50:48.572226Z  INFO tokio-runtime-worker ThreadId(23) wkmp_ai::services::workflow_orchestrator: wkmp-ai\src\services\workflow_orchestrator\mod.rs:1733: Starting PLAN024 10-phase per-file pipeline (late audio decode) file="C:\\Users\\Mango Cat\\Music\\10,000_Maniacs/MTV_Unplugged/12-Because_The_Night.mp3"
2026-02-05T22:50:48.572332Z DEBUG tokio-runtime-worker ThreadId(23) wkmp_ai::services::workflow_orchestrator: wkmp-ai\src\services\workflow_orchestrator\mod.rs:1742: Phase 1: Filename Matching - START file="C:\\Users\\Mango Cat\\Music\\10,000_Maniacs/MTV_Unplugged/12-Because_The_Night.mp3"
2026-02-05T22:50:48.572427Z DEBUG tokio-runtime-worker ThreadId(23) wkmp_ai::services::filename_matcher: wkmp-ai\src\services\filename_matcher.rs:54: Checking if file exists in database path=10,000_Maniacs/MTV_Unplugged/12-Because_The_Night.mp3 norm_us=3
2026-02-05T22:50:48.572645Z DEBUG tokio-runtime-worker ThreadId(23) wkmp_ai::api::sse: wkmp-ai\src\api\sse.rs:71: SSE: Broadcasting import event: ImportProgressUpdate
2026-02-05T22:50:48.572898Z DEBUG tokio-runtime-worker ThreadId(23) wkmp_ai::services::progress_manager: wkmp-ai\src\services\progress_manager.rs:202: PLAN033: Time update task started (15s elapsed, 60s estimated remaining)
2026-02-05T22:50:48.573083Z DEBUG tokio-runtime-worker ThreadId(23) wkmp_ai::api::sse: wkmp-ai\src\api\sse.rs:71: SSE: Broadcasting import event: ImportProgressUpdate
2026-02-05T22:50:48.574404Z DEBUG tokio-runtime-worker ThreadId(23) wkmp_ai::services::filename_matcher: wkmp-ai\src\services\filename_matcher.rs:65: Database query completed path=10,000_Maniacs/MTV_Unplugged/09-Like_The_Weather.mp3 query_us=3221
2026-02-05T22:50:48.574798Z DEBUG tokio-runtime-worker ThreadId(23) wkmp_ai::services::filename_matcher: wkmp-ai\src\services\filename_matcher.rs:81: File already processed (INGEST COMPLETE) path=10,000_Maniacs/MTV_Unplugged/09-Like_The_Weather.mp3 guid=5e1f5026-df7c-492b-b9b9-c85a0f84b86c
2026-02-05T22:50:48.574907Z  INFO tokio-runtime-worker ThreadId(23) wkmp_ai::services::workflow_orchestrator: wkmp-ai\src\services\workflow_orchestrator\mod.rs:1756: Phase 1 completed phase="Filename Matching" duration_ms=3 path_us=0 db_ms=3 file_index=8
2026-02-05T22:50:48.574985Z  INFO tokio-runtime-worker ThreadId(23) wkmp_ai::services::workflow_orchestrator: wkmp-ai\src\services\workflow_orchestrator\mod.rs:1770: File already processed (INGEST COMPLETE/NO AUDIO/DUPLICATE HASH), skipping all remaining phases file="C:\\Users\\Mango Cat\\Music\\10,000_Maniacs/MTV_Unplugged/09-Like_The_Weather.mp3" file_id=5e1f5026-df7c-492b-b9b9-c85a0f84b86c
2026-02-05T22:50:48.575100Z DEBUG tokio-runtime-worker ThreadId(23) wkmp_ai::services::workflow_orchestrator: wkmp-ai\src\services\workflow_orchestrator\mod.rs:2928: File processing complete session_id=4b515178-85e0-43eb-8eb8-3f4fb38ec0c0 file_index=8 file=10,000_Maniacs/MTV_Unplugged/09-Like_The_Weather.mp3
2026-02-05T22:50:48.575206Z DEBUG tokio-runtime-worker ThreadId(23) wkmp_ai::services::workflow_orchestrator: wkmp-ai\src\services\workflow_orchestrator\mod.rs:1438: Acquiring all statistics Mutex locks for SSE conversion
2026-02-05T22:50:48.575333Z DEBUG tokio-runtime-worker ThreadId(23) wkmp_ai::services::workflow_orchestrator: wkmp-ai\src\services\workflow_orchestrator\mod.rs:1467: All statistics Mutex locks acquired and data cloned
2026-02-05T22:50:48.575440Z DEBUG tokio-runtime-worker ThreadId(23) wkmp_ai::services::workflow_orchestrator: wkmp-ai\src\services\workflow_orchestrator\mod.rs:1577: Releasing all statistics Mutex locks for SSE conversion
2026-02-05T22:50:48.575561Z DEBUG tokio-runtime-worker ThreadId(23) wkmp_ai::services::filename_matcher: wkmp-ai\src\services\filename_matcher.rs:65: Database query completed path=10,000_Maniacs/MTV_Unplugged/11-Jezebel.mp3 query_us=3645
2026-02-05T22:50:48.575628Z DEBUG tokio-runtime-worker ThreadId(23) wkmp_ai::services::filename_matcher: wkmp-ai\src\services\filename_matcher.rs:81: File already processed (INGEST COMPLETE) path=10,000_Maniacs/MTV_Unplugged/11-Jezebel.mp3 guid=a7190db8-49a2-419a-8ece-40f3df6dbb23
2026-02-05T22:50:48.575680Z  INFO tokio-runtime-worker ThreadId(23) wkmp_ai::services::workflow_orchestrator: wkmp-ai\src\services\workflow_orchestrator\mod.rs:1756: Phase 1 completed phase="Filename Matching" duration_ms=4 path_us=0 db_ms=4 file_index=10
2026-02-05T22:50:48.575767Z  INFO tokio-runtime-worker ThreadId(23) wkmp_ai::services::workflow_orchestrator: wkmp-ai\src\services\workflow_orchestrator\mod.rs:1770: File already processed (INGEST COMPLETE/NO AUDIO/DUPLICATE HASH), skipping all remaining phases file="C:\\Users\\Mango Cat\\Music\\10,000_Maniacs/MTV_Unplugged/11-Jezebel.mp3" file_id=a7190db8-49a2-419a-8ece-40f3df6dbb23
2026-02-05T22:50:48.575848Z DEBUG tokio-runtime-worker ThreadId(23) wkmp_ai::services::workflow_orchestrator: wkmp-ai\src\services\workflow_orchestrator\mod.rs:2928: File processing complete session_id=4b515178-85e0-43eb-8eb8-3f4fb38ec0c0 file_index=10 file=10,000_Maniacs/MTV_Unplugged/11-Jezebel.mp3
2026-02-05T22:50:48.575930Z DEBUG tokio-runtime-worker ThreadId(23) wkmp_ai::services::workflow_orchestrator: wkmp-ai\src\services\workflow_orchestrator\mod.rs:1438: Acquiring all statistics Mutex locks for SSE conversion
2026-02-05T22:50:48.575990Z DEBUG tokio-runtime-worker ThreadId(23) wkmp_ai::services::workflow_orchestrator: wkmp-ai\src\services\workflow_orchestrator\mod.rs:1467: All statistics Mutex locks acquired and data cloned
2026-02-05T22:50:48.576065Z DEBUG tokio-runtime-worker ThreadId(23) wkmp_ai::services::workflow_orchestrator: wkmp-ai\src\services\workflow_orchestrator\mod.rs:1577: Releasing all statistics Mutex locks for SSE conversion
2026-02-05T22:50:48.576159Z DEBUG tokio-runtime-worker ThreadId(23) wkmp_ai::services::filename_matcher: wkmp-ai\src\services\filename_matcher.rs:65: Database query completed path=10,000_Maniacs/MTV_Unplugged/01-These_Are_Days.mp3 query_us=7666
2026-02-05T22:50:48.576218Z DEBUG tokio-runtime-worker ThreadId(23) wkmp_ai::services::filename_matcher: wkmp-ai\src\services\filename_matcher.rs:81: File already processed (INGEST COMPLETE) path=10,000_Maniacs/MTV_Unplugged/01-These_Are_Days.mp3 guid=f3cd04a4-8beb-4218-8432-1a66b9131ede
2026-02-05T22:50:48.576267Z  INFO tokio-runtime-worker ThreadId(23) wkmp_ai::services::workflow_orchestrator: wkmp-ai\src\services\workflow_orchestrator\mod.rs:1756: Phase 1 completed phase="Filename Matching" duration_ms=8 path_us=1 db_ms=7 file_index=0
2026-02-05T22:50:48.576349Z  INFO tokio-runtime-worker ThreadId(23) wkmp_ai::services::workflow_orchestrator: wkmp-ai\src\services\workflow_orchestrator\mod.rs:1770: File already processed (INGEST COMPLETE/NO AUDIO/DUPLICATE HASH), skipping all remaining phases file="C:\\Users\\Mango Cat\\Music\\10,000_Maniacs/MTV_Unplugged/01-These_Are_Days.mp3" file_id=f3cd04a4-8beb-4218-8432-1a66b9131ede
2026-02-05T22:50:48.576428Z DEBUG tokio-runtime-worker ThreadId(23) wkmp_ai::services::workflow_orchestrator: wkmp-ai\src\services\workflow_orchestrator\mod.rs:2928: File processing complete session_id=4b515178-85e0-43eb-8eb8-3f4fb38ec0c0 file_index=0 file=10,000_Maniacs/MTV_Unplugged/01-These_Are_Days.mp3
2026-02-05T22:50:48.576508Z DEBUG tokio-runtime-worker ThreadId(23) wkmp_ai::services::workflow_orchestrator: wkmp-ai\src\services\workflow_orchestrator\mod.rs:1438: Acquiring all statistics Mutex locks for SSE conversion
2026-02-05T22:50:48.576566Z DEBUG tokio-runtime-worker ThreadId(23) wkmp_ai::services::workflow_orchestrator: wkmp-ai\src\services\workflow_orchestrator\mod.rs:1467: All statistics Mutex locks acquired and data cloned
2026-02-05T22:50:48.576632Z DEBUG tokio-runtime-worker ThreadId(23) wkmp_ai::services::workflow_orchestrator: wkmp-ai\src\services\workflow_orchestrator\mod.rs:1577: Releasing all statistics Mutex locks for SSE conversion
2026-02-05T22:50:48.576708Z DEBUG tokio-runtime-worker ThreadId(23) wkmp_ai::services::filename_matcher: wkmp-ai\src\services\filename_matcher.rs:65: Database query completed path=10,000_Maniacs/MTV_Unplugged/02-Eat_For_Two.mp3 query_us=7594
2026-02-05T22:50:48.576776Z DEBUG tokio-runtime-worker ThreadId(23) wkmp_ai::services::filename_matcher: wkmp-ai\src\services\filename_matcher.rs:81: File already processed (INGEST COMPLETE) path=10,000_Maniacs/MTV_Unplugged/02-Eat_For_Two.mp3 guid=a08edb68-8543-4cd8-9d54-7e39e52514d4
2026-02-05T22:50:48.576843Z  INFO tokio-runtime-worker ThreadId(23) wkmp_ai::services::workflow_orchestrator: wkmp-ai\src\services\workflow_orchestrator\mod.rs:1756: Phase 1 completed phase="Filename Matching" duration_ms=7 path_us=1 db_ms=7 file_index=1
2026-02-05T22:50:48.576915Z  INFO tokio-runtime-worker ThreadId(23) wkmp_ai::services::workflow_orchestrator: wkmp-ai\src\services\workflow_orchestrator\mod.rs:1770: File already processed (INGEST COMPLETE/NO AUDIO/DUPLICATE HASH), skipping all remaining phases file="C:\\Users\\Mango Cat\\Music\\10,000_Maniacs/MTV_Unplugged/02-Eat_For_Two.mp3" file_id=a08edb68-8543-4cd8-9d54-7e39e52514d4
2026-02-05T22:50:48.576988Z DEBUG tokio-runtime-worker ThreadId(23) wkmp_ai::services::workflow_orchestrator: wkmp-ai\src\services\workflow_orchestrator\mod.rs:2928: File processing complete session_id=4b515178-85e0-43eb-8eb8-3f4fb38ec0c0 file_index=1 file=10,000_Maniacs/MTV_Unplugged/02-Eat_For_Two.mp3
2026-02-05T22:50:48.577061Z DEBUG tokio-runtime-worker ThreadId(23) wkmp_ai::services::workflow_orchestrator: wkmp-ai\src\services\workflow_orchestrator\mod.rs:1438: Acquiring all statistics Mutex locks for SSE conversion
2026-02-05T22:50:48.577117Z DEBUG tokio-runtime-worker ThreadId(23) wkmp_ai::services::workflow_orchestrator: wkmp-ai\src\services\workflow_orchestrator\mod.rs:1467: All statistics Mutex locks acquired and data cloned
2026-02-05T22:50:48.577180Z DEBUG tokio-runtime-worker ThreadId(23) wkmp_ai::services::workflow_orchestrator: wkmp-ai\src\services\workflow_orchestrator\mod.rs:1577: Releasing all statistics Mutex locks for SSE conversion
2026-02-05T22:50:48.577253Z DEBUG tokio-runtime-worker ThreadId(23) wkmp_ai::services::filename_matcher: wkmp-ai\src\services\filename_matcher.rs:65: Database query completed path=10,000_Maniacs/MTV_Unplugged/03-Candy_Everybody_Wants.mp3 query_us=7804
2026-02-05T22:50:48.577319Z DEBUG tokio-runtime-worker ThreadId(23) wkmp_ai::services::filename_matcher: wkmp-ai\src\services\filename_matcher.rs:81: File already processed (INGEST COMPLETE) path=10,000_Maniacs/MTV_Unplugged/03-Candy_Everybody_Wants.mp3 guid=9da8449c-4ee2-4810-b6df-0528a91e817a
2026-02-05T22:50:48.577386Z  INFO tokio-runtime-worker ThreadId(23) wkmp_ai::services::workflow_orchestrator: wkmp-ai\src\services\workflow_orchestrator\mod.rs:1756: Phase 1 completed phase="Filename Matching" duration_ms=8 path_us=0 db_ms=8 file_index=2
2026-02-05T22:50:48.577456Z  INFO tokio-runtime-worker ThreadId(23) wkmp_ai::services::workflow_orchestrator: wkmp-ai\src\services\workflow_orchestrator\mod.rs:1770: File already processed (INGEST COMPLETE/NO AUDIO/DUPLICATE HASH), skipping all remaining phases file="C:\\Users\\Mango Cat\\Music\\10,000_Maniacs/MTV_Unplugged/03-Candy_Everybody_Wants.mp3" file_id=9da8449c-4ee2-4810-b6df-0528a91e817a
2026-02-05T22:50:48.577529Z DEBUG tokio-runtime-worker ThreadId(23) wkmp_ai::services::workflow_orchestrator: wkmp-ai\src\services\workflow_orchestrator\mod.rs:2928: File processing complete session_id=4b515178-85e0-43eb-8eb8-3f4fb38ec0c0 file_index=2 file=10,000_Maniacs/MTV_Unplugged/03-Candy_Everybody_Wants.mp3
2026-02-05T22:50:48.577602Z DEBUG tokio-runtime-worker ThreadId(23) wkmp_ai::services::workflow_orchestrator: wkmp-ai\src\services\workflow_orchestrator\mod.rs:1438: Acquiring all statistics Mutex locks for SSE conversion
2026-02-05T22:50:48.577658Z DEBUG tokio-runtime-worker ThreadId(23) wkmp_ai::services::workflow_orchestrator: wkmp-ai\src\services\workflow_orchestrator\mod.rs:1467: All statistics Mutex locks acquired and data cloned
2026-02-05T22:50:48.577720Z DEBUG tokio-runtime-worker ThreadId(23) wkmp_ai::services::workflow_orchestrator: wkmp-ai\src\services\workflow_orchestrator\mod.rs:1577: Releasing all statistics Mutex locks for SSE conversion
2026-02-05T22:50:48.577793Z DEBUG tokio-runtime-worker ThreadId(23) wkmp_ai::services::filename_matcher: wkmp-ai\src\services\filename_matcher.rs:65: Database query completed path=10,000_Maniacs/MTV_Unplugged/05-Don't_Talk.mp3 query_us=7754
2026-02-05T22:50:48.577858Z DEBUG tokio-runtime-worker ThreadId(23) wkmp_ai::services::filename_matcher: wkmp-ai\src\services\filename_matcher.rs:81: File already processed (INGEST COMPLETE) path=10,000_Maniacs/MTV_Unplugged/05-Don't_Talk.mp3 guid=725441db-0316-4c69-8f99-ca2b832bf6ec
2026-02-05T22:50:48.577924Z  INFO tokio-runtime-worker ThreadId(23) wkmp_ai::services::workflow_orchestrator: wkmp-ai\src\services\workflow_orchestrator\mod.rs:1756: Phase 1 completed phase="Filename Matching" duration_ms=8 path_us=0 db_ms=7 file_index=4
2026-02-05T22:50:48.577995Z  INFO tokio-runtime-worker ThreadId(23) wkmp_ai::services::workflow_orchestrator: wkmp-ai\src\services\workflow_orchestrator\mod.rs:1770: File already processed (INGEST COMPLETE/NO AUDIO/DUPLICATE HASH), skipping all remaining phases file="C:\\Users\\Mango Cat\\Music\\10,000_Maniacs/MTV_Unplugged/05-Don\'t_Talk.mp3" file_id=725441db-0316-4c69-8f99-ca2b832bf6ec
2026-02-05T22:50:48.578067Z DEBUG tokio-runtime-worker ThreadId(23) wkmp_ai::services::workflow_orchestrator: wkmp-ai\src\services\workflow_orchestrator\mod.rs:2928: File processing complete session_id=4b515178-85e0-43eb-8eb8-3f4fb38ec0c0 file_index=4 file=10,000_Maniacs/MTV_Unplugged/05-Don't_Talk.mp3
2026-02-05T22:50:48.578139Z DEBUG tokio-runtime-worker ThreadId(23) wkmp_ai::services::workflow_orchestrator: wkmp-ai\src\services\workflow_orchestrator\mod.rs:1438: Acquiring all statistics Mutex locks for SSE conversion
2026-02-05T22:50:48.578195Z DEBUG tokio-runtime-worker ThreadId(23) wkmp_ai::services::workflow_orchestrator: wkmp-ai\src\services\workflow_orchestrator\mod.rs:1467: All statistics Mutex locks acquired and data cloned
2026-02-05T22:50:48.578256Z DEBUG tokio-runtime-worker ThreadId(23) wkmp_ai::services::workflow_orchestrator: wkmp-ai\src\services\workflow_orchestrator\mod.rs:1577: Releasing all statistics Mutex locks for SSE conversion
2026-02-05T22:50:48.578330Z DEBUG tokio-runtime-worker ThreadId(23) wkmp_ai::services::filename_matcher: wkmp-ai\src\services\filename_matcher.rs:65: Database query completed path=10,000_Maniacs/MTV_Unplugged/06-Hey_Jack_Kerouac.mp3 query_us=8007
2026-02-05T22:50:48.578394Z DEBUG tokio-runtime-worker ThreadId(23) wkmp_ai::services::filename_matcher: wkmp-ai\src\services\filename_matcher.rs:81: File already processed (INGEST COMPLETE) path=10,000_Maniacs/MTV_Unplugged/06-Hey_Jack_Kerouac.mp3 guid=87df9d29-e13a-4038-b999-c2ef2a12b5f5
2026-02-05T22:50:48.578460Z  INFO tokio-runtime-worker ThreadId(23) wkmp_ai::services::workflow_orchestrator: wkmp-ai\src\services\workflow_orchestrator\mod.rs:1756: Phase 1 completed phase="Filename Matching" duration_ms=8 path_us=0 db_ms=8 file_index=5
2026-02-05T22:50:48.578530Z  INFO tokio-runtime-worker ThreadId(23) wkmp_ai::services::workflow_orchestrator: wkmp-ai\src\services\workflow_orchestrator\mod.rs:1770: File already processed (INGEST COMPLETE/NO AUDIO/DUPLICATE HASH), skipping all remaining phases file="C:\\Users\\Mango Cat\\Music\\10,000_Maniacs/MTV_Unplugged/06-Hey_Jack_Kerouac.mp3" file_id=87df9d29-e13a-4038-b999-c2ef2a12b5f5
2026-02-05T22:50:48.578602Z DEBUG tokio-runtime-worker ThreadId(23) wkmp_ai::services::workflow_orchestrator: wkmp-ai\src\services\workflow_orchestrator\mod.rs:2928: File processing complete session_id=4b515178-85e0-43eb-8eb8-3f4fb38ec0c0 file_index=5 file=10,000_Maniacs/MTV_Unplugged/06-Hey_Jack_Kerouac.mp3
2026-02-05T22:50:48.578674Z DEBUG tokio-runtime-worker ThreadId(23) wkmp_ai::services::workflow_orchestrator: wkmp-ai\src\services\workflow_orchestrator\mod.rs:1438: Acquiring all statistics Mutex locks for SSE conversion
2026-02-05T22:50:48.578730Z DEBUG tokio-runtime-worker ThreadId(23) wkmp_ai::services::workflow_orchestrator: wkmp-ai\src\services\workflow_orchestrator\mod.rs:1467: All statistics Mutex locks acquired and data cloned
2026-02-05T22:50:48.578791Z DEBUG tokio-runtime-worker ThreadId(23) wkmp_ai::services::workflow_orchestrator: wkmp-ai\src\services\workflow_orchestrator\mod.rs:1577: Releasing all statistics Mutex locks for SSE conversion
2026-02-05T22:50:48.578863Z DEBUG tokio-runtime-worker ThreadId(23) wkmp_ai::services::filename_matcher: wkmp-ai\src\services\filename_matcher.rs:65: Database query completed path=10,000_Maniacs/MTV_Unplugged/07-What's_The_Matter_Here-.mp3 query_us=8256
2026-02-05T22:50:48.578929Z DEBUG tokio-runtime-worker ThreadId(23) wkmp_ai::services::filename_matcher: wkmp-ai\src\services\filename_matcher.rs:81: File already processed (INGEST COMPLETE) path=10,000_Maniacs/MTV_Unplugged/07-What's_The_Matter_Here-.mp3 guid=525a9986-869c-4dec-9711-000b859f5691
2026-02-05T22:50:48.578996Z  INFO tokio-runtime-worker ThreadId(23) wkmp_ai::services::workflow_orchestrator: wkmp-ai\src\services\workflow_orchestrator\mod.rs:1756: Phase 1 completed phase="Filename Matching" duration_ms=8 path_us=0 db_ms=8 file_index=6
2026-02-05T22:50:48.579066Z  INFO tokio-runtime-worker ThreadId(23) wkmp_ai::services::workflow_orchestrator: wkmp-ai\src\services\workflow_orchestrator\mod.rs:1770: File already processed (INGEST COMPLETE/NO AUDIO/DUPLICATE HASH), skipping all remaining phases file="C:\\Users\\Mango Cat\\Music\\10,000_Maniacs/MTV_Unplugged/07-What\'s_The_Matter_Here-.mp3" file_id=525a9986-869c-4dec-9711-000b859f5691
2026-02-05T22:50:48.579138Z DEBUG tokio-runtime-worker ThreadId(23) wkmp_ai::services::workflow_orchestrator: wkmp-ai\src\services\workflow_orchestrator\mod.rs:2928: File processing complete session_id=4b515178-85e0-43eb-8eb8-3f4fb38ec0c0 file_index=6 file=10,000_Maniacs/MTV_Unplugged/07-What's_The_Matter_Here-.mp3
2026-02-05T22:50:48.579209Z DEBUG tokio-runtime-worker ThreadId(23) wkmp_ai::services::workflow_orchestrator: wkmp-ai\src\services\workflow_orchestrator\mod.rs:1438: Acquiring all statistics Mutex locks for SSE conversion
2026-02-05T22:50:48.579265Z DEBUG tokio-runtime-worker ThreadId(23) wkmp_ai::services::workflow_orchestrator: wkmp-ai\src\services\workflow_orchestrator\mod.rs:1467: All statistics Mutex locks acquired and data cloned
2026-02-05T22:50:48.579326Z DEBUG tokio-runtime-worker ThreadId(23) wkmp_ai::services::workflow_orchestrator: wkmp-ai\src\services\workflow_orchestrator\mod.rs:1577: Releasing all statistics Mutex locks for SSE conversion
2026-02-05T22:50:48.579399Z DEBUG tokio-runtime-worker ThreadId(23) wkmp_ai::services::filename_matcher: wkmp-ai\src\services\filename_matcher.rs:65: Database query completed path=10,000_Maniacs/MTV_Unplugged/08-Gold_Rush_Brides.mp3 query_us=8507
2026-02-05T22:50:48.579463Z DEBUG tokio-runtime-worker ThreadId(23) wkmp_ai::services::filename_matcher: wkmp-ai\src\services\filename_matcher.rs:81: File already processed (INGEST COMPLETE) path=10,000_Maniacs/MTV_Unplugged/08-Gold_Rush_Brides.mp3 guid=ede28fbc-f8a9-40ab-9af2-870b24ab4c58
2026-02-05T22:50:48.579528Z  INFO tokio-runtime-worker ThreadId(23) wkmp_ai::services::workflow_orchestrator: wkmp-ai\src\services\workflow_orchestrator\mod.rs:1756: Phase 1 completed phase="Filename Matching" duration_ms=8 path_us=0 db_ms=8 file_index=7
2026-02-05T22:50:48.579598Z  INFO tokio-runtime-worker ThreadId(23) wkmp_ai::services::workflow_orchestrator: wkmp-ai\src\services\workflow_orchestrator\mod.rs:1770: File already processed (INGEST COMPLETE/NO AUDIO/DUPLICATE HASH), skipping all remaining phases file="C:\\Users\\Mango Cat\\Music\\10,000_Maniacs/MTV_Unplugged/08-Gold_Rush_Brides.mp3" file_id=ede28fbc-f8a9-40ab-9af2-870b24ab4c58
2026-02-05T22:50:48.579670Z DEBUG tokio-runtime-worker ThreadId(23) wkmp_ai::services::workflow_orchestrator: wkmp-ai\src\services\workflow_orchestrator\mod.rs:2928: File processing complete session_id=4b515178-85e0-43eb-8eb8-3f4fb38ec0c0 file_index=7 file=10,000_Maniacs/MTV_Unplugged/08-Gold_Rush_Brides.mp3
2026-02-05T22:50:48.579740Z DEBUG tokio-runtime-worker ThreadId(23) wkmp_ai::services::workflow_orchestrator: wkmp-ai\src\services\workflow_orchestrator\mod.rs:1438: Acquiring all statistics Mutex locks for SSE conversion
2026-02-05T22:50:48.579796Z DEBUG tokio-runtime-worker ThreadId(23) wkmp_ai::services::workflow_orchestrator: wkmp-ai\src\services\workflow_orchestrator\mod.rs:1467: All statistics Mutex locks acquired and data cloned
2026-02-05T22:50:48.579857Z DEBUG tokio-runtime-worker ThreadId(23) wkmp_ai::services::workflow_orchestrator: wkmp-ai\src\services\workflow_orchestrator\mod.rs:1577: Releasing all statistics Mutex locks for SSE conversion
2026-02-05T22:50:48.579936Z DEBUG tokio-runtime-worker ThreadId(23) wkmp_ai::services::filename_matcher: wkmp-ai\src\services\filename_matcher.rs:65: Database query completed path=10,000_Maniacs/MTV_Unplugged/04-I'm_Not_The_Man.mp3 query_us=10194
2026-02-05T22:50:48.580001Z DEBUG tokio-runtime-worker ThreadId(23) wkmp_ai::services::filename_matcher: wkmp-ai\src\services\filename_matcher.rs:81: File already processed (INGEST COMPLETE) path=10,000_Maniacs/MTV_Unplugged/04-I'm_Not_The_Man.mp3 guid=48c8dd91-ea38-4b0d-a57c-1de2e785746f
2026-02-05T22:50:48.580068Z  INFO tokio-runtime-worker ThreadId(23) wkmp_ai::services::workflow_orchestrator: wkmp-ai\src\services\workflow_orchestrator\mod.rs:1756: Phase 1 completed phase="Filename Matching" duration_ms=10 path_us=0 db_ms=10 file_index=3
2026-02-05T22:50:48.580138Z  INFO tokio-runtime-worker ThreadId(23) wkmp_ai::services::workflow_orchestrator: wkmp-ai\src\services\workflow_orchestrator\mod.rs:1770: File already processed (INGEST COMPLETE/NO AUDIO/DUPLICATE HASH), skipping all remaining phases file="C:\\Users\\Mango Cat\\Music\\10,000_Maniacs/MTV_Unplugged/04-I\'m_Not_The_Man.mp3" file_id=48c8dd91-ea38-4b0d-a57c-1de2e785746f
2026-02-05T22:50:48.580211Z DEBUG tokio-runtime-worker ThreadId(23) wkmp_ai::services::workflow_orchestrator: wkmp-ai\src\services\workflow_orchestrator\mod.rs:2928: File processing complete session_id=4b515178-85e0-43eb-8eb8-3f4fb38ec0c0 file_index=3 file=10,000_Maniacs/MTV_Unplugged/04-I'm_Not_The_Man.mp3
2026-02-05T22:50:48.701811Z DEBUG tokio-runtime-worker ThreadId(23) wkmp_ai::services::workflow_orchestrator: wkmp-ai\src\services\workflow_orchestrator\mod.rs:1438: Acquiring all statistics Mutex locks for SSE conversion
2026-02-05T22:50:48.702010Z DEBUG tokio-runtime-worker ThreadId(23) wkmp_ai::services::workflow_orchestrator: wkmp-ai\src\services\workflow_orchestrator\mod.rs:1467: All statistics Mutex locks acquired and data cloned
2026-02-05T22:50:48.702152Z DEBUG tokio-runtime-worker ThreadId(23) wkmp_ai::services::workflow_orchestrator: wkmp-ai\src\services\workflow_orchestrator\mod.rs:1577: Releasing all statistics Mutex locks for SSE conversion
2026-02-05T22:50:48.702265Z DEBUG tokio-runtime-worker ThreadId(23) wkmp_ai::services::workflow_orchestrator: wkmp-ai\src\services\workflow_orchestrator\mod.rs:3110: Starting per-file pipeline file_index=12 file_id=358785d6-9b90-436f-b6fa-5ea771541ca1 file=10,000_Maniacs/MTV_Unplugged/13-Stockton_Gala_Days.mp3
2026-02-05T22:50:48.702355Z  INFO tokio-runtime-worker ThreadId(23) wkmp_ai::services::workflow_orchestrator: wkmp-ai\src\services\workflow_orchestrator\mod.rs:1733: Starting PLAN024 10-phase per-file pipeline (late audio decode) file="C:\\Users\\Mango Cat\\Music\\10,000_Maniacs/MTV_Unplugged/13-Stockton_Gala_Days.mp3"
2026-02-05T22:50:48.702440Z DEBUG tokio-runtime-worker ThreadId(23) wkmp_ai::services::workflow_orchestrator: wkmp-ai\src\services\workflow_orchestrator\mod.rs:1742: Phase 1: Filename Matching - START file="C:\\Users\\Mango Cat\\Music\\10,000_Maniacs/MTV_Unplugged/13-Stockton_Gala_Days.mp3"
2026-02-05T22:50:48.702537Z DEBUG tokio-runtime-worker ThreadId(23) wkmp_ai::services::filename_matcher: wkmp-ai\src\services\filename_matcher.rs:54: Checking if file exists in database path=10,000_Maniacs/MTV_Unplugged/13-Stockton_Gala_Days.mp3 norm_us=20
2026-02-05T22:50:48.702713Z DEBUG tokio-runtime-worker ThreadId(23) wkmp_ai::services::filename_matcher: wkmp-ai\src\services\filename_matcher.rs:65: Database query completed path=10,000_Maniacs/MTV_Unplugged/10-Trouble_Me.mp3 query_us=131253
2026-02-05T22:50:48.702789Z DEBUG tokio-runtime-worker ThreadId(23) wkmp_ai::services::filename_matcher: wkmp-ai\src\services\filename_matcher.rs:81: File already processed (INGEST COMPLETE) path=10,000_Maniacs/MTV_Unplugged/10-Trouble_Me.mp3 guid=4aa7606b-8f3a-4186-86d6-8d07cff7af76
2026-02-05T22:50:48.702861Z  INFO tokio-runtime-worker ThreadId(23) wkmp_ai::services::workflow_orchestrator: wkmp-ai\src\services\workflow_orchestrator\mod.rs:1756: Phase 1 completed phase="Filename Matching" duration_ms=131
 path_us=0 db_ms=131 file_index=9
2026-02-05T22:50:48.702937Z  INFO tokio-runtime-worker ThreadId(23) wkmp_ai::services::workflow_orchestrator: wkmp-ai\src\services\workflow_orchestrator\mod.rs:1770: File already processed (INGEST COMPLETE/NO AUDIO/DUPLICATE HASH), skipping all remaining phases file="C:\\Users\\Mango Cat\\Music\\10,000_Maniacs/MTV_Unplugged/10-Trouble_Me.mp3" file_id=4aa7606b-8f3a-4186-86d6-8d07cff7af76
2026-02-05T22:50:48.703019Z DEBUG tokio-runtime-worker ThreadId(23) wkmp_ai::services::workflow_orchestrator: wkmp-ai\src\services\workflow_orchestrator\mod.rs:2928: File processing complete session_id=4b515178-85e0-43eb-8eb8-3f4fb38ec0c0 file_index=9 file=10,000_Maniacs/MTV_Unplugged/10-Trouble_Me.mp3
2026-02-05T22:50:48.703103Z DEBUG tokio-runtime-worker ThreadId(23) wkmp_ai::services::workflow_orchestrator: wkmp-ai\src\services\workflow_orchestrator\mod.rs:1438: Acquiring all statistics Mutex locks for SSE conversion
2026-02-05T22:50:48.703164Z DEBUG tokio-runtime-worker ThreadId(23) wkmp_ai::services::workflow_orchestrator: wkmp-ai\src\services\workflow_orchestrator\mod.rs:1467: All statistics Mutex locks acquired and data cloned
2026-02-05T22:50:48.703231Z DEBUG tokio-runtime-worker ThreadId(23) wkmp_ai::services::workflow_orchestrator: wkmp-ai\src\services\workflow_orchestrator\mod.rs:1577: Releasing all statistics Mutex locks for SSE conversion
2026-02-05T22:50:48.703300Z DEBUG tokio-runtime-worker ThreadId(23) wkmp_ai::services::workflow_orchestrator: wkmp-ai\src\services\workflow_orchestrator\mod.rs:3110: Starting per-file pipeline file_index=13 file_id=54a73214-4532-44b4-9bba-02169b2ac758 file=10,000_Maniacs/MTV_Unplugged/14-Noah's_Dove.mp3
2026-02-05T22:50:48.703374Z  INFO tokio-runtime-worker ThreadId(23) wkmp_ai::services::workflow_orchestrator: wkmp-ai\src\services\workflow_orchestrator\mod.rs:1733: Starting PLAN024 10-phase per-file pipeline (late audio decode) file="C:\\Users\\Mango Cat\\Music\\10,000_Maniacs/MTV_Unplugged/14-Noah\'s_Dove.mp3"
2026-02-05T22:50:48.703447Z DEBUG tokio-runtime-worker ThreadId(23) wkmp_ai::services::workflow_orchestrator: wkmp-ai\src\services\workflow_orchestrator\mod.rs:1742: Phase 1: Filename Matching - START file="C:\\Users\\Mango Cat\\Music\\10,000_Maniacs/MTV_Unplugged/14-Noah\'s_Dove.mp3"
2026-02-05T22:50:48.703579Z DEBUG tokio-runtime-worker ThreadId(23) wkmp_ai::services::filename_matcher: wkmp-ai\src\services\filename_matcher.rs:54: Checking if file exists in database path=10,000_Maniacs/MTV_Unplugged/14-Noah's_Dove.mp3 norm_us=3
2026-02-05T22:50:48.703706Z DEBUG tokio-runtime-worker ThreadId(23) wkmp_ai::services::filename_matcher: wkmp-ai\src\services\filename_matcher.rs:65: Database query completed path=10,000_Maniacs/MTV_Unplugged/12-Because_The_Night.mp3 query_us=131206
2026-02-05T22:50:48.703778Z DEBUG tokio-runtime-worker ThreadId(23) wkmp_ai::services::filename_matcher: wkmp-ai\src\services\filename_matcher.rs:81: File already processed (INGEST COMPLETE) path=10,000_Maniacs/MTV_Unplugged/12-Because_The_Night.mp3 guid=e45bbb84-2fa2-4d1e-aad4-a8169f75b158
2026-02-05T22:50:48.703848Z  INFO tokio-runtime-worker ThreadId(23) wkmp_ai::services::workflow_orchestrator: wkmp-ai\src\services\workflow_orchestrator\mod.rs:1756: Phase 1 completed phase="Filename Matching" duration_ms=131
 path_us=1 db_ms=131 file_index=11
2026-02-05T22:50:48.703922Z  INFO tokio-runtime-worker ThreadId(23) wkmp_ai::services::workflow_orchestrator: wkmp-ai\src\services\workflow_orchestrator\mod.rs:1770: File already processed (INGEST COMPLETE/NO AUDIO/DUPLICATE HASH), skipping all remaining phases file="C:\\Users\\Mango Cat\\Music\\10,000_Maniacs/MTV_Unplugged/12-Because_The_Night.mp3" file_id=e45bbb84-2fa2-4d1e-aad4-a8169f75b158
2026-02-05T22:50:48.704001Z DEBUG tokio-runtime-worker ThreadId(23) wkmp_ai::services::workflow_orchestrator: wkmp-ai\src\services\workflow_orchestrator\mod.rs:2928: File processing complete session_id=4b515178-85e0-43eb-8eb8-3f4fb38ec0c0 file_index=11 file=10,000_Maniacs/MTV_Unplugged/12-Because_The_Night.mp3
2026-02-05T22:50:48.704078Z DEBUG tokio-runtime-worker ThreadId(23) wkmp_ai::services::workflow_orchestrator: wkmp-ai\src\services\workflow_orchestrator\mod.rs:1438: Acquiring all statistics Mutex locks for SSE conversion
2026-02-05T22:50:48.704138Z DEBUG tokio-runtime-worker ThreadId(23) wkmp_ai::services::workflow_orchestrator: wkmp-ai\src\services\workflow_orchestrator\mod.rs:1467: All statistics Mutex locks acquired and data cloned
2026-02-05T22:50:48.704206Z DEBUG tokio-runtime-worker ThreadId(23) wkmp_ai::services::workflow_orchestrator: wkmp-ai\src\services\workflow_orchestrator\mod.rs:1577: Releasing all statistics Mutex locks for SSE conversion
2026-02-05T22:50:48.704274Z DEBUG tokio-runtime-worker ThreadId(23) wkmp_ai::services::workflow_orchestrator: wkmp-ai\src\services\workflow_orchestrator\mod.rs:3110: Starting per-file pipeline file_index=14 file_id=4b6f8417-fe03-4dc3-9bea-ec6596c6156c file=38 Special/Anthology.mp3
2026-02-05T22:50:48.704352Z  INFO tokio-runtime-worker ThreadId(23) wkmp_ai::services::workflow_orchestrator: wkmp-ai\src\services\workflow_orchestrator\mod.rs:1733: Starting PLAN024 10-phase per-file pipeline (late audio decode) file="C:\\Users\\Mango Cat\\Music\\38 Special/Anthology.mp3"
2026-02-05T22:50:48.704424Z DEBUG tokio-runtime-worker ThreadId(23) wkmp_ai::services::workflow_orchestrator: wkmp-ai\src\services\workflow_orchestrator\mod.rs:1742: Phase 1: Filename Matching - START file="C:\\Users\\Mango Cat\\Music\\38 Special/Anthology.mp3"
2026-02-05T22:50:48.704494Z DEBUG tokio-runtime-worker ThreadId(23) wkmp_ai::services::filename_matcher: wkmp-ai\src\services\filename_matcher.rs:54: Checking if file exists in database path=38 Special/Anthology.mp3 norm_us=3
2026-02-05T22:50:48.704575Z DEBUG tokio-runtime-worker ThreadId(23) wkmp_ai::services::workflow_orchestrator: wkmp-ai\src\services\workflow_orchestrator\mod.rs:3110: Starting per-file pipeline file_index=15 file_id=14cecdde-75b1-43b5-a5a8-6316820829b4 file=4 Non Blondes/Bigger,_Better,_Faster,_More/(4_Non_Blondes)Bigger,_Better,_Faster,_More-01-Train_.mp3
2026-02-05T22:50:48.704649Z  INFO tokio-runtime-worker ThreadId(23) wkmp_ai::services::workflow_orchestrator: wkmp-ai\src\services\workflow_orchestrator\mod.rs:1733: Starting PLAN024 10-phase per-file pipeline (late audio decode) file="C:\\Users\\Mango Cat\\Music\\4 Non Blondes/Bigger,_Better,_Faster,_More/(4_Non_Blondes)Bigger,_Better,_Faster,_More-01-Train_.mp3"
2026-02-05T22:50:48.704722Z DEBUG tokio-runtime-worker ThreadId(23) wkmp_ai::services::workflow_orchestrator: wkmp-ai\src\services\workflow_orchestrator\mod.rs:1742: Phase 1: Filename Matching - START file="C:\\Users\\Mango Cat\\Music\\4 Non Blondes/Bigger,_Better,_Faster,_More/(4_Non_Blondes)Bigger,_Better,_Faster,_More-01-Train_.mp3"
2026-02-05T22:50:48.704792Z DEBUG tokio-runtime-worker ThreadId(23) wkmp_ai::services::filename_matcher: wkmp-ai\src\services\filename_matcher.rs:54: Checking if file exists in database path=4 Non Blondes/Bigger,_Better,_Faster,_More/(4_Non_Blondes)Bigger,_Better,_Faster,_More-01-Train_.mp3 norm_us=2
2026-02-05T22:50:48.704872Z DEBUG tokio-runtime-worker ThreadId(23) wkmp_ai::services::workflow_orchestrator: wkmp-ai\src\services\workflow_orchestrator\mod.rs:3110: Starting per-file pipeline file_index=16 file_id=b46287e4-4dd1-4d32-a0c3-e278a5e3942f file=4 Non Blondes/Bigger,_Better,_Faster,_More/(4_Non_Blondes)Bigger,_Better,_Faster,_More-02-Superfly_.mp3
2026-02-05T22:50:48.704945Z  INFO tokio-runtime-worker ThreadId(23) wkmp_ai::services::workflow_orchestrator: wkmp-ai\src\services\workflow_orchestrator\mod.rs:1733: Starting PLAN024 10-phase per-file pipeline (late audio decode) file="C:\\Users\\Mango Cat\\Music\\4 Non Blondes/Bigger,_Better,_Faster,_More/(4_Non_Blondes)Bigger,_Better,_Faster,_More-02-Superfly_.mp3"
2026-02-05T22:50:48.705021Z DEBUG tokio-runtime-worker ThreadId(23) wkmp_ai::services::workflow_orchestrator: wkmp-ai\src\services\workflow_orchestrator\mod.rs:1742: Phase 1: Filename Matching - START file="C:\\Users\\Mango Cat\\Music\\4 Non Blondes/Bigger,_Better,_Faster,_More/(4_Non_Blondes)Bigger,_Better,_Faster,_More-02-Superfly_.mp3"
2026-02-05T22:50:48.705090Z DEBUG tokio-runtime-worker ThreadId(23) wkmp_ai::services::filename_matcher: wkmp-ai\src\services\filename_matcher.rs:54: Checking if file exists in database path=4 Non Blondes/Bigger,_Better,_Faster,_More/(4_Non_Blondes)Bigger,_Better,_Faster,_More-02-Superfly_.mp3 norm_us=2
2026-02-05T22:50:48.705171Z DEBUG tokio-runtime-worker ThreadId(23) wkmp_ai::services::workflow_orchestrator: wkmp-ai\src\services\workflow_orchestrator\mod.rs:3110: Starting per-file pipeline file_index=17 file_id=6d834e79-1038-4d41-b371-3bb9a31ed408 file=4 Non Blondes/Bigger,_Better,_Faster,_More/(4_Non_Blondes)Bigger,_Better,_Faster,_More-03-What's_Up_.mp3
2026-02-05T22:50:48.705243Z  INFO tokio-runtime-worker ThreadId(23) wkmp_ai::services::workflow_orchestrator: wkmp-ai\src\services\workflow_orchestrator\mod.rs:1733: Starting PLAN024 10-phase per-file pipeline (late audio decode) file="C:\\Users\\Mango Cat\\Music\\4 Non Blondes/Bigger,_Better,_Faster,_More/(4_Non_Blondes)Bigger,_Better,_Faster,_More-03-What\'s_Up_.mp3"
2026-02-05T22:50:48.705315Z DEBUG tokio-runtime-worker ThreadId(23) wkmp_ai::services::workflow_orchestrator: wkmp-ai\src\services\workflow_orchestrator\mod.rs:1742: Phase 1: Filename Matching - START file="C:\\Users\\Mango Cat\\Music\\4 Non Blondes/Bigger,_Better,_Faster,_More/(4_Non_Blondes)Bigger,_Better,_Faster,_More-03-What\'s_Up_.mp3"
2026-02-05T22:50:48.705385Z DEBUG tokio-runtime-worker ThreadId(23) wkmp_ai::services::filename_matcher: wkmp-ai\src\services\filename_matcher.rs:54: Checking if file exists in database path=4 Non Blondes/Bigger,_Better,_Faster,_More/(4_Non_Blondes)Bigger,_Better,_Faster,_More-03-What's_Up_.mp3 norm_us=2
2026-02-05T22:50:48.705465Z DEBUG tokio-runtime-worker ThreadId(23) wkmp_ai::services::workflow_orchestrator: wkmp-ai\src\services\workflow_orchestrator\mod.rs:3110: Starting per-file pipeline file_index=18 file_id=92c36f49-e206-4316-8cd3-5928568381f1 file=4 Non Blondes/Bigger,_Better,_Faster,_More/(4_Non_Blondes)Bigger,_Better,_Faster,_More-04-Pleasantly_Blue_.mp3
2026-02-05T22:50:48.705537Z  INFO tokio-runtime-worker ThreadId(23) wkmp_ai::services::workflow_orchestrator: wkmp-ai\src\services\workflow_orchestrator\mod.rs:1733: Starting PLAN024 10-phase per-file pipeline (late audio decode) file="C:\\Users\\Mango Cat\\Music\\4 Non Blondes/Bigger,_Better,_Faster,_More/(4_Non_Blondes)Bigger,_Better,_Faster,_More-04-Pleasantly_Blue_.mp3"
2026-02-05T22:50:48.705610Z DEBUG tokio-runtime-worker ThreadId(23) wkmp_ai::services::workflow_orchestrator: wkmp-ai\src\services\workflow_orchestrator\mod.rs:1742: Phase 1: Filename Matching - START file="C:\\Users\\Mango Cat\\Music\\4 Non Blondes/Bigger,_Better,_Faster,_More/(4_Non_Blondes)Bigger,_Better,_Faster,_More-04-Pleasantly_Blue_.mp3"
2026-02-05T22:50:48.705679Z DEBUG tokio-runtime-worker ThreadId(23) wkmp_ai::services::filename_matcher: wkmp-ai\src\services\filename_matcher.rs:54: Checking if file exists in database path=4 Non Blondes/Bigger,_Better,_Faster,_More/(4_Non_Blondes)Bigger,_Better,_Faster,_More-04-Pleasantly_Blue_.mp3 norm_us=2
2026-02-05T22:50:48.705759Z DEBUG tokio-runtime-worker ThreadId(23) wkmp_ai::services::workflow_orchestrator: wkmp-ai\src\services\workflow_orchestrator\mod.rs:3110: Starting per-file pipeline file_index=19 file_id=6e58e1dd-74a4-4e97-9840-4a789d6306e5 file=4 Non Blondes/Bigger,_Better,_Faster,_More/(4_Non_Blondes)Bigger,_Better,_Faster,_More-05-Morphine_&_Chocolate.mp3
2026-02-05T22:50:48.705831Z  INFO tokio-runtime-worker ThreadId(23) wkmp_ai::services::workflow_orchestrator: wkmp-ai\src\services\workflow_orchestrator\mod.rs:1733: Starting PLAN024 10-phase per-file pipeline (late audio decode) file="C:\\Users\\Mango Cat\\Music\\4 Non Blondes/Bigger,_Better,_Faster,_More/(4_Non_Blondes)Bigger,_Better,_Faster,_More-05-Morphine_&_Chocolate.mp3"
2026-02-05T22:50:48.705903Z DEBUG tokio-runtime-worker ThreadId(23) wkmp_ai::services::workflow_orchestrator: wkmp-ai\src\services\workflow_orchestrator\mod.rs:1742: Phase 1: Filename Matching - START file="C:\\Users\\Mango Cat\\Music\\4 Non Blondes/Bigger,_Better,_Faster,_More/(4_Non_Blondes)Bigger,_Better,_Faster,_More-05-Morphine_&_Chocolate.mp3"
2026-02-05T22:50:48.705973Z DEBUG tokio-runtime-worker ThreadId(23) wkmp_ai::services::filename_matcher: wkmp-ai\src\services\filename_matcher.rs:54: Checking if file exists in database path=4 Non Blondes/Bigger,_Better,_Faster,_More/(4_Non_Blondes)Bigger,_Better,_Faster,_More-05-Morphine_&_Chocolate.mp3 norm_us=2
2026-02-05T22:50:48.706052Z DEBUG tokio-runtime-worker ThreadId(23) wkmp_ai::services::workflow_orchestrator: wkmp-ai\src\services\workflow_orchestrator\mod.rs:3110: Starting per-file pipeline file_index=20 file_id=9be4ff96-0f16-40fa-8b16-07bad67d1dbe file=4 Non Blondes/Bigger,_Better,_Faster,_More/(4_Non_Blondes)Bigger,_Better,_Faster,_More-06-Spaceman.mp3
2026-02-05T22:50:48.706124Z  INFO tokio-runtime-worker ThreadId(23) wkmp_ai::services::workflow_orchestrator: wkmp-ai\src\services\workflow_orchestrator\mod.rs:1733: Starting PLAN024 10-phase per-file pipeline (late audio decode) file="C:\\Users\\Mango Cat\\Music\\4 Non Blondes/Bigger,_Better,_Faster,_More/(4_Non_Blondes)Bigger,_Better,_Faster,_More-06-Spaceman.mp3"
2026-02-05T22:50:48.706197Z DEBUG tokio-runtime-worker ThreadId(23) wkmp_ai::services::workflow_orchestrator: wkmp-ai\src\services\workflow_orchestrator\mod.rs:1742: Phase 1: Filename Matching - START file="C:\\Users\\Mango Cat\\Music\\4 Non Blondes/Bigger,_Better,_Faster,_More/(4_Non_Blondes)Bigger,_Better,_Faster,_More-06-Spaceman.mp3"
2026-02-05T22:50:48.706267Z DEBUG tokio-runtime-worker ThreadId(23) wkmp_ai::services::filename_matcher: wkmp-ai\src\services\filename_matcher.rs:54: Checking if file exists in database path=4 Non Blondes/Bigger,_Better,_Faster,_More/(4_Non_Blondes)Bigger,_Better,_Faster,_More-06-Spaceman.mp3 norm_us=2
2026-02-05T22:50:48.706347Z DEBUG tokio-runtime-worker ThreadId(23) wkmp_ai::services::workflow_orchestrator: wkmp-ai\src\services\workflow_orchestrator\mod.rs:3110: Starting per-file pipeline file_index=21 file_id=2790ed2c-23bd-409a-870e-d491b2b1f075 file=4 Non Blondes/Bigger,_Better,_Faster,_More/(4_Non_Blondes)Bigger,_Better,_Faster,_More-07-Old_Mr._Heffer.mp3
2026-02-05T22:50:48.706419Z  INFO tokio-runtime-worker ThreadId(23) wkmp_ai::services::workflow_orchestrator: wkmp-ai\src\services\workflow_orchestrator\mod.rs:1733: Starting PLAN024 10-phase per-file pipeline (late audio decode) file="C:\\Users\\Mango Cat\\Music\\4 Non Blondes/Bigger,_Better,_Faster,_More/(4_Non_Blondes)Bigger,_Better,_Faster,_More-07-Old_Mr._Heffer.mp3"
2026-02-05T22:50:48.706491Z DEBUG tokio-runtime-worker ThreadId(23) wkmp_ai::services::workflow_orchestrator: wkmp-ai\src\services\workflow_orchestrator\mod.rs:1742: Phase 1: Filename Matching - START file="C:\\Users\\Mango Cat\\Music\\4 Non Blondes/Bigger,_Better,_Faster,_More/(4_Non_Blondes)Bigger,_Better,_Faster,_More-07-Old_Mr._Heffer.mp3"
2026-02-05T22:50:48.706561Z DEBUG tokio-runtime-worker ThreadId(23) wkmp_ai::services::filename_matcher: wkmp-ai\src\services\filename_matcher.rs:54: Checking if file exists in database path=4 Non Blondes/Bigger,_Better,_Faster,_More/(4_Non_Blondes)Bigger,_Better,_Faster,_More-07-Old_Mr._Heffer.mp3 norm_us=2
2026-02-05T22:50:48.706662Z DEBUG tokio-runtime-worker ThreadId(23) wkmp_ai::services::workflow_orchestrator: wkmp-ai\src\services\workflow_orchestrator\mod.rs:3110: Starting per-file pipeline file_index=22 file_id=91571a2e-a1ad-4506-a3cc-a60f9736934b file=4 Non Blondes/Bigger,_Better,_Faster,_More/(4_Non_Blondes)Bigger,_Better,_Faster,_More-08-Calling_All_The_People.mp3
2026-02-05T22:50:48.706739Z  INFO tokio-runtime-worker ThreadId(23) wkmp_ai::services::workflow_orchestrator: wkmp-ai\src\services\workflow_orchestrator\mod.rs:1733: Starting PLAN024 10-phase per-file pipeline (late audio decode) file="C:\\Users\\Mango Cat\\Music\\4 Non Blondes/Bigger,_Better,_Faster,_More/(4_Non_Blondes)Bigger,_Better,_Faster,_More-08-Calling_All_The_People.mp3"
2026-02-05T22:50:48.706824Z DEBUG tokio-runtime-worker ThreadId(23) wkmp_ai::services::workflow_orchestrator: wkmp-ai\src\services\workflow_orchestrator\mod.rs:1742: Phase 1: Filename Matching - START file="C:\\Users\\Mango Cat\\Music\\4 Non Blondes/Bigger,_Better,_Faster,_More/(4_Non_Blondes)Bigger,_Better,_Faster,_More-08-Calling_All_The_People.mp3"
2026-02-05T22:50:48.706897Z DEBUG tokio-runtime-worker ThreadId(23) wkmp_ai::services::filename_matcher: wkmp-ai\src\services\filename_matcher.rs:54: Checking if file exists in database path=4 Non Blondes/Bigger,_Better,_Faster,_More/(4_Non_Blondes)Bigger,_Better,_Faster,_More-08-Calling_All_The_People.mp3 norm_us=2
2026-02-05T22:50:48.707135Z DEBUG tokio-runtime-worker ThreadId(23) wkmp_ai::services::workflow_orchestrator: wkmp-ai\src\services\workflow_orchestrator\mod.rs:3110: Starting per-file pipeline file_index=23 file_id=30365188-7ec7-4711-b07f-9cc9b9ee4c70 file=4 Non Blondes/Bigger,_Better,_Faster,_More/(4_Non_Blondes)Bigger,_Better,_Faster,_More-09-Dear_Mr._President.mp3
2026-02-05T22:50:48.707247Z  INFO tokio-runtime-worker ThreadId(23) wkmp_ai::services::workflow_orchestrator: wkmp-ai\src\services\workflow_orchestrator\mod.rs:1733: Starting PLAN024 10-phase per-file pipeline (late audio decode) file="C:\\Users\\Mango Cat\\Music\\4 Non Blondes/Bigger,_Better,_Faster,_More/(4_Non_Blondes)Bigger,_Better,_Faster,_More-09-Dear_Mr._President.mp3"
2026-02-05T22:50:48.707408Z DEBUG tokio-runtime-worker ThreadId(23) wkmp_ai::services::workflow_orchestrator: wkmp-ai\src\services\workflow_orchestrator\mod.rs:1742: Phase 1: Filename Matching - START file="C:\\Users\\Mango Cat\\Music\\4 Non Blondes/Bigger,_Better,_Faster,_More/(4_Non_Blondes)Bigger,_Better,_Faster,_More-09-Dear_Mr._President.mp3"
2026-02-05T22:50:48.707531Z DEBUG tokio-runtime-worker ThreadId(23) wkmp_ai::services::filename_matcher: wkmp-ai\src\services\filename_matcher.rs:54: Checking if file exists in database path=4 Non Blondes/Bigger,_Better,_Faster,_More/(4_Non_Blondes)Bigger,_Better,_Faster,_More-09-Dear_Mr._President.mp3 norm_us=5
2026-02-05T22:50:48.707836Z DEBUG tokio-runtime-worker ThreadId(23) wkmp_ai::api::sse: wkmp-ai\src\api\sse.rs:71: SSE: Broadcasting import event: ImportProgressUpdate
2026-02-05T22:50:48.708110Z DEBUG tokio-runtime-worker ThreadId(23) wkmp_ai::api::sse: wkmp-ai\src\api\sse.rs:71: SSE: Broadcasting import event: ImportProgressUpdate
2026-02-05T22:50:48.708293Z DEBUG tokio-runtime-worker ThreadId(23) wkmp_ai::api::sse: wkmp-ai\src\api\sse.rs:71: SSE: Broadcasting import event: ImportProgressUpdate
2026-02-05T22:50:48.708714Z DEBUG tokio-runtime-worker ThreadId(23) wkmp_ai::api::sse: wkmp-ai\src\api\sse.rs:71: SSE: Broadcasting import event: ImportProgressUpdate
2026-02-05T22:50:48.709000Z DEBUG tokio-runtime-worker ThreadId(23) wkmp_ai::api::sse: wkmp-ai\src\api\sse.rs:71: SSE: Broadcasting import event: ImportProgressUpdate
2026-02-05T22:50:48.709239Z DEBUG tokio-runtime-worker ThreadId(23) wkmp_ai::api::sse: wkmp-ai\src\api\sse.rs:71: SSE: Broadcasting import event: ImportProgressUpdate
2026-02-05T22:50:48.709349Z DEBUG tokio-runtime-worker ThreadId(23) wkmp_ai::api::sse: wkmp-ai\src\api\sse.rs:71: SSE: Broadcasting import event: ImportProgressUpdate
2026-02-05T22:50:48.709559Z DEBUG tokio-runtime-worker ThreadId(23) wkmp_ai::api::sse: wkmp-ai\src\api\sse.rs:71: SSE: Broadcasting import event: ImportProgressUpdate
2026-02-05T22:50:48.709670Z DEBUG tokio-runtime-worker ThreadId(23) wkmp_ai::api::sse: wkmp-ai\src\api\sse.rs:71: SSE: Broadcasting import event: ImportProgressUpdate
2026-02-05T22:50:48.709857Z DEBUG tokio-runtime-worker ThreadId(23) wkmp_ai::api::sse: wkmp-ai\src\api\sse.rs:71: SSE: Broadcasting import event: ImportProgressUpdate
2026-02-05T22:50:48.709955Z DEBUG tokio-runtime-worker ThreadId(23) wkmp_ai::api::sse: wkmp-ai\src\api\sse.rs:71: SSE: Broadcasting import event: ImportProgressUpdate
2026-02-05T22:50:48.710135Z DEBUG tokio-runtime-worker ThreadId(23) wkmp_ai::api::sse: wkmp-ai\src\api\sse.rs:71: SSE: Broadcasting import event: ImportProgressUpdate
2026-02-05T22:50:48.710230Z DEBUG tokio-runtime-worker ThreadId(23) wkmp_ai::api::sse: wkmp-ai\src\api\sse.rs:71: SSE: Broadcasting import event: ImportProgressUpdate
2026-02-05T22:50:48.710409Z DEBUG tokio-runtime-worker ThreadId(23) wkmp_ai::api::sse: wkmp-ai\src\api\sse.rs:71: SSE: Broadcasting import event: ImportProgressUpdate
2026-02-05T22:50:48.710505Z DEBUG tokio-runtime-worker ThreadId(23) wkmp_ai::api::sse: wkmp-ai\src\api\sse.rs:71: SSE: Broadcasting import event: ImportProgressUpdate
2026-02-05T22:50:48.710695Z DEBUG tokio-runtime-worker ThreadId(23) wkmp_ai::api::sse: wkmp-ai\src\api\sse.rs:71: SSE: Broadcasting import event: ImportProgressUpdate
2026-02-05T22:50:48.710893Z DEBUG tokio-runtime-worker ThreadId(23) wkmp_ai::api::sse: wkmp-ai\src\api\sse.rs:71: SSE: Broadcasting import event: ImportProgressUpdate
2026-02-05T22:50:48.711100Z DEBUG tokio-runtime-worker ThreadId(23) wkmp_ai::api::sse: wkmp-ai\src\api\sse.rs:71: SSE: Broadcasting import event: ImportProgressUpdate
2026-02-05T22:50:48.711214Z DEBUG tokio-runtime-worker ThreadId(23) wkmp_ai::api::sse: wkmp-ai\src\api\sse.rs:71: SSE: Broadcasting import event: ImportProgressUpdate
2026-02-05T22:50:48.711409Z DEBUG tokio-runtime-worker ThreadId(23) wkmp_ai::api::sse: wkmp-ai\src\api\sse.rs:71: SSE: Broadcasting import event: ImportProgressUpdate
2026-02-05T22:50:48.711508Z DEBUG tokio-runtime-worker ThreadId(23) wkmp_ai::api::sse: wkmp-ai\src\api\sse.rs:71: SSE: Broadcasting import event: ImportProgressUpdate
2026-02-05T22:50:48.711712Z DEBUG tokio-runtime-worker ThreadId(23) wkmp_ai::api::sse: wkmp-ai\src\api\sse.rs:71: SSE: Broadcasting import event: ImportProgressUpdate
2026-02-05T22:50:48.711812Z DEBUG tokio-runtime-worker ThreadId(23) wkmp_ai::api::sse: wkmp-ai\src\api\sse.rs:71: SSE: Broadcasting import event: ImportProgressUpdate
2026-02-05T22:50:48.712007Z DEBUG tokio-runtime-worker ThreadId(23) wkmp_ai::api::sse: wkmp-ai\src\api\sse.rs:71: SSE: Broadcasting import event: ImportProgressUpdate
2026-02-05T22:50:48.712162Z DEBUG tokio-runtime-worker ThreadId(23) wkmp_ai::api::sse: wkmp-ai\src\api\sse.rs:71: SSE: Broadcasting import event: ImportProgressUpdate
2026-02-05T22:50:48.712371Z DEBUG tokio-runtime-worker ThreadId(23) wkmp_ai::api::sse: wkmp-ai\src\api\sse.rs:71: SSE: Broadcasting import event: ImportProgressUpdate
2026-02-05T22:50:48.712477Z DEBUG tokio-runtime-worker ThreadId(23) wkmp_ai::api::sse: wkmp-ai\src\api\sse.rs:71: SSE: Broadcasting import event: ImportProgressUpdate
2026-02-05T22:50:48.712663Z DEBUG tokio-runtime-worker ThreadId(23) wkmp_ai::api::sse: wkmp-ai\src\api\sse.rs:71: SSE: Broadcasting import event: ImportProgressUpdate
2026-02-05T22:50:48.712757Z DEBUG tokio-runtime-worker ThreadId(23) wkmp_ai::api::sse: wkmp-ai\src\api\sse.rs:71: SSE: Broadcasting import event: ImportProgressUpdate
2026-02-05T22:50:48.712938Z DEBUG tokio-runtime-worker ThreadId(23) wkmp_ai::api::sse: wkmp-ai\src\api\sse.rs:71: SSE: Broadcasting import event: ImportProgressUpdate
2026-02-05T22:50:48.713034Z DEBUG tokio-runtime-worker ThreadId(23) wkmp_ai::api::sse: wkmp-ai\src\api\sse.rs:71: SSE: Broadcasting import event: ImportProgressUpdate
2026-02-05T22:50:48.713216Z DEBUG tokio-runtime-worker ThreadId(23) wkmp_ai::api::sse: wkmp-ai\src\api\sse.rs:71: SSE: Broadcasting import event: ImportProgressUpdate
2026-02-05T22:50:48.713311Z DEBUG tokio-runtime-worker ThreadId(23) wkmp_ai::api::sse: wkmp-ai\src\api\sse.rs:71: SSE: Broadcasting import event: ImportProgressUpdate
2026-02-05T22:50:48.713492Z DEBUG tokio-runtime-worker ThreadId(23) wkmp_ai::api::sse: wkmp-ai\src\api\sse.rs:71: SSE: Broadcasting import event: ImportProgressUpdate
2026-02-05T22:50:48.713683Z DEBUG tokio-runtime-worker ThreadId(23) wkmp_ai::api::sse: wkmp-ai\src\api\sse.rs:71: SSE: Broadcasting import event: ImportProgressUpdate
2026-02-05T22:50:48.713920Z DEBUG tokio-runtime-worker ThreadId(23) wkmp_ai::api::sse: wkmp-ai\src\api\sse.rs:71: SSE: Broadcasting import event: ImportProgressUpdate
2026-02-05T22:50:48.714033Z DEBUG tokio-runtime-worker ThreadId(23) wkmp_ai::api::sse: wkmp-ai\src\api\sse.rs:71: SSE: Broadcasting import event: ImportProgressUpdate
2026-02-05T22:50:48.714312Z DEBUG tokio-runtime-worker ThreadId(23) wkmp_ai::api::sse: wkmp-ai\src\api\sse.rs:71: SSE: Broadcasting import event: ImportProgressUpdate
2026-02-05T22:50:48.714494Z DEBUG tokio-runtime-worker ThreadId(23) wkmp_ai::api::sse: wkmp-ai\src\api\sse.rs:71: SSE: Broadcasting import event: ImportProgressUpdate
2026-02-05T22:50:48.714786Z DEBUG tokio-runtime-worker ThreadId(23) wkmp_ai::api::sse: wkmp-ai\src\api\sse.rs:71: SSE: Broadcasting import event: ImportProgressUpdate
2026-02-05T22:50:48.714953Z DEBUG tokio-runtime-worker ThreadId(23) wkmp_ai::api::sse: wkmp-ai\src\api\sse.rs:71: SSE: Broadcasting import event: ImportProgressUpdate
2026-02-05T22:50:48.715197Z DEBUG tokio-runtime-worker ThreadId(23) wkmp_ai::api::sse: wkmp-ai\src\api\sse.rs:71: SSE: Broadcasting import event: ImportProgressUpdate
2026-02-05T22:50:48.715351Z DEBUG tokio-runtime-worker ThreadId(23) wkmp_ai::api::sse: wkmp-ai\src\api\sse.rs:71: SSE: Broadcasting import event: ImportProgressUpdate
2026-02-05T22:50:48.715710Z DEBUG tokio-runtime-worker ThreadId(23) wkmp_ai::api::sse: wkmp-ai\src\api\sse.rs:71: SSE: Broadcasting import event: ImportProgressUpdate
2026-02-05T22:50:48.715848Z DEBUG tokio-runtime-worker ThreadId(23) wkmp_ai::api::sse: wkmp-ai\src\api\sse.rs:71: SSE: Broadcasting import event: ImportProgressUpdate
2026-02-05T22:50:48.716068Z DEBUG tokio-runtime-worker ThreadId(23) wkmp_ai::api::sse: wkmp-ai\src\api\sse.rs:71: SSE: Broadcasting import event: ImportProgressUpdate
2026-02-05T22:50:48.716184Z DEBUG tokio-runtime-worker ThreadId(23) wkmp_ai::api::sse: wkmp-ai\src\api\sse.rs:71: SSE: Broadcasting import event: ImportProgressUpdate
2026-02-05T22:50:48.716422Z DEBUG tokio-runtime-worker ThreadId(23) wkmp_ai::api::sse: wkmp-ai\src\api\sse.rs:71: SSE: Broadcasting import event: ImportProgressUpdate
2026-02-05T22:50:48.716615Z DEBUG tokio-runtime-worker ThreadId(23) wkmp_ai::services::progress_manager: wkmp-ai\src\services\progress_manager.rs:179: Background sync task cancelled
2026-02-05T22:50:48.716721Z DEBUG tokio-runtime-worker ThreadId(23) wkmp_ai::services::progress_manager: wkmp-ai\src\services\progress_manager.rs:292: Time update task cancelled
2026-02-05T22:50:48.716974Z DEBUG tokio-runtime-worker ThreadId(23) wkmp_ai::services::filename_matcher: wkmp-ai\src\services\filename_matcher.rs:65: Database query completed path=10,000_Maniacs/MTV_Unplugged/13-Stockton_Gala_Days.mp3 query_us=14346
2026-02-05T22:50:48.717205Z DEBUG tokio-runtime-worker ThreadId(23) wkmp_ai::services::filename_matcher: wkmp-ai\src\services\filename_matcher.rs:81: File already processed (INGEST COMPLETE) path=10,000_Maniacs/MTV_Unplugged/13-Stockton_Gala_Days.mp3 guid=358785d6-9b90-436f-b6fa-5ea771541ca1
2026-02-05T22:50:48.717290Z  INFO tokio-runtime-worker ThreadId(23) wkmp_ai::services::workflow_orchestrator: wkmp-ai\src\services\workflow_orchestrator\mod.rs:1756: Phase 1 completed phase="Filename Matching" duration_ms=14 path_us=0 db_ms=14 file_index=12
2026-02-05T22:50:48.717392Z  INFO tokio-runtime-worker ThreadId(23) wkmp_ai::services::workflow_orchestrator: wkmp-ai\src\services\workflow_orchestrator\mod.rs:1770: File already processed (INGEST COMPLETE/NO AUDIO/DUPLICATE HASH), skipping all remaining phases file="C:\\Users\\Mango Cat\\Music\\10,000_Maniacs/MTV_Unplugged/13-Stockton_Gala_Days.mp3" file_id=358785d6-9b90-436f-b6fa-5ea771541ca1
2026-02-05T22:50:48.717484Z DEBUG tokio-runtime-worker ThreadId(23) wkmp_ai::services::workflow_orchestrator: wkmp-ai\src\services\workflow_orchestrator\mod.rs:2928: File processing complete session_id=4b515178-85e0-43eb-8eb8-3f4fb38ec0c0 file_index=12 file=10,000_Maniacs/MTV_Unplugged/13-Stockton_Gala_Days.mp3
2026-02-05T22:50:48.717580Z DEBUG tokio-runtime-worker ThreadId(23) wkmp_ai::services::workflow_orchestrator: wkmp-ai\src\services\workflow_orchestrator\mod.rs:1438: Acquiring all statistics Mutex locks for SSE conversion
2026-02-05T22:50:48.717661Z DEBUG tokio-runtime-worker ThreadId(23) wkmp_ai::services::workflow_orchestrator: wkmp-ai\src\services\workflow_orchestrator\mod.rs:1467: All statistics Mutex locks acquired and data cloned
2026-02-05T22:50:48.717770Z DEBUG tokio-runtime-worker ThreadId(23) wkmp_ai::services::workflow_orchestrator: wkmp-ai\src\services\workflow_orchestrator\mod.rs:1577: Releasing all statistics Mutex locks for SSE conversion
2026-02-05T22:50:48.717875Z DEBUG tokio-runtime-worker ThreadId(23) wkmp_ai::services::filename_matcher: wkmp-ai\src\services\filename_matcher.rs:65: Database query completed path=4 Non Blondes/Bigger,_Better,_Faster,_More/(4_Non_Blondes)Bigger,_Better,_Faster,_More-08-Calling_All_The_People.mp3 query_us=10872
2026-02-05T22:50:48.717951Z DEBUG tokio-runtime-worker ThreadId(23) wkmp_ai::services::filename_matcher: wkmp-ai\src\services\filename_matcher.rs:81: File already processed (INGEST COMPLETE) path=4 Non Blondes/Bigger,_Better,_Faster,_More/(4_Non_Blondes)Bigger,_Better,_Faster,_More-08-Calling_All_The_People.mp3 guid=91571a2e-a1ad-4506-a3cc-a60f9736934b
2026-02-05T22:50:48.718030Z  INFO tokio-runtime-worker ThreadId(23) wkmp_ai::services::workflow_orchestrator: wkmp-ai\src\services\workflow_orchestrator\mod.rs:1756: Phase 1 completed phase="Filename Matching" duration_ms=11 path_us=0 db_ms=11 file_index=22
2026-02-05T22:50:48.718110Z  INFO tokio-runtime-worker ThreadId(23) wkmp_ai::services::workflow_orchestrator: wkmp-ai\src\services\workflow_orchestrator\mod.rs:1770: File already processed (INGEST COMPLETE/NO AUDIO/DUPLICATE HASH), skipping all remaining phases file="C:\\Users\\Mango Cat\\Music\\4 Non Blondes/Bigger,_Better,_Faster,_More/(4_Non_Blondes)Bigger,_Better,_Faster,_More-08-Calling_All_The_People.mp3" file_id=91571a2e-a1ad-4506-a3cc-a60f9736934b
2026-02-05T22:50:48.718200Z DEBUG tokio-runtime-worker ThreadId(23) wkmp_ai::services::workflow_orchestrator: wkmp-ai\src\services\workflow_orchestrator\mod.rs:2928: File processing complete session_id=4b515178-85e0-43eb-8eb8-3f4fb38ec0c0 file_index=22 file=4 Non Blondes/Bigger,_Better,_Faster,_More/(4_Non_Blondes)Bigger,_Better,_Faster,_More-08-Calling_All_The_People.mp3
2026-02-05T22:50:48.718279Z DEBUG tokio-runtime-worker ThreadId(23) wkmp_ai::services::workflow_orchestrator: wkmp-ai\src\services\workflow_orchestrator\mod.rs:1438: Acquiring all statistics Mutex locks for SSE conversion
2026-02-05T22:50:48.718343Z DEBUG tokio-runtime-worker ThreadId(23) wkmp_ai::services::workflow_orchestrator: wkmp-ai\src\services\workflow_orchestrator\mod.rs:1467: All statistics Mutex locks acquired and data cloned
2026-02-05T22:50:48.718432Z DEBUG tokio-runtime-worker ThreadId(23) wkmp_ai::services::workflow_orchestrator: wkmp-ai\src\services\workflow_orchestrator\mod.rs:1577: Releasing all statistics Mutex locks for SSE conversion
2026-02-05T22:50:48.718524Z DEBUG tokio-runtime-worker ThreadId(23) wkmp_ai::services::filename_matcher: wkmp-ai\src\services\filename_matcher.rs:65: Database query completed path=10,000_Maniacs/MTV_Unplugged/14-Noah's_Dove.mp3 query_us=14859
2026-02-05T22:50:48.718601Z DEBUG tokio-runtime-worker ThreadId(23) wkmp_ai::services::filename_matcher: wkmp-ai\src\services\filename_matcher.rs:81: File already processed (INGEST COMPLETE) path=10,000_Maniacs/MTV_Unplugged/14-Noah's_Dove.mp3 guid=54a73214-4532-44b4-9bba-02169b2ac758
2026-02-05T22:50:48.718680Z  INFO tokio-runtime-worker ThreadId(23) wkmp_ai::services::workflow_orchestrator: wkmp-ai\src\services\workflow_orchestrator\mod.rs:1756: Phase 1 completed phase="Filename Matching" duration_ms=15 path_us=1 db_ms=15 file_index=13
2026-02-05T22:50:48.718763Z  INFO tokio-runtime-worker ThreadId(23) wkmp_ai::services::workflow_orchestrator: wkmp-ai\src\services\workflow_orchestrator\mod.rs:1770: File already processed (INGEST COMPLETE/NO AUDIO/DUPLICATE HASH), skipping all remaining phases file="C:\\Users\\Mango Cat\\Music\\10,000_Maniacs/MTV_Unplugged/14-Noah\'s_Dove.mp3" file_id=54a73214-4532-44b4-9bba-02169b2ac758
2026-02-05T22:50:48.718845Z DEBUG tokio-runtime-worker ThreadId(23) wkmp_ai::services::workflow_orchestrator: wkmp-ai\src\services\workflow_orchestrator\mod.rs:2928: File processing complete session_id=4b515178-85e0-43eb-8eb8-3f4fb38ec0c0 file_index=13 file=10,000_Maniacs/MTV_Unplugged/14-Noah's_Dove.mp3
2026-02-05T22:50:48.718937Z DEBUG tokio-runtime-worker ThreadId(23) wkmp_ai::services::workflow_orchestrator: wkmp-ai\src\services\workflow_orchestrator\mod.rs:1438: Acquiring all statistics Mutex locks for SSE conversion
2026-02-05T22:50:48.719003Z DEBUG tokio-runtime-worker ThreadId(23) wkmp_ai::services::workflow_orchestrator: wkmp-ai\src\services\workflow_orchestrator\mod.rs:1467: All statistics Mutex locks acquired and data cloned
2026-02-05T22:50:48.719081Z DEBUG tokio-runtime-worker ThreadId(23) wkmp_ai::services::workflow_orchestrator: wkmp-ai\src\services\workflow_orchestrator\mod.rs:1577: Releasing all statistics Mutex locks for SSE conversion
2026-02-05T22:50:48.719181Z DEBUG tokio-runtime-worker ThreadId(23) wkmp_ai::services::filename_matcher: wkmp-ai\src\services\filename_matcher.rs:65: Database query completed path=4 Non Blondes/Bigger,_Better,_Faster,_More/(4_Non_Blondes)Bigger,_Better,_Faster,_More-02-Superfly_.mp3 query_us=14024
2026-02-05T22:50:48.719256Z DEBUG tokio-runtime-worker ThreadId(23) wkmp_ai::services::filename_matcher: wkmp-ai\src\services\filename_matcher.rs:81: File already processed (INGEST COMPLETE) path=4 Non Blondes/Bigger,_Better,_Faster,_More/(4_Non_Blondes)Bigger,_Better,_Faster,_More-02-Superfly_.mp3 guid=b46287e4-4dd1-4d32-a0c3-e278a5e3942f
2026-02-05T22:50:48.719342Z  INFO tokio-runtime-worker ThreadId(23) wkmp_ai::services::workflow_orchestrator: wkmp-ai\src\services\workflow_orchestrator\mod.rs:1756: Phase 1 completed phase="Filename Matching" duration_ms=14 path_us=0 db_ms=14 file_index=16
2026-02-05T22:50:48.719427Z  INFO tokio-runtime-worker ThreadId(23) wkmp_ai::services::workflow_orchestrator: wkmp-ai\src\services\workflow_orchestrator\mod.rs:1770: File already processed (INGEST COMPLETE/NO AUDIO/DUPLICATE HASH), skipping all remaining phases file="C:\\Users\\Mango Cat\\Music\\4 Non Blondes/Bigger,_Better,_Faster,_More/(4_Non_Blondes)Bigger,_Better,_Faster,_More-02-Superfly_.mp3" file_id=b46287e4-4dd1-4d32-a0c3-e278a5e3942f
2026-02-05T22:50:48.719511Z DEBUG tokio-runtime-worker ThreadId(23) wkmp_ai::services::workflow_orchestrator: wkmp-ai\src\services\workflow_orchestrator\mod.rs:2928: File processing complete session_id=4b515178-85e0-43eb-8eb8-3f4fb38ec0c0 file_index=16 file=4 Non Blondes/Bigger,_Better,_Faster,_More/(4_Non_Blondes)Bigger,_Better,_Faster,_More-02-Superfly_.mp3
2026-02-05T22:50:48.719620Z DEBUG tokio-runtime-worker ThreadId(23) wkmp_ai::services::workflow_orchestrator: wkmp-ai\src\services\workflow_orchestrator\mod.rs:1438: Acquiring all statistics Mutex locks for SSE conversion
2026-02-05T22:50:48.719688Z DEBUG tokio-runtime-worker ThreadId(23) wkmp_ai::services::workflow_orchestrator: wkmp-ai\src\services\workflow_orchestrator\mod.rs:1467: All statistics Mutex locks acquired and data cloned
2026-02-05T22:50:48.719764Z DEBUG tokio-runtime-worker ThreadId(23) wkmp_ai::services::workflow_orchestrator: wkmp-ai\src\services\workflow_orchestrator\mod.rs:1577: Releasing all statistics Mutex locks for SSE conversion
2026-02-05T22:50:48.719852Z DEBUG tokio-runtime-worker ThreadId(23) wkmp_ai::services::filename_matcher: wkmp-ai\src\services\filename_matcher.rs:65: Database query completed path=4 Non Blondes/Bigger,_Better,_Faster,_More/(4_Non_Blondes)Bigger,_Better,_Faster,_More-05-Morphine_&_Chocolate.mp3 query_us=13811
2026-02-05T22:50:48.719922Z DEBUG tokio-runtime-worker ThreadId(23) wkmp_ai::services::filename_matcher: wkmp-ai\src\services\filename_matcher.rs:81: File already processed (INGEST COMPLETE) path=4 Non Blondes/Bigger,_Better,_Faster,_More/(4_Non_Blondes)Bigger,_Better,_Faster,_More-05-Morphine_&_Chocolate.mp3 guid=6e58e1dd-74a4-4e97-9840-4a789d6306e5
2026-02-05T22:50:48.719996Z  INFO tokio-runtime-worker ThreadId(23) wkmp_ai::services::workflow_orchestrator: wkmp-ai\src\services\workflow_orchestrator\mod.rs:1756: Phase 1 completed phase="Filename Matching" duration_ms=14 path_us=0 db_ms=14 file_index=19
2026-02-05T22:50:48.720078Z  INFO tokio-runtime-worker ThreadId(23) wkmp_ai::services::workflow_orchestrator: wkmp-ai\src\services\workflow_orchestrator\mod.rs:1770: File already processed (INGEST COMPLETE/NO AUDIO/DUPLICATE HASH), skipping all remaining phases file="C:\\Users\\Mango Cat\\Music\\4 Non Blondes/Bigger,_Better,_Faster,_More/(4_Non_Blondes)Bigger,_Better,_Faster,_More-05-Morphine_&_Chocolate.mp3" file_id=6e58e1dd-74a4-4e97-9840-4a789d6306e5
2026-02-05T22:50:48.720171Z DEBUG tokio-runtime-worker ThreadId(23) wkmp_ai::services::workflow_orchestrator: wkmp-ai\src\services\workflow_orchestrator\mod.rs:2928: File processing complete session_id=4b515178-85e0-43eb-8eb8-3f4fb38ec0c0 file_index=19 file=4 Non Blondes/Bigger,_Better,_Faster,_More/(4_Non_Blondes)Bigger,_Better,_Faster,_More-05-Morphine_&_Chocolate.mp3
2026-02-05T22:50:48.720250Z DEBUG tokio-runtime-worker ThreadId(23) wkmp_ai::services::workflow_orchestrator: wkmp-ai\src\services\workflow_orchestrator\mod.rs:1438: Acquiring all statistics Mutex locks for SSE conversion
2026-02-05T22:50:48.720313Z DEBUG tokio-runtime-worker ThreadId(23) wkmp_ai::services::workflow_orchestrator: wkmp-ai\src\services\workflow_orchestrator\mod.rs:1467: All statistics Mutex locks acquired and data cloned
2026-02-05T22:50:48.720387Z DEBUG tokio-runtime-worker ThreadId(23) wkmp_ai::services::workflow_orchestrator: wkmp-ai\src\services\workflow_orchestrator\mod.rs:1577: Releasing all statistics Mutex locks for SSE conversion
2026-02-05T22:50:48.720491Z DEBUG tokio-runtime-worker ThreadId(23) wkmp_ai::services::filename_matcher: wkmp-ai\src\services\filename_matcher.rs:65: Database query completed path=4 Non Blondes/Bigger,_Better,_Faster,_More/(4_Non_Blondes)Bigger,_Better,_Faster,_More-07-Old_Mr._Heffer.mp3 query_us=13860
2026-02-05T22:50:48.720569Z DEBUG tokio-runtime-worker ThreadId(23) wkmp_ai::services::filename_matcher: wkmp-ai\src\services\filename_matcher.rs:81: File already processed (INGEST COMPLETE) path=4 Non Blondes/Bigger,_Better,_Faster,_More/(4_Non_Blondes)Bigger,_Better,_Faster,_More-07-Old_Mr._Heffer.mp3 guid=2790ed2c-23bd-409a-870e-d491b2b1f075
2026-02-05T22:50:48.720645Z  INFO tokio-runtime-worker ThreadId(23) wkmp_ai::services::workflow_orchestrator: wkmp-ai\src\services\workflow_orchestrator\mod.rs:1756: Phase 1 completed phase="Filename Matching" duration_ms=14 path_us=0 db_ms=14 file_index=21
2026-02-05T22:50:48.720727Z  INFO tokio-runtime-worker ThreadId(23) wkmp_ai::services::workflow_orchestrator: wkmp-ai\src\services\workflow_orchestrator\mod.rs:1770: File already processed (INGEST COMPLETE/NO AUDIO/DUPLICATE HASH), skipping all remaining phases file="C:\\Users\\Mango Cat\\Music\\4 Non Blondes/Bigger,_Better,_Faster,_More/(4_Non_Blondes)Bigger,_Better,_Faster,_More-07-Old_Mr._Heffer.mp3" file_id=2790ed2c-23bd-409a-870e-d491b2b1f075
2026-02-05T22:50:48.720821Z DEBUG tokio-runtime-worker ThreadId(23) wkmp_ai::services::workflow_orchestrator: wkmp-ai\src\services\workflow_orchestrator\mod.rs:2928: File processing complete session_id=4b515178-85e0-43eb-8eb8-3f4fb38ec0c0 file_index=21 file=4 Non Blondes/Bigger,_Better,_Faster,_More/(4_Non_Blondes)Bigger,_Better,_Faster,_More-07-Old_Mr._Heffer.mp3
2026-02-05T22:50:48.720905Z DEBUG tokio-runtime-worker ThreadId(23) wkmp_ai::services::workflow_orchestrator: wkmp-ai\src\services\workflow_orchestrator\mod.rs:1438: Acquiring all statistics Mutex locks for SSE conversion
2026-02-05T22:50:48.720971Z DEBUG tokio-runtime-worker ThreadId(23) wkmp_ai::services::workflow_orchestrator: wkmp-ai\src\services\workflow_orchestrator\mod.rs:1467: All statistics Mutex locks acquired and data cloned
2026-02-05T22:50:48.721046Z DEBUG tokio-runtime-worker ThreadId(23) wkmp_ai::services::workflow_orchestrator: wkmp-ai\src\services\workflow_orchestrator\mod.rs:1577: Releasing all statistics Mutex locks for SSE conversion
2026-02-05T22:50:48.721147Z DEBUG tokio-runtime-worker ThreadId(23) wkmp_ai::services::filename_matcher: wkmp-ai\src\services\filename_matcher.rs:65: Database query completed path=4 Non Blondes/Bigger,_Better,_Faster,_More/(4_Non_Blondes)Bigger,_Better,_Faster,_More-03-What's_Up_.mp3 query_us=15693
2026-02-05T22:50:48.721226Z DEBUG tokio-runtime-worker ThreadId(23) wkmp_ai::services::filename_matcher: wkmp-ai\src\services\filename_matcher.rs:81: File already processed (INGEST COMPLETE) path=4 Non Blondes/Bigger,_Better,_Faster,_More/(4_Non_Blondes)Bigger,_Better,_Faster,_More-03-What's_Up_.mp3 guid=6d834e79-1038-4d41-b371-3bb9a31ed408
2026-02-05T22:50:48.721305Z  INFO tokio-runtime-worker ThreadId(23) wkmp_ai::services::workflow_orchestrator: wkmp-ai\src\services\workflow_orchestrator\mod.rs:1756: Phase 1 completed phase="Filename Matching" duration_ms=15 path_us=0 db_ms=15 file_index=17
2026-02-05T22:50:48.721380Z  INFO tokio-runtime-worker ThreadId(23) wkmp_ai::services::workflow_orchestrator: wkmp-ai\src\services\workflow_orchestrator\mod.rs:1770: File already processed (INGEST COMPLETE/NO AUDIO/DUPLICATE HASH), skipping all remaining phases file="C:\\Users\\Mango Cat\\Music\\4 Non Blondes/Bigger,_Better,_Faster,_More/(4_Non_Blondes)Bigger,_Better,_Faster,_More-03-What\'s_Up_.mp3" file_id=6d834e79-1038-4d41-b371-3bb9a31ed408
2026-02-05T22:50:48.721461Z DEBUG tokio-runtime-worker ThreadId(23) wkmp_ai::services::workflow_orchestrator: wkmp-ai\src\services\workflow_orchestrator\mod.rs:2928: File processing complete session_id=4b515178-85e0-43eb-8eb8-3f4fb38ec0c0 file_index=17 file=4 Non Blondes/Bigger,_Better,_Faster,_More/(4_Non_Blondes)Bigger,_Better,_Faster,_More-03-What's_Up_.mp3
2026-02-05T22:50:48.721545Z DEBUG tokio-runtime-worker ThreadId(23) wkmp_ai::services::workflow_orchestrator: wkmp-ai\src\services\workflow_orchestrator\mod.rs:1438: Acquiring all statistics Mutex locks for SSE conversion
2026-02-05T22:50:48.721612Z DEBUG tokio-runtime-worker ThreadId(23) wkmp_ai::services::workflow_orchestrator: wkmp-ai\src\services\workflow_orchestrator\mod.rs:1467: All statistics Mutex locks acquired and data cloned
2026-02-05T22:50:48.721687Z DEBUG tokio-runtime-worker ThreadId(23) wkmp_ai::services::workflow_orchestrator: wkmp-ai\src\services\workflow_orchestrator\mod.rs:1577: Releasing all statistics Mutex locks for SSE conversion
2026-02-05T22:50:48.721769Z DEBUG tokio-runtime-worker ThreadId(23) wkmp_ai::services::filename_matcher: wkmp-ai\src\services\filename_matcher.rs:65: Database query completed path=4 Non Blondes/Bigger,_Better,_Faster,_More/(4_Non_Blondes)Bigger,_Better,_Faster,_More-06-Spaceman.mp3 query_us=15435
2026-02-05T22:50:48.721842Z DEBUG tokio-runtime-worker ThreadId(23) wkmp_ai::services::filename_matcher: wkmp-ai\src\services\filename_matcher.rs:81: File already processed (INGEST COMPLETE) path=4 Non Blondes/Bigger,_Better,_Faster,_More/(4_Non_Blondes)Bigger,_Better,_Faster,_More-06-Spaceman.mp3 guid=9be4ff96-0f16-40fa-8b16-07bad67d1dbe
2026-02-05T22:50:48.721917Z  INFO tokio-runtime-worker ThreadId(23) wkmp_ai::services::workflow_orchestrator: wkmp-ai\src\services\workflow_orchestrator\mod.rs:1756: Phase 1 completed phase="Filename Matching" duration_ms=15 path_us=0 db_ms=15 file_index=20
2026-02-05T22:50:48.721994Z  INFO tokio-runtime-worker ThreadId(23) wkmp_ai::services::workflow_orchestrator: wkmp-ai\src\services\workflow_orchestrator\mod.rs:1770: File already processed (INGEST COMPLETE/NO AUDIO/DUPLICATE HASH), skipping all remaining phases file="C:\\Users\\Mango Cat\\Music\\4 Non Blondes/Bigger,_Better,_Faster,_More/(4_Non_Blondes)Bigger,_Better,_Faster,_More-06-Spaceman.mp3" file_id=9be4ff96-0f16-40fa-8b16-07bad67d1dbe
2026-02-05T22:50:48.722078Z DEBUG tokio-runtime-worker ThreadId(23) wkmp_ai::services::workflow_orchestrator: wkmp-ai\src\services\workflow_orchestrator\mod.rs:2928: File processing complete session_id=4b515178-85e0-43eb-8eb8-3f4fb38ec0c0 file_index=20 file=4 Non Blondes/Bigger,_Better,_Faster,_More/(4_Non_Blondes)Bigger,_Better,_Faster,_More-06-Spaceman.mp3
2026-02-05T22:50:48.726953Z DEBUG tokio-runtime-worker ThreadId(23) wkmp_ai::services::workflow_orchestrator: wkmp-ai\src\services\workflow_orchestrator\mod.rs:1438: Acquiring all statistics Mutex locks for SSE conversion
2026-02-05T22:50:48.727140Z DEBUG tokio-runtime-worker ThreadId(23) wkmp_ai::services::workflow_orchestrator: wkmp-ai\src\services\workflow_orchestrator\mod.rs:1467: All statistics Mutex locks acquired and data cloned
2026-02-05T22:50:48.727320Z DEBUG tokio-runtime-worker ThreadId(23) wkmp_ai::services::workflow_orchestrator: wkmp-ai\src\services\workflow_orchestrator\mod.rs:1577: Releasing all statistics Mutex locks for SSE conversion
2026-02-05T22:50:48.727603Z DEBUG tokio-runtime-worker ThreadId(23) wkmp_ai::services::filename_matcher: wkmp-ai\src\services\filename_matcher.rs:65: Database query completed path=4 Non Blondes/Bigger,_Better,_Faster,_More/(4_Non_Blondes)Bigger,_Better,_Faster,_More-01-Train_.mp3 query_us=22741
2026-02-05T22:50:48.727773Z DEBUG tokio-runtime-worker ThreadId(23) wkmp_ai::services::filename_matcher: wkmp-ai\src\services\filename_matcher.rs:81: File already processed (INGEST COMPLETE) path=4 Non Blondes/Bigger,_Better,_Faster,_More/(4_Non_Blondes)Bigger,_Better,_Faster,_More-01-Train_.mp3 guid=14cecdde-75b1-43b5-a5a8-6316820829b4
2026-02-05T22:50:48.727883Z  INFO tokio-runtime-worker ThreadId(23) wkmp_ai::services::workflow_orchestrator: wkmp-ai\src\services\workflow_orchestrator\mod.rs:1756: Phase 1 completed phase="Filename Matching" duration_ms=23 path_us=0 db_ms=23 file_index=15
2026-02-05T22:50:48.727988Z  INFO tokio-runtime-worker ThreadId(23) wkmp_ai::services::workflow_orchestrator: wkmp-ai\src\services\workflow_orchestrator\mod.rs:1770: File already processed (INGEST COMPLETE/NO AUDIO/DUPLICATE HASH), skipping all remaining phases file="C:\\Users\\Mango Cat\\Music\\4 Non Blondes/Bigger,_Better,_Faster,_More/(4_Non_Blondes)Bigger,_Better,_Faster,_More-01-Train_.mp3" file_id=14cecdde-75b1-43b5-a5a8-6316820829b4
2026-02-05T22:50:48.728104Z DEBUG tokio-runtime-worker ThreadId(23) wkmp_ai::services::workflow_orchestrator: wkmp-ai\src\services\workflow_orchestrator\mod.rs:2928: File processing complete session_id=4b515178-85e0-43eb-8eb8-3f4fb38ec0c0 file_index=15 file=4 Non Blondes/Bigger,_Better,_Faster,_More/(4_Non_Blondes)Bigger,_Better,_Faster,_More-01-Train_.mp3
2026-02-05T22:50:48.728208Z DEBUG tokio-runtime-worker ThreadId(23) wkmp_ai::services::workflow_orchestrator: wkmp-ai\src\services\workflow_orchestrator\mod.rs:1438: Acquiring all statistics Mutex locks for SSE conversion
2026-02-05T22:50:48.728274Z DEBUG tokio-runtime-worker ThreadId(23) wkmp_ai::services::workflow_orchestrator: wkmp-ai\src\services\workflow_orchestrator\mod.rs:1467: All statistics Mutex locks acquired and data cloned
2026-02-05T22:50:48.728355Z DEBUG tokio-runtime-worker ThreadId(23) wkmp_ai::services::workflow_orchestrator: wkmp-ai\src\services\workflow_orchestrator\mod.rs:1577: Releasing all statistics Mutex locks for SSE conversion
2026-02-05T22:50:48.728456Z DEBUG tokio-runtime-worker ThreadId(23) wkmp_ai::services::filename_matcher: wkmp-ai\src\services\filename_matcher.rs:65: Database query completed path=38 Special/Anthology.mp3 query_us=23901
2026-02-05T22:50:48.728533Z DEBUG tokio-runtime-worker ThreadId(23) wkmp_ai::services::filename_matcher: wkmp-ai\src\services\filename_matcher.rs:88: File exists, reusing fileId path=38 Special/Anthology.mp3 guid=4b6f8417-fe03-4dc3-9bea-ec6596c6156c status=PENDING
2026-02-05T22:50:48.728610Z  INFO tokio-runtime-worker ThreadId(23) wkmp_ai::services::workflow_orchestrator: wkmp-ai\src\services\workflow_orchestrator\mod.rs:1756: Phase 1 completed phase="Filename Matching" duration_ms=24 path_us=0 db_ms=24 file_index=14
2026-02-05T22:50:48.728690Z DEBUG tokio-runtime-worker ThreadId(23) wkmp_ai::services::workflow_orchestrator: wkmp-ai\src\services\workflow_orchestrator\mod.rs:1778: Reusing existing file record (incomplete processing) file_id=4b6f8417-fe03-4dc3-9bea-ec6596c6156c
2026-02-05T22:50:48.728787Z DEBUG tokio-runtime-worker ThreadId(23) wkmp_ai::services::workflow_orchestrator: wkmp-ai\src\services\workflow_orchestrator\mod.rs:1812: Phase 2: Hash Deduplication file="C:\\Users\\Mango Cat\\Music\\38 Special/Anthology.mp3" file_id=4b6f8417-fe03-4dc3-9bea-ec6596c6156c
2026-02-05T22:50:48.728871Z DEBUG tokio-runtime-worker ThreadId(23) wkmp_ai::services::hash_deduplicator: wkmp-ai\src\services\hash_deduplicator.rs:52: Calculating SHA-256 hash path=C:\Users\Mango Cat\Music\38 Special/Anthology.mp3
2026-02-05T22:50:48.728981Z DEBUG tokio-runtime-worker ThreadId(23) wkmp_ai::services::filename_matcher: wkmp-ai\src\services\filename_matcher.rs:65: Database query completed path=4 Non Blondes/Bigger,_Better,_Faster,_More/(4_Non_Blondes)Bigger,_Better,_Faster,_More-04-Pleasantly_Blue_.mp3 query_us=23234
2026-02-05T22:50:48.729058Z DEBUG tokio-runtime-worker ThreadId(23) wkmp_ai::services::filename_matcher: wkmp-ai\src\services\filename_matcher.rs:81: File already processed (INGEST COMPLETE) path=4 Non Blondes/Bigger,_Better,_Faster,_More/(4_Non_Blondes)Bigger,_Better,_Faster,_More-04-Pleasantly_Blue_.mp3 guid=92c36f49-e206-4316-8cd3-5928568381f1
2026-02-05T22:50:48.729133Z  INFO tokio-runtime-worker ThreadId(23) wkmp_ai::services::workflow_orchestrator: wkmp-ai\src\services\workflow_orchestrator\mod.rs:1756: Phase 1 completed phase="Filename Matching" duration_ms=23 path_us=0 db_ms=23 file_index=18
2026-02-05T22:50:48.729212Z  INFO tokio-runtime-worker ThreadId(23) wkmp_ai::services::workflow_orchestrator: wkmp-ai\src\services\workflow_orchestrator\mod.rs:1770: File already processed (INGEST COMPLETE/NO AUDIO/DUPLICATE HASH), skipping all remaining phases file="C:\\Users\\Mango Cat\\Music\\4 Non Blondes/Bigger,_Better,_Faster,_More/(4_Non_Blondes)Bigger,_Better,_Faster,_More-04-Pleasantly_Blue_.mp3" file_id=92c36f49-e206-4316-8cd3-5928568381f1
2026-02-05T22:50:48.729301Z DEBUG tokio-runtime-worker ThreadId(23) wkmp_ai::services::workflow_orchestrator: wkmp-ai\src\services\workflow_orchestrator\mod.rs:2928: File processing complete session_id=4b515178-85e0-43eb-8eb8-3f4fb38ec0c0 file_index=18 file=4 Non Blondes/Bigger,_Better,_Faster,_More/(4_Non_Blondes)Bigger,_Better,_Faster,_More-04-Pleasantly_Blue_.mp3
2026-02-05T22:50:48.729383Z DEBUG tokio-runtime-worker ThreadId(23) wkmp_ai::services::workflow_orchestrator: wkmp-ai\src\services\workflow_orchestrator\mod.rs:1438: Acquiring all statistics Mutex locks for SSE conversion
2026-02-05T22:50:48.729447Z DEBUG tokio-runtime-worker ThreadId(23) wkmp_ai::services::workflow_orchestrator: wkmp-ai\src\services\workflow_orchestrator\mod.rs:1467: All statistics Mutex locks acquired and data cloned
2026-02-05T22:50:48.729603Z DEBUG tokio-runtime-worker ThreadId(23) wkmp_ai::services::workflow_orchestrator: wkmp-ai\src\services\workflow_orchestrator\mod.rs:1577: Releasing all statistics Mutex locks for SSE conversion
2026-02-05T22:50:48.729745Z DEBUG tokio-runtime-worker ThreadId(23) wkmp_ai::services::workflow_orchestrator: wkmp-ai\src\services\workflow_orchestrator\mod.rs:3110: Starting per-file pipeline file_index=24 file_id=64e270c8-8cfe-4189-91a1-fbd48b47979c file=4 Non Blondes/Bigger,_Better,_Faster,_More/(4_Non_Blondes)Bigger,_Better,_Faster,_More-10-Drifting.mp3
2026-02-05T22:50:48.729830Z  INFO tokio-runtime-worker ThreadId(23) wkmp_ai::services::workflow_orchestrator: wkmp-ai\src\services\workflow_orchestrator\mod.rs:1733: Starting PLAN024 10-phase per-file pipeline (late audio decode) file="C:\\Users\\Mango Cat\\Music\\4 Non Blondes/Bigger,_Better,_Faster,_More/(4_Non_Blondes)Bigger,_Better,_Faster,_More-10-Drifting.mp3"
2026-02-05T22:50:48.730020Z DEBUG tokio-runtime-worker ThreadId(23) wkmp_ai::services::workflow_orchestrator: wkmp-ai\src\services\workflow_orchestrator\mod.rs:1742: Phase 1: Filename Matching - START file="C:\\Users\\Mango Cat\\Music\\4 Non Blondes/Bigger,_Better,_Faster,_More/(4_Non_Blondes)Bigger,_Better,_Faster,_More-10-Drifting.mp3"
2026-02-05T22:50:48.730129Z DEBUG tokio-runtime-worker ThreadId(23) wkmp_ai::services::filename_matcher: wkmp-ai\src\services\filename_matcher.rs:54: Checking if file exists in database path=4 Non Blondes/Bigger,_Better,_Faster,_More/(4_Non_Blondes)Bigger,_Better,_Faster,_More-10-Drifting.mp3 norm_us=9
2026-02-05T22:50:48.730269Z DEBUG tokio-runtime-worker ThreadId(23) wkmp_ai::services::workflow_orchestrator: wkmp-ai\src\services\workflow_orchestrator\mod.rs:3110: Starting per-file pipeline file_index=25 file_id=843f35a3-e86d-4a12-ae19-676155729ebb file=4 Non Blondes/Bigger,_Better,_Faster,_More/(4_Non_Blondes)Bigger,_Better,_Faster,_More-11-No_Place_Like_Home.mp3
2026-02-05T22:50:48.730365Z  INFO tokio-runtime-worker ThreadId(23) wkmp_ai::services::workflow_orchestrator: wkmp-ai\src\services\workflow_orchestrator\mod.rs:1733: Starting PLAN024 10-phase per-file pipeline (late audio decode) file="C:\\Users\\Mango Cat\\Music\\4 Non Blondes/Bigger,_Better,_Faster,_More/(4_Non_Blondes)Bigger,_Better,_Faster,_More-11-No_Place_Like_Home.mp3"
2026-02-05T22:50:48.730476Z DEBUG tokio-runtime-worker ThreadId(23) wkmp_ai::services::workflow_orchestrator: wkmp-ai\src\services\workflow_orchestrator\mod.rs:1742: Phase 1: Filename Matching - START file="C:\\Users\\Mango Cat\\Music\\4 Non Blondes/Bigger,_Better,_Faster,_More/(4_Non_Blondes)Bigger,_Better,_Faster,_More-11-No_Place_Like_Home.mp3"
2026-02-05T22:50:48.730621Z DEBUG tokio-runtime-worker ThreadId(23) wkmp_ai::services::filename_matcher: wkmp-ai\src\services\filename_matcher.rs:54: Checking if file exists in database path=4 Non Blondes/Bigger,_Better,_Faster,_More/(4_Non_Blondes)Bigger,_Better,_Faster,_More-11-No_Place_Like_Home.mp3 norm_us=11
2026-02-05T22:50:48.730739Z DEBUG tokio-runtime-worker ThreadId(23) wkmp_ai::services::workflow_orchestrator: wkmp-ai\src\services\workflow_orchestrator\mod.rs:3110: Starting per-file pipeline file_index=26 file_id=fc503973-9646-435f-8101-fe38713c00d8 file=AC-DC/Back in Black/Disc 1 - 1 - Hells Bells.mp3
2026-02-05T22:50:48.730833Z  INFO tokio-runtime-worker ThreadId(23) wkmp_ai::services::workflow_orchestrator: wkmp-ai\src\services\workflow_orchestrator\mod.rs:1733: Starting PLAN024 10-phase per-file pipeline (late audio decode) file="C:\\Users\\Mango Cat\\Music\\AC-DC/Back in Black/Disc 1 - 1 - Hells Bells.mp3"
2026-02-05T22:50:48.730916Z DEBUG tokio-runtime-worker ThreadId(23) wkmp_ai::services::workflow_orchestrator: wkmp-ai\src\services\workflow_orchestrator\mod.rs:1742: Phase 1: Filename Matching - START file="C:\\Users\\Mango Cat\\Music\\AC-DC/Back in Black/Disc 1 - 1 - Hells Bells.mp3"
2026-02-05T22:50:48.730994Z DEBUG tokio-runtime-worker ThreadId(23) wkmp_ai::services::filename_matcher: wkmp-ai\src\services\filename_matcher.rs:54: Checking if file exists in database path=AC-DC/Back in Black/Disc 1 - 1 - Hells Bells.mp3 norm_us=3
2026-02-05T22:50:48.731101Z DEBUG tokio-runtime-worker ThreadId(23) wkmp_ai::services::filename_matcher: wkmp-ai\src\services\filename_matcher.rs:65: Database query completed path=4 Non Blondes/Bigger,_Better,_Faster,_More/(4_Non_Blondes)Bigger,_Better,_Faster,_More-09-Dear_Mr._President.mp3 query_us=23408
2026-02-05T22:50:48.731176Z DEBUG tokio-runtime-worker ThreadId(23) wkmp_ai::services::filename_matcher: wkmp-ai\src\services\filename_matcher.rs:81: File already processed (INGEST COMPLETE) path=4 Non Blondes/Bigger,_Better,_Faster,_More/(4_Non_Blondes)Bigger,_Better,_Faster,_More-09-Dear_Mr._President.mp3 guid=30365188-7ec7-4711-b07f-9cc9b9ee4c70
2026-02-05T22:50:48.731253Z  INFO tokio-runtime-worker ThreadId(23) wkmp_ai::services::workflow_orchestrator: wkmp-ai\src\services\workflow_orchestrator\mod.rs:1756: Phase 1 completed phase="Filename Matching" duration_ms=23 path_us=1 db_ms=23 file_index=23
2026-02-05T22:50:48.731332Z  INFO tokio-runtime-worker ThreadId(23) wkmp_ai::services::workflow_orchestrator: wkmp-ai\src\services\workflow_orchestrator\mod.rs:1770: File already processed (INGEST COMPLETE/NO AUDIO/DUPLICATE HASH), skipping all remaining phases file="C:\\Users\\Mango Cat\\Music\\4 Non Blondes/Bigger,_Better,_Faster,_More/(4_Non_Blondes)Bigger,_Better,_Faster,_More-09-Dear_Mr._President.mp3" file_id=30365188-7ec7-4711-b07f-9cc9b9ee4c70
2026-02-05T22:50:48.731426Z DEBUG tokio-runtime-worker ThreadId(23) wkmp_ai::services::workflow_orchestrator: wkmp-ai\src\services\workflow_orchestrator\mod.rs:2928: File processing complete session_id=4b515178-85e0-43eb-8eb8-3f4fb38ec0c0 file_index=23 file=4 Non Blondes/Bigger,_Better,_Faster,_More/(4_Non_Blondes)Bigger,_Better,_Faster,_More-09-Dear_Mr._President.mp3
2026-02-05T22:50:48.731530Z DEBUG tokio-runtime-worker ThreadId(23) wkmp_ai::services::workflow_orchestrator: wkmp-ai\src\services\workflow_orchestrator\mod.rs:1438: Acquiring all statistics Mutex locks for SSE conversion
2026-02-05T22:50:48.731600Z DEBUG tokio-runtime-worker ThreadId(23) wkmp_ai::services::workflow_orchestrator: wkmp-ai\src\services\workflow_orchestrator\mod.rs:1467: All statistics Mutex locks acquired and data cloned
2026-02-05T22:50:48.731680Z DEBUG tokio-runtime-worker ThreadId(23) wkmp_ai::services::workflow_orchestrator: wkmp-ai\src\services\workflow_orchestrator\mod.rs:1577: Releasing all statistics Mutex locks for SSE conversion
2026-02-05T22:50:48.731755Z DEBUG tokio-runtime-worker ThreadId(23) wkmp_ai::services::workflow_orchestrator: wkmp-ai\src\services\workflow_orchestrator\mod.rs:3110: Starting per-file pipeline file_index=27 file_id=78c33984-9d00-402c-ac73-0965c3ba31d2 file=AC-DC/Back in Black/Disc 1 - 10 - Rock and Roll Ain't Noise Pollution.mp3
2026-02-05T22:50:48.731837Z  INFO tokio-runtime-worker ThreadId(23) wkmp_ai::services::workflow_orchestrator: wkmp-ai\src\services\workflow_orchestrator\mod.rs:1733: Starting PLAN024 10-phase per-file pipeline (late audio decode) file="C:\\Users\\Mango Cat\\Music\\AC-DC/Back in Black/Disc 1 - 10 - Rock and Roll Ain\'t Noise Pollution.mp3"
2026-02-05T22:50:48.731916Z DEBUG tokio-runtime-worker ThreadId(23) wkmp_ai::services::workflow_orchestrator: wkmp-ai\src\services\workflow_orchestrator\mod.rs:1742: Phase 1: Filename Matching - START file="C:\\Users\\Mango Cat\\Music\\AC-DC/Back in Black/Disc 1 - 10 - Rock and Roll Ain\'t Noise Pollution.mp3"
2026-02-05T22:50:48.731991Z DEBUG tokio-runtime-worker ThreadId(23) wkmp_ai::services::filename_matcher: wkmp-ai\src\services\filename_matcher.rs:54: Checking if file exists in database path=AC-DC/Back in Black/Disc 1 - 10 - Rock and Roll Ain't Noise Pollution.mp3 norm_us=3
2026-02-05T22:50:48.732087Z DEBUG tokio-runtime-worker ThreadId(23) wkmp_ai::services::workflow_orchestrator: wkmp-ai\src\services\workflow_orchestrator\mod.rs:3110: Starting per-file pipeline file_index=28 file_id=98057a1f-87f2-4e3a-9c19-f06158ba1cb4 file=AC-DC/Back in Black/Disc 1 - 2 - Shoot to Thrill.mp3
2026-02-05T22:50:48.732171Z  INFO tokio-runtime-worker ThreadId(23) wkmp_ai::services::workflow_orchestrator: wkmp-ai\src\services\workflow_orchestrator\mod.rs:1733: Starting PLAN024 10-phase per-file pipeline (late audio decode) file="C:\\Users\\Mango Cat\\Music\\AC-DC/Back in Black/Disc 1 - 2 - Shoot to Thrill.mp3"
2026-02-05T22:50:48.732258Z DEBUG tokio-runtime-worker ThreadId(23) wkmp_ai::services::workflow_orchestrator: wkmp-ai\src\services\workflow_orchestrator\mod.rs:1742: Phase 1: Filename Matching - START file="C:\\Users\\Mango Cat\\Music\\AC-DC/Back in Black/Disc 1 - 2 - Shoot to Thrill.mp3"
2026-02-05T22:50:48.732337Z DEBUG tokio-runtime-worker ThreadId(23) wkmp_ai::services::filename_matcher: wkmp-ai\src\services\filename_matcher.rs:54: Checking if file exists in database path=AC-DC/Back in Black/Disc 1 - 2 - Shoot to Thrill.mp3 norm_us=2
2026-02-05T22:50:48.732451Z DEBUG tokio-runtime-worker ThreadId(23) wkmp_ai::services::workflow_orchestrator: wkmp-ai\src\services\workflow_orchestrator\mod.rs:3110: Starting per-file pipeline file_index=29 file_id=928f44f0-5369-4b97-84c3-b1af72adfcdb file=AC-DC/Back in Black/Disc 1 - 3 - What Do You Do for Money Honey.mp3
2026-02-05T22:50:48.732533Z  INFO tokio-runtime-worker ThreadId(23) wkmp_ai::services::workflow_orchestrator: wkmp-ai\src\services\workflow_orchestrator\mod.rs:1733: Starting PLAN024 10-phase per-file pipeline (late audio decode) file="C:\\Users\\Mango Cat\\Music\\AC-DC/Back in Black/Disc 1 - 3 - What Do You Do for Money Honey.mp3"
2026-02-05T22:50:48.732613Z DEBUG tokio-runtime-worker ThreadId(23) wkmp_ai::services::workflow_orchestrator: wkmp-ai\src\services\workflow_orchestrator\mod.rs:1742: Phase 1: Filename Matching - START file="C:\\Users\\Mango Cat\\Music\\AC-DC/Back in Black/Disc 1 - 3 - What Do You Do for Money Honey.mp3"
2026-02-05T22:50:48.732690Z DEBUG tokio-runtime-worker ThreadId(23) wkmp_ai::services::filename_matcher: wkmp-ai\src\services\filename_matcher.rs:54: Checking if file exists in database path=AC-DC/Back in Black/Disc 1 - 3 - What Do You Do for Money Honey.mp3 norm_us=4
2026-02-05T22:50:48.732787Z DEBUG tokio-runtime-worker ThreadId(23) wkmp_ai::services::workflow_orchestrator: wkmp-ai\src\services\workflow_orchestrator\mod.rs:3110: Starting per-file pipeline file_index=30 file_id=59487249-1ffd-4a3f-9363-1d94b878be18 file=AC-DC/Back in Black/Disc 1 - 4 - Givin the Dog a Bone.mp3
2026-02-05T22:50:48.732868Z  INFO tokio-runtime-worker ThreadId(23) wkmp_ai::services::workflow_orchestrator: wkmp-ai\src\services\workflow_orchestrator\mod.rs:1733: Starting PLAN024 10-phase per-file pipeline (late audio decode) file="C:\\Users\\Mango Cat\\Music\\AC-DC/Back in Black/Disc 1 - 4 - Givin the Dog a Bone.mp3"
2026-02-05T22:50:48.732946Z DEBUG tokio-runtime-worker ThreadId(23) wkmp_ai::services::workflow_orchestrator: wkmp-ai\src\services\workflow_orchestrator\mod.rs:1742: Phase 1: Filename Matching - START file="C:\\Users\\Mango Cat\\Music\\AC-DC/Back in Black/Disc 1 - 4 - Givin the Dog a Bone.mp3"
2026-02-05T22:50:48.733020Z DEBUG tokio-runtime-worker ThreadId(23) wkmp_ai::services::filename_matcher: wkmp-ai\src\services\filename_matcher.rs:54: Checking if file exists in database path=AC-DC/Back in Black/Disc 1 - 4 - Givin the Dog a Bone.mp3 norm_us=2
2026-02-05T22:50:48.733110Z DEBUG tokio-runtime-worker ThreadId(23) wkmp_ai::services::workflow_orchestrator: wkmp-ai\src\services\workflow_orchestrator\mod.rs:3110: Starting per-file pipeline file_index=31 file_id=c85e7e20-300b-41f0-b5c8-abcef7c286f4 file=AC-DC/Back in Black/Disc 1 - 5 - Let Me Put My Love Into You.mp3
2026-02-05T22:50:48.733188Z  INFO tokio-runtime-worker ThreadId(23) wkmp_ai::services::workflow_orchestrator: wkmp-ai\src\services\workflow_orchestrator\mod.rs:1733: Starting PLAN024 10-phase per-file pipeline (late audio decode) file="C:\\Users\\Mango Cat\\Music\\AC-DC/Back in Black/Disc 1 - 5 - Let Me Put My Love Into You.mp3"
2026-02-05T22:50:48.733263Z DEBUG tokio-runtime-worker ThreadId(23) wkmp_ai::services::workflow_orchestrator: wkmp-ai\src\services\workflow_orchestrator\mod.rs:1742: Phase 1: Filename Matching - START file="C:\\Users\\Mango Cat\\Music\\AC-DC/Back in Black/Disc 1 - 5 - Let Me Put My Love Into You.mp3"
2026-02-05T22:50:48.733337Z DEBUG tokio-runtime-worker ThreadId(23) wkmp_ai::services::filename_matcher: wkmp-ai\src\services\filename_matcher.rs:54: Checking if file exists in database path=AC-DC/Back in Black/Disc 1 - 5 - Let Me Put My Love Into You.mp3 norm_us=2
2026-02-05T22:50:48.733424Z DEBUG tokio-runtime-worker ThreadId(23) wkmp_ai::services::workflow_orchestrator: wkmp-ai\src\services\workflow_orchestrator\mod.rs:3110: Starting per-file pipeline file_index=32 file_id=a6784401-fc57-473f-af66-016b89065d71 file=AC-DC/Back in Black/Disc 1 - 6 - Back in Black.mp3
2026-02-05T22:50:48.733499Z  INFO tokio-runtime-worker ThreadId(23) wkmp_ai::services::workflow_orchestrator: wkmp-ai\src\services\workflow_orchestrator\mod.rs:1733: Starting PLAN024 10-phase per-file pipeline (late audio decode) file="C:\\Users\\Mango Cat\\Music\\AC-DC/Back in Black/Disc 1 - 6 - Back in Black.mp3"
2026-02-05T22:50:48.733617Z DEBUG tokio-runtime-worker ThreadId(23) wkmp_ai::services::workflow_orchestrator: wkmp-ai\src\services\workflow_orchestrator\mod.rs:1742: Phase 1: Filename Matching - START file="C:\\Users\\Mango Cat\\Music\\AC-DC/Back in Black/Disc 1 - 6 - Back in Black.mp3"
2026-02-05T22:50:48.733703Z DEBUG tokio-runtime-worker ThreadId(23) wkmp_ai::services::filename_matcher: wkmp-ai\src\services\filename_matcher.rs:54: Checking if file exists in database path=AC-DC/Back in Black/Disc 1 - 6 - Back in Black.mp3 norm_us=2
2026-02-05T22:50:48.733799Z DEBUG tokio-runtime-worker ThreadId(23) wkmp_ai::services::workflow_orchestrator: wkmp-ai\src\services\workflow_orchestrator\mod.rs:3110: Starting per-file pipeline file_index=33 file_id=e1047039-c809-41f6-abf4-3d03eb967b03 file=AC-DC/Back in Black/Disc 1 - 7 - You Shook Me All Night Long.mp3
2026-02-05T22:50:48.733879Z  INFO tokio-runtime-worker ThreadId(23) wkmp_ai::services::workflow_orchestrator: wkmp-ai\src\services\workflow_orchestrator\mod.rs:1733: Starting PLAN024 10-phase per-file pipeline (late audio decode) file="C:\\Users\\Mango Cat\\Music\\AC-DC/Back in Black/Disc 1 - 7 - You Shook Me All Night Long.mp3"
2026-02-05T22:50:48.733958Z DEBUG tokio-runtime-worker ThreadId(23) wkmp_ai::services::workflow_orchestrator: wkmp-ai\src\services\workflow_orchestrator\mod.rs:1742: Phase 1: Filename Matching - START file="C:\\Users\\Mango Cat\\Music\\AC-DC/Back in Black/Disc 1 - 7 - You Shook Me All Night Long.mp3"
2026-02-05T22:50:48.734034Z DEBUG tokio-runtime-worker ThreadId(23) wkmp_ai::services::filename_matcher: wkmp-ai\src\services\filename_matcher.rs:54: Checking if file exists in database path=AC-DC/Back in Black/Disc 1 - 7 - You Shook Me All Night Long.mp3 norm_us=3
2026-02-05T22:50:48.734159Z DEBUG tokio-runtime-worker ThreadId(23) wkmp_ai::services::workflow_orchestrator: wkmp-ai\src\services\workflow_orchestrator\mod.rs:3110: Starting per-file pipeline file_index=34 file_id=deadcfcf-af37-4d32-b611-da8df38844cd file=AC-DC/Back in Black/Disc 1 - 8 - Have a Drink on Me.mp3
2026-02-05T22:50:48.734273Z  INFO tokio-runtime-worker ThreadId(23) wkmp_ai::services::workflow_orchestrator: wkmp-ai\src\services\workflow_orchestrator\mod.rs:1733: Starting PLAN024 10-phase per-file pipeline (late audio decode) file="C:\\Users\\Mango Cat\\Music\\AC-DC/Back in Black/Disc 1 - 8 - Have a Drink on Me.mp3"
2026-02-05T22:50:48.734372Z DEBUG tokio-runtime-worker ThreadId(23) wkmp_ai::services::workflow_orchestrator: wkmp-ai\src\services\workflow_orchestrator\mod.rs:1742: Phase 1: Filename Matching - START file="C:\\Users\\Mango Cat\\Music\\AC-DC/Back in Black/Disc 1 - 8 - Have a Drink on Me.mp3"
2026-02-05T22:50:48.734454Z DEBUG tokio-runtime-worker ThreadId(23) wkmp_ai::services::filename_matcher: wkmp-ai\src\services\filename_matcher.rs:54: Checking if file exists in database path=AC-DC/Back in Black/Disc 1 - 8 - Have a Drink on Me.mp3 norm_us=2
2026-02-05T22:50:48.734677Z DEBUG tokio-runtime-worker ThreadId(23) wkmp_ai::api::sse: wkmp-ai\src\api\sse.rs:71: SSE: Broadcasting import event: ImportProgressUpdate
2026-02-05T22:50:48.734999Z DEBUG tokio-runtime-worker ThreadId(23) wkmp_ai::api::sse: wkmp-ai\src\api\sse.rs:71: SSE: Broadcasting import event: ImportProgressUpdate
2026-02-05T22:50:48.735124Z DEBUG tokio-runtime-worker ThreadId(23) wkmp_ai::api::sse: wkmp-ai\src\api\sse.rs:71: SSE: Broadcasting import event: ImportProgressUpdate
2026-02-05T22:50:48.735383Z DEBUG tokio-runtime-worker ThreadId(23) wkmp_ai::api::sse: wkmp-ai\src\api\sse.rs:71: SSE: Broadcasting import event: ImportProgressUpdate
2026-02-05T22:50:48.735494Z DEBUG tokio-runtime-worker ThreadId(23) wkmp_ai::api::sse: wkmp-ai\src\api\sse.rs:71: SSE: Broadcasting import event: ImportProgressUpdate
2026-02-05T22:50:48.735752Z DEBUG tokio-runtime-worker ThreadId(23) wkmp_ai::api::sse: wkmp-ai\src\api\sse.rs:71: SSE: Broadcasting import event: ImportProgressUpdate
2026-02-05T22:50:48.735863Z DEBUG tokio-runtime-worker ThreadId(23) wkmp_ai::api::sse: wkmp-ai\src\api\sse.rs:71: SSE: Broadcasting import event: ImportProgressUpdate
2026-02-05T22:50:48.736115Z DEBUG tokio-runtime-worker ThreadId(23) wkmp_ai::api::sse: wkmp-ai\src\api\sse.rs:71: SSE: Broadcasting import event: ImportProgressUpdate
2026-02-05T22:50:48.736222Z DEBUG tokio-runtime-worker ThreadId(23) wkmp_ai::api::sse: wkmp-ai\src\api\sse.rs:71: SSE: Broadcasting import event: ImportProgressUpdate
2026-02-05T22:50:48.736474Z DEBUG tokio-runtime-worker ThreadId(23) wkmp_ai::api::sse: wkmp-ai\src\api\sse.rs:71: SSE: Broadcasting import event: ImportProgressUpdate
2026-02-05T22:50:48.736597Z DEBUG tokio-runtime-worker ThreadId(23) wkmp_ai::api::sse: wkmp-ai\src\api\sse.rs:71: SSE: Broadcasting import event: ImportProgressUpdate
2026-02-05T22:50:48.736855Z DEBUG tokio-runtime-worker ThreadId(23) wkmp_ai::api::sse: wkmp-ai\src\api\sse.rs:71: SSE: Broadcasting import event: ImportProgressUpdate
2026-02-05T22:50:48.736965Z DEBUG tokio-runtime-worker ThreadId(23) wkmp_ai::api::sse: wkmp-ai\src\api\sse.rs:71: SSE: Broadcasting import event: ImportProgressUpdate
2026-02-05T22:50:48.737220Z DEBUG tokio-runtime-worker ThreadId(23) wkmp_ai::api::sse: wkmp-ai\src\api\sse.rs:71: SSE: Broadcasting import event: ImportProgressUpdate
2026-02-05T22:50:48.737330Z DEBUG tokio-runtime-worker ThreadId(23) wkmp_ai::api::sse: wkmp-ai\src\api\sse.rs:71: SSE: Broadcasting import event: ImportProgressUpdate
2026-02-05T22:50:48.737611Z DEBUG tokio-runtime-worker ThreadId(23) wkmp_ai::api::sse: wkmp-ai\src\api\sse.rs:71: SSE: Broadcasting import event: ImportProgressUpdate
2026-02-05T22:50:48.737842Z DEBUG tokio-runtime-worker ThreadId(23) wkmp_ai::api::sse: wkmp-ai\src\api\sse.rs:71: SSE: Broadcasting import event: ImportProgressUpdate
2026-02-05T22:50:48.738115Z DEBUG tokio-runtime-worker ThreadId(23) wkmp_ai::api::sse: wkmp-ai\src\api\sse.rs:71: SSE: Broadcasting import event: ImportProgressUpdate
2026-02-05T22:50:48.738230Z DEBUG tokio-runtime-worker ThreadId(23) wkmp_ai::api::sse: wkmp-ai\src\api\sse.rs:71: SSE: Broadcasting import event: ImportProgressUpdate
2026-02-05T22:50:48.738483Z DEBUG tokio-runtime-worker ThreadId(23) wkmp_ai::api::sse: wkmp-ai\src\api\sse.rs:71: SSE: Broadcasting import event: ImportProgressUpdate
2026-02-05T22:50:48.738593Z DEBUG tokio-runtime-worker ThreadId(23) wkmp_ai::api::sse: wkmp-ai\src\api\sse.rs:71: SSE: Broadcasting import event: ImportProgressUpdate
2026-02-05T22:50:48.738857Z DEBUG tokio-runtime-worker ThreadId(23) wkmp_ai::api::sse: wkmp-ai\src\api\sse.rs:71: SSE: Broadcasting import event: ImportProgressUpdate
2026-02-05T22:50:48.739038Z DEBUG tokio-runtime-worker ThreadId(23) wkmp_ai::api::sse: wkmp-ai\src\api\sse.rs:71: SSE: Broadcasting import event: ImportProgressUpdate
2026-02-05T22:50:48.739313Z DEBUG tokio-runtime-worker ThreadId(23) wkmp_ai::api::sse: wkmp-ai\src\api\sse.rs:71: SSE: Broadcasting import event: ImportProgressUpdate
2026-02-05T22:50:48.739431Z DEBUG tokio-runtime-worker ThreadId(23) wkmp_ai::api::sse: wkmp-ai\src\api\sse.rs:71: SSE: Broadcasting import event: ImportProgressUpdate
2026-02-05T22:50:48.739712Z DEBUG tokio-runtime-worker ThreadId(23) wkmp_ai::api::sse: wkmp-ai\src\api\sse.rs:71: SSE: Broadcasting import event: ImportProgressUpdate
2026-02-05T22:50:48.739825Z DEBUG tokio-runtime-worker ThreadId(23) wkmp_ai::api::sse: wkmp-ai\src\api\sse.rs:71: SSE: Broadcasting import event: ImportProgressUpdate
2026-02-05T22:50:48.740081Z DEBUG tokio-runtime-worker ThreadId(23) wkmp_ai::api::sse: wkmp-ai\src\api\sse.rs:71: SSE: Broadcasting import event: ImportProgressUpdate
2026-02-05T22:50:48.740190Z DEBUG tokio-runtime-worker ThreadId(23) wkmp_ai::api::sse: wkmp-ai\src\api\sse.rs:71: SSE: Broadcasting import event: ImportProgressUpdate
2026-02-05T22:50:48.740543Z DEBUG tokio-runtime-worker ThreadId(23) wkmp_ai::api::sse: wkmp-ai\src\api\sse.rs:71: SSE: Broadcasting import event: ImportProgressUpdate
2026-02-05T22:50:48.740736Z DEBUG tokio-runtime-worker ThreadId(23) wkmp_ai::api::sse: wkmp-ai\src\api\sse.rs:71: SSE: Broadcasting import event: ImportProgressUpdate
2026-02-05T22:50:48.741054Z DEBUG tokio-runtime-worker ThreadId(23) wkmp_ai::api::sse: wkmp-ai\src\api\sse.rs:71: SSE: Broadcasting import event: ImportProgressUpdate
2026-02-05T22:50:48.741294Z DEBUG tokio-runtime-worker ThreadId(23) wkmp_ai::api::sse: wkmp-ai\src\api\sse.rs:71: SSE: Broadcasting import event: ImportProgressUpdate
2026-02-05T22:50:48.741661Z DEBUG tokio-runtime-worker ThreadId(23) wkmp_ai::api::sse: wkmp-ai\src\api\sse.rs:71: SSE: Broadcasting import event: ImportProgressUpdate
2026-02-05T22:50:48.741920Z DEBUG tokio-runtime-worker ThreadId(23) wkmp_ai::api::sse: wkmp-ai\src\api\sse.rs:71: SSE: Broadcasting import event: ImportProgressUpdate
2026-02-05T22:50:48.742207Z DEBUG tokio-runtime-worker ThreadId(23) wkmp_ai::api::sse: wkmp-ai\src\api\sse.rs:71: SSE: Broadcasting import event: ImportProgressUpdate
2026-02-05T22:50:48.742345Z DEBUG tokio-runtime-worker ThreadId(23) wkmp_ai::api::sse: wkmp-ai\src\api\sse.rs:71: SSE: Broadcasting import event: ImportProgressUpdate
2026-02-05T22:50:48.742778Z DEBUG tokio-runtime-worker ThreadId(23) wkmp_ai::api::sse: wkmp-ai\src\api\sse.rs:71: SSE: Broadcasting import event: ImportProgressUpdate
2026-02-05T22:50:48.743097Z DEBUG tokio-runtime-worker ThreadId(23) wkmp_ai::api::sse: wkmp-ai\src\api\sse.rs:71: SSE: Broadcasting import event: ImportProgressUpdate
2026-02-05T22:50:48.743467Z DEBUG tokio-runtime-worker ThreadId(23) wkmp_ai::api::sse: wkmp-ai\src\api\sse.rs:71: SSE: Broadcasting import event: ImportProgressUpdate
2026-02-05T22:50:48.743590Z DEBUG tokio-runtime-worker ThreadId(23) wkmp_ai::api::sse: wkmp-ai\src\api\sse.rs:71: SSE: Broadcasting import event: ImportProgressUpdate
2026-02-05T22:50:48.743851Z DEBUG tokio-runtime-worker ThreadId(23) wkmp_ai::api::sse: wkmp-ai\src\api\sse.rs:71: SSE: Broadcasting import event: ImportProgressUpdate
2026-02-05T22:50:48.743959Z DEBUG tokio-runtime-worker ThreadId(23) wkmp_ai::api::sse: wkmp-ai\src\api\sse.rs:71: SSE: Broadcasting import event: ImportProgressUpdate
2026-02-05T22:50:48.744226Z DEBUG tokio-runtime-worker ThreadId(23) wkmp_ai::api::sse: wkmp-ai\src\api\sse.rs:71: SSE: Broadcasting import event: ImportProgressUpdate
2026-02-05T22:50:48.744762Z DEBUG tokio-runtime-worker ThreadId(23) wkmp_ai::services::filename_matcher: wkmp-ai\src\services\filename_matcher.rs:65: Database query completed path=AC-DC/Back in Black/Disc 1 - 5 - Let Me Put My Love Into You.mp3 query_us=11349
2026-02-05T22:50:48.744876Z DEBUG tokio-runtime-worker ThreadId(23) wkmp_ai::services::filename_matcher: wkmp-ai\src\services\filename_matcher.rs:81: File already processed (INGEST COMPLETE) path=AC-DC/Back in Black/Disc 1 - 5 - Let Me Put My Love Into You.mp3 guid=c85e7e20-300b-41f0-b5c8-abcef7c286f4
2026-02-05T22:50:48.745021Z  INFO tokio-runtime-worker ThreadId(23) wkmp_ai::services::workflow_orchestrator: wkmp-ai\src\services\workflow_orchestrator\mod.rs:1756: Phase 1 completed phase="Filename Matching" duration_ms=11 path_us=0 db_ms=11 file_index=31
2026-02-05T22:50:48.745118Z  INFO tokio-runtime-worker ThreadId(23) wkmp_ai::services::workflow_orchestrator: wkmp-ai\src\services\workflow_orchestrator\mod.rs:1770: File already processed (INGEST COMPLETE/NO AUDIO/DUPLICATE HASH), skipping all remaining phases file="C:\\Users\\Mango Cat\\Music\\AC-DC/Back in Black/Disc 1 - 5 - Let Me Put My Love Into You.mp3" file_id=c85e7e20-300b-41f0-b5c8-abcef7c286f4
2026-02-05T22:50:48.745209Z DEBUG tokio-runtime-worker ThreadId(23) wkmp_ai::services::workflow_orchestrator: wkmp-ai\src\services\workflow_orchestrator\mod.rs:2928: File processing complete session_id=4b515178-85e0-43eb-8eb8-3f4fb38ec0c0 file_index=31 file=AC-DC/Back in Black/Disc 1 - 5 - Let Me Put My Love Into You.mp3
2026-02-05T22:50:48.745299Z DEBUG tokio-runtime-worker ThreadId(23) wkmp_ai::services::workflow_orchestrator: wkmp-ai\src\services\workflow_orchestrator\mod.rs:1438: Acquiring all statistics Mutex locks for SSE conversion
2026-02-05T22:50:48.745364Z DEBUG tokio-runtime-worker ThreadId(23) wkmp_ai::services::workflow_orchestrator: wkmp-ai\src\services\workflow_orchestrator\mod.rs:1467: All statistics Mutex locks acquired and data cloned
2026-02-05T22:50:48.745464Z DEBUG tokio-runtime-worker ThreadId(23) wkmp_ai::services::workflow_orchestrator: wkmp-ai\src\services\workflow_orchestrator\mod.rs:1577: Releasing all statistics Mutex locks for SSE conversion
2026-02-05T22:50:48.745604Z DEBUG tokio-runtime-worker ThreadId(23) wkmp_ai::services::filename_matcher: wkmp-ai\src\services\filename_matcher.rs:65: Database query completed path=4 Non Blondes/Bigger,_Better,_Faster,_More/(4_Non_Blondes)Bigger,_Better,_Faster,_More-11-No_Place_Like_Home.mp3 query_us=14887
2026-02-05T22:50:48.745698Z DEBUG tokio-runtime-worker ThreadId(23) wkmp_ai::services::filename_matcher: wkmp-ai\src\services\filename_matcher.rs:81: File already processed (INGEST COMPLETE) path=4 Non Blondes/Bigger,_Better,_Faster,_More/(4_Non_Blondes)Bigger,_Better,_Faster,_More-11-No_Place_Like_Home.mp3 guid=843f35a3-e86d-4a12-ae19-676155729ebb
2026-02-05T22:50:48.745778Z  INFO tokio-runtime-worker ThreadId(23) wkmp_ai::services::workflow_orchestrator: wkmp-ai\src\services\workflow_orchestrator\mod.rs:1756: Phase 1 completed phase="Filename Matching" duration_ms=15 path_us=3 db_ms=15 file_index=25
2026-02-05T22:50:48.745860Z  INFO tokio-runtime-worker ThreadId(23) wkmp_ai::services::workflow_orchestrator: wkmp-ai\src\services\workflow_orchestrator\mod.rs:1770: File already processed (INGEST COMPLETE/NO AUDIO/DUPLICATE HASH), skipping all remaining phases file="C:\\Users\\Mango Cat\\Music\\4 Non Blondes/Bigger,_Better,_Faster,_More/(4_Non_Blondes)Bigger,_Better,_Faster,_More-11-No_Place_Like_Home.mp3" file_id=843f35a3-e86d-4a12-ae19-676155729ebb
2026-02-05T22:50:48.745951Z DEBUG tokio-runtime-worker ThreadId(23) wkmp_ai::services::workflow_orchestrator: wkmp-ai\src\services\workflow_orchestrator\mod.rs:2928: File processing complete session_id=4b515178-85e0-43eb-8eb8-3f4fb38ec0c0 file_index=25 file=4 Non Blondes/Bigger,_Better,_Faster,_More/(4_Non_Blondes)Bigger,_Better,_Faster,_More-11-No_Place_Like_Home.mp3
2026-02-05T22:50:48.746034Z DEBUG tokio-runtime-worker ThreadId(23) wkmp_ai::services::workflow_orchestrator: wkmp-ai\src\services\workflow_orchestrator\mod.rs:1438: Acquiring all statistics Mutex locks for SSE conversion
2026-02-05T22:50:48.746099Z DEBUG tokio-runtime-worker ThreadId(23) wkmp_ai::services::workflow_orchestrator: wkmp-ai\src\services\workflow_orchestrator\mod.rs:1467: All statistics Mutex locks acquired and data cloned
2026-02-05T22:50:48.746179Z DEBUG tokio-runtime-worker ThreadId(23) wkmp_ai::services::workflow_orchestrator: wkmp-ai\src\services\workflow_orchestrator\mod.rs:1577: Releasing all statistics Mutex locks for SSE conversion
2026-02-05T22:50:48.746271Z DEBUG tokio-runtime-worker ThreadId(23) wkmp_ai::services::filename_matcher: wkmp-ai\src\services\filename_matcher.rs:65: Database query completed path=AC-DC/Back in Black/Disc 1 - 1 - Hells Bells.mp3 query_us=15205
2026-02-05T22:50:48.746346Z DEBUG tokio-runtime-worker ThreadId(23) wkmp_ai::services::filename_matcher: wkmp-ai\src\services\filename_matcher.rs:81: File already processed (INGEST COMPLETE) path=AC-DC/Back in Black/Disc 1 - 1 - Hells Bells.mp3 guid=fc503973-9646-435f-8101-fe38713c00d8
2026-02-05T22:50:48.746420Z  INFO tokio-runtime-worker ThreadId(23) wkmp_ai::services::workflow_orchestrator: wkmp-ai\src\services\workflow_orchestrator\mod.rs:1756: Phase 1 completed phase="Filename Matching" duration_ms=15 path_us=1 db_ms=15 file_index=26
2026-02-05T22:50:48.746496Z  INFO tokio-runtime-worker ThreadId(23) wkmp_ai::services::workflow_orchestrator: wkmp-ai\src\services\workflow_orchestrator\mod.rs:1770: File already processed (INGEST COMPLETE/NO AUDIO/DUPLICATE HASH), skipping all remaining phases file="C:\\Users\\Mango Cat\\Music\\AC-DC/Back in Black/Disc 1 - 1 - Hells Bells.mp3" file_id=fc503973-9646-435f-8101-fe38713c00d8
2026-02-05T22:50:48.746573Z DEBUG tokio-runtime-worker ThreadId(23) wkmp_ai::services::workflow_orchestrator: wkmp-ai\src\services\workflow_orchestrator\mod.rs:2928: File processing complete session_id=4b515178-85e0-43eb-8eb8-3f4fb38ec0c0 file_index=26 file=AC-DC/Back in Black/Disc 1 - 1 - Hells Bells.mp3
2026-02-05T22:50:48.746650Z DEBUG tokio-runtime-worker ThreadId(23) wkmp_ai::services::workflow_orchestrator: wkmp-ai\src\services\workflow_orchestrator\mod.rs:1438: Acquiring all statistics Mutex locks for SSE conversion
2026-02-05T22:50:48.746709Z DEBUG tokio-runtime-worker ThreadId(23) wkmp_ai::services::workflow_orchestrator: wkmp-ai\src\services\workflow_orchestrator\mod.rs:1467: All statistics Mutex locks acquired and data cloned
2026-02-05T22:50:48.746803Z DEBUG tokio-runtime-worker ThreadId(23) wkmp_ai::services::workflow_orchestrator: wkmp-ai\src\services\workflow_orchestrator\mod.rs:1577: Releasing all statistics Mutex locks for SSE conversion
2026-02-05T22:50:48.746892Z DEBUG tokio-runtime-worker ThreadId(23) wkmp_ai::services::filename_matcher: wkmp-ai\src\services\filename_matcher.rs:65: Database query completed path=4 Non Blondes/Bigger,_Better,_Faster,_More/(4_Non_Blondes)Bigger,_Better,_Faster,_More-10-Drifting.mp3 query_us=16672
2026-02-05T22:50:48.746964Z DEBUG tokio-runtime-worker ThreadId(23) wkmp_ai::services::filename_matcher: wkmp-ai\src\services\filename_matcher.rs:81: File already processed (INGEST COMPLETE) path=4 Non Blondes/Bigger,_Better,_Faster,_More/(4_Non_Blondes)Bigger,_Better,_Faster,_More-10-Drifting.mp3 guid=64e270c8-8cfe-4189-91a1-fbd48b47979c
2026-02-05T22:50:48.747043Z  INFO tokio-runtime-worker ThreadId(23) wkmp_ai::services::workflow_orchestrator: wkmp-ai\src\services\workflow_orchestrator\mod.rs:1756: Phase 1 completed phase="Filename Matching" duration_ms=17 path_us=1 db_ms=16 file_index=24
2026-02-05T22:50:48.747125Z  INFO tokio-runtime-worker ThreadId(23) wkmp_ai::services::workflow_orchestrator: wkmp-ai\src\services\workflow_orchestrator\mod.rs:1770: File already processed (INGEST COMPLETE/NO AUDIO/DUPLICATE HASH), skipping all remaining phases file="C:\\Users\\Mango Cat\\Music\\4 Non Blondes/Bigger,_Better,_Faster,_More/(4_Non_Blondes)Bigger,_Better,_Faster,_More-10-Drifting.mp3" file_id=64e270c8-8cfe-4189-91a1-fbd48b47979c
2026-02-05T22:50:48.747217Z DEBUG tokio-runtime-worker ThreadId(23) wkmp_ai::services::workflow_orchestrator: wkmp-ai\src\services\workflow_orchestrator\mod.rs:2928: File processing complete session_id=4b515178-85e0-43eb-8eb8-3f4fb38ec0c0 file_index=24 file=4 Non Blondes/Bigger,_Better,_Faster,_More/(4_Non_Blondes)Bigger,_Better,_Faster,_More-10-Drifting.mp3
2026-02-05T22:50:48.747296Z DEBUG tokio-runtime-worker ThreadId(23) wkmp_ai::services::workflow_orchestrator: wkmp-ai\src\services\workflow_orchestrator\mod.rs:1438: Acquiring all statistics Mutex locks for SSE conversion
2026-02-05T22:50:48.747359Z DEBUG tokio-runtime-worker ThreadId(23) wkmp_ai::services::workflow_orchestrator: wkmp-ai\src\services\workflow_orchestrator\mod.rs:1467: All statistics Mutex locks acquired and data cloned
2026-02-05T22:50:48.747437Z DEBUG tokio-runtime-worker ThreadId(23) wkmp_ai::services::workflow_orchestrator: wkmp-ai\src\services\workflow_orchestrator\mod.rs:1577: Releasing all statistics Mutex locks for SSE conversion
2026-02-05T22:50:48.747540Z DEBUG tokio-runtime-worker ThreadId(23) wkmp_ai::services::filename_matcher: wkmp-ai\src\services\filename_matcher.rs:65: Database query completed path=AC-DC/Back in Black/Disc 1 - 10 - Rock and Roll Ain't Noise Pollution.mp3 query_us=15475
2026-02-05T22:50:48.747619Z DEBUG tokio-runtime-worker ThreadId(23) wkmp_ai::services::filename_matcher: wkmp-ai\src\services\filename_matcher.rs:81: File already processed (INGEST COMPLETE) path=AC-DC/Back in Black/Disc 1 - 10 - Rock and Roll Ain't Noise Pollution.mp3 guid=78c33984-9d00-402c-ac73-0965c3ba31d2
2026-02-05T22:50:48.747697Z  INFO tokio-runtime-worker ThreadId(23) wkmp_ai::services::workflow_orchestrator: wkmp-ai\src\services\workflow_orchestrator\mod.rs:1756: Phase 1 completed phase="Filename Matching" duration_ms=15 path_us=0 db_ms=15 file_index=27
2026-02-05T22:50:48.747776Z  INFO tokio-runtime-worker ThreadId(23) wkmp_ai::services::workflow_orchestrator: wkmp-ai\src\services\workflow_orchestrator\mod.rs:1770: File already processed (INGEST COMPLETE/NO AUDIO/DUPLICATE HASH), skipping all remaining phases file="C:\\Users\\Mango Cat\\Music\\AC-DC/Back in Black/Disc 1 - 10 - Rock and Roll Ain\'t Noise Pollution.mp3" file_id=78c33984-9d00-402c-ac73-0965c3ba31d2
2026-02-05T22:50:48.747857Z DEBUG tokio-runtime-worker ThreadId(23) wkmp_ai::services::workflow_orchestrator: wkmp-ai\src\services\workflow_orchestrator\mod.rs:2928: File processing complete session_id=4b515178-85e0-43eb-8eb8-3f4fb38ec0c0 file_index=27 file=AC-DC/Back in Black/Disc 1 - 10 - Rock and Roll Ain't Noise Pollution.mp3
2026-02-05T22:50:48.747938Z DEBUG tokio-runtime-worker ThreadId(23) wkmp_ai::services::workflow_orchestrator: wkmp-ai\src\services\workflow_orchestrator\mod.rs:1438: Acquiring all statistics Mutex locks for SSE conversion
2026-02-05T22:50:48.747999Z DEBUG tokio-runtime-worker ThreadId(23) wkmp_ai::services::workflow_orchestrator: wkmp-ai\src\services\workflow_orchestrator\mod.rs:1467: All statistics Mutex locks acquired and data cloned
2026-02-05T22:50:48.748088Z DEBUG tokio-runtime-worker ThreadId(23) wkmp_ai::services::workflow_orchestrator: wkmp-ai\src\services\workflow_orchestrator\mod.rs:1577: Releasing all statistics Mutex locks for SSE conversion
2026-02-05T22:50:48.748176Z DEBUG tokio-runtime-worker ThreadId(23) wkmp_ai::services::filename_matcher: wkmp-ai\src\services\filename_matcher.rs:65: Database query completed path=AC-DC/Back in Black/Disc 1 - 4 - Givin the Dog a Bone.mp3 query_us=15083
2026-02-05T22:50:48.748250Z DEBUG tokio-runtime-worker ThreadId(23) wkmp_ai::services::filename_matcher: wkmp-ai\src\services\filename_matcher.rs:81: File already processed (INGEST COMPLETE) path=AC-DC/Back in Black/Disc 1 - 4 - Givin the Dog a Bone.mp3 guid=59487249-1ffd-4a3f-9363-1d94b878be18
2026-02-05T22:50:48.748331Z  INFO tokio-runtime-worker ThreadId(23) wkmp_ai::services::workflow_orchestrator: wkmp-ai\src\services\workflow_orchestrator\mod.rs:1756: Phase 1 completed phase="Filename Matching" duration_ms=15 path_us=0 db_ms=15 file_index=30
2026-02-05T22:50:48.748410Z  INFO tokio-runtime-worker ThreadId(23) wkmp_ai::services::workflow_orchestrator: wkmp-ai\src\services\workflow_orchestrator\mod.rs:1770: File already processed (INGEST COMPLETE/NO AUDIO/DUPLICATE HASH), skipping all remaining phases file="C:\\Users\\Mango Cat\\Music\\AC-DC/Back in Black/Disc 1 - 4 - Givin the Dog a Bone.mp3" file_id=59487249-1ffd-4a3f-9363-1d94b878be18
2026-02-05T22:50:48.748487Z DEBUG tokio-runtime-worker ThreadId(23) wkmp_ai::services::workflow_orchestrator: wkmp-ai\src\services\workflow_orchestrator\mod.rs:2928: File processing complete session_id=4b515178-85e0-43eb-8eb8-3f4fb38ec0c0 file_index=30 file=AC-DC/Back in Black/Disc 1 - 4 - Givin the Dog a Bone.mp3
2026-02-05T22:50:48.748574Z DEBUG tokio-runtime-worker ThreadId(23) wkmp_ai::services::workflow_orchestrator: wkmp-ai\src\services\workflow_orchestrator\mod.rs:1438: Acquiring all statistics Mutex locks for SSE conversion
2026-02-05T22:50:48.748637Z DEBUG tokio-runtime-worker ThreadId(23) wkmp_ai::services::workflow_orchestrator: wkmp-ai\src\services\workflow_orchestrator\mod.rs:1467: All statistics Mutex locks acquired and data cloned
2026-02-05T22:50:48.748721Z DEBUG tokio-runtime-worker ThreadId(23) wkmp_ai::services::workflow_orchestrator: wkmp-ai\src\services\workflow_orchestrator\mod.rs:1577: Releasing all statistics Mutex locks for SSE conversion
2026-02-05T22:50:48.748811Z DEBUG tokio-runtime-worker ThreadId(23) wkmp_ai::services::filename_matcher: wkmp-ai\src\services\filename_matcher.rs:65: Database query completed path=AC-DC/Back in Black/Disc 1 - 3 - What Do You Do for Money Honey.mp3 query_us=16046
2026-02-05T22:50:48.748883Z DEBUG tokio-runtime-worker ThreadId(23) wkmp_ai::services::filename_matcher: wkmp-ai\src\services\filename_matcher.rs:81: File already processed (INGEST COMPLETE) path=AC-DC/Back in Black/Disc 1 - 3 - What Do You Do for Money Honey.mp3 guid=928f44f0-5369-4b97-84c3-b1af72adfcdb
2026-02-05T22:50:48.748955Z  INFO tokio-runtime-worker ThreadId(23) wkmp_ai::services::workflow_orchestrator: wkmp-ai\src\services\workflow_orchestrator\mod.rs:1756: Phase 1 completed phase="Filename Matching" duration_ms=16 path_us=1 db_ms=16 file_index=29
2026-02-05T22:50:48.749040Z  INFO tokio-runtime-worker ThreadId(23) wkmp_ai::services::workflow_orchestrator: wkmp-ai\src\services\workflow_orchestrator\mod.rs:1770: File already processed (INGEST COMPLETE/NO AUDIO/DUPLICATE HASH), skipping all remaining phases file="C:\\Users\\Mango Cat\\Music\\AC-DC/Back in Black/Disc 1 - 3 - What Do You Do for Money Honey.mp3" file_id=928f44f0-5369-4b97-84c3-b1af72adfcdb
2026-02-05T22:50:48.749123Z DEBUG tokio-runtime-worker ThreadId(23) wkmp_ai::services::workflow_orchestrator: wkmp-ai\src\services\workflow_orchestrator\mod.rs:2928: File processing complete session_id=4b515178-85e0-43eb-8eb8-3f4fb38ec0c0 file_index=29 file=AC-DC/Back in Black/Disc 1 - 3 - What Do You Do for Money Honey.mp3
2026-02-05T22:50:48.753707Z DEBUG tokio-runtime-worker ThreadId(23) wkmp_ai::services::workflow_orchestrator: wkmp-ai\src\services\workflow_orchestrator\mod.rs:1438: Acquiring all statistics Mutex locks for SSE conversion
2026-02-05T22:50:48.753858Z DEBUG tokio-runtime-worker ThreadId(23) wkmp_ai::services::workflow_orchestrator: wkmp-ai\src\services\workflow_orchestrator\mod.rs:1467: All statistics Mutex locks acquired and data cloned
2026-02-05T22:50:48.753971Z DEBUG tokio-runtime-worker ThreadId(23) wkmp_ai::services::workflow_orchestrator: wkmp-ai\src\services\workflow_orchestrator\mod.rs:1577: Releasing all statistics Mutex locks for SSE conversion
2026-02-05T22:50:48.754086Z DEBUG tokio-runtime-worker ThreadId(23) wkmp_ai::services::filename_matcher: wkmp-ai\src\services\filename_matcher.rs:65: Database query completed path=AC-DC/Back in Black/Disc 1 - 2 - Shoot to Thrill.mp3 query_us=21667
2026-02-05T22:50:48.754175Z DEBUG tokio-runtime-worker ThreadId(23) wkmp_ai::services::filename_matcher: wkmp-ai\src\services\filename_matcher.rs:81: File already processed (INGEST COMPLETE) path=AC-DC/Back in Black/Disc 1 - 2 - Shoot to Thrill.mp3 guid=98057a1f-87f2-4e3a-9c19-f06158ba1cb4
2026-02-05T22:50:48.754251Z  INFO tokio-runtime-worker ThreadId(23) wkmp_ai::services::workflow_orchestrator: wkmp-ai\src\services\workflow_orchestrator\mod.rs:1756: Phase 1 completed phase="Filename Matching" duration_ms=21 path_us=0 db_ms=21 file_index=28
2026-02-05T22:50:48.754332Z  INFO tokio-runtime-worker ThreadId(23) wkmp_ai::services::workflow_orchestrator: wkmp-ai\src\services\workflow_orchestrator\mod.rs:1770: File already processed (INGEST COMPLETE/NO AUDIO/DUPLICATE HASH), skipping all remaining phases file="C:\\Users\\Mango Cat\\Music\\AC-DC/Back in Black/Disc 1 - 2 - Shoot to Thrill.mp3" file_id=98057a1f-87f2-4e3a-9c19-f06158ba1cb4
2026-02-05T22:50:48.754417Z DEBUG tokio-runtime-worker ThreadId(23) wkmp_ai::services::workflow_orchestrator: wkmp-ai\src\services\workflow_orchestrator\mod.rs:2928: File processing complete session_id=4b515178-85e0-43eb-8eb8-3f4fb38ec0c0 file_index=28 file=AC-DC/Back in Black/Disc 1 - 2 - Shoot to Thrill.mp3
2026-02-05T22:50:48.754500Z DEBUG tokio-runtime-worker ThreadId(23) wkmp_ai::services::workflow_orchestrator: wkmp-ai\src\services\workflow_orchestrator\mod.rs:1438: Acquiring all statistics Mutex locks for SSE conversion
2026-02-05T22:50:48.754564Z DEBUG tokio-runtime-worker ThreadId(23) wkmp_ai::services::workflow_orchestrator: wkmp-ai\src\services\workflow_orchestrator\mod.rs:1467: All statistics Mutex locks acquired and data cloned
2026-02-05T22:50:48.754644Z DEBUG tokio-runtime-worker ThreadId(23) wkmp_ai::services::workflow_orchestrator: wkmp-ai\src\services\workflow_orchestrator\mod.rs:1577: Releasing all statistics Mutex locks for SSE conversion
2026-02-05T22:50:48.754717Z DEBUG tokio-runtime-worker ThreadId(23) wkmp_ai::services::workflow_orchestrator: wkmp-ai\src\services\workflow_orchestrator\mod.rs:3110: Starting per-file pipeline file_index=35 file_id=5a946ee7-fdcb-43f3-8472-acd5d644a537 file=AC-DC/Back in Black/Disc 1 - 9 - Shake a Leg.mp3
2026-02-05T22:50:48.754799Z  INFO tokio-runtime-worker ThreadId(23) wkmp_ai::services::workflow_orchestrator: wkmp-ai\src\services\workflow_orchestrator\mod.rs:1733: Starting PLAN024 10-phase per-file pipeline (late audio decode) file="C:\\Users\\Mango Cat\\Music\\AC-DC/Back in Black/Disc 1 - 9 - Shake a Leg.mp3"
2026-02-05T22:50:48.754882Z DEBUG tokio-runtime-worker ThreadId(23) wkmp_ai::services::workflow_orchestrator: wkmp-ai\src\services\workflow_orchestrator\mod.rs:1742: Phase 1: Filename Matching - START file="C:\\Users\\Mango Cat\\Music\\AC-DC/Back in Black/Disc 1 - 9 - Shake a Leg.mp3"
2026-02-05T22:50:48.754962Z DEBUG tokio-runtime-worker ThreadId(23) wkmp_ai::services::filename_matcher: wkmp-ai\src\services\filename_matcher.rs:54: Checking if file exists in database path=AC-DC/Back in Black/Disc 1 - 9 - Shake a Leg.mp3 norm_us=7
2026-02-05T22:50:48.755082Z DEBUG tokio-runtime-worker ThreadId(23) wkmp_ai::services::filename_matcher: wkmp-ai\src\services\filename_matcher.rs:65: Database query completed path=AC-DC/Back in Black/Disc 1 - 6 - Back in Black.mp3 query_us=21305
2026-02-05T22:50:48.755156Z DEBUG tokio-runtime-worker ThreadId(23) wkmp_ai::services::filename_matcher: wkmp-ai\src\services\filename_matcher.rs:81: File already processed (INGEST COMPLETE) path=AC-DC/Back in Black/Disc 1 - 6 - Back in Black.mp3 guid=a6784401-fc57-473f-af66-016b89065d71
2026-02-05T22:50:48.755229Z  INFO tokio-runtime-worker ThreadId(23) wkmp_ai::services::workflow_orchestrator: wkmp-ai\src\services\workflow_orchestrator\mod.rs:1756: Phase 1 completed phase="Filename Matching" duration_ms=21 path_us=0 db_ms=21 file_index=32
2026-02-05T22:50:48.755308Z  INFO tokio-runtime-worker ThreadId(23) wkmp_ai::services::workflow_orchestrator: wkmp-ai\src\services\workflow_orchestrator\mod.rs:1770: File already processed (INGEST COMPLETE/NO AUDIO/DUPLICATE HASH), skipping all remaining phases file="C:\\Users\\Mango Cat\\Music\\AC-DC/Back in Black/Disc 1 - 6 - Back in Black.mp3" file_id=a6784401-fc57-473f-af66-016b89065d71
2026-02-05T22:50:48.755388Z DEBUG tokio-runtime-worker ThreadId(23) wkmp_ai::services::workflow_orchestrator: wkmp-ai\src\services\workflow_orchestrator\mod.rs:2928: File processing complete session_id=4b515178-85e0-43eb-8eb8-3f4fb38ec0c0 file_index=32 file=AC-DC/Back in Black/Disc 1 - 6 - Back in Black.mp3
2026-02-05T22:50:48.755469Z DEBUG tokio-runtime-worker ThreadId(23) wkmp_ai::services::workflow_orchestrator: wkmp-ai\src\services\workflow_orchestrator\mod.rs:1438: Acquiring all statistics Mutex locks for SSE conversion
2026-02-05T22:50:48.755533Z DEBUG tokio-runtime-worker ThreadId(23) wkmp_ai::services::workflow_orchestrator: wkmp-ai\src\services\workflow_orchestrator\mod.rs:1467: All statistics Mutex locks acquired and data cloned
2026-02-05T22:50:48.755624Z DEBUG tokio-runtime-worker ThreadId(23) wkmp_ai::services::workflow_orchestrator: wkmp-ai\src\services\workflow_orchestrator\mod.rs:1577: Releasing all statistics Mutex locks for SSE conversion
2026-02-05T22:50:48.755706Z DEBUG tokio-runtime-worker ThreadId(23) wkmp_ai::services::filename_matcher: wkmp-ai\src\services\filename_matcher.rs:65: Database query completed path=AC-DC/Back in Black/Disc 1 - 7 - You Shook Me All Night Long.mp3 query_us=21601
2026-02-05T22:50:48.755779Z DEBUG tokio-runtime-worker ThreadId(23) wkmp_ai::services::filename_matcher: wkmp-ai\src\services\filename_matcher.rs:81: File already processed (INGEST COMPLETE) path=AC-DC/Back in Black/Disc 1 - 7 - You Shook Me All Night Long.mp3 guid=e1047039-c809-41f6-abf4-3d03eb967b03
2026-02-05T22:50:48.755852Z  INFO tokio-runtime-worker ThreadId(23) wkmp_ai::services::workflow_orchestrator: wkmp-ai\src\services\workflow_orchestrator\mod.rs:1756: Phase 1 completed phase="Filename Matching" duration_ms=21 path_us=0 db_ms=21 file_index=33
2026-02-05T22:50:48.755930Z  INFO tokio-runtime-worker ThreadId(23) wkmp_ai::services::workflow_orchestrator: wkmp-ai\src\services\workflow_orchestrator\mod.rs:1770: File already processed (INGEST COMPLETE/NO AUDIO/DUPLICATE HASH), skipping all remaining phases file="C:\\Users\\Mango Cat\\Music\\AC-DC/Back in Black/Disc 1 - 7 - You Shook Me All Night Long.mp3" file_id=e1047039-c809-41f6-abf4-3d03eb967b03
2026-02-05T22:50:48.756009Z DEBUG tokio-runtime-worker ThreadId(23) wkmp_ai::services::workflow_orchestrator: wkmp-ai\src\services\workflow_orchestrator\mod.rs:2928: File processing complete session_id=4b515178-85e0-43eb-8eb8-3f4fb38ec0c0 file_index=33 file=AC-DC/Back in Black/Disc 1 - 7 - You Shook Me All Night Long.mp3
2026-02-05T22:50:48.756088Z DEBUG tokio-runtime-worker ThreadId(23) wkmp_ai::services::workflow_orchestrator: wkmp-ai\src\services\workflow_orchestrator\mod.rs:1438: Acquiring all statistics Mutex locks for SSE conversion
2026-02-05T22:50:48.756152Z DEBUG tokio-runtime-worker ThreadId(23) wkmp_ai::services::workflow_orchestrator: wkmp-ai\src\services\workflow_orchestrator\mod.rs:1467: All statistics Mutex locks acquired and data cloned
2026-02-05T22:50:48.756229Z DEBUG tokio-runtime-worker ThreadId(23) wkmp_ai::services::workflow_orchestrator: wkmp-ai\src\services\workflow_orchestrator\mod.rs:1577: Releasing all statistics Mutex locks for SSE conversion
2026-02-05T22:50:48.756298Z DEBUG tokio-runtime-worker ThreadId(23) wkmp_ai::services::workflow_orchestrator: wkmp-ai\src\services\workflow_orchestrator\mod.rs:3110: Starting per-file pipeline file_index=36 file_id=7e89c56d-07e8-4637-92b4-a36aa2fa5af4 file=AURORA/AuroraTeardrop.mp3
2026-02-05T22:50:48.756377Z  INFO tokio-runtime-worker ThreadId(23) wkmp_ai::services::workflow_orchestrator: wkmp-ai\src\services\workflow_orchestrator\mod.rs:1733: Starting PLAN024 10-phase per-file pipeline (late audio decode) file="C:\\Users\\Mango Cat\\Music\\AURORA/AuroraTeardrop.mp3"
2026-02-05T22:50:48.756455Z DEBUG tokio-runtime-worker ThreadId(23) wkmp_ai::services::workflow_orchestrator: wkmp-ai\src\services\workflow_orchestrator\mod.rs:1742: Phase 1: Filename Matching - START file="C:\\Users\\Mango Cat\\Music\\AURORA/AuroraTeardrop.mp3"
2026-02-05T22:50:48.756529Z DEBUG tokio-runtime-worker ThreadId(23) wkmp_ai::services::filename_matcher: wkmp-ai\src\services\filename_matcher.rs:54: Checking if file exists in database path=AURORA/AuroraTeardrop.mp3 norm_us=2
2026-02-05T22:50:48.756621Z DEBUG tokio-runtime-worker ThreadId(23) wkmp_ai::services::workflow_orchestrator: wkmp-ai\src\services\workflow_orchestrator\mod.rs:3110: Starting per-file pipeline file_index=37 file_id=0d8c56aa-ccc0-4691-9647-1f0b7c72aaea file=Abdul, Paula/Shut_up_and_dance_(The_Dance_Mixes)/(Paula_Abdul)Shut_up_and_dance_(The_Dance_Mixes)-01-Coldhearted_(Quiverin'_12-).mp3
2026-02-05T22:50:48.756700Z  INFO tokio-runtime-worker ThreadId(23) wkmp_ai::services::workflow_orchestrator: wkmp-ai\src\services\workflow_orchestrator\mod.rs:1733: Starting PLAN024 10-phase per-file pipeline (late audio decode) file="C:\\Users\\Mango Cat\\Music\\Abdul, Paula/Shut_up_and_dance_(The_Dance_Mixes)/(Paula_Abdul)Shut_up_and_dance_(The_Dance_Mixes)-01-Coldhearted_(Quiverin\'_12-).mp3"
2026-02-05T22:50:48.756778Z DEBUG tokio-runtime-worker ThreadId(23) wkmp_ai::services::workflow_orchestrator: wkmp-ai\src\services\workflow_orchestrator\mod.rs:1742: Phase 1: Filename Matching - START file="C:\\Users\\Mango Cat\\Music\\Abdul, Paula/Shut_up_and_dance_(The_Dance_Mixes)/(Paula_Abdul)Shut_up_and_dance_(The_Dance_Mixes)-01-Coldhearted_(Quiverin\'_12-).mp3"
2026-02-05T22:50:48.756854Z DEBUG tokio-runtime-worker ThreadId(23) wkmp_ai::services::filename_matcher: wkmp-ai\src\services\filename_matcher.rs:54: Checking if file exists in database path=Abdul, Paula/Shut_up_and_dance_(The_Dance_Mixes)/(Paula_Abdul)Shut_up_and_dance_(The_Dance_Mixes)-01-Coldhearted_(Quiverin'_12-).mp3 norm_us=2
2026-02-05T22:50:48.756992Z DEBUG tokio-runtime-worker ThreadId(23) wkmp_ai::services::workflow_orchestrator: wkmp-ai\src\services\workflow_orchestrator\mod.rs:3110: Starting per-file pipeline file_index=38 file_id=9b13e3b4-dc6b-4258-bb86-355ea651d1d0 file=Abdul, Paula/Shut_up_and_dance_(The_Dance_Mixes)/(Paula_Abdul)Shut_up_and_dance_(The_Dance_Mixes)-02-Straight_up_(Ultimix_Mix).mp3
2026-02-05T22:50:48.757091Z  INFO tokio-runtime-worker ThreadId(23) wkmp_ai::services::workflow_orchestrator: wkmp-ai\src\services\workflow_orchestrator\mod.rs:1733: Starting PLAN024 10-phase per-file pipeline (late audio decode) file="C:\\Users\\Mango Cat\\Music\\Abdul, Paula/Shut_up_and_dance_(The_Dance_Mixes)/(Paula_Abdul)Shut_up_and_dance_(The_Dance_Mixes)-02-Straight_up_(Ultimix_Mix).mp3"
2026-02-05T22:50:48.757181Z DEBUG tokio-runtime-worker ThreadId(23) wkmp_ai::services::workflow_orchestrator: wkmp-ai\src\services\workflow_orchestrator\mod.rs:1742: Phase 1: Filename Matching - START file="C:\\Users\\Mango Cat\\Music\\Abdul, Paula/Shut_up_and_dance_(The_Dance_Mixes)/(Paula_Abdul)Shut_up_and_dance_(The_Dance_Mixes)-02-Straight_up_(Ultimix_Mix).mp3"
2026-02-05T22:50:48.757258Z DEBUG tokio-runtime-worker ThreadId(23) wkmp_ai::services::filename_matcher: wkmp-ai\src\services\filename_matcher.rs:54: Checking if file exists in database path=Abdul, Paula/Shut_up_and_dance_(The_Dance_Mixes)/(Paula_Abdul)Shut_up_and_dance_(The_Dance_Mixes)-02-Straight_up_(Ultimix_Mix).mp3 norm_us=3
2026-02-05T22:50:48.757382Z DEBUG tokio-runtime-worker ThreadId(23) wkmp_ai::services::filename_matcher: wkmp-ai\src\services\filename_matcher.rs:65: Database query completed path=AC-DC/Back in Black/Disc 1 - 8 - Have a Drink on Me.mp3 query_us=22855
2026-02-05T22:50:48.757477Z DEBUG tokio-runtime-worker ThreadId(23) wkmp_ai::services::filename_matcher: wkmp-ai\src\services\filename_matcher.rs:81: File already processed (INGEST COMPLETE) path=AC-DC/Back in Black/Disc 1 - 8 - Have a Drink on Me.mp3 guid=deadcfcf-af37-4d32-b611-da8df38844cd
2026-02-05T22:50:48.757570Z  INFO tokio-runtime-worker ThreadId(23) wkmp_ai::services::workflow_orchestrator: wkmp-ai\src\services\workflow_orchestrator\mod.rs:1756: Phase 1 completed phase="Filename Matching" duration_ms=23 path_us=0 db_ms=23 file_index=34
2026-02-05T22:50:48.757677Z  INFO tokio-runtime-worker ThreadId(23) wkmp_ai::services::workflow_orchestrator: wkmp-ai\src\services\workflow_orchestrator\mod.rs:1770: File already processed (INGEST COMPLETE/NO AUDIO/DUPLICATE HASH), skipping all remaining phases file="C:\\Users\\Mango Cat\\Music\\AC-DC/Back in Black/Disc 1 - 8 - Have a Drink on Me.mp3" file_id=deadcfcf-af37-4d32-b611-da8df38844cd
2026-02-05T22:50:48.757766Z DEBUG tokio-runtime-worker ThreadId(23) wkmp_ai::services::workflow_orchestrator: wkmp-ai\src\services\workflow_orchestrator\mod.rs:2928: File processing complete session_id=4b515178-85e0-43eb-8eb8-3f4fb38ec0c0 file_index=34 file=AC-DC/Back in Black/Disc 1 - 8 - Have a Drink on Me.mp3
2026-02-05T22:50:48.757869Z DEBUG tokio-runtime-worker ThreadId(23) wkmp_ai::services::workflow_orchestrator: wkmp-ai\src\services\workflow_orchestrator\mod.rs:1438: Acquiring all statistics Mutex locks for SSE conversion
2026-02-05T22:50:48.757940Z DEBUG tokio-runtime-worker ThreadId(23) wkmp_ai::services::workflow_orchestrator: wkmp-ai\src\services\workflow_orchestrator\mod.rs:1467: All statistics Mutex locks acquired and data cloned
2026-02-05T22:50:48.758051Z DEBUG tokio-runtime-worker ThreadId(23) wkmp_ai::services::workflow_orchestrator: wkmp-ai\src\services\workflow_orchestrator\mod.rs:1577: Releasing all statistics Mutex locks for SSE conversion
2026-02-05T22:50:48.758143Z DEBUG tokio-runtime-worker ThreadId(23) wkmp_ai::services::workflow_orchestrator: wkmp-ai\src\services\workflow_orchestrator\mod.rs:3110: Starting per-file pipeline file_index=39 file_id=172c859d-db35-425b-b79f-66c3122e9f01 file=Abdul, Paula/Shut_up_and_dance_(The_Dance_Mixes)/(Paula_Abdul)Shut_up_and_dance_(The_Dance_Mixes)-03-One_or_the_other_(1990_Mix).mp3
2026-02-05T22:50:48.758241Z  INFO tokio-runtime-worker ThreadId(23) wkmp_ai::services::workflow_orchestrator: wkmp-ai\src\services\workflow_orchestrator\mod.rs:1733: Starting PLAN024 10-phase per-file pipeline (late audio decode) file="C:\\Users\\Mango Cat\\Music\\Abdul, Paula/Shut_up_and_dance_(The_Dance_Mixes)/(Paula_Abdul)Shut_up_and_dance_(The_Dance_Mixes)-03-One_or_the_other_(1990_Mix).mp3"
2026-02-05T22:50:48.758341Z DEBUG tokio-runtime-worker ThreadId(23) wkmp_ai::services::workflow_orchestrator: wkmp-ai\src\services\workflow_orchestrator\mod.rs:1742: Phase 1: Filename Matching - START file="C:\\Users\\Mango Cat\\Music\\Abdul, Paula/Shut_up_and_dance_(The_Dance_Mixes)/(Paula_Abdul)Shut_up_and_dance_(The_Dance_Mixes)-03-One_or_the_other_(1990_Mix).mp3"
2026-02-05T22:50:48.758421Z DEBUG tokio-runtime-worker ThreadId(23) wkmp_ai::services::filename_matcher: wkmp-ai\src\services\filename_matcher.rs:54: Checking if file exists in database path=Abdul, Paula/Shut_up_and_dance_(The_Dance_Mixes)/(Paula_Abdul)Shut_up_and_dance_(The_Dance_Mixes)-03-One_or_the_other_(1990_Mix).mp3 norm_us=4
2026-02-05T22:50:48.758553Z DEBUG tokio-runtime-worker ThreadId(23) wkmp_ai::services::workflow_orchestrator: wkmp-ai\src\services\workflow_orchestrator\mod.rs:3110: Starting per-file pipeline file_index=40 file_id=9d2a8194-ee50-43c3-a2b4-82954ac65658 file=Abdul, Paula/Shut_up_and_dance_(The_Dance_Mixes)/(Paula_Abdul)Shut_up_and_dance_(The_Dance_Mixes)-04-Forever_your_Girl_(Frankie_Foncett_Mix).mp3
2026-02-05T22:50:48.758647Z  INFO tokio-runtime-worker ThreadId(23) wkmp_ai::services::workflow_orchestrator: wkmp-ai\src\services\workflow_orchestrator\mod.rs:1733: Starting PLAN024 10-phase per-file pipeline (late audio decode) file="C:\\Users\\Mango Cat\\Music\\Abdul, Paula/Shut_up_and_dance_(The_Dance_Mixes)/(Paula_Abdul)Shut_up_and_dance_(The_Dance_Mixes)-04-Forever_your_Girl_(Frankie_Foncett_Mix).mp3"
2026-02-05T22:50:48.758750Z DEBUG tokio-runtime-worker ThreadId(23) wkmp_ai::services::workflow_orchestrator: wkmp-ai\src\services\workflow_orchestrator\mod.rs:1742: Phase 1: Filename Matching - START file="C:\\Users\\Mango Cat\\Music\\Abdul, Paula/Shut_up_and_dance_(The_Dance_Mixes)/(Paula_Abdul)Shut_up_and_dance_(The_Dance_Mixes)-04-Forever_your_Girl_(Frankie_Foncett_Mix).mp3"
2026-02-05T22:50:48.758832Z DEBUG tokio-runtime-worker ThreadId(23) wkmp_ai::services::filename_matcher: wkmp-ai\src\services\filename_matcher.rs:54: Checking if file exists in database path=Abdul, Paula/Shut_up_and_dance_(The_Dance_Mixes)/(Paula_Abdul)Shut_up_and_dance_(The_Dance_Mixes)-04-Forever_your_Girl_(Frankie_Foncett_Mix).mp3 norm_us=3
2026-02-05T22:50:48.758985Z DEBUG tokio-runtime-worker ThreadId(23) wkmp_ai::services::workflow_orchestrator: wkmp-ai\src\services\workflow_orchestrator\mod.rs:3110: Starting per-file pipeline file_index=41 file_id=f1b3ec7b-3510-4440-833d-f767587c8e8c file=Abdul, Paula/Shut_up_and_dance_(The_Dance_Mixes)/(Paula_Abdul)Shut_up_and_dance_(The_Dance_Mixes)-05-Knocked_out_(Pettibone_12-).mp3
2026-02-05T22:50:48.759102Z  INFO tokio-runtime-worker ThreadId(23) wkmp_ai::services::workflow_orchestrator: wkmp-ai\src\services\workflow_orchestrator\mod.rs:1733: Starting PLAN024 10-phase per-file pipeline (late audio decode) file="C:\\Users\\Mango Cat\\Music\\Abdul, Paula/Shut_up_and_dance_(The_Dance_Mixes)/(Paula_Abdul)Shut_up_and_dance_(The_Dance_Mixes)-05-Knocked_out_(Pettibone_12-).mp3"
2026-02-05T22:50:48.759206Z DEBUG tokio-runtime-worker ThreadId(23) wkmp_ai::services::workflow_orchestrator: wkmp-ai\src\services\workflow_orchestrator\mod.rs:1742: Phase 1: Filename Matching - START file="C:\\Users\\Mango Cat\\Music\\Abdul, Paula/Shut_up_and_dance_(The_Dance_Mixes)/(Paula_Abdul)Shut_up_and_dance_(The_Dance_Mixes)-05-Knocked_out_(Pettibone_12-).mp3"
2026-02-05T22:50:48.759303Z DEBUG tokio-runtime-worker ThreadId(23) wkmp_ai::services::filename_matcher: wkmp-ai\src\services\filename_matcher.rs:54: Checking if file exists in database path=Abdul, Paula/Shut_up_and_dance_(The_Dance_Mixes)/(Paula_Abdul)Shut_up_and_dance_(The_Dance_Mixes)-05-Knocked_out_(Pettibone_12-).mp3 norm_us=4
2026-02-05T22:50:48.759406Z DEBUG tokio-runtime-worker ThreadId(23) wkmp_ai::services::workflow_orchestrator: wkmp-ai\src\services\workflow_orchestrator\mod.rs:3110: Starting per-file pipeline file_index=42 file_id=a039ec07-05b6-46d6-8543-e84fa89afd75 file=Abdul, Paula/Shut_up_and_dance_(The_Dance_Mixes)/(Paula_Abdul)Shut_up_and_dance_(The_Dance_Mixes)-06-The_Way_that_you_love_me_(HouseAFire_Mix).mp3
2026-02-05T22:50:48.759482Z  INFO tokio-runtime-worker ThreadId(23) wkmp_ai::services::workflow_orchestrator: wkmp-ai\src\services\workflow_orchestrator\mod.rs:1733: Starting PLAN024 10-phase per-file pipeline (late audio decode) file="C:\\Users\\Mango Cat\\Music\\Abdul, Paula/Shut_up_and_dance_(The_Dance_Mixes)/(Paula_Abdul)Shut_up_and_dance_(The_Dance_Mixes)-06-The_Way_that_you_love_me_(HouseAFire_Mix).mp3"
2026-02-05T22:50:48.759559Z DEBUG tokio-runtime-worker ThreadId(23) wkmp_ai::services::workflow_orchestrator: wkmp-ai\src\services\workflow_orchestrator\mod.rs:1742: Phase 1: Filename Matching - START file="C:\\Users\\Mango Cat\\Music\\Abdul, Paula/Shut_up_and_dance_(The_Dance_Mixes)/(Paula_Abdul)Shut_up_and_dance_(The_Dance_Mixes)-06-The_Way_that_you_love_me_(HouseAFire_Mix).mp3"
2026-02-05T22:50:48.759632Z DEBUG tokio-runtime-worker ThreadId(23) wkmp_ai::services::filename_matcher: wkmp-ai\src\services\filename_matcher.rs:54: Checking if file exists in database path=Abdul, Paula/Shut_up_and_dance_(The_Dance_Mixes)/(Paula_Abdul)Shut_up_and_dance_(The_Dance_Mixes)-06-The_Way_that_you_love_me_(HouseAFire_Mix).mp3 norm_us=2
2026-02-05T22:50:48.759736Z DEBUG tokio-runtime-worker ThreadId(23) wkmp_ai::services::workflow_orchestrator: wkmp-ai\src\services\workflow_orchestrator\mod.rs:3110: Starting per-file pipeline file_index=43 file_id=4594e072-ded1-4ab1-978e-ea0f03c90983 file=Abdul, Paula/Shut_up_and_dance_(The_Dance_Mixes)/(Paula_Abdul)Shut_up_and_dance_(The_Dance_Mixes)-07-Opposites_attract_(1990_Mix).mp3
2026-02-05T22:50:48.759823Z  INFO tokio-runtime-worker ThreadId(23) wkmp_ai::services::workflow_orchestrator: wkmp-ai\src\services\workflow_orchestrator\mod.rs:1733: Starting PLAN024 10-phase per-file pipeline (late audio decode) file="C:\\Users\\Mango Cat\\Music\\Abdul, Paula/Shut_up_and_dance_(The_Dance_Mixes)/(Paula_Abdul)Shut_up_and_dance_(The_Dance_Mixes)-07-Opposites_attract_(1990_Mix).mp3"
2026-02-05T22:50:48.759900Z DEBUG tokio-runtime-worker ThreadId(23) wkmp_ai::services::workflow_orchestrator: wkmp-ai\src\services\workflow_orchestrator\mod.rs:1742: Phase 1: Filename Matching - START file="C:\\Users\\Mango Cat\\Music\\Abdul, Paula/Shut_up_and_dance_(The_Dance_Mixes)/(Paula_Abdul)Shut_up_and_dance_(The_Dance_Mixes)-07-Opposites_attract_(1990_Mix).mp3"
2026-02-05T22:50:48.759982Z DEBUG tokio-runtime-worker ThreadId(23) wkmp_ai::services::filename_matcher: wkmp-ai\src\services\filename_matcher.rs:54: Checking if file exists in database path=Abdul, Paula/Shut_up_and_dance_(The_Dance_Mixes)/(Paula_Abdul)Shut_up_and_dance_(The_Dance_Mixes)-07-Opposites_attract_(1990_Mix).mp3 norm_us=2
2026-02-05T22:50:48.760065Z DEBUG tokio-runtime-worker ThreadId(23) wkmp_ai::services::workflow_orchestrator: wkmp-ai\src\services\workflow_orchestrator\mod.rs:3110: Starting per-file pipeline file_index=44 file_id=9913be8b-2c8a-48af-b60b-e04e0864bc20 file=Abdul, Paula/Shut_up_and_dance_(The_Dance_Mixes)/(Paula_Abdul)Shut_up_and_dance_(The_Dance_Mixes)-08-1990_Medley_Mix.mp3
2026-02-05T22:50:48.760143Z  INFO tokio-runtime-worker ThreadId(23) wkmp_ai::services::workflow_orchestrator: wkmp-ai\src\services\workflow_orchestrator\mod.rs:1733: Starting PLAN024 10-phase per-file pipeline (late audio decode) file="C:\\Users\\Mango Cat\\Music\\Abdul, Paula/Shut_up_and_dance_(The_Dance_Mixes)/(Paula_Abdul)Shut_up_and_dance_(The_Dance_Mixes)-08-1990_Medley_Mix.mp3"
2026-02-05T22:50:48.760218Z DEBUG tokio-runtime-worker ThreadId(23) wkmp_ai::services::workflow_orchestrator: wkmp-ai\src\services\workflow_orchestrator\mod.rs:1742: Phase 1: Filename Matching - START file="C:\\Users\\Mango Cat\\Music\\Abdul, Paula/Shut_up_and_dance_(The_Dance_Mixes)/(Paula_Abdul)Shut_up_and_dance_(The_Dance_Mixes)-08-1990_Medley_Mix.mp3"
2026-02-05T22:50:48.760290Z DEBUG tokio-runtime-worker ThreadId(23) wkmp_ai::services::filename_matcher: wkmp-ai\src\services\filename_matcher.rs:54: Checking if file exists in database path=Abdul, Paula/Shut_up_and_dance_(The_Dance_Mixes)/(Paula_Abdul)Shut_up_and_dance_(The_Dance_Mixes)-08-1990_Medley_Mix.mp3 norm_us=2
2026-02-05T22:50:48.760395Z DEBUG tokio-runtime-worker ThreadId(23) wkmp_ai::services::workflow_orchestrator: wkmp-ai\src\services\workflow_orchestrator\mod.rs:3110: Starting per-file pipeline file_index=45 file_id=e7e6d982-1560-40c5-b8ec-347b47ee29ff file=Ace of Base/HappyNation.mp3
2026-02-05T22:50:48.760491Z  INFO tokio-runtime-worker ThreadId(23) wkmp_ai::services::workflow_orchestrator: wkmp-ai\src\services\workflow_orchestrator\mod.rs:1733: Starting PLAN024 10-phase per-file pipeline (late audio decode) file="C:\\Users\\Mango Cat\\Music\\Ace of Base/HappyNation.mp3"
2026-02-05T22:50:48.760627Z DEBUG tokio-runtime-worker ThreadId(23) wkmp_ai::services::workflow_orchestrator: wkmp-ai\src\services\workflow_orchestrator\mod.rs:1742: Phase 1: Filename Matching - START file="C:\\Users\\Mango Cat\\Music\\Ace of Base/HappyNation.mp3"
2026-02-05T22:50:48.760734Z DEBUG tokio-runtime-worker ThreadId(23) wkmp_ai::services::filename_matcher: wkmp-ai\src\services\filename_matcher.rs:54: Checking if file exists in database path=Ace of Base/HappyNation.mp3 norm_us=3
2026-02-05T22:50:48.760965Z DEBUG tokio-runtime-worker ThreadId(23) wkmp_ai::api::sse: wkmp-ai\src\api\sse.rs:71: SSE: Broadcasting import event: ImportProgressUpdate
2026-02-05T22:50:48.761388Z DEBUG tokio-runtime-worker ThreadId(23) wkmp_ai::api::sse: wkmp-ai\src\api\sse.rs:71: SSE: Broadcasting import event: ImportProgressUpdate
2026-02-05T22:50:48.761576Z DEBUG tokio-runtime-worker ThreadId(23) wkmp_ai::api::sse: wkmp-ai\src\api\sse.rs:71: SSE: Broadcasting import event: ImportProgressUpdate
2026-02-05T22:50:48.761918Z DEBUG tokio-runtime-worker ThreadId(23) wkmp_ai::api::sse: wkmp-ai\src\api\sse.rs:71: SSE: Broadcasting import event: ImportProgressUpdate
2026-02-05T22:50:48.762068Z DEBUG tokio-runtime-worker ThreadId(23) wkmp_ai::api::sse: wkmp-ai\src\api\sse.rs:71: SSE: Broadcasting import event: ImportProgressUpdate
2026-02-05T22:50:48.762388Z DEBUG tokio-runtime-worker ThreadId(23) wkmp_ai::api::sse: wkmp-ai\src\api\sse.rs:71: SSE: Broadcasting import event: ImportProgressUpdate
2026-02-05T22:50:48.762512Z DEBUG tokio-runtime-worker ThreadId(23) wkmp_ai::api::sse: wkmp-ai\src\api\sse.rs:71: SSE: Broadcasting import event: ImportProgressUpdate
2026-02-05T22:50:48.762817Z DEBUG tokio-runtime-worker ThreadId(23) wkmp_ai::api::sse: wkmp-ai\src\api\sse.rs:71: SSE: Broadcasting import event: ImportProgressUpdate
2026-02-05T22:50:48.762941Z DEBUG tokio-runtime-worker ThreadId(23) wkmp_ai::api::sse: wkmp-ai\src\api\sse.rs:71: SSE: Broadcasting import event: ImportProgressUpdate
2026-02-05T22:50:48.763241Z DEBUG tokio-runtime-worker ThreadId(23) wkmp_ai::api::sse: wkmp-ai\src\api\sse.rs:71: SSE: Broadcasting import event: ImportProgressUpdate
2026-02-05T22:50:48.763359Z DEBUG tokio-runtime-worker ThreadId(23) wkmp_ai::api::sse: wkmp-ai\src\api\sse.rs:71: SSE: Broadcasting import event: ImportProgressUpdate
2026-02-05T22:50:48.763724Z DEBUG tokio-runtime-worker ThreadId(23) wkmp_ai::api::sse: wkmp-ai\src\api\sse.rs:71: SSE: Broadcasting import event: ImportProgressUpdate
2026-02-05T22:50:48.763873Z DEBUG tokio-runtime-worker ThreadId(23) wkmp_ai::api::sse: wkmp-ai\src\api\sse.rs:71: SSE: Broadcasting import event: ImportProgressUpdate
2026-02-05T22:50:48.764215Z DEBUG tokio-runtime-worker ThreadId(23) wkmp_ai::api::sse: wkmp-ai\src\api\sse.rs:71: SSE: Broadcasting import event: ImportProgressUpdate
2026-02-05T22:50:48.764344Z DEBUG tokio-runtime-worker ThreadId(23) wkmp_ai::api::sse: wkmp-ai\src\api\sse.rs:71: SSE: Broadcasting import event: ImportProgressUpdate
2026-02-05T22:50:48.764654Z DEBUG tokio-runtime-worker ThreadId(23) wkmp_ai::api::sse: wkmp-ai\src\api\sse.rs:71: SSE: Broadcasting import event: ImportProgressUpdate
2026-02-05T22:50:48.764894Z DEBUG tokio-runtime-worker ThreadId(23) wkmp_ai::api::sse: wkmp-ai\src\api\sse.rs:71: SSE: Broadcasting import event: ImportProgressUpdate
2026-02-05T22:50:48.765215Z DEBUG tokio-runtime-worker ThreadId(23) wkmp_ai::api::sse: wkmp-ai\src\api\sse.rs:71: SSE: Broadcasting import event: ImportProgressUpdate
2026-02-05T22:50:48.765374Z DEBUG tokio-runtime-worker ThreadId(23) wkmp_ai::api::sse: wkmp-ai\src\api\sse.rs:71: SSE: Broadcasting import event: ImportProgressUpdate
2026-02-05T22:50:48.765693Z DEBUG tokio-runtime-worker ThreadId(23) wkmp_ai::api::sse: wkmp-ai\src\api\sse.rs:71: SSE: Broadcasting import event: ImportProgressUpdate
2026-02-05T22:50:48.765818Z DEBUG tokio-runtime-worker ThreadId(23) wkmp_ai::api::sse: wkmp-ai\src\api\sse.rs:71: SSE: Broadcasting import event: ImportProgressUpdate
2026-02-05T22:50:48.766138Z DEBUG tokio-runtime-worker ThreadId(23) wkmp_ai::api::sse: wkmp-ai\src\api\sse.rs:71: SSE: Broadcasting import event: ImportProgressUpdate
2026-02-05T22:50:48.766357Z DEBUG tokio-runtime-worker ThreadId(23) wkmp_ai::api::sse: wkmp-ai\src\api\sse.rs:71: SSE: Broadcasting import event: ImportProgressUpdate
2026-02-05T22:50:48.766718Z DEBUG tokio-runtime-worker ThreadId(23) wkmp_ai::api::sse: wkmp-ai\src\api\sse.rs:71: SSE: Broadcasting import event: ImportProgressUpdate
2026-02-05T22:50:48.766843Z DEBUG tokio-runtime-worker ThreadId(23) wkmp_ai::api::sse: wkmp-ai\src\api\sse.rs:71: SSE: Broadcasting import event: ImportProgressUpdate
2026-02-05T22:50:48.767152Z DEBUG tokio-runtime-worker ThreadId(23) wkmp_ai::api::sse: wkmp-ai\src\api\sse.rs:71: SSE: Broadcasting import event: ImportProgressUpdate
2026-02-05T22:50:48.767270Z DEBUG tokio-runtime-worker ThreadId(23) wkmp_ai::api::sse: wkmp-ai\src\api\sse.rs:71: SSE: Broadcasting import event: ImportProgressUpdate
2026-02-05T22:50:48.767581Z DEBUG tokio-runtime-worker ThreadId(23) wkmp_ai::api::sse: wkmp-ai\src\api\sse.rs:71: SSE: Broadcasting import event: ImportProgressUpdate
2026-02-05T22:50:48.767696Z DEBUG tokio-runtime-worker ThreadId(23) wkmp_ai::api::sse: wkmp-ai\src\api\sse.rs:71: SSE: Broadcasting import event: ImportProgressUpdate
2026-02-05T22:50:48.767996Z DEBUG tokio-runtime-worker ThreadId(23) wkmp_ai::api::sse: wkmp-ai\src\api\sse.rs:71: SSE: Broadcasting import event: ImportProgressUpdate
2026-02-05T22:50:48.768110Z DEBUG tokio-runtime-worker ThreadId(23) wkmp_ai::api::sse: wkmp-ai\src\api\sse.rs:71: SSE: Broadcasting import event: ImportProgressUpdate
2026-02-05T22:50:48.768411Z DEBUG tokio-runtime-worker ThreadId(23) wkmp_ai::api::sse: wkmp-ai\src\api\sse.rs:71: SSE: Broadcasting import event: ImportProgressUpdate
2026-02-05T22:50:48.768525Z DEBUG tokio-runtime-worker ThreadId(23) wkmp_ai::api::sse: wkmp-ai\src\api\sse.rs:71: SSE: Broadcasting import event: ImportProgressUpdate
2026-02-05T22:50:48.768837Z DEBUG tokio-runtime-worker ThreadId(23) wkmp_ai::api::sse: wkmp-ai\src\api\sse.rs:71: SSE: Broadcasting import event: ImportProgressUpdate
2026-02-05T22:50:48.768954Z DEBUG tokio-runtime-worker ThreadId(23) wkmp_ai::api::sse: wkmp-ai\src\api\sse.rs:71: SSE: Broadcasting import event: ImportProgressUpdate
2026-02-05T22:50:48.769254Z DEBUG tokio-runtime-worker ThreadId(23) wkmp_ai::api::sse: wkmp-ai\src\api\sse.rs:71: SSE: Broadcasting import event: ImportProgressUpdate
2026-02-05T22:50:48.769368Z DEBUG tokio-runtime-worker ThreadId(23) wkmp_ai::api::sse: wkmp-ai\src\api\sse.rs:71: SSE: Broadcasting import event: ImportProgressUpdate
2026-02-05T22:50:48.769682Z DEBUG tokio-runtime-worker ThreadId(23) wkmp_ai::api::sse: wkmp-ai\src\api\sse.rs:71: SSE: Broadcasting import event: ImportProgressUpdate
2026-02-05T22:50:48.769865Z DEBUG tokio-runtime-worker ThreadId(23) wkmp_ai::api::sse: wkmp-ai\src\api\sse.rs:71: SSE: Broadcasting import event: ImportProgressUpdate
2026-02-05T22:50:48.770178Z DEBUG tokio-runtime-worker ThreadId(23) wkmp_ai::api::sse: wkmp-ai\src\api\sse.rs:71: SSE: Broadcasting import event: ImportProgressUpdate
2026-02-05T22:50:48.770302Z DEBUG tokio-runtime-worker ThreadId(23) wkmp_ai::api::sse: wkmp-ai\src\api\sse.rs:71: SSE: Broadcasting import event: ImportProgressUpdate
2026-02-05T22:50:48.770623Z DEBUG tokio-runtime-worker ThreadId(23) wkmp_ai::api::sse: wkmp-ai\src\api\sse.rs:71: SSE: Broadcasting import event: ImportProgressUpdate
2026-02-05T22:50:48.770746Z DEBUG tokio-runtime-worker ThreadId(23) wkmp_ai::api::sse: wkmp-ai\src\api\sse.rs:71: SSE: Broadcasting import event: ImportProgressUpdate
2026-02-05T22:50:48.771068Z DEBUG tokio-runtime-worker ThreadId(23) wkmp_ai::api::sse: wkmp-ai\src\api\sse.rs:71: SSE: Broadcasting import event: ImportProgressUpdate
2026-02-05T22:50:48.771340Z DEBUG tokio-runtime-worker ThreadId(23) wkmp_ai::services::filename_matcher: wkmp-ai\src\services\filename_matcher.rs:65: Database query completed path=AC-DC/Back in Black/Disc 1 - 9 - Shake a Leg.mp3 query_us=16304
2026-02-05T22:50:48.771544Z DEBUG tokio-runtime-worker ThreadId(23) wkmp_ai::services::filename_matcher: wkmp-ai\src\services\filename_matcher.rs:81: File already processed (INGEST COMPLETE) path=AC-DC/Back in Black/Disc 1 - 9 - Shake a Leg.mp3 guid=5a946ee7-fdcb-43f3-8472-acd5d644a537
2026-02-05T22:50:48.771746Z  INFO tokio-runtime-worker ThreadId(23) wkmp_ai::services::workflow_orchestrator: wkmp-ai\src\services\workflow_orchestrator\mod.rs:1756: Phase 1 completed phase="Filename Matching" duration_ms=16 path_us=0 db_ms=16 file_index=35
2026-02-05T22:50:48.771871Z  INFO tokio-runtime-worker ThreadId(23) wkmp_ai::services::workflow_orchestrator: wkmp-ai\src\services\workflow_orchestrator\mod.rs:1770: File already processed (INGEST COMPLETE/NO AUDIO/DUPLICATE HASH), skipping all remaining phases file="C:\\Users\\Mango Cat\\Music\\AC-DC/Back in Black/Disc 1 - 9 - Shake a Leg.mp3" file_id=5a946ee7-fdcb-43f3-8472-acd5d644a537
2026-02-05T22:50:48.771961Z DEBUG tokio-runtime-worker ThreadId(23) wkmp_ai::services::workflow_orchestrator: wkmp-ai\src\services\workflow_orchestrator\mod.rs:2928: File processing complete session_id=4b515178-85e0-43eb-8eb8-3f4fb38ec0c0 file_index=35 file=AC-DC/Back in Black/Disc 1 - 9 - Shake a Leg.mp3
2026-02-05T22:50:48.772052Z DEBUG tokio-runtime-worker ThreadId(23) wkmp_ai::services::workflow_orchestrator: wkmp-ai\src\services\workflow_orchestrator\mod.rs:1438: Acquiring all statistics Mutex locks for SSE conversion
2026-02-05T22:50:48.772115Z DEBUG tokio-runtime-worker ThreadId(23) wkmp_ai::services::workflow_orchestrator: wkmp-ai\src\services\workflow_orchestrator\mod.rs:1467: All statistics Mutex locks acquired and data cloned
2026-02-05T22:50:48.772202Z DEBUG tokio-runtime-worker ThreadId(23) wkmp_ai::services::workflow_orchestrator: wkmp-ai\src\services\workflow_orchestrator\mod.rs:1577: Releasing all statistics Mutex locks for SSE conversion
2026-02-05T22:50:48.772314Z DEBUG tokio-runtime-worker ThreadId(23) wkmp_ai::services::filename_matcher: wkmp-ai\src\services\filename_matcher.rs:65: Database query completed path=AURORA/AuroraTeardrop.mp3 query_us=15713
2026-02-05T22:50:48.772396Z DEBUG tokio-runtime-worker ThreadId(23) wkmp_ai::services::filename_matcher: wkmp-ai\src\services\filename_matcher.rs:81: File already processed (INGEST COMPLETE) path=AURORA/AuroraTeardrop.mp3 guid=7e89c56d-07e8-4637-92b4-a36aa2fa5af4
2026-02-05T22:50:48.772472Z  INFO tokio-runtime-worker ThreadId(23) wkmp_ai::services::workflow_orchestrator: wkmp-ai\src\services\workflow_orchestrator\mod.rs:1756: Phase 1 completed phase="Filename Matching" duration_ms=16 path_us=0 db_ms=15 file_index=36
2026-02-05T22:50:48.772550Z  INFO tokio-runtime-worker ThreadId(23) wkmp_ai::services::workflow_orchestrator: wkmp-ai\src\services\workflow_orchestrator\mod.rs:1770: File already processed (INGEST COMPLETE/NO AUDIO/DUPLICATE HASH), skipping all remaining phases file="C:\\Users\\Mango Cat\\Music\\AURORA/AuroraTeardrop.mp3" file_id=7e89c56d-07e8-4637-92b4-a36aa2fa5af4
2026-02-05T22:50:48.772634Z DEBUG tokio-runtime-worker ThreadId(23) wkmp_ai::services::workflow_orchestrator: wkmp-ai\src\services\workflow_orchestrator\mod.rs:2928: File processing complete session_id=4b515178-85e0-43eb-8eb8-3f4fb38ec0c0 file_index=36 file=AURORA/AuroraTeardrop.mp3
2026-02-05T22:50:48.772713Z DEBUG tokio-runtime-worker ThreadId(23) wkmp_ai::services::workflow_orchestrator: wkmp-ai\src\services\workflow_orchestrator\mod.rs:1438: Acquiring all statistics Mutex locks for SSE conversion
2026-02-05T22:50:48.772776Z DEBUG tokio-runtime-worker ThreadId(23) wkmp_ai::services::workflow_orchestrator: wkmp-ai\src\services\workflow_orchestrator\mod.rs:1467: All statistics Mutex locks acquired and data cloned
2026-02-05T22:50:48.772856Z DEBUG tokio-runtime-worker ThreadId(23) wkmp_ai::services::workflow_orchestrator: wkmp-ai\src\services\workflow_orchestrator\mod.rs:1577: Releasing all statistics Mutex locks for SSE conversion
2026-02-05T22:50:48.772961Z DEBUG tokio-runtime-worker ThreadId(23) wkmp_ai::services::filename_matcher: wkmp-ai\src\services\filename_matcher.rs:65: Database query completed path=Abdul, Paula/Shut_up_and_dance_(The_Dance_Mixes)/(Paula_Abdul)Shut_up_and_dance_(The_Dance_Mixes)-02-Straight_up_(Ultimix_Mix).mp3 query_us=15630
2026-02-05T22:50:48.773048Z DEBUG tokio-runtime-worker ThreadId(23) wkmp_ai::services::filename_matcher: wkmp-ai\src\services\filename_matcher.rs:81: File already processed (INGEST COMPLETE) path=Abdul, Paula/Shut_up_and_dance_(The_Dance_Mixes)/(Paula_Abdul)Shut_up_and_dance_(The_Dance_Mixes)-02-Straight_up_(Ultimix_Mix).mp3 guid=9b13e3b4-dc6b-4258-bb86-355ea651d1d0
2026-02-05T22:50:48.773122Z  INFO tokio-runtime-worker ThreadId(23) wkmp_ai::services::workflow_orchestrator: wkmp-ai\src\services\workflow_orchestrator\mod.rs:1756: Phase 1 completed phase="Filename Matching" duration_ms=15 path_us=0 db_ms=15 file_index=38
2026-02-05T22:50:48.773199Z  INFO tokio-runtime-worker ThreadId(23) wkmp_ai::services::workflow_orchestrator: wkmp-ai\src\services\workflow_orchestrator\mod.rs:1770: File already processed (INGEST COMPLETE/NO AUDIO/DUPLICATE HASH), skipping all remaining phases file="C:\\Users\\Mango Cat\\Music\\Abdul, Paula/Shut_up_and_dance_(The_Dance_Mixes)/(Paula_Abdul)Shut_up_and_dance_(The_Dance_Mixes)-02-Straight_up_(Ultimix_Mix).mp3" file_id=9b13e3b4-dc6b-4258-bb86-355ea651d1d0
2026-02-05T22:50:48.773285Z DEBUG tokio-runtime-worker ThreadId(23) wkmp_ai::services::workflow_orchestrator: wkmp-ai\src\services\workflow_orchestrator\mod.rs:2928: File processing complete session_id=4b515178-85e0-43eb-8eb8-3f4fb38ec0c0 file_index=38 file=Abdul, Paula/Shut_up_and_dance_(The_Dance_Mixes)/(Paula_Abdul)Shut_up_and_dance_(The_Dance_Mixes)-02-Straight_up_(Ultimix_Mix).mp3
2026-02-05T22:50:48.773364Z DEBUG tokio-runtime-worker ThreadId(23) wkmp_ai::services::workflow_orchestrator: wkmp-ai\src\services\workflow_orchestrator\mod.rs:1438: Acquiring all statistics Mutex locks for SSE conversion
2026-02-05T22:50:48.773426Z DEBUG tokio-runtime-worker ThreadId(23) wkmp_ai::services::workflow_orchestrator: wkmp-ai\src\services\workflow_orchestrator\mod.rs:1467: All statistics Mutex locks acquired and data cloned
2026-02-05T22:50:48.773503Z DEBUG tokio-runtime-worker ThreadId(23) wkmp_ai::services::workflow_orchestrator: wkmp-ai\src\services\workflow_orchestrator\mod.rs:1577: Releasing all statistics Mutex locks for SSE conversion
2026-02-05T22:50:48.773584Z DEBUG tokio-runtime-worker ThreadId(23) wkmp_ai::services::filename_matcher: wkmp-ai\src\services\filename_matcher.rs:65: Database query completed path=Abdul, Paula/Shut_up_and_dance_(The_Dance_Mixes)/(Paula_Abdul)Shut_up_and_dance_(The_Dance_Mixes)-01-Coldhearted_(Quiverin'_12-).mp3 query_us=16658
2026-02-05T22:50:48.773858Z DEBUG tokio-runtime-worker ThreadId(23) wkmp_ai::services::filename_matcher: wkmp-ai\src\services\filename_matcher.rs:81: File already processed (INGEST COMPLETE) path=Abdul, Paula/Shut_up_and_dance_(The_Dance_Mixes)/(Paula_Abdul)Shut_up_and_dance_(The_Dance_Mixes)-01-Coldhearted_(Quiverin'_12-).mp3 guid=0d8c56aa-ccc0-4691-9647-1f0b7c72aaea
2026-02-05T22:50:48.773955Z  INFO tokio-runtime-worker ThreadId(23) wkmp_ai::services::workflow_orchestrator: wkmp-ai\src\services\workflow_orchestrator\mod.rs:1756: Phase 1 completed phase="Filename Matching" duration_ms=17 path_us=0 db_ms=17 file_index=37
2026-02-05T22:50:48.774043Z  INFO tokio-runtime-worker ThreadId(23) wkmp_ai::services::workflow_orchestrator: wkmp-ai\src\services\workflow_orchestrator\mod.rs:1770: File already processed (INGEST COMPLETE/NO AUDIO/DUPLICATE HASH), skipping all remaining phases file="C:\\Users\\Mango Cat\\Music\\Abdul, Paula/Shut_up_and_dance_(The_Dance_Mixes)/(Paula_Abdul)Shut_up_and_dance_(The_Dance_Mixes)-01-Coldhearted_(Quiverin\'_12-).mp3" file_id=0d8c56aa-ccc0-4691-9647-1f0b7c72aaea
2026-02-05T22:50:48.774165Z DEBUG tokio-runtime-worker ThreadId(23) wkmp_ai::services::workflow_orchestrator: wkmp-ai\src\services\workflow_orchestrator\mod.rs:2928: File processing complete session_id=4b515178-85e0-43eb-8eb8-3f4fb38ec0c0 file_index=37 file=Abdul, Paula/Shut_up_and_dance_(The_Dance_Mixes)/(Paula_Abdul)Shut_up_and_dance_(The_Dance_Mixes)-01-Coldhearted_(Quiverin'_12-).mp3
2026-02-05T22:50:48.774350Z DEBUG tokio-runtime-worker ThreadId(23) wkmp_ai::services::workflow_orchestrator: wkmp-ai\src\services\workflow_orchestrator\mod.rs:1438: Acquiring all statistics Mutex locks for SSE conversion
2026-02-05T22:50:48.774466Z DEBUG tokio-runtime-worker ThreadId(23) wkmp_ai::services::workflow_orchestrator: wkmp-ai\src\services\workflow_orchestrator\mod.rs:1467: All statistics Mutex locks acquired and data cloned
2026-02-05T22:50:48.774761Z DEBUG tokio-runtime-worker ThreadId(23) wkmp_ai::services::workflow_orchestrator: wkmp-ai\src\services\workflow_orchestrator\mod.rs:1577: Releasing all statistics Mutex locks for SSE conversion
2026-02-05T22:50:48.774911Z DEBUG tokio-runtime-worker ThreadId(23) wkmp_ai::services::filename_matcher: wkmp-ai\src\services\filename_matcher.rs:65: Database query completed path=Abdul, Paula/Shut_up_and_dance_(The_Dance_Mixes)/(Paula_Abdul)Shut_up_and_dance_(The_Dance_Mixes)-03-One_or_the_other_(1990_Mix).mp3 query_us=16406
2026-02-05T22:50:48.775021Z DEBUG tokio-runtime-worker ThreadId(23) wkmp_ai::services::filename_matcher: wkmp-ai\src\services\filename_matcher.rs:81: File already processed (INGEST COMPLETE) path=Abdul, Paula/Shut_up_and_dance_(The_Dance_Mixes)/(Paula_Abdul)Shut_up_and_dance_(The_Dance_Mixes)-03-One_or_the_other_(1990_Mix).mp3 guid=172c859d-db35-425b-b79f-66c3122e9f01
2026-02-05T22:50:48.775126Z  INFO tokio-runtime-worker ThreadId(23) wkmp_ai::services::workflow_orchestrator: wkmp-ai\src\services\workflow_orchestrator\mod.rs:1756: Phase 1 completed phase="Filename Matching" duration_ms=16 path_us=0 db_ms=16 file_index=39
2026-02-05T22:50:48.775220Z  INFO tokio-runtime-worker ThreadId(23) wkmp_ai::services::workflow_orchestrator: wkmp-ai\src\services\workflow_orchestrator\mod.rs:1770: File already processed (INGEST COMPLETE/NO AUDIO/DUPLICATE HASH), skipping all remaining phases file="C:\\Users\\Mango Cat\\Music\\Abdul, Paula/Shut_up_and_dance_(The_Dance_Mixes)/(Paula_Abdul)Shut_up_and_dance_(The_Dance_Mixes)-03-One_or_the_other_(1990_Mix).mp3" file_id=172c859d-db35-425b-b79f-66c3122e9f01
2026-02-05T22:50:48.775329Z DEBUG tokio-runtime-worker ThreadId(23) wkmp_ai::services::workflow_orchestrator: wkmp-ai\src\services\workflow_orchestrator\mod.rs:2928: File processing complete session_id=4b515178-85e0-43eb-8eb8-3f4fb38ec0c0 file_index=39 file=Abdul, Paula/Shut_up_and_dance_(The_Dance_Mixes)/(Paula_Abdul)Shut_up_and_dance_(The_Dance_Mixes)-03-One_or_the_other_(1990_Mix).mp3
2026-02-05T22:50:48.775428Z DEBUG tokio-runtime-worker ThreadId(23) wkmp_ai::services::workflow_orchestrator: wkmp-ai\src\services\workflow_orchestrator\mod.rs:1438: Acquiring all statistics Mutex locks for SSE conversion
2026-02-05T22:50:48.775493Z DEBUG tokio-runtime-worker ThreadId(23) wkmp_ai::services::workflow_orchestrator: wkmp-ai\src\services\workflow_orchestrator\mod.rs:1467: All statistics Mutex locks acquired and data cloned
2026-02-05T22:50:48.775600Z DEBUG tokio-runtime-worker ThreadId(23) wkmp_ai::services::workflow_orchestrator: wkmp-ai\src\services\workflow_orchestrator\mod.rs:1577: Releasing all statistics Mutex locks for SSE conversion
2026-02-05T22:50:48.775702Z DEBUG tokio-runtime-worker ThreadId(23) wkmp_ai::services::filename_matcher: wkmp-ai\src\services\filename_matcher.rs:65: Database query completed path=Abdul, Paula/Shut_up_and_dance_(The_Dance_Mixes)/(Paula_Abdul)Shut_up_and_dance_(The_Dance_Mixes)-05-Knocked_out_(Pettibone_12-).mp3 query_us=16313
2026-02-05T22:50:48.775780Z DEBUG tokio-runtime-worker ThreadId(23) wkmp_ai::services::filename_matcher: wkmp-ai\src\services\filename_matcher.rs:81: File already processed (INGEST COMPLETE) path=Abdul, Paula/Shut_up_and_dance_(The_Dance_Mixes)/(Paula_Abdul)Shut_up_and_dance_(The_Dance_Mixes)-05-Knocked_out_(Pettibone_12-).mp3 guid=f1b3ec7b-3510-4440-833d-f767587c8e8c
2026-02-05T22:50:48.775853Z  INFO tokio-runtime-worker ThreadId(23) wkmp_ai::services::workflow_orchestrator: wkmp-ai\src\services\workflow_orchestrator\mod.rs:1756: Phase 1 completed phase="Filename Matching" duration_ms=16 path_us=0 db_ms=16 file_index=41
2026-02-05T22:50:48.775931Z  INFO tokio-runtime-worker ThreadId(23) wkmp_ai::services::workflow_orchestrator: wkmp-ai\src\services\workflow_orchestrator\mod.rs:1770: File already processed (INGEST COMPLETE/NO AUDIO/DUPLICATE HASH), skipping all remaining phases file="C:\\Users\\Mango Cat\\Music\\Abdul, Paula/Shut_up_and_dance_(The_Dance_Mixes)/(Paula_Abdul)Shut_up_and_dance_(The_Dance_Mixes)-05-Knocked_out_(Pettibone_12-).mp3" file_id=f1b3ec7b-3510-4440-833d-f767587c8e8c
2026-02-05T22:50:48.776149Z DEBUG tokio-runtime-worker ThreadId(23) wkmp_ai::services::workflow_orchestrator: wkmp-ai\src\services\workflow_orchestrator\mod.rs:2928: File processing complete session_id=4b515178-85e0-43eb-8eb8-3f4fb38ec0c0 file_index=41 file=Abdul, Paula/Shut_up_and_dance_(The_Dance_Mixes)/(Paula_Abdul)Shut_up_and_dance_(The_Dance_Mixes)-05-Knocked_out_(Pettibone_12-).mp3
2026-02-05T22:50:48.780472Z DEBUG tokio-runtime-worker ThreadId(23) wkmp_ai::services::workflow_orchestrator: wkmp-ai\src\services\workflow_orchestrator\mod.rs:1438: Acquiring all statistics Mutex locks for SSE conversion
2026-02-05T22:50:48.780661Z DEBUG tokio-runtime-worker ThreadId(23) wkmp_ai::services::workflow_orchestrator: wkmp-ai\src\services\workflow_orchestrator\mod.rs:1467: All statistics Mutex locks acquired and data cloned
2026-02-05T22:50:48.780853Z DEBUG tokio-runtime-worker ThreadId(23) wkmp_ai::services::workflow_orchestrator: wkmp-ai\src\services\workflow_orchestrator\mod.rs:1577: Releasing all statistics Mutex locks for SSE conversion
2026-02-05T22:50:48.781042Z DEBUG tokio-runtime-worker ThreadId(23) wkmp_ai::services::filename_matcher: wkmp-ai\src\services\filename_matcher.rs:65: Database query completed path=Abdul, Paula/Shut_up_and_dance_(The_Dance_Mixes)/(Paula_Abdul)Shut_up_and_dance_(The_Dance_Mixes)-04-Forever_your_Girl_(Frankie_Foncett_Mix).mp3 query_us=22090
2026-02-05T22:50:48.781174Z DEBUG tokio-runtime-worker ThreadId(23) wkmp_ai::services::filename_matcher: wkmp-ai\src\services\filename_matcher.rs:81: File already processed (INGEST COMPLETE) path=Abdul, Paula/Shut_up_and_dance_(The_Dance_Mixes)/(Paula_Abdul)Shut_up_and_dance_(The_Dance_Mixes)-04-Forever_your_Girl_(Frankie_Foncett_Mix).mp3 guid=9d2a8194-ee50-43c3-a2b4-82954ac65658
2026-02-05T22:50:48.781271Z  INFO tokio-runtime-worker ThreadId(23) wkmp_ai::services::workflow_orchestrator: wkmp-ai\src\services\workflow_orchestrator\mod.rs:1756: Phase 1 completed phase="Filename Matching" duration_ms=22 path_us=0 db_ms=22 file_index=40
2026-02-05T22:50:48.781476Z  INFO tokio-runtime-worker ThreadId(23) wkmp_ai::services::workflow_orchestrator: wkmp-ai\src\services\workflow_orchestrator\mod.rs:1770: File already processed (INGEST COMPLETE/NO AUDIO/DUPLICATE HASH), skipping all remaining phases file="C:\\Users\\Mango Cat\\Music\\Abdul, Paula/Shut_up_and_dance_(The_Dance_Mixes)/(Paula_Abdul)Shut_up_and_dance_(The_Dance_Mixes)-04-Forever_your_Girl_(Frankie_Foncett_Mix).mp3" file_id=9d2a8194-ee50-43c3-a2b4-82954ac65658
2026-02-05T22:50:48.781605Z DEBUG tokio-runtime-worker ThreadId(23) wkmp_ai::services::workflow_orchestrator: wkmp-ai\src\services\workflow_orchestrator\mod.rs:2928: File processing complete session_id=4b515178-85e0-43eb-8eb8-3f4fb38ec0c0 file_index=40 file=Abdul, Paula/Shut_up_and_dance_(The_Dance_Mixes)/(Paula_Abdul)Shut_up_and_dance_(The_Dance_Mixes)-04-Forever_your_Girl_(Frankie_Foncett_Mix).mp3
2026-02-05T22:50:48.781699Z DEBUG tokio-runtime-worker ThreadId(23) wkmp_ai::services::workflow_orchestrator: wkmp-ai\src\services\workflow_orchestrator\mod.rs:1438: Acquiring all statistics Mutex locks for SSE conversion
2026-02-05T22:50:48.781778Z DEBUG tokio-runtime-worker ThreadId(23) wkmp_ai::services::workflow_orchestrator: wkmp-ai\src\services\workflow_orchestrator\mod.rs:1467: All statistics Mutex locks acquired and data cloned
2026-02-05T22:50:48.781894Z DEBUG tokio-runtime-worker ThreadId(23) wkmp_ai::services::workflow_orchestrator: wkmp-ai\src\services\workflow_orchestrator\mod.rs:1577: Releasing all statistics Mutex locks for SSE conversion
2026-02-05T22:50:48.782023Z DEBUG tokio-runtime-worker ThreadId(23) wkmp_ai::services::filename_matcher: wkmp-ai\src\services\filename_matcher.rs:65: Database query completed path=Abdul, Paula/Shut_up_and_dance_(The_Dance_Mixes)/(Paula_Abdul)Shut_up_and_dance_(The_Dance_Mixes)-06-The_Way_that_you_love_me_(HouseAFire_Mix).mp3 query_us=22321
2026-02-05T22:50:48.782100Z DEBUG tokio-runtime-worker ThreadId(23) wkmp_ai::services::filename_matcher: wkmp-ai\src\services\filename_matcher.rs:81: File already processed (INGEST COMPLETE) path=Abdul, Paula/Shut_up_and_dance_(The_Dance_Mixes)/(Paula_Abdul)Shut_up_and_dance_(The_Dance_Mixes)-06-The_Way_that_you_love_me_(HouseAFire_Mix).mp3 guid=a039ec07-05b6-46d6-8543-e84fa89afd75
2026-02-05T22:50:48.782177Z  INFO tokio-runtime-worker ThreadId(23) wkmp_ai::services::workflow_orchestrator: wkmp-ai\src\services\workflow_orchestrator\mod.rs:1756: Phase 1 completed phase="Filename Matching" duration_ms=22 path_us=0 db_ms=22 file_index=42
2026-02-05T22:50:48.782265Z  INFO tokio-runtime-worker ThreadId(23) wkmp_ai::services::workflow_orchestrator: wkmp-ai\src\services\workflow_orchestrator\mod.rs:1770: File already processed (INGEST COMPLETE/NO AUDIO/DUPLICATE HASH), skipping all remaining phases file="C:\\Users\\Mango Cat\\Music\\Abdul, Paula/Shut_up_and_dance_(The_Dance_Mixes)/(Paula_Abdul)Shut_up_and_dance_(The_Dance_Mixes)-06-The_Way_that_you_love_me_(HouseAFire_Mix).mp3" file_id=a039ec07-05b6-46d6-8543-e84fa89afd75
2026-02-05T22:50:48.782360Z DEBUG tokio-runtime-worker ThreadId(23) wkmp_ai::services::workflow_orchestrator: wkmp-ai\src\services\workflow_orchestrator\mod.rs:2928: File processing complete session_id=4b515178-85e0-43eb-8eb8-3f4fb38ec0c0 file_index=42 file=Abdul, Paula/Shut_up_and_dance_(The_Dance_Mixes)/(Paula_Abdul)Shut_up_and_dance_(The_Dance_Mixes)-06-The_Way_that_you_love_me_(HouseAFire_Mix).mp3
2026-02-05T22:50:48.782443Z DEBUG tokio-runtime-worker ThreadId(23) wkmp_ai::services::workflow_orchestrator: wkmp-ai\src\services\workflow_orchestrator\mod.rs:1438: Acquiring all statistics Mutex locks for SSE conversion
2026-02-05T22:50:48.782507Z DEBUG tokio-runtime-worker ThreadId(23) wkmp_ai::services::workflow_orchestrator: wkmp-ai\src\services\workflow_orchestrator\mod.rs:1467: All statistics Mutex locks acquired and data cloned
2026-02-05T22:50:48.782593Z DEBUG tokio-runtime-worker ThreadId(23) wkmp_ai::services::workflow_orchestrator: wkmp-ai\src\services\workflow_orchestrator\mod.rs:1577: Releasing all statistics Mutex locks for SSE conversion
2026-02-05T22:50:48.782662Z DEBUG tokio-runtime-worker ThreadId(23) wkmp_ai::services::workflow_orchestrator: wkmp-ai\src\services\workflow_orchestrator\mod.rs:3110: Starting per-file pipeline file_index=46 file_id=62a7341f-b287-4cc2-be57-6de77b65772a file=Aerosmith/(Aerosmith)Single-03-Angel.mp3
2026-02-05T22:50:48.782761Z  INFO tokio-runtime-worker ThreadId(23) wkmp_ai::services::workflow_orchestrator: wkmp-ai\src\services\workflow_orchestrator\mod.rs:1733: Starting PLAN024 10-phase per-file pipeline (late audio decode) file="C:\\Users\\Mango Cat\\Music\\Aerosmith/(Aerosmith)Single-03-Angel.mp3"
2026-02-05T22:50:48.782980Z DEBUG tokio-runtime-worker ThreadId(23) wkmp_ai::services::workflow_orchestrator: wkmp-ai\src\services\workflow_orchestrator\mod.rs:1742: Phase 1: Filename Matching - START file="C:\\Users\\Mango Cat\\Music\\Aerosmith/(Aerosmith)Single-03-Angel.mp3"
2026-02-05T22:50:48.783060Z DEBUG tokio-runtime-worker ThreadId(23) wkmp_ai::services::filename_matcher: wkmp-ai\src\services\filename_matcher.rs:54: Checking if file exists in database path=Aerosmith/(Aerosmith)Single-03-Angel.mp3 norm_us=7
2026-02-05T22:50:48.783170Z DEBUG tokio-runtime-worker ThreadId(23) wkmp_ai::services::workflow_orchestrator: wkmp-ai\src\services\workflow_orchestrator\mod.rs:3110: Starting per-file pipeline file_index=47 file_id=85decb52-878d-428d-9e4f-39631a68ff68 file=Aerosmith/Pump.mp3
2026-02-05T22:50:48.783250Z  INFO tokio-runtime-worker ThreadId(23) wkmp_ai::services::workflow_orchestrator: wkmp-ai\src\services\workflow_orchestrator\mod.rs:1733: Starting PLAN024 10-phase per-file pipeline (late audio decode) file="C:\\Users\\Mango Cat\\Music\\Aerosmith/Pump.mp3"
2026-02-05T22:50:48.783344Z DEBUG tokio-runtime-worker ThreadId(23) wkmp_ai::services::workflow_orchestrator: wkmp-ai\src\services\workflow_orchestrator\mod.rs:1742: Phase 1: Filename Matching - START file="C:\\Users\\Mango Cat\\Music\\Aerosmith/Pump.mp3"
2026-02-05T22:50:48.783417Z DEBUG tokio-runtime-worker ThreadId(23) wkmp_ai::services::filename_matcher: wkmp-ai\src\services\filename_matcher.rs:54: Checking if file exists in database path=Aerosmith/Pump.mp3 norm_us=2
2026-02-05T22:50:48.783513Z DEBUG tokio-runtime-worker ThreadId(23) wkmp_ai::services::filename_matcher: wkmp-ai\src\services\filename_matcher.rs:65: Database query completed path=Abdul, Paula/Shut_up_and_dance_(The_Dance_Mixes)/(Paula_Abdul)Shut_up_and_dance_(The_Dance_Mixes)-07-Opposites_attract_(1990_Mix).mp3 query_us=23461
2026-02-05T22:50:48.783588Z DEBUG tokio-runtime-worker ThreadId(23) wkmp_ai::services::filename_matcher: wkmp-ai\src\services\filename_matcher.rs:81: File already processed (INGEST COMPLETE) path=Abdul, Paula/Shut_up_and_dance_(The_Dance_Mixes)/(Paula_Abdul)Shut_up_and_dance_(The_Dance_Mixes)-07-Opposites_attract_(1990_Mix).mp3 guid=4594e072-ded1-4ab1-978e-ea0f03c90983
2026-02-05T22:50:48.783669Z  INFO tokio-runtime-worker ThreadId(23) wkmp_ai::services::workflow_orchestrator: wkmp-ai\src\services\workflow_orchestrator\mod.rs:1756: Phase 1 completed phase="Filename Matching" duration_ms=23 path_us=0 db_ms=23 file_index=43
2026-02-05T22:50:48.783796Z  INFO tokio-runtime-worker ThreadId(23) wkmp_ai::services::workflow_orchestrator: wkmp-ai\src\services\workflow_orchestrator\mod.rs:1770: File already processed (INGEST COMPLETE/NO AUDIO/DUPLICATE HASH), skipping all remaining phases file="C:\\Users\\Mango Cat\\Music\\Abdul, Paula/Shut_up_and_dance_(The_Dance_Mixes)/(Paula_Abdul)Shut_up_and_dance_(The_Dance_Mixes)-07-Opposites_attract_(1990_Mix).mp3" file_id=4594e072-ded1-4ab1-978e-ea0f03c90983
2026-02-05T22:50:48.783889Z DEBUG tokio-runtime-worker ThreadId(23) wkmp_ai::services::workflow_orchestrator: wkmp-ai\src\services\workflow_orchestrator\mod.rs:2928: File processing complete session_id=4b515178-85e0-43eb-8eb8-3f4fb38ec0c0 file_index=43 file=Abdul, Paula/Shut_up_and_dance_(The_Dance_Mixes)/(Paula_Abdul)Shut_up_and_dance_(The_Dance_Mixes)-07-Opposites_attract_(1990_Mix).mp3
2026-02-05T22:50:48.784017Z DEBUG tokio-runtime-worker ThreadId(23) wkmp_ai::services::workflow_orchestrator: wkmp-ai\src\services\workflow_orchestrator\mod.rs:1438: Acquiring all statistics Mutex locks for SSE conversion
2026-02-05T22:50:48.784114Z DEBUG tokio-runtime-worker ThreadId(23) wkmp_ai::services::workflow_orchestrator: wkmp-ai\src\services\workflow_orchestrator\mod.rs:1467: All statistics Mutex locks acquired and data cloned
2026-02-05T22:50:48.784210Z DEBUG tokio-runtime-worker ThreadId(23) wkmp_ai::services::workflow_orchestrator: wkmp-ai\src\services\workflow_orchestrator\mod.rs:1577: Releasing all statistics Mutex locks for SSE conversion
2026-02-05T22:50:48.784306Z DEBUG tokio-runtime-worker ThreadId(23) wkmp_ai::services::filename_matcher: wkmp-ai\src\services\filename_matcher.rs:65: Database query completed path=Abdul, Paula/Shut_up_and_dance_(The_Dance_Mixes)/(Paula_Abdul)Shut_up_and_dance_(The_Dance_Mixes)-08-1990_Medley_Mix.mp3 query_us=23948
2026-02-05T22:50:48.784391Z DEBUG tokio-runtime-worker ThreadId(23) wkmp_ai::services::filename_matcher: wkmp-ai\src\services\filename_matcher.rs:81: File already processed (INGEST COMPLETE) path=Abdul, Paula/Shut_up_and_dance_(The_Dance_Mixes)/(Paula_Abdul)Shut_up_and_dance_(The_Dance_Mixes)-08-1990_Medley_Mix.mp3 guid=9913be8b-2c8a-48af-b60b-e04e0864bc20
2026-02-05T22:50:48.784483Z  INFO tokio-runtime-worker ThreadId(23) wkmp_ai::services::workflow_orchestrator: wkmp-ai\src\services\workflow_orchestrator\mod.rs:1756: Phase 1 completed phase="Filename Matching" duration_ms=24 path_us=0 db_ms=24 file_index=44
2026-02-05T22:50:48.784615Z  INFO tokio-runtime-worker ThreadId(23) wkmp_ai::services::workflow_orchestrator: wkmp-ai\src\services\workflow_orchestrator\mod.rs:1770: File already processed (INGEST COMPLETE/NO AUDIO/DUPLICATE HASH), skipping all remaining phases file="C:\\Users\\Mango Cat\\Music\\Abdul, Paula/Shut_up_and_dance_(The_Dance_Mixes)/(Paula_Abdul)Shut_up_and_dance_(The_Dance_Mixes)-08-1990_Medley_Mix.mp3" file_id=9913be8b-2c8a-48af-b60b-e04e0864bc20
2026-02-05T22:50:48.784747Z DEBUG tokio-runtime-worker ThreadId(23) wkmp_ai::services::workflow_orchestrator: wkmp-ai\src\services\workflow_orchestrator\mod.rs:2928: File processing complete session_id=4b515178-85e0-43eb-8eb8-3f4fb38ec0c0 file_index=44 file=Abdul, Paula/Shut_up_and_dance_(The_Dance_Mixes)/(Paula_Abdul)Shut_up_and_dance_(The_Dance_Mixes)-08-1990_Medley_Mix.mp3
2026-02-05T22:50:48.784844Z DEBUG tokio-runtime-worker ThreadId(23) wkmp_ai::services::workflow_orchestrator: wkmp-ai\src\services\workflow_orchestrator\mod.rs:1438: Acquiring all statistics Mutex locks for SSE conversion
2026-02-05T22:50:48.784941Z DEBUG tokio-runtime-worker ThreadId(23) wkmp_ai::services::workflow_orchestrator: wkmp-ai\src\services\workflow_orchestrator\mod.rs:1467: All statistics Mutex locks acquired and data cloned
2026-02-05T22:50:48.785043Z DEBUG tokio-runtime-worker ThreadId(23) wkmp_ai::services::workflow_orchestrator: wkmp-ai\src\services\workflow_orchestrator\mod.rs:1577: Releasing all statistics Mutex locks for SSE conversion
2026-02-05T22:50:48.785127Z DEBUG tokio-runtime-worker ThreadId(23) wkmp_ai::services::workflow_orchestrator: wkmp-ai\src\services\workflow_orchestrator\mod.rs:3110: Starting per-file pipeline file_index=48 file_id=772e94ca-d6b9-401e-ac9e-b8dd4c77e60f file=Aerosmith/Toys_In_The_Attic/(Aerosmith)Toys_In_The_Attic-01-Toys_In_The_Attic.mp3
2026-02-05T22:50:48.785219Z  INFO tokio-runtime-worker ThreadId(23) wkmp_ai::services::workflow_orchestrator: wkmp-ai\src\services\workflow_orchestrator\mod.rs:1733: Starting PLAN024 10-phase per-file pipeline (late audio decode) file="C:\\Users\\Mango Cat\\Music\\Aerosmith/Toys_In_The_Attic/(Aerosmith)Toys_In_The_Attic-01-Toys_In_The_Attic.mp3"
2026-02-05T22:50:48.785303Z DEBUG tokio-runtime-worker ThreadId(23) wkmp_ai::services::workflow_orchestrator: wkmp-ai\src\services\workflow_orchestrator\mod.rs:1742: Phase 1: Filename Matching - START file="C:\\Users\\Mango Cat\\Music\\Aerosmith/Toys_In_The_Attic/(Aerosmith)Toys_In_The_Attic-01-Toys_In_The_Attic.mp3"
2026-02-05T22:50:48.785394Z DEBUG tokio-runtime-worker ThreadId(23) wkmp_ai::services::filename_matcher: wkmp-ai\src\services\filename_matcher.rs:54: Checking if file exists in database path=Aerosmith/Toys_In_The_Attic/(Aerosmith)Toys_In_The_Attic-01-Toys_In_The_Attic.mp3 norm_us=3
2026-02-05T22:50:48.785490Z DEBUG tokio-runtime-worker ThreadId(23) wkmp_ai::services::workflow_orchestrator: wkmp-ai\src\services\workflow_orchestrator\mod.rs:3110: Starting per-file pipeline file_index=49 file_id=94964f38-443a-4c10-9981-835bfe2711ea file=Aerosmith/Toys_In_The_Attic/(Aerosmith)Toys_In_The_Attic-02-Uncle_Salty.mp3
2026-02-05T22:50:48.785569Z  INFO tokio-runtime-worker ThreadId(23) wkmp_ai::services::workflow_orchestrator: wkmp-ai\src\services\workflow_orchestrator\mod.rs:1733: Starting PLAN024 10-phase per-file pipeline (late audio decode) file="C:\\Users\\Mango Cat\\Music\\Aerosmith/Toys_In_The_Attic/(Aerosmith)Toys_In_The_Attic-02-Uncle_Salty.mp3"
2026-02-05T22:50:48.785648Z DEBUG tokio-runtime-worker ThreadId(23) wkmp_ai::services::workflow_orchestrator: wkmp-ai\src\services\workflow_orchestrator\mod.rs:1742: Phase 1: Filename Matching - START file="C:\\Users\\Mango Cat\\Music\\Aerosmith/Toys_In_The_Attic/(Aerosmith)Toys_In_The_Attic-02-Uncle_Salty.mp3"
2026-02-05T22:50:48.785744Z DEBUG tokio-runtime-worker ThreadId(23) wkmp_ai::services::filename_matcher: wkmp-ai\src\services\filename_matcher.rs:54: Checking if file exists in database path=Aerosmith/Toys_In_The_Attic/(Aerosmith)Toys_In_The_Attic-02-Uncle_Salty.mp3 norm_us=6
2026-02-05T22:50:48.785875Z DEBUG tokio-runtime-worker ThreadId(23) wkmp_ai::services::filename_matcher: wkmp-ai\src\services\filename_matcher.rs:65: Database query completed path=Ace of Base/HappyNation.mp3 query_us=25060
2026-02-05T22:50:48.785955Z DEBUG tokio-runtime-worker ThreadId(23) wkmp_ai::services::filename_matcher: wkmp-ai\src\services\filename_matcher.rs:88: File exists, reusing fileId path=Ace of Base/HappyNation.mp3 guid=e7e6d982-1560-40c5-b8ec-347b47ee29ff status=PENDING
2026-02-05T22:50:48.786034Z  INFO tokio-runtime-worker ThreadId(23) wkmp_ai::services::workflow_orchestrator: wkmp-ai\src\services\workflow_orchestrator\mod.rs:1756: Phase 1 completed phase="Filename Matching" duration_ms=25 path_us=1 db_ms=25 file_index=45
2026-02-05T22:50:48.786113Z DEBUG tokio-runtime-worker ThreadId(23) wkmp_ai::services::workflow_orchestrator: wkmp-ai\src\services\workflow_orchestrator\mod.rs:1778: Reusing existing file record (incomplete processing) file_id=e7e6d982-1560-40c5-b8ec-347b47ee29ff
2026-02-05T22:50:48.786210Z DEBUG tokio-runtime-worker ThreadId(23) wkmp_ai::services::workflow_orchestrator: wkmp-ai\src\services\workflow_orchestrator\mod.rs:1812: Phase 2: Hash Deduplication file="C:\\Users\\Mango Cat\\Music\\Ace of Base/HappyNation.mp3" file_id=e7e6d982-1560-40c5-b8ec-347b47ee29ff
2026-02-05T22:50:48.786312Z DEBUG tokio-runtime-worker ThreadId(23) wkmp_ai::services::hash_deduplicator: wkmp-ai\src\services\hash_deduplicator.rs:52: Calculating SHA-256 hash path=C:\Users\Mango Cat\Music\Ace of Base/HappyNation.mp3
2026-02-05T22:50:48.786441Z DEBUG tokio-runtime-worker ThreadId(23) wkmp_ai::services::workflow_orchestrator: wkmp-ai\src\services\workflow_orchestrator\mod.rs:3110: Starting per-file pipeline file_index=50 file_id=1c5f8ccb-582a-4909-b51f-190f7f212073 file=Aerosmith/Toys_In_The_Attic/(Aerosmith)Toys_In_The_Attic-03-Adam's_Apple.mp3
2026-02-05T22:50:48.786538Z  INFO tokio-runtime-worker ThreadId(23) wkmp_ai::services::workflow_orchestrator: wkmp-ai\src\services\workflow_orchestrator\mod.rs:1733: Starting PLAN024 10-phase per-file pipeline (late audio decode) file="C:\\Users\\Mango Cat\\Music\\Aerosmith/Toys_In_The_Attic/(Aerosmith)Toys_In_The_Attic-03-Adam\'s_Apple.mp3"
2026-02-05T22:50:48.786621Z DEBUG tokio-runtime-worker ThreadId(23) wkmp_ai::services::workflow_orchestrator: wkmp-ai\src\services\workflow_orchestrator\mod.rs:1742: Phase 1: Filename Matching - START file="C:\\Users\\Mango Cat\\Music\\Aerosmith/Toys_In_The_Attic/(Aerosmith)Toys_In_The_Attic-03-Adam\'s_Apple.mp3"
2026-02-05T22:50:48.786702Z DEBUG tokio-runtime-worker ThreadId(23) wkmp_ai::services::filename_matcher: wkmp-ai\src\services\filename_matcher.rs:54: Checking if file exists in database path=Aerosmith/Toys_In_The_Attic/(Aerosmith)Toys_In_The_Attic-03-Adam's_Apple.mp3 norm_us=3
2026-02-05T22:50:48.786795Z DEBUG tokio-runtime-worker ThreadId(23) wkmp_ai::services::workflow_orchestrator: wkmp-ai\src\services\workflow_orchestrator\mod.rs:3110: Starting per-file pipeline file_index=51 file_id=fa231ae7-0546-421c-a4fd-1ad476f8922c file=Aerosmith/Toys_In_The_Attic/(Aerosmith)Toys_In_The_Attic-04-Walk_This_Way.mp3
2026-02-05T22:50:48.786873Z  INFO tokio-runtime-worker ThreadId(23) wkmp_ai::services::workflow_orchestrator: wkmp-ai\src\services\workflow_orchestrator\mod.rs:1733: Starting PLAN024 10-phase per-file pipeline (late audio decode) file="C:\\Users\\Mango Cat\\Music\\Aerosmith/Toys_In_The_Attic/(Aerosmith)Toys_In_The_Attic-04-Walk_This_Way.mp3"
2026-02-05T22:50:48.786949Z DEBUG tokio-runtime-worker ThreadId(23) wkmp_ai::services::workflow_orchestrator: wkmp-ai\src\services\workflow_orchestrator\mod.rs:1742: Phase 1: Filename Matching - START file="C:\\Users\\Mango Cat\\Music\\Aerosmith/Toys_In_The_Attic/(Aerosmith)Toys_In_The_Attic-04-Walk_This_Way.mp3"
2026-02-05T22:50:48.787034Z DEBUG tokio-runtime-worker ThreadId(23) wkmp_ai::services::filename_matcher: wkmp-ai\src\services\filename_matcher.rs:54: Checking if file exists in database path=Aerosmith/Toys_In_The_Attic/(Aerosmith)Toys_In_The_Attic-04-Walk_This_Way.mp3 norm_us=2
2026-02-05T22:50:48.787166Z DEBUG tokio-runtime-worker ThreadId(23) wkmp_ai::services::workflow_orchestrator: wkmp-ai\src\services\workflow_orchestrator\mod.rs:3110: Starting per-file pipeline file_index=52 file_id=b39e3a56-21f1-492f-bc2b-a146b987bb31 file=Aerosmith/Toys_In_The_Attic/(Aerosmith)Toys_In_The_Attic-05-Big_Ten_Inch_Record.mp3
2026-02-05T22:50:48.787287Z  INFO tokio-runtime-worker ThreadId(23) wkmp_ai::services::workflow_orchestrator: wkmp-ai\src\services\workflow_orchestrator\mod.rs:1733: Starting PLAN024 10-phase per-file pipeline (late audio decode) file="C:\\Users\\Mango Cat\\Music\\Aerosmith/Toys_In_The_Attic/(Aerosmith)Toys_In_The_Attic-05-Big_Ten_Inch_Record.mp3"
2026-02-05T22:50:48.787373Z DEBUG tokio-runtime-worker ThreadId(23) wkmp_ai::services::workflow_orchestrator: wkmp-ai\src\services\workflow_orchestrator\mod.rs:1742: Phase 1: Filename Matching - START file="C:\\Users\\Mango Cat\\Music\\Aerosmith/Toys_In_The_Attic/(Aerosmith)Toys_In_The_Attic-05-Big_Ten_Inch_Record.mp3"
2026-02-05T22:50:48.787488Z DEBUG tokio-runtime-worker ThreadId(23) wkmp_ai::services::filename_matcher: wkmp-ai\src\services\filename_matcher.rs:54: Checking if file exists in database path=Aerosmith/Toys_In_The_Attic/(Aerosmith)Toys_In_The_Attic-05-Big_Ten_Inch_Record.mp3 norm_us=2
2026-02-05T22:50:48.787635Z DEBUG tokio-runtime-worker ThreadId(23) wkmp_ai::services::workflow_orchestrator: wkmp-ai\src\services\workflow_orchestrator\mod.rs:3110: Starting per-file pipeline file_index=53 file_id=82330b3a-b62f-40f5-b9ec-4a31fb4abc04 file=Aerosmith/Toys_In_The_Attic/(Aerosmith)Toys_In_The_Attic-06-Sweet_Emotion.mp3
2026-02-05T22:50:48.787736Z  INFO tokio-runtime-worker ThreadId(23) wkmp_ai::services::workflow_orchestrator: wkmp-ai\src\services\workflow_orchestrator\mod.rs:1733: Starting PLAN024 10-phase per-file pipeline (late audio decode) file="C:\\Users\\Mango Cat\\Music\\Aerosmith/Toys_In_The_Attic/(Aerosmith)Toys_In_The_Attic-06-Sweet_Emotion.mp3"
2026-02-05T22:50:48.787819Z DEBUG tokio-runtime-worker ThreadId(23) wkmp_ai::services::workflow_orchestrator: wkmp-ai\src\services\workflow_orchestrator\mod.rs:1742: Phase 1: Filename Matching - START file="C:\\Users\\Mango Cat\\Music\\Aerosmith/Toys_In_The_Attic/(Aerosmith)Toys_In_The_Attic-06-Sweet_Emotion.mp3"
2026-02-05T22:50:48.787895Z DEBUG tokio-runtime-worker ThreadId(23) wkmp_ai::services::filename_matcher: wkmp-ai\src\services\filename_matcher.rs:54: Checking if file exists in database path=Aerosmith/Toys_In_The_Attic/(Aerosmith)Toys_In_The_Attic-06-Sweet_Emotion.mp3 norm_us=2
2026-02-05T22:50:48.788029Z DEBUG tokio-runtime-worker ThreadId(23) wkmp_ai::services::workflow_orchestrator: wkmp-ai\src\services\workflow_orchestrator\mod.rs:3110: Starting per-file pipeline file_index=54 file_id=f6c5f401-9047-4a3d-90c8-38a5412d72ad file=Aerosmith/Toys_In_The_Attic/(Aerosmith)Toys_In_The_Attic-07-No_More_No_More.mp3
2026-02-05T22:50:48.788129Z  INFO tokio-runtime-worker ThreadId(23) wkmp_ai::services::workflow_orchestrator: wkmp-ai\src\services\workflow_orchestrator\mod.rs:1733: Starting PLAN024 10-phase per-file pipeline (late audio decode) file="C:\\Users\\Mango Cat\\Music\\Aerosmith/Toys_In_The_Attic/(Aerosmith)Toys_In_The_Attic-07-No_More_No_More.mp3"
2026-02-05T22:50:48.788238Z DEBUG tokio-runtime-worker ThreadId(23) wkmp_ai::services::workflow_orchestrator: wkmp-ai\src\services\workflow_orchestrator\mod.rs:1742: Phase 1: Filename Matching - START file="C:\\Users\\Mango Cat\\Music\\Aerosmith/Toys_In_The_Attic/(Aerosmith)Toys_In_The_Attic-07-No_More_No_More.mp3"
2026-02-05T22:50:48.788363Z DEBUG tokio-runtime-worker ThreadId(23) wkmp_ai::services::filename_matcher: wkmp-ai\src\services\filename_matcher.rs:54: Checking if file exists in database path=Aerosmith/Toys_In_The_Attic/(Aerosmith)Toys_In_The_Attic-07-No_More_No_More.mp3 norm_us=3
2026-02-05T22:50:48.788473Z DEBUG tokio-runtime-worker ThreadId(23) wkmp_ai::services::workflow_orchestrator: wkmp-ai\src\services\workflow_orchestrator\mod.rs:3110: Starting per-file pipeline file_index=55 file_id=e98beade-e9e4-4b85-a7b1-e7aa6468f731 file=Aerosmith/Toys_In_The_Attic/(Aerosmith)Toys_In_The_Attic-08-Round_And_Round.mp3
2026-02-05T22:50:48.788603Z  INFO tokio-runtime-worker ThreadId(23) wkmp_ai::services::workflow_orchestrator: wkmp-ai\src\services\workflow_orchestrator\mod.rs:1733: Starting PLAN024 10-phase per-file pipeline (late audio decode) file="C:\\Users\\Mango Cat\\Music\\Aerosmith/Toys_In_The_Attic/(Aerosmith)Toys_In_The_Attic-08-Round_And_Round.mp3"
2026-02-05T22:50:48.788692Z DEBUG tokio-runtime-worker ThreadId(23) wkmp_ai::services::workflow_orchestrator: wkmp-ai\src\services\workflow_orchestrator\mod.rs:1742: Phase 1: Filename Matching - START file="C:\\Users\\Mango Cat\\Music\\Aerosmith/Toys_In_The_Attic/(Aerosmith)Toys_In_The_Attic-08-Round_And_Round.mp3"
2026-02-05T22:50:48.788771Z DEBUG tokio-runtime-worker ThreadId(23) wkmp_ai::services::filename_matcher: wkmp-ai\src\services\filename_matcher.rs:54: Checking if file exists in database path=Aerosmith/Toys_In_The_Attic/(Aerosmith)Toys_In_The_Attic-08-Round_And_Round.mp3 norm_us=3
2026-02-05T22:50:48.788981Z DEBUG tokio-runtime-worker ThreadId(23) wkmp_ai::api::sse: wkmp-ai\src\api\sse.rs:71: SSE: Broadcasting import event: ImportProgressUpdate
2026-02-05T22:50:48.789389Z DEBUG tokio-runtime-worker ThreadId(23) wkmp_ai::api::sse: wkmp-ai\src\api\sse.rs:71: SSE: Broadcasting import event: ImportProgressUpdate
2026-02-05T22:50:48.789537Z DEBUG tokio-runtime-worker ThreadId(23) wkmp_ai::api::sse: wkmp-ai\src\api\sse.rs:71: SSE: Broadcasting import event: ImportProgressUpdate
2026-02-05T22:50:48.789929Z DEBUG tokio-runtime-worker ThreadId(23) wkmp_ai::api::sse: wkmp-ai\src\api\sse.rs:71: SSE: Broadcasting import event: ImportProgressUpdate
2026-02-05T22:50:48.790104Z DEBUG tokio-runtime-worker ThreadId(23) wkmp_ai::api::sse: wkmp-ai\src\api\sse.rs:71: SSE: Broadcasting import event: ImportProgressUpdate
2026-02-05T22:50:48.790654Z DEBUG tokio-runtime-worker ThreadId(23) wkmp_ai::api::sse: wkmp-ai\src\api\sse.rs:71: SSE: Broadcasting import event: ImportProgressUpdate
2026-02-05T22:50:48.790845Z DEBUG tokio-runtime-worker ThreadId(23) wkmp_ai::api::sse: wkmp-ai\src\api\sse.rs:71: SSE: Broadcasting import event: ImportProgressUpdate
2026-02-05T22:50:48.791281Z DEBUG tokio-runtime-worker ThreadId(23) wkmp_ai::api::sse: wkmp-ai\src\api\sse.rs:71: SSE: Broadcasting import event: ImportProgressUpdate
2026-02-05T22:50:48.791465Z DEBUG tokio-runtime-worker ThreadId(23) wkmp_ai::api::sse: wkmp-ai\src\api\sse.rs:71: SSE: Broadcasting import event: ImportProgressUpdate
2026-02-05T22:50:48.792325Z DEBUG tokio-runtime-worker ThreadId(23) wkmp_ai::api::sse: wkmp-ai\src\api\sse.rs:71: SSE: Broadcasting import event: ImportProgressUpdate
2026-02-05T22:50:48.792602Z DEBUG tokio-runtime-worker ThreadId(23) wkmp_ai::api::sse: wkmp-ai\src\api\sse.rs:71: SSE: Broadcasting import event: ImportProgressUpdate
2026-02-05T22:50:48.793017Z DEBUG tokio-runtime-worker ThreadId(23) wkmp_ai::api::sse: wkmp-ai\src\api\sse.rs:71: SSE: Broadcasting import event: ImportProgressUpdate
2026-02-05T22:50:48.793168Z DEBUG tokio-runtime-worker ThreadId(23) wkmp_ai::api::sse: wkmp-ai\src\api\sse.rs:71: SSE: Broadcasting import event: ImportProgressUpdate
2026-02-05T22:50:48.793532Z DEBUG tokio-runtime-worker ThreadId(23) wkmp_ai::api::sse: wkmp-ai\src\api\sse.rs:71: SSE: Broadcasting import event: ImportProgressUpdate
2026-02-05T22:50:48.793723Z DEBUG tokio-runtime-worker ThreadId(23) wkmp_ai::api::sse: wkmp-ai\src\api\sse.rs:71: SSE: Broadcasting import event: ImportProgressUpdate
2026-02-05T22:50:48.794141Z DEBUG tokio-runtime-worker ThreadId(23) wkmp_ai::api::sse: wkmp-ai\src\api\sse.rs:71: SSE: Broadcasting import event: ImportProgressUpdate
2026-02-05T22:50:48.794422Z DEBUG tokio-runtime-worker ThreadId(23) wkmp_ai::api::sse: wkmp-ai\src\api\sse.rs:71: SSE: Broadcasting import event: ImportProgressUpdate
2026-02-05T22:50:48.795169Z DEBUG tokio-runtime-worker ThreadId(23) wkmp_ai::api::sse: wkmp-ai\src\api\sse.rs:71: SSE: Broadcasting import event: ImportProgressUpdate
2026-02-05T22:50:48.795337Z DEBUG tokio-runtime-worker ThreadId(23) wkmp_ai::api::sse: wkmp-ai\src\api\sse.rs:71: SSE: Broadcasting import event: ImportProgressUpdate
2026-02-05T22:50:48.796012Z DEBUG tokio-runtime-worker ThreadId(23) wkmp_ai::api::sse: wkmp-ai\src\api\sse.rs:71: SSE: Broadcasting import event: ImportProgressUpdate
2026-02-05T22:50:48.796262Z DEBUG tokio-runtime-worker ThreadId(23) wkmp_ai::api::sse: wkmp-ai\src\api\sse.rs:71: SSE: Broadcasting import event: ImportProgressUpdate
2026-02-05T22:50:48.796700Z DEBUG tokio-runtime-worker ThreadId(23) wkmp_ai::api::sse: wkmp-ai\src\api\sse.rs:71: SSE: Broadcasting import event: ImportProgressUpdate
2026-02-05T22:50:48.796871Z DEBUG tokio-runtime-worker ThreadId(23) wkmp_ai::api::sse: wkmp-ai\src\api\sse.rs:71: SSE: Broadcasting import event: ImportProgressUpdate
2026-02-05T22:50:48.797273Z DEBUG tokio-runtime-worker ThreadId(23) wkmp_ai::api::sse: wkmp-ai\src\api\sse.rs:71: SSE: Broadcasting import event: ImportProgressUpdate
2026-02-05T22:50:48.797403Z DEBUG tokio-runtime-worker ThreadId(23) wkmp_ai::api::sse: wkmp-ai\src\api\sse.rs:71: SSE: Broadcasting import event: ImportProgressUpdate
2026-02-05T22:50:48.797802Z DEBUG tokio-runtime-worker ThreadId(23) wkmp_ai::api::sse: wkmp-ai\src\api\sse.rs:71: SSE: Broadcasting import event: ImportProgressUpdate
2026-02-05T22:50:48.797937Z DEBUG tokio-runtime-worker ThreadId(23) wkmp_ai::api::sse: wkmp-ai\src\api\sse.rs:71: SSE: Broadcasting import event: ImportProgressUpdate
2026-02-05T22:50:48.798309Z DEBUG tokio-runtime-worker ThreadId(23) wkmp_ai::api::sse: wkmp-ai\src\api\sse.rs:71: SSE: Broadcasting import event: ImportProgressUpdate
2026-02-05T22:50:48.798438Z DEBUG tokio-runtime-worker ThreadId(23) wkmp_ai::api::sse: wkmp-ai\src\api\sse.rs:71: SSE: Broadcasting import event: ImportProgressUpdate
2026-02-05T22:50:48.798927Z DEBUG tokio-runtime-worker ThreadId(23) wkmp_ai::api::sse: wkmp-ai\src\api\sse.rs:71: SSE: Broadcasting import event: ImportProgressUpdate
2026-02-05T22:50:48.799054Z DEBUG tokio-runtime-worker ThreadId(23) wkmp_ai::api::sse: wkmp-ai\src\api\sse.rs:71: SSE: Broadcasting import event: ImportProgressUpdate
2026-02-05T22:50:48.799421Z DEBUG tokio-runtime-worker ThreadId(23) wkmp_ai::api::sse: wkmp-ai\src\api\sse.rs:71: SSE: Broadcasting import event: ImportProgressUpdate
2026-02-05T22:50:48.799547Z DEBUG tokio-runtime-worker ThreadId(23) wkmp_ai::api::sse: wkmp-ai\src\api\sse.rs:71: SSE: Broadcasting import event: ImportProgressUpdate
2026-02-05T22:50:48.799922Z DEBUG tokio-runtime-worker ThreadId(23) wkmp_ai::api::sse: wkmp-ai\src\api\sse.rs:71: SSE: Broadcasting import event: ImportProgressUpdate
2026-02-05T22:50:48.800048Z DEBUG tokio-runtime-worker ThreadId(23) wkmp_ai::api::sse: wkmp-ai\src\api\sse.rs:71: SSE: Broadcasting import event: ImportProgressUpdate
2026-02-05T22:50:48.800417Z DEBUG tokio-runtime-worker ThreadId(23) wkmp_ai::api::sse: wkmp-ai\src\api\sse.rs:71: SSE: Broadcasting import event: ImportProgressUpdate
2026-02-05T22:50:48.800610Z DEBUG tokio-runtime-worker ThreadId(23) wkmp_ai::api::sse: wkmp-ai\src\api\sse.rs:71: SSE: Broadcasting import event: ImportProgressUpdate
2026-02-05T22:50:48.800997Z DEBUG tokio-runtime-worker ThreadId(23) wkmp_ai::api::sse: wkmp-ai\src\api\sse.rs:71: SSE: Broadcasting import event: ImportProgressUpdate
2026-02-05T22:50:48.801132Z DEBUG tokio-runtime-worker ThreadId(23) wkmp_ai::api::sse: wkmp-ai\src\api\sse.rs:71: SSE: Broadcasting import event: ImportProgressUpdate
2026-02-05T22:50:48.801509Z DEBUG tokio-runtime-worker ThreadId(23) wkmp_ai::api::sse: wkmp-ai\src\api\sse.rs:71: SSE: Broadcasting import event: ImportProgressUpdate
2026-02-05T22:50:48.801864Z DEBUG tokio-runtime-worker ThreadId(23) wkmp_ai::services::filename_matcher: wkmp-ai\src\services\filename_matcher.rs:65: Database query completed path=Aerosmith/(Aerosmith)Single-03-Angel.mp3 query_us=18729
2026-02-05T22:50:48.802044Z DEBUG tokio-runtime-worker ThreadId(23) wkmp_ai::services::filename_matcher: wkmp-ai\src\services\filename_matcher.rs:81: File already processed (INGEST COMPLETE) path=Aerosmith/(Aerosmith)Single-03-Angel.mp3 guid=62a7341f-b287-4cc2-be57-6de77b65772a
2026-02-05T22:50:48.802273Z  INFO tokio-runtime-worker ThreadId(23) wkmp_ai::services::workflow_orchestrator: wkmp-ai\src\services\workflow_orchestrator\mod.rs:1756: Phase 1 completed phase="Filename Matching" duration_ms=19 path_us=0 db_ms=19 file_index=46
2026-02-05T22:50:48.802390Z  INFO tokio-runtime-worker ThreadId(23) wkmp_ai::services::workflow_orchestrator: wkmp-ai\src\services\workflow_orchestrator\mod.rs:1770: File already processed (INGEST COMPLETE/NO AUDIO/DUPLICATE HASH), skipping all remaining phases file="C:\\Users\\Mango Cat\\Music\\Aerosmith/(Aerosmith)Single-03-Angel.mp3" file_id=62a7341f-b287-4cc2-be57-6de77b65772a
2026-02-05T22:50:48.802501Z DEBUG tokio-runtime-worker ThreadId(23) wkmp_ai::services::workflow_orchestrator: wkmp-ai\src\services\workflow_orchestrator\mod.rs:2928: File processing complete session_id=4b515178-85e0-43eb-8eb8-3f4fb38ec0c0 file_index=46 file=Aerosmith/(Aerosmith)Single-03-Angel.mp3
2026-02-05T22:50:48.802612Z DEBUG tokio-runtime-worker ThreadId(23) wkmp_ai::services::workflow_orchestrator: wkmp-ai\src\services\workflow_orchestrator\mod.rs:1438: Acquiring all statistics Mutex locks for SSE conversion
2026-02-05T22:50:48.802695Z DEBUG tokio-runtime-worker ThreadId(23) wkmp_ai::services::workflow_orchestrator: wkmp-ai\src\services\workflow_orchestrator\mod.rs:1467: All statistics Mutex locks acquired and data cloned
2026-02-05T22:50:48.802804Z DEBUG tokio-runtime-worker ThreadId(23) wkmp_ai::services::workflow_orchestrator: wkmp-ai\src\services\workflow_orchestrator\mod.rs:1577: Releasing all statistics Mutex locks for SSE conversion
2026-02-05T22:50:48.802916Z DEBUG tokio-runtime-worker ThreadId(23) wkmp_ai::services::filename_matcher: wkmp-ai\src\services\filename_matcher.rs:65: Database query completed path=Aerosmith/Pump.mp3 query_us=19434
2026-02-05T22:50:48.803000Z DEBUG tokio-runtime-worker ThreadId(23) wkmp_ai::services::filename_matcher: wkmp-ai\src\services\filename_matcher.rs:88: File exists, reusing fileId path=Aerosmith/Pump.mp3 guid=85decb52-878d-428d-9e4f-39631a68ff68 status=PENDING
2026-02-05T22:50:48.803091Z  INFO tokio-runtime-worker ThreadId(23) wkmp_ai::services::workflow_orchestrator: wkmp-ai\src\services\workflow_orchestrator\mod.rs:1756: Phase 1 completed phase="Filename Matching" duration_ms=19 path_us=0 db_ms=19 file_index=47
2026-02-05T22:50:48.803185Z DEBUG tokio-runtime-worker ThreadId(23) wkmp_ai::services::workflow_orchestrator: wkmp-ai\src\services\workflow_orchestrator\mod.rs:1778: Reusing existing file record (incomplete processing) file_id=85decb52-878d-428d-9e4f-39631a68ff68
2026-02-05T22:50:48.803283Z DEBUG tokio-runtime-worker ThreadId(23) wkmp_ai::services::workflow_orchestrator: wkmp-ai\src\services\workflow_orchestrator\mod.rs:1812: Phase 2: Hash Deduplication file="C:\\Users\\Mango Cat\\Music\\Aerosmith/Pump.mp3" file_id=85decb52-878d-428d-9e4f-39631a68ff68
2026-02-05T22:50:48.803374Z DEBUG tokio-runtime-worker ThreadId(23) wkmp_ai::services::hash_deduplicator: wkmp-ai\src\services\hash_deduplicator.rs:52: Calculating SHA-256 hash path=C:\Users\Mango Cat\Music\Aerosmith/Pump.mp3
2026-02-05T22:50:48.803504Z DEBUG tokio-runtime-worker ThreadId(23) wkmp_ai::services::filename_matcher: wkmp-ai\src\services\filename_matcher.rs:65: Database query completed path=Aerosmith/Toys_In_The_Attic/(Aerosmith)Toys_In_The_Attic-01-Toys_In_The_Attic.mp3 query_us=18036
2026-02-05T22:50:48.803600Z DEBUG tokio-runtime-worker ThreadId(23) wkmp_ai::services::filename_matcher: wkmp-ai\src\services\filename_matcher.rs:81: File already processed (INGEST COMPLETE) path=Aerosmith/Toys_In_The_Attic/(Aerosmith)Toys_In_The_Attic-01-Toys_In_The_Attic.mp3 guid=772e94ca-d6b9-401e-ac9e-b8dd4c77e60f
2026-02-05T22:50:48.803695Z  INFO tokio-runtime-worker ThreadId(23) wkmp_ai::services::workflow_orchestrator: wkmp-ai\src\services\workflow_orchestrator\mod.rs:1756: Phase 1 completed phase="Filename Matching" duration_ms=18 path_us=0 db_ms=18 file_index=48
2026-02-05T22:50:48.803821Z  INFO tokio-runtime-worker ThreadId(23) wkmp_ai::services::workflow_orchestrator: wkmp-ai\src\services\workflow_orchestrator\mod.rs:1770: File already processed (INGEST COMPLETE/NO AUDIO/DUPLICATE HASH), skipping all remaining phases file="C:\\Users\\Mango Cat\\Music\\Aerosmith/Toys_In_The_Attic/(Aerosmith)Toys_In_The_Attic-01-Toys_In_The_Attic.mp3" file_id=772e94ca-d6b9-401e-ac9e-b8dd4c77e60f
2026-02-05T22:50:48.803942Z DEBUG tokio-runtime-worker ThreadId(23) wkmp_ai::services::workflow_orchestrator: wkmp-ai\src\services\workflow_orchestrator\mod.rs:2928: File processing complete session_id=4b515178-85e0-43eb-8eb8-3f4fb38ec0c0 file_index=48 file=Aerosmith/Toys_In_The_Attic/(Aerosmith)Toys_In_The_Attic-01-Toys_In_The_Attic.mp3
2026-02-05T22:50:48.804060Z DEBUG tokio-runtime-worker ThreadId(23) wkmp_ai::services::workflow_orchestrator: wkmp-ai\src\services\workflow_orchestrator\mod.rs:1438: Acquiring all statistics Mutex locks for SSE conversion
2026-02-05T22:50:48.804152Z DEBUG tokio-runtime-worker ThreadId(23) wkmp_ai::services::workflow_orchestrator: wkmp-ai\src\services\workflow_orchestrator\mod.rs:1467: All statistics Mutex locks acquired and data cloned
2026-02-05T22:50:48.804266Z DEBUG tokio-runtime-worker ThreadId(23) wkmp_ai::services::workflow_orchestrator: wkmp-ai\src\services\workflow_orchestrator\mod.rs:1577: Releasing all statistics Mutex locks for SSE conversion
2026-02-05T22:50:48.804376Z DEBUG tokio-runtime-worker ThreadId(23) wkmp_ai::services::filename_matcher: wkmp-ai\src\services\filename_matcher.rs:65: Database query completed path=Aerosmith/Toys_In_The_Attic/(Aerosmith)Toys_In_The_Attic-04-Walk_This_Way.mp3 query_us=17225
2026-02-05T22:50:48.804484Z DEBUG tokio-runtime-worker ThreadId(23) wkmp_ai::services::filename_matcher: wkmp-ai\src\services\filename_matcher.rs:81: File already processed (INGEST COMPLETE) path=Aerosmith/Toys_In_The_Attic/(Aerosmith)Toys_In_The_Attic-04-Walk_This_Way.mp3 guid=fa231ae7-0546-421c-a4fd-1ad476f8922c
2026-02-05T22:50:48.804592Z  INFO tokio-runtime-worker ThreadId(23) wkmp_ai::services::workflow_orchestrator: wkmp-ai\src\services\workflow_orchestrator\mod.rs:1756: Phase 1 completed phase="Filename Matching" duration_ms=17 path_us=0 db_ms=17 file_index=51
2026-02-05T22:50:48.804709Z  INFO tokio-runtime-worker ThreadId(23) wkmp_ai::services::workflow_orchestrator: wkmp-ai\src\services\workflow_orchestrator\mod.rs:1770: File already processed (INGEST COMPLETE/NO AUDIO/DUPLICATE HASH), skipping all remaining phases file="C:\\Users\\Mango Cat\\Music\\Aerosmith/Toys_In_The_Attic/(Aerosmith)Toys_In_The_Attic-04-Walk_This_Way.mp3" file_id=fa231ae7-0546-421c-a4fd-1ad476f8922c
2026-02-05T22:50:48.804826Z DEBUG tokio-runtime-worker ThreadId(23) wkmp_ai::services::workflow_orchestrator: wkmp-ai\src\services\workflow_orchestrator\mod.rs:2928: File processing complete session_id=4b515178-85e0-43eb-8eb8-3f4fb38ec0c0 file_index=51 file=Aerosmith/Toys_In_The_Attic/(Aerosmith)Toys_In_The_Attic-04-Walk_This_Way.mp3
2026-02-05T22:50:48.804940Z DEBUG tokio-runtime-worker ThreadId(23) wkmp_ai::services::workflow_orchestrator: wkmp-ai\src\services\workflow_orchestrator\mod.rs:1438: Acquiring all statistics Mutex locks for SSE conversion
2026-02-05T22:50:48.805031Z DEBUG tokio-runtime-worker ThreadId(23) wkmp_ai::services::workflow_orchestrator: wkmp-ai\src\services\workflow_orchestrator\mod.rs:1467: All statistics Mutex locks acquired and data cloned
2026-02-05T22:50:48.805160Z DEBUG tokio-runtime-worker ThreadId(23) wkmp_ai::services::workflow_orchestrator: wkmp-ai\src\services\workflow_orchestrator\mod.rs:1577: Releasing all statistics Mutex locks for SSE conversion
2026-02-05T22:50:48.805268Z DEBUG tokio-runtime-worker ThreadId(23) wkmp_ai::services::filename_matcher: wkmp-ai\src\services\filename_matcher.rs:65: Database query completed path=Aerosmith/Toys_In_The_Attic/(Aerosmith)Toys_In_The_Attic-02-Uncle_Salty.mp3 query_us=19424
2026-02-05T22:50:48.805375Z DEBUG tokio-runtime-worker ThreadId(23) wkmp_ai::services::filename_matcher: wkmp-ai\src\services\filename_matcher.rs:81: File already processed (INGEST COMPLETE) path=Aerosmith/Toys_In_The_Attic/(Aerosmith)Toys_In_The_Attic-02-Uncle_Salty.mp3 guid=94964f38-443a-4c10-9981-835bfe2711ea
2026-02-05T22:50:48.805483Z  INFO tokio-runtime-worker ThreadId(23) wkmp_ai::services::workflow_orchestrator: wkmp-ai\src\services\workflow_orchestrator\mod.rs:1756: Phase 1 completed phase="Filename Matching" duration_ms=19 path_us=2 db_ms=19 file_index=49
2026-02-05T22:50:48.805598Z  INFO tokio-runtime-worker ThreadId(23) wkmp_ai::services::workflow_orchestrator: wkmp-ai\src\services\workflow_orchestrator\mod.rs:1770: File already processed (INGEST COMPLETE/NO AUDIO/DUPLICATE HASH), skipping all remaining phases file="C:\\Users\\Mango Cat\\Music\\Aerosmith/Toys_In_The_Attic/(Aerosmith)Toys_In_The_Attic-02-Uncle_Salty.mp3" file_id=94964f38-443a-4c10-9981-835bfe2711ea
2026-02-05T22:50:48.805714Z DEBUG tokio-runtime-worker ThreadId(23) wkmp_ai::services::workflow_orchestrator: wkmp-ai\src\services\workflow_orchestrator\mod.rs:2928: File processing complete session_id=4b515178-85e0-43eb-8eb8-3f4fb38ec0c0 file_index=49 file=Aerosmith/Toys_In_The_Attic/(Aerosmith)Toys_In_The_Attic-02-Uncle_Salty.mp3
2026-02-05T22:50:48.805828Z DEBUG tokio-runtime-worker ThreadId(23) wkmp_ai::services::workflow_orchestrator: wkmp-ai\src\services\workflow_orchestrator\mod.rs:1438: Acquiring all statistics Mutex locks for SSE conversion
2026-02-05T22:50:48.805920Z DEBUG tokio-runtime-worker ThreadId(23) wkmp_ai::services::workflow_orchestrator: wkmp-ai\src\services\workflow_orchestrator\mod.rs:1467: All statistics Mutex locks acquired and data cloned
2026-02-05T22:50:48.806030Z DEBUG tokio-runtime-worker ThreadId(23) wkmp_ai::services::workflow_orchestrator: wkmp-ai\src\services\workflow_orchestrator\mod.rs:1577: Releasing all statistics Mutex locks for SSE conversion
2026-02-05T22:50:48.806137Z DEBUG tokio-runtime-worker ThreadId(23) wkmp_ai::services::filename_matcher: wkmp-ai\src\services\filename_matcher.rs:65: Database query completed path=Aerosmith/Toys_In_The_Attic/(Aerosmith)Toys_In_The_Attic-06-Sweet_Emotion.mp3 query_us=18152
2026-02-05T22:50:48.806245Z DEBUG tokio-runtime-worker ThreadId(23) wkmp_ai::services::filename_matcher: wkmp-ai\src\services\filename_matcher.rs:81: File already processed (INGEST COMPLETE) path=Aerosmith/Toys_In_The_Attic/(Aerosmith)Toys_In_The_Attic-06-Sweet_Emotion.mp3 guid=82330b3a-b62f-40f5-b9ec-4a31fb4abc04
2026-02-05T22:50:48.806352Z  INFO tokio-runtime-worker ThreadId(23) wkmp_ai::services::workflow_orchestrator: wkmp-ai\src\services\workflow_orchestrator\mod.rs:1756: Phase 1 completed phase="Filename Matching" duration_ms=18 path_us=0 db_ms=18 file_index=53
2026-02-05T22:50:48.806467Z  INFO tokio-runtime-worker ThreadId(23) wkmp_ai::services::workflow_orchestrator: wkmp-ai\src\services\workflow_orchestrator\mod.rs:1770: File already processed (INGEST COMPLETE/NO AUDIO/DUPLICATE HASH), skipping all remaining phases file="C:\\Users\\Mango Cat\\Music\\Aerosmith/Toys_In_The_Attic/(Aerosmith)Toys_In_The_Attic-06-Sweet_Emotion.mp3" file_id=82330b3a-b62f-40f5-b9ec-4a31fb4abc04
2026-02-05T22:50:48.806582Z DEBUG tokio-runtime-worker ThreadId(23) wkmp_ai::services::workflow_orchestrator: wkmp-ai\src\services\workflow_orchestrator\mod.rs:2928: File processing complete session_id=4b515178-85e0-43eb-8eb8-3f4fb38ec0c0 file_index=53 file=Aerosmith/Toys_In_The_Attic/(Aerosmith)Toys_In_The_Attic-06-Sweet_Emotion.mp3
2026-02-05T22:50:48.806696Z DEBUG tokio-runtime-worker ThreadId(23) wkmp_ai::services::workflow_orchestrator: wkmp-ai\src\services\workflow_orchestrator\mod.rs:1438: Acquiring all statistics Mutex locks for SSE conversion
2026-02-05T22:50:48.806787Z DEBUG tokio-runtime-worker ThreadId(23) wkmp_ai::services::workflow_orchestrator: wkmp-ai\src\services\workflow_orchestrator\mod.rs:1467: All statistics Mutex locks acquired and data cloned
2026-02-05T22:50:48.806898Z DEBUG tokio-runtime-worker ThreadId(23) wkmp_ai::services::workflow_orchestrator: wkmp-ai\src\services\workflow_orchestrator\mod.rs:1577: Releasing all statistics Mutex locks for SSE conversion
2026-02-05T22:50:48.807110Z DEBUG tokio-runtime-worker ThreadId(23) wkmp_ai::services::filename_matcher: wkmp-ai\src\services\filename_matcher.rs:65: Database query completed path=Aerosmith/Toys_In_The_Attic/(Aerosmith)Toys_In_The_Attic-05-Big_Ten_Inch_Record.mp3 query_us=19507
2026-02-05T22:50:48.807252Z DEBUG tokio-runtime-worker ThreadId(23) wkmp_ai::services::filename_matcher: wkmp-ai\src\services\filename_matcher.rs:81: File already processed (INGEST COMPLETE) path=Aerosmith/Toys_In_The_Attic/(Aerosmith)Toys_In_The_Attic-05-Big_Ten_Inch_Record.mp3 guid=b39e3a56-21f1-492f-bc2b-a146b987bb31
2026-02-05T22:50:48.807366Z  INFO tokio-runtime-worker ThreadId(23) wkmp_ai::services::workflow_orchestrator: wkmp-ai\src\services\workflow_orchestrator\mod.rs:1756: Phase 1 completed phase="Filename Matching" duration_ms=19 path_us=0 db_ms=19 file_index=52
2026-02-05T22:50:48.807531Z  INFO tokio-runtime-worker ThreadId(23) wkmp_ai::services::workflow_orchestrator: wkmp-ai\src\services\workflow_orchestrator\mod.rs:1770: File already processed (INGEST COMPLETE/NO AUDIO/DUPLICATE HASH), skipping all remaining phases file="C:\\Users\\Mango Cat\\Music\\Aerosmith/Toys_In_The_Attic/(Aerosmith)Toys_In_The_Attic-05-Big_Ten_Inch_Record.mp3" file_id=b39e3a56-21f1-492f-bc2b-a146b987bb31
2026-02-05T22:50:48.807660Z DEBUG tokio-runtime-worker ThreadId(23) wkmp_ai::services::workflow_orchestrator: wkmp-ai\src\services\workflow_orchestrator\mod.rs:2928: File processing complete session_id=4b515178-85e0-43eb-8eb8-3f4fb38ec0c0 file_index=52 file=Aerosmith/Toys_In_The_Attic/(Aerosmith)Toys_In_The_Attic-05-Big_Ten_Inch_Record.mp3
2026-02-05T22:50:48.812574Z DEBUG tokio-runtime-worker ThreadId(23) wkmp_ai::services::workflow_orchestrator: wkmp-ai\src\services\workflow_orchestrator\mod.rs:1438: Acquiring all statistics Mutex locks for SSE conversion
2026-02-05T22:50:48.812826Z DEBUG tokio-runtime-worker ThreadId(23) wkmp_ai::services::workflow_orchestrator: wkmp-ai\src\services\workflow_orchestrator\mod.rs:1467: All statistics Mutex locks acquired and data cloned
2026-02-05T22:50:48.813115Z DEBUG tokio-runtime-worker ThreadId(23) wkmp_ai::services::workflow_orchestrator: wkmp-ai\src\services\workflow_orchestrator\mod.rs:1577: Releasing all statistics Mutex locks for SSE conversion
2026-02-05T22:50:48.813350Z DEBUG tokio-runtime-worker ThreadId(23) wkmp_ai::services::filename_matcher: wkmp-ai\src\services\filename_matcher.rs:65: Database query completed path=Aerosmith/Toys_In_The_Attic/(Aerosmith)Toys_In_The_Attic-03-Adam's_Apple.mp3 query_us=26566
2026-02-05T22:50:48.813493Z DEBUG tokio-runtime-worker ThreadId(23) wkmp_ai::services::filename_matcher: wkmp-ai\src\services\filename_matcher.rs:81: File already processed (INGEST COMPLETE) path=Aerosmith/Toys_In_The_Attic/(Aerosmith)Toys_In_The_Attic-03-Adam's_Apple.mp3 guid=1c5f8ccb-582a-4909-b51f-190f7f212073
2026-02-05T22:50:48.813606Z  INFO tokio-runtime-worker ThreadId(23) wkmp_ai::services::workflow_orchestrator: wkmp-ai\src\services\workflow_orchestrator\mod.rs:1756: Phase 1 completed phase="Filename Matching" duration_ms=26 path_us=0 db_ms=26 file_index=50
2026-02-05T22:50:48.813758Z  INFO tokio-runtime-worker ThreadId(23) wkmp_ai::services::workflow_orchestrator: wkmp-ai\src\services\workflow_orchestrator\mod.rs:1770: File already processed (INGEST COMPLETE/NO AUDIO/DUPLICATE HASH), skipping all remaining phases file="C:\\Users\\Mango Cat\\Music\\Aerosmith/Toys_In_The_Attic/(Aerosmith)Toys_In_The_Attic-03-Adam\'s_Apple.mp3" file_id=1c5f8ccb-582a-4909-b51f-190f7f212073
2026-02-05T22:50:48.813909Z DEBUG tokio-runtime-worker ThreadId(23) wkmp_ai::services::workflow_orchestrator: wkmp-ai\src\services\workflow_orchestrator\mod.rs:2928: File processing complete session_id=4b515178-85e0-43eb-8eb8-3f4fb38ec0c0 file_index=50 file=Aerosmith/Toys_In_The_Attic/(Aerosmith)Toys_In_The_Attic-03-Adam's_Apple.mp3
2026-02-05T22:50:48.814052Z DEBUG tokio-runtime-worker ThreadId(23) wkmp_ai::services::workflow_orchestrator: wkmp-ai\src\services\workflow_orchestrator\mod.rs:1438: Acquiring all statistics Mutex locks for SSE conversion
2026-02-05T22:50:48.814149Z DEBUG tokio-runtime-worker ThreadId(23) wkmp_ai::services::workflow_orchestrator: wkmp-ai\src\services\workflow_orchestrator\mod.rs:1467: All statistics Mutex locks acquired and data cloned
2026-02-05T22:50:48.814287Z DEBUG tokio-runtime-worker ThreadId(23) wkmp_ai::services::workflow_orchestrator: wkmp-ai\src\services\workflow_orchestrator\mod.rs:1577: Releasing all statistics Mutex locks for SSE conversion
2026-02-05T22:50:48.814388Z DEBUG tokio-runtime-worker ThreadId(23) wkmp_ai::services::workflow_orchestrator: wkmp-ai\src\services\workflow_orchestrator\mod.rs:3110: Starting per-file pipeline file_index=56 file_id=0d0a45d1-85b4-47a7-93c4-6ece163a722f file=Aerosmith/Toys_In_The_Attic/(Aerosmith)Toys_In_The_Attic-09-You_See_Me_Crying.mp3
2026-02-05T22:50:48.814509Z  INFO tokio-runtime-worker ThreadId(23) wkmp_ai::services::workflow_orchestrator: wkmp-ai\src\services\workflow_orchestrator\mod.rs:1733: Starting PLAN024 10-phase per-file pipeline (late audio decode) file="C:\\Users\\Mango Cat\\Music\\Aerosmith/Toys_In_The_Attic/(Aerosmith)Toys_In_The_Attic-09-You_See_Me_Crying.mp3"
2026-02-05T22:50:48.814618Z DEBUG tokio-runtime-worker ThreadId(23) wkmp_ai::services::workflow_orchestrator: wkmp-ai\src\services\workflow_orchestrator\mod.rs:1742: Phase 1: Filename Matching - START file="C:\\Users\\Mango Cat\\Music\\Aerosmith/Toys_In_The_Attic/(Aerosmith)Toys_In_The_Attic-09-You_See_Me_Crying.mp3"
2026-02-05T22:50:48.814721Z DEBUG tokio-runtime-worker ThreadId(23) wkmp_ai::services::filename_matcher: wkmp-ai\src\services\filename_matcher.rs:54: Checking if file exists in database path=Aerosmith/Toys_In_The_Attic/(Aerosmith)Toys_In_The_Attic-09-You_See_Me_Crying.mp3 norm_us=8
2026-02-05T22:50:48.814870Z DEBUG tokio-runtime-worker ThreadId(23) wkmp_ai::services::filename_matcher: wkmp-ai\src\services\filename_matcher.rs:65: Database query completed path=Aerosmith/Toys_In_The_Attic/(Aerosmith)Toys_In_The_Attic-07-No_More_No_More.mp3 query_us=26418
2026-02-05T22:50:48.814984Z DEBUG tokio-runtime-worker ThreadId(23) wkmp_ai::services::filename_matcher: wkmp-ai\src\services\filename_matcher.rs:81: File already processed (INGEST COMPLETE) path=Aerosmith/Toys_In_The_Attic/(Aerosmith)Toys_In_The_Attic-07-No_More_No_More.mp3 guid=f6c5f401-9047-4a3d-90c8-38a5412d72ad
2026-02-05T22:50:48.815093Z  INFO tokio-runtime-worker ThreadId(23) wkmp_ai::services::workflow_orchestrator: wkmp-ai\src\services\workflow_orchestrator\mod.rs:1756: Phase 1 completed phase="Filename Matching" duration_ms=26 path_us=1 db_ms=26 file_index=54
2026-02-05T22:50:48.815196Z  INFO tokio-runtime-worker ThreadId(23) wkmp_ai::services::workflow_orchestrator: wkmp-ai\src\services\workflow_orchestrator\mod.rs:1770: File already processed (INGEST COMPLETE/NO AUDIO/DUPLICATE HASH), skipping all remaining phases file="C:\\Users\\Mango Cat\\Music\\Aerosmith/Toys_In_The_Attic/(Aerosmith)Toys_In_The_Attic-07-No_More_No_More.mp3" file_id=f6c5f401-9047-4a3d-90c8-38a5412d72ad
2026-02-05T22:50:48.815328Z DEBUG tokio-runtime-worker ThreadId(23) wkmp_ai::services::workflow_orchestrator: wkmp-ai\src\services\workflow_orchestrator\mod.rs:2928: File processing complete session_id=4b515178-85e0-43eb-8eb8-3f4fb38ec0c0 file_index=54 file=Aerosmith/Toys_In_The_Attic/(Aerosmith)Toys_In_The_Attic-07-No_More_No_More.mp3
2026-02-05T22:50:48.815431Z DEBUG tokio-runtime-worker ThreadId(23) wkmp_ai::services::workflow_orchestrator: wkmp-ai\src\services\workflow_orchestrator\mod.rs:1438: Acquiring all statistics Mutex locks for SSE conversion
2026-02-05T22:50:48.815501Z DEBUG tokio-runtime-worker ThreadId(23) wkmp_ai::services::workflow_orchestrator: wkmp-ai\src\services\workflow_orchestrator\mod.rs:1467: All statistics Mutex locks acquired and data cloned
2026-02-05T22:50:48.815684Z DEBUG tokio-runtime-worker ThreadId(23) wkmp_ai::services::workflow_orchestrator: wkmp-ai\src\services\workflow_orchestrator\mod.rs:1577: Releasing all statistics Mutex locks for SSE conversion
2026-02-05T22:50:48.815796Z DEBUG tokio-runtime-worker ThreadId(23) wkmp_ai::services::filename_matcher: wkmp-ai\src\services\filename_matcher.rs:65: Database query completed path=Aerosmith/Toys_In_The_Attic/(Aerosmith)Toys_In_The_Attic-08-Round_And_Round.mp3 query_us=26934
2026-02-05T22:50:48.815881Z DEBUG tokio-runtime-worker ThreadId(23) wkmp_ai::services::filename_matcher: wkmp-ai\src\services\filename_matcher.rs:81: File already processed (INGEST COMPLETE) path=Aerosmith/Toys_In_The_Attic/(Aerosmith)Toys_In_The_Attic-08-Round_And_Round.mp3 guid=e98beade-e9e4-4b85-a7b1-e7aa6468f731
2026-02-05T22:50:48.815961Z  INFO tokio-runtime-worker ThreadId(23) wkmp_ai::services::workflow_orchestrator: wkmp-ai\src\services\workflow_orchestrator\mod.rs:1756: Phase 1 completed phase="Filename Matching" duration_ms=27 path_us=0 db_ms=27 file_index=55
2026-02-05T22:50:48.816048Z  INFO tokio-runtime-worker ThreadId(23) wkmp_ai::services::workflow_orchestrator: wkmp-ai\src\services\workflow_orchestrator\mod.rs:1770: File already processed (INGEST COMPLETE/NO AUDIO/DUPLICATE HASH), skipping all remaining phases file="C:\\Users\\Mango Cat\\Music\\Aerosmith/Toys_In_The_Attic/(Aerosmith)Toys_In_The_Attic-08-Round_And_Round.mp3" file_id=e98beade-e9e4-4b85-a7b1-e7aa6468f731
2026-02-05T22:50:48.816136Z DEBUG tokio-runtime-worker ThreadId(23) wkmp_ai::services::workflow_orchestrator: wkmp-ai\src\services\workflow_orchestrator\mod.rs:2928: File processing complete session_id=4b515178-85e0-43eb-8eb8-3f4fb38ec0c0 file_index=55 file=Aerosmith/Toys_In_The_Attic/(Aerosmith)Toys_In_The_Attic-08-Round_And_Round.mp3
2026-02-05T22:50:48.816225Z DEBUG tokio-runtime-worker ThreadId(23) wkmp_ai::services::workflow_orchestrator: wkmp-ai\src\services\workflow_orchestrator\mod.rs:1438: Acquiring all statistics Mutex locks for SSE conversion
2026-02-05T22:50:48.816298Z DEBUG tokio-runtime-worker ThreadId(23) wkmp_ai::services::workflow_orchestrator: wkmp-ai\src\services\workflow_orchestrator\mod.rs:1467: All statistics Mutex locks acquired and data cloned
2026-02-05T22:50:48.816396Z DEBUG tokio-runtime-worker ThreadId(23) wkmp_ai::services::workflow_orchestrator: wkmp-ai\src\services\workflow_orchestrator\mod.rs:1577: Releasing all statistics Mutex locks for SSE conversion
2026-02-05T22:50:48.816477Z DEBUG tokio-runtime-worker ThreadId(23) wkmp_ai::services::workflow_orchestrator: wkmp-ai\src\services\workflow_orchestrator\mod.rs:3110: Starting per-file pipeline file_index=57 file_id=f7204740-f321-45e5-b65b-2b08dbba2f65 file=Alice In Chains/AliceInChainsGreatestHits.mp3
2026-02-05T22:50:48.816584Z  INFO tokio-runtime-worker ThreadId(23) wkmp_ai::services::workflow_orchestrator: wkmp-ai\src\services\workflow_orchestrator\mod.rs:1733: Starting PLAN024 10-phase per-file pipeline (late audio decode) file="C:\\Users\\Mango Cat\\Music\\Alice In Chains/AliceInChainsGreatestHits.mp3"
2026-02-05T22:50:48.816715Z DEBUG tokio-runtime-worker ThreadId(23) wkmp_ai::services::workflow_orchestrator: wkmp-ai\src\services\workflow_orchestrator\mod.rs:1742: Phase 1: Filename Matching - START file="C:\\Users\\Mango Cat\\Music\\Alice In Chains/AliceInChainsGreatestHits.mp3"
2026-02-05T22:50:48.816823Z DEBUG tokio-runtime-worker ThreadId(23) wkmp_ai::services::filename_matcher: wkmp-ai\src\services\filename_matcher.rs:54: Checking if file exists in database path=Alice In Chains/AliceInChainsGreatestHits.mp3 norm_us=3
2026-02-05T22:50:48.816965Z DEBUG tokio-runtime-worker ThreadId(23) wkmp_ai::services::workflow_orchestrator: wkmp-ai\src\services\workflow_orchestrator\mod.rs:3110: Starting per-file pipeline file_index=58 file_id=832ed86e-2a94-450e-9900-09837e2c9bb1 file=Allman Brothers/AtFillmoreEast.mp3
2026-02-05T22:50:48.817052Z  INFO tokio-runtime-worker ThreadId(23) wkmp_ai::services::workflow_orchestrator: wkmp-ai\src\services\workflow_orchestrator\mod.rs:1733: Starting PLAN024 10-phase per-file pipeline (late audio decode) file="C:\\Users\\Mango Cat\\Music\\Allman Brothers/AtFillmoreEast.mp3"
2026-02-05T22:50:48.817154Z DEBUG tokio-runtime-worker ThreadId(23) wkmp_ai::services::workflow_orchestrator: wkmp-ai\src\services\workflow_orchestrator\mod.rs:1742: Phase 1: Filename Matching - START file="C:\\Users\\Mango Cat\\Music\\Allman Brothers/AtFillmoreEast.mp3"
2026-02-05T22:50:48.817288Z DEBUG tokio-runtime-worker ThreadId(23) wkmp_ai::services::filename_matcher: wkmp-ai\src\services\filename_matcher.rs:54: Checking if file exists in database path=Allman Brothers/AtFillmoreEast.mp3
 norm_us=6
2026-02-05T22:50:48.817389Z DEBUG tokio-runtime-worker ThreadId(23) wkmp_ai::services::workflow_orchestrator: wkmp-ai\src\services\workflow_orchestrator\mod.rs:3110: Starting per-file pipeline file_index=59 file_id=f5eb96cf-f264-459d-881c-a84a08a40d73 file=Allman Brothers/EatAPeach.mp3
2026-02-05T22:50:48.817478Z  INFO tokio-runtime-worker ThreadId(23) wkmp_ai::services::workflow_orchestrator: wkmp-ai\src\services\workflow_orchestrator\mod.rs:1733: Starting PLAN024 10-phase per-file pipeline (late audio decode) file="C:\\Users\\Mango Cat\\Music\\Allman Brothers/EatAPeach.mp3"
2026-02-05T22:50:48.817576Z DEBUG tokio-runtime-worker ThreadId(23) wkmp_ai::services::workflow_orchestrator: wkmp-ai\src\services\workflow_orchestrator\mod.rs:1742: Phase 1: Filename Matching - START file="C:\\Users\\Mango Cat\\Music\\Allman Brothers/EatAPeach.mp3"
2026-02-05T22:50:48.817693Z DEBUG tokio-runtime-worker ThreadId(23) wkmp_ai::services::filename_matcher: wkmp-ai\src\services\filename_matcher.rs:54: Checking if file exists in database path=Allman Brothers/EatAPeach.mp3 norm_us=4
2026-02-05T22:50:48.817792Z DEBUG tokio-runtime-worker ThreadId(23) wkmp_ai::services::workflow_orchestrator: wkmp-ai\src\services\workflow_orchestrator\mod.rs:3110: Starting per-file pipeline file_index=60 file_id=8fc21985-273e-4111-b8d1-0d820c98fc69 file=Ambrosia/TheEssentialsAmbrosia.mp3
2026-02-05T22:50:48.817896Z  INFO tokio-runtime-worker ThreadId(23) wkmp_ai::services::workflow_orchestrator: wkmp-ai\src\services\workflow_orchestrator\mod.rs:1733: Starting PLAN024 10-phase per-file pipeline (late audio decode) file="C:\\Users\\Mango Cat\\Music\\Ambrosia/TheEssentialsAmbrosia.mp3"
2026-02-05T22:50:48.818006Z DEBUG tokio-runtime-worker ThreadId(23) wkmp_ai::services::workflow_orchestrator: wkmp-ai\src\services\workflow_orchestrator\mod.rs:1742: Phase 1: Filename Matching - START file="C:\\Users\\Mango Cat\\Music\\Ambrosia/TheEssentialsAmbrosia.mp3"
2026-02-05T22:50:48.818094Z DEBUG tokio-runtime-worker ThreadId(23) wkmp_ai::services::filename_matcher: wkmp-ai\src\services\filename_matcher.rs:54: Checking if file exists in database path=Ambrosia/TheEssentialsAmbrosia.mp3
 norm_us=2
2026-02-05T22:50:48.818234Z DEBUG tokio-runtime-worker ThreadId(23) wkmp_ai::services::workflow_orchestrator: wkmp-ai\src\services\workflow_orchestrator\mod.rs:3110: Starting per-file pipeline file_index=61 file_id=5c8462a6-483b-445a-9c84-008baead6a4e file=America/History America’s Greatest Hits/01 - A Horse With No Name.mp3
2026-02-05T22:50:48.818341Z  INFO tokio-runtime-worker ThreadId(23) wkmp_ai::services::workflow_orchestrator: wkmp-ai\src\services\workflow_orchestrator\mod.rs:1733: Starting PLAN024 10-phase per-file pipeline (late audio decode) file="C:\\Users\\Mango Cat\\Music\\America/History\u{f03a} America’s Greatest Hits/01 - A Horse With No Name.mp3"
2026-02-05T22:50:48.818478Z DEBUG tokio-runtime-worker ThreadId(23) wkmp_ai::services::workflow_orchestrator: wkmp-ai\src\services\workflow_orchestrator\mod.rs:1742: Phase 1: Filename Matching - START file="C:\\Users\\Mango Cat\\Music\\America/History\u{f03a} America’s Greatest Hits/01 - A Horse With No Name.mp3"
2026-02-05T22:50:48.818595Z DEBUG tokio-runtime-worker ThreadId(23) wkmp_ai::services::filename_matcher: wkmp-ai\src\services\filename_matcher.rs:54: Checking if file exists in database path=America/History America’s Greatest Hits/01 - A Horse With No Name.mp3 norm_us=2
2026-02-05T22:50:48.818725Z DEBUG tokio-runtime-worker ThreadId(23) wkmp_ai::services::workflow_orchestrator: wkmp-ai\src\services\workflow_orchestrator\mod.rs:3110: Starting per-file pipeline file_index=62 file_id=4f302e6c-1c70-4e92-b36e-3e7f241bd495 file=America/History America’s Greatest Hits/02 - I Need You.mp3
2026-02-05T22:50:48.818825Z  INFO tokio-runtime-worker ThreadId(23) wkmp_ai::services::workflow_orchestrator: wkmp-ai\src\services\workflow_orchestrator\mod.rs:1733: Starting PLAN024 10-phase per-file pipeline (late audio decode) file="C:\\Users\\Mango Cat\\Music\\America/History\u{f03a} America’s Greatest Hits/02 - I Need You.mp3"
2026-02-05T22:50:48.818947Z DEBUG tokio-runtime-worker ThreadId(23) wkmp_ai::services::workflow_orchestrator: wkmp-ai\src\services\workflow_orchestrator\mod.rs:1742: Phase 1: Filename Matching - START file="C:\\Users\\Mango Cat\\Music\\America/History\u{f03a} America’s Greatest Hits/02 - I Need You.mp3"
2026-02-05T22:50:48.819062Z DEBUG tokio-runtime-worker ThreadId(23) wkmp_ai::services::filename_matcher: wkmp-ai\src\services\filename_matcher.rs:54: Checking if file exists in database path=America/History America’s Greatest Hits/02 - I Need You.mp3 norm_us=2
2026-02-05T22:50:48.819213Z DEBUG tokio-runtime-worker ThreadId(23) wkmp_ai::services::workflow_orchestrator: wkmp-ai\src\services\workflow_orchestrator\mod.rs:3110: Starting per-file pipeline file_index=63 file_id=1f8a016b-9876-45fc-bd70-089353cf5f64 file=America/History America’s Greatest Hits/03 - Sandman.mp3
2026-02-05T22:50:48.819299Z  INFO tokio-runtime-worker ThreadId(23) wkmp_ai::services::workflow_orchestrator: wkmp-ai\src\services\workflow_orchestrator\mod.rs:1733: Starting PLAN024 10-phase per-file pipeline (late audio decode) file="C:\\Users\\Mango Cat\\Music\\America/History\u{f03a} America’s Greatest Hits/03 - Sandman.mp3"
2026-02-05T22:50:48.819406Z DEBUG tokio-runtime-worker ThreadId(23) wkmp_ai::services::workflow_orchestrator: wkmp-ai\src\services\workflow_orchestrator\mod.rs:1742: Phase 1: Filename Matching - START file="C:\\Users\\Mango Cat\\Music\\America/History\u{f03a} America’s Greatest Hits/03 - Sandman.mp3"
2026-02-05T22:50:48.819527Z DEBUG tokio-runtime-worker ThreadId(23) wkmp_ai::services::filename_matcher: wkmp-ai\src\services\filename_matcher.rs:54: Checking if file exists in database path=America/History America’s Greatest Hits/03 - Sandman.mp3 norm_us=2
2026-02-05T22:50:48.819649Z DEBUG tokio-runtime-worker ThreadId(23) wkmp_ai::services::workflow_orchestrator: wkmp-ai\src\services\workflow_orchestrator\mod.rs:3110: Starting per-file pipeline file_index=64 file_id=30dabc34-c6f4-4e3f-a695-4a53095db5b2 file=America/History America’s Greatest Hits/04 - Ventura Highway.mp3
2026-02-05T22:50:48.819747Z  INFO tokio-runtime-worker ThreadId(23) wkmp_ai::services::workflow_orchestrator: wkmp-ai\src\services\workflow_orchestrator\mod.rs:1733: Starting PLAN024 10-phase per-file pipeline (late audio decode) file="C:\\Users\\Mango Cat\\Music\\America/History\u{f03a} America’s Greatest Hits/04 - Ventura Highway.mp3"
2026-02-05T22:50:48.819869Z DEBUG tokio-runtime-worker ThreadId(23) wkmp_ai::services::workflow_orchestrator: wkmp-ai\src\services\workflow_orchestrator\mod.rs:1742: Phase 1: Filename Matching - START file="C:\\Users\\Mango Cat\\Music\\America/History\u{f03a} America’s Greatest Hits/04 - Ventura Highway.mp3"
2026-02-05T22:50:48.819985Z DEBUG tokio-runtime-worker ThreadId(23) wkmp_ai::services::filename_matcher: wkmp-ai\src\services\filename_matcher.rs:54: Checking if file exists in database path=America/History America’s Greatest Hits/04 - Ventura Highway.mp3 norm_us=2
2026-02-05T22:50:48.820248Z DEBUG tokio-runtime-worker ThreadId(23) wkmp_ai::api::sse: wkmp-ai\src\api\sse.rs:71: SSE: Broadcasting import event: ImportProgressUpdate
2026-02-05T22:50:48.821035Z DEBUG tokio-runtime-worker ThreadId(23) wkmp_ai::api::sse: wkmp-ai\src\api\sse.rs:71: SSE: Broadcasting import event: ImportProgressUpdate
2026-02-05T22:50:48.821215Z DEBUG tokio-runtime-worker ThreadId(23) wkmp_ai::api::sse: wkmp-ai\src\api\sse.rs:71: SSE: Broadcasting import event: ImportProgressUpdate
2026-02-05T22:50:48.821889Z DEBUG tokio-runtime-worker ThreadId(23) wkmp_ai::api::sse: wkmp-ai\src\api\sse.rs:71: SSE: Broadcasting import event: ImportProgressUpdate
2026-02-05T22:50:48.822066Z DEBUG tokio-runtime-worker ThreadId(23) wkmp_ai::api::sse: wkmp-ai\src\api\sse.rs:71: SSE: Broadcasting import event: ImportProgressUpdate
2026-02-05T22:50:48.822545Z DEBUG tokio-runtime-worker ThreadId(23) wkmp_ai::api::sse: wkmp-ai\src\api\sse.rs:71: SSE: Broadcasting import event: ImportProgressUpdate
2026-02-05T22:50:48.822717Z DEBUG tokio-runtime-worker ThreadId(23) wkmp_ai::api::sse: wkmp-ai\src\api\sse.rs:71: SSE: Broadcasting import event: ImportProgressUpdate
2026-02-05T22:50:48.823190Z DEBUG tokio-runtime-worker ThreadId(23) wkmp_ai::api::sse: wkmp-ai\src\api\sse.rs:71: SSE: Broadcasting import event: ImportProgressUpdate
2026-02-05T22:50:48.823365Z DEBUG tokio-runtime-worker ThreadId(23) wkmp_ai::api::sse: wkmp-ai\src\api\sse.rs:71: SSE: Broadcasting import event: ImportProgressUpdate
2026-02-05T22:50:48.823982Z DEBUG tokio-runtime-worker ThreadId(23) wkmp_ai::api::sse: wkmp-ai\src\api\sse.rs:71: SSE: Broadcasting import event: ImportProgressUpdate
2026-02-05T22:50:48.824265Z DEBUG tokio-runtime-worker ThreadId(23) wkmp_ai::api::sse: wkmp-ai\src\api\sse.rs:71: SSE: Broadcasting import event: ImportProgressUpdate
2026-02-05T22:50:48.824812Z DEBUG tokio-runtime-worker ThreadId(23) wkmp_ai::api::sse: wkmp-ai\src\api\sse.rs:71: SSE: Broadcasting import event: ImportProgressUpdate
2026-02-05T22:50:48.825033Z DEBUG tokio-runtime-worker ThreadId(23) wkmp_ai::api::sse: wkmp-ai\src\api\sse.rs:71: SSE: Broadcasting import event: ImportProgressUpdate
2026-02-05T22:50:48.825808Z DEBUG tokio-runtime-worker ThreadId(23) wkmp_ai::api::sse: wkmp-ai\src\api\sse.rs:71: SSE: Broadcasting import event: ImportProgressUpdate
2026-02-05T22:50:48.826096Z DEBUG tokio-runtime-worker ThreadId(23) wkmp_ai::api::sse: wkmp-ai\src\api\sse.rs:71: SSE: Broadcasting import event: ImportProgressUpdate
2026-02-05T22:50:48.826575Z DEBUG tokio-runtime-worker ThreadId(23) wkmp_ai::api::sse: wkmp-ai\src\api\sse.rs:71: SSE: Broadcasting import event: ImportProgressUpdate
2026-02-05T22:50:48.826882Z DEBUG tokio-runtime-worker ThreadId(23) wkmp_ai::api::sse: wkmp-ai\src\api\sse.rs:71: SSE: Broadcasting import event: ImportProgressUpdate
2026-02-05T22:50:48.827528Z DEBUG tokio-runtime-worker ThreadId(23) wkmp_ai::api::sse: wkmp-ai\src\api\sse.rs:71: SSE: Broadcasting import event: ImportProgressUpdate
2026-02-05T22:50:48.827828Z DEBUG tokio-runtime-worker ThreadId(23) wkmp_ai::api::sse: wkmp-ai\src\api\sse.rs:71: SSE: Broadcasting import event: ImportProgressUpdate
2026-02-05T22:50:48.828352Z DEBUG tokio-runtime-worker ThreadId(23) wkmp_ai::api::sse: wkmp-ai\src\api\sse.rs:71: SSE: Broadcasting import event: ImportProgressUpdate
2026-02-05T22:50:48.828517Z DEBUG tokio-runtime-worker ThreadId(23) wkmp_ai::api::sse: wkmp-ai\src\api\sse.rs:71: SSE: Broadcasting import event: ImportProgressUpdate
2026-02-05T22:50:48.828982Z DEBUG tokio-runtime-worker ThreadId(23) wkmp_ai::api::sse: wkmp-ai\src\api\sse.rs:71: SSE: Broadcasting import event: ImportProgressUpdate
2026-02-05T22:50:48.829132Z DEBUG tokio-runtime-worker ThreadId(23) wkmp_ai::api::sse: wkmp-ai\src\api\sse.rs:71: SSE: Broadcasting import event: ImportProgressUpdate
2026-02-05T22:50:48.829598Z DEBUG tokio-runtime-worker ThreadId(23) wkmp_ai::api::sse: wkmp-ai\src\api\sse.rs:71: SSE: Broadcasting import event: ImportProgressUpdate
2026-02-05T22:50:48.829743Z DEBUG tokio-runtime-worker ThreadId(23) wkmp_ai::api::sse: wkmp-ai\src\api\sse.rs:71: SSE: Broadcasting import event: ImportProgressUpdate
2026-02-05T22:50:48.830201Z DEBUG tokio-runtime-worker ThreadId(23) wkmp_ai::api::sse: wkmp-ai\src\api\sse.rs:71: SSE: Broadcasting import event: ImportProgressUpdate
2026-02-05T22:50:48.830351Z DEBUG tokio-runtime-worker ThreadId(23) wkmp_ai::api::sse: wkmp-ai\src\api\sse.rs:71: SSE: Broadcasting import event: ImportProgressUpdate
2026-02-05T22:50:48.830805Z DEBUG tokio-runtime-worker ThreadId(23) wkmp_ai::api::sse: wkmp-ai\src\api\sse.rs:71: SSE: Broadcasting import event: ImportProgressUpdate
2026-02-05T22:50:48.830964Z DEBUG tokio-runtime-worker ThreadId(23) wkmp_ai::api::sse: wkmp-ai\src\api\sse.rs:71: SSE: Broadcasting import event: ImportProgressUpdate
2026-02-05T22:50:48.831418Z DEBUG tokio-runtime-worker ThreadId(23) wkmp_ai::api::sse: wkmp-ai\src\api\sse.rs:71: SSE: Broadcasting import event: ImportProgressUpdate
2026-02-05T22:50:48.831578Z DEBUG tokio-runtime-worker ThreadId(23) wkmp_ai::api::sse: wkmp-ai\src\api\sse.rs:71: SSE: Broadcasting import event: ImportProgressUpdate
2026-02-05T22:50:48.832043Z DEBUG tokio-runtime-worker ThreadId(23) wkmp_ai::api::sse: wkmp-ai\src\api\sse.rs:71: SSE: Broadcasting import event: ImportProgressUpdate
2026-02-05T22:50:48.832202Z DEBUG tokio-runtime-worker ThreadId(23) wkmp_ai::api::sse: wkmp-ai\src\api\sse.rs:71: SSE: Broadcasting import event: ImportProgressUpdate
2026-02-05T22:50:48.832674Z DEBUG tokio-runtime-worker ThreadId(23) wkmp_ai::api::sse: wkmp-ai\src\api\sse.rs:71: SSE: Broadcasting import event: ImportProgressUpdate
2026-02-05T22:50:48.832912Z DEBUG tokio-runtime-worker ThreadId(23) wkmp_ai::api::sse: wkmp-ai\src\api\sse.rs:71: SSE: Broadcasting import event: ImportProgressUpdate
2026-02-05T22:50:48.833539Z DEBUG tokio-runtime-worker ThreadId(23) wkmp_ai::api::sse: wkmp-ai\src\api\sse.rs:71: SSE: Broadcasting import event: ImportProgressUpdate
2026-02-05T22:50:48.834086Z DEBUG tokio-runtime-worker ThreadId(23) wkmp_ai::services::filename_matcher: wkmp-ai\src\services\filename_matcher.rs:65: Database query completed path=Aerosmith/Toys_In_The_Attic/(Aerosmith)Toys_In_The_Attic-09-You_See_Me_Crying.mp3 query_us=19279
2026-02-05T22:50:48.834218Z DEBUG tokio-runtime-worker ThreadId(23) wkmp_ai::services::filename_matcher: wkmp-ai\src\services\filename_matcher.rs:81: File already processed (INGEST COMPLETE) path=Aerosmith/Toys_In_The_Attic/(Aerosmith)Toys_In_The_Attic-09-You_See_Me_Crying.mp3 guid=0d0a45d1-85b4-47a7-93c4-6ece163a722f
2026-02-05T22:50:48.834311Z  INFO tokio-runtime-worker ThreadId(23) wkmp_ai::services::workflow_orchestrator: wkmp-ai\src\services\workflow_orchestrator\mod.rs:1756: Phase 1 completed phase="Filename Matching" duration_ms=19 path_us=1 db_ms=19 file_index=56
2026-02-05T22:50:48.834406Z  INFO tokio-runtime-worker ThreadId(23) wkmp_ai::services::workflow_orchestrator: wkmp-ai\src\services\workflow_orchestrator\mod.rs:1770: File already processed (INGEST COMPLETE/NO AUDIO/DUPLICATE HASH), skipping all remaining phases file="C:\\Users\\Mango Cat\\Music\\Aerosmith/Toys_In_The_Attic/(Aerosmith)Toys_In_The_Attic-09-You_See_Me_Crying.mp3" file_id=0d0a45d1-85b4-47a7-93c4-6ece163a722f
2026-02-05T22:50:48.834514Z DEBUG tokio-runtime-worker ThreadId(23) wkmp_ai::services::workflow_orchestrator: wkmp-ai\src\services\workflow_orchestrator\mod.rs:2928: File processing complete session_id=4b515178-85e0-43eb-8eb8-3f4fb38ec0c0 file_index=56 file=Aerosmith/Toys_In_The_Attic/(Aerosmith)Toys_In_The_Attic-09-You_See_Me_Crying.mp3
2026-02-05T22:50:48.834624Z DEBUG tokio-runtime-worker ThreadId(23) wkmp_ai::services::workflow_orchestrator: wkmp-ai\src\services\workflow_orchestrator\mod.rs:1438: Acquiring all statistics Mutex locks for SSE conversion
2026-02-05T22:50:48.834697Z DEBUG tokio-runtime-worker ThreadId(23) wkmp_ai::services::workflow_orchestrator: wkmp-ai\src\services\workflow_orchestrator\mod.rs:1467: All statistics Mutex locks acquired and data cloned
2026-02-05T22:50:48.834817Z DEBUG tokio-runtime-worker ThreadId(23) wkmp_ai::services::workflow_orchestrator: wkmp-ai\src\services\workflow_orchestrator\mod.rs:1577: Releasing all statistics Mutex locks for SSE conversion
2026-02-05T22:50:48.834965Z DEBUG tokio-runtime-worker ThreadId(23) wkmp_ai::services::filename_matcher: wkmp-ai\src\services\filename_matcher.rs:65: Database query completed path=Alice In Chains/AliceInChainsGreatestHits.mp3
 query_us=18025
2026-02-05T22:50:48.835053Z DEBUG tokio-runtime-worker ThreadId(23) wkmp_ai::services::filename_matcher: wkmp-ai\src\services\filename_matcher.rs:88: File exists, reusing fileId path=Alice In Chains/AliceInChainsGreatestHits.mp3 guid=f7204740-f321-45e5-b65b-2b08dbba2f65 status=PENDING
2026-02-05T22:50:48.835138Z  INFO tokio-runtime-worker ThreadId(23) wkmp_ai::services::workflow_orchestrator: wkmp-ai\src\services\workflow_orchestrator\mod.rs:1756: Phase 1 completed phase="Filename Matching" duration_ms=18 path_us=0 db_ms=18 file_index=57
2026-02-05T22:50:48.835227Z DEBUG tokio-runtime-worker ThreadId(23) wkmp_ai::services::workflow_orchestrator: wkmp-ai\src\services\workflow_orchestrator\mod.rs:1778: Reusing existing file record (incomplete processing) file_id=f7204740-f321-45e5-b65b-2b08dbba2f65
2026-02-05T22:50:48.835320Z DEBUG tokio-runtime-worker ThreadId(23) wkmp_ai::services::workflow_orchestrator: wkmp-ai\src\services\workflow_orchestrator\mod.rs:1812: Phase 2: Hash Deduplication file="C:\\Users\\Mango Cat\\Music\\Alice In Chains/AliceInChainsGreatestHits.mp3" file_id=f7204740-f321-45e5-b65b-2b08dbba2f65
2026-02-05T22:50:48.835405Z DEBUG tokio-runtime-worker ThreadId(23) wkmp_ai::services::hash_deduplicator: wkmp-ai\src\services\hash_deduplicator.rs:52: Calculating SHA-256 hash path=C:\Users\Mango Cat\Music\Alice In Chains/AliceInChainsGreatestHits.mp3
2026-02-05T22:50:48.835509Z DEBUG tokio-runtime-worker ThreadId(23) wkmp_ai::services::filename_matcher: wkmp-ai\src\services\filename_matcher.rs:65: Database query completed path=Allman Brothers/EatAPeach.mp3 query_us=17733
2026-02-05T22:50:48.835589Z DEBUG tokio-runtime-worker ThreadId(23) wkmp_ai::services::filename_matcher: wkmp-ai\src\services\filename_matcher.rs:88: File exists, reusing fileId path=Allman Brothers/EatAPeach.mp3 guid=f5eb96cf-f264-459d-881c-a84a08a40d73 status=PENDING
2026-02-05T22:50:48.835674Z  INFO tokio-runtime-worker ThreadId(23) wkmp_ai::services::workflow_orchestrator: wkmp-ai\src\services\workflow_orchestrator\mod.rs:1756: Phase 1 completed phase="Filename Matching" duration_ms=18 path_us=1 db_ms=17 file_index=59
2026-02-05T22:50:48.835761Z DEBUG tokio-runtime-worker ThreadId(23) wkmp_ai::services::workflow_orchestrator: wkmp-ai\src\services\workflow_orchestrator\mod.rs:1778: Reusing existing file record (incomplete processing) file_id=f5eb96cf-f264-459d-881c-a84a08a40d73
2026-02-05T22:50:48.835847Z DEBUG tokio-runtime-worker ThreadId(23) wkmp_ai::services::workflow_orchestrator: wkmp-ai\src\services\workflow_orchestrator\mod.rs:1812: Phase 2: Hash Deduplication file="C:\\Users\\Mango Cat\\Music\\Allman Brothers/EatAPeach.mp3" file_id=f5eb96cf-f264-459d-881c-a84a08a40d73
2026-02-05T22:50:48.835963Z DEBUG tokio-runtime-worker ThreadId(23) wkmp_ai::services::hash_deduplicator: wkmp-ai\src\services\hash_deduplicator.rs:52: Calculating SHA-256 hash path=C:\Users\Mango Cat\Music\Allman Brothers/EatAPeach.mp3
2026-02-05T22:50:48.836115Z DEBUG tokio-runtime-worker ThreadId(23) wkmp_ai::services::filename_matcher: wkmp-ai\src\services\filename_matcher.rs:65: Database query completed path=Allman Brothers/AtFillmoreEast.mp3 query_us=18741
2026-02-05T22:50:48.836224Z DEBUG tokio-runtime-worker ThreadId(23) wkmp_ai::services::filename_matcher: wkmp-ai\src\services\filename_matcher.rs:88: File exists, reusing fileId path=Allman Brothers/AtFillmoreEast.mp3 guid=832ed86e-2a94-450e-9900-09837e2c9bb1 status=PENDING
2026-02-05T22:50:48.836333Z  INFO tokio-runtime-worker ThreadId(23) wkmp_ai::services::workflow_orchestrator: wkmp-ai\src\services\workflow_orchestrator\mod.rs:1756: Phase 1 completed phase="Filename Matching" duration_ms=19 path_us=1 db_ms=19 file_index=58
2026-02-05T22:50:48.836447Z DEBUG tokio-runtime-worker ThreadId(23) wkmp_ai::services::workflow_orchestrator: wkmp-ai\src\services\workflow_orchestrator\mod.rs:1778: Reusing existing file record (incomplete processing) file_id=832ed86e-2a94-450e-9900-09837e2c9bb1
2026-02-05T22:50:48.836564Z DEBUG tokio-runtime-worker ThreadId(23) wkmp_ai::services::workflow_orchestrator: wkmp-ai\src\services\workflow_orchestrator\mod.rs:1812: Phase 2: Hash Deduplication file="C:\\Users\\Mango Cat\\Music\\Allman Brothers/AtFillmoreEast.mp3" file_id=832ed86e-2a94-450e-9900-09837e2c9bb1
2026-02-05T22:50:48.836670Z DEBUG tokio-runtime-worker ThreadId(23) wkmp_ai::services::hash_deduplicator: wkmp-ai\src\services\hash_deduplicator.rs:52: Calculating SHA-256 hash path=C:\Users\Mango Cat\Music\Allman Brothers/AtFillmoreEast.mp3
2026-02-05T22:50:48.836815Z DEBUG tokio-runtime-worker ThreadId(23) wkmp_ai::services::filename_matcher: wkmp-ai\src\services\filename_matcher.rs:65: Database query completed path=Ambrosia/TheEssentialsAmbrosia.mp3 query_us=18593
2026-02-05T22:50:48.836921Z DEBUG tokio-runtime-worker ThreadId(23) wkmp_ai::services::filename_matcher: wkmp-ai\src\services\filename_matcher.rs:88: File exists, reusing fileId path=Ambrosia/TheEssentialsAmbrosia.mp3 guid=8fc21985-273e-4111-b8d1-0d820c98fc69 status=PENDING
2026-02-05T22:50:48.837027Z  INFO tokio-runtime-worker ThreadId(23) wkmp_ai::services::workflow_orchestrator: wkmp-ai\src\services\workflow_orchestrator\mod.rs:1756: Phase 1 completed phase="Filename Matching" duration_ms=19 path_us=0 db_ms=18 file_index=60
2026-02-05T22:50:48.837137Z DEBUG tokio-runtime-worker ThreadId(23) wkmp_ai::services::workflow_orchestrator: wkmp-ai\src\services\workflow_orchestrator\mod.rs:1778: Reusing existing file record (incomplete processing) file_id=8fc21985-273e-4111-b8d1-0d820c98fc69
2026-02-05T22:50:48.837248Z DEBUG tokio-runtime-worker ThreadId(23) wkmp_ai::services::workflow_orchestrator: wkmp-ai\src\services\workflow_orchestrator\mod.rs:1812: Phase 2: Hash Deduplication file="C:\\Users\\Mango Cat\\Music\\Ambrosia/TheEssentialsAmbrosia.mp3" file_id=8fc21985-273e-4111-b8d1-0d820c98fc69
2026-02-05T22:50:48.837358Z DEBUG tokio-runtime-worker ThreadId(23) wkmp_ai::services::hash_deduplicator: wkmp-ai\src\services\hash_deduplicator.rs:52: Calculating SHA-256 hash path=C:\Users\Mango Cat\Music\Ambrosia/TheEssentialsAmbrosia.mp3
2026-02-05T22:50:48.837490Z DEBUG tokio-runtime-worker ThreadId(23) wkmp_ai::services::filename_matcher: wkmp-ai\src\services\filename_matcher.rs:65: Database query completed path=America/History America’s Greatest Hits/01 - A Horse With No Name.mp3 query_us=18778
2026-02-05T22:50:48.837607Z DEBUG tokio-runtime-worker ThreadId(23) wkmp_ai::services::filename_matcher: wkmp-ai\src\services\filename_matcher.rs:81: File already processed (INGEST COMPLETE) path=America/History America’s Greatest Hits/01 - A Horse With No Name.mp3 guid=5c8462a6-483b-445a-9c84-008baead6a4e
2026-02-05T22:50:48.837715Z  INFO tokio-runtime-worker ThreadId(23) wkmp_ai::services::workflow_orchestrator: wkmp-ai\src\services\workflow_orchestrator\mod.rs:1756: Phase 1 completed phase="Filename Matching" duration_ms=19 path_us=0 db_ms=19 file_index=61
2026-02-05T22:50:48.837829Z  INFO tokio-runtime-worker ThreadId(23) wkmp_ai::services::workflow_orchestrator: wkmp-ai\src\services\workflow_orchestrator\mod.rs:1770: File already processed (INGEST COMPLETE/NO AUDIO/DUPLICATE HASH), skipping all remaining phases file="C:\\Users\\Mango Cat\\Music\\America/History\u{f03a} America’s Greatest Hits/01 - A Horse With No Name.mp3" file_id=5c8462a6-483b-445a-9c84-008baead6a4e
2026-02-05T22:50:48.837959Z DEBUG tokio-runtime-worker ThreadId(23) wkmp_ai::services::workflow_orchestrator: wkmp-ai\src\services\workflow_orchestrator\mod.rs:2928: File processing complete session_id=4b515178-85e0-43eb-8eb8-3f4fb38ec0c0 file_index=61 file=America/History America’s Greatest Hits/01 - A Horse With No Name.mp3
2026-02-05T22:50:48.838085Z DEBUG tokio-runtime-worker ThreadId(23) wkmp_ai::services::workflow_orchestrator: wkmp-ai\src\services\workflow_orchestrator\mod.rs:1438: Acquiring all statistics Mutex locks for SSE conversion
2026-02-05T22:50:48.838183Z DEBUG tokio-runtime-worker ThreadId(23) wkmp_ai::services::workflow_orchestrator: wkmp-ai\src\services\workflow_orchestrator\mod.rs:1467: All statistics Mutex locks acquired and data cloned
2026-02-05T22:50:48.838335Z DEBUG tokio-runtime-worker ThreadId(23) wkmp_ai::services::workflow_orchestrator: wkmp-ai\src\services\workflow_orchestrator\mod.rs:1577: Releasing all statistics Mutex locks for SSE conversion
2026-02-05T22:50:48.838469Z DEBUG tokio-runtime-worker ThreadId(23) wkmp_ai::services::filename_matcher: wkmp-ai\src\services\filename_matcher.rs:65: Database query completed path=America/History America’s Greatest Hits/02 - I Need You.mp3 query_us=19292
2026-02-05T22:50:48.838578Z DEBUG tokio-runtime-worker ThreadId(23) wkmp_ai::services::filename_matcher: wkmp-ai\src\services\filename_matcher.rs:81: File already processed (INGEST COMPLETE) path=America/History America’s Greatest Hits/02 - I Need You.mp3 guid=4f302e6c-1c70-4e92-b36e-3e7f241bd495
2026-02-05T22:50:48.838686Z  INFO tokio-runtime-worker ThreadId(23) wkmp_ai::services::workflow_orchestrator: wkmp-ai\src\services\workflow_orchestrator\mod.rs:1756: Phase 1 completed phase="Filename Matching" duration_ms=19 path_us=0 db_ms=19 file_index=62
2026-02-05T22:50:48.838799Z  INFO tokio-runtime-worker ThreadId(23) wkmp_ai::services::workflow_orchestrator: wkmp-ai\src\services\workflow_orchestrator\mod.rs:1770: File already processed (INGEST COMPLETE/NO AUDIO/DUPLICATE HASH), skipping all remaining phases file="C:\\Users\\Mango Cat\\Music\\America/History\u{f03a} America’s Greatest Hits/02 - I Need You.mp3" file_id=4f302e6c-1c70-4e92-b36e-3e7f241bd495
2026-02-05T22:50:48.838922Z DEBUG tokio-runtime-worker ThreadId(23) wkmp_ai::services::workflow_orchestrator: wkmp-ai\src\services\workflow_orchestrator\mod.rs:2928: File processing complete session_id=4b515178-85e0-43eb-8eb8-3f4fb38ec0c0 file_index=62 file=America/History America’s Greatest Hits/02 - I Need You.mp3
2026-02-05T22:50:48.839052Z DEBUG tokio-runtime-worker ThreadId(23) wkmp_ai::services::workflow_orchestrator: wkmp-ai\src\services\workflow_orchestrator\mod.rs:1438: Acquiring all statistics Mutex locks for SSE conversion
2026-02-05T22:50:48.839148Z DEBUG tokio-runtime-worker ThreadId(23) wkmp_ai::services::workflow_orchestrator: wkmp-ai\src\services\workflow_orchestrator\mod.rs:1467: All statistics Mutex locks acquired and data cloned
2026-02-05T22:50:48.839286Z DEBUG tokio-runtime-worker ThreadId(23) wkmp_ai::services::workflow_orchestrator: wkmp-ai\src\services\workflow_orchestrator\mod.rs:1577: Releasing all statistics Mutex locks for SSE conversion
2026-02-05T22:50:48.839403Z DEBUG tokio-runtime-worker ThreadId(23) wkmp_ai::services::workflow_orchestrator: wkmp-ai\src\services\workflow_orchestrator\mod.rs:3110: Starting per-file pipeline file_index=65 file_id=0b8e6c77-122d-4d6b-a9ea-9e8cafe85115 file=America/History America’s Greatest Hits/05 - Don’t Cross the River.mp3
2026-02-05T22:50:48.839525Z  INFO tokio-runtime-worker ThreadId(23) wkmp_ai::services::workflow_orchestrator: wkmp-ai\src\services\workflow_orchestrator\mod.rs:1733: Starting PLAN024 10-phase per-file pipeline (late audio decode) file="C:\\Users\\Mango Cat\\Music\\America/History\u{f03a} America’s Greatest Hits/05 - Don’t Cross the River.mp3"
2026-02-05T22:50:48.839647Z DEBUG tokio-runtime-worker ThreadId(23) wkmp_ai::services::workflow_orchestrator: wkmp-ai\src\services\workflow_orchestrator\mod.rs:1742: Phase 1: Filename Matching - START file="C:\\Users\\Mango Cat\\Music\\America/History\u{f03a} America’s Greatest Hits/05 - Don’t Cross the River.mp3"
2026-02-05T22:50:48.839764Z DEBUG tokio-runtime-worker ThreadId(23) wkmp_ai::services::filename_matcher: wkmp-ai\src\services\filename_matcher.rs:54: Checking if file exists in database path=America/History America’s Greatest Hits/05 - Don’t Cross the River.mp3 norm_us=8
2026-02-05T22:50:48.839937Z DEBUG tokio-runtime-worker ThreadId(23) wkmp_ai::services::filename_matcher: wkmp-ai\src\services\filename_matcher.rs:65: Database query completed path=America/History America’s Greatest Hits/03 - Sandman.mp3 query_us=20301
2026-02-05T22:50:48.840047Z DEBUG tokio-runtime-worker ThreadId(23) wkmp_ai::services::filename_matcher: wkmp-ai\src\services\filename_matcher.rs:81: File already processed (INGEST COMPLETE) path=America/History America’s Greatest Hits/03 - Sandman.mp3 guid=1f8a016b-9876-45fc-bd70-089353cf5f64
2026-02-05T22:50:48.840141Z  INFO tokio-runtime-worker ThreadId(23) wkmp_ai::services::workflow_orchestrator: wkmp-ai\src\services\workflow_orchestrator\mod.rs:1756: Phase 1 completed phase="Filename Matching" duration_ms=20 path_us=0 db_ms=20 file_index=63
2026-02-05T22:50:48.840233Z  INFO tokio-runtime-worker ThreadId(23) wkmp_ai::services::workflow_orchestrator: wkmp-ai\src\services\workflow_orchestrator\mod.rs:1770: File already processed (INGEST COMPLETE/NO AUDIO/DUPLICATE HASH), skipping all remaining phases file="C:\\Users\\Mango Cat\\Music\\America/History\u{f03a} America’s Greatest Hits/03 - Sandman.mp3" file_id=1f8a016b-9876-45fc-bd70-089353cf5f64
2026-02-05T22:50:48.840489Z DEBUG tokio-runtime-worker ThreadId(23) wkmp_ai::services::workflow_orchestrator: wkmp-ai\src\services\workflow_orchestrator\mod.rs:2928: File processing complete session_id=4b515178-85e0-43eb-8eb8-3f4fb38ec0c0 file_index=63 file=America/History America’s Greatest Hits/03 - Sandman.mp3
2026-02-05T22:50:48.840975Z DEBUG tokio-runtime-worker ThreadId(23) wkmp_ai::services::workflow_orchestrator: wkmp-ai\src\services\workflow_orchestrator\mod.rs:1438: Acquiring all statistics Mutex locks for SSE conversion
2026-02-05T22:50:48.841111Z DEBUG tokio-runtime-worker ThreadId(23) wkmp_ai::services::workflow_orchestrator: wkmp-ai\src\services\workflow_orchestrator\mod.rs:1467: All statistics Mutex locks acquired and data cloned
2026-02-05T22:50:48.841312Z DEBUG tokio-runtime-worker ThreadId(23) wkmp_ai::services::workflow_orchestrator: wkmp-ai\src\services\workflow_orchestrator\mod.rs:1577: Releasing all statistics Mutex locks for SSE conversion
2026-02-05T22:50:48.841577Z DEBUG tokio-runtime-worker ThreadId(23) wkmp_ai::services::filename_matcher: wkmp-ai\src\services\filename_matcher.rs:65: Database query completed path=America/History America’s Greatest Hits/04 - Ventura Highway.mp3 query_us=21471
2026-02-05T22:50:48.841734Z DEBUG tokio-runtime-worker ThreadId(23) wkmp_ai::services::filename_matcher: wkmp-ai\src\services\filename_matcher.rs:81: File already processed (INGEST COMPLETE) path=America/History America’s Greatest Hits/04 - Ventura Highway.mp3 guid=30dabc34-c6f4-4e3f-a695-4a53095db5b2
2026-02-05T22:50:48.841899Z  INFO tokio-runtime-worker ThreadId(23) wkmp_ai::services::workflow_orchestrator: wkmp-ai\src\services\workflow_orchestrator\mod.rs:1756: Phase 1 completed phase="Filename Matching" duration_ms=22 path_us=0 db_ms=21 file_index=64
2026-02-05T22:50:48.842045Z  INFO tokio-runtime-worker ThreadId(23) wkmp_ai::services::workflow_orchestrator: wkmp-ai\src\services\workflow_orchestrator\mod.rs:1770: File already processed (INGEST COMPLETE/NO AUDIO/DUPLICATE HASH), skipping all remaining phases file="C:\\Users\\Mango Cat\\Music\\America/History\u{f03a} America’s Greatest Hits/04 - Ventura Highway.mp3" file_id=30dabc34-c6f4-4e3f-a695-4a53095db5b2
2026-02-05T22:50:48.842213Z DEBUG tokio-runtime-worker ThreadId(23) wkmp_ai::services::workflow_orchestrator: wkmp-ai\src\services\workflow_orchestrator\mod.rs:2928: File processing complete session_id=4b515178-85e0-43eb-8eb8-3f4fb38ec0c0 file_index=64 file=America/History America’s Greatest Hits/04 - Ventura Highway.mp3
2026-02-05T22:50:48.842378Z DEBUG tokio-runtime-worker ThreadId(23) wkmp_ai::services::workflow_orchestrator: wkmp-ai\src\services\workflow_orchestrator\mod.rs:1438: Acquiring all statistics Mutex locks for SSE conversion
2026-02-05T22:50:48.842500Z DEBUG tokio-runtime-worker ThreadId(23) wkmp_ai::services::workflow_orchestrator: wkmp-ai\src\services\workflow_orchestrator\mod.rs:1467: All statistics Mutex locks acquired and data cloned
2026-02-05T22:50:48.842683Z DEBUG tokio-runtime-worker ThreadId(23) wkmp_ai::services::workflow_orchestrator: wkmp-ai\src\services\workflow_orchestrator\mod.rs:1577: Releasing all statistics Mutex locks for SSE conversion
2026-02-05T22:50:48.842802Z DEBUG tokio-runtime-worker ThreadId(23) wkmp_ai::services::workflow_orchestrator: wkmp-ai\src\services\workflow_orchestrator\mod.rs:3110: Starting per-file pipeline file_index=66 file_id=e4909c02-f640-4af0-9dc1-899ac084e26a file=America/History America’s Greatest Hits/06 - Only in Your Heart.mp3
2026-02-05T22:50:48.842939Z  INFO tokio-runtime-worker ThreadId(23) wkmp_ai::services::workflow_orchestrator: wkmp-ai\src\services\workflow_orchestrator\mod.rs:1733: Starting PLAN024 10-phase per-file pipeline (late audio decode) file="C:\\Users\\Mango Cat\\Music\\America/History\u{f03a} America’s Greatest Hits/06 - Only in Your Heart.mp3"
2026-02-05T22:50:48.843076Z DEBUG tokio-runtime-worker ThreadId(23) wkmp_ai::services::workflow_orchestrator: wkmp-ai\src\services\workflow_orchestrator\mod.rs:1742: Phase 1: Filename Matching - START file="C:\\Users\\Mango Cat\\Music\\America/History\u{f03a} America’s Greatest Hits/06 - Only in Your Heart.mp3"
2026-02-05T22:50:48.843206Z DEBUG tokio-runtime-worker ThreadId(23) wkmp_ai::services::filename_matcher: wkmp-ai\src\services\filename_matcher.rs:54: Checking if file exists in database path=America/History America’s Greatest Hits/06 - Only in Your Heart.mp3 norm_us=7
2026-02-05T22:50:48.843372Z DEBUG tokio-runtime-worker ThreadId(23) wkmp_ai::services::workflow_orchestrator: wkmp-ai\src\services\workflow_orchestrator\mod.rs:3110: Starting per-file pipeline file_index=67 file_id=137f5e49-5d61-4f62-813a-0e87f6b89229 file=America/History America’s Greatest Hits/07 - Muskrat Love.mp3
2026-02-05T22:50:48.843495Z  INFO tokio-runtime-worker ThreadId(23) wkmp_ai::services::workflow_orchestrator: wkmp-ai\src\services\workflow_orchestrator\mod.rs:1733: Starting PLAN024 10-phase per-file pipeline (late audio decode) file="C:\\Users\\Mango Cat\\Music\\America/History\u{f03a} America’s Greatest Hits/07 - Muskrat Love.mp3"
2026-02-05T22:50:48.843656Z DEBUG tokio-runtime-worker ThreadId(23) wkmp_ai::services::workflow_orchestrator: wkmp-ai\src\services\workflow_orchestrator\mod.rs:1742: Phase 1: Filename Matching - START file="C:\\Users\\Mango Cat\\Music\\America/History\u{f03a} America’s Greatest Hits/07 - Muskrat Love.mp3"
2026-02-05T22:50:48.843853Z DEBUG tokio-runtime-worker ThreadId(23) wkmp_ai::services::filename_matcher: wkmp-ai\src\services\filename_matcher.rs:54: Checking if file exists in database path=America/History America’s Greatest Hits/07 - Muskrat Love.mp3 norm_us=3
2026-02-05T22:50:48.844059Z DEBUG tokio-runtime-worker ThreadId(23) wkmp_ai::services::workflow_orchestrator: wkmp-ai\src\services\workflow_orchestrator\mod.rs:3110: Starting per-file pipeline file_index=68 file_id=edf05a54-18cb-4788-a7fe-85bd45405beb file=America/History America’s Greatest Hits/08 - Tin Man.mp3
2026-02-05T22:50:48.844161Z  INFO tokio-runtime-worker ThreadId(23) wkmp_ai::services::workflow_orchestrator: wkmp-ai\src\services\workflow_orchestrator\mod.rs:1733: Starting PLAN024 10-phase per-file pipeline (late audio decode) file="C:\\Users\\Mango Cat\\Music\\America/History\u{f03a} America’s Greatest Hits/08 - Tin Man.mp3"
2026-02-05T22:50:48.844253Z DEBUG tokio-runtime-worker ThreadId(23) wkmp_ai::services::workflow_orchestrator: wkmp-ai\src\services\workflow_orchestrator\mod.rs:1742: Phase 1: Filename Matching - START file="C:\\Users\\Mango Cat\\Music\\America/History\u{f03a} America’s Greatest Hits/08 - Tin Man.mp3"
2026-02-05T22:50:48.844340Z DEBUG tokio-runtime-worker ThreadId(23) wkmp_ai::services::filename_matcher: wkmp-ai\src\services\filename_matcher.rs:54: Checking if file exists in database path=America/History America’s Greatest Hits/08 - Tin Man.mp3 norm_us=3
2026-02-05T22:50:48.844570Z DEBUG tokio-runtime-worker ThreadId(23) wkmp_ai::services::workflow_orchestrator: wkmp-ai\src\services\workflow_orchestrator\mod.rs:3110: Starting per-file pipeline file_index=69 file_id=25fd2df3-3cf6-443c-ba48-31f4c9ca076c file=America/History America’s Greatest Hits/09 - Lonely People.mp3
2026-02-05T22:50:48.844817Z  INFO tokio-runtime-worker ThreadId(23) wkmp_ai::services::workflow_orchestrator: wkmp-ai\src\services\workflow_orchestrator\mod.rs:1733: Starting PLAN024 10-phase per-file pipeline (late audio decode) file="C:\\Users\\Mango Cat\\Music\\America/History\u{f03a} America’s Greatest Hits/09 - Lonely People.mp3"
2026-02-05T22:50:48.845002Z DEBUG tokio-runtime-worker ThreadId(23) wkmp_ai::services::workflow_orchestrator: wkmp-ai\src\services\workflow_orchestrator\mod.rs:1742: Phase 1: Filename Matching - START file="C:\\Users\\Mango Cat\\Music\\America/History\u{f03a} America’s Greatest Hits/09 - Lonely People.mp3"
2026-02-05T22:50:48.845164Z DEBUG tokio-runtime-worker ThreadId(23) wkmp_ai::services::filename_matcher: wkmp-ai\src\services\filename_matcher.rs:54: Checking if file exists in database path=America/History America’s Greatest Hits/09 - Lonely People.mp3 norm_us=3
2026-02-05T22:50:48.845325Z DEBUG tokio-runtime-worker ThreadId(23) wkmp_ai::services::filename_matcher: wkmp-ai\src\services\filename_matcher.rs:65: Database query completed path=America/History America’s Greatest Hits/05 - Don’t Cross the River.mp3 query_us=5456
2026-02-05T22:50:48.845419Z DEBUG tokio-runtime-worker ThreadId(23) wkmp_ai::services::filename_matcher: wkmp-ai\src\services\filename_matcher.rs:81: File already processed (INGEST COMPLETE) path=America/History America’s Greatest Hits/05 - Don’t Cross the River.mp3 guid=0b8e6c77-122d-4d6b-a9ea-9e8cafe85115
2026-02-05T22:50:48.845509Z  INFO tokio-runtime-worker ThreadId(23) wkmp_ai::services::workflow_orchestrator: wkmp-ai\src\services\workflow_orchestrator\mod.rs:1756: Phase 1 completed phase="Filename Matching" duration_ms=5 path_us=1 db_ms=5 file_index=65
2026-02-05T22:50:48.845605Z  INFO tokio-runtime-worker ThreadId(23) wkmp_ai::services::workflow_orchestrator: wkmp-ai\src\services\workflow_orchestrator\mod.rs:1770: File already processed (INGEST COMPLETE/NO AUDIO/DUPLICATE HASH), skipping all remaining phases file="C:\\Users\\Mango Cat\\Music\\America/History\u{f03a} America’s Greatest Hits/05 - Don’t Cross the River.mp3" file_id=0b8e6c77-122d-4d6b-a9ea-9e8cafe85115
2026-02-05T22:50:48.845708Z DEBUG tokio-runtime-worker ThreadId(23) wkmp_ai::services::workflow_orchestrator: wkmp-ai\src\services\workflow_orchestrator\mod.rs:2928: File processing complete session_id=4b515178-85e0-43eb-8eb8-3f4fb38ec0c0 file_index=65 file=America/History America’s Greatest Hits/05 - Don’t Cross the River.mp3
2026-02-05T22:50:48.845848Z DEBUG tokio-runtime-worker ThreadId(23) wkmp_ai::services::workflow_orchestrator: wkmp-ai\src\services\workflow_orchestrator\mod.rs:1438: Acquiring all statistics Mutex locks for SSE conversion
2026-02-05T22:50:48.845926Z DEBUG tokio-runtime-worker ThreadId(23) wkmp_ai::services::workflow_orchestrator: wkmp-ai\src\services\workflow_orchestrator\mod.rs:1467: All statistics Mutex locks acquired and data cloned
2026-02-05T22:50:48.846044Z DEBUG tokio-runtime-worker ThreadId(23) wkmp_ai::services::workflow_orchestrator: wkmp-ai\src\services\workflow_orchestrator\mod.rs:1577: Releasing all statistics Mutex locks for SSE conversion
2026-02-05T22:50:48.846175Z DEBUG tokio-runtime-worker ThreadId(23) wkmp_ai::services::filename_matcher: wkmp-ai\src\services\filename_matcher.rs:65: Database query completed path=America/History America’s Greatest Hits/06 - Only in Your Heart.mp3 query_us=2844
2026-02-05T22:50:48.846274Z DEBUG tokio-runtime-worker ThreadId(23) wkmp_ai::services::filename_matcher: wkmp-ai\src\services\filename_matcher.rs:81: File already processed (INGEST COMPLETE) path=America/History America’s Greatest Hits/06 - Only in Your Heart.mp3 guid=e4909c02-f640-4af0-9dc1-899ac084e26a
2026-02-05T22:50:48.846366Z  INFO tokio-runtime-worker ThreadId(23) wkmp_ai::services::workflow_orchestrator: wkmp-ai\src\services\workflow_orchestrator\mod.rs:1756: Phase 1 completed phase="Filename Matching" duration_ms=3 path_us=0 db_ms=3 file_index=66
2026-02-05T22:50:48.846460Z  INFO tokio-runtime-worker ThreadId(23) wkmp_ai::services::workflow_orchestrator: wkmp-ai\src\services\workflow_orchestrator\mod.rs:1770: File already processed (INGEST COMPLETE/NO AUDIO/DUPLICATE HASH), skipping all remaining phases file="C:\\Users\\Mango Cat\\Music\\America/History\u{f03a} America’s Greatest Hits/06 - Only in Your Heart.mp3" file_id=e4909c02-f640-4af0-9dc1-899ac084e26a
2026-02-05T22:50:48.846564Z DEBUG tokio-runtime-worker ThreadId(23) wkmp_ai::services::workflow_orchestrator: wkmp-ai\src\services\workflow_orchestrator\mod.rs:2928: File processing complete session_id=4b515178-85e0-43eb-8eb8-3f4fb38ec0c0 file_index=66 file=America/History America’s Greatest Hits/06 - Only in Your Heart.mp3
2026-02-05T22:50:48.851951Z DEBUG tokio-runtime-worker ThreadId(23) wkmp_ai::services::workflow_orchestrator: wkmp-ai\src\services\workflow_orchestrator\mod.rs:1438: Acquiring all statistics Mutex locks for SSE conversion
2026-02-05T22:50:48.852102Z DEBUG tokio-runtime-worker ThreadId(23) wkmp_ai::services::workflow_orchestrator: wkmp-ai\src\services\workflow_orchestrator\mod.rs:1467: All statistics Mutex locks acquired and data cloned
2026-02-05T22:50:48.852312Z DEBUG tokio-runtime-worker ThreadId(23) wkmp_ai::services::workflow_orchestrator: wkmp-ai\src\services\workflow_orchestrator\mod.rs:1577: Releasing all statistics Mutex locks for SSE conversion
2026-02-05T22:50:48.852504Z DEBUG tokio-runtime-worker ThreadId(23) wkmp_ai::services::filename_matcher: wkmp-ai\src\services\filename_matcher.rs:65: Database query completed path=America/History America’s Greatest Hits/07 - Muskrat Love.mp3 query_us=8493
2026-02-05T22:50:48.852642Z DEBUG tokio-runtime-worker ThreadId(23) wkmp_ai::services::filename_matcher: wkmp-ai\src\services\filename_matcher.rs:81: File already processed (INGEST COMPLETE) path=America/History America’s Greatest Hits/07 - Muskrat Love.mp3 guid=137f5e49-5d61-4f62-813a-0e87f6b89229
2026-02-05T22:50:48.852774Z  INFO tokio-runtime-worker ThreadId(23) wkmp_ai::services::workflow_orchestrator: wkmp-ai\src\services\workflow_orchestrator\mod.rs:1756: Phase 1 completed phase="Filename Matching" duration_ms=9 path_us=0 db_ms=8 file_index=67
2026-02-05T22:50:48.852914Z  INFO tokio-runtime-worker ThreadId(23) wkmp_ai::services::workflow_orchestrator: wkmp-ai\src\services\workflow_orchestrator\mod.rs:1770: File already processed (INGEST COMPLETE/NO AUDIO/DUPLICATE HASH), skipping all remaining phases file="C:\\Users\\Mango Cat\\Music\\America/History\u{f03a} America’s Greatest Hits/07 - Muskrat Love.mp3" file_id=137f5e49-5d61-4f62-813a-0e87f6b89229
2026-02-05T22:50:48.853081Z DEBUG tokio-runtime-worker ThreadId(23) wkmp_ai::services::workflow_orchestrator: wkmp-ai\src\services\workflow_orchestrator\mod.rs:2928: File processing complete session_id=4b515178-85e0-43eb-8eb8-3f4fb38ec0c0 file_index=67 file=America/History America’s Greatest Hits/07 - Muskrat Love.mp3
2026-02-05T22:50:48.853232Z DEBUG tokio-runtime-worker ThreadId(23) wkmp_ai::services::workflow_orchestrator: wkmp-ai\src\services\workflow_orchestrator\mod.rs:1438: Acquiring all statistics Mutex locks for SSE conversion
2026-02-05T22:50:48.853345Z DEBUG tokio-runtime-worker ThreadId(23) wkmp_ai::services::workflow_orchestrator: wkmp-ai\src\services\workflow_orchestrator\mod.rs:1467: All statistics Mutex locks acquired and data cloned
2026-02-05T22:50:48.853495Z DEBUG tokio-runtime-worker ThreadId(23) wkmp_ai::services::workflow_orchestrator: wkmp-ai\src\services\workflow_orchestrator\mod.rs:1577: Releasing all statistics Mutex locks for SSE conversion
2026-02-05T22:50:48.853615Z DEBUG tokio-runtime-worker ThreadId(23) wkmp_ai::services::workflow_orchestrator: wkmp-ai\src\services\workflow_orchestrator\mod.rs:3110: Starting per-file pipeline file_index=70 file_id=ae489282-d5da-445f-9465-b9b2c7eb592f file=America/History America’s Greatest Hits/10 - Sister Golden Hair.mp3
2026-02-05T22:50:48.853766Z  INFO tokio-runtime-worker ThreadId(23) wkmp_ai::services::workflow_orchestrator: wkmp-ai\src\services\workflow_orchestrator\mod.rs:1733: Starting PLAN024 10-phase per-file pipeline (late audio decode) file="C:\\Users\\Mango Cat\\Music\\America/History\u{f03a} America’s Greatest Hits/10 - Sister Golden Hair.mp3"
2026-02-05T22:50:48.853905Z DEBUG tokio-runtime-worker ThreadId(23) wkmp_ai::services::workflow_orchestrator: wkmp-ai\src\services\workflow_orchestrator\mod.rs:1742: Phase 1: Filename Matching - START file="C:\\Users\\Mango Cat\\Music\\America/History\u{f03a} America’s Greatest Hits/10 - Sister Golden Hair.mp3"
2026-02-05T22:50:48.854040Z DEBUG tokio-runtime-worker ThreadId(23) wkmp_ai::services::filename_matcher: wkmp-ai\src\services\filename_matcher.rs:54: Checking if file exists in database path=America/History America’s Greatest Hits/10 - Sister Golden Hair.mp3 norm_us=6
2026-02-05T22:50:48.854228Z DEBUG tokio-runtime-worker ThreadId(23) wkmp_ai::services::filename_matcher: wkmp-ai\src\services\filename_matcher.rs:65: Database query completed path=America/History America’s Greatest Hits/08 - Tin Man.mp3 query_us=9691
2026-02-05T22:50:48.854360Z DEBUG tokio-runtime-worker ThreadId(23) wkmp_ai::services::filename_matcher: wkmp-ai\src\services\filename_matcher.rs:88: File exists, reusing fileId path=America/History America’s Greatest Hits/08 - Tin Man.mp3 guid=edf05a54-18cb-4788-a7fe-85bd45405beb status=PENDING
2026-02-05T22:50:48.854494Z  INFO tokio-runtime-worker ThreadId(23) wkmp_ai::services::workflow_orchestrator: wkmp-ai\src\services\workflow_orchestrator\mod.rs:1756: Phase 1 completed phase="Filename Matching" duration_ms=10 path_us=0 db_ms=10 file_index=68
2026-02-05T22:50:48.854631Z DEBUG tokio-runtime-worker ThreadId(23) wkmp_ai::services::workflow_orchestrator: wkmp-ai\src\services\workflow_orchestrator\mod.rs:1778: Reusing existing file record (incomplete processing) file_id=edf05a54-18cb-4788-a7fe-85bd45405beb
2026-02-05T22:50:48.854763Z DEBUG tokio-runtime-worker ThreadId(23) wkmp_ai::services::workflow_orchestrator: wkmp-ai\src\services\workflow_orchestrator\mod.rs:1812: Phase 2: Hash Deduplication file="C:\\Users\\Mango Cat\\Music\\America/History\u{f03a} America’s Greatest Hits/08 - Tin Man.mp3" file_id=edf05a54-18cb-4788-a7fe-85bd45405beb
2026-02-05T22:50:48.854894Z DEBUG tokio-runtime-worker ThreadId(23) wkmp_ai::services::hash_deduplicator: wkmp-ai\src\services\hash_deduplicator.rs:52: Calculating SHA-256 hash path=C:\Users\Mango Cat\Music\America/History America’s Greatest Hits/08 - Tin Man.mp3
2026-02-05T22:50:48.855010Z DEBUG tokio-runtime-worker ThreadId(23) wkmp_ai::services::filename_matcher: wkmp-ai\src\services\filename_matcher.rs:65: Database query completed path=America/History America’s Greatest Hits/09 - Lonely People.mp3 query_us=9756
2026-02-05T22:50:48.855100Z DEBUG tokio-runtime-worker ThreadId(23) wkmp_ai::services::filename_matcher: wkmp-ai\src\services\filename_matcher.rs:88: File exists, reusing fileId path=America/History America’s Greatest Hits/09 - Lonely People.mp3 guid=25fd2df3-3cf6-443c-ba48-31f4c9ca076c status=PENDING
2026-02-05T22:50:48.855193Z  INFO tokio-runtime-worker ThreadId(23) wkmp_ai::services::workflow_orchestrator: wkmp-ai\src\services\workflow_orchestrator\mod.rs:1756: Phase 1 completed phase="Filename Matching" duration_ms=10 path_us=0 db_ms=10 file_index=69
2026-02-05T22:50:48.855294Z DEBUG tokio-runtime-worker ThreadId(23) wkmp_ai::services::workflow_orchestrator: wkmp-ai\src\services\workflow_orchestrator\mod.rs:1778: Reusing existing file record (incomplete processing) file_id=25fd2df3-3cf6-443c-ba48-31f4c9ca076c
2026-02-05T22:50:48.855391Z DEBUG tokio-runtime-worker ThreadId(23) wkmp_ai::services::workflow_orchestrator: wkmp-ai\src\services\workflow_orchestrator\mod.rs:1812: Phase 2: Hash Deduplication file="C:\\Users\\Mango Cat\\Music\\America/History\u{f03a} America’s Greatest Hits/09 - Lonely People.mp3" file_id=25fd2df3-3cf6-443c-ba48-31f4c9ca076c
2026-02-05T22:50:48.855485Z DEBUG tokio-runtime-worker ThreadId(23) wkmp_ai::services::hash_deduplicator: wkmp-ai\src\services\hash_deduplicator.rs:52: Calculating SHA-256 hash path=C:\Users\Mango Cat\Music\America/History America’s Greatest Hits/09 - Lonely People.mp3
2026-02-05T22:50:48.855579Z DEBUG tokio-runtime-worker ThreadId(23) wkmp_ai::services::workflow_orchestrator: wkmp-ai\src\services\workflow_orchestrator\mod.rs:3110: Starting per-file pipeline file_index=71 file_id=4520d2da-cef5-4a90-8968-81c336705072 file=America/History America’s Greatest Hits/11 - Daisy Jane.mp3
2026-02-05T22:50:48.855678Z  INFO tokio-runtime-worker ThreadId(23) wkmp_ai::services::workflow_orchestrator: wkmp-ai\src\services\workflow_orchestrator\mod.rs:1733: Starting PLAN024 10-phase per-file pipeline (late audio decode) file="C:\\Users\\Mango Cat\\Music\\America/History\u{f03a} America’s Greatest Hits/11 - Daisy Jane.mp3"
2026-02-05T22:50:48.855776Z DEBUG tokio-runtime-worker ThreadId(23) wkmp_ai::services::workflow_orchestrator: wkmp-ai\src\services\workflow_orchestrator\mod.rs:1742: Phase 1: Filename Matching - START file="C:\\Users\\Mango Cat\\Music\\America/History\u{f03a} America’s Greatest Hits/11 - Daisy Jane.mp3"
2026-02-05T22:50:48.855877Z DEBUG tokio-runtime-worker ThreadId(23) wkmp_ai::services::filename_matcher: wkmp-ai\src\services\filename_matcher.rs:54: Checking if file exists in database path=America/History America’s Greatest Hits/11 - Daisy Jane.mp3 norm_us=3
2026-02-05T22:50:48.855997Z DEBUG tokio-runtime-worker ThreadId(23) wkmp_ai::services::workflow_orchestrator: wkmp-ai\src\services\workflow_orchestrator\mod.rs:3110: Starting per-file pipeline file_index=72 file_id=6bd963c9-5049-4d1a-84ef-5b625d49aaf0 file=America/History America’s Greatest Hits/12 - Woman Tonight.mp3
2026-02-05T22:50:48.856097Z  INFO tokio-runtime-worker ThreadId(23) wkmp_ai::services::workflow_orchestrator: wkmp-ai\src\services\workflow_orchestrator\mod.rs:1733: Starting PLAN024 10-phase per-file pipeline (late audio decode) file="C:\\Users\\Mango Cat\\Music\\America/History\u{f03a} America’s Greatest Hits/12 - Woman Tonight.mp3"
2026-02-05T22:50:48.856195Z DEBUG tokio-runtime-worker ThreadId(23) wkmp_ai::services::workflow_orchestrator: wkmp-ai\src\services\workflow_orchestrator\mod.rs:1742: Phase 1: Filename Matching - START file="C:\\Users\\Mango Cat\\Music\\America/History\u{f03a} America’s Greatest Hits/12 - Woman Tonight.mp3"
2026-02-05T22:50:48.856290Z DEBUG tokio-runtime-worker ThreadId(23) wkmp_ai::services::filename_matcher: wkmp-ai\src\services\filename_matcher.rs:54: Checking if file exists in database path=America/History America’s Greatest Hits/12 - Woman Tonight.mp3 norm_us=3
2026-02-05T22:50:48.856553Z DEBUG tokio-runtime-worker ThreadId(23) wkmp_ai::api::sse: wkmp-ai\src\api\sse.rs:71: SSE: Broadcasting import event: ImportProgressUpdate
2026-02-05T22:50:48.857244Z DEBUG tokio-runtime-worker ThreadId(23) wkmp_ai::api::sse: wkmp-ai\src\api\sse.rs:71: SSE: Broadcasting import event: ImportProgressUpdate
2026-02-05T22:50:48.857474Z DEBUG tokio-runtime-worker ThreadId(23) wkmp_ai::api::sse: wkmp-ai\src\api\sse.rs:71: SSE: Broadcasting import event: ImportProgressUpdate
2026-02-05T22:50:48.858483Z DEBUG tokio-runtime-worker ThreadId(23) wkmp_ai::api::sse: wkmp-ai\src\api\sse.rs:71: SSE: Broadcasting import event: ImportProgressUpdate
2026-02-05T22:50:48.858770Z DEBUG tokio-runtime-worker ThreadId(23) wkmp_ai::api::sse: wkmp-ai\src\api\sse.rs:71: SSE: Broadcasting import event: ImportProgressUpdate
2026-02-05T22:50:48.859400Z DEBUG tokio-runtime-worker ThreadId(23) wkmp_ai::api::sse: wkmp-ai\src\api\sse.rs:71: SSE: Broadcasting import event: ImportProgressUpdate
2026-02-05T22:50:48.859711Z DEBUG tokio-runtime-worker ThreadId(23) wkmp_ai::api::sse: wkmp-ai\src\api\sse.rs:71: SSE: Broadcasting import event: ImportProgressUpdate
2026-02-05T22:50:48.860399Z DEBUG tokio-runtime-worker ThreadId(23) wkmp_ai::api::sse: wkmp-ai\src\api\sse.rs:71: SSE: Broadcasting import event: ImportProgressUpdate
2026-02-05T22:50:48.860636Z DEBUG tokio-runtime-worker ThreadId(23) wkmp_ai::api::sse: wkmp-ai\src\api\sse.rs:71: SSE: Broadcasting import event: ImportProgressUpdate
2026-02-05T22:50:48.861333Z DEBUG tokio-runtime-worker ThreadId(23) wkmp_ai::api::sse: wkmp-ai\src\api\sse.rs:71: SSE: Broadcasting import event: ImportProgressUpdate
2026-02-05T22:50:48.861568Z DEBUG tokio-runtime-worker ThreadId(23) wkmp_ai::api::sse: wkmp-ai\src\api\sse.rs:71: SSE: Broadcasting import event: ImportProgressUpdate
2026-02-05T22:50:48.862170Z DEBUG tokio-runtime-worker ThreadId(23) wkmp_ai::api::sse: wkmp-ai\src\api\sse.rs:71: SSE: Broadcasting import event: ImportProgressUpdate
2026-02-05T22:50:48.862390Z DEBUG tokio-runtime-worker ThreadId(23) wkmp_ai::api::sse: wkmp-ai\src\api\sse.rs:71: SSE: Broadcasting import event: ImportProgressUpdate
2026-02-05T22:50:48.863017Z DEBUG tokio-runtime-worker ThreadId(23) wkmp_ai::api::sse: wkmp-ai\src\api\sse.rs:71: SSE: Broadcasting import event: ImportProgressUpdate
2026-02-05T22:50:48.863225Z DEBUG tokio-runtime-worker ThreadId(23) wkmp_ai::api::sse: wkmp-ai\src\api\sse.rs:71: SSE: Broadcasting import event: ImportProgressUpdate
2026-02-05T22:50:48.863845Z DEBUG tokio-runtime-worker ThreadId(23) wkmp_ai::api::sse: wkmp-ai\src\api\sse.rs:71: SSE: Broadcasting import event: ImportProgressUpdate
2026-02-05T22:50:48.864202Z DEBUG tokio-runtime-worker ThreadId(23) wkmp_ai::api::sse: wkmp-ai\src\api\sse.rs:71: SSE: Broadcasting import event: ImportProgressUpdate
2026-02-05T22:50:48.864840Z DEBUG tokio-runtime-worker ThreadId(23) wkmp_ai::api::sse: wkmp-ai\src\api\sse.rs:71: SSE: Broadcasting import event: ImportProgressUpdate
2026-02-05T22:50:48.865033Z DEBUG tokio-runtime-worker ThreadId(23) wkmp_ai::api::sse: wkmp-ai\src\api\sse.rs:71: SSE: Broadcasting import event: ImportProgressUpdate
2026-02-05T22:50:48.865612Z DEBUG tokio-runtime-worker ThreadId(23) wkmp_ai::api::sse: wkmp-ai\src\api\sse.rs:71: SSE: Broadcasting import event: ImportProgressUpdate
2026-02-05T22:50:48.865793Z DEBUG tokio-runtime-worker ThreadId(23) wkmp_ai::api::sse: wkmp-ai\src\api\sse.rs:71: SSE: Broadcasting import event: ImportProgressUpdate
2026-02-05T22:50:48.866359Z DEBUG tokio-runtime-worker ThreadId(23) wkmp_ai::api::sse: wkmp-ai\src\api\sse.rs:71: SSE: Broadcasting import event: ImportProgressUpdate
2026-02-05T22:50:48.866576Z DEBUG tokio-runtime-worker ThreadId(23) wkmp_ai::api::sse: wkmp-ai\src\api\sse.rs:71: SSE: Broadcasting import event: ImportProgressUpdate
2026-02-05T22:50:48.867174Z DEBUG tokio-runtime-worker ThreadId(23) wkmp_ai::api::sse: wkmp-ai\src\api\sse.rs:71: SSE: Broadcasting import event: ImportProgressUpdate
2026-02-05T22:50:48.867354Z DEBUG tokio-runtime-worker ThreadId(23) wkmp_ai::api::sse: wkmp-ai\src\api\sse.rs:71: SSE: Broadcasting import event: ImportProgressUpdate
2026-02-05T22:50:48.867940Z DEBUG tokio-runtime-worker ThreadId(23) wkmp_ai::api::sse: wkmp-ai\src\api\sse.rs:71: SSE: Broadcasting import event: ImportProgressUpdate
2026-02-05T22:50:48.868130Z DEBUG tokio-runtime-worker ThreadId(23) wkmp_ai::api::sse: wkmp-ai\src\api\sse.rs:71: SSE: Broadcasting import event: ImportProgressUpdate
2026-02-05T22:50:48.868735Z DEBUG tokio-runtime-worker ThreadId(23) wkmp_ai::api::sse: wkmp-ai\src\api\sse.rs:71: SSE: Broadcasting import event: ImportProgressUpdate
2026-02-05T22:50:48.868925Z DEBUG tokio-runtime-worker ThreadId(23) wkmp_ai::api::sse: wkmp-ai\src\api\sse.rs:71: SSE: Broadcasting import event: ImportProgressUpdate
2026-02-05T22:50:48.869519Z DEBUG tokio-runtime-worker ThreadId(23) wkmp_ai::api::sse: wkmp-ai\src\api\sse.rs:71: SSE: Broadcasting import event: ImportProgressUpdate
2026-02-05T22:50:48.869700Z DEBUG tokio-runtime-worker ThreadId(23) wkmp_ai::api::sse: wkmp-ai\src\api\sse.rs:71: SSE: Broadcasting import event: ImportProgressUpdate
2026-02-05T22:50:48.870293Z DEBUG tokio-runtime-worker ThreadId(23) wkmp_ai::api::sse: wkmp-ai\src\api\sse.rs:71: SSE: Broadcasting import event: ImportProgressUpdate
2026-02-05T22:50:48.870823Z DEBUG tokio-runtime-worker ThreadId(23) wkmp_ai::services::filename_matcher: wkmp-ai\src\services\filename_matcher.rs:65: Database query completed path=America/History America’s Greatest Hits/10 - Sister Golden Hair.mp3 query_us=16649
2026-02-05T22:50:48.871016Z DEBUG tokio-runtime-worker ThreadId(23) wkmp_ai::services::filename_matcher: wkmp-ai\src\services\filename_matcher.rs:81: File already processed (INGEST COMPLETE) path=America/History America’s Greatest Hits/10 - Sister Golden Hair.mp3 guid=ae489282-d5da-445f-9465-b9b2c7eb592f
2026-02-05T22:50:48.871180Z  INFO tokio-runtime-worker ThreadId(23) wkmp_ai::services::workflow_orchestrator: wkmp-ai\src\services\workflow_orchestrator\mod.rs:1756: Phase 1 completed phase="Filename Matching" duration_ms=17 path_us=1 db_ms=17 file_index=70
2026-02-05T22:50:48.871329Z  INFO tokio-runtime-worker ThreadId(23) wkmp_ai::services::workflow_orchestrator: wkmp-ai\src\services\workflow_orchestrator\mod.rs:1770: File already processed (INGEST COMPLETE/NO AUDIO/DUPLICATE HASH), skipping all remaining phases file="C:\\Users\\Mango Cat\\Music\\America/History\u{f03a} America’s Greatest Hits/10 - Sister Golden Hair.mp3" file_id=ae489282-d5da-445f-9465-b9b2c7eb592f
2026-02-05T22:50:48.871474Z DEBUG tokio-runtime-worker ThreadId(23) wkmp_ai::services::workflow_orchestrator: wkmp-ai\src\services\workflow_orchestrator\mod.rs:2928: File processing complete session_id=4b515178-85e0-43eb-8eb8-3f4fb38ec0c0 file_index=70 file=America/History America’s Greatest Hits/10 - Sister Golden Hair.mp3
2026-02-05T22:50:48.871632Z DEBUG tokio-runtime-worker ThreadId(23) wkmp_ai::services::workflow_orchestrator: wkmp-ai\src\services\workflow_orchestrator\mod.rs:1438: Acquiring all statistics Mutex locks for SSE conversion
2026-02-05T22:50:48.871742Z DEBUG tokio-runtime-worker ThreadId(23) wkmp_ai::services::workflow_orchestrator: wkmp-ai\src\services\workflow_orchestrator\mod.rs:1467: All statistics Mutex locks acquired and data cloned
2026-02-05T22:50:48.871876Z DEBUG tokio-runtime-worker ThreadId(23) wkmp_ai::services::workflow_orchestrator: wkmp-ai\src\services\workflow_orchestrator\mod.rs:1577: Releasing all statistics Mutex locks for SSE conversion
2026-02-05T22:50:48.872016Z DEBUG tokio-runtime-worker ThreadId(23) wkmp_ai::services::filename_matcher: wkmp-ai\src\services\filename_matcher.rs:65: Database query completed path=America/History America’s Greatest Hits/11 - Daisy Jane.mp3 query_us=16042
2026-02-05T22:50:48.872175Z DEBUG tokio-runtime-worker ThreadId(23) wkmp_ai::services::filename_matcher: wkmp-ai\src\services\filename_matcher.rs:81: File already processed (INGEST COMPLETE) path=America/History America’s Greatest Hits/11 - Daisy Jane.mp3 guid=4520d2da-cef5-4a90-8968-81c336705072
2026-02-05T22:50:48.872270Z  INFO tokio-runtime-worker ThreadId(23) wkmp_ai::services::workflow_orchestrator: wkmp-ai\src\services\workflow_orchestrator\mod.rs:1756: Phase 1 completed phase="Filename Matching" duration_ms=16 path_us=0 db_ms=16 file_index=71
2026-02-05T22:50:48.872388Z  INFO tokio-runtime-worker ThreadId(23) wkmp_ai::services::workflow_orchestrator: wkmp-ai\src\services\workflow_orchestrator\mod.rs:1770: File already processed (INGEST COMPLETE/NO AUDIO/DUPLICATE HASH), skipping all remaining phases file="C:\\Users\\Mango Cat\\Music\\America/History\u{f03a} America’s Greatest Hits/11 - Daisy Jane.mp3" file_id=4520d2da-cef5-4a90-8968-81c336705072
2026-02-05T22:50:48.872555Z DEBUG tokio-runtime-worker ThreadId(23) wkmp_ai::services::workflow_orchestrator: wkmp-ai\src\services\workflow_orchestrator\mod.rs:2928: File processing complete session_id=4b515178-85e0-43eb-8eb8-3f4fb38ec0c0 file_index=71 file=America/History America’s Greatest Hits/11 - Daisy Jane.mp3
2026-02-05T22:50:48.872735Z DEBUG tokio-runtime-worker ThreadId(23) wkmp_ai::services::workflow_orchestrator: wkmp-ai\src\services\workflow_orchestrator\mod.rs:1438: Acquiring all statistics Mutex locks for SSE conversion
2026-02-05T22:50:48.872835Z DEBUG tokio-runtime-worker ThreadId(23) wkmp_ai::services::workflow_orchestrator: wkmp-ai\src\services\workflow_orchestrator\mod.rs:1467: All statistics Mutex locks acquired and data cloned
2026-02-05T22:50:48.872995Z DEBUG tokio-runtime-worker ThreadId(23) wkmp_ai::services::workflow_orchestrator: wkmp-ai\src\services\workflow_orchestrator\mod.rs:1577: Releasing all statistics Mutex locks for SSE conversion
2026-02-05T22:50:48.873116Z DEBUG tokio-runtime-worker ThreadId(23) wkmp_ai::services::filename_matcher: wkmp-ai\src\services\filename_matcher.rs:65: Database query completed path=America/History America’s Greatest Hits/12 - Woman Tonight.mp3 query_us=16733
2026-02-05T22:50:48.873210Z DEBUG tokio-runtime-worker ThreadId(23) wkmp_ai::services::filename_matcher: wkmp-ai\src\services\filename_matcher.rs:81: File already processed (INGEST COMPLETE) path=America/History America’s Greatest Hits/12 - Woman Tonight.mp3 guid=6bd963c9-5049-4d1a-84ef-5b625d49aaf0
2026-02-05T22:50:48.873365Z  INFO tokio-runtime-worker ThreadId(23) wkmp_ai::services::workflow_orchestrator: wkmp-ai\src\services\workflow_orchestrator\mod.rs:1756: Phase 1 completed phase="Filename Matching" duration_ms=17 path_us=0 db_ms=17 file_index=72
2026-02-05T22:50:48.873514Z  INFO tokio-runtime-worker ThreadId(23) wkmp_ai::services::workflow_orchestrator: wkmp-ai\src\services\workflow_orchestrator\mod.rs:1770: File already processed (INGEST COMPLETE/NO AUDIO/DUPLICATE HASH), skipping all remaining phases file="C:\\Users\\Mango Cat\\Music\\America/History\u{f03a} America’s Greatest Hits/12 - Woman Tonight.mp3" file_id=6bd963c9-5049-4d1a-84ef-5b625d49aaf0
2026-02-05T22:50:48.873685Z DEBUG tokio-runtime-worker ThreadId(23) wkmp_ai::services::workflow_orchestrator: wkmp-ai\src\services\workflow_orchestrator\mod.rs:2928: File processing complete session_id=4b515178-85e0-43eb-8eb8-3f4fb38ec0c0 file_index=72 file=America/History America’s Greatest Hits/12 - Woman Tonight.mp3
2026-02-05T22:50:48.873930Z DEBUG tokio-runtime-worker ThreadId(23) wkmp_ai::services::workflow_orchestrator: wkmp-ai\src\services\workflow_orchestrator\mod.rs:1438: Acquiring all statistics Mutex locks for SSE conversion
2026-02-05T22:50:48.874050Z DEBUG tokio-runtime-worker ThreadId(23) wkmp_ai::services::workflow_orchestrator: wkmp-ai\src\services\workflow_orchestrator\mod.rs:1467: All statistics Mutex locks acquired and data cloned
2026-02-05T22:50:48.874242Z DEBUG tokio-runtime-worker ThreadId(23) wkmp_ai::services::workflow_orchestrator: wkmp-ai\src\services\workflow_orchestrator\mod.rs:1577: Releasing all statistics Mutex locks for SSE conversion
2026-02-05T22:50:48.874444Z DEBUG tokio-runtime-worker ThreadId(23) wkmp_ai::services::workflow_orchestrator: wkmp-ai\src\services\workflow_orchestrator\mod.rs:3110: Starting per-file pipeline file_index=73 file_id=5b5c2a77-239b-4522-9d40-935be44993b4 file=Amos, Tori/From_The_Choirgirl_Hotel/01-Spark.mp3
2026-02-05T22:50:48.874624Z  INFO tokio-runtime-worker ThreadId(23) wkmp_ai::services::workflow_orchestrator: wkmp-ai\src\services\workflow_orchestrator\mod.rs:1733: Starting PLAN024 10-phase per-file pipeline (late audio decode) file="C:\\Users\\Mango Cat\\Music\\Amos, Tori/From_The_Choirgirl_Hotel/01-Spark.mp3"
2026-02-05T22:50:48.874763Z DEBUG tokio-runtime-worker ThreadId(23) wkmp_ai::services::workflow_orchestrator: wkmp-ai\src\services\workflow_orchestrator\mod.rs:1742: Phase 1: Filename Matching - START file="C:\\Users\\Mango Cat\\Music\\Amos, Tori/From_The_Choirgirl_Hotel/01-Spark.mp3"
2026-02-05T22:50:48.874924Z DEBUG tokio-runtime-worker ThreadId(23) wkmp_ai::services::filename_matcher: wkmp-ai\src\services\filename_matcher.rs:54: Checking if file exists in database path=Amos, Tori/From_The_Choirgirl_Hotel/01-Spark.mp3 norm_us=9
2026-02-05T22:50:48.875114Z DEBUG tokio-runtime-worker ThreadId(23) wkmp_ai::services::workflow_orchestrator: wkmp-ai\src\services\workflow_orchestrator\mod.rs:3110: Starting per-file pipeline file_index=74 file_id=c81e24a0-add6-4629-a083-107f4d58eb74 file=Amos, Tori/From_The_Choirgirl_Hotel/02-Cruel.mp3
2026-02-05T22:50:48.875263Z  INFO tokio-runtime-worker ThreadId(23) wkmp_ai::services::workflow_orchestrator: wkmp-ai\src\services\workflow_orchestrator\mod.rs:1733: Starting PLAN024 10-phase per-file pipeline (late audio decode) file="C:\\Users\\Mango Cat\\Music\\Amos, Tori/From_The_Choirgirl_Hotel/02-Cruel.mp3"
2026-02-05T22:50:48.875441Z DEBUG tokio-runtime-worker ThreadId(23) wkmp_ai::services::workflow_orchestrator: wkmp-ai\src\services\workflow_orchestrator\mod.rs:1742: Phase 1: Filename Matching - START file="C:\\Users\\Mango Cat\\Music\\Amos, Tori/From_The_Choirgirl_Hotel/02-Cruel.mp3"
2026-02-05T22:50:48.875584Z DEBUG tokio-runtime-worker ThreadId(23) wkmp_ai::services::filename_matcher: wkmp-ai\src\services\filename_matcher.rs:54: Checking if file exists in database path=Amos, Tori/From_The_Choirgirl_Hotel/02-Cruel.mp3 norm_us=4
2026-02-05T22:50:48.875736Z DEBUG tokio-runtime-worker ThreadId(23) wkmp_ai::services::workflow_orchestrator: wkmp-ai\src\services\workflow_orchestrator\mod.rs:3110: Starting per-file pipeline file_index=75 file_id=b88fa0fd-55c0-4293-b26b-746c91fd7165 file=Amos, Tori/From_The_Choirgirl_Hotel/03-Black-Dove_(January).mp3
2026-02-05T22:50:48.875850Z  INFO tokio-runtime-worker ThreadId(23) wkmp_ai::services::workflow_orchestrator: wkmp-ai\src\services\workflow_orchestrator\mod.rs:1733: Starting PLAN024 10-phase per-file pipeline (late audio decode) file="C:\\Users\\Mango Cat\\Music\\Amos, Tori/From_The_Choirgirl_Hotel/03-Black-Dove_(January).mp3"
2026-02-05T22:50:48.875951Z DEBUG tokio-runtime-worker ThreadId(23) wkmp_ai::services::workflow_orchestrator: wkmp-ai\src\services\workflow_orchestrator\mod.rs:1742: Phase 1: Filename Matching - START file="C:\\Users\\Mango Cat\\Music\\Amos, Tori/From_The_Choirgirl_Hotel/03-Black-Dove_(January).mp3"
2026-02-05T22:50:48.876057Z DEBUG tokio-runtime-worker ThreadId(23) wkmp_ai::services::filename_matcher: wkmp-ai\src\services\filename_matcher.rs:54: Checking if file exists in database path=Amos, Tori/From_The_Choirgirl_Hotel/03-Black-Dove_(January).mp3 norm_us=3
2026-02-05T22:50:48.876399Z DEBUG tokio-runtime-worker ThreadId(23) wkmp_ai::api::sse: wkmp-ai\src\api\sse.rs:71: SSE: Broadcasting import event: ImportProgressUpdate
2026-02-05T22:50:48.877652Z DEBUG tokio-runtime-worker ThreadId(23) wkmp_ai::api::sse: wkmp-ai\src\api\sse.rs:71: SSE: Broadcasting import event: ImportProgressUpdate
2026-02-05T22:50:48.877891Z DEBUG tokio-runtime-worker ThreadId(23) wkmp_ai::api::sse: wkmp-ai\src\api\sse.rs:71: SSE: Broadcasting import event: ImportProgressUpdate
2026-02-05T22:50:48.878590Z DEBUG tokio-runtime-worker ThreadId(23) wkmp_ai::api::sse: wkmp-ai\src\api\sse.rs:71: SSE: Broadcasting import event: ImportProgressUpdate
2026-02-05T22:50:48.878835Z DEBUG tokio-runtime-worker ThreadId(23) wkmp_ai::api::sse: wkmp-ai\src\api\sse.rs:71: SSE: Broadcasting import event: ImportProgressUpdate
2026-02-05T22:50:48.879482Z DEBUG tokio-runtime-worker ThreadId(23) wkmp_ai::api::sse: wkmp-ai\src\api\sse.rs:71: SSE: Broadcasting import event: ImportProgressUpdate
2026-02-05T22:50:48.879803Z DEBUG tokio-runtime-worker ThreadId(23) wkmp_ai::api::sse: wkmp-ai\src\api\sse.rs:71: SSE: Broadcasting import event: ImportProgressUpdate
2026-02-05T22:50:48.880443Z DEBUG tokio-runtime-worker ThreadId(23) wkmp_ai::api::sse: wkmp-ai\src\api\sse.rs:71: SSE: Broadcasting import event: ImportProgressUpdate
2026-02-05T22:50:48.880657Z DEBUG tokio-runtime-worker ThreadId(23) wkmp_ai::api::sse: wkmp-ai\src\api\sse.rs:71: SSE: Broadcasting import event: ImportProgressUpdate
2026-02-05T22:50:48.881290Z DEBUG tokio-runtime-worker ThreadId(23) wkmp_ai::api::sse: wkmp-ai\src\api\sse.rs:71: SSE: Broadcasting import event: ImportProgressUpdate
2026-02-05T22:50:48.881475Z DEBUG tokio-runtime-worker ThreadId(23) wkmp_ai::api::sse: wkmp-ai\src\api\sse.rs:71: SSE: Broadcasting import event: ImportProgressUpdate
2026-02-05T22:50:48.882089Z DEBUG tokio-runtime-worker ThreadId(23) wkmp_ai::api::sse: wkmp-ai\src\api\sse.rs:71: SSE: Broadcasting import event: ImportProgressUpdate
2026-02-05T22:50:48.882365Z DEBUG tokio-runtime-worker ThreadId(23) wkmp_ai::services::filename_matcher: wkmp-ai\src\services\filename_matcher.rs:65: Database query completed path=Amos, Tori/From_The_Choirgirl_Hotel/03-Black-Dove_(January).mp3 query_us=6187
2026-02-05T22:50:48.882518Z DEBUG tokio-runtime-worker ThreadId(23) wkmp_ai::services::filename_matcher: wkmp-ai\src\services\filename_matcher.rs:81: File already processed (INGEST COMPLETE) path=Amos, Tori/From_The_Choirgirl_Hotel/03-Black-Dove_(January).mp3 guid=b88fa0fd-55c0-4293-b26b-746c91fd7165
2026-02-05T22:50:48.882670Z  INFO tokio-runtime-worker ThreadId(23) wkmp_ai::services::workflow_orchestrator: wkmp-ai\src\services\workflow_orchestrator\mod.rs:1756: Phase 1 completed phase="Filename Matching" duration_ms=6 path_us=0 db_ms=6 file_index=75
2026-02-05T22:50:48.882790Z  INFO tokio-runtime-worker ThreadId(23) wkmp_ai::services::workflow_orchestrator: wkmp-ai\src\services\workflow_orchestrator\mod.rs:1770: File already processed (INGEST COMPLETE/NO AUDIO/DUPLICATE HASH), skipping all remaining phases file="C:\\Users\\Mango Cat\\Music\\Amos, Tori/From_The_Choirgirl_Hotel/03-Black-Dove_(January).mp3" file_id=b88fa0fd-55c0-4293-b26b-746c91fd7165
2026-02-05T22:50:48.882937Z DEBUG tokio-runtime-worker ThreadId(23) wkmp_ai::services::workflow_orchestrator: wkmp-ai\src\services\workflow_orchestrator\mod.rs:2928: File processing complete session_id=4b515178-85e0-43eb-8eb8-3f4fb38ec0c0 file_index=75 file=Amos, Tori/From_The_Choirgirl_Hotel/03-Black-Dove_(January).mp3
2026-02-05T22:50:48.883052Z DEBUG tokio-runtime-worker ThreadId(23) wkmp_ai::services::workflow_orchestrator: wkmp-ai\src\services\workflow_orchestrator\mod.rs:1438: Acquiring all statistics Mutex locks for SSE conversion
2026-02-05T22:50:48.883132Z DEBUG tokio-runtime-worker ThreadId(23) wkmp_ai::services::workflow_orchestrator: wkmp-ai\src\services\workflow_orchestrator\mod.rs:1467: All statistics Mutex locks acquired and data cloned
2026-02-05T22:50:48.883309Z DEBUG tokio-runtime-worker ThreadId(23) wkmp_ai::services::workflow_orchestrator: wkmp-ai\src\services\workflow_orchestrator\mod.rs:1577: Releasing all statistics Mutex locks for SSE conversion
2026-02-05T22:50:48.883432Z DEBUG tokio-runtime-worker ThreadId(23) wkmp_ai::services::filename_matcher: wkmp-ai\src\services\filename_matcher.rs:65: Database query completed path=Amos, Tori/From_The_Choirgirl_Hotel/01-Spark.mp3 query_us=8366
2026-02-05T22:50:48.883540Z DEBUG tokio-runtime-worker ThreadId(23) wkmp_ai::services::filename_matcher: wkmp-ai\src\services\filename_matcher.rs:81: File already processed (INGEST COMPLETE) path=Amos, Tori/From_The_Choirgirl_Hotel/01-Spark.mp3 guid=5b5c2a77-239b-4522-9d40-935be44993b4
2026-02-05T22:50:48.883699Z  INFO tokio-runtime-worker ThreadId(23) wkmp_ai::services::workflow_orchestrator: wkmp-ai\src\services\workflow_orchestrator\mod.rs:1756: Phase 1 completed phase="Filename Matching" duration_ms=8 path_us=1 db_ms=8 file_index=73
2026-02-05T22:50:48.883852Z  INFO tokio-runtime-worker ThreadId(23) wkmp_ai::services::workflow_orchestrator: wkmp-ai\src\services\workflow_orchestrator\mod.rs:1770: File already processed (INGEST COMPLETE/NO AUDIO/DUPLICATE HASH), skipping all remaining phases file="C:\\Users\\Mango Cat\\Music\\Amos, Tori/From_The_Choirgirl_Hotel/01-Spark.mp3" file_id=5b5c2a77-239b-4522-9d40-935be44993b4
2026-02-05T22:50:48.883996Z DEBUG tokio-runtime-worker ThreadId(23) wkmp_ai::services::workflow_orchestrator: wkmp-ai\src\services\workflow_orchestrator\mod.rs:2928: File processing complete session_id=4b515178-85e0-43eb-8eb8-3f4fb38ec0c0 file_index=73 file=Amos, Tori/From_The_Choirgirl_Hotel/01-Spark.mp3
2026-02-05T22:50:48.884138Z DEBUG tokio-runtime-worker ThreadId(23) wkmp_ai::services::workflow_orchestrator: wkmp-ai\src\services\workflow_orchestrator\mod.rs:1438: Acquiring all statistics Mutex locks for SSE conversion
2026-02-05T22:50:48.884250Z DEBUG tokio-runtime-worker ThreadId(23) wkmp_ai::services::workflow_orchestrator: wkmp-ai\src\services\workflow_orchestrator\mod.rs:1467: All statistics Mutex locks acquired and data cloned
2026-02-05T22:50:48.884401Z DEBUG tokio-runtime-worker ThreadId(23) wkmp_ai::services::workflow_orchestrator: wkmp-ai\src\services\workflow_orchestrator\mod.rs:1577: Releasing all statistics Mutex locks for SSE conversion
2026-02-05T22:50:48.884547Z DEBUG tokio-runtime-worker ThreadId(23) wkmp_ai::services::filename_matcher: wkmp-ai\src\services\filename_matcher.rs:65: Database query completed path=Amos, Tori/From_The_Choirgirl_Hotel/02-Cruel.mp3 query_us=8851
2026-02-05T22:50:48.884698Z DEBUG tokio-runtime-worker ThreadId(23) wkmp_ai::services::filename_matcher: wkmp-ai\src\services\filename_matcher.rs:81: File already processed (INGEST COMPLETE) path=Amos, Tori/From_The_Choirgirl_Hotel/02-Cruel.mp3 guid=c81e24a0-add6-4629-a083-107f4d58eb74
2026-02-05T22:50:48.884835Z  INFO tokio-runtime-worker ThreadId(23) wkmp_ai::services::workflow_orchestrator: wkmp-ai\src\services\workflow_orchestrator\mod.rs:1756: Phase 1 completed phase="Filename Matching" duration_ms=9 path_us=1 db_ms=9 file_index=74
2026-02-05T22:50:48.884977Z  INFO tokio-runtime-worker ThreadId(23) wkmp_ai::services::workflow_orchestrator: wkmp-ai\src\services\workflow_orchestrator\mod.rs:1770: File already processed (INGEST COMPLETE/NO AUDIO/DUPLICATE HASH), skipping all remaining phases file="C:\\Users\\Mango Cat\\Music\\Amos, Tori/From_The_Choirgirl_Hotel/02-Cruel.mp3" file_id=c81e24a0-add6-4629-a083-107f4d58eb74
2026-02-05T22:50:48.885119Z DEBUG tokio-runtime-worker ThreadId(23) wkmp_ai::services::workflow_orchestrator: wkmp-ai\src\services\workflow_orchestrator\mod.rs:2928: File processing complete session_id=4b515178-85e0-43eb-8eb8-3f4fb38ec0c0 file_index=74 file=Amos, Tori/From_The_Choirgirl_Hotel/02-Cruel.mp3
2026-02-05T22:50:48.885258Z DEBUG tokio-runtime-worker ThreadId(23) wkmp_ai::services::workflow_orchestrator: wkmp-ai\src\services\workflow_orchestrator\mod.rs:1438: Acquiring all statistics Mutex locks for SSE conversion
2026-02-05T22:50:48.885368Z DEBUG tokio-runtime-worker ThreadId(23) wkmp_ai::services::workflow_orchestrator: wkmp-ai\src\services\workflow_orchestrator\mod.rs:1467: All statistics Mutex locks acquired and data cloned
2026-02-05T22:50:48.885510Z DEBUG tokio-runtime-worker ThreadId(23) wkmp_ai::services::workflow_orchestrator: wkmp-ai\src\services\workflow_orchestrator\mod.rs:1577: Releasing all statistics Mutex locks for SSE conversion
2026-02-05T22:50:48.885633Z DEBUG tokio-runtime-worker ThreadId(23) wkmp_ai::services::workflow_orchestrator: wkmp-ai\src\services\workflow_orchestrator\mod.rs:3110: Starting per-file pipeline file_index=76 file_id=e58a8f01-a44f-4af2-8c43-603bcde91088 file=Amos, Tori/From_The_Choirgirl_Hotel/04-Raspberry_Swirl.mp3
2026-02-05T22:50:48.885772Z  INFO tokio-runtime-worker ThreadId(23) wkmp_ai::services::workflow_orchestrator: wkmp-ai\src\services\workflow_orchestrator\mod.rs:1733: Starting PLAN024 10-phase per-file pipeline (late audio decode) file="C:\\Users\\Mango Cat\\Music\\Amos, Tori/From_The_Choirgirl_Hotel/04-Raspberry_Swirl.mp3"
2026-02-05T22:50:48.885910Z DEBUG tokio-runtime-worker ThreadId(23) wkmp_ai::services::workflow_orchestrator: wkmp-ai\src\services\workflow_orchestrator\mod.rs:1742: Phase 1: Filename Matching - START file="C:\\Users\\Mango Cat\\Music\\Amos, Tori/From_The_Choirgirl_Hotel/04-Raspberry_Swirl.mp3"
2026-02-05T22:50:48.886043Z DEBUG tokio-runtime-worker ThreadId(23) wkmp_ai::services::filename_matcher: wkmp-ai\src\services\filename_matcher.rs:54: Checking if file exists in database path=Amos, Tori/From_The_Choirgirl_Hotel/04-Raspberry_Swirl.mp3 norm_us=4
2026-02-05T22:50:48.886203Z DEBUG tokio-runtime-worker ThreadId(23) wkmp_ai::services::workflow_orchestrator: wkmp-ai\src\services\workflow_orchestrator\mod.rs:3110: Starting per-file pipeline file_index=77 file_id=885822cf-86ae-466d-866a-963870cbd64d file=Amos, Tori/From_The_Choirgirl_Hotel/05-Jackie's_Strength.mp3
2026-02-05T22:50:48.886321Z  INFO tokio-runtime-worker ThreadId(23) wkmp_ai::services::workflow_orchestrator: wkmp-ai\src\services\workflow_orchestrator\mod.rs:1733: Starting PLAN024 10-phase per-file pipeline (late audio decode) file="C:\\Users\\Mango Cat\\Music\\Amos, Tori/From_The_Choirgirl_Hotel/05-Jackie\'s_Strength.mp3"
2026-02-05T22:50:48.886459Z DEBUG tokio-runtime-worker ThreadId(23) wkmp_ai::services::workflow_orchestrator: wkmp-ai\src\services\workflow_orchestrator\mod.rs:1742: Phase 1: Filename Matching - START file="C:\\Users\\Mango Cat\\Music\\Amos, Tori/From_The_Choirgirl_Hotel/05-Jackie\'s_Strength.mp3"
2026-02-05T22:50:48.886590Z DEBUG tokio-runtime-worker ThreadId(23) wkmp_ai::services::filename_matcher: wkmp-ai\src\services\filename_matcher.rs:54: Checking if file exists in database path=Amos, Tori/From_The_Choirgirl_Hotel/05-Jackie's_Strength.mp3 norm_us=2
2026-02-05T22:50:48.886738Z DEBUG tokio-runtime-worker ThreadId(23) wkmp_ai::services::workflow_orchestrator: wkmp-ai\src\services\workflow_orchestrator\mod.rs:3110: Starting per-file pipeline file_index=78 file_id=a39073cc-f7b2-4eb4-b99a-2ab6c8d6ca25 file=Amos, Tori/From_The_Choirgirl_Hotel/06-i_i_e_e_e.mp3
2026-02-05T22:50:48.886853Z  INFO tokio-runtime-worker ThreadId(23) wkmp_ai::services::workflow_orchestrator: wkmp-ai\src\services\workflow_orchestrator\mod.rs:1733: Starting PLAN024 10-phase per-file pipeline (late audio decode) file="C:\\Users\\Mango Cat\\Music\\Amos, Tori/From_The_Choirgirl_Hotel/06-i_i_e_e_e.mp3"
2026-02-05T22:50:48.886989Z DEBUG tokio-runtime-worker ThreadId(23) wkmp_ai::services::workflow_orchestrator: wkmp-ai\src\services\workflow_orchestrator\mod.rs:1742: Phase 1: Filename Matching - START file="C:\\Users\\Mango Cat\\Music\\Amos, Tori/From_The_Choirgirl_Hotel/06-i_i_e_e_e.mp3"
2026-02-05T22:50:48.887119Z DEBUG tokio-runtime-worker ThreadId(23) wkmp_ai::services::filename_matcher: wkmp-ai\src\services\filename_matcher.rs:54: Checking if file exists in database path=Amos, Tori/From_The_Choirgirl_Hotel/06-i_i_e_e_e.mp3 norm_us=2
2026-02-05T22:50:48.887389Z DEBUG tokio-runtime-worker ThreadId(23) wkmp_ai::api::sse: wkmp-ai\src\api\sse.rs:71: SSE: Broadcasting import event: ImportProgressUpdate
2026-02-05T22:50:48.888640Z DEBUG tokio-runtime-worker ThreadId(23) wkmp_ai::api::sse: wkmp-ai\src\api\sse.rs:71: SSE: Broadcasting import event: ImportProgressUpdate
2026-02-05T22:50:48.888865Z DEBUG tokio-runtime-worker ThreadId(23) wkmp_ai::api::sse: wkmp-ai\src\api\sse.rs:71: SSE: Broadcasting import event: ImportProgressUpdate
2026-02-05T22:50:48.889531Z DEBUG tokio-runtime-worker ThreadId(23) wkmp_ai::api::sse: wkmp-ai\src\api\sse.rs:71: SSE: Broadcasting import event: ImportProgressUpdate
2026-02-05T22:50:48.889735Z DEBUG tokio-runtime-worker ThreadId(23) wkmp_ai::api::sse: wkmp-ai\src\api\sse.rs:71: SSE: Broadcasting import event: ImportProgressUpdate
2026-02-05T22:50:48.890392Z DEBUG tokio-runtime-worker ThreadId(23) wkmp_ai::api::sse: wkmp-ai\src\api\sse.rs:71: SSE: Broadcasting import event: ImportProgressUpdate
2026-02-05T22:50:48.890720Z DEBUG tokio-runtime-worker ThreadId(23) wkmp_ai::api::sse: wkmp-ai\src\api\sse.rs:71: SSE: Broadcasting import event: ImportProgressUpdate
2026-02-05T22:50:48.891539Z DEBUG tokio-runtime-worker ThreadId(23) wkmp_ai::api::sse: wkmp-ai\src\api\sse.rs:71: SSE: Broadcasting import event: ImportProgressUpdate
2026-02-05T22:50:48.891822Z DEBUG tokio-runtime-worker ThreadId(23) wkmp_ai::api::sse: wkmp-ai\src\api\sse.rs:71: SSE: Broadcasting import event: ImportProgressUpdate
2026-02-05T22:50:48.892625Z DEBUG tokio-runtime-worker ThreadId(23) wkmp_ai::api::sse: wkmp-ai\src\api\sse.rs:71: SSE: Broadcasting import event: ImportProgressUpdate
2026-02-05T22:50:48.892862Z DEBUG tokio-runtime-worker ThreadId(23) wkmp_ai::api::sse: wkmp-ai\src\api\sse.rs:71: SSE: Broadcasting import event: ImportProgressUpdate
2026-02-05T22:50:48.893529Z DEBUG tokio-runtime-worker ThreadId(23) wkmp_ai::api::sse: wkmp-ai\src\api\sse.rs:71: SSE: Broadcasting import event: ImportProgressUpdate
2026-02-05T22:50:48.893826Z DEBUG tokio-runtime-worker ThreadId(23) wkmp_ai::services::filename_matcher: wkmp-ai\src\services\filename_matcher.rs:65: Database query completed path=Amos, Tori/From_The_Choirgirl_Hotel/04-Raspberry_Swirl.mp3 query_us=7651
2026-02-05T22:50:48.893933Z DEBUG tokio-runtime-worker ThreadId(23) wkmp_ai::services::filename_matcher: wkmp-ai\src\services\filename_matcher.rs:81: File already processed (INGEST COMPLETE) path=Amos, Tori/From_The_Choirgirl_Hotel/04-Raspberry_Swirl.mp3 guid=e58a8f01-a44f-4af2-8c43-603bcde91088
2026-02-05T22:50:48.894030Z  INFO tokio-runtime-worker ThreadId(23) wkmp_ai::services::workflow_orchestrator: wkmp-ai\src\services\workflow_orchestrator\mod.rs:1756: Phase 1 completed phase="Filename Matching" duration_ms=8 path_us=0 db_ms=7 file_index=76
2026-02-05T22:50:48.894129Z  INFO tokio-runtime-worker ThreadId(23) wkmp_ai::services::workflow_orchestrator: wkmp-ai\src\services\workflow_orchestrator\mod.rs:1770: File already processed (INGEST COMPLETE/NO AUDIO/DUPLICATE HASH), skipping all remaining phases file="C:\\Users\\Mango Cat\\Music\\Amos, Tori/From_The_Choirgirl_Hotel/04-Raspberry_Swirl.mp3" file_id=e58a8f01-a44f-4af2-8c43-603bcde91088
2026-02-05T22:50:48.894237Z DEBUG tokio-runtime-worker ThreadId(23) wkmp_ai::services::workflow_orchestrator: wkmp-ai\src\services\workflow_orchestrator\mod.rs:2928: File processing complete session_id=4b515178-85e0-43eb-8eb8-3f4fb38ec0c0 file_index=76 file=Amos, Tori/From_The_Choirgirl_Hotel/04-Raspberry_Swirl.mp3
2026-02-05T22:50:48.894359Z DEBUG tokio-runtime-worker ThreadId(23) wkmp_ai::services::workflow_orchestrator: wkmp-ai\src\services\workflow_orchestrator\mod.rs:1438: Acquiring all statistics Mutex locks for SSE conversion
2026-02-05T22:50:48.894446Z DEBUG tokio-runtime-worker ThreadId(23) wkmp_ai::services::workflow_orchestrator: wkmp-ai\src\services\workflow_orchestrator\mod.rs:1467: All statistics Mutex locks acquired and data cloned
2026-02-05T22:50:48.894593Z DEBUG tokio-runtime-worker ThreadId(23) wkmp_ai::services::workflow_orchestrator: wkmp-ai\src\services\workflow_orchestrator\mod.rs:1577: Releasing all statistics Mutex locks for SSE conversion
2026-02-05T22:50:48.894713Z DEBUG tokio-runtime-worker ThreadId(23) wkmp_ai::services::filename_matcher: wkmp-ai\src\services\filename_matcher.rs:65: Database query completed path=Amos, Tori/From_The_Choirgirl_Hotel/06-i_i_e_e_e.mp3 query_us=7463
2026-02-05T22:50:48.894807Z DEBUG tokio-runtime-worker ThreadId(23) wkmp_ai::services::filename_matcher: wkmp-ai\src\services\filename_matcher.rs:81: File already processed (INGEST COMPLETE) path=Amos, Tori/From_The_Choirgirl_Hotel/06-i_i_e_e_e.mp3 guid=a39073cc-f7b2-4eb4-b99a-2ab6c8d6ca25
2026-02-05T22:50:48.894897Z  INFO tokio-runtime-worker ThreadId(23) wkmp_ai::services::workflow_orchestrator: wkmp-ai\src\services\workflow_orchestrator\mod.rs:1756: Phase 1 completed phase="Filename Matching" duration_ms=7 path_us=0 db_ms=7 file_index=78
2026-02-05T22:50:48.894995Z  INFO tokio-runtime-worker ThreadId(23) wkmp_ai::services::workflow_orchestrator: wkmp-ai\src\services\workflow_orchestrator\mod.rs:1770: File already processed (INGEST COMPLETE/NO AUDIO/DUPLICATE HASH), skipping all remaining phases file="C:\\Users\\Mango Cat\\Music\\Amos, Tori/From_The_Choirgirl_Hotel/06-i_i_e_e_e.mp3" file_id=a39073cc-f7b2-4eb4-b99a-2ab6c8d6ca25
2026-02-05T22:50:48.895095Z DEBUG tokio-runtime-worker ThreadId(23) wkmp_ai::services::workflow_orchestrator: wkmp-ai\src\services\workflow_orchestrator\mod.rs:2928: File processing complete session_id=4b515178-85e0-43eb-8eb8-3f4fb38ec0c0 file_index=78 file=Amos, Tori/From_The_Choirgirl_Hotel/06-i_i_e_e_e.mp3
2026-02-05T22:50:48.895193Z DEBUG tokio-runtime-worker ThreadId(23) wkmp_ai::services::workflow_orchestrator: wkmp-ai\src\services\workflow_orchestrator\mod.rs:1438: Acquiring all statistics Mutex locks for SSE conversion
2026-02-05T22:50:48.895271Z DEBUG tokio-runtime-worker ThreadId(23) wkmp_ai::services::workflow_orchestrator: wkmp-ai\src\services\workflow_orchestrator\mod.rs:1467: All statistics Mutex locks acquired and data cloned
2026-02-05T22:50:48.895382Z DEBUG tokio-runtime-worker ThreadId(23) wkmp_ai::services::workflow_orchestrator: wkmp-ai\src\services\workflow_orchestrator\mod.rs:1577: Releasing all statistics Mutex locks for SSE conversion
2026-02-05T22:50:48.895480Z DEBUG tokio-runtime-worker ThreadId(23) wkmp_ai::services::filename_matcher: wkmp-ai\src\services\filename_matcher.rs:65: Database query completed path=Amos, Tori/From_The_Choirgirl_Hotel/05-Jackie's_Strength.mp3 query_us=8760
2026-02-05T22:50:48.895567Z DEBUG tokio-runtime-worker ThreadId(23) wkmp_ai::services::filename_matcher: wkmp-ai\src\services\filename_matcher.rs:81: File already processed (INGEST COMPLETE) path=Amos, Tori/From_The_Choirgirl_Hotel/05-Jackie's_Strength.mp3 guid=885822cf-86ae-466d-866a-963870cbd64d
2026-02-05T22:50:48.895656Z  INFO tokio-runtime-worker ThreadId(23) wkmp_ai::services::workflow_orchestrator: wkmp-ai\src\services\workflow_orchestrator\mod.rs:1756: Phase 1 completed phase="Filename Matching" duration_ms=9 path_us=0 db_ms=9 file_index=77
2026-02-05T22:50:48.895751Z  INFO tokio-runtime-worker ThreadId(23) wkmp_ai::services::workflow_orchestrator: wkmp-ai\src\services\workflow_orchestrator\mod.rs:1770: File already processed (INGEST COMPLETE/NO AUDIO/DUPLICATE HASH), skipping all remaining phases file="C:\\Users\\Mango Cat\\Music\\Amos, Tori/From_The_Choirgirl_Hotel/05-Jackie\'s_Strength.mp3" file_id=885822cf-86ae-466d-866a-963870cbd64d
2026-02-05T22:50:48.895848Z DEBUG tokio-runtime-worker ThreadId(23) wkmp_ai::services::workflow_orchestrator: wkmp-ai\src\services\workflow_orchestrator\mod.rs:2928: File processing complete session_id=4b515178-85e0-43eb-8eb8-3f4fb38ec0c0 file_index=77 file=Amos, Tori/From_The_Choirgirl_Hotel/05-Jackie's_Strength.mp3
2026-02-05T22:50:48.900904Z DEBUG tokio-runtime-worker ThreadId(23) wkmp_ai::services::workflow_orchestrator: wkmp-ai\src\services\workflow_orchestrator\mod.rs:1438: Acquiring all statistics Mutex locks for SSE conversion
2026-02-05T22:50:48.901051Z DEBUG tokio-runtime-worker ThreadId(23) wkmp_ai::services::workflow_orchestrator: wkmp-ai\src\services\workflow_orchestrator\mod.rs:1467: All statistics Mutex locks acquired and data cloned
2026-02-05T22:50:48.901321Z DEBUG tokio-runtime-worker ThreadId(23) wkmp_ai::services::workflow_orchestrator: wkmp-ai\src\services\workflow_orchestrator\mod.rs:1577: Releasing all statistics Mutex locks for SSE conversion
2026-02-05T22:50:48.901539Z DEBUG tokio-runtime-worker ThreadId(23) wkmp_ai::services::workflow_orchestrator: wkmp-ai\src\services\workflow_orchestrator\mod.rs:3110: Starting per-file pipeline file_index=79 file_id=5526e950-e8a3-4f62-b1ef-c8a8ab750c90 file=Amos, Tori/From_The_Choirgirl_Hotel/07-Liquid_Diamonds.mp3
2026-02-05T22:50:48.901656Z  INFO tokio-runtime-worker ThreadId(23) wkmp_ai::services::workflow_orchestrator: wkmp-ai\src\services\workflow_orchestrator\mod.rs:1733: Starting PLAN024 10-phase per-file pipeline (late audio decode) file="C:\\Users\\Mango Cat\\Music\\Amos, Tori/From_The_Choirgirl_Hotel/07-Liquid_Diamonds.mp3"
2026-02-05T22:50:48.901757Z DEBUG tokio-runtime-worker ThreadId(23) wkmp_ai::services::workflow_orchestrator: wkmp-ai\src\services\workflow_orchestrator\mod.rs:1742: Phase 1: Filename Matching - START file="C:\\Users\\Mango Cat\\Music\\Amos, Tori/From_The_Choirgirl_Hotel/07-Liquid_Diamonds.mp3"
2026-02-05T22:50:48.901852Z DEBUG tokio-runtime-worker ThreadId(23) wkmp_ai::services::filename_matcher: wkmp-ai\src\services\filename_matcher.rs:54: Checking if file exists in database path=Amos, Tori/From_The_Choirgirl_Hotel/07-Liquid_Diamonds.mp3 norm_us=7
2026-02-05T22:50:48.901979Z DEBUG tokio-runtime-worker ThreadId(23) wkmp_ai::services::workflow_orchestrator: wkmp-ai\src\services\workflow_orchestrator\mod.rs:3110: Starting per-file pipeline file_index=80 file_id=347c17a1-715b-41ca-971d-1056dcc5c750 file=Amos, Tori/From_The_Choirgirl_Hotel/08-She's_Your_Cocaine.mp3
2026-02-05T22:50:48.902149Z  INFO tokio-runtime-worker ThreadId(23) wkmp_ai::services::workflow_orchestrator: wkmp-ai\src\services\workflow_orchestrator\mod.rs:1733: Starting PLAN024 10-phase per-file pipeline (late audio decode) file="C:\\Users\\Mango Cat\\Music\\Amos, Tori/From_The_Choirgirl_Hotel/08-She\'s_Your_Cocaine.mp3"
2026-02-05T22:50:48.902244Z DEBUG tokio-runtime-worker ThreadId(23) wkmp_ai::services::workflow_orchestrator: wkmp-ai\src\services\workflow_orchestrator\mod.rs:1742: Phase 1: Filename Matching - START file="C:\\Users\\Mango Cat\\Music\\Amos, Tori/From_The_Choirgirl_Hotel/08-She\'s_Your_Cocaine.mp3"
2026-02-05T22:50:48.902351Z DEBUG tokio-runtime-worker ThreadId(23) wkmp_ai::services::filename_matcher: wkmp-ai\src\services\filename_matcher.rs:54: Checking if file exists in database path=Amos, Tori/From_The_Choirgirl_Hotel/08-She's_Your_Cocaine.mp3 norm_us=2
2026-02-05T22:50:48.902475Z DEBUG tokio-runtime-worker ThreadId(23) wkmp_ai::services::workflow_orchestrator: wkmp-ai\src\services\workflow_orchestrator\mod.rs:3110: Starting per-file pipeline file_index=81 file_id=4ab8b50d-5645-4c91-9d6f-d5dd6c9a9345 file=Amos, Tori/From_The_Choirgirl_Hotel/09-Northern_Lad.mp3
2026-02-05T22:50:48.902598Z  INFO tokio-runtime-worker ThreadId(23) wkmp_ai::services::workflow_orchestrator: wkmp-ai\src\services\workflow_orchestrator\mod.rs:1733: Starting PLAN024 10-phase per-file pipeline (late audio decode) file="C:\\Users\\Mango Cat\\Music\\Amos, Tori/From_The_Choirgirl_Hotel/09-Northern_Lad.mp3"
2026-02-05T22:50:48.902765Z DEBUG tokio-runtime-worker ThreadId(23) wkmp_ai::services::workflow_orchestrator: wkmp-ai\src\services\workflow_orchestrator\mod.rs:1742: Phase 1: Filename Matching - START file="C:\\Users\\Mango Cat\\Music\\Amos, Tori/From_The_Choirgirl_Hotel/09-Northern_Lad.mp3"
2026-02-05T22:50:48.902900Z DEBUG tokio-runtime-worker ThreadId(23) wkmp_ai::services::filename_matcher: wkmp-ai\src\services\filename_matcher.rs:54: Checking if file exists in database path=Amos, Tori/From_The_Choirgirl_Hotel/09-Northern_Lad.mp3 norm_us=5
2026-02-05T22:50:48.903195Z DEBUG tokio-runtime-worker ThreadId(23) wkmp_ai::api::sse: wkmp-ai\src\api\sse.rs:71: SSE: Broadcasting import event: ImportProgressUpdate
2026-02-05T22:50:48.904221Z DEBUG tokio-runtime-worker ThreadId(23) wkmp_ai::api::sse: wkmp-ai\src\api\sse.rs:71: SSE: Broadcasting import event: ImportProgressUpdate
2026-02-05T22:50:48.904445Z DEBUG tokio-runtime-worker ThreadId(23) wkmp_ai::api::sse: wkmp-ai\src\api\sse.rs:71: SSE: Broadcasting import event: ImportProgressUpdate
2026-02-05T22:50:48.905144Z DEBUG tokio-runtime-worker ThreadId(23) wkmp_ai::api::sse: wkmp-ai\src\api\sse.rs:71: SSE: Broadcasting import event: ImportProgressUpdate
2026-02-05T22:50:48.905354Z DEBUG tokio-runtime-worker ThreadId(23) wkmp_ai::api::sse: wkmp-ai\src\api\sse.rs:71: SSE: Broadcasting import event: ImportProgressUpdate
2026-02-05T22:50:48.906016Z DEBUG tokio-runtime-worker ThreadId(23) wkmp_ai::api::sse: wkmp-ai\src\api\sse.rs:71: SSE: Broadcasting import event: ImportProgressUpdate
2026-02-05T22:50:48.906354Z DEBUG tokio-runtime-worker ThreadId(23) wkmp_ai::api::sse: wkmp-ai\src\api\sse.rs:71: SSE: Broadcasting import event: ImportProgressUpdate
2026-02-05T22:50:48.907350Z DEBUG tokio-runtime-worker ThreadId(23) wkmp_ai::api::sse: wkmp-ai\src\api\sse.rs:71: SSE: Broadcasting import event: ImportProgressUpdate
2026-02-05T22:50:48.907626Z DEBUG tokio-runtime-worker ThreadId(23) wkmp_ai::api::sse: wkmp-ai\src\api\sse.rs:71: SSE: Broadcasting import event: ImportProgressUpdate
2026-02-05T22:50:48.908331Z DEBUG tokio-runtime-worker ThreadId(23) wkmp_ai::api::sse: wkmp-ai\src\api\sse.rs:71: SSE: Broadcasting import event: ImportProgressUpdate
2026-02-05T22:50:48.908607Z DEBUG tokio-runtime-worker ThreadId(23) wkmp_ai::api::sse: wkmp-ai\src\api\sse.rs:71: SSE: Broadcasting import event: ImportProgressUpdate
2026-02-05T22:50:48.909349Z DEBUG tokio-runtime-worker ThreadId(23) wkmp_ai::api::sse: wkmp-ai\src\api\sse.rs:71: SSE: Broadcasting import event: ImportProgressUpdate
2026-02-05T22:50:48.909716Z DEBUG tokio-runtime-worker ThreadId(23) wkmp_ai::services::filename_matcher: wkmp-ai\src\services\filename_matcher.rs:65: Database query completed path=Amos, Tori/From_The_Choirgirl_Hotel/08-She's_Your_Cocaine.mp3 query_us=7256
2026-02-05T22:50:48.909830Z DEBUG tokio-runtime-worker ThreadId(23) wkmp_ai::services::filename_matcher: wkmp-ai\src\services\filename_matcher.rs:81: File already processed (INGEST COMPLETE) path=Amos, Tori/From_The_Choirgirl_Hotel/08-She's_Your_Cocaine.mp3 guid=347c17a1-715b-41ca-971d-1056dcc5c750
2026-02-05T22:50:48.909936Z  INFO tokio-runtime-worker ThreadId(23) wkmp_ai::services::workflow_orchestrator: wkmp-ai\src\services\workflow_orchestrator\mod.rs:1756: Phase 1 completed phase="Filename Matching" duration_ms=7 path_us=0 db_ms=7 file_index=80
2026-02-05T22:50:48.910038Z  INFO tokio-runtime-worker ThreadId(23) wkmp_ai::services::workflow_orchestrator: wkmp-ai\src\services\workflow_orchestrator\mod.rs:1770: File already processed (INGEST COMPLETE/NO AUDIO/DUPLICATE HASH), skipping all remaining phases file="C:\\Users\\Mango Cat\\Music\\Amos, Tori/From_The_Choirgirl_Hotel/08-She\'s_Your_Cocaine.mp3" file_id=347c17a1-715b-41ca-971d-1056dcc5c750
2026-02-05T22:50:48.910155Z DEBUG tokio-runtime-worker ThreadId(23) wkmp_ai::services::workflow_orchestrator: wkmp-ai\src\services\workflow_orchestrator\mod.rs:2928: File processing complete session_id=4b515178-85e0-43eb-8eb8-3f4fb38ec0c0 file_index=80 file=Amos, Tori/From_The_Choirgirl_Hotel/08-She's_Your_Cocaine.mp3
2026-02-05T22:50:48.910278Z DEBUG tokio-runtime-worker ThreadId(23) wkmp_ai::services::workflow_orchestrator: wkmp-ai\src\services\workflow_orchestrator\mod.rs:1438: Acquiring all statistics Mutex locks for SSE conversion
2026-02-05T22:50:48.910358Z DEBUG tokio-runtime-worker ThreadId(23) wkmp_ai::services::workflow_orchestrator: wkmp-ai\src\services\workflow_orchestrator\mod.rs:1467: All statistics Mutex locks acquired and data cloned
2026-02-05T22:50:48.910484Z DEBUG tokio-runtime-worker ThreadId(23) wkmp_ai::services::workflow_orchestrator: wkmp-ai\src\services\workflow_orchestrator\mod.rs:1577: Releasing all statistics Mutex locks for SSE conversion
2026-02-05T22:50:48.910603Z DEBUG tokio-runtime-worker ThreadId(23) wkmp_ai::services::filename_matcher: wkmp-ai\src\services\filename_matcher.rs:65: Database query completed path=Amos, Tori/From_The_Choirgirl_Hotel/07-Liquid_Diamonds.mp3 query_us=8665
2026-02-05T22:50:48.910698Z DEBUG tokio-runtime-worker ThreadId(23) wkmp_ai::services::filename_matcher: wkmp-ai\src\services\filename_matcher.rs:81: File already processed (INGEST COMPLETE) path=Amos, Tori/From_The_Choirgirl_Hotel/07-Liquid_Diamonds.mp3 guid=5526e950-e8a3-4f62-b1ef-c8a8ab750c90
2026-02-05T22:50:48.910788Z  INFO tokio-runtime-worker ThreadId(23) wkmp_ai::services::workflow_orchestrator: wkmp-ai\src\services\workflow_orchestrator\mod.rs:1756: Phase 1 completed phase="Filename Matching" duration_ms=9 path_us=0 db_ms=8 file_index=79
2026-02-05T22:50:48.910886Z  INFO tokio-runtime-worker ThreadId(23) wkmp_ai::services::workflow_orchestrator: wkmp-ai\src\services\workflow_orchestrator\mod.rs:1770: File already processed (INGEST COMPLETE/NO AUDIO/DUPLICATE HASH), skipping all remaining phases file="C:\\Users\\Mango Cat\\Music\\Amos, Tori/From_The_Choirgirl_Hotel/07-Liquid_Diamonds.mp3" file_id=5526e950-e8a3-4f62-b1ef-c8a8ab750c90
2026-02-05T22:50:48.910988Z DEBUG tokio-runtime-worker ThreadId(23) wkmp_ai::services::workflow_orchestrator: wkmp-ai\src\services\workflow_orchestrator\mod.rs:2928: File processing complete session_id=4b515178-85e0-43eb-8eb8-3f4fb38ec0c0 file_index=79 file=Amos, Tori/From_The_Choirgirl_Hotel/07-Liquid_Diamonds.mp3
2026-02-05T22:50:48.911087Z DEBUG tokio-runtime-worker ThreadId(23) wkmp_ai::services::workflow_orchestrator: wkmp-ai\src\services\workflow_orchestrator\mod.rs:1438: Acquiring all statistics Mutex locks for SSE conversion
2026-02-05T22:50:48.911164Z DEBUG tokio-runtime-worker ThreadId(23) wkmp_ai::services::workflow_orchestrator: wkmp-ai\src\services\workflow_orchestrator\mod.rs:1467: All statistics Mutex locks acquired and data cloned
2026-02-05T22:50:48.911276Z DEBUG tokio-runtime-worker ThreadId(23) wkmp_ai::services::workflow_orchestrator: wkmp-ai\src\services\workflow_orchestrator\mod.rs:1577: Releasing all statistics Mutex locks for SSE conversion
2026-02-05T22:50:48.911376Z DEBUG tokio-runtime-worker ThreadId(23) wkmp_ai::services::filename_matcher: wkmp-ai\src\services\filename_matcher.rs:65: Database query completed path=Amos, Tori/From_The_Choirgirl_Hotel/09-Northern_Lad.mp3 query_us=8347
2026-02-05T22:50:48.911464Z DEBUG tokio-runtime-worker ThreadId(23) wkmp_ai::services::filename_matcher: wkmp-ai\src\services\filename_matcher.rs:81: File already processed (INGEST COMPLETE) path=Amos, Tori/From_The_Choirgirl_Hotel/09-Northern_Lad.mp3 guid=4ab8b50d-5645-4c91-9d6f-d5dd6c9a9345
2026-02-05T22:50:48.911551Z  INFO tokio-runtime-worker ThreadId(23) wkmp_ai::services::workflow_orchestrator: wkmp-ai\src\services\workflow_orchestrator\mod.rs:1756: Phase 1 completed phase="Filename Matching" duration_ms=8 path_us=0 db_ms=8 file_index=81
2026-02-05T22:50:48.911684Z  INFO tokio-runtime-worker ThreadId(23) wkmp_ai::services::workflow_orchestrator: wkmp-ai\src\services\workflow_orchestrator\mod.rs:1770: File already processed (INGEST COMPLETE/NO AUDIO/DUPLICATE HASH), skipping all remaining phases file="C:\\Users\\Mango Cat\\Music\\Amos, Tori/From_The_Choirgirl_Hotel/09-Northern_Lad.mp3" file_id=4ab8b50d-5645-4c91-9d6f-d5dd6c9a9345
2026-02-05T22:50:48.911782Z DEBUG tokio-runtime-worker ThreadId(23) wkmp_ai::services::workflow_orchestrator: wkmp-ai\src\services\workflow_orchestrator\mod.rs:2928: File processing complete session_id=4b515178-85e0-43eb-8eb8-3f4fb38ec0c0 file_index=81 file=Amos, Tori/From_The_Choirgirl_Hotel/09-Northern_Lad.mp3
2026-02-05T22:50:48.911879Z DEBUG tokio-runtime-worker ThreadId(23) wkmp_ai::services::workflow_orchestrator: wkmp-ai\src\services\workflow_orchestrator\mod.rs:1438: Acquiring all statistics Mutex locks for SSE conversion
2026-02-05T22:50:48.911954Z DEBUG tokio-runtime-worker ThreadId(23) wkmp_ai::services::workflow_orchestrator: wkmp-ai\src\services\workflow_orchestrator\mod.rs:1467: All statistics Mutex locks acquired and data cloned
2026-02-05T22:50:48.912075Z DEBUG tokio-runtime-worker ThreadId(23) wkmp_ai::services::workflow_orchestrator: wkmp-ai\src\services\workflow_orchestrator\mod.rs:1577: Releasing all statistics Mutex locks for SSE conversion
2026-02-05T22:50:48.912158Z DEBUG tokio-runtime-worker ThreadId(23) wkmp_ai::services::workflow_orchestrator: wkmp-ai\src\services\workflow_orchestrator\mod.rs:3110: Starting per-file pipeline file_index=82 file_id=a6876304-7c4d-40dd-9fd0-a7d121bbf78d file=Amos, Tori/From_The_Choirgirl_Hotel/10-Hotel.mp3
2026-02-05T22:50:48.912256Z  INFO tokio-runtime-worker ThreadId(23) wkmp_ai::services::workflow_orchestrator: wkmp-ai\src\services\workflow_orchestrator\mod.rs:1733: Starting PLAN024 10-phase per-file pipeline (late audio decode) file="C:\\Users\\Mango Cat\\Music\\Amos, Tori/From_The_Choirgirl_Hotel/10-Hotel.mp3"
2026-02-05T22:50:48.912353Z DEBUG tokio-runtime-worker ThreadId(23) wkmp_ai::services::workflow_orchestrator: wkmp-ai\src\services\workflow_orchestrator\mod.rs:1742: Phase 1: Filename Matching - START file="C:\\Users\\Mango Cat\\Music\\Amos, Tori/From_The_Choirgirl_Hotel/10-Hotel.mp3"
2026-02-05T22:50:48.912446Z DEBUG tokio-runtime-worker ThreadId(23) wkmp_ai::services::filename_matcher: wkmp-ai\src\services\filename_matcher.rs:54: Checking if file exists in database path=Amos, Tori/From_The_Choirgirl_Hotel/10-Hotel.mp3 norm_us=6
2026-02-05T22:50:48.912571Z DEBUG tokio-runtime-worker ThreadId(23) wkmp_ai::services::workflow_orchestrator: wkmp-ai\src\services\workflow_orchestrator\mod.rs:3110: Starting per-file pipeline file_index=83 file_id=c77f39cf-199c-4e2b-bd05-de4683f97f1f file=Amos, Tori/From_The_Choirgirl_Hotel/11-Playboy_Mommy.mp3
2026-02-05T22:50:48.912666Z  INFO tokio-runtime-worker ThreadId(23) wkmp_ai::services::workflow_orchestrator: wkmp-ai\src\services\workflow_orchestrator\mod.rs:1733: Starting PLAN024 10-phase per-file pipeline (late audio decode) file="C:\\Users\\Mango Cat\\Music\\Amos, Tori/From_The_Choirgirl_Hotel/11-Playboy_Mommy.mp3"
2026-02-05T22:50:48.912759Z DEBUG tokio-runtime-worker ThreadId(23) wkmp_ai::services::workflow_orchestrator: wkmp-ai\src\services\workflow_orchestrator\mod.rs:1742: Phase 1: Filename Matching - START file="C:\\Users\\Mango Cat\\Music\\Amos, Tori/From_The_Choirgirl_Hotel/11-Playboy_Mommy.mp3"
2026-02-05T22:50:48.912849Z DEBUG tokio-runtime-worker ThreadId(23) wkmp_ai::services::filename_matcher: wkmp-ai\src\services\filename_matcher.rs:54: Checking if file exists in database path=Amos, Tori/From_The_Choirgirl_Hotel/11-Playboy_Mommy.mp3 norm_us=2
2026-02-05T22:50:48.912955Z DEBUG tokio-runtime-worker ThreadId(23) wkmp_ai::services::workflow_orchestrator: wkmp-ai\src\services\workflow_orchestrator\mod.rs:3110: Starting per-file pipeline file_index=84 file_id=03e07a08-e422-4044-8a1e-8340889b7fbd file=Amos, Tori/From_The_Choirgirl_Hotel/12-Pandora's_Aquarium.mp3
2026-02-05T22:50:48.913048Z  INFO tokio-runtime-worker ThreadId(23) wkmp_ai::services::workflow_orchestrator: wkmp-ai\src\services\workflow_orchestrator\mod.rs:1733: Starting PLAN024 10-phase per-file pipeline (late audio decode) file="C:\\Users\\Mango Cat\\Music\\Amos, Tori/From_The_Choirgirl_Hotel/12-Pandora\'s_Aquarium.mp3"
2026-02-05T22:50:48.913140Z DEBUG tokio-runtime-worker ThreadId(23) wkmp_ai::services::workflow_orchestrator: wkmp-ai\src\services\workflow_orchestrator\mod.rs:1742: Phase 1: Filename Matching - START file="C:\\Users\\Mango Cat\\Music\\Amos, Tori/From_The_Choirgirl_Hotel/12-Pandora\'s_Aquarium.mp3"
2026-02-05T22:50:48.913228Z DEBUG tokio-runtime-worker ThreadId(23) wkmp_ai::services::filename_matcher: wkmp-ai\src\services\filename_matcher.rs:54: Checking if file exists in database path=Amos, Tori/From_The_Choirgirl_Hotel/12-Pandora's_Aquarium.mp3 norm_us=2
2026-02-05T22:50:48.913452Z DEBUG tokio-runtime-worker ThreadId(23) wkmp_ai::api::sse: wkmp-ai\src\api\sse.rs:71: SSE: Broadcasting import event: ImportProgressUpdate
2026-02-05T22:50:48.914831Z DEBUG tokio-runtime-worker ThreadId(23) wkmp_ai::api::sse: wkmp-ai\src\api\sse.rs:71: SSE: Broadcasting import event: ImportProgressUpdate
2026-02-05T22:50:48.915071Z DEBUG tokio-runtime-worker ThreadId(23) wkmp_ai::api::sse: wkmp-ai\src\api\sse.rs:71: SSE: Broadcasting import event: ImportProgressUpdate
2026-02-05T22:50:48.915794Z DEBUG tokio-runtime-worker ThreadId(23) wkmp_ai::api::sse: wkmp-ai\src\api\sse.rs:71: SSE: Broadcasting import event: ImportProgressUpdate
2026-02-05T22:50:48.916062Z DEBUG tokio-runtime-worker ThreadId(23) wkmp_ai::api::sse: wkmp-ai\src\api\sse.rs:71: SSE: Broadcasting import event: ImportProgressUpdate
2026-02-05T22:50:48.916709Z DEBUG tokio-runtime-worker ThreadId(23) wkmp_ai::api::sse: wkmp-ai\src\api\sse.rs:71: SSE: Broadcasting import event: ImportProgressUpdate
2026-02-05T22:50:48.917067Z DEBUG tokio-runtime-worker ThreadId(23) wkmp_ai::api::sse: wkmp-ai\src\api\sse.rs:71: SSE: Broadcasting import event: ImportProgressUpdate
2026-02-05T22:50:48.917736Z DEBUG tokio-runtime-worker ThreadId(23) wkmp_ai::api::sse: wkmp-ai\src\api\sse.rs:71: SSE: Broadcasting import event: ImportProgressUpdate
2026-02-05T22:50:48.917992Z DEBUG tokio-runtime-worker ThreadId(23) wkmp_ai::api::sse: wkmp-ai\src\api\sse.rs:71: SSE: Broadcasting import event: ImportProgressUpdate
2026-02-05T22:50:48.918633Z DEBUG tokio-runtime-worker ThreadId(23) wkmp_ai::api::sse: wkmp-ai\src\api\sse.rs:71: SSE: Broadcasting import event: ImportProgressUpdate
2026-02-05T22:50:48.918890Z DEBUG tokio-runtime-worker ThreadId(23) wkmp_ai::api::sse: wkmp-ai\src\api\sse.rs:71: SSE: Broadcasting import event: ImportProgressUpdate
2026-02-05T22:50:48.919506Z DEBUG tokio-runtime-worker ThreadId(23) wkmp_ai::api::sse: wkmp-ai\src\api\sse.rs:71: SSE: Broadcasting import event: ImportProgressUpdate
2026-02-05T22:50:48.919752Z DEBUG tokio-runtime-worker ThreadId(23) wkmp_ai::services::filename_matcher: wkmp-ai\src\services\filename_matcher.rs:65: Database query completed path=Amos, Tori/From_The_Choirgirl_Hotel/10-Hotel.mp3 query_us=7217
2026-02-05T22:50:48.919849Z DEBUG tokio-runtime-worker ThreadId(23) wkmp_ai::services::filename_matcher: wkmp-ai\src\services\filename_matcher.rs:81: File already processed (INGEST COMPLETE) path=Amos, Tori/From_The_Choirgirl_Hotel/10-Hotel.mp3 guid=a6876304-7c4d-40dd-9fd0-a7d121bbf78d
2026-02-05T22:50:48.919937Z  INFO tokio-runtime-worker ThreadId(23) wkmp_ai::services::workflow_orchestrator: wkmp-ai\src\services\workflow_orchestrator\mod.rs:1756: Phase 1 completed phase="Filename Matching" duration_ms=7 path_us=0 db_ms=7 file_index=82
2026-02-05T22:50:48.920040Z  INFO tokio-runtime-worker ThreadId(23) wkmp_ai::services::workflow_orchestrator: wkmp-ai\src\services\workflow_orchestrator\mod.rs:1770: File already processed (INGEST COMPLETE/NO AUDIO/DUPLICATE HASH), skipping all remaining phases file="C:\\Users\\Mango Cat\\Music\\Amos, Tori/From_The_Choirgirl_Hotel/10-Hotel.mp3" file_id=a6876304-7c4d-40dd-9fd0-a7d121bbf78d
2026-02-05T22:50:48.920149Z DEBUG tokio-runtime-worker ThreadId(23) wkmp_ai::services::workflow_orchestrator: wkmp-ai\src\services\workflow_orchestrator\mod.rs:2928: File processing complete session_id=4b515178-85e0-43eb-8eb8-3f4fb38ec0c0 file_index=82 file=Amos, Tori/From_The_Choirgirl_Hotel/10-Hotel.mp3
2026-02-05T22:50:48.920257Z DEBUG tokio-runtime-worker ThreadId(23) wkmp_ai::services::workflow_orchestrator: wkmp-ai\src\services\workflow_orchestrator\mod.rs:1438: Acquiring all statistics Mutex locks for SSE conversion
2026-02-05T22:50:48.920354Z DEBUG tokio-runtime-worker ThreadId(23) wkmp_ai::services::workflow_orchestrator: wkmp-ai\src\services\workflow_orchestrator\mod.rs:1467: All statistics Mutex locks acquired and data cloned
2026-02-05T22:50:48.920486Z DEBUG tokio-runtime-worker ThreadId(23) wkmp_ai::services::workflow_orchestrator: wkmp-ai\src\services\workflow_orchestrator\mod.rs:1577: Releasing all statistics Mutex locks for SSE conversion
2026-02-05T22:50:48.920645Z DEBUG tokio-runtime-worker ThreadId(23) wkmp_ai::services::filename_matcher: wkmp-ai\src\services\filename_matcher.rs:65: Database query completed path=Amos, Tori/From_The_Choirgirl_Hotel/11-Playboy_Mommy.mp3 query_us=7708
2026-02-05T22:50:48.920858Z DEBUG tokio-runtime-worker ThreadId(23) wkmp_ai::services::filename_matcher: wkmp-ai\src\services\filename_matcher.rs:81: File already processed (INGEST COMPLETE) path=Amos, Tori/From_The_Choirgirl_Hotel/11-Playboy_Mommy.mp3 guid=c77f39cf-199c-4e2b-bd05-de4683f97f1f
2026-02-05T22:50:48.920949Z  INFO tokio-runtime-worker ThreadId(23) wkmp_ai::services::workflow_orchestrator: wkmp-ai\src\services\workflow_orchestrator\mod.rs:1756: Phase 1 completed phase="Filename Matching" duration_ms=8 path_us=0 db_ms=8 file_index=83
2026-02-05T22:50:48.921120Z  INFO tokio-runtime-worker ThreadId(23) wkmp_ai::services::workflow_orchestrator: wkmp-ai\src\services\workflow_orchestrator\mod.rs:1770: File already processed (INGEST COMPLETE/NO AUDIO/DUPLICATE HASH), skipping all remaining phases file="C:\\Users\\Mango Cat\\Music\\Amos, Tori/From_The_Choirgirl_Hotel/11-Playboy_Mommy.mp3" file_id=c77f39cf-199c-4e2b-bd05-de4683f97f1f
2026-02-05T22:50:48.921238Z DEBUG tokio-runtime-worker ThreadId(23) wkmp_ai::services::workflow_orchestrator: wkmp-ai\src\services\workflow_orchestrator\mod.rs:2928: File processing complete session_id=4b515178-85e0-43eb-8eb8-3f4fb38ec0c0 file_index=83 file=Amos, Tori/From_The_Choirgirl_Hotel/11-Playboy_Mommy.mp3
2026-02-05T22:50:48.921337Z DEBUG tokio-runtime-worker ThreadId(23) wkmp_ai::services::workflow_orchestrator: wkmp-ai\src\services\workflow_orchestrator\mod.rs:1438: Acquiring all statistics Mutex locks for SSE conversion
2026-02-05T22:50:48.921412Z DEBUG tokio-runtime-worker ThreadId(23) wkmp_ai::services::workflow_orchestrator: wkmp-ai\src\services\workflow_orchestrator\mod.rs:1467: All statistics Mutex locks acquired and data cloned
2026-02-05T22:50:48.921524Z DEBUG tokio-runtime-worker ThreadId(23) wkmp_ai::services::workflow_orchestrator: wkmp-ai\src\services\workflow_orchestrator\mod.rs:1577: Releasing all statistics Mutex locks for SSE conversion
2026-02-05T22:50:48.921628Z DEBUG tokio-runtime-worker ThreadId(23) wkmp_ai::services::filename_matcher: wkmp-ai\src\services\filename_matcher.rs:65: Database query completed path=Amos, Tori/From_The_Choirgirl_Hotel/12-Pandora's_Aquarium.mp3 query_us=8313
2026-02-05T22:50:48.921723Z DEBUG tokio-runtime-worker ThreadId(23) wkmp_ai::services::filename_matcher: wkmp-ai\src\services\filename_matcher.rs:81: File already processed (INGEST COMPLETE) path=Amos, Tori/From_The_Choirgirl_Hotel/12-Pandora's_Aquarium.mp3 guid=03e07a08-e422-4044-8a1e-8340889b7fbd
2026-02-05T22:50:48.921809Z  INFO tokio-runtime-worker ThreadId(23) wkmp_ai::services::workflow_orchestrator: wkmp-ai\src\services\workflow_orchestrator\mod.rs:1756: Phase 1 completed phase="Filename Matching" duration_ms=8 path_us=0 db_ms=8 file_index=84
2026-02-05T22:50:48.921900Z  INFO tokio-runtime-worker ThreadId(23) wkmp_ai::services::workflow_orchestrator: wkmp-ai\src\services\workflow_orchestrator\mod.rs:1770: File already processed (INGEST COMPLETE/NO AUDIO/DUPLICATE HASH), skipping all remaining phases file="C:\\Users\\Mango Cat\\Music\\Amos, Tori/From_The_Choirgirl_Hotel/12-Pandora\'s_Aquarium.mp3" file_id=03e07a08-e422-4044-8a1e-8340889b7fbd
2026-02-05T22:50:48.921996Z DEBUG tokio-runtime-worker ThreadId(23) wkmp_ai::services::workflow_orchestrator: wkmp-ai\src\services\workflow_orchestrator\mod.rs:2928: File processing complete session_id=4b515178-85e0-43eb-8eb8-3f4fb38ec0c0 file_index=84 file=Amos, Tori/From_The_Choirgirl_Hotel/12-Pandora's_Aquarium.mp3
2026-02-05T22:50:48.922089Z DEBUG tokio-runtime-worker ThreadId(23) wkmp_ai::services::workflow_orchestrator: wkmp-ai\src\services\workflow_orchestrator\mod.rs:1438: Acquiring all statistics Mutex locks for SSE conversion
2026-02-05T22:50:48.922162Z DEBUG tokio-runtime-worker ThreadId(23) wkmp_ai::services::workflow_orchestrator: wkmp-ai\src\services\workflow_orchestrator\mod.rs:1467: All statistics Mutex locks acquired and data cloned
2026-02-05T22:50:48.922270Z DEBUG tokio-runtime-worker ThreadId(23) wkmp_ai::services::workflow_orchestrator: wkmp-ai\src\services\workflow_orchestrator\mod.rs:1577: Releasing all statistics Mutex locks for SSE conversion
2026-02-05T22:50:48.922351Z DEBUG tokio-runtime-worker ThreadId(23) wkmp_ai::services::workflow_orchestrator: wkmp-ai\src\services\workflow_orchestrator\mod.rs:3110: Starting per-file pipeline file_index=85 file_id=8c58c4de-95ed-41e3-922f-9473cb4a244b file=Apple, Fiona/Tidal/(Fiona_Apple)Tidal-01-Sleep_to_Dream.mp3
2026-02-05T22:50:48.922444Z  INFO tokio-runtime-worker ThreadId(23) wkmp_ai::services::workflow_orchestrator: wkmp-ai\src\services\workflow_orchestrator\mod.rs:1733: Starting PLAN024 10-phase per-file pipeline (late audio decode) file="C:\\Users\\Mango Cat\\Music\\Apple, Fiona/Tidal/(Fiona_Apple)Tidal-01-Sleep_to_Dream.mp3"
2026-02-05T22:50:48.922538Z DEBUG tokio-runtime-worker ThreadId(23) wkmp_ai::services::workflow_orchestrator: wkmp-ai\src\services\workflow_orchestrator\mod.rs:1742: Phase 1: Filename Matching - START file="C:\\Users\\Mango Cat\\Music\\Apple, Fiona/Tidal/(Fiona_Apple)Tidal-01-Sleep_to_Dream.mp3"
2026-02-05T22:50:48.922627Z DEBUG tokio-runtime-worker ThreadId(23) wkmp_ai::services::filename_matcher: wkmp-ai\src\services\filename_matcher.rs:54: Checking if file exists in database path=Apple, Fiona/Tidal/(Fiona_Apple)Tidal-01-Sleep_to_Dream.mp3 norm_us=4
2026-02-05T22:50:48.922741Z DEBUG tokio-runtime-worker ThreadId(23) wkmp_ai::services::workflow_orchestrator: wkmp-ai\src\services\workflow_orchestrator\mod.rs:3110: Starting per-file pipeline file_index=86 file_id=2cbe14db-ff6e-47aa-8b98-0df25ff1a572 file=Apple, Fiona/Tidal/(Fiona_Apple)Tidal-02-Sullen_Girl.mp3
2026-02-05T22:50:48.922832Z  INFO tokio-runtime-worker ThreadId(23) wkmp_ai::services::workflow_orchestrator: wkmp-ai\src\services\workflow_orchestrator\mod.rs:1733: Starting PLAN024 10-phase per-file pipeline (late audio decode) file="C:\\Users\\Mango Cat\\Music\\Apple, Fiona/Tidal/(Fiona_Apple)Tidal-02-Sullen_Girl.mp3"
2026-02-05T22:50:48.922922Z DEBUG tokio-runtime-worker ThreadId(23) wkmp_ai::services::workflow_orchestrator: wkmp-ai\src\services\workflow_orchestrator\mod.rs:1742: Phase 1: Filename Matching - START file="C:\\Users\\Mango Cat\\Music\\Apple, Fiona/Tidal/(Fiona_Apple)Tidal-02-Sullen_Girl.mp3"
2026-02-05T22:50:48.923008Z DEBUG tokio-runtime-worker ThreadId(23) wkmp_ai::services::filename_matcher: wkmp-ai\src\services\filename_matcher.rs:54: Checking if file exists in database path=Apple, Fiona/Tidal/(Fiona_Apple)Tidal-02-Sullen_Girl.mp3 norm_us=3
2026-02-05T22:50:48.923109Z DEBUG tokio-runtime-worker ThreadId(23) wkmp_ai::services::workflow_orchestrator: wkmp-ai\src\services\workflow_orchestrator\mod.rs:3110: Starting per-file pipeline file_index=87 file_id=d2913f11-4efa-4f14-a52b-5391ef3069ab file=Apple, Fiona/Tidal/(Fiona_Apple)Tidal-03-Shadowboxer.mp3
2026-02-05T22:50:48.923199Z  INFO tokio-runtime-worker ThreadId(23) wkmp_ai::services::workflow_orchestrator: wkmp-ai\src\services\workflow_orchestrator\mod.rs:1733: Starting PLAN024 10-phase per-file pipeline (late audio decode) file="C:\\Users\\Mango Cat\\Music\\Apple, Fiona/Tidal/(Fiona_Apple)Tidal-03-Shadowboxer.mp3"
2026-02-05T22:50:48.923289Z DEBUG tokio-runtime-worker ThreadId(23) wkmp_ai::services::workflow_orchestrator: wkmp-ai\src\services\workflow_orchestrator\mod.rs:1742: Phase 1: Filename Matching - START file="C:\\Users\\Mango Cat\\Music\\Apple, Fiona/Tidal/(Fiona_Apple)Tidal-03-Shadowboxer.mp3"
2026-02-05T22:50:48.923374Z DEBUG tokio-runtime-worker ThreadId(23) wkmp_ai::services::filename_matcher: wkmp-ai\src\services\filename_matcher.rs:54: Checking if file exists in database path=Apple, Fiona/Tidal/(Fiona_Apple)Tidal-03-Shadowboxer.mp3 norm_us=2
2026-02-05T22:50:48.923596Z DEBUG tokio-runtime-worker ThreadId(23) wkmp_ai::api::sse: wkmp-ai\src\api\sse.rs:71: SSE: Broadcasting import event: ImportProgressUpdate
2026-02-05T22:50:48.924747Z DEBUG tokio-runtime-worker ThreadId(23) wkmp_ai::api::sse: wkmp-ai\src\api\sse.rs:71: SSE: Broadcasting import event: ImportProgressUpdate
2026-02-05T22:50:48.925011Z DEBUG tokio-runtime-worker ThreadId(23) wkmp_ai::api::sse: wkmp-ai\src\api\sse.rs:71: SSE: Broadcasting import event: ImportProgressUpdate
2026-02-05T22:50:48.926261Z DEBUG tokio-runtime-worker ThreadId(23) wkmp_ai::api::sse: wkmp-ai\src\api\sse.rs:71: SSE: Broadcasting import event: ImportProgressUpdate
2026-02-05T22:50:48.926587Z DEBUG tokio-runtime-worker ThreadId(23) wkmp_ai::api::sse: wkmp-ai\src\api\sse.rs:71: SSE: Broadcasting import event: ImportProgressUpdate
2026-02-05T22:50:48.927238Z DEBUG tokio-runtime-worker ThreadId(23) wkmp_ai::api::sse: wkmp-ai\src\api\sse.rs:71: SSE: Broadcasting import event: ImportProgressUpdate
2026-02-05T22:50:48.927529Z DEBUG tokio-runtime-worker ThreadId(23) wkmp_ai::api::sse: wkmp-ai\src\api\sse.rs:71: SSE: Broadcasting import event: ImportProgressUpdate
2026-02-05T22:50:48.928789Z DEBUG tokio-runtime-worker ThreadId(23) wkmp_ai::api::sse: wkmp-ai\src\api\sse.rs:71: SSE: Broadcasting import event: ImportProgressUpdate
2026-02-05T22:50:48.929004Z DEBUG tokio-runtime-worker ThreadId(23) wkmp_ai::api::sse: wkmp-ai\src\api\sse.rs:71: SSE: Broadcasting import event: ImportProgressUpdate
2026-02-05T22:50:48.929654Z DEBUG tokio-runtime-worker ThreadId(23) wkmp_ai::api::sse: wkmp-ai\src\api\sse.rs:71: SSE: Broadcasting import event: ImportProgressUpdate
2026-02-05T22:50:48.929836Z DEBUG tokio-runtime-worker ThreadId(23) wkmp_ai::api::sse: wkmp-ai\src\api\sse.rs:71: SSE: Broadcasting import event: ImportProgressUpdate
2026-02-05T22:50:48.930479Z DEBUG tokio-runtime-worker ThreadId(23) wkmp_ai::api::sse: wkmp-ai\src\api\sse.rs:71: SSE: Broadcasting import event: ImportProgressUpdate
2026-02-05T22:50:48.930772Z DEBUG tokio-runtime-worker ThreadId(23) wkmp_ai::services::filename_matcher: wkmp-ai\src\services\filename_matcher.rs:65: Database query completed path=Apple, Fiona/Tidal/(Fiona_Apple)Tidal-01-Sleep_to_Dream.mp3 query_us=8059
2026-02-05T22:50:48.930897Z DEBUG tokio-runtime-worker ThreadId(23) wkmp_ai::services::filename_matcher: wkmp-ai\src\services\filename_matcher.rs:81: File already processed (INGEST COMPLETE) path=Apple, Fiona/Tidal/(Fiona_Apple)Tidal-01-Sleep_to_Dream.mp3 guid=8c58c4de-95ed-41e3-922f-9473cb4a244b
2026-02-05T22:50:48.931030Z  INFO tokio-runtime-worker ThreadId(23) wkmp_ai::services::workflow_orchestrator: wkmp-ai\src\services\workflow_orchestrator\mod.rs:1756: Phase 1 completed phase="Filename Matching" duration_ms=8 path_us=0 db_ms=8 file_index=85
2026-02-05T22:50:48.931152Z  INFO tokio-runtime-worker ThreadId(23) wkmp_ai::services::workflow_orchestrator: wkmp-ai\src\services\workflow_orchestrator\mod.rs:1770: File already processed (INGEST COMPLETE/NO AUDIO/DUPLICATE HASH), skipping all remaining phases file="C:\\Users\\Mango Cat\\Music\\Apple, Fiona/Tidal/(Fiona_Apple)Tidal-01-Sleep_to_Dream.mp3" file_id=8c58c4de-95ed-41e3-922f-9473cb4a244b
2026-02-05T22:50:48.931280Z DEBUG tokio-runtime-worker ThreadId(23) wkmp_ai::services::workflow_orchestrator: wkmp-ai\src\services\workflow_orchestrator\mod.rs:2928: File processing complete session_id=4b515178-85e0-43eb-8eb8-3f4fb38ec0c0 file_index=85 file=Apple, Fiona/Tidal/(Fiona_Apple)Tidal-01-Sleep_to_Dream.mp3
2026-02-05T22:50:48.931423Z DEBUG tokio-runtime-worker ThreadId(23) wkmp_ai::services::workflow_orchestrator: wkmp-ai\src\services\workflow_orchestrator\mod.rs:1438: Acquiring all statistics Mutex locks for SSE conversion
2026-02-05T22:50:48.931509Z DEBUG tokio-runtime-worker ThreadId(23) wkmp_ai::services::workflow_orchestrator: wkmp-ai\src\services\workflow_orchestrator\mod.rs:1467: All statistics Mutex locks acquired and data cloned
2026-02-05T22:50:48.931638Z DEBUG tokio-runtime-worker ThreadId(23) wkmp_ai::services::workflow_orchestrator: wkmp-ai\src\services\workflow_orchestrator\mod.rs:1577: Releasing all statistics Mutex locks for SSE conversion
2026-02-05T22:50:48.931748Z DEBUG tokio-runtime-worker ThreadId(23) wkmp_ai::services::filename_matcher: wkmp-ai\src\services\filename_matcher.rs:65: Database query completed path=Apple, Fiona/Tidal/(Fiona_Apple)Tidal-02-Sullen_Girl.mp3 query_us=8657
2026-02-05T22:50:48.931839Z DEBUG tokio-runtime-worker ThreadId(23) wkmp_ai::services::filename_matcher: wkmp-ai\src\services\filename_matcher.rs:81: File already processed (INGEST COMPLETE) path=Apple, Fiona/Tidal/(Fiona_Apple)Tidal-02-Sullen_Girl.mp3 guid=2cbe14db-ff6e-47aa-8b98-0df25ff1a572
2026-02-05T22:50:48.931930Z  INFO tokio-runtime-worker ThreadId(23) wkmp_ai::services::workflow_orchestrator: wkmp-ai\src\services\workflow_orchestrator\mod.rs:1756: Phase 1 completed phase="Filename Matching" duration_ms=9 path_us=0 db_ms=8 file_index=86
2026-02-05T22:50:48.932029Z  INFO tokio-runtime-worker ThreadId(23) wkmp_ai::services::workflow_orchestrator: wkmp-ai\src\services\workflow_orchestrator\mod.rs:1770: File already processed (INGEST COMPLETE/NO AUDIO/DUPLICATE HASH), skipping all remaining phases file="C:\\Users\\Mango Cat\\Music\\Apple, Fiona/Tidal/(Fiona_Apple)Tidal-02-Sullen_Girl.mp3" file_id=2cbe14db-ff6e-47aa-8b98-0df25ff1a572
2026-02-05T22:50:48.932131Z DEBUG tokio-runtime-worker ThreadId(23) wkmp_ai::services::workflow_orchestrator: wkmp-ai\src\services\workflow_orchestrator\mod.rs:2928: File processing complete session_id=4b515178-85e0-43eb-8eb8-3f4fb38ec0c0 file_index=86 file=Apple, Fiona/Tidal/(Fiona_Apple)Tidal-02-Sullen_Girl.mp3
2026-02-05T22:50:48.932229Z DEBUG tokio-runtime-worker ThreadId(23) wkmp_ai::services::workflow_orchestrator: wkmp-ai\src\services\workflow_orchestrator\mod.rs:1438: Acquiring all statistics Mutex locks for SSE conversion
2026-02-05T22:50:48.932306Z DEBUG tokio-runtime-worker ThreadId(23) wkmp_ai::services::workflow_orchestrator: wkmp-ai\src\services\workflow_orchestrator\mod.rs:1467: All statistics Mutex locks acquired and data cloned
2026-02-05T22:50:48.932432Z DEBUG tokio-runtime-worker ThreadId(23) wkmp_ai::services::workflow_orchestrator: wkmp-ai\src\services\workflow_orchestrator\mod.rs:1577: Releasing all statistics Mutex locks for SSE conversion
2026-02-05T22:50:48.932531Z DEBUG tokio-runtime-worker ThreadId(23) wkmp_ai::services::filename_matcher: wkmp-ai\src\services\filename_matcher.rs:65: Database query completed path=Apple, Fiona/Tidal/(Fiona_Apple)Tidal-03-Shadowboxer.mp3 query_us=9073
2026-02-05T22:50:48.932624Z DEBUG tokio-runtime-worker ThreadId(23) wkmp_ai::services::filename_matcher: wkmp-ai\src\services\filename_matcher.rs:81: File already processed (INGEST COMPLETE) path=Apple, Fiona/Tidal/(Fiona_Apple)Tidal-03-Shadowboxer.mp3 guid=d2913f11-4efa-4f14-a52b-5391ef3069ab
2026-02-05T22:50:48.932713Z  INFO tokio-runtime-worker ThreadId(23) wkmp_ai::services::workflow_orchestrator: wkmp-ai\src\services\workflow_orchestrator\mod.rs:1756: Phase 1 completed phase="Filename Matching" duration_ms=9 path_us=0 db_ms=9 file_index=87
2026-02-05T22:50:48.932808Z  INFO tokio-runtime-worker ThreadId(23) wkmp_ai::services::workflow_orchestrator: wkmp-ai\src\services\workflow_orchestrator\mod.rs:1770: File already processed (INGEST COMPLETE/NO AUDIO/DUPLICATE HASH), skipping all remaining phases file="C:\\Users\\Mango Cat\\Music\\Apple, Fiona/Tidal/(Fiona_Apple)Tidal-03-Shadowboxer.mp3" file_id=d2913f11-4efa-4f14-a52b-5391ef3069ab
2026-02-05T22:50:48.932905Z DEBUG tokio-runtime-worker ThreadId(23) wkmp_ai::services::workflow_orchestrator: wkmp-ai\src\services\workflow_orchestrator\mod.rs:2928: File processing complete session_id=4b515178-85e0-43eb-8eb8-3f4fb38ec0c0 file_index=87 file=Apple, Fiona/Tidal/(Fiona_Apple)Tidal-03-Shadowboxer.mp3
2026-02-05T22:50:48.933002Z DEBUG tokio-runtime-worker ThreadId(23) wkmp_ai::services::workflow_orchestrator: wkmp-ai\src\services\workflow_orchestrator\mod.rs:1438: Acquiring all statistics Mutex locks for SSE conversion
2026-02-05T22:50:48.933078Z DEBUG tokio-runtime-worker ThreadId(23) wkmp_ai::services::workflow_orchestrator: wkmp-ai\src\services\workflow_orchestrator\mod.rs:1467: All statistics Mutex locks acquired and data cloned
2026-02-05T22:50:48.933191Z DEBUG tokio-runtime-worker ThreadId(23) wkmp_ai::services::workflow_orchestrator: wkmp-ai\src\services\workflow_orchestrator\mod.rs:1577: Releasing all statistics Mutex locks for SSE conversion
2026-02-05T22:50:48.933275Z DEBUG tokio-runtime-worker ThreadId(23) wkmp_ai::services::workflow_orchestrator: wkmp-ai\src\services\workflow_orchestrator\mod.rs:3110: Starting per-file pipeline file_index=88 file_id=eeb15445-1019-465d-9e37-c755c4425564 file=Apple, Fiona/Tidal/(Fiona_Apple)Tidal-04-Criminal.mp3
2026-02-05T22:50:48.933372Z  INFO tokio-runtime-worker ThreadId(23) wkmp_ai::services::workflow_orchestrator: wkmp-ai\src\services\workflow_orchestrator\mod.rs:1733: Starting PLAN024 10-phase per-file pipeline (late audio decode) file="C:\\Users\\Mango Cat\\Music\\Apple, Fiona/Tidal/(Fiona_Apple)Tidal-04-Criminal.mp3"
2026-02-05T22:50:48.933470Z DEBUG tokio-runtime-worker ThreadId(23) wkmp_ai::services::workflow_orchestrator: wkmp-ai\src\services\workflow_orchestrator\mod.rs:1742: Phase 1: Filename Matching - START file="C:\\Users\\Mango Cat\\Music\\Apple, Fiona/Tidal/(Fiona_Apple)Tidal-04-Criminal.mp3"
2026-02-05T22:50:48.933569Z DEBUG tokio-runtime-worker ThreadId(23) wkmp_ai::services::filename_matcher: wkmp-ai\src\services\filename_matcher.rs:54: Checking if file exists in database path=Apple, Fiona/Tidal/(Fiona_Apple)Tidal-04-Criminal.mp3 norm_us=11
2026-02-05T22:50:48.933690Z DEBUG tokio-runtime-worker ThreadId(23) wkmp_ai::services::workflow_orchestrator: wkmp-ai\src\services\workflow_orchestrator\mod.rs:3110: Starting per-file pipeline file_index=89 file_id=92cdf8df-5bc3-4041-97ea-043a31454ad1 file=Apple, Fiona/Tidal/(Fiona_Apple)Tidal-05-Slow_Like_Honey.mp3
2026-02-05T22:50:48.933787Z  INFO tokio-runtime-worker ThreadId(23) wkmp_ai::services::workflow_orchestrator: wkmp-ai\src\services\workflow_orchestrator\mod.rs:1733: Starting PLAN024 10-phase per-file pipeline (late audio decode) file="C:\\Users\\Mango Cat\\Music\\Apple, Fiona/Tidal/(Fiona_Apple)Tidal-05-Slow_Like_Honey.mp3"
2026-02-05T22:50:48.933881Z DEBUG tokio-runtime-worker ThreadId(23) wkmp_ai::services::workflow_orchestrator: wkmp-ai\src\services\workflow_orchestrator\mod.rs:1742: Phase 1: Filename Matching - START file="C:\\Users\\Mango Cat\\Music\\Apple, Fiona/Tidal/(Fiona_Apple)Tidal-05-Slow_Like_Honey.mp3"
2026-02-05T22:50:48.933971Z DEBUG tokio-runtime-worker ThreadId(23) wkmp_ai::services::filename_matcher: wkmp-ai\src\services\filename_matcher.rs:54: Checking if file exists in database path=Apple, Fiona/Tidal/(Fiona_Apple)Tidal-05-Slow_Like_Honey.mp3 norm_us=2
2026-02-05T22:50:48.934077Z DEBUG tokio-runtime-worker ThreadId(23) wkmp_ai::services::workflow_orchestrator: wkmp-ai\src\services\workflow_orchestrator\mod.rs:3110: Starting per-file pipeline file_index=90 file_id=f81da72f-6a47-494f-b5cb-3fe2733ecbae file=Apple, Fiona/Tidal/(Fiona_Apple)Tidal-06-The_First_Taste.mp3
2026-02-05T22:50:48.934169Z  INFO tokio-runtime-worker ThreadId(23) wkmp_ai::services::workflow_orchestrator: wkmp-ai\src\services\workflow_orchestrator\mod.rs:1733: Starting PLAN024 10-phase per-file pipeline (late audio decode) file="C:\\Users\\Mango Cat\\Music\\Apple, Fiona/Tidal/(Fiona_Apple)Tidal-06-The_First_Taste.mp3"
2026-02-05T22:50:48.934263Z DEBUG tokio-runtime-worker ThreadId(23) wkmp_ai::services::workflow_orchestrator: wkmp-ai\src\services\workflow_orchestrator\mod.rs:1742: Phase 1: Filename Matching - START file="C:\\Users\\Mango Cat\\Music\\Apple, Fiona/Tidal/(Fiona_Apple)Tidal-06-The_First_Taste.mp3"
2026-02-05T22:50:48.934375Z DEBUG tokio-runtime-worker ThreadId(23) wkmp_ai::services::filename_matcher: wkmp-ai\src\services\filename_matcher.rs:54: Checking if file exists in database path=Apple, Fiona/Tidal/(Fiona_Apple)Tidal-06-The_First_Taste.mp3 norm_us=6
2026-02-05T22:50:48.934690Z DEBUG tokio-runtime-worker ThreadId(23) wkmp_ai::services::filename_matcher: wkmp-ai\src\services\filename_matcher.rs:65: Database query completed path=Apple, Fiona/Tidal/(Fiona_Apple)Tidal-04-Criminal.mp3 query_us=1031
2026-02-05T22:50:48.934817Z DEBUG tokio-runtime-worker ThreadId(23) wkmp_ai::services::filename_matcher: wkmp-ai\src\services\filename_matcher.rs:81: File already processed (INGEST COMPLETE) path=Apple, Fiona/Tidal/(Fiona_Apple)Tidal-04-Criminal.mp3 guid=eeb15445-1019-465d-9e37-c755c4425564
2026-02-05T22:50:48.934944Z  INFO tokio-runtime-worker ThreadId(23) wkmp_ai::services::workflow_orchestrator: wkmp-ai\src\services\workflow_orchestrator\mod.rs:1756: Phase 1 completed phase="Filename Matching" duration_ms=1 path_us=0 db_ms=1 file_index=88
2026-02-05T22:50:48.935066Z  INFO tokio-runtime-worker ThreadId(23) wkmp_ai::services::workflow_orchestrator: wkmp-ai\src\services\workflow_orchestrator\mod.rs:1770: File already processed (INGEST COMPLETE/NO AUDIO/DUPLICATE HASH), skipping all remaining phases file="C:\\Users\\Mango Cat\\Music\\Apple, Fiona/Tidal/(Fiona_Apple)Tidal-04-Criminal.mp3" file_id=eeb15445-1019-465d-9e37-c755c4425564
2026-02-05T22:50:48.935204Z DEBUG tokio-runtime-worker ThreadId(23) wkmp_ai::services::workflow_orchestrator: wkmp-ai\src\services\workflow_orchestrator\mod.rs:2928: File processing complete session_id=4b515178-85e0-43eb-8eb8-3f4fb38ec0c0 file_index=88 file=Apple, Fiona/Tidal/(Fiona_Apple)Tidal-04-Criminal.mp3
2026-02-05T22:50:48.941415Z DEBUG tokio-runtime-worker ThreadId(23) wkmp_ai::services::workflow_orchestrator: wkmp-ai\src\services\workflow_orchestrator\mod.rs:1438: Acquiring all statistics Mutex locks for SSE conversion
2026-02-05T22:50:48.941721Z DEBUG tokio-runtime-worker ThreadId(23) wkmp_ai::services::workflow_orchestrator: wkmp-ai\src\services\workflow_orchestrator\mod.rs:1467: All statistics Mutex locks acquired and data cloned
2026-02-05T22:50:48.942048Z DEBUG tokio-runtime-worker ThreadId(23) wkmp_ai::services::workflow_orchestrator: wkmp-ai\src\services\workflow_orchestrator\mod.rs:1577: Releasing all statistics Mutex locks for SSE conversion
2026-02-05T22:50:48.942277Z DEBUG tokio-runtime-worker ThreadId(23) wkmp_ai::services::filename_matcher: wkmp-ai\src\services\filename_matcher.rs:65: Database query completed path=Apple, Fiona/Tidal/(Fiona_Apple)Tidal-05-Slow_Like_Honey.mp3 query_us=8213
2026-02-05T22:50:48.942421Z DEBUG tokio-runtime-worker ThreadId(23) wkmp_ai::services::filename_matcher: wkmp-ai\src\services\filename_matcher.rs:81: File already processed (INGEST COMPLETE) path=Apple, Fiona/Tidal/(Fiona_Apple)Tidal-05-Slow_Like_Honey.mp3 guid=92cdf8df-5bc3-4041-97ea-043a31454ad1
2026-02-05T22:50:48.942664Z  INFO tokio-runtime-worker ThreadId(23) wkmp_ai::services::workflow_orchestrator: wkmp-ai\src\services\workflow_orchestrator\mod.rs:1756: Phase 1 completed phase="Filename Matching" duration_ms=8 path_us=0 db_ms=8 file_index=89
2026-02-05T22:50:48.942796Z  INFO tokio-runtime-worker ThreadId(23) wkmp_ai::services::workflow_orchestrator: wkmp-ai\src\services\workflow_orchestrator\mod.rs:1770: File already processed (INGEST COMPLETE/NO AUDIO/DUPLICATE HASH), skipping all remaining phases file="C:\\Users\\Mango Cat\\Music\\Apple, Fiona/Tidal/(Fiona_Apple)Tidal-05-Slow_Like_Honey.mp3" file_id=92cdf8df-5bc3-4041-97ea-043a31454ad1
2026-02-05T22:50:48.942941Z DEBUG tokio-runtime-worker ThreadId(23) wkmp_ai::services::workflow_orchestrator: wkmp-ai\src\services\workflow_orchestrator\mod.rs:2928: File processing complete session_id=4b515178-85e0-43eb-8eb8-3f4fb38ec0c0 file_index=89 file=Apple, Fiona/Tidal/(Fiona_Apple)Tidal-05-Slow_Like_Honey.mp3
2026-02-05T22:50:48.943059Z DEBUG tokio-runtime-worker ThreadId(23) wkmp_ai::services::workflow_orchestrator: wkmp-ai\src\services\workflow_orchestrator\mod.rs:1438: Acquiring all statistics Mutex locks for SSE conversion
2026-02-05T22:50:48.943139Z DEBUG tokio-runtime-worker ThreadId(23) wkmp_ai::services::workflow_orchestrator: wkmp-ai\src\services\workflow_orchestrator\mod.rs:1467: All statistics Mutex locks acquired and data cloned
2026-02-05T22:50:48.943278Z DEBUG tokio-runtime-worker ThreadId(23) wkmp_ai::services::workflow_orchestrator: wkmp-ai\src\services\workflow_orchestrator\mod.rs:1577: Releasing all statistics Mutex locks for SSE conversion
2026-02-05T22:50:48.943418Z DEBUG tokio-runtime-worker ThreadId(23) wkmp_ai::services::filename_matcher: wkmp-ai\src\services\filename_matcher.rs:65: Database query completed path=Apple, Fiona/Tidal/(Fiona_Apple)Tidal-06-The_First_Taste.mp3 query_us=8923
2026-02-05T22:50:48.943524Z DEBUG tokio-runtime-worker ThreadId(23) wkmp_ai::services::filename_matcher: wkmp-ai\src\services\filename_matcher.rs:81: File already processed (INGEST COMPLETE) path=Apple, Fiona/Tidal/(Fiona_Apple)Tidal-06-The_First_Taste.mp3 guid=f81da72f-6a47-494f-b5cb-3fe2733ecbae
2026-02-05T22:50:48.943651Z  INFO tokio-runtime-worker ThreadId(23) wkmp_ai::services::workflow_orchestrator: wkmp-ai\src\services\workflow_orchestrator\mod.rs:1756: Phase 1 completed phase="Filename Matching" duration_ms=9 path_us=2 db_ms=9 file_index=90
2026-02-05T22:50:48.943751Z  INFO tokio-runtime-worker ThreadId(23) wkmp_ai::services::workflow_orchestrator: wkmp-ai\src\services\workflow_orchestrator\mod.rs:1770: File already processed (INGEST COMPLETE/NO AUDIO/DUPLICATE HASH), skipping all remaining phases file="C:\\Users\\Mango Cat\\Music\\Apple, Fiona/Tidal/(Fiona_Apple)Tidal-06-The_First_Taste.mp3" file_id=f81da72f-6a47-494f-b5cb-3fe2733ecbae
2026-02-05T22:50:48.943862Z DEBUG tokio-runtime-worker ThreadId(23) wkmp_ai::services::workflow_orchestrator: wkmp-ai\src\services\workflow_orchestrator\mod.rs:2928: File processing complete session_id=4b515178-85e0-43eb-8eb8-3f4fb38ec0c0 file_index=90 file=Apple, Fiona/Tidal/(Fiona_Apple)Tidal-06-The_First_Taste.mp3
2026-02-05T22:50:48.943964Z DEBUG tokio-runtime-worker ThreadId(23) wkmp_ai::services::workflow_orchestrator: wkmp-ai\src\services\workflow_orchestrator\mod.rs:1438: Acquiring all statistics Mutex locks for SSE conversion
2026-02-05T22:50:48.944044Z DEBUG tokio-runtime-worker ThreadId(23) wkmp_ai::services::workflow_orchestrator: wkmp-ai\src\services\workflow_orchestrator\mod.rs:1467: All statistics Mutex locks acquired and data cloned
2026-02-05T22:50:48.944172Z DEBUG tokio-runtime-worker ThreadId(23) wkmp_ai::services::workflow_orchestrator: wkmp-ai\src\services\workflow_orchestrator\mod.rs:1577: Releasing all statistics Mutex locks for SSE conversion
2026-02-05T22:50:48.944260Z DEBUG tokio-runtime-worker ThreadId(23) wkmp_ai::services::workflow_orchestrator: wkmp-ai\src\services\workflow_orchestrator\mod.rs:3110: Starting per-file pipeline file_index=91 file_id=191785f3-b5f6-4892-ae0a-05eeb695a466 file=Apple, Fiona/Tidal/(Fiona_Apple)Tidal-07-Never_Is_a_Promise.mp3
2026-02-05T22:50:48.944391Z  INFO tokio-runtime-worker ThreadId(23) wkmp_ai::services::workflow_orchestrator: wkmp-ai\src\services\workflow_orchestrator\mod.rs:1733: Starting PLAN024 10-phase per-file pipeline (late audio decode) file="C:\\Users\\Mango Cat\\Music\\Apple, Fiona/Tidal/(Fiona_Apple)Tidal-07-Never_Is_a_Promise.mp3"
2026-02-05T22:50:48.944497Z DEBUG tokio-runtime-worker ThreadId(23) wkmp_ai::services::workflow_orchestrator: wkmp-ai\src\services\workflow_orchestrator\mod.rs:1742: Phase 1: Filename Matching - START file="C:\\Users\\Mango Cat\\Music\\Apple, Fiona/Tidal/(Fiona_Apple)Tidal-07-Never_Is_a_Promise.mp3"
2026-02-05T22:50:48.944659Z DEBUG tokio-runtime-worker ThreadId(23) wkmp_ai::services::filename_matcher: wkmp-ai\src\services\filename_matcher.rs:54: Checking if file exists in database path=Apple, Fiona/Tidal/(Fiona_Apple)Tidal-07-Never_Is_a_Promise.mp3 norm_us=10
2026-02-05T22:50:48.944831Z DEBUG tokio-runtime-worker ThreadId(23) wkmp_ai::services::workflow_orchestrator: wkmp-ai\src\services\workflow_orchestrator\mod.rs:3110: Starting per-file pipeline file_index=92 file_id=0ad76e1e-cf80-4a94-8923-b9e5d5fab054 file=Apple, Fiona/Tidal/(Fiona_Apple)Tidal-08-The_Child_Is_Gone.mp3
2026-02-05T22:50:48.944944Z  INFO tokio-runtime-worker ThreadId(23) wkmp_ai::services::workflow_orchestrator: wkmp-ai\src\services\workflow_orchestrator\mod.rs:1733: Starting PLAN024 10-phase per-file pipeline (late audio decode) file="C:\\Users\\Mango Cat\\Music\\Apple, Fiona/Tidal/(Fiona_Apple)Tidal-08-The_Child_Is_Gone.mp3"
2026-02-05T22:50:48.945044Z DEBUG tokio-runtime-worker ThreadId(23) wkmp_ai::services::workflow_orchestrator: wkmp-ai\src\services\workflow_orchestrator\mod.rs:1742: Phase 1: Filename Matching - START file="C:\\Users\\Mango Cat\\Music\\Apple, Fiona/Tidal/(Fiona_Apple)Tidal-08-The_Child_Is_Gone.mp3"
2026-02-05T22:50:48.945141Z DEBUG tokio-runtime-worker ThreadId(23) wkmp_ai::services::filename_matcher: wkmp-ai\src\services\filename_matcher.rs:54: Checking if file exists in database path=Apple, Fiona/Tidal/(Fiona_Apple)Tidal-08-The_Child_Is_Gone.mp3 norm_us=7
2026-02-05T22:50:48.945453Z DEBUG tokio-runtime-worker ThreadId(23) wkmp_ai::services::workflow_orchestrator: wkmp-ai\src\services\workflow_orchestrator\mod.rs:3110: Starting per-file pipeline file_index=93 file_id=82952d30-4396-494e-98b2-088ee842a904 file=Apple, Fiona/Tidal/(Fiona_Apple)Tidal-09-Pale_September.mp3
2026-02-05T22:50:48.945616Z  INFO tokio-runtime-worker ThreadId(23) wkmp_ai::services::workflow_orchestrator: wkmp-ai\src\services\workflow_orchestrator\mod.rs:1733: Starting PLAN024 10-phase per-file pipeline (late audio decode) file="C:\\Users\\Mango Cat\\Music\\Apple, Fiona/Tidal/(Fiona_Apple)Tidal-09-Pale_September.mp3"
2026-02-05T22:50:48.945766Z DEBUG tokio-runtime-worker ThreadId(23) wkmp_ai::services::workflow_orchestrator: wkmp-ai\src\services\workflow_orchestrator\mod.rs:1742: Phase 1: Filename Matching - START file="C:\\Users\\Mango Cat\\Music\\Apple, Fiona/Tidal/(Fiona_Apple)Tidal-09-Pale_September.mp3"
2026-02-05T22:50:48.945919Z DEBUG tokio-runtime-worker ThreadId(23) wkmp_ai::services::filename_matcher: wkmp-ai\src\services\filename_matcher.rs:54: Checking if file exists in database path=Apple, Fiona/Tidal/(Fiona_Apple)Tidal-09-Pale_September.mp3 norm_us=4
2026-02-05T22:50:48.946233Z DEBUG tokio-runtime-worker ThreadId(23) wkmp_ai::api::sse: wkmp-ai\src\api\sse.rs:71: SSE: Broadcasting import event: ImportProgressUpdate
2026-02-05T22:50:48.947515Z DEBUG tokio-runtime-worker ThreadId(23) wkmp_ai::api::sse: wkmp-ai\src\api\sse.rs:71: SSE: Broadcasting import event: ImportProgressUpdate
2026-02-05T22:50:48.947752Z DEBUG tokio-runtime-worker ThreadId(23) wkmp_ai::api::sse: wkmp-ai\src\api\sse.rs:71: SSE: Broadcasting import event: ImportProgressUpdate
2026-02-05T22:50:48.948495Z DEBUG tokio-runtime-worker ThreadId(23) wkmp_ai::api::sse: wkmp-ai\src\api\sse.rs:71: SSE: Broadcasting import event: ImportProgressUpdate
2026-02-05T22:50:48.948726Z DEBUG tokio-runtime-worker ThreadId(23) wkmp_ai::api::sse: wkmp-ai\src\api\sse.rs:71: SSE: Broadcasting import event: ImportProgressUpdate
2026-02-05T22:50:48.949440Z DEBUG tokio-runtime-worker ThreadId(23) wkmp_ai::api::sse: wkmp-ai\src\api\sse.rs:71: SSE: Broadcasting import event: ImportProgressUpdate
2026-02-05T22:50:48.949723Z DEBUG tokio-runtime-worker ThreadId(23) wkmp_ai::api::sse: wkmp-ai\src\api\sse.rs:71: SSE: Broadcasting import event: ImportProgressUpdate
2026-02-05T22:50:48.950462Z DEBUG tokio-runtime-worker ThreadId(23) wkmp_ai::api::sse: wkmp-ai\src\api\sse.rs:71: SSE: Broadcasting import event: ImportProgressUpdate
2026-02-05T22:50:48.950662Z DEBUG tokio-runtime-worker ThreadId(23) wkmp_ai::api::sse: wkmp-ai\src\api\sse.rs:71: SSE: Broadcasting import event: ImportProgressUpdate
2026-02-05T22:50:48.951359Z DEBUG tokio-runtime-worker ThreadId(23) wkmp_ai::api::sse: wkmp-ai\src\api\sse.rs:71: SSE: Broadcasting import event: ImportProgressUpdate
2026-02-05T22:50:48.951552Z DEBUG tokio-runtime-worker ThreadId(23) wkmp_ai::api::sse: wkmp-ai\src\api\sse.rs:71: SSE: Broadcasting import event: ImportProgressUpdate
2026-02-05T22:50:48.952255Z DEBUG tokio-runtime-worker ThreadId(23) wkmp_ai::api::sse: wkmp-ai\src\api\sse.rs:71: SSE: Broadcasting import event: ImportProgressUpdate
2026-02-05T22:50:48.952649Z DEBUG tokio-runtime-worker ThreadId(23) wkmp_ai::api::sse: wkmp-ai\src\api\sse.rs:71: SSE: Broadcasting import event: ImportProgressUpdate
2026-02-05T22:50:48.953490Z DEBUG tokio-runtime-worker ThreadId(23) wkmp_ai::api::sse: wkmp-ai\src\api\sse.rs:71: SSE: Broadcasting import event: ImportProgressUpdate
2026-02-05T22:50:48.953800Z DEBUG tokio-runtime-worker ThreadId(23) wkmp_ai::api::sse: wkmp-ai\src\api\sse.rs:71: SSE: Broadcasting import event: ImportProgressUpdate
2026-02-05T22:50:48.954565Z DEBUG tokio-runtime-worker ThreadId(23) wkmp_ai::api::sse: wkmp-ai\src\api\sse.rs:71: SSE: Broadcasting import event: ImportProgressUpdate
2026-02-05T22:50:48.954760Z DEBUG tokio-runtime-worker ThreadId(23) wkmp_ai::api::sse: wkmp-ai\src\api\sse.rs:71: SSE: Broadcasting import event: ImportProgressUpdate
2026-02-05T22:50:48.955443Z DEBUG tokio-runtime-worker ThreadId(23) wkmp_ai::api::sse: wkmp-ai\src\api\sse.rs:71: SSE: Broadcasting import event: ImportProgressUpdate
2026-02-05T22:50:48.955659Z DEBUG tokio-runtime-worker ThreadId(23) wkmp_ai::api::sse: wkmp-ai\src\api\sse.rs:71: SSE: Broadcasting import event: ImportProgressUpdate
2026-02-05T22:50:48.956367Z DEBUG tokio-runtime-worker ThreadId(23) wkmp_ai::api::sse: wkmp-ai\src\api\sse.rs:71: SSE: Broadcasting import event: ImportProgressUpdate
2026-02-05T22:50:48.956562Z DEBUG tokio-runtime-worker ThreadId(23) wkmp_ai::api::sse: wkmp-ai\src\api\sse.rs:71: SSE: Broadcasting import event: ImportProgressUpdate
2026-02-05T22:50:48.957368Z DEBUG tokio-runtime-worker ThreadId(23) wkmp_ai::api::sse: wkmp-ai\src\api\sse.rs:71: SSE: Broadcasting import event: ImportProgressUpdate
2026-02-05T22:50:48.957725Z DEBUG tokio-runtime-worker ThreadId(23) wkmp_ai::api::sse: wkmp-ai\src\api\sse.rs:71: SSE: Broadcasting import event: ImportProgressUpdate
2026-02-05T22:50:48.958628Z DEBUG tokio-runtime-worker ThreadId(23) wkmp_ai::api::sse: wkmp-ai\src\api\sse.rs:71: SSE: Broadcasting import event: ImportProgressUpdate
2026-02-05T22:50:48.959095Z DEBUG tokio-runtime-worker ThreadId(23) wkmp_ai::services::filename_matcher: wkmp-ai\src\services\filename_matcher.rs:65: Database query completed path=Apple, Fiona/Tidal/(Fiona_Apple)Tidal-07-Never_Is_a_Promise.mp3 query_us=14324
2026-02-05T22:50:48.959279Z DEBUG tokio-runtime-worker ThreadId(23) wkmp_ai::services::filename_matcher: wkmp-ai\src\services\filename_matcher.rs:81: File already processed (INGEST COMPLETE) path=Apple, Fiona/Tidal/(Fiona_Apple)Tidal-07-Never_Is_a_Promise.mp3 guid=191785f3-b5f6-4892-ae0a-05eeb695a466
2026-02-05T22:50:48.959481Z  INFO tokio-runtime-worker ThreadId(23) wkmp_ai::services::workflow_orchestrator: wkmp-ai\src\services\workflow_orchestrator\mod.rs:1756: Phase 1 completed phase="Filename Matching" duration_ms=14 path_us=2 db_ms=14 file_index=91
2026-02-05T22:50:48.959658Z  INFO tokio-runtime-worker ThreadId(23) wkmp_ai::services::workflow_orchestrator: wkmp-ai\src\services\workflow_orchestrator\mod.rs:1770: File already processed (INGEST COMPLETE/NO AUDIO/DUPLICATE HASH), skipping all remaining phases file="C:\\Users\\Mango Cat\\Music\\Apple, Fiona/Tidal/(Fiona_Apple)Tidal-07-Never_Is_a_Promise.mp3" file_id=191785f3-b5f6-4892-ae0a-05eeb695a466
2026-02-05T22:50:48.959848Z DEBUG tokio-runtime-worker ThreadId(23) wkmp_ai::services::workflow_orchestrator: wkmp-ai\src\services\workflow_orchestrator\mod.rs:2928: File processing complete session_id=4b515178-85e0-43eb-8eb8-3f4fb38ec0c0 file_index=91 file=Apple, Fiona/Tidal/(Fiona_Apple)Tidal-07-Never_Is_a_Promise.mp3
2026-02-05T22:50:48.960025Z DEBUG tokio-runtime-worker ThreadId(23) wkmp_ai::services::workflow_orchestrator: wkmp-ai\src\services\workflow_orchestrator\mod.rs:1438: Acquiring all statistics Mutex locks for SSE conversion
2026-02-05T22:50:48.960148Z DEBUG tokio-runtime-worker ThreadId(23) wkmp_ai::services::workflow_orchestrator: wkmp-ai\src\services\workflow_orchestrator\mod.rs:1467: All statistics Mutex locks acquired and data cloned
2026-02-05T22:50:48.960326Z DEBUG tokio-runtime-worker ThreadId(23) wkmp_ai::services::workflow_orchestrator: wkmp-ai\src\services\workflow_orchestrator\mod.rs:1577: Releasing all statistics Mutex locks for SSE conversion
2026-02-05T22:50:48.960518Z DEBUG tokio-runtime-worker ThreadId(23) wkmp_ai::services::filename_matcher: wkmp-ai\src\services\filename_matcher.rs:65: Database query completed path=Apple, Fiona/Tidal/(Fiona_Apple)Tidal-08-The_Child_Is_Gone.mp3 query_us=15285
2026-02-05T22:50:48.960682Z DEBUG tokio-runtime-worker ThreadId(23) wkmp_ai::services::filename_matcher: wkmp-ai\src\services\filename_matcher.rs:81: File already processed (INGEST COMPLETE) path=Apple, Fiona/Tidal/(Fiona_Apple)Tidal-08-The_Child_Is_Gone.mp3 guid=0ad76e1e-cf80-4a94-8923-b9e5d5fab054
2026-02-05T22:50:48.960830Z  INFO tokio-runtime-worker ThreadId(23) wkmp_ai::services::workflow_orchestrator: wkmp-ai\src\services\workflow_orchestrator\mod.rs:1756: Phase 1 completed phase="Filename Matching" duration_ms=15 path_us=0 db_ms=15 file_index=92
2026-02-05T22:50:48.960980Z  INFO tokio-runtime-worker ThreadId(23) wkmp_ai::services::workflow_orchestrator: wkmp-ai\src\services\workflow_orchestrator\mod.rs:1770: File already processed (INGEST COMPLETE/NO AUDIO/DUPLICATE HASH), skipping all remaining phases file="C:\\Users\\Mango Cat\\Music\\Apple, Fiona/Tidal/(Fiona_Apple)Tidal-08-The_Child_Is_Gone.mp3" file_id=0ad76e1e-cf80-4a94-8923-b9e5d5fab054
2026-02-05T22:50:48.961128Z DEBUG tokio-runtime-worker ThreadId(23) wkmp_ai::services::workflow_orchestrator: wkmp-ai\src\services\workflow_orchestrator\mod.rs:2928: File processing complete session_id=4b515178-85e0-43eb-8eb8-3f4fb38ec0c0 file_index=92 file=Apple, Fiona/Tidal/(Fiona_Apple)Tidal-08-The_Child_Is_Gone.mp3
2026-02-05T22:50:48.961275Z DEBUG tokio-runtime-worker ThreadId(23) wkmp_ai::services::workflow_orchestrator: wkmp-ai\src\services\workflow_orchestrator\mod.rs:1438: Acquiring all statistics Mutex locks for SSE conversion
2026-02-05T22:50:48.961390Z DEBUG tokio-runtime-worker ThreadId(23) wkmp_ai::services::workflow_orchestrator: wkmp-ai\src\services\workflow_orchestrator\mod.rs:1467: All statistics Mutex locks acquired and data cloned
2026-02-05T22:50:48.961552Z DEBUG tokio-runtime-worker ThreadId(23) wkmp_ai::services::workflow_orchestrator: wkmp-ai\src\services\workflow_orchestrator\mod.rs:1577: Releasing all statistics Mutex locks for SSE conversion
2026-02-05T22:50:48.961865Z DEBUG tokio-runtime-worker ThreadId(23) wkmp_ai::services::filename_matcher: wkmp-ai\src\services\filename_matcher.rs:65: Database query completed path=Apple, Fiona/Tidal/(Fiona_Apple)Tidal-09-Pale_September.mp3 query_us=15810
2026-02-05T22:50:48.962002Z DEBUG tokio-runtime-worker ThreadId(23) wkmp_ai::services::filename_matcher: wkmp-ai\src\services\filename_matcher.rs:81: File already processed (INGEST COMPLETE) path=Apple, Fiona/Tidal/(Fiona_Apple)Tidal-09-Pale_September.mp3 guid=82952d30-4396-494e-98b2-088ee842a904
2026-02-05T22:50:48.962197Z  INFO tokio-runtime-worker ThreadId(23) wkmp_ai::services::workflow_orchestrator: wkmp-ai\src\services\workflow_orchestrator\mod.rs:1756: Phase 1 completed phase="Filename Matching" duration_ms=16 path_us=0 db_ms=16 file_index=93
2026-02-05T22:50:48.962520Z  INFO tokio-runtime-worker ThreadId(23) wkmp_ai::services::workflow_orchestrator: wkmp-ai\src\services\workflow_orchestrator\mod.rs:1770: File already processed (INGEST COMPLETE/NO AUDIO/DUPLICATE HASH), skipping all remaining phases file="C:\\Users\\Mango Cat\\Music\\Apple, Fiona/Tidal/(Fiona_Apple)Tidal-09-Pale_September.mp3" file_id=82952d30-4396-494e-98b2-088ee842a904
2026-02-05T22:50:48.962683Z DEBUG tokio-runtime-worker ThreadId(23) wkmp_ai::services::workflow_orchestrator: wkmp-ai\src\services\workflow_orchestrator\mod.rs:2928: File processing complete session_id=4b515178-85e0-43eb-8eb8-3f4fb38ec0c0 file_index=93 file=Apple, Fiona/Tidal/(Fiona_Apple)Tidal-09-Pale_September.mp3
2026-02-05T22:50:48.962824Z DEBUG tokio-runtime-worker ThreadId(23) wkmp_ai::services::workflow_orchestrator: wkmp-ai\src\services\workflow_orchestrator\mod.rs:1438: Acquiring all statistics Mutex locks for SSE conversion
2026-02-05T22:50:48.962913Z DEBUG tokio-runtime-worker ThreadId(23) wkmp_ai::services::workflow_orchestrator: wkmp-ai\src\services\workflow_orchestrator\mod.rs:1467: All statistics Mutex locks acquired and data cloned
2026-02-05T22:50:48.963053Z DEBUG tokio-runtime-worker ThreadId(23) wkmp_ai::services::workflow_orchestrator: wkmp-ai\src\services\workflow_orchestrator\mod.rs:1577: Releasing all statistics Mutex locks for SSE conversion
2026-02-05T22:50:48.963168Z DEBUG tokio-runtime-worker ThreadId(23) wkmp_ai::services::workflow_orchestrator: wkmp-ai\src\services\workflow_orchestrator\mod.rs:3110: Starting per-file pipeline file_index=94 file_id=e9089392-b36e-411b-9a8c-9b50766c1085 file=Apple, Fiona/Tidal/(Fiona_Apple)Tidal-10-Carrion.mp3
2026-02-05T22:50:48.963278Z  INFO tokio-runtime-worker ThreadId(23) wkmp_ai::services::workflow_orchestrator: wkmp-ai\src\services\workflow_orchestrator\mod.rs:1733: Starting PLAN024 10-phase per-file pipeline (late audio decode) file="C:\\Users\\Mango Cat\\Music\\Apple, Fiona/Tidal/(Fiona_Apple)Tidal-10-Carrion.mp3"
2026-02-05T22:50:48.963388Z DEBUG tokio-runtime-worker ThreadId(23) wkmp_ai::services::workflow_orchestrator: wkmp-ai\src\services\workflow_orchestrator\mod.rs:1742: Phase 1: Filename Matching - START file="C:\\Users\\Mango Cat\\Music\\Apple, Fiona/Tidal/(Fiona_Apple)Tidal-10-Carrion.mp3"
2026-02-05T22:50:48.963491Z DEBUG tokio-runtime-worker ThreadId(23) wkmp_ai::services::filename_matcher: wkmp-ai\src\services\filename_matcher.rs:54: Checking if file exists in database path=Apple, Fiona/Tidal/(Fiona_Apple)Tidal-10-Carrion.mp3 norm_us=8
2026-02-05T22:50:48.963627Z DEBUG tokio-runtime-worker ThreadId(23) wkmp_ai::services::workflow_orchestrator: wkmp-ai\src\services\workflow_orchestrator\mod.rs:3110: Starting per-file pipeline file_index=95 file_id=b0a01a6f-12aa-4087-b2e5-95793ed0da93 file=Aretha Franklin/Knew You Were Waiting The Best of Aretha Franklin 1980–1998/01 - United Together (single version).mp3
2026-02-05T22:50:48.963737Z  INFO tokio-runtime-worker ThreadId(23) wkmp_ai::services::workflow_orchestrator: wkmp-ai\src\services\workflow_orchestrator\mod.rs:1733: Starting PLAN024 10-phase per-file pipeline (late audio decode) file="C:\\Users\\Mango Cat\\Music\\Aretha Franklin/Knew You Were Waiting\u{f03a} The Best of Aretha Franklin 1980–1998/01 - United Together (single version).mp3"
2026-02-05T22:50:48.963843Z DEBUG tokio-runtime-worker ThreadId(23) wkmp_ai::services::workflow_orchestrator: wkmp-ai\src\services\workflow_orchestrator\mod.rs:1742: Phase 1: Filename Matching - START file="C:\\Users\\Mango Cat\\Music\\Aretha Franklin/Knew You Were Waiting\u{f03a} The Best of Aretha Franklin 1980–1998/01 - United Together (single version).mp3"
2026-02-05T22:50:48.963944Z DEBUG tokio-runtime-worker ThreadId(23) wkmp_ai::services::filename_matcher: wkmp-ai\src\services\filename_matcher.rs:54: Checking if file exists in database path=Aretha Franklin/Knew You Were Waiting The Best of Aretha Franklin 1980–1998/01 - United Together (single version).mp3 norm_us=3
2026-02-05T22:50:48.964081Z DEBUG tokio-runtime-worker ThreadId(23) wkmp_ai::services::workflow_orchestrator: wkmp-ai\src\services\workflow_orchestrator\mod.rs:3110: Starting per-file pipeline file_index=96 file_id=2062ef41-9589-4ae1-b192-80dfac9ab310 file=Aretha Franklin/Knew You Were Waiting The Best of Aretha Franklin 1980–1998/02 - Love All the Hurt Away.mp3
2026-02-05T22:50:48.964189Z  INFO tokio-runtime-worker ThreadId(23) wkmp_ai::services::workflow_orchestrator: wkmp-ai\src\services\workflow_orchestrator\mod.rs:1733: Starting PLAN024 10-phase per-file pipeline (late audio decode) file="C:\\Users\\Mango Cat\\Music\\Aretha Franklin/Knew You Were Waiting\u{f03a} The Best of Aretha Franklin 1980–1998/02 - Love All the Hurt Away.mp3"
2026-02-05T22:50:48.964298Z DEBUG tokio-runtime-worker ThreadId(23) wkmp_ai::services::workflow_orchestrator: wkmp-ai\src\services\workflow_orchestrator\mod.rs:1742: Phase 1: Filename Matching - START file="C:\\Users\\Mango Cat\\Music\\Aretha Franklin/Knew You Were Waiting\u{f03a} The Best of Aretha Franklin 1980–1998/02 - Love All the Hurt Away.mp3"
2026-02-05T22:50:48.964410Z DEBUG tokio-runtime-worker ThreadId(23) wkmp_ai::services::filename_matcher: wkmp-ai\src\services\filename_matcher.rs:54: Checking if file exists in database path=Aretha Franklin/Knew You Were Waiting The Best of Aretha Franklin 1980–1998/02 - Love All the Hurt Away.mp3 norm_us=6
2026-02-05T22:50:48.964673Z DEBUG tokio-runtime-worker ThreadId(23) wkmp_ai::api::sse: wkmp-ai\src\api\sse.rs:71: SSE: Broadcasting import event: ImportProgressUpdate
2026-02-05T22:50:48.965529Z DEBUG tokio-runtime-worker ThreadId(23) wkmp_ai::api::sse: wkmp-ai\src\api\sse.rs:71: SSE: Broadcasting import event: ImportProgressUpdate
2026-02-05T22:50:48.965770Z DEBUG tokio-runtime-worker ThreadId(23) wkmp_ai::api::sse: wkmp-ai\src\api\sse.rs:71: SSE: Broadcasting import event: ImportProgressUpdate
2026-02-05T22:50:48.966550Z DEBUG tokio-runtime-worker ThreadId(23) wkmp_ai::api::sse: wkmp-ai\src\api\sse.rs:71: SSE: Broadcasting import event: ImportProgressUpdate
2026-02-05T22:50:48.966772Z DEBUG tokio-runtime-worker ThreadId(23) wkmp_ai::api::sse: wkmp-ai\src\api\sse.rs:71: SSE: Broadcasting import event: ImportProgressUpdate
2026-02-05T22:50:48.967555Z DEBUG tokio-runtime-worker ThreadId(23) wkmp_ai::api::sse: wkmp-ai\src\api\sse.rs:71: SSE: Broadcasting import event: ImportProgressUpdate
2026-02-05T22:50:48.967887Z DEBUG tokio-runtime-worker ThreadId(23) wkmp_ai::api::sse: wkmp-ai\src\api\sse.rs:71: SSE: Broadcasting import event: ImportProgressUpdate
2026-02-05T22:50:48.968723Z DEBUG tokio-runtime-worker ThreadId(23) wkmp_ai::api::sse: wkmp-ai\src\api\sse.rs:71: SSE: Broadcasting import event: ImportProgressUpdate
2026-02-05T22:50:48.968945Z DEBUG tokio-runtime-worker ThreadId(23) wkmp_ai::api::sse: wkmp-ai\src\api\sse.rs:71: SSE: Broadcasting import event: ImportProgressUpdate
2026-02-05T22:50:48.969783Z DEBUG tokio-runtime-worker ThreadId(23) wkmp_ai::api::sse: wkmp-ai\src\api\sse.rs:71: SSE: Broadcasting import event: ImportProgressUpdate
2026-02-05T22:50:48.970002Z DEBUG tokio-runtime-worker ThreadId(23) wkmp_ai::api::sse: wkmp-ai\src\api\sse.rs:71: SSE: Broadcasting import event: ImportProgressUpdate
2026-02-05T22:50:48.970750Z DEBUG tokio-runtime-worker ThreadId(23) wkmp_ai::api::sse: wkmp-ai\src\api\sse.rs:71: SSE: Broadcasting import event: ImportProgressUpdate
2026-02-05T22:50:48.971086Z DEBUG tokio-runtime-worker ThreadId(23) wkmp_ai::services::filename_matcher: wkmp-ai\src\services\filename_matcher.rs:65: Database query completed path=Apple, Fiona/Tidal/(Fiona_Apple)Tidal-10-Carrion.mp3 query_us=7496
2026-02-05T22:50:48.971213Z DEBUG tokio-runtime-worker ThreadId(23) wkmp_ai::services::filename_matcher: wkmp-ai\src\services\filename_matcher.rs:81: File already processed (INGEST COMPLETE) path=Apple, Fiona/Tidal/(Fiona_Apple)Tidal-10-Carrion.mp3 guid=e9089392-b36e-411b-9a8c-9b50766c1085
2026-02-05T22:50:48.971397Z  INFO tokio-runtime-worker ThreadId(23) wkmp_ai::services::workflow_orchestrator: wkmp-ai\src\services\workflow_orchestrator\mod.rs:1756: Phase 1 completed phase="Filename Matching" duration_ms=8 path_us=1 db_ms=7 file_index=94
2026-02-05T22:50:48.971510Z  INFO tokio-runtime-worker ThreadId(23) wkmp_ai::services::workflow_orchestrator: wkmp-ai\src\services\workflow_orchestrator\mod.rs:1770: File already processed (INGEST COMPLETE/NO AUDIO/DUPLICATE HASH), skipping all remaining phases file="C:\\Users\\Mango Cat\\Music\\Apple, Fiona/Tidal/(Fiona_Apple)Tidal-10-Carrion.mp3" file_id=e9089392-b36e-411b-9a8c-9b50766c1085
2026-02-05T22:50:48.971644Z DEBUG tokio-runtime-worker ThreadId(23) wkmp_ai::services::workflow_orchestrator: wkmp-ai\src\services\workflow_orchestrator\mod.rs:2928: File processing complete session_id=4b515178-85e0-43eb-8eb8-3f4fb38ec0c0 file_index=94 file=Apple, Fiona/Tidal/(Fiona_Apple)Tidal-10-Carrion.mp3
2026-02-05T22:50:48.971797Z DEBUG tokio-runtime-worker ThreadId(23) wkmp_ai::services::workflow_orchestrator: wkmp-ai\src\services\workflow_orchestrator\mod.rs:1438: Acquiring all statistics Mutex locks for SSE conversion
2026-02-05T22:50:48.971905Z DEBUG tokio-runtime-worker ThreadId(23) wkmp_ai::services::workflow_orchestrator: wkmp-ai\src\services\workflow_orchestrator\mod.rs:1467: All statistics Mutex locks acquired and data cloned
2026-02-05T22:50:48.972041Z DEBUG tokio-runtime-worker ThreadId(23) wkmp_ai::services::workflow_orchestrator: wkmp-ai\src\services\workflow_orchestrator\mod.rs:1577: Releasing all statistics Mutex locks for SSE conversion
2026-02-05T22:50:48.972160Z DEBUG tokio-runtime-worker ThreadId(23) wkmp_ai::services::filename_matcher: wkmp-ai\src\services\filename_matcher.rs:65: Database query completed path=Aretha Franklin/Knew You Were Waiting The Best of Aretha Franklin 1980–1998/01 - United Together (single version).mp3 query_us=8118
2026-02-05T22:50:48.972313Z DEBUG tokio-runtime-worker ThreadId(23) wkmp_ai::services::filename_matcher: wkmp-ai\src\services\filename_matcher.rs:81: File already processed (INGEST COMPLETE) path=Aretha Franklin/Knew You Were Waiting The Best of Aretha Franklin 1980–1998/01 - United Together (single version).mp3 guid=b0a01a6f-12aa-4087-b2e5-95793ed0da93
2026-02-05T22:50:48.972422Z  INFO tokio-runtime-worker ThreadId(23) wkmp_ai::services::workflow_orchestrator: wkmp-ai\src\services\workflow_orchestrator\mod.rs:1756: Phase 1 completed phase="Filename Matching" duration_ms=8 path_us=0 db_ms=8 file_index=95
2026-02-05T22:50:48.972523Z  INFO tokio-runtime-worker ThreadId(23) wkmp_ai::services::workflow_orchestrator: wkmp-ai\src\services\workflow_orchestrator\mod.rs:1770: File already processed (INGEST COMPLETE/NO AUDIO/DUPLICATE HASH), skipping all remaining phases file="C:\\Users\\Mango Cat\\Music\\Aretha Franklin/Knew You Were Waiting\u{f03a} The Best of Aretha Franklin 1980–1998/01 - United Together (single version).mp3" file_id=b0a01a6f-12aa-4087-b2e5-95793ed0da93
2026-02-05T22:50:48.972713Z DEBUG tokio-runtime-worker ThreadId(23) wkmp_ai::services::workflow_orchestrator: wkmp-ai\src\services\workflow_orchestrator\mod.rs:2928: File processing complete session_id=4b515178-85e0-43eb-8eb8-3f4fb38ec0c0 file_index=95 file=Aretha Franklin/Knew You Were Waiting The Best of Aretha Franklin 1980–1998/01 - United Together (single version).mp3
2026-02-05T22:50:48.972892Z DEBUG tokio-runtime-worker ThreadId(23) wkmp_ai::services::workflow_orchestrator: wkmp-ai\src\services\workflow_orchestrator\mod.rs:1438: Acquiring all statistics Mutex locks for SSE conversion
2026-02-05T22:50:48.973036Z DEBUG tokio-runtime-worker ThreadId(23) wkmp_ai::services::workflow_orchestrator: wkmp-ai\src\services\workflow_orchestrator\mod.rs:1467: All statistics Mutex locks acquired and data cloned
2026-02-05T22:50:48.973251Z DEBUG tokio-runtime-worker ThreadId(23) wkmp_ai::services::workflow_orchestrator: wkmp-ai\src\services\workflow_orchestrator\mod.rs:1577: Releasing all statistics Mutex locks for SSE conversion
2026-02-05T22:50:48.973403Z DEBUG tokio-runtime-worker ThreadId(23) wkmp_ai::services::filename_matcher: wkmp-ai\src\services\filename_matcher.rs:65: Database query completed path=Aretha Franklin/Knew You Were Waiting The Best of Aretha Franklin 1980–1998/02 - Love All the Hurt Away.mp3 query_us=8886
2026-02-05T22:50:48.973538Z DEBUG tokio-runtime-worker ThreadId(23) wkmp_ai::services::filename_matcher: wkmp-ai\src\services\filename_matcher.rs:81: File already processed (INGEST COMPLETE) path=Aretha Franklin/Knew You Were Waiting The Best of Aretha Franklin 1980–1998/02 - Love All the Hurt Away.mp3 guid=2062ef41-9589-4ae1-b192-80dfac9ab310
2026-02-05T22:50:48.973802Z  INFO tokio-runtime-worker ThreadId(23) wkmp_ai::services::workflow_orchestrator: wkmp-ai\src\services\workflow_orchestrator\mod.rs:1756: Phase 1 completed phase="Filename Matching" duration_ms=9 path_us=2 db_ms=9 file_index=96
2026-02-05T22:50:48.973928Z  INFO tokio-runtime-worker ThreadId(23) wkmp_ai::services::workflow_orchestrator: wkmp-ai\src\services\workflow_orchestrator\mod.rs:1770: File already processed (INGEST COMPLETE/NO AUDIO/DUPLICATE HASH), skipping all remaining phases file="C:\\Users\\Mango Cat\\Music\\Aretha Franklin/Knew You Were Waiting\u{f03a} The Best of Aretha Franklin 1980–1998/02 - Love All the Hurt Away.mp3" file_id=2062ef41-9589-4ae1-b192-80dfac9ab310
2026-02-05T22:50:48.974087Z DEBUG tokio-runtime-worker ThreadId(23) wkmp_ai::services::workflow_orchestrator: wkmp-ai\src\services\workflow_orchestrator\mod.rs:2928: File processing complete session_id=4b515178-85e0-43eb-8eb8-3f4fb38ec0c0 file_index=96 file=Aretha Franklin/Knew You Were Waiting The Best of Aretha Franklin 1980–1998/02 - Love All the Hurt Away.mp3
2026-02-05T22:50:48.974295Z DEBUG tokio-runtime-worker ThreadId(23) wkmp_ai::services::workflow_orchestrator: wkmp-ai\src\services\workflow_orchestrator\mod.rs:1438: Acquiring all statistics Mutex locks for SSE conversion
2026-02-05T22:50:48.974413Z DEBUG tokio-runtime-worker ThreadId(23) wkmp_ai::services::workflow_orchestrator: wkmp-ai\src\services\workflow_orchestrator\mod.rs:1467: All statistics Mutex locks acquired and data cloned
2026-02-05T22:50:48.974646Z DEBUG tokio-runtime-worker ThreadId(23) wkmp_ai::services::workflow_orchestrator: wkmp-ai\src\services\workflow_orchestrator\mod.rs:1577: Releasing all statistics Mutex locks for SSE conversion
2026-02-05T22:50:48.974759Z DEBUG tokio-runtime-worker ThreadId(23) wkmp_ai::services::workflow_orchestrator: wkmp-ai\src\services\workflow_orchestrator\mod.rs:3110: Starting per-file pipeline file_index=97 file_id=6948a174-c014-4eb8-8c5b-e7458ea8ff42 file=Aretha Franklin/Knew You Were Waiting The Best of Aretha Franklin 1980–1998/03 - Jump to It (original radio mix).mp3
2026-02-05T22:50:48.974908Z  INFO tokio-runtime-worker ThreadId(23) wkmp_ai::services::workflow_orchestrator: wkmp-ai\src\services\workflow_orchestrator\mod.rs:1733: Starting PLAN024 10-phase per-file pipeline (late audio decode) file="C:\\Users\\Mango Cat\\Music\\Aretha Franklin/Knew You Were Waiting\u{f03a} The Best of Aretha Franklin 1980–1998/03 - Jump to It (original radio mix).mp3"
2026-02-05T22:50:48.975135Z DEBUG tokio-runtime-worker ThreadId(23) wkmp_ai::services::workflow_orchestrator: wkmp-ai\src\services\workflow_orchestrator\mod.rs:1742: Phase 1: Filename Matching - START file="C:\\Users\\Mango Cat\\Music\\Aretha Franklin/Knew You Were Waiting\u{f03a} The Best of Aretha Franklin 1980–1998/03 - Jump to It (original radio mix).mp3"
2026-02-05T22:50:48.975316Z DEBUG tokio-runtime-worker ThreadId(23) wkmp_ai::services::filename_matcher: wkmp-ai\src\services\filename_matcher.rs:54: Checking if file exists in database path=Aretha Franklin/Knew You Were Waiting The Best of Aretha Franklin 1980–1998/03 - Jump to It (original radio mix).mp3 norm_us=8
2026-02-05T22:50:48.975508Z DEBUG tokio-runtime-worker ThreadId(23) wkmp_ai::services::workflow_orchestrator: wkmp-ai\src\services\workflow_orchestrator\mod.rs:3110: Starting per-file pipeline file_index=98 file_id=d13df405-aac5-47eb-b0c4-d7062c825ac8 file=Aretha Franklin/Knew You Were Waiting The Best of Aretha Franklin 1980–1998/04 - Get It Right.mp3
2026-02-05T22:50:48.975656Z  INFO tokio-runtime-worker ThreadId(23) wkmp_ai::services::workflow_orchestrator: wkmp-ai\src\services\workflow_orchestrator\mod.rs:1733: Starting PLAN024 10-phase per-file pipeline (late audio decode) file="C:\\Users\\Mango Cat\\Music\\Aretha Franklin/Knew You Were Waiting\u{f03a} The Best of Aretha Franklin 1980–1998/04 - Get It Right.mp3"
2026-02-05T22:50:48.975807Z DEBUG tokio-runtime-worker ThreadId(23) wkmp_ai::services::workflow_orchestrator: wkmp-ai\src\services\workflow_orchestrator\mod.rs:1742: Phase 1: Filename Matching - START file="C:\\Users\\Mango Cat\\Music\\Aretha Franklin/Knew You Were Waiting\u{f03a} The Best of Aretha Franklin 1980–1998/04 - Get It Right.mp3"
2026-02-05T22:50:48.975941Z DEBUG tokio-runtime-worker ThreadId(23) wkmp_ai::services::filename_matcher: wkmp-ai\src\services\filename_matcher.rs:54: Checking if file exists in database path=Aretha Franklin/Knew You Were Waiting The Best of Aretha Franklin 1980–1998/04 - Get It Right.mp3 norm_us=6
2026-02-05T22:50:48.976062Z DEBUG tokio-runtime-worker ThreadId(23) wkmp_ai::services::workflow_orchestrator: wkmp-ai\src\services\workflow_orchestrator\mod.rs:3110: Starting per-file pipeline file_index=99 file_id=671a9b8f-e24d-43eb-989d-491c2c6522e3 file=Aretha Franklin/Knew You Were Waiting The Best of Aretha Franklin 1980–1998/05 - Freeway of Love (single version).mp3
2026-02-05T22:50:48.976172Z  INFO tokio-runtime-worker ThreadId(23) wkmp_ai::services::workflow_orchestrator: wkmp-ai\src\services\workflow_orchestrator\mod.rs:1733: Starting PLAN024 10-phase per-file pipeline (late audio decode) file="C:\\Users\\Mango Cat\\Music\\Aretha Franklin/Knew You Were Waiting\u{f03a} The Best of Aretha Franklin 1980–1998/05 - Freeway of Love (single version).mp3"
2026-02-05T22:50:48.976356Z DEBUG tokio-runtime-worker ThreadId(23) wkmp_ai::services::workflow_orchestrator: wkmp-ai\src\services\workflow_orchestrator\mod.rs:1742: Phase 1: Filename Matching - START file="C:\\Users\\Mango Cat\\Music\\Aretha Franklin/Knew You Were Waiting\u{f03a} The Best of Aretha Franklin 1980–1998/05 - Freeway of Love (single version).mp3"
2026-02-05T22:50:48.976534Z DEBUG tokio-runtime-worker ThreadId(23) wkmp_ai::services::filename_matcher: wkmp-ai\src\services\filename_matcher.rs:54: Checking if file exists in database path=Aretha Franklin/Knew You Were Waiting The Best of Aretha Franklin 1980–1998/05 - Freeway of Love (single version).mp3 norm_us=4
2026-02-05T22:50:48.976868Z DEBUG tokio-runtime-worker ThreadId(23) wkmp_ai::api::sse: wkmp-ai\src\api\sse.rs:71: SSE: Broadcasting import event: ImportProgressUpdate
2026-02-05T22:50:48.977717Z DEBUG tokio-runtime-worker ThreadId(23) wkmp_ai::api::sse: wkmp-ai\src\api\sse.rs:71: SSE: Broadcasting import event: ImportProgressUpdate
2026-02-05T22:50:48.977930Z DEBUG tokio-runtime-worker ThreadId(23) wkmp_ai::api::sse: wkmp-ai\src\api\sse.rs:71: SSE: Broadcasting import event: ImportProgressUpdate
2026-02-05T22:50:48.978721Z DEBUG tokio-runtime-worker ThreadId(23) wkmp_ai::api::sse: wkmp-ai\src\api\sse.rs:71: SSE: Broadcasting import event: ImportProgressUpdate
2026-02-05T22:50:48.978945Z DEBUG tokio-runtime-worker ThreadId(23) wkmp_ai::api::sse: wkmp-ai\src\api\sse.rs:71: SSE: Broadcasting import event: ImportProgressUpdate
2026-02-05T22:50:48.979755Z DEBUG tokio-runtime-worker ThreadId(23) wkmp_ai::api::sse: wkmp-ai\src\api\sse.rs:71: SSE: Broadcasting import event: ImportProgressUpdate
2026-02-05T22:50:48.980116Z DEBUG tokio-runtime-worker ThreadId(23) wkmp_ai::api::sse: wkmp-ai\src\api\sse.rs:71: SSE: Broadcasting import event: ImportProgressUpdate
2026-02-05T22:50:48.980999Z DEBUG tokio-runtime-worker ThreadId(23) wkmp_ai::api::sse: wkmp-ai\src\api\sse.rs:71: SSE: Broadcasting import event: ImportProgressUpdate
2026-02-05T22:50:48.981272Z DEBUG tokio-runtime-worker ThreadId(23) wkmp_ai::api::sse: wkmp-ai\src\api\sse.rs:71: SSE: Broadcasting import event: ImportProgressUpdate
2026-02-05T22:50:48.982126Z DEBUG tokio-runtime-worker ThreadId(23) wkmp_ai::api::sse: wkmp-ai\src\api\sse.rs:71: SSE: Broadcasting import event: ImportProgressUpdate
2026-02-05T22:50:48.982777Z DEBUG tokio-runtime-worker ThreadId(23) wkmp_ai::api::sse: wkmp-ai\src\api\sse.rs:71: SSE: Broadcasting import event: ImportProgressUpdate
2026-02-05T22:50:48.983693Z DEBUG tokio-runtime-worker ThreadId(23) wkmp_ai::api::sse: wkmp-ai\src\api\sse.rs:71: SSE: Broadcasting import event: ImportProgressUpdate
2026-02-05T22:50:48.984207Z DEBUG tokio-runtime-worker ThreadId(23) wkmp_ai::services::filename_matcher: wkmp-ai\src\services\filename_matcher.rs:65: Database query completed path=Aretha Franklin/Knew You Were Waiting The Best of Aretha Franklin 1980–1998/05 - Freeway of Love (single version).mp3 query_us=7560
2026-02-05T22:50:48.984342Z DEBUG tokio-runtime-worker ThreadId(23) wkmp_ai::services::filename_matcher: wkmp-ai\src\services\filename_matcher.rs:81: File already processed (INGEST COMPLETE) path=Aretha Franklin/Knew You Were Waiting The Best of Aretha Franklin 1980–1998/05 - Freeway of Love (single version).mp3 guid=671a9b8f-e24d-43eb-989d-491c2c6522e3
2026-02-05T22:50:48.984461Z  INFO tokio-runtime-worker ThreadId(23) wkmp_ai::services::workflow_orchestrator: wkmp-ai\src\services\workflow_orchestrator\mod.rs:1756: Phase 1 completed phase="Filename Matching" duration_ms=8 path_us=58 db_ms=7 file_index=99
2026-02-05T22:50:48.984638Z  INFO tokio-runtime-worker ThreadId(23) wkmp_ai::services::workflow_orchestrator: wkmp-ai\src\services\workflow_orchestrator\mod.rs:1770: File already processed (INGEST COMPLETE/NO AUDIO/DUPLICATE HASH), skipping all remaining phases file="C:\\Users\\Mango Cat\\Music\\Aretha Franklin/Knew You Were Waiting\u{f03a} The Best of Aretha Franklin 1980–1998/05 - Freeway of Love (single version).mp3" file_id=671a9b8f-e24d-43eb-989d-491c2c6522e3
2026-02-05T22:50:48.984780Z DEBUG tokio-runtime-worker ThreadId(23) wkmp_ai::services::workflow_orchestrator: wkmp-ai\src\services\workflow_orchestrator\mod.rs:2928: File processing complete session_id=4b515178-85e0-43eb-8eb8-3f4fb38ec0c0 file_index=99 file=Aretha Franklin/Knew You Were Waiting The Best of Aretha Franklin 1980–1998/05 - Freeway of Love (single version).mp3
2026-02-05T22:50:48.984924Z DEBUG tokio-runtime-worker ThreadId(23) wkmp_ai::services::workflow_orchestrator: wkmp-ai\src\services\workflow_orchestrator\mod.rs:1438: Acquiring all statistics Mutex locks for SSE conversion
2026-02-05T22:50:48.985117Z DEBUG tokio-runtime-worker ThreadId(23) wkmp_ai::services::workflow_orchestrator: wkmp-ai\src\services\workflow_orchestrator\mod.rs:1467: All statistics Mutex locks acquired and data cloned
2026-02-05T22:50:48.985352Z DEBUG tokio-runtime-worker ThreadId(23) wkmp_ai::services::workflow_orchestrator: wkmp-ai\src\services\workflow_orchestrator\mod.rs:1577: Releasing all statistics Mutex locks for SSE conversion
2026-02-05T22:50:48.985477Z DEBUG tokio-runtime-worker ThreadId(23) wkmp_ai::services::filename_matcher: wkmp-ai\src\services\filename_matcher.rs:65: Database query completed path=Aretha Franklin/Knew You Were Waiting The Best of Aretha Franklin 1980–1998/03 - Jump to It (original radio mix).mp3 query_us=10020
2026-02-05T22:50:48.985659Z DEBUG tokio-runtime-worker ThreadId(23) wkmp_ai::services::filename_matcher: wkmp-ai\src\services\filename_matcher.rs:81: File already processed (INGEST COMPLETE) path=Aretha Franklin/Knew You Were Waiting The Best of Aretha Franklin 1980–1998/03 - Jump to It (original radio mix).mp3 guid=6948a174-c014-4eb8-8c5b-e7458ea8ff42
2026-02-05T22:50:48.985779Z  INFO tokio-runtime-worker ThreadId(23) wkmp_ai::services::workflow_orchestrator: wkmp-ai\src\services\workflow_orchestrator\mod.rs:1756: Phase 1 completed phase="Filename Matching" duration_ms=10 path_us=2 db_ms=10 file_index=97
2026-02-05T22:50:48.985981Z  INFO tokio-runtime-worker ThreadId(23) wkmp_ai::services::workflow_orchestrator: wkmp-ai\src\services\workflow_orchestrator\mod.rs:1770: File already processed (INGEST COMPLETE/NO AUDIO/DUPLICATE HASH), skipping all remaining phases file="C:\\Users\\Mango Cat\\Music\\Aretha Franklin/Knew You Were Waiting\u{f03a} The Best of Aretha Franklin 1980–1998/03 - Jump to It (original radio mix).mp3" file_id=6948a174-c014-4eb8-8c5b-e7458ea8ff42
2026-02-05T22:50:48.986121Z DEBUG tokio-runtime-worker ThreadId(23) wkmp_ai::services::workflow_orchestrator: wkmp-ai\src\services\workflow_orchestrator\mod.rs:2928: File processing complete session_id=4b515178-85e0-43eb-8eb8-3f4fb38ec0c0 file_index=97 file=Aretha Franklin/Knew You Were Waiting The Best of Aretha Franklin 1980–1998/03 - Jump to It (original radio mix).mp3
2026-02-05T22:50:48.992995Z DEBUG tokio-runtime-worker ThreadId(23) wkmp_ai::services::workflow_orchestrator: wkmp-ai\src\services\workflow_orchestrator\mod.rs:1438: Acquiring all statistics Mutex locks for SSE conversion
2026-02-05T22:50:48.993325Z DEBUG tokio-runtime-worker ThreadId(23) wkmp_ai::services::workflow_orchestrator: wkmp-ai\src\services\workflow_orchestrator\mod.rs:1467: All statistics Mutex locks acquired and data cloned
2026-02-05T22:50:48.993693Z DEBUG tokio-runtime-worker ThreadId(23) wkmp_ai::services::workflow_orchestrator: wkmp-ai\src\services\workflow_orchestrator\mod.rs:1577: Releasing all statistics Mutex locks for SSE conversion
2026-02-05T22:50:48.994013Z DEBUG tokio-runtime-worker ThreadId(23) wkmp_ai::services::filename_matcher: wkmp-ai\src\services\filename_matcher.rs:65: Database query completed path=Aretha Franklin/Knew You Were Waiting The Best of Aretha Franklin 1980–1998/04 - Get It Right.mp3 query_us=17972
2026-02-05T22:50:48.994147Z DEBUG tokio-runtime-worker ThreadId(23) wkmp_ai::services::filename_matcher: wkmp-ai\src\services\filename_matcher.rs:81: File already processed (INGEST COMPLETE) path=Aretha Franklin/Knew You Were Waiting The Best of Aretha Franklin 1980–1998/04 - Get It Right.mp3 guid=d13df405-aac5-47eb-b0c4-d7062c825ac8
2026-02-05T22:50:48.994308Z  INFO tokio-runtime-worker ThreadId(23) wkmp_ai::services::workflow_orchestrator: wkmp-ai\src\services\workflow_orchestrator\mod.rs:1756: Phase 1 completed phase="Filename Matching" duration_ms=18 path_us=1 db_ms=18 file_index=98
2026-02-05T22:50:48.994449Z  INFO tokio-runtime-worker ThreadId(23) wkmp_ai::services::workflow_orchestrator: wkmp-ai\src\services\workflow_orchestrator\mod.rs:1770: File already processed (INGEST COMPLETE/NO AUDIO/DUPLICATE HASH), skipping all remaining phases file="C:\\Users\\Mango Cat\\Music\\Aretha Franklin/Knew You Were Waiting\u{f03a} The Best of Aretha Franklin 1980–1998/04 - Get It Right.mp3" file_id=d13df405-aac5-47eb-b0c4-d7062c825ac8
2026-02-05T22:50:48.994602Z DEBUG tokio-runtime-worker ThreadId(23) wkmp_ai::services::workflow_orchestrator: wkmp-ai\src\services\workflow_orchestrator\mod.rs:2928: File processing complete session_id=4b515178-85e0-43eb-8eb8-3f4fb38ec0c0 file_index=98 file=Aretha Franklin/Knew You Were Waiting The Best of Aretha Franklin 1980–1998/04 - Get It Right.mp3
2026-02-05T22:50:48.994783Z DEBUG tokio-runtime-worker ThreadId(23) wkmp_ai::services::workflow_orchestrator: wkmp-ai\src\services\workflow_orchestrator\mod.rs:1438: Acquiring all statistics Mutex locks for SSE conversion
2026-02-05T22:50:48.994978Z DEBUG tokio-runtime-worker ThreadId(23) wkmp_ai::services::workflow_orchestrator: wkmp-ai\src\services\workflow_orchestrator\mod.rs:1467: All statistics Mutex locks acquired and data cloned
2026-02-05T22:50:48.995295Z DEBUG tokio-runtime-worker ThreadId(23) wkmp_ai::services::workflow_orchestrator: wkmp-ai\src\services\workflow_orchestrator\mod.rs:1577: Releasing all statistics Mutex locks for SSE conversion
2026-02-05T22:50:48.995405Z DEBUG tokio-runtime-worker ThreadId(23) wkmp_ai::services::workflow_orchestrator: wkmp-ai\src\services\workflow_orchestrator\mod.rs:3110: Starting per-file pipeline file_index=100 file_id=3018fc32-3091-4e8f-b38e-e9504217036a file=Aretha Franklin/Knew You Were Waiting The Best of Aretha Franklin 1980–1998/06 - Who's Zoomin' Who (single version).mp3
2026-02-05T22:50:48.995531Z  INFO tokio-runtime-worker ThreadId(23) wkmp_ai::services::workflow_orchestrator: wkmp-ai\src\services\workflow_orchestrator\mod.rs:1733: Starting PLAN024 10-phase per-file pipeline (late audio decode) file="C:\\Users\\Mango Cat\\Music\\Aretha Franklin/Knew You Were Waiting\u{f03a} The Best of Aretha Franklin 1980–1998/06 - Who\'s Zoomin\' Who (single version).mp3"
2026-02-05T22:50:48.995645Z DEBUG tokio-runtime-worker ThreadId(23) wkmp_ai::services::workflow_orchestrator: wkmp-ai\src\services\workflow_orchestrator\mod.rs:1742: Phase 1: Filename Matching - START file="C:\\Users\\Mango Cat\\Music\\Aretha Franklin/Knew You Were Waiting\u{f03a} The Best of Aretha Franklin 1980–1998/06 - Who\'s Zoomin\' Who (single version).mp3"
2026-02-05T22:50:48.995827Z DEBUG tokio-runtime-worker ThreadId(23) wkmp_ai::services::filename_matcher: wkmp-ai\src\services\filename_matcher.rs:54: Checking if file exists in database path=Aretha Franklin/Knew You Were Waiting The Best of Aretha Franklin 1980–1998/06 - Who's Zoomin' Who (single version).mp3 norm_us=10
2026-02-05T22:50:48.996077Z DEBUG tokio-runtime-worker ThreadId(23) wkmp_ai::services::workflow_orchestrator: wkmp-ai\src\services\workflow_orchestrator\mod.rs:3110: Starting per-file pipeline file_index=101 file_id=7cea5828-ce98-4e6c-86cd-f1c31ab2d082 file=Aretha Franklin/Knew You Were Waiting The Best of Aretha Franklin 1980–1998/07 - Sisters Are Doin' It for Themselves.mp3
2026-02-05T22:50:48.996191Z  INFO tokio-runtime-worker ThreadId(23) wkmp_ai::services::workflow_orchestrator: wkmp-ai\src\services\workflow_orchestrator\mod.rs:1733: Starting PLAN024 10-phase per-file pipeline (late audio decode) file="C:\\Users\\Mango Cat\\Music\\Aretha Franklin/Knew You Were Waiting\u{f03a} The Best of Aretha Franklin 1980–1998/07 - Sisters Are Doin\' It for Themselves.mp3"
2026-02-05T22:50:48.996322Z DEBUG tokio-runtime-worker ThreadId(23) wkmp_ai::services::workflow_orchestrator: wkmp-ai\src\services\workflow_orchestrator\mod.rs:1742: Phase 1: Filename Matching - START file="C:\\Users\\Mango Cat\\Music\\Aretha Franklin/Knew You Were Waiting\u{f03a} The Best of Aretha Franklin 1980–1998/07 - Sisters Are Doin\' It for Themselves.mp3"
2026-02-05T22:50:48.996444Z DEBUG tokio-runtime-worker ThreadId(23) wkmp_ai::services::filename_matcher: wkmp-ai\src\services\filename_matcher.rs:54: Checking if file exists in database path=Aretha Franklin/Knew You Were Waiting The Best of Aretha Franklin 1980–1998/07 - Sisters Are Doin' It for Themselves.mp3 norm_us=4
2026-02-05T22:50:48.996564Z DEBUG tokio-runtime-worker ThreadId(23) wkmp_ai::services::workflow_orchestrator: wkmp-ai\src\services\workflow_orchestrator\mod.rs:3110: Starting per-file pipeline file_index=102 file_id=bd9f86ce-6ee4-43ec-8bce-f1f65f2a088e file=Aretha Franklin/Knew You Were Waiting The Best of Aretha Franklin 1980–1998/08 - Another Night (single mix).mp3
2026-02-05T22:50:48.996669Z  INFO tokio-runtime-worker ThreadId(23) wkmp_ai::services::workflow_orchestrator: wkmp-ai\src\services\workflow_orchestrator\mod.rs:1733: Starting PLAN024 10-phase per-file pipeline (late audio decode) file="C:\\Users\\Mango Cat\\Music\\Aretha Franklin/Knew You Were Waiting\u{f03a} The Best of Aretha Franklin 1980–1998/08 - Another Night (single mix).mp3"
2026-02-05T22:50:48.996788Z DEBUG tokio-runtime-worker ThreadId(23) wkmp_ai::services::workflow_orchestrator: wkmp-ai\src\services\workflow_orchestrator\mod.rs:1742: Phase 1: Filename Matching - START file="C:\\Users\\Mango Cat\\Music\\Aretha Franklin/Knew You Were Waiting\u{f03a} The Best of Aretha Franklin 1980–1998/08 - Another Night (single mix).mp3"
2026-02-05T22:50:48.996902Z DEBUG tokio-runtime-worker ThreadId(23) wkmp_ai::services::filename_matcher: wkmp-ai\src\services\filename_matcher.rs:54: Checking if file exists in database path=Aretha Franklin/Knew You Were Waiting The Best of Aretha Franklin 1980–1998/08 - Another Night (single mix).mp3 norm_us=3
2026-02-05T22:50:48.997250Z DEBUG tokio-runtime-worker ThreadId(23) wkmp_ai::api::sse: wkmp-ai\src\api\sse.rs:71: SSE: Broadcasting import event: ImportProgressUpdate
2026-02-05T22:50:48.998121Z DEBUG tokio-runtime-worker ThreadId(23) wkmp_ai::api::sse: wkmp-ai\src\api\sse.rs:71: SSE: Broadcasting import event: ImportProgressUpdate
2026-02-05T22:50:48.998350Z DEBUG tokio-runtime-worker ThreadId(23) wkmp_ai::api::sse: wkmp-ai\src\api\sse.rs:71: SSE: Broadcasting import event: ImportProgressUpdate
2026-02-05T22:50:48.999180Z DEBUG tokio-runtime-worker ThreadId(23) wkmp_ai::api::sse: wkmp-ai\src\api\sse.rs:71: SSE: Broadcasting import event: ImportProgressUpdate
2026-02-05T22:50:48.999395Z DEBUG tokio-runtime-worker ThreadId(23) wkmp_ai::api::sse: wkmp-ai\src\api\sse.rs:71: SSE: Broadcasting import event: ImportProgressUpdate
2026-02-05T22:50:49.000204Z DEBUG tokio-runtime-worker ThreadId(23) wkmp_ai::api::sse: wkmp-ai\src\api\sse.rs:71: SSE: Broadcasting import event: ImportProgressUpdate
2026-02-05T22:50:49.000615Z DEBUG tokio-runtime-worker ThreadId(23) wkmp_ai::api::sse: wkmp-ai\src\api\sse.rs:71: SSE: Broadcasting import event: ImportProgressUpdate
2026-02-05T22:50:49.001470Z DEBUG tokio-runtime-worker ThreadId(23) wkmp_ai::api::sse: wkmp-ai\src\api\sse.rs:71: SSE: Broadcasting import event: ImportProgressUpdate
2026-02-05T22:50:49.001740Z DEBUG tokio-runtime-worker ThreadId(23) wkmp_ai::api::sse: wkmp-ai\src\api\sse.rs:71: SSE: Broadcasting import event: ImportProgressUpdate
2026-02-05T22:50:49.002604Z DEBUG tokio-runtime-worker ThreadId(23) wkmp_ai::api::sse: wkmp-ai\src\api\sse.rs:71: SSE: Broadcasting import event: ImportProgressUpdate
2026-02-05T22:50:49.002866Z DEBUG tokio-runtime-worker ThreadId(23) wkmp_ai::api::sse: wkmp-ai\src\api\sse.rs:71: SSE: Broadcasting import event: ImportProgressUpdate
2026-02-05T22:50:49.003871Z DEBUG tokio-runtime-worker ThreadId(23) wkmp_ai::api::sse: wkmp-ai\src\api\sse.rs:71: SSE: Broadcasting import event: ImportProgressUpdate
2026-02-05T22:50:49.004231Z DEBUG tokio-runtime-worker ThreadId(23) wkmp_ai::services::filename_matcher: wkmp-ai\src\services\filename_matcher.rs:65: Database query completed path=Aretha Franklin/Knew You Were Waiting The Best of Aretha Franklin 1980–1998/06 - Who's Zoomin' Who (single version).mp3 query_us=8211
2026-02-05T22:50:49.004388Z DEBUG tokio-runtime-worker ThreadId(23) wkmp_ai::services::filename_matcher: wkmp-ai\src\services\filename_matcher.rs:81: File already processed (INGEST COMPLETE) path=Aretha Franklin/Knew You Were Waiting The Best of Aretha Franklin 1980–1998/06 - Who's Zoomin' Who (single version).mp3 guid=3018fc32-3091-4e8f-b38e-e9504217036a
2026-02-05T22:50:49.004536Z  INFO tokio-runtime-worker ThreadId(23) wkmp_ai::services::workflow_orchestrator: wkmp-ai\src\services\workflow_orchestrator\mod.rs:1756: Phase 1 completed phase="Filename Matching" duration_ms=8 path_us=1 db_ms=8 file_index=100
2026-02-05T22:50:49.004704Z  INFO tokio-runtime-worker ThreadId(23) wkmp_ai::services::workflow_orchestrator: wkmp-ai\src\services\workflow_orchestrator\mod.rs:1770: File already processed (INGEST COMPLETE/NO AUDIO/DUPLICATE HASH), skipping all remaining phases file="C:\\Users\\Mango Cat\\Music\\Aretha Franklin/Knew You Were Waiting\u{f03a} The Best of Aretha Franklin 1980–1998/06 - Who\'s Zoomin\' Who (single version).mp3" file_id=3018fc32-3091-4e8f-b38e-e9504217036a
2026-02-05T22:50:49.004883Z DEBUG tokio-runtime-worker ThreadId(23) wkmp_ai::services::workflow_orchestrator: wkmp-ai\src\services\workflow_orchestrator\mod.rs:2928: File processing complete session_id=4b515178-85e0-43eb-8eb8-3f4fb38ec0c0 file_index=100 file=Aretha Franklin/Knew You Were Waiting The Best of Aretha Franklin 1980–1998/06 - Who's Zoomin' Who (single version).mp3
2026-02-05T22:50:49.005053Z DEBUG tokio-runtime-worker ThreadId(23) wkmp_ai::services::workflow_orchestrator: wkmp-ai\src\services\workflow_orchestrator\mod.rs:1438: Acquiring all statistics Mutex locks for SSE conversion
2026-02-05T22:50:49.005177Z DEBUG tokio-runtime-worker ThreadId(23) wkmp_ai::services::workflow_orchestrator: wkmp-ai\src\services\workflow_orchestrator\mod.rs:1467: All statistics Mutex locks acquired and data cloned
2026-02-05T22:50:49.005348Z DEBUG tokio-runtime-worker ThreadId(23) wkmp_ai::services::workflow_orchestrator: wkmp-ai\src\services\workflow_orchestrator\mod.rs:1577: Releasing all statistics Mutex locks for SSE conversion
2026-02-05T22:50:49.005509Z DEBUG tokio-runtime-worker ThreadId(23) wkmp_ai::services::filename_matcher: wkmp-ai\src\services\filename_matcher.rs:65: Database query completed path=Aretha Franklin/Knew You Were Waiting The Best of Aretha Franklin 1980–1998/07 - Sisters Are Doin' It for Themselves.mp3 query_us=8971
2026-02-05T22:50:49.005646Z DEBUG tokio-runtime-worker ThreadId(23) wkmp_ai::services::filename_matcher: wkmp-ai\src\services\filename_matcher.rs:81: File already processed (INGEST COMPLETE) path=Aretha Franklin/Knew You Were Waiting The Best of Aretha Franklin 1980–1998/07 - Sisters Are Doin' It for Themselves.mp3 guid=7cea5828-ce98-4e6c-86cd-f1c31ab2d082
2026-02-05T22:50:49.005780Z  INFO tokio-runtime-worker ThreadId(23) wkmp_ai::services::workflow_orchestrator: wkmp-ai\src\services\workflow_orchestrator\mod.rs:1756: Phase 1 completed phase="Filename Matching" duration_ms=9 path_us=0 db_ms=9 file_index=101
2026-02-05T22:50:49.005923Z  INFO tokio-runtime-worker ThreadId(23) wkmp_ai::services::workflow_orchestrator: wkmp-ai\src\services\workflow_orchestrator\mod.rs:1770: File already processed (INGEST COMPLETE/NO AUDIO/DUPLICATE HASH), skipping all remaining phases file="C:\\Users\\Mango Cat\\Music\\Aretha Franklin/Knew You Were Waiting\u{f03a} The Best of Aretha Franklin 1980–1998/07 - Sisters Are Doin\' It for Themselves.mp3" file_id=7cea5828-ce98-4e6c-86cd-f1c31ab2d082
2026-02-05T22:50:49.006084Z DEBUG tokio-runtime-worker ThreadId(23) wkmp_ai::services::workflow_orchestrator: wkmp-ai\src\services\workflow_orchestrator\mod.rs:2928: File processing complete session_id=4b515178-85e0-43eb-8eb8-3f4fb38ec0c0 file_index=101 file=Aretha Franklin/Knew You Were Waiting The Best of Aretha Franklin 1980–1998/07 - Sisters Are Doin' It for Themselves.mp3
2026-02-05T22:50:49.006228Z DEBUG tokio-runtime-worker ThreadId(23) wkmp_ai::services::workflow_orchestrator: wkmp-ai\src\services\workflow_orchestrator\mod.rs:1438: Acquiring all statistics Mutex locks for SSE conversion
2026-02-05T22:50:49.006341Z DEBUG tokio-runtime-worker ThreadId(23) wkmp_ai::services::workflow_orchestrator: wkmp-ai\src\services\workflow_orchestrator\mod.rs:1467: All statistics Mutex locks acquired and data cloned
2026-02-05T22:50:49.006501Z DEBUG tokio-runtime-worker ThreadId(23) wkmp_ai::services::workflow_orchestrator: wkmp-ai\src\services\workflow_orchestrator\mod.rs:1577: Releasing all statistics Mutex locks for SSE conversion
2026-02-05T22:50:49.006634Z DEBUG tokio-runtime-worker ThreadId(23) wkmp_ai::services::filename_matcher: wkmp-ai\src\services\filename_matcher.rs:65: Database query completed path=Aretha Franklin/Knew You Were Waiting The Best of Aretha Franklin 1980–1998/08 - Another Night (single mix).mp3 query_us=9577
2026-02-05T22:50:49.006779Z DEBUG tokio-runtime-worker ThreadId(23) wkmp_ai::services::filename_matcher: wkmp-ai\src\services\filename_matcher.rs:81: File already processed (INGEST COMPLETE) path=Aretha Franklin/Knew You Were Waiting The Best of Aretha Franklin 1980–1998/08 - Another Night (single mix).mp3 guid=bd9f86ce-6ee4-43ec-8bce-f1f65f2a088e
2026-02-05T22:50:49.006912Z  INFO tokio-runtime-worker ThreadId(23) wkmp_ai::services::workflow_orchestrator: wkmp-ai\src\services\workflow_orchestrator\mod.rs:1756: Phase 1 completed phase="Filename Matching" duration_ms=10 path_us=0 db_ms=10 file_index=102
2026-02-05T22:50:49.007130Z  INFO tokio-runtime-worker ThreadId(23) wkmp_ai::services::workflow_orchestrator: wkmp-ai\src\services\workflow_orchestrator\mod.rs:1770: File already processed (INGEST COMPLETE/NO AUDIO/DUPLICATE HASH), skipping all remaining phases file="C:\\Users\\Mango Cat\\Music\\Aretha Franklin/Knew You Were Waiting\u{f03a} The Best of Aretha Franklin 1980–1998/08 - Another Night (single mix).mp3" file_id=bd9f86ce-6ee4-43ec-8bce-f1f65f2a088e
2026-02-05T22:50:49.007334Z DEBUG tokio-runtime-worker ThreadId(23) wkmp_ai::services::workflow_orchestrator: wkmp-ai\src\services\workflow_orchestrator\mod.rs:2928: File processing complete session_id=4b515178-85e0-43eb-8eb8-3f4fb38ec0c0 file_index=102 file=Aretha Franklin/Knew You Were Waiting The Best of Aretha Franklin 1980–1998/08 - Another Night (single mix).mp3
2026-02-05T22:50:49.007509Z DEBUG tokio-runtime-worker ThreadId(23) wkmp_ai::services::workflow_orchestrator: wkmp-ai\src\services\workflow_orchestrator\mod.rs:1438: Acquiring all statistics Mutex locks for SSE conversion
2026-02-05T22:50:49.007644Z DEBUG tokio-runtime-worker ThreadId(23) wkmp_ai::services::workflow_orchestrator: wkmp-ai\src\services\workflow_orchestrator\mod.rs:1467: All statistics Mutex locks acquired and data cloned
2026-02-05T22:50:49.007849Z DEBUG tokio-runtime-worker ThreadId(23) wkmp_ai::services::workflow_orchestrator: wkmp-ai\src\services\workflow_orchestrator\mod.rs:1577: Releasing all statistics Mutex locks for SSE conversion
2026-02-05T22:50:49.007996Z DEBUG tokio-runtime-worker ThreadId(23) wkmp_ai::services::workflow_orchestrator: wkmp-ai\src\services\workflow_orchestrator\mod.rs:3110: Starting per-file pipeline file_index=103 file_id=5261fa60-d185-41d9-91fb-3b69feefc4bd file=Aretha Franklin/Knew You Were Waiting The Best of Aretha Franklin 1980–1998/09 - Jumpin' Jack Flash (single version).mp3
2026-02-05T22:50:49.008179Z  INFO tokio-runtime-worker ThreadId(23) wkmp_ai::services::workflow_orchestrator: wkmp-ai\src\services\workflow_orchestrator\mod.rs:1733: Starting PLAN024 10-phase per-file pipeline (late audio decode) file="C:\\Users\\Mango Cat\\Music\\Aretha Franklin/Knew You Were Waiting\u{f03a} The Best of Aretha Franklin 1980–1998/09 - Jumpin\' Jack Flash (single version).mp3"
2026-02-05T22:50:49.008443Z DEBUG tokio-runtime-worker ThreadId(23) wkmp_ai::services::workflow_orchestrator: wkmp-ai\src\services\workflow_orchestrator\mod.rs:1742: Phase 1: Filename Matching - START file="C:\\Users\\Mango Cat\\Music\\Aretha Franklin/Knew You Were Waiting\u{f03a} The Best of Aretha Franklin 1980–1998/09 - Jumpin\' Jack Flash (single version).mp3"
2026-02-05T22:50:49.008645Z DEBUG tokio-runtime-worker ThreadId(23) wkmp_ai::services::filename_matcher: wkmp-ai\src\services\filename_matcher.rs:54: Checking if file exists in database path=Aretha Franklin/Knew You Were Waiting The Best of Aretha Franklin 1980–1998/09 - Jumpin' Jack Flash (single version).mp3 norm_us=9
2026-02-05T22:50:49.008878Z DEBUG tokio-runtime-worker ThreadId(23) wkmp_ai::services::workflow_orchestrator: wkmp-ai\src\services\workflow_orchestrator\mod.rs:3110: Starting per-file pipeline file_index=104 file_id=0930d060-3ddd-4888-870a-4dfcf6448b19 file=Aretha Franklin/Knew You Were Waiting The Best of Aretha Franklin 1980–1998/10 - Jimmy Lee (single version).mp3
2026-02-05T22:50:49.009057Z  INFO tokio-runtime-worker ThreadId(23) wkmp_ai::services::workflow_orchestrator: wkmp-ai\src\services\workflow_orchestrator\mod.rs:1733: Starting PLAN024 10-phase per-file pipeline (late audio decode) file="C:\\Users\\Mango Cat\\Music\\Aretha Franklin/Knew You Were Waiting\u{f03a} The Best of Aretha Franklin 1980–1998/10 - Jimmy Lee (single version).mp3"
2026-02-05T22:50:49.009224Z DEBUG tokio-runtime-worker ThreadId(23) wkmp_ai::services::workflow_orchestrator: wkmp-ai\src\services\workflow_orchestrator\mod.rs:1742: Phase 1: Filename Matching - START file="C:\\Users\\Mango Cat\\Music\\Aretha Franklin/Knew You Were Waiting\u{f03a} The Best of Aretha Franklin 1980–1998/10 - Jimmy Lee (single version).mp3"
2026-02-05T22:50:49.009376Z DEBUG tokio-runtime-worker ThreadId(23) wkmp_ai::services::filename_matcher: wkmp-ai\src\services\filename_matcher.rs:54: Checking if file exists in database path=Aretha Franklin/Knew You Were Waiting The Best of Aretha Franklin 1980–1998/10 - Jimmy Lee (single version).mp3 norm_us=6
2026-02-05T22:50:49.009629Z DEBUG tokio-runtime-worker ThreadId(23) wkmp_ai::services::workflow_orchestrator: wkmp-ai\src\services\workflow_orchestrator\mod.rs:3110: Starting per-file pipeline file_index=105 file_id=d629a234-98cb-4d31-af61-e86c0316f909 file=Aretha Franklin/Knew You Were Waiting The Best of Aretha Franklin 1980–1998/11 - I Knew You Were Waiting (For Me).mp3
2026-02-05T22:50:49.009794Z  INFO tokio-runtime-worker ThreadId(23) wkmp_ai::services::workflow_orchestrator: wkmp-ai\src\services\workflow_orchestrator\mod.rs:1733: Starting PLAN024 10-phase per-file pipeline (late audio decode) file="C:\\Users\\Mango Cat\\Music\\Aretha Franklin/Knew You Were Waiting\u{f03a} The Best of Aretha Franklin 1980–1998/11 - I Knew You Were Waiting (For Me).mp3"
2026-02-05T22:50:49.009996Z DEBUG tokio-runtime-worker ThreadId(23) wkmp_ai::services::workflow_orchestrator: wkmp-ai\src\services\workflow_orchestrator\mod.rs:1742: Phase 1: Filename Matching - START file="C:\\Users\\Mango Cat\\Music\\Aretha Franklin/Knew You Were Waiting\u{f03a} The Best of Aretha Franklin 1980–1998/11 - I Knew You Were Waiting (For Me).mp3"
2026-02-05T22:50:49.010138Z DEBUG tokio-runtime-worker ThreadId(23) wkmp_ai::services::filename_matcher: wkmp-ai\src\services\filename_matcher.rs:54: Checking if file exists in database path=Aretha Franklin/Knew You Were Waiting The Best of Aretha Franklin 1980–1998/11 - I Knew You Were Waiting (For Me).mp3 norm_us=4
2026-02-05T22:50:49.010479Z DEBUG tokio-runtime-worker ThreadId(23) wkmp_ai::api::sse: wkmp-ai\src\api\sse.rs:71: SSE: Broadcasting import event: ImportProgressUpdate
2026-02-05T22:50:49.011367Z DEBUG tokio-runtime-worker ThreadId(23) wkmp_ai::api::sse: wkmp-ai\src\api\sse.rs:71: SSE: Broadcasting import event: ImportProgressUpdate
2026-02-05T22:50:49.011682Z DEBUG tokio-runtime-worker ThreadId(23) wkmp_ai::api::sse: wkmp-ai\src\api\sse.rs:71: SSE: Broadcasting import event: ImportProgressUpdate
2026-02-05T22:50:49.012514Z DEBUG tokio-runtime-worker ThreadId(23) wkmp_ai::api::sse: wkmp-ai\src\api\sse.rs:71: SSE: Broadcasting import event: ImportProgressUpdate
2026-02-05T22:50:49.012737Z DEBUG tokio-runtime-worker ThreadId(23) wkmp_ai::api::sse: wkmp-ai\src\api\sse.rs:71: SSE: Broadcasting import event: ImportProgressUpdate
2026-02-05T22:50:49.013555Z DEBUG tokio-runtime-worker ThreadId(23) wkmp_ai::api::sse: wkmp-ai\src\api\sse.rs:71: SSE: Broadcasting import event: ImportProgressUpdate
2026-02-05T22:50:49.013970Z DEBUG tokio-runtime-worker ThreadId(23) wkmp_ai::api::sse: wkmp-ai\src\api\sse.rs:71: SSE: Broadcasting import event: ImportProgressUpdate
2026-02-05T22:50:49.014801Z DEBUG tokio-runtime-worker ThreadId(23) wkmp_ai::api::sse: wkmp-ai\src\api\sse.rs:71: SSE: Broadcasting import event: ImportProgressUpdate
2026-02-05T22:50:49.015052Z DEBUG tokio-runtime-worker ThreadId(23) wkmp_ai::api::sse: wkmp-ai\src\api\sse.rs:71: SSE: Broadcasting import event: ImportProgressUpdate
2026-02-05T22:50:49.015879Z DEBUG tokio-runtime-worker ThreadId(23) wkmp_ai::api::sse: wkmp-ai\src\api\sse.rs:71: SSE: Broadcasting import event: ImportProgressUpdate
2026-02-05T22:50:49.016101Z DEBUG tokio-runtime-worker ThreadId(23) wkmp_ai::api::sse: wkmp-ai\src\api\sse.rs:71: SSE: Broadcasting import event: ImportProgressUpdate
2026-02-05T22:50:49.016955Z DEBUG tokio-runtime-worker ThreadId(23) wkmp_ai::api::sse: wkmp-ai\src\api\sse.rs:71: SSE: Broadcasting import event: ImportProgressUpdate
2026-02-05T22:50:49.017295Z DEBUG tokio-runtime-worker ThreadId(23) wkmp_ai::services::filename_matcher: wkmp-ai\src\services\filename_matcher.rs:65: Database query completed path=Aretha Franklin/Knew You Were Waiting The Best of Aretha Franklin 1980–1998/09 - Jumpin' Jack Flash (single version).mp3 query_us=8468
2026-02-05T22:50:49.017424Z DEBUG tokio-runtime-worker ThreadId(23) wkmp_ai::services::filename_matcher: wkmp-ai\src\services\filename_matcher.rs:81: File already processed (INGEST COMPLETE) path=Aretha Franklin/Knew You Were Waiting The Best of Aretha Franklin 1980–1998/09 - Jumpin' Jack Flash (single version).mp3 guid=5261fa60-d185-41d9-91fb-3b69feefc4bd
2026-02-05T22:50:49.017536Z  INFO tokio-runtime-worker ThreadId(23) wkmp_ai::services::workflow_orchestrator: wkmp-ai\src\services\workflow_orchestrator\mod.rs:1756: Phase 1 completed phase="Filename Matching" duration_ms=9 path_us=2 db_ms=8 file_index=103
2026-02-05T22:50:49.017653Z  INFO tokio-runtime-worker ThreadId(23) wkmp_ai::services::workflow_orchestrator: wkmp-ai\src\services\workflow_orchestrator\mod.rs:1770: File already processed (INGEST COMPLETE/NO AUDIO/DUPLICATE HASH), skipping all remaining phases file="C:\\Users\\Mango Cat\\Music\\Aretha Franklin/Knew You Were Waiting\u{f03a} The Best of Aretha Franklin 1980–1998/09 - Jumpin\' Jack Flash (single version).mp3" file_id=5261fa60-d185-41d9-91fb-3b69feefc4bd
2026-02-05T22:50:49.017789Z DEBUG tokio-runtime-worker ThreadId(23) wkmp_ai::services::workflow_orchestrator: wkmp-ai\src\services\workflow_orchestrator\mod.rs:2928: File processing complete session_id=4b515178-85e0-43eb-8eb8-3f4fb38ec0c0 file_index=103 file=Aretha Franklin/Knew You Were Waiting The Best of Aretha Franklin 1980–1998/09 - Jumpin' Jack Flash (single version).mp3
2026-02-05T22:50:49.017914Z DEBUG tokio-runtime-worker ThreadId(23) wkmp_ai::services::workflow_orchestrator: wkmp-ai\src\services\workflow_orchestrator\mod.rs:1438: Acquiring all statistics Mutex locks for SSE conversion
2026-02-05T22:50:49.017997Z DEBUG tokio-runtime-worker ThreadId(23) wkmp_ai::services::workflow_orchestrator: wkmp-ai\src\services\workflow_orchestrator\mod.rs:1467: All statistics Mutex locks acquired and data cloned
2026-02-05T22:50:49.018136Z DEBUG tokio-runtime-worker ThreadId(23) wkmp_ai::services::workflow_orchestrator: wkmp-ai\src\services\workflow_orchestrator\mod.rs:1577: Releasing all statistics Mutex locks for SSE conversion
2026-02-05T22:50:49.018256Z DEBUG tokio-runtime-worker ThreadId(23) wkmp_ai::services::filename_matcher: wkmp-ai\src\services\filename_matcher.rs:65: Database query completed path=Aretha Franklin/Knew You Were Waiting The Best of Aretha Franklin 1980–1998/11 - I Knew You Were Waiting (For Me).mp3 query_us=7984
2026-02-05T22:50:49.018434Z DEBUG tokio-runtime-worker ThreadId(23) wkmp_ai::services::filename_matcher: wkmp-ai\src\services\filename_matcher.rs:81: File already processed (INGEST COMPLETE) path=Aretha Franklin/Knew You Were Waiting The Best of Aretha Franklin 1980–1998/11 - I Knew You Were Waiting (For Me).mp3 guid=d629a234-98cb-4d31-af61-e86c0316f909
2026-02-05T22:50:49.018523Z  INFO tokio-runtime-worker ThreadId(23) wkmp_ai::services::workflow_orchestrator: wkmp-ai\src\services\workflow_orchestrator\mod.rs:1756: Phase 1 completed phase="Filename Matching" duration_ms=8 path_us=0 db_ms=8 file_index=105
2026-02-05T22:50:49.018619Z  INFO tokio-runtime-worker ThreadId(23) wkmp_ai::services::workflow_orchestrator: wkmp-ai\src\services\workflow_orchestrator\mod.rs:1770: File already processed (INGEST COMPLETE/NO AUDIO/DUPLICATE HASH), skipping all remaining phases file="C:\\Users\\Mango Cat\\Music\\Aretha Franklin/Knew You Were Waiting\u{f03a} The Best of Aretha Franklin 1980–1998/11 - I Knew You Were Waiting (For Me).mp3" file_id=d629a234-98cb-4d31-af61-e86c0316f909
2026-02-05T22:50:49.018737Z DEBUG tokio-runtime-worker ThreadId(23) wkmp_ai::services::workflow_orchestrator: wkmp-ai\src\services\workflow_orchestrator\mod.rs:2928: File processing complete session_id=4b515178-85e0-43eb-8eb8-3f4fb38ec0c0 file_index=105 file=Aretha Franklin/Knew You Were Waiting The Best of Aretha Franklin 1980–1998/11 - I Knew You Were Waiting (For Me).mp3
2026-02-05T22:50:49.018844Z DEBUG tokio-runtime-worker ThreadId(23) wkmp_ai::services::workflow_orchestrator: wkmp-ai\src\services\workflow_orchestrator\mod.rs:1438: Acquiring all statistics Mutex locks for SSE conversion
2026-02-05T22:50:49.018920Z DEBUG tokio-runtime-worker ThreadId(23) wkmp_ai::services::workflow_orchestrator: wkmp-ai\src\services\workflow_orchestrator\mod.rs:1467: All statistics Mutex locks acquired and data cloned
2026-02-05T22:50:49.019060Z DEBUG tokio-runtime-worker ThreadId(23) wkmp_ai::services::workflow_orchestrator: wkmp-ai\src\services\workflow_orchestrator\mod.rs:1577: Releasing all statistics Mutex locks for SSE conversion
2026-02-05T22:50:49.019170Z DEBUG tokio-runtime-worker ThreadId(23) wkmp_ai::services::filename_matcher: wkmp-ai\src\services\filename_matcher.rs:65: Database query completed path=Aretha Franklin/Knew You Were Waiting The Best of Aretha Franklin 1980–1998/10 - Jimmy Lee (single version).mp3 query_us=9618
2026-02-05T22:50:49.019258Z DEBUG tokio-runtime-worker ThreadId(23) wkmp_ai::services::filename_matcher: wkmp-ai\src\services\filename_matcher.rs:81: File already processed (INGEST COMPLETE) path=Aretha Franklin/Knew You Were Waiting The Best of Aretha Franklin 1980–1998/10 - Jimmy Lee (single version).mp3 guid=0930d060-3ddd-4888-870a-4dfcf6448b19
2026-02-05T22:50:49.019345Z  INFO tokio-runtime-worker ThreadId(23) wkmp_ai::services::workflow_orchestrator: wkmp-ai\src\services\workflow_orchestrator\mod.rs:1756: Phase 1 completed phase="Filename Matching" duration_ms=10 path_us=2 db_ms=9 file_index=104
2026-02-05T22:50:49.019439Z  INFO tokio-runtime-worker ThreadId(23) wkmp_ai::services::workflow_orchestrator: wkmp-ai\src\services\workflow_orchestrator\mod.rs:1770: File already processed (INGEST COMPLETE/NO AUDIO/DUPLICATE HASH), skipping all remaining phases file="C:\\Users\\Mango Cat\\Music\\Aretha Franklin/Knew You Were Waiting\u{f03a} The Best of Aretha Franklin 1980–1998/10 - Jimmy Lee (single version).mp3" file_id=0930d060-3ddd-4888-870a-4dfcf6448b19
2026-02-05T22:50:49.019546Z DEBUG tokio-runtime-worker ThreadId(23) wkmp_ai::services::workflow_orchestrator: wkmp-ai\src\services\workflow_orchestrator\mod.rs:2928: File processing complete session_id=4b515178-85e0-43eb-8eb8-3f4fb38ec0c0 file_index=104 file=Aretha Franklin/Knew You Were Waiting The Best of Aretha Franklin 1980–1998/10 - Jimmy Lee (single version).mp3
2026-02-05T22:50:49.019648Z DEBUG tokio-runtime-worker ThreadId(23) wkmp_ai::services::workflow_orchestrator: wkmp-ai\src\services\workflow_orchestrator\mod.rs:1438: Acquiring all statistics Mutex locks for SSE conversion
2026-02-05T22:50:49.019743Z DEBUG tokio-runtime-worker ThreadId(23) wkmp_ai::services::workflow_orchestrator: wkmp-ai\src\services\workflow_orchestrator\mod.rs:1467: All statistics Mutex locks acquired and data cloned
2026-02-05T22:50:49.019890Z DEBUG tokio-runtime-worker ThreadId(23) wkmp_ai::services::workflow_orchestrator: wkmp-ai\src\services\workflow_orchestrator\mod.rs:1577: Releasing all statistics Mutex locks for SSE conversion
2026-02-05T22:50:49.020004Z DEBUG tokio-runtime-worker ThreadId(23) wkmp_ai::services::workflow_orchestrator: wkmp-ai\src\services\workflow_orchestrator\mod.rs:3110: Starting per-file pipeline file_index=106 file_id=22893bdf-9d78-4f97-b2e9-63924a5914f4 file=Aretha Franklin/Knew You Were Waiting The Best of Aretha Franklin 1980–1998/12 - Through the Storm.mp3
2026-02-05T22:50:49.020111Z  INFO tokio-runtime-worker ThreadId(23) wkmp_ai::services::workflow_orchestrator: wkmp-ai\src\services\workflow_orchestrator\mod.rs:1733: Starting PLAN024 10-phase per-file pipeline (late audio decode) file="C:\\Users\\Mango Cat\\Music\\Aretha Franklin/Knew You Were Waiting\u{f03a} The Best of Aretha Franklin 1980–1998/12 - Through the Storm.mp3"
2026-02-05T22:50:49.020220Z DEBUG tokio-runtime-worker ThreadId(23) wkmp_ai::services::workflow_orchestrator: wkmp-ai\src\services\workflow_orchestrator\mod.rs:1742: Phase 1: Filename Matching - START file="C:\\Users\\Mango Cat\\Music\\Aretha Franklin/Knew You Were Waiting\u{f03a} The Best of Aretha Franklin 1980–1998/12 - Through the Storm.mp3"
2026-02-05T22:50:49.020363Z DEBUG tokio-runtime-worker ThreadId(23) wkmp_ai::services::filename_matcher: wkmp-ai\src\services\filename_matcher.rs:54: Checking if file exists in database path=Aretha Franklin/Knew You Were Waiting The Best of Aretha Franklin 1980–1998/12 - Through the Storm.mp3 norm_us=5
2026-02-05T22:50:49.020525Z DEBUG tokio-runtime-worker ThreadId(23) wkmp_ai::services::workflow_orchestrator: wkmp-ai\src\services\workflow_orchestrator\mod.rs:3110: Starting per-file pipeline file_index=107 file_id=dc2e6117-8163-4516-9b11-bdd4d69e93a7 file=Aretha Franklin/Knew You Were Waiting The Best of Aretha Franklin 1980–1998/13 - It Isn't, It Wasn't, It Ain't Never Gonna Be (single version).mp3
2026-02-05T22:50:49.020714Z  INFO tokio-runtime-worker ThreadId(23) wkmp_ai::services::workflow_orchestrator: wkmp-ai\src\services\workflow_orchestrator\mod.rs:1733: Starting PLAN024 10-phase per-file pipeline (late audio decode) file="C:\\Users\\Mango Cat\\Music\\Aretha Franklin/Knew You Were Waiting\u{f03a} The Best of Aretha Franklin 1980–1998/13 - It Isn\'t, It Wasn\'t, It Ain\'t Never Gonna Be (single version).mp3"
2026-02-05T22:50:49.020830Z DEBUG tokio-runtime-worker ThreadId(23) wkmp_ai::services::workflow_orchestrator: wkmp-ai\src\services\workflow_orchestrator\mod.rs:1742: Phase 1: Filename Matching - START file="C:\\Users\\Mango Cat\\Music\\Aretha Franklin/Knew You Were Waiting\u{f03a} The Best of Aretha Franklin 1980–1998/13 - It Isn\'t, It Wasn\'t, It Ain\'t Never Gonna Be (single version).mp3"
2026-02-05T22:50:49.020973Z DEBUG tokio-runtime-worker ThreadId(23) wkmp_ai::services::filename_matcher: wkmp-ai\src\services\filename_matcher.rs:54: Checking if file exists in database path=Aretha Franklin/Knew You Were Waiting The Best of Aretha Franklin 1980–1998/13 - It Isn't, It Wasn't, It Ain't Never Gonna Be (single version).mp3 norm_us=3
2026-02-05T22:50:49.021119Z DEBUG tokio-runtime-worker ThreadId(23) wkmp_ai::services::workflow_orchestrator: wkmp-ai\src\services\workflow_orchestrator\mod.rs:3110: Starting per-file pipeline file_index=108 file_id=77ba1b0a-0441-4ae6-9f78-d1887bf81008 file=Aretha Franklin/Knew You Were Waiting The Best of Aretha Franklin 1980–1998/14 - Ever Changing Times (single edit).mp3
2026-02-05T22:50:49.021238Z  INFO tokio-runtime-worker ThreadId(23) wkmp_ai::services::workflow_orchestrator: wkmp-ai\src\services\workflow_orchestrator\mod.rs:1733: Starting PLAN024 10-phase per-file pipeline (late audio decode) file="C:\\Users\\Mango Cat\\Music\\Aretha Franklin/Knew You Were Waiting\u{f03a} The Best of Aretha Franklin 1980–1998/14 - Ever Changing Times (single edit).mp3"
2026-02-05T22:50:49.021383Z DEBUG tokio-runtime-worker ThreadId(23) wkmp_ai::services::workflow_orchestrator: wkmp-ai\src\services\workflow_orchestrator\mod.rs:1742: Phase 1: Filename Matching - START file="C:\\Users\\Mango Cat\\Music\\Aretha Franklin/Knew You Were Waiting\u{f03a} The Best of Aretha Franklin 1980–1998/14 - Ever Changing Times (single edit).mp3"
2026-02-05T22:50:49.021490Z DEBUG tokio-runtime-worker ThreadId(23) wkmp_ai::services::filename_matcher: wkmp-ai\src\services\filename_matcher.rs:54: Checking if file exists in database path=Aretha Franklin/Knew You Were Waiting The Best of Aretha Franklin 1980–1998/14 - Ever Changing Times (single edit).mp3 norm_us=3
2026-02-05T22:50:49.021944Z DEBUG tokio-runtime-worker ThreadId(23) wkmp_ai::api::sse: wkmp-ai\src\api\sse.rs:71: SSE: Broadcasting import event: ImportProgressUpdate
2026-02-05T22:50:49.022832Z DEBUG tokio-runtime-worker ThreadId(23) wkmp_ai::api::sse: wkmp-ai\src\api\sse.rs:71: SSE: Broadcasting import event: ImportProgressUpdate
2026-02-05T22:50:49.023074Z DEBUG tokio-runtime-worker ThreadId(23) wkmp_ai::api::sse: wkmp-ai\src\api\sse.rs:71: SSE: Broadcasting import event: ImportProgressUpdate
2026-02-05T22:50:49.024073Z DEBUG tokio-runtime-worker ThreadId(23) wkmp_ai::api::sse: wkmp-ai\src\api\sse.rs:71: SSE: Broadcasting import event: ImportProgressUpdate
2026-02-05T22:50:49.024419Z DEBUG tokio-runtime-worker ThreadId(23) wkmp_ai::api::sse: wkmp-ai\src\api\sse.rs:71: SSE: Broadcasting import event: ImportProgressUpdate
2026-02-05T22:50:49.025330Z DEBUG tokio-runtime-worker ThreadId(23) wkmp_ai::api::sse: wkmp-ai\src\api\sse.rs:71: SSE: Broadcasting import event: ImportProgressUpdate
2026-02-05T22:50:49.025776Z DEBUG tokio-runtime-worker ThreadId(23) wkmp_ai::services::filename_matcher: wkmp-ai\src\services\filename_matcher.rs:65: Database query completed path=Aretha Franklin/Knew You Were Waiting The Best of Aretha Franklin 1980–1998/14 - Ever Changing Times (single edit).mp3 query_us=4188
2026-02-05T22:50:49.025920Z DEBUG tokio-runtime-worker ThreadId(23) wkmp_ai::services::filename_matcher: wkmp-ai\src\services\filename_matcher.rs:81: File already processed (INGEST COMPLETE) path=Aretha Franklin/Knew You Were Waiting The Best of Aretha Franklin 1980–1998/14 - Ever Changing Times (single edit).mp3 guid=77ba1b0a-0441-4ae6-9f78-d1887bf81008
2026-02-05T22:50:49.026034Z  INFO tokio-runtime-worker ThreadId(23) wkmp_ai::services::workflow_orchestrator: wkmp-ai\src\services\workflow_orchestrator\mod.rs:1756: Phase 1 completed phase="Filename Matching" duration_ms=4 path_us=0 db_ms=4 file_index=108
2026-02-05T22:50:49.026142Z  INFO tokio-runtime-worker ThreadId(23) wkmp_ai::services::workflow_orchestrator: wkmp-ai\src\services\workflow_orchestrator\mod.rs:1770: File already processed (INGEST COMPLETE/NO AUDIO/DUPLICATE HASH), skipping all remaining phases file="C:\\Users\\Mango Cat\\Music\\Aretha Franklin/Knew You Were Waiting\u{f03a} The Best of Aretha Franklin 1980–1998/14 - Ever Changing Times (single edit).mp3" file_id=77ba1b0a-0441-4ae6-9f78-d1887bf81008
2026-02-05T22:50:49.026260Z DEBUG tokio-runtime-worker ThreadId(23) wkmp_ai::services::workflow_orchestrator: wkmp-ai\src\services\workflow_orchestrator\mod.rs:2928: File processing complete session_id=4b515178-85e0-43eb-8eb8-3f4fb38ec0c0 file_index=108 file=Aretha Franklin/Knew You Were Waiting The Best of Aretha Franklin 1980–1998/14 - Ever Changing Times (single edit).mp3
2026-02-05T22:50:49.026382Z DEBUG tokio-runtime-worker ThreadId(23) wkmp_ai::services::workflow_orchestrator: wkmp-ai\src\services\workflow_orchestrator\mod.rs:1438: Acquiring all statistics Mutex locks for SSE conversion
2026-02-05T22:50:49.026516Z DEBUG tokio-runtime-worker ThreadId(23) wkmp_ai::services::workflow_orchestrator: wkmp-ai\src\services\workflow_orchestrator\mod.rs:1467: All statistics Mutex locks acquired and data cloned
2026-02-05T22:50:49.026693Z DEBUG tokio-runtime-worker ThreadId(23) wkmp_ai::services::workflow_orchestrator: wkmp-ai\src\services\workflow_orchestrator\mod.rs:1577: Releasing all statistics Mutex locks for SSE conversion
2026-02-05T22:50:49.026845Z DEBUG tokio-runtime-worker ThreadId(23) wkmp_ai::services::filename_matcher: wkmp-ai\src\services\filename_matcher.rs:65: Database query completed path=Aretha Franklin/Knew You Were Waiting The Best of Aretha Franklin 1980–1998/13 - It Isn't, It Wasn't, It Ain't Never Gonna Be (single version).mp3 query_us=5746
2026-02-05T22:50:49.026983Z DEBUG tokio-runtime-worker ThreadId(23) wkmp_ai::services::filename_matcher: wkmp-ai\src\services\filename_matcher.rs:81: File already processed (INGEST COMPLETE) path=Aretha Franklin/Knew You Were Waiting The Best of Aretha Franklin 1980–1998/13 - It Isn't, It Wasn't, It Ain't Never Gonna Be (single version).mp3 guid=dc2e6117-8163-4516-9b11-bdd4d69e93a7
2026-02-05T22:50:49.027119Z  INFO tokio-runtime-worker ThreadId(23) wkmp_ai::services::workflow_orchestrator: wkmp-ai\src\services\workflow_orchestrator\mod.rs:1756: Phase 1 completed phase="Filename Matching" duration_ms=6 path_us=0 db_ms=6 file_index=107
2026-02-05T22:50:49.027262Z  INFO tokio-runtime-worker ThreadId(23) wkmp_ai::services::workflow_orchestrator: wkmp-ai\src\services\workflow_orchestrator\mod.rs:1770: File already processed (INGEST COMPLETE/NO AUDIO/DUPLICATE HASH), skipping all remaining phases file="C:\\Users\\Mango Cat\\Music\\Aretha Franklin/Knew You Were Waiting\u{f03a} The Best of Aretha Franklin 1980–1998/13 - It Isn\'t, It Wasn\'t, It Ain\'t Never Gonna Be (single version).mp3" file_id=dc2e6117-8163-4516-9b11-bdd4d69e93a7
2026-02-05T22:50:49.027424Z DEBUG tokio-runtime-worker ThreadId(23) wkmp_ai::services::workflow_orchestrator: wkmp-ai\src\services\workflow_orchestrator\mod.rs:2928: File processing complete session_id=4b515178-85e0-43eb-8eb8-3f4fb38ec0c0 file_index=107 file=Aretha Franklin/Knew You Were Waiting The Best of Aretha Franklin 1980–1998/13 - It Isn't, It Wasn't, It Ain't Never Gonna Be (single version).mp3
2026-02-05T22:50:49.027576Z DEBUG tokio-runtime-worker ThreadId(23) wkmp_ai::services::workflow_orchestrator: wkmp-ai\src\services\workflow_orchestrator\mod.rs:1438: Acquiring all statistics Mutex locks for SSE conversion
2026-02-05T22:50:49.027689Z DEBUG tokio-runtime-worker ThreadId(23) wkmp_ai::services::workflow_orchestrator: wkmp-ai\src\services\workflow_orchestrator\mod.rs:1467: All statistics Mutex locks acquired and data cloned
2026-02-05T22:50:49.027848Z DEBUG tokio-runtime-worker ThreadId(23) wkmp_ai::services::workflow_orchestrator: wkmp-ai\src\services\workflow_orchestrator\mod.rs:1577: Releasing all statistics Mutex locks for SSE conversion
2026-02-05T22:50:49.027982Z DEBUG tokio-runtime-worker ThreadId(23) wkmp_ai::services::filename_matcher: wkmp-ai\src\services\filename_matcher.rs:65: Database query completed path=Aretha Franklin/Knew You Were Waiting The Best of Aretha Franklin 1980–1998/12 - Through the Storm.mp3 query_us=7489
2026-02-05T22:50:49.028114Z DEBUG tokio-runtime-worker ThreadId(23) wkmp_ai::services::filename_matcher: wkmp-ai\src\services\filename_matcher.rs:81: File already processed (INGEST COMPLETE) path=Aretha Franklin/Knew You Were Waiting The Best of Aretha Franklin 1980–1998/12 - Through the Storm.mp3 guid=22893bdf-9d78-4f97-b2e9-63924a5914f4
2026-02-05T22:50:49.028247Z  INFO tokio-runtime-worker ThreadId(23) wkmp_ai::services::workflow_orchestrator: wkmp-ai\src\services\workflow_orchestrator\mod.rs:1756: Phase 1 completed phase="Filename Matching" duration_ms=8 path_us=0 db_ms=7 file_index=106
2026-02-05T22:50:49.028389Z  INFO tokio-runtime-worker ThreadId(23) wkmp_ai::services::workflow_orchestrator: wkmp-ai\src\services\workflow_orchestrator\mod.rs:1770: File already processed (INGEST COMPLETE/NO AUDIO/DUPLICATE HASH), skipping all remaining phases file="C:\\Users\\Mango Cat\\Music\\Aretha Franklin/Knew You Were Waiting\u{f03a} The Best of Aretha Franklin 1980–1998/12 - Through the Storm.mp3" file_id=22893bdf-9d78-4f97-b2e9-63924a5914f4
2026-02-05T22:50:49.028543Z DEBUG tokio-runtime-worker ThreadId(23) wkmp_ai::services::workflow_orchestrator: wkmp-ai\src\services\workflow_orchestrator\mod.rs:2928: File processing complete session_id=4b515178-85e0-43eb-8eb8-3f4fb38ec0c0 file_index=106 file=Aretha Franklin/Knew You Were Waiting The Best of Aretha Franklin 1980–1998/12 - Through the Storm.mp3
2026-02-05T22:50:49.028821Z DEBUG tokio-runtime-worker ThreadId(23) wkmp_ai::api::sse: wkmp-ai\src\api\sse.rs:71: SSE: Broadcasting import event: ImportProgressUpdate
2026-02-05T22:50:49.029699Z DEBUG tokio-runtime-worker ThreadId(23) wkmp_ai::api::sse: wkmp-ai\src\api\sse.rs:71: SSE: Broadcasting import event: ImportProgressUpdate
2026-02-05T22:50:49.029922Z DEBUG tokio-runtime-worker ThreadId(23) wkmp_ai::api::sse: wkmp-ai\src\api\sse.rs:71: SSE: Broadcasting import event: ImportProgressUpdate
2026-02-05T22:50:49.030729Z DEBUG tokio-runtime-worker ThreadId(23) wkmp_ai::api::sse: wkmp-ai\src\api\sse.rs:71: SSE: Broadcasting import event: ImportProgressUpdate
2026-02-05T22:50:49.030933Z DEBUG tokio-runtime-worker ThreadId(23) wkmp_ai::api::sse: wkmp-ai\src\api\sse.rs:71: SSE: Broadcasting import event: ImportProgressUpdate
2026-02-05T22:50:49.098687Z DEBUG tokio-runtime-worker ThreadId(23) wkmp_ai::services::progress_manager: wkmp-ai\src\services\progress_manager.rs:499: Progress synced to database session_id=4b515178-85e0-43eb-8eb8-3f4fb38ec0c0
2026-02-05T22:50:49.103894Z DEBUG tokio-runtime-worker ThreadId(23) wkmp_ai::services::workflow_orchestrator: wkmp-ai\src\services\workflow_orchestrator\mod.rs:1438: Acquiring all statistics Mutex locks for SSE conversion
2026-02-05T22:50:49.104098Z DEBUG tokio-runtime-worker ThreadId(23) wkmp_ai::services::workflow_orchestrator: wkmp-ai\src\services\workflow_orchestrator\mod.rs:1467: All statistics Mutex locks acquired and data cloned
2026-02-05T22:50:49.104341Z DEBUG tokio-runtime-worker ThreadId(23) wkmp_ai::services::workflow_orchestrator: wkmp-ai\src\services\workflow_orchestrator\mod.rs:1577: Releasing all statistics Mutex locks for SSE conversion
2026-02-05T22:50:49.104503Z DEBUG tokio-runtime-worker ThreadId(23) wkmp_ai::services::workflow_orchestrator: wkmp-ai\src\services\workflow_orchestrator\mod.rs:3110: Starting per-file pipeline file_index=109 file_id=6d2273c2-c9ab-4392-9442-ce9c3fa0525e file=Aretha Franklin/Knew You Were Waiting The Best of Aretha Franklin 1980–1998/15 - Willing to Forgive.mp3
2026-02-05T22:50:49.104748Z  INFO tokio-runtime-worker ThreadId(23) wkmp_ai::services::workflow_orchestrator: wkmp-ai\src\services\workflow_orchestrator\mod.rs:1733: Starting PLAN024 10-phase per-file pipeline (late audio decode) file="C:\\Users\\Mango Cat\\Music\\Aretha Franklin/Knew You Were Waiting\u{f03a} The Best of Aretha Franklin 1980–1998/15 - Willing to Forgive.mp3"
2026-02-05T22:50:49.104883Z DEBUG tokio-runtime-worker ThreadId(23) wkmp_ai::services::workflow_orchestrator: wkmp-ai\src\services\workflow_orchestrator\mod.rs:1742: Phase 1: Filename Matching - START file="C:\\Users\\Mango Cat\\Music\\Aretha Franklin/Knew You Were Waiting\u{f03a} The Best of Aretha Franklin 1980–1998/15 - Willing to Forgive.mp3"
2026-02-05T22:50:49.104985Z DEBUG tokio-runtime-worker ThreadId(23) wkmp_ai::services::filename_matcher: wkmp-ai\src\services\filename_matcher.rs:54: Checking if file exists in database path=Aretha Franklin/Knew You Were Waiting The Best of Aretha Franklin 1980–1998/15 - Willing to Forgive.mp3 norm_us=10
2026-02-05T22:50:49.105127Z DEBUG tokio-runtime-worker ThreadId(23) wkmp_ai::services::workflow_orchestrator: wkmp-ai\src\services\workflow_orchestrator\mod.rs:3110: Starting per-file pipeline file_index=110 file_id=a4e6104a-7bc2-4ea9-a0e1-149492a3b2b2 file=Aretha Franklin/Knew You Were Waiting The Best of Aretha Franklin 1980–1998/16 - A Rose Is Still a Rose (original radio edit).mp3
2026-02-05T22:50:49.105224Z  INFO tokio-runtime-worker ThreadId(23) wkmp_ai::services::workflow_orchestrator: wkmp-ai\src\services\workflow_orchestrator\mod.rs:1733: Starting PLAN024 10-phase per-file pipeline (late audio decode) file="C:\\Users\\Mango Cat\\Music\\Aretha Franklin/Knew You Were Waiting\u{f03a} The Best of Aretha Franklin 1980–1998/16 - A Rose Is Still a Rose (original radio edit).mp3"
2026-02-05T22:50:49.105319Z DEBUG tokio-runtime-worker ThreadId(23) wkmp_ai::services::workflow_orchestrator: wkmp-ai\src\services\workflow_orchestrator\mod.rs:1742: Phase 1: Filename Matching - START file="C:\\Users\\Mango Cat\\Music\\Aretha Franklin/Knew You Were Waiting\u{f03a} The Best of Aretha Franklin 1980–1998/16 - A Rose Is Still a Rose (original radio edit).mp3"
2026-02-05T22:50:49.105409Z DEBUG tokio-runtime-worker ThreadId(23) wkmp_ai::services::filename_matcher: wkmp-ai\src\services\filename_matcher.rs:54: Checking if file exists in database path=Aretha Franklin/Knew You Were Waiting The Best of Aretha Franklin 1980–1998/16 - A Rose Is Still a Rose (original radio edit).mp3 norm_us=3
2026-02-05T22:50:49.105513Z DEBUG tokio-runtime-worker ThreadId(23) wkmp_ai::services::workflow_orchestrator: wkmp-ai\src\services\workflow_orchestrator\mod.rs:3110: Starting per-file pipeline file_index=111 file_id=e68016e6-cfdc-4a60-abf7-927998c14b89 file=Aretha Franklin/The Atlantic Singles Collection 1967–1970/101 - I Never Loved a Man (The Way I Love You).mp3
2026-02-05T22:50:49.105686Z  INFO tokio-runtime-worker ThreadId(23) wkmp_ai::services::workflow_orchestrator: wkmp-ai\src\services\workflow_orchestrator\mod.rs:1733: Starting PLAN024 10-phase per-file pipeline (late audio decode) file="C:\\Users\\Mango Cat\\Music\\Aretha Franklin/The Atlantic Singles Collection 1967–1970/101 - I Never Loved a Man (The Way I Love You).mp3"
2026-02-05T22:50:49.105892Z DEBUG tokio-runtime-worker ThreadId(23) wkmp_ai::services::workflow_orchestrator: wkmp-ai\src\services\workflow_orchestrator\mod.rs:1742: Phase 1: Filename Matching - START file="C:\\Users\\Mango Cat\\Music\\Aretha Franklin/The Atlantic Singles Collection 1967–1970/101 - I Never Loved a Man (The Way I Love You).mp3"
2026-02-05T22:50:49.106094Z DEBUG tokio-runtime-worker ThreadId(23) wkmp_ai::services::filename_matcher: wkmp-ai\src\services\filename_matcher.rs:54: Checking if file exists in database path=Aretha Franklin/The Atlantic Singles Collection 1967–1970/101 - I Never Loved a Man (The Way I Love You).mp3 norm_us=3
2026-02-05T22:50:49.107149Z DEBUG tokio-runtime-worker ThreadId(23) wkmp_ai::api::sse: wkmp-ai\src\api\sse.rs:71: SSE: Broadcasting import event: ImportProgressUpdate
2026-02-05T22:50:49.107737Z DEBUG tokio-runtime-worker ThreadId(23) wkmp_ai::services::filename_matcher: wkmp-ai\src\services\filename_matcher.rs:65: Database query completed path=Aretha Franklin/Knew You Were Waiting The Best of Aretha Franklin 1980–1998/16 - A Rose Is Still a Rose (original radio edit).mp3 query_us=2239
2026-02-05T22:50:49.107876Z DEBUG tokio-runtime-worker ThreadId(23) wkmp_ai::services::filename_matcher: wkmp-ai\src\services\filename_matcher.rs:81: File already processed (INGEST COMPLETE) path=Aretha Franklin/Knew You Were Waiting The Best of Aretha Franklin 1980–1998/16 - A Rose Is Still a Rose (original radio edit).mp3 guid=a4e6104a-7bc2-4ea9-a0e1-149492a3b2b2
2026-02-05T22:50:49.107957Z  INFO tokio-runtime-worker ThreadId(23) wkmp_ai::services::workflow_orchestrator: wkmp-ai\src\services\workflow_orchestrator\mod.rs:1756: Phase 1 completed phase="Filename Matching" duration_ms=2 path_us=0 db_ms=2 file_index=110
2026-02-05T22:50:49.108061Z  INFO tokio-runtime-worker ThreadId(23) wkmp_ai::services::workflow_orchestrator: wkmp-ai\src\services\workflow_orchestrator\mod.rs:1770: File already processed (INGEST COMPLETE/NO AUDIO/DUPLICATE HASH), skipping all remaining phases file="C:\\Users\\Mango Cat\\Music\\Aretha Franklin/Knew You Were Waiting\u{f03a} The Best of Aretha Franklin 1980–1998/16 - A Rose Is Still a Rose (original radio edit).mp3" file_id=a4e6104a-7bc2-4ea9-a0e1-149492a3b2b2
2026-02-05T22:50:49.108267Z DEBUG tokio-runtime-worker ThreadId(23) wkmp_ai::services::workflow_orchestrator: wkmp-ai\src\services\workflow_orchestrator\mod.rs:2928: File processing complete session_id=4b515178-85e0-43eb-8eb8-3f4fb38ec0c0 file_index=110 file=Aretha Franklin/Knew You Were Waiting The Best of Aretha Franklin 1980–1998/16 - A Rose Is Still a Rose (original radio edit).mp3
2026-02-05T22:50:49.108425Z DEBUG tokio-runtime-worker ThreadId(23) wkmp_ai::services::workflow_orchestrator: wkmp-ai\src\services\workflow_orchestrator\mod.rs:1438: Acquiring all statistics Mutex locks for SSE conversion
2026-02-05T22:50:49.108536Z DEBUG tokio-runtime-worker ThreadId(23) wkmp_ai::services::workflow_orchestrator: wkmp-ai\src\services\workflow_orchestrator\mod.rs:1467: All statistics Mutex locks acquired and data cloned
2026-02-05T22:50:49.108695Z DEBUG tokio-runtime-worker ThreadId(23) wkmp_ai::services::workflow_orchestrator: wkmp-ai\src\services\workflow_orchestrator\mod.rs:1577: Releasing all statistics Mutex locks for SSE conversion
2026-02-05T22:50:49.108915Z DEBUG tokio-runtime-worker ThreadId(23) wkmp_ai::services::filename_matcher: wkmp-ai\src\services\filename_matcher.rs:65: Database query completed path=Aretha Franklin/Knew You Were Waiting The Best of Aretha Franklin 1980–1998/15 - Willing to Forgive.mp3 query_us=3840
2026-02-05T22:50:49.109023Z DEBUG tokio-runtime-worker ThreadId(23) wkmp_ai::services::filename_matcher: wkmp-ai\src\services\filename_matcher.rs:81: File already processed (INGEST COMPLETE) path=Aretha Franklin/Knew You Were Waiting The Best of Aretha Franklin 1980–1998/15 - Willing to Forgive.mp3 guid=6d2273c2-c9ab-4392-9442-ce9c3fa0525e
2026-02-05T22:50:49.109273Z  INFO tokio-runtime-worker ThreadId(23) wkmp_ai::services::workflow_orchestrator: wkmp-ai\src\services\workflow_orchestrator\mod.rs:1756: Phase 1 completed phase="Filename Matching" duration_ms=4 path_us=1 db_ms=4 file_index=109
2026-02-05T22:50:49.109371Z  INFO tokio-runtime-worker ThreadId(23) wkmp_ai::services::workflow_orchestrator: wkmp-ai\src\services\workflow_orchestrator\mod.rs:1770: File already processed (INGEST COMPLETE/NO AUDIO/DUPLICATE HASH), skipping all remaining phases file="C:\\Users\\Mango Cat\\Music\\Aretha Franklin/Knew You Were Waiting\u{f03a} The Best of Aretha Franklin 1980–1998/15 - Willing to Forgive.mp3" file_id=6d2273c2-c9ab-4392-9442-ce9c3fa0525e
2026-02-05T22:50:49.109482Z DEBUG tokio-runtime-worker ThreadId(23) wkmp_ai::services::workflow_orchestrator: wkmp-ai\src\services\workflow_orchestrator\mod.rs:2928: File processing complete session_id=4b515178-85e0-43eb-8eb8-3f4fb38ec0c0 file_index=109 file=Aretha Franklin/Knew You Were Waiting The Best of Aretha Franklin 1980–1998/15 - Willing to Forgive.mp3
2026-02-05T22:50:49.109583Z DEBUG tokio-runtime-worker ThreadId(23) wkmp_ai::services::workflow_orchestrator: wkmp-ai\src\services\workflow_orchestrator\mod.rs:1438: Acquiring all statistics Mutex locks for SSE conversion
2026-02-05T22:50:49.109658Z DEBUG tokio-runtime-worker ThreadId(23) wkmp_ai::services::workflow_orchestrator: wkmp-ai\src\services\workflow_orchestrator\mod.rs:1467: All statistics Mutex locks acquired and data cloned
2026-02-05T22:50:49.109790Z DEBUG tokio-runtime-worker ThreadId(23) wkmp_ai::services::workflow_orchestrator: wkmp-ai\src\services\workflow_orchestrator\mod.rs:1577: Releasing all statistics Mutex locks for SSE conversion
2026-02-05T22:50:49.109892Z DEBUG tokio-runtime-worker ThreadId(23) wkmp_ai::services::filename_matcher: wkmp-ai\src\services\filename_matcher.rs:65: Database query completed path=Aretha Franklin/The Atlantic Singles Collection 1967–1970/101 - I Never Loved a Man (The Way I Love You).mp3 query_us=3611
2026-02-05T22:50:49.109981Z DEBUG tokio-runtime-worker ThreadId(23) wkmp_ai::services::filename_matcher: wkmp-ai\src\services\filename_matcher.rs:81: File already processed (INGEST COMPLETE) path=Aretha Franklin/The Atlantic Singles Collection 1967–1970/101 - I Never Loved a Man (The Way I Love You).mp3 guid=e68016e6-cfdc-4a60-abf7-927998c14b89
2026-02-05T22:50:49.110066Z  INFO tokio-runtime-worker ThreadId(23) wkmp_ai::services::workflow_orchestrator: wkmp-ai\src\services\workflow_orchestrator\mod.rs:1756: Phase 1 completed phase="Filename Matching" duration_ms=4 path_us=0 db_ms=3 file_index=111
2026-02-05T22:50:49.110159Z  INFO tokio-runtime-worker ThreadId(23) wkmp_ai::services::workflow_orchestrator: wkmp-ai\src\services\workflow_orchestrator\mod.rs:1770: File already processed (INGEST COMPLETE/NO AUDIO/DUPLICATE HASH), skipping all remaining phases file="C:\\Users\\Mango Cat\\Music\\Aretha Franklin/The Atlantic Singles Collection 1967–1970/101 - I Never Loved a Man (The Way I Love You).mp3" file_id=e68016e6-cfdc-4a60-abf7-927998c14b89
2026-02-05T22:50:49.110262Z DEBUG tokio-runtime-worker ThreadId(23) wkmp_ai::services::workflow_orchestrator: wkmp-ai\src\services\workflow_orchestrator\mod.rs:2928: File processing complete session_id=4b515178-85e0-43eb-8eb8-3f4fb38ec0c0 file_index=111 file=Aretha Franklin/The Atlantic Singles Collection 1967–1970/101 - I Never Loved a Man (The Way I Love You).mp3
2026-02-05T22:50:49.110367Z DEBUG tokio-runtime-worker ThreadId(23) wkmp_ai::services::workflow_orchestrator: wkmp-ai\src\services\workflow_orchestrator\mod.rs:1438: Acquiring all statistics Mutex locks for SSE conversion
2026-02-05T22:50:49.110441Z DEBUG tokio-runtime-worker ThreadId(23) wkmp_ai::services::workflow_orchestrator: wkmp-ai\src\services\workflow_orchestrator\mod.rs:1467: All statistics Mutex locks acquired and data cloned
2026-02-05T22:50:49.110591Z DEBUG tokio-runtime-worker ThreadId(23) wkmp_ai::services::workflow_orchestrator: wkmp-ai\src\services\workflow_orchestrator\mod.rs:1577: Releasing all statistics Mutex locks for SSE conversion
2026-02-05T22:50:49.110768Z DEBUG tokio-runtime-worker ThreadId(23) wkmp_ai::services::workflow_orchestrator: wkmp-ai\src\services\workflow_orchestrator\mod.rs:3110: Starting per-file pipeline file_index=112 file_id=8228f49c-acc0-4be5-9156-b382aba02b5a file=Aretha Franklin/The Atlantic Singles Collection 1967–1970/102 - Do Right Woman – Do Right Man.mp3
2026-02-05T22:50:49.110886Z  INFO tokio-runtime-worker ThreadId(23) wkmp_ai::services::workflow_orchestrator: wkmp-ai\src\services\workflow_orchestrator\mod.rs:1733: Starting PLAN024 10-phase per-file pipeline (late audio decode) file="C:\\Users\\Mango Cat\\Music\\Aretha Franklin/The Atlantic Singles Collection 1967–1970/102 - Do Right Woman – Do Right Man.mp3"
2026-02-05T22:50:49.110985Z DEBUG tokio-runtime-worker ThreadId(23) wkmp_ai::services::workflow_orchestrator: wkmp-ai\src\services\workflow_orchestrator\mod.rs:1742: Phase 1: Filename Matching - START file="C:\\Users\\Mango Cat\\Music\\Aretha Franklin/The Atlantic Singles Collection 1967–1970/102 - Do Right Woman – Do Right Man.mp3"
2026-02-05T22:50:49.111078Z DEBUG tokio-runtime-worker ThreadId(23) wkmp_ai::services::filename_matcher: wkmp-ai\src\services\filename_matcher.rs:54: Checking if file exists in database path=Aretha Franklin/The Atlantic Singles Collection 1967–1970/102 - Do Right Woman – Do Right Man.mp3 norm_us=7
2026-02-05T22:50:49.111198Z DEBUG tokio-runtime-worker ThreadId(23) wkmp_ai::services::workflow_orchestrator: wkmp-ai\src\services\workflow_orchestrator\mod.rs:3110: Starting per-file pipeline file_index=113 file_id=d05de94c-c08a-41e6-98e8-679177a24b6e file=Aretha Franklin/The Atlantic Singles Collection 1967–1970/103 - Respect (mono version).mp3
2026-02-05T22:50:49.111290Z  INFO tokio-runtime-worker ThreadId(23) wkmp_ai::services::workflow_orchestrator: wkmp-ai\src\services\workflow_orchestrator\mod.rs:1733: Starting PLAN024 10-phase per-file pipeline (late audio decode) file="C:\\Users\\Mango Cat\\Music\\Aretha Franklin/The Atlantic Singles Collection 1967–1970/103 - Respect (mono version).mp3"
2026-02-05T22:50:49.111382Z DEBUG tokio-runtime-worker ThreadId(23) wkmp_ai::services::workflow_orchestrator: wkmp-ai\src\services\workflow_orchestrator\mod.rs:1742: Phase 1: Filename Matching - START file="C:\\Users\\Mango Cat\\Music\\Aretha Franklin/The Atlantic Singles Collection 1967–1970/103 - Respect (mono version).mp3"
2026-02-05T22:50:49.111469Z DEBUG tokio-runtime-worker ThreadId(23) wkmp_ai::services::filename_matcher: wkmp-ai\src\services\filename_matcher.rs:54: Checking if file exists in database path=Aretha Franklin/The Atlantic Singles Collection 1967–1970/103 - Respect (mono version).mp3 norm_us=3
2026-02-05T22:50:49.111578Z DEBUG tokio-runtime-worker ThreadId(23) wkmp_ai::services::workflow_orchestrator: wkmp-ai\src\services\workflow_orchestrator\mod.rs:3110: Starting per-file pipeline file_index=114 file_id=340145ba-705b-4ae2-babd-2e81e848b564 file=Aretha Franklin/The Atlantic Singles Collection 1967–1970/104 - Dr. Feelgood (Love Is Serious Business).mp3
2026-02-05T22:50:49.111759Z  INFO tokio-runtime-worker ThreadId(23) wkmp_ai::services::workflow_orchestrator: wkmp-ai\src\services\workflow_orchestrator\mod.rs:1733: Starting PLAN024 10-phase per-file pipeline (late audio decode) file="C:\\Users\\Mango Cat\\Music\\Aretha Franklin/The Atlantic Singles Collection 1967–1970/104 - Dr. Feelgood (Love Is Serious Business).mp3"
2026-02-05T22:50:49.111951Z DEBUG tokio-runtime-worker ThreadId(23) wkmp_ai::services::workflow_orchestrator: wkmp-ai\src\services\workflow_orchestrator\mod.rs:1742: Phase 1: Filename Matching - START file="C:\\Users\\Mango Cat\\Music\\Aretha Franklin/The Atlantic Singles Collection 1967–1970/104 - Dr. Feelgood (Love Is Serious Business).mp3"
2026-02-05T22:50:49.112122Z DEBUG tokio-runtime-worker ThreadId(23) wkmp_ai::services::filename_matcher: wkmp-ai\src\services\filename_matcher.rs:54: Checking if file exists in database path=Aretha Franklin/The Atlantic Singles Collection 1967–1970/104 - Dr. Feelgood (Love Is Serious Business).mp3 norm_us=3
2026-02-05T22:50:49.112365Z DEBUG tokio-runtime-worker ThreadId(23) wkmp_ai::api::sse: wkmp-ai\src\api\sse.rs:71: SSE: Broadcasting import event: ImportProgressUpdate
2026-02-05T22:50:49.113346Z DEBUG tokio-runtime-worker ThreadId(23) wkmp_ai::api::sse: wkmp-ai\src\api\sse.rs:71: SSE: Broadcasting import event: ImportProgressUpdate
2026-02-05T22:50:49.113605Z DEBUG tokio-runtime-worker ThreadId(23) wkmp_ai::api::sse: wkmp-ai\src\api\sse.rs:71: SSE: Broadcasting import event: ImportProgressUpdate
2026-02-05T22:50:49.114450Z DEBUG tokio-runtime-worker ThreadId(23) wkmp_ai::api::sse: wkmp-ai\src\api\sse.rs:71: SSE: Broadcasting import event: ImportProgressUpdate
2026-02-05T22:50:49.114687Z DEBUG tokio-runtime-worker ThreadId(23) wkmp_ai::api::sse: wkmp-ai\src\api\sse.rs:71: SSE: Broadcasting import event: ImportProgressUpdate
2026-02-05T22:50:49.115538Z DEBUG tokio-runtime-worker ThreadId(23) wkmp_ai::api::sse: wkmp-ai\src\api\sse.rs:71: SSE: Broadcasting import event: ImportProgressUpdate
2026-02-05T22:50:49.115883Z DEBUG tokio-runtime-worker ThreadId(23) wkmp_ai::services::filename_matcher: wkmp-ai\src\services\filename_matcher.rs:65: Database query completed path=Aretha Franklin/The Atlantic Singles Collection 1967–1970/102 - Do Right Woman – Do Right Man.mp3 query_us=4718
2026-02-05T22:50:49.116007Z DEBUG tokio-runtime-worker ThreadId(23) wkmp_ai::services::filename_matcher: wkmp-ai\src\services\filename_matcher.rs:81: File already processed (INGEST COMPLETE) path=Aretha Franklin/The Atlantic Singles Collection 1967–1970/102 - Do Right Woman – Do Right Man.mp3 guid=8228f49c-acc0-4be5-9156-b382aba02b5a
2026-02-05T22:50:49.116106Z  INFO tokio-runtime-worker ThreadId(23) wkmp_ai::services::workflow_orchestrator: wkmp-ai\src\services\workflow_orchestrator\mod.rs:1756: Phase 1 completed phase="Filename Matching" duration_ms=5 path_us=0 db_ms=5 file_index=112
2026-02-05T22:50:49.116229Z  INFO tokio-runtime-worker ThreadId(23) wkmp_ai::services::workflow_orchestrator: wkmp-ai\src\services\workflow_orchestrator\mod.rs:1770: File already processed (INGEST COMPLETE/NO AUDIO/DUPLICATE HASH), skipping all remaining phases file="C:\\Users\\Mango Cat\\Music\\Aretha Franklin/The Atlantic Singles Collection 1967–1970/102 - Do Right Woman – Do Right Man.mp3" file_id=8228f49c-acc0-4be5-9156-b382aba02b5a
2026-02-05T22:50:49.116345Z DEBUG tokio-runtime-worker ThreadId(23) wkmp_ai::services::workflow_orchestrator: wkmp-ai\src\services\workflow_orchestrator\mod.rs:2928: File processing complete session_id=4b515178-85e0-43eb-8eb8-3f4fb38ec0c0 file_index=112 file=Aretha Franklin/The Atlantic Singles Collection 1967–1970/102 - Do Right Woman – Do Right Man.mp3
2026-02-05T22:50:49.116454Z DEBUG tokio-runtime-worker ThreadId(23) wkmp_ai::services::workflow_orchestrator: wkmp-ai\src\services\workflow_orchestrator\mod.rs:1438: Acquiring all statistics Mutex locks for SSE conversion
2026-02-05T22:50:49.116553Z DEBUG tokio-runtime-worker ThreadId(23) wkmp_ai::services::workflow_orchestrator: wkmp-ai\src\services\workflow_orchestrator\mod.rs:1467: All statistics Mutex locks acquired and data cloned
2026-02-05T22:50:49.116705Z DEBUG tokio-runtime-worker ThreadId(23) wkmp_ai::services::workflow_orchestrator: wkmp-ai\src\services\workflow_orchestrator\mod.rs:1577: Releasing all statistics Mutex locks for SSE conversion
2026-02-05T22:50:49.116830Z DEBUG tokio-runtime-worker ThreadId(23) wkmp_ai::services::filename_matcher: wkmp-ai\src\services\filename_matcher.rs:65: Database query completed path=Aretha Franklin/The Atlantic Singles Collection 1967–1970/104 - Dr. Feelgood (Love Is Serious Business).mp3 query_us=4618
2026-02-05T22:50:49.116940Z DEBUG tokio-runtime-worker ThreadId(23) wkmp_ai::services::filename_matcher: wkmp-ai\src\services\filename_matcher.rs:81: File already processed (INGEST COMPLETE) path=Aretha Franklin/The Atlantic Singles Collection 1967–1970/104 - Dr. Feelgood (Love Is Serious Business).mp3 guid=340145ba-705b-4ae2-babd-2e81e848b564
2026-02-05T22:50:49.117040Z  INFO tokio-runtime-worker ThreadId(23) wkmp_ai::services::workflow_orchestrator: wkmp-ai\src\services\workflow_orchestrator\mod.rs:1756: Phase 1 completed phase="Filename Matching" duration_ms=5 path_us=0 db_ms=4 file_index=114
2026-02-05T22:50:49.117141Z  INFO tokio-runtime-worker ThreadId(23) wkmp_ai::services::workflow_orchestrator: wkmp-ai\src\services\workflow_orchestrator\mod.rs:1770: File already processed (INGEST COMPLETE/NO AUDIO/DUPLICATE HASH), skipping all remaining phases file="C:\\Users\\Mango Cat\\Music\\Aretha Franklin/The Atlantic Singles Collection 1967–1970/104 - Dr. Feelgood (Love Is Serious Business).mp3" file_id=340145ba-705b-4ae2-babd-2e81e848b564
2026-02-05T22:50:49.117252Z DEBUG tokio-runtime-worker ThreadId(23) wkmp_ai::services::workflow_orchestrator: wkmp-ai\src\services\workflow_orchestrator\mod.rs:2928: File processing complete session_id=4b515178-85e0-43eb-8eb8-3f4fb38ec0c0 file_index=114 file=Aretha Franklin/The Atlantic Singles Collection 1967–1970/104 - Dr. Feelgood (Love Is Serious Business).mp3
2026-02-05T22:50:49.117386Z DEBUG tokio-runtime-worker ThreadId(23) wkmp_ai::services::workflow_orchestrator: wkmp-ai\src\services\workflow_orchestrator\mod.rs:1438: Acquiring all statistics Mutex locks for SSE conversion
2026-02-05T22:50:49.117471Z DEBUG tokio-runtime-worker ThreadId(23) wkmp_ai::services::workflow_orchestrator: wkmp-ai\src\services\workflow_orchestrator\mod.rs:1467: All statistics Mutex locks acquired and data cloned
2026-02-05T22:50:49.117611Z DEBUG tokio-runtime-worker ThreadId(23) wkmp_ai::services::workflow_orchestrator: wkmp-ai\src\services\workflow_orchestrator\mod.rs:1577: Releasing all statistics Mutex locks for SSE conversion
2026-02-05T22:50:49.117723Z DEBUG tokio-runtime-worker ThreadId(23) wkmp_ai::services::filename_matcher: wkmp-ai\src\services\filename_matcher.rs:65: Database query completed path=Aretha Franklin/The Atlantic Singles Collection 1967–1970/103 - Respect (mono version).mp3 query_us=6169
2026-02-05T22:50:49.117812Z DEBUG tokio-runtime-worker ThreadId(23) wkmp_ai::services::filename_matcher: wkmp-ai\src\services\filename_matcher.rs:81: File already processed (INGEST COMPLETE) path=Aretha Franklin/The Atlantic Singles Collection 1967–1970/103 - Respect (mono version).mp3 guid=d05de94c-c08a-41e6-98e8-679177a24b6e
2026-02-05T22:50:49.117916Z  INFO tokio-runtime-worker ThreadId(23) wkmp_ai::services::workflow_orchestrator: wkmp-ai\src\services\workflow_orchestrator\mod.rs:1756: Phase 1 completed phase="Filename Matching" duration_ms=6 path_us=0 db_ms=6 file_index=113
2026-02-05T22:50:49.118015Z  INFO tokio-runtime-worker ThreadId(23) wkmp_ai::services::workflow_orchestrator: wkmp-ai\src\services\workflow_orchestrator\mod.rs:1770: File already processed (INGEST COMPLETE/NO AUDIO/DUPLICATE HASH), skipping all remaining phases file="C:\\Users\\Mango Cat\\Music\\Aretha Franklin/The Atlantic Singles Collection 1967–1970/103 - Respect (mono version).mp3" file_id=d05de94c-c08a-41e6-98e8-679177a24b6e
2026-02-05T22:50:49.118124Z DEBUG tokio-runtime-worker ThreadId(23) wkmp_ai::services::workflow_orchestrator: wkmp-ai\src\services\workflow_orchestrator\mod.rs:2928: File processing complete session_id=4b515178-85e0-43eb-8eb8-3f4fb38ec0c0 file_index=113 file=Aretha Franklin/The Atlantic Singles Collection 1967–1970/103 - Respect (mono version).mp3
2026-02-05T22:50:49.118239Z DEBUG tokio-runtime-worker ThreadId(23) wkmp_ai::services::workflow_orchestrator: wkmp-ai\src\services\workflow_orchestrator\mod.rs:1438: Acquiring all statistics Mutex locks for SSE conversion
2026-02-05T22:50:49.118319Z DEBUG tokio-runtime-worker ThreadId(23) wkmp_ai::services::workflow_orchestrator: wkmp-ai\src\services\workflow_orchestrator\mod.rs:1467: All statistics Mutex locks acquired and data cloned
2026-02-05T22:50:49.118452Z DEBUG tokio-runtime-worker ThreadId(23) wkmp_ai::services::workflow_orchestrator: wkmp-ai\src\services\workflow_orchestrator\mod.rs:1577: Releasing all statistics Mutex locks for SSE conversion
2026-02-05T22:50:49.118540Z DEBUG tokio-runtime-worker ThreadId(23) wkmp_ai::services::workflow_orchestrator: wkmp-ai\src\services\workflow_orchestrator\mod.rs:3110: Starting per-file pipeline file_index=115 file_id=ddaa7f95-e871-4a6d-80b1-28bd1dab9708 file=Aretha Franklin/The Atlantic Singles Collection 1967–1970/105 - Baby I Love You.mp3
2026-02-05T22:50:49.118648Z  INFO tokio-runtime-worker ThreadId(23) wkmp_ai::services::workflow_orchestrator: wkmp-ai\src\services\workflow_orchestrator\mod.rs:1733: Starting PLAN024 10-phase per-file pipeline (late audio decode) file="C:\\Users\\Mango Cat\\Music\\Aretha Franklin/The Atlantic Singles Collection 1967–1970/105 - Baby I Love You.mp3"
2026-02-05T22:50:49.118758Z DEBUG tokio-runtime-worker ThreadId(23) wkmp_ai::services::workflow_orchestrator: wkmp-ai\src\services\workflow_orchestrator\mod.rs:1742: Phase 1: Filename Matching - START file="C:\\Users\\Mango Cat\\Music\\Aretha Franklin/The Atlantic Singles Collection 1967–1970/105 - Baby I Love You.mp3"
2026-02-05T22:50:49.118860Z DEBUG tokio-runtime-worker ThreadId(23) wkmp_ai::services::filename_matcher: wkmp-ai\src\services\filename_matcher.rs:54: Checking if file exists in database path=Aretha Franklin/The Atlantic Singles Collection 1967–1970/105 - Baby I Love You.mp3 norm_us=5
2026-02-05T22:50:49.118987Z DEBUG tokio-runtime-worker ThreadId(23) wkmp_ai::services::workflow_orchestrator: wkmp-ai\src\services\workflow_orchestrator\mod.rs:3110: Starting per-file pipeline file_index=116 file_id=7155999e-d2b6-4b43-b20f-73fb5d0d6d3f file=Aretha Franklin/The Atlantic Singles Collection 1967–1970/106 - Going Down Slow.mp3
2026-02-05T22:50:49.119091Z  INFO tokio-runtime-worker ThreadId(23) wkmp_ai::services::workflow_orchestrator: wkmp-ai\src\services\workflow_orchestrator\mod.rs:1733: Starting PLAN024 10-phase per-file pipeline (late audio decode) file="C:\\Users\\Mango Cat\\Music\\Aretha Franklin/The Atlantic Singles Collection 1967–1970/106 - Going Down Slow.mp3"
2026-02-05T22:50:49.119190Z DEBUG tokio-runtime-worker ThreadId(23) wkmp_ai::services::workflow_orchestrator: wkmp-ai\src\services\workflow_orchestrator\mod.rs:1742: Phase 1: Filename Matching - START file="C:\\Users\\Mango Cat\\Music\\Aretha Franklin/The Atlantic Singles Collection 1967–1970/106 - Going Down Slow.mp3"
2026-02-05T22:50:49.119286Z DEBUG tokio-runtime-worker ThreadId(23) wkmp_ai::services::filename_matcher: wkmp-ai\src\services\filename_matcher.rs:54: Checking if file exists in database path=Aretha Franklin/The Atlantic Singles Collection 1967–1970/106 - Going Down Slow.mp3 norm_us=3
2026-02-05T22:50:49.119397Z DEBUG tokio-runtime-worker ThreadId(23) wkmp_ai::services::workflow_orchestrator: wkmp-ai\src\services\workflow_orchestrator\mod.rs:3110: Starting per-file pipeline file_index=117 file_id=321e23a7-2f31-4c04-8cb3-32c3fa047f9e file=Aretha Franklin/The Atlantic Singles Collection 1967–1970/107 - A Natural Woman (You Make Me Feel Like).mp3
2026-02-05T22:50:49.119493Z  INFO tokio-runtime-worker ThreadId(23) wkmp_ai::services::workflow_orchestrator: wkmp-ai\src\services\workflow_orchestrator\mod.rs:1733: Starting PLAN024 10-phase per-file pipeline (late audio decode) file="C:\\Users\\Mango Cat\\Music\\Aretha Franklin/The Atlantic Singles Collection 1967–1970/107 - A Natural Woman (You Make Me Feel Like).mp3"
2026-02-05T22:50:49.119596Z DEBUG tokio-runtime-worker ThreadId(23) wkmp_ai::services::workflow_orchestrator: wkmp-ai\src\services\workflow_orchestrator\mod.rs:1742: Phase 1: Filename Matching - START file="C:\\Users\\Mango Cat\\Music\\Aretha Franklin/The Atlantic Singles Collection 1967–1970/107 - A Natural Woman (You Make Me Feel Like).mp3"
2026-02-05T22:50:49.119697Z DEBUG tokio-runtime-worker ThreadId(23) wkmp_ai::services::filename_matcher: wkmp-ai\src\services\filename_matcher.rs:54: Checking if file exists in database path=Aretha Franklin/The Atlantic Singles Collection 1967–1970/107 - A Natural Woman (You Make Me Feel Like).mp3 norm_us=5
2026-02-05T22:50:49.119949Z DEBUG tokio-runtime-worker ThreadId(23) wkmp_ai::api::sse: wkmp-ai\src\api\sse.rs:71: SSE: Broadcasting import event: ImportProgressUpdate
2026-02-05T22:50:49.120820Z DEBUG tokio-runtime-worker ThreadId(23) wkmp_ai::api::sse: wkmp-ai\src\api\sse.rs:71: SSE: Broadcasting import event: ImportProgressUpdate
2026-02-05T22:50:49.121066Z DEBUG tokio-runtime-worker ThreadId(23) wkmp_ai::api::sse: wkmp-ai\src\api\sse.rs:71: SSE: Broadcasting import event: ImportProgressUpdate
2026-02-05T22:50:49.121918Z DEBUG tokio-runtime-worker ThreadId(23) wkmp_ai::api::sse: wkmp-ai\src\api\sse.rs:71: SSE: Broadcasting import event: ImportProgressUpdate
2026-02-05T22:50:49.122143Z DEBUG tokio-runtime-worker ThreadId(23) wkmp_ai::api::sse: wkmp-ai\src\api\sse.rs:71: SSE: Broadcasting import event: ImportProgressUpdate
2026-02-05T22:50:49.122975Z DEBUG tokio-runtime-worker ThreadId(23) wkmp_ai::api::sse: wkmp-ai\src\api\sse.rs:71: SSE: Broadcasting import event: ImportProgressUpdate
2026-02-05T22:50:49.123287Z DEBUG tokio-runtime-worker ThreadId(23) wkmp_ai::services::filename_matcher: wkmp-ai\src\services\filename_matcher.rs:65: Database query completed path=Aretha Franklin/The Atlantic Singles Collection 1967–1970/105 - Baby I Love You.mp3 query_us=4333
2026-02-05T22:50:49.123390Z DEBUG tokio-runtime-worker ThreadId(23) wkmp_ai::services::filename_matcher: wkmp-ai\src\services\filename_matcher.rs:81: File already processed (INGEST COMPLETE) path=Aretha Franklin/The Atlantic Singles Collection 1967–1970/105 - Baby I Love You.mp3 guid=ddaa7f95-e871-4a6d-80b1-28bd1dab9708
2026-02-05T22:50:49.123483Z  INFO tokio-runtime-worker ThreadId(23) wkmp_ai::services::workflow_orchestrator: wkmp-ai\src\services\workflow_orchestrator\mod.rs:1756: Phase 1 completed phase="Filename Matching" duration_ms=4 path_us=1 db_ms=4 file_index=115
2026-02-05T22:50:49.123697Z  INFO tokio-runtime-worker ThreadId(23) wkmp_ai::services::workflow_orchestrator: wkmp-ai\src\services\workflow_orchestrator\mod.rs:1770: File already processed (INGEST COMPLETE/NO AUDIO/DUPLICATE HASH), skipping all remaining phases file="C:\\Users\\Mango Cat\\Music\\Aretha Franklin/The Atlantic Singles Collection 1967–1970/105 - Baby I Love You.mp3" file_id=ddaa7f95-e871-4a6d-80b1-28bd1dab9708
2026-02-05T22:50:49.123939Z DEBUG tokio-runtime-worker ThreadId(23) wkmp_ai::services::workflow_orchestrator: wkmp-ai\src\services\workflow_orchestrator\mod.rs:2928: File processing complete session_id=4b515178-85e0-43eb-8eb8-3f4fb38ec0c0 file_index=115 file=Aretha Franklin/The Atlantic Singles Collection 1967–1970/105 - Baby I Love You.mp3
2026-02-05T22:50:49.124164Z DEBUG tokio-runtime-worker ThreadId(23) wkmp_ai::services::workflow_orchestrator: wkmp-ai\src\services\workflow_orchestrator\mod.rs:1438: Acquiring all statistics Mutex locks for SSE conversion
2026-02-05T22:50:49.124267Z DEBUG tokio-runtime-worker ThreadId(23) wkmp_ai::services::workflow_orchestrator: wkmp-ai\src\services\workflow_orchestrator\mod.rs:1467: All statistics Mutex locks acquired and data cloned
2026-02-05T22:50:49.124441Z DEBUG tokio-runtime-worker ThreadId(23) wkmp_ai::services::workflow_orchestrator: wkmp-ai\src\services\workflow_orchestrator\mod.rs:1577: Releasing all statistics Mutex locks for SSE conversion
2026-02-05T22:50:49.124592Z DEBUG tokio-runtime-worker ThreadId(23) wkmp_ai::services::filename_matcher: wkmp-ai\src\services\filename_matcher.rs:65: Database query completed path=Aretha Franklin/The Atlantic Singles Collection 1967–1970/107 - A Natural Woman (You Make Me Feel Like).mp3 query_us=4795
2026-02-05T22:50:49.124707Z DEBUG tokio-runtime-worker ThreadId(23) wkmp_ai::services::filename_matcher: wkmp-ai\src\services\filename_matcher.rs:81: File already processed (INGEST COMPLETE) path=Aretha Franklin/The Atlantic Singles Collection 1967–1970/107 - A Natural Woman (You Make Me Feel Like).mp3 guid=321e23a7-2f31-4c04-8cb3-32c3fa047f9e
2026-02-05T22:50:49.124809Z  INFO tokio-runtime-worker ThreadId(23) wkmp_ai::services::workflow_orchestrator: wkmp-ai\src\services\workflow_orchestrator\mod.rs:1756: Phase 1 completed phase="Filename Matching" duration_ms=5 path_us=1 db_ms=5 file_index=117
2026-02-05T22:50:49.124908Z  INFO tokio-runtime-worker ThreadId(23) wkmp_ai::services::workflow_orchestrator: wkmp-ai\src\services\workflow_orchestrator\mod.rs:1770: File already processed (INGEST COMPLETE/NO AUDIO/DUPLICATE HASH), skipping all remaining phases file="C:\\Users\\Mango Cat\\Music\\Aretha Franklin/The Atlantic Singles Collection 1967–1970/107 - A Natural Woman (You Make Me Feel Like).mp3" file_id=321e23a7-2f31-4c04-8cb3-32c3fa047f9e
2026-02-05T22:50:49.125010Z DEBUG tokio-runtime-worker ThreadId(23) wkmp_ai::services::workflow_orchestrator: wkmp-ai\src\services\workflow_orchestrator\mod.rs:2928: File processing complete session_id=4b515178-85e0-43eb-8eb8-3f4fb38ec0c0 file_index=117 file=Aretha Franklin/The Atlantic Singles Collection 1967–1970/107 - A Natural Woman (You Make Me Feel Like).mp3
2026-02-05T22:50:49.125109Z DEBUG tokio-runtime-worker ThreadId(23) wkmp_ai::services::workflow_orchestrator: wkmp-ai\src\services\workflow_orchestrator\mod.rs:1438: Acquiring all statistics Mutex locks for SSE conversion
2026-02-05T22:50:49.125184Z DEBUG tokio-runtime-worker ThreadId(23) wkmp_ai::services::workflow_orchestrator: wkmp-ai\src\services\workflow_orchestrator\mod.rs:1467: All statistics Mutex locks acquired and data cloned
2026-02-05T22:50:49.125308Z DEBUG tokio-runtime-worker ThreadId(23) wkmp_ai::services::workflow_orchestrator: wkmp-ai\src\services\workflow_orchestrator\mod.rs:1577: Releasing all statistics Mutex locks for SSE conversion
2026-02-05T22:50:49.125410Z DEBUG tokio-runtime-worker ThreadId(23) wkmp_ai::services::filename_matcher: wkmp-ai\src\services\filename_matcher.rs:65: Database query completed path=Aretha Franklin/The Atlantic Singles Collection 1967–1970/106 - Going Down Slow.mp3 query_us=6034
2026-02-05T22:50:49.125514Z DEBUG tokio-runtime-worker ThreadId(23) wkmp_ai::services::filename_matcher: wkmp-ai\src\services\filename_matcher.rs:81: File already processed (INGEST COMPLETE) path=Aretha Franklin/The Atlantic Singles Collection 1967–1970/106 - Going Down Slow.mp3 guid=7155999e-d2b6-4b43-b20f-73fb5d0d6d3f
2026-02-05T22:50:49.125692Z  INFO tokio-runtime-worker ThreadId(23) wkmp_ai::services::workflow_orchestrator: wkmp-ai\src\services\workflow_orchestrator\mod.rs:1756: Phase 1 completed phase="Filename Matching" duration_ms=6 path_us=1 db_ms=6 file_index=116
2026-02-05T22:50:49.125829Z  INFO tokio-runtime-worker ThreadId(23) wkmp_ai::services::workflow_orchestrator: wkmp-ai\src\services\workflow_orchestrator\mod.rs:1770: File already processed (INGEST COMPLETE/NO AUDIO/DUPLICATE HASH), skipping all remaining phases file="C:\\Users\\Mango Cat\\Music\\Aretha Franklin/The Atlantic Singles Collection 1967–1970/106 - Going Down Slow.mp3" file_id=7155999e-d2b6-4b43-b20f-73fb5d0d6d3f
2026-02-05T22:50:49.125930Z DEBUG tokio-runtime-worker ThreadId(23) wkmp_ai::services::workflow_orchestrator: wkmp-ai\src\services\workflow_orchestrator\mod.rs:2928: File processing complete session_id=4b515178-85e0-43eb-8eb8-3f4fb38ec0c0 file_index=116 file=Aretha Franklin/The Atlantic Singles Collection 1967–1970/106 - Going Down Slow.mp3
2026-02-05T22:50:49.126097Z DEBUG tokio-runtime-worker ThreadId(23) wkmp_ai::services::workflow_orchestrator: wkmp-ai\src\services\workflow_orchestrator\mod.rs:1438: Acquiring all statistics Mutex locks for SSE conversion
2026-02-05T22:50:49.126259Z DEBUG tokio-runtime-worker ThreadId(23) wkmp_ai::services::workflow_orchestrator: wkmp-ai\src\services\workflow_orchestrator\mod.rs:1467: All statistics Mutex locks acquired and data cloned
2026-02-05T22:50:49.126487Z DEBUG tokio-runtime-worker ThreadId(23) wkmp_ai::services::workflow_orchestrator: wkmp-ai\src\services\workflow_orchestrator\mod.rs:1577: Releasing all statistics Mutex locks for SSE conversion
2026-02-05T22:50:49.126658Z DEBUG tokio-runtime-worker ThreadId(23) wkmp_ai::services::workflow_orchestrator: wkmp-ai\src\services\workflow_orchestrator\mod.rs:3110: Starting per-file pipeline file_index=118 file_id=35cb1c9a-86f0-42bd-90dd-0284cdf8fe67 file=Aretha Franklin/The Atlantic Singles Collection 1967–1970/108 - Baby, Baby, Baby.mp3
2026-02-05T22:50:49.126862Z  INFO tokio-runtime-worker ThreadId(23) wkmp_ai::services::workflow_orchestrator: wkmp-ai\src\services\workflow_orchestrator\mod.rs:1733: Starting PLAN024 10-phase per-file pipeline (late audio decode) file="C:\\Users\\Mango Cat\\Music\\Aretha Franklin/The Atlantic Singles Collection 1967–1970/108 - Baby, Baby, Baby.mp3"
2026-02-05T22:50:49.127152Z DEBUG tokio-runtime-worker ThreadId(23) wkmp_ai::services::workflow_orchestrator: wkmp-ai\src\services\workflow_orchestrator\mod.rs:1742: Phase 1: Filename Matching - START file="C:\\Users\\Mango Cat\\Music\\Aretha Franklin/The Atlantic Singles Collection 1967–1970/108 - Baby, Baby, Baby.mp3"
2026-02-05T22:50:49.127259Z DEBUG tokio-runtime-worker ThreadId(23) wkmp_ai::services::filename_matcher: wkmp-ai\src\services\filename_matcher.rs:54: Checking if file exists in database path=Aretha Franklin/The Atlantic Singles Collection 1967–1970/108 - Baby, Baby, Baby.mp3 norm_us=5
2026-02-05T22:50:49.127400Z DEBUG tokio-runtime-worker ThreadId(23) wkmp_ai::services::workflow_orchestrator: wkmp-ai\src\services\workflow_orchestrator\mod.rs:3110: Starting per-file pipeline file_index=119 file_id=77426068-4d3b-403f-b597-d4147699e1bf file=Aretha Franklin/The Atlantic Singles Collection 1967–1970/109 - Chain of Fools.mp3
2026-02-05T22:50:49.127505Z  INFO tokio-runtime-worker ThreadId(23) wkmp_ai::services::workflow_orchestrator: wkmp-ai\src\services\workflow_orchestrator\mod.rs:1733: Starting PLAN024 10-phase per-file pipeline (late audio decode) file="C:\\Users\\Mango Cat\\Music\\Aretha Franklin/The Atlantic Singles Collection 1967–1970/109 - Chain of Fools.mp3"
2026-02-05T22:50:49.127605Z DEBUG tokio-runtime-worker ThreadId(23) wkmp_ai::services::workflow_orchestrator: wkmp-ai\src\services\workflow_orchestrator\mod.rs:1742: Phase 1: Filename Matching - START file="C:\\Users\\Mango Cat\\Music\\Aretha Franklin/The Atlantic Singles Collection 1967–1970/109 - Chain of Fools.mp3"
2026-02-05T22:50:49.127697Z DEBUG tokio-runtime-worker ThreadId(23) wkmp_ai::services::filename_matcher: wkmp-ai\src\services\filename_matcher.rs:54: Checking if file exists in database path=Aretha Franklin/The Atlantic Singles Collection 1967–1970/109 - Chain of Fools.mp3 norm_us=3
2026-02-05T22:50:49.127806Z DEBUG tokio-runtime-worker ThreadId(23) wkmp_ai::services::workflow_orchestrator: wkmp-ai\src\services\workflow_orchestrator\mod.rs:3110: Starting per-file pipeline file_index=120 file_id=3c310bb8-bf23-450b-9364-7a53f2149314 file=Aretha Franklin/The Atlantic Singles Collection 1967–1970/110 - Prove It (mono version).mp3
2026-02-05T22:50:49.127902Z  INFO tokio-runtime-worker ThreadId(23) wkmp_ai::services::workflow_orchestrator: wkmp-ai\src\services\workflow_orchestrator\mod.rs:1733: Starting PLAN024 10-phase per-file pipeline (late audio decode) file="C:\\Users\\Mango Cat\\Music\\Aretha Franklin/The Atlantic Singles Collection 1967–1970/110 - Prove It (mono version).mp3"
2026-02-05T22:50:49.127997Z DEBUG tokio-runtime-worker ThreadId(23) wkmp_ai::services::workflow_orchestrator: wkmp-ai\src\services\workflow_orchestrator\mod.rs:1742: Phase 1: Filename Matching - START file="C:\\Users\\Mango Cat\\Music\\Aretha Franklin/The Atlantic Singles Collection 1967–1970/110 - Prove It (mono version).mp3"
2026-02-05T22:50:49.128121Z DEBUG tokio-runtime-worker ThreadId(23) wkmp_ai::services::filename_matcher: wkmp-ai\src\services\filename_matcher.rs:54: Checking if file exists in database path=Aretha Franklin/The Atlantic Singles Collection 1967–1970/110 - Prove It (mono version).mp3 norm_us=7
2026-02-05T22:50:49.128406Z DEBUG tokio-runtime-worker ThreadId(23) wkmp_ai::api::sse: wkmp-ai\src\api\sse.rs:71: SSE: Broadcasting import event: ImportProgressUpdate
2026-02-05T22:50:49.129495Z DEBUG tokio-runtime-worker ThreadId(23) wkmp_ai::api::sse: wkmp-ai\src\api\sse.rs:71: SSE: Broadcasting import event: ImportProgressUpdate
2026-02-05T22:50:49.129830Z DEBUG tokio-runtime-worker ThreadId(23) wkmp_ai::api::sse: wkmp-ai\src\api\sse.rs:71: SSE: Broadcasting import event: ImportProgressUpdate
2026-02-05T22:50:49.130719Z DEBUG tokio-runtime-worker ThreadId(23) wkmp_ai::api::sse: wkmp-ai\src\api\sse.rs:71: SSE: Broadcasting import event: ImportProgressUpdate
2026-02-05T22:50:49.130985Z DEBUG tokio-runtime-worker ThreadId(23) wkmp_ai::api::sse: wkmp-ai\src\api\sse.rs:71: SSE: Broadcasting import event: ImportProgressUpdate
2026-02-05T22:50:49.132714Z DEBUG tokio-runtime-worker ThreadId(23) wkmp_ai::api::sse: wkmp-ai\src\api\sse.rs:71: SSE: Broadcasting import event: ImportProgressUpdate
2026-02-05T22:50:49.133208Z DEBUG tokio-runtime-worker ThreadId(23) wkmp_ai::services::filename_matcher: wkmp-ai\src\services\filename_matcher.rs:65: Database query completed path=Aretha Franklin/The Atlantic Singles Collection 1967–1970/108 - Baby, Baby, Baby.mp3 query_us=5841
2026-02-05T22:50:49.133322Z DEBUG tokio-runtime-worker ThreadId(23) wkmp_ai::services::filename_matcher: wkmp-ai\src\services\filename_matcher.rs:81: File already processed (INGEST COMPLETE) path=Aretha Franklin/The Atlantic Singles Collection 1967–1970/108 - Baby, Baby, Baby.mp3 guid=35cb1c9a-86f0-42bd-90dd-0284cdf8fe67
2026-02-05T22:50:49.133501Z  INFO tokio-runtime-worker ThreadId(23) wkmp_ai::services::workflow_orchestrator: wkmp-ai\src\services\workflow_orchestrator\mod.rs:1756: Phase 1 completed phase="Filename Matching" duration_ms=6 path_us=1 db_ms=6 file_index=118
2026-02-05T22:50:49.133637Z  INFO tokio-runtime-worker ThreadId(23) wkmp_ai::services::workflow_orchestrator: wkmp-ai\src\services\workflow_orchestrator\mod.rs:1770: File already processed (INGEST COMPLETE/NO AUDIO/DUPLICATE HASH), skipping all remaining phases file="C:\\Users\\Mango Cat\\Music\\Aretha Franklin/The Atlantic Singles Collection 1967–1970/108 - Baby, Baby, Baby.mp3" file_id=35cb1c9a-86f0-42bd-90dd-0284cdf8fe67
2026-02-05T22:50:49.133862Z DEBUG tokio-runtime-worker ThreadId(23) wkmp_ai::services::workflow_orchestrator: wkmp-ai\src\services\workflow_orchestrator\mod.rs:2928: File processing complete session_id=4b515178-85e0-43eb-8eb8-3f4fb38ec0c0 file_index=118 file=Aretha Franklin/The Atlantic Singles Collection 1967–1970/108 - Baby, Baby, Baby.mp3
2026-02-05T22:50:49.139161Z DEBUG tokio-runtime-worker ThreadId(23) wkmp_ai::services::workflow_orchestrator: wkmp-ai\src\services\workflow_orchestrator\mod.rs:1438: Acquiring all statistics Mutex locks for SSE conversion
2026-02-05T22:50:49.139327Z DEBUG tokio-runtime-worker ThreadId(23) wkmp_ai::services::workflow_orchestrator: wkmp-ai\src\services\workflow_orchestrator\mod.rs:1467: All statistics Mutex locks acquired and data cloned
2026-02-05T22:50:49.139681Z DEBUG tokio-runtime-worker ThreadId(23) wkmp_ai::services::workflow_orchestrator: wkmp-ai\src\services\workflow_orchestrator\mod.rs:1577: Releasing all statistics Mutex locks for SSE conversion
2026-02-05T22:50:49.139873Z DEBUG tokio-runtime-worker ThreadId(23) wkmp_ai::services::filename_matcher: wkmp-ai\src\services\filename_matcher.rs:65: Database query completed path=Aretha Franklin/The Atlantic Singles Collection 1967–1970/110 - Prove It (mono version).mp3 query_us=11633
2026-02-05T22:50:49.140098Z DEBUG tokio-runtime-worker ThreadId(23) wkmp_ai::services::filename_matcher: wkmp-ai\src\services\filename_matcher.rs:81: File already processed (INGEST COMPLETE) path=Aretha Franklin/The Atlantic Singles Collection 1967–1970/110 - Prove It (mono version).mp3 guid=3c310bb8-bf23-450b-9364-7a53f2149314
2026-02-05T22:50:49.140344Z  INFO tokio-runtime-worker ThreadId(23) wkmp_ai::services::workflow_orchestrator: wkmp-ai\src\services\workflow_orchestrator\mod.rs:1756: Phase 1 completed phase="Filename Matching" duration_ms=12 path_us=2 db_ms=12 file_index=120
2026-02-05T22:50:49.140505Z  INFO tokio-runtime-worker ThreadId(23) wkmp_ai::services::workflow_orchestrator: wkmp-ai\src\services\workflow_orchestrator\mod.rs:1770: File already processed (INGEST COMPLETE/NO AUDIO/DUPLICATE HASH), skipping all remaining phases file="C:\\Users\\Mango Cat\\Music\\Aretha Franklin/The Atlantic Singles Collection 1967–1970/110 - Prove It (mono version).mp3" file_id=3c310bb8-bf23-450b-9364-7a53f2149314
2026-02-05T22:50:49.140680Z DEBUG tokio-runtime-worker ThreadId(23) wkmp_ai::services::workflow_orchestrator: wkmp-ai\src\services\workflow_orchestrator\mod.rs:2928: File processing complete session_id=4b515178-85e0-43eb-8eb8-3f4fb38ec0c0 file_index=120 file=Aretha Franklin/The Atlantic Singles Collection 1967–1970/110 - Prove It (mono version).mp3
2026-02-05T22:50:49.140879Z DEBUG tokio-runtime-worker ThreadId(23) wkmp_ai::services::workflow_orchestrator: wkmp-ai\src\services\workflow_orchestrator\mod.rs:1438: Acquiring all statistics Mutex locks for SSE conversion
2026-02-05T22:50:49.141109Z DEBUG tokio-runtime-worker ThreadId(23) wkmp_ai::services::workflow_orchestrator: wkmp-ai\src\services\workflow_orchestrator\mod.rs:1467: All statistics Mutex locks acquired and data cloned
2026-02-05T22:50:49.141348Z DEBUG tokio-runtime-worker ThreadId(23) wkmp_ai::services::workflow_orchestrator: wkmp-ai\src\services\workflow_orchestrator\mod.rs:1577: Releasing all statistics Mutex locks for SSE conversion
2026-02-05T22:50:49.141513Z DEBUG tokio-runtime-worker ThreadId(23) wkmp_ai::services::filename_matcher: wkmp-ai\src\services\filename_matcher.rs:65: Database query completed path=Aretha Franklin/The Atlantic Singles Collection 1967–1970/109 - Chain of Fools.mp3 query_us=13727
2026-02-05T22:50:49.141644Z DEBUG tokio-runtime-worker ThreadId(23) wkmp_ai::services::filename_matcher: wkmp-ai\src\services\filename_matcher.rs:81: File already processed (INGEST COMPLETE) path=Aretha Franklin/The Atlantic Singles Collection 1967–1970/109 - Chain of Fools.mp3 guid=77426068-4d3b-403f-b597-d4147699e1bf
2026-02-05T22:50:49.141799Z  INFO tokio-runtime-worker ThreadId(23) wkmp_ai::services::workflow_orchestrator: wkmp-ai\src\services\workflow_orchestrator\mod.rs:1756: Phase 1 completed phase="Filename Matching" duration_ms=14 path_us=0 db_ms=14 file_index=119
2026-02-05T22:50:49.141922Z  INFO tokio-runtime-worker ThreadId(23) wkmp_ai::services::workflow_orchestrator: wkmp-ai\src\services\workflow_orchestrator\mod.rs:1770: File already processed (INGEST COMPLETE/NO AUDIO/DUPLICATE HASH), skipping all remaining phases file="C:\\Users\\Mango Cat\\Music\\Aretha Franklin/The Atlantic Singles Collection 1967–1970/109 - Chain of Fools.mp3" file_id=77426068-4d3b-403f-b597-d4147699e1bf
2026-02-05T22:50:49.142089Z DEBUG tokio-runtime-worker ThreadId(23) wkmp_ai::services::workflow_orchestrator: wkmp-ai\src\services\workflow_orchestrator\mod.rs:2928: File processing complete session_id=4b515178-85e0-43eb-8eb8-3f4fb38ec0c0 file_index=119 file=Aretha Franklin/The Atlantic Singles Collection 1967–1970/109 - Chain of Fools.mp3
2026-02-05T22:50:49.142251Z DEBUG tokio-runtime-worker ThreadId(23) wkmp_ai::services::workflow_orchestrator: wkmp-ai\src\services\workflow_orchestrator\mod.rs:1438: Acquiring all statistics Mutex locks for SSE conversion
2026-02-05T22:50:49.142362Z DEBUG tokio-runtime-worker ThreadId(23) wkmp_ai::services::workflow_orchestrator: wkmp-ai\src\services\workflow_orchestrator\mod.rs:1467: All statistics Mutex locks acquired and data cloned
2026-02-05T22:50:49.142530Z DEBUG tokio-runtime-worker ThreadId(23) wkmp_ai::services::workflow_orchestrator: wkmp-ai\src\services\workflow_orchestrator\mod.rs:1577: Releasing all statistics Mutex locks for SSE conversion
2026-02-05T22:50:49.142660Z DEBUG tokio-runtime-worker ThreadId(23) wkmp_ai::services::workflow_orchestrator: wkmp-ai\src\services\workflow_orchestrator\mod.rs:3110: Starting per-file pipeline file_index=121 file_id=1562520a-df71-4c25-8265-014cd584e5d5 file=Aretha Franklin/The Atlantic Singles Collection 1967–1970/111 - (Sweet Sweet Baby) Since You’ve Been Gone.mp3
2026-02-05T22:50:49.142800Z  INFO tokio-runtime-worker ThreadId(23) wkmp_ai::services::workflow_orchestrator: wkmp-ai\src\services\workflow_orchestrator\mod.rs:1733: Starting PLAN024 10-phase per-file pipeline (late audio decode) file="C:\\Users\\Mango Cat\\Music\\Aretha Franklin/The Atlantic Singles Collection 1967–1970/111 - (Sweet Sweet Baby) Since You’ve Been Gone.mp3"
2026-02-05T22:50:49.142942Z DEBUG tokio-runtime-worker ThreadId(23) wkmp_ai::services::workflow_orchestrator: wkmp-ai\src\services\workflow_orchestrator\mod.rs:1742: Phase 1: Filename Matching - START file="C:\\Users\\Mango Cat\\Music\\Aretha Franklin/The Atlantic Singles Collection 1967–1970/111 - (Sweet Sweet Baby) Since You’ve Been Gone.mp3"
2026-02-05T22:50:49.143077Z DEBUG tokio-runtime-worker ThreadId(23) wkmp_ai::services::filename_matcher: wkmp-ai\src\services\filename_matcher.rs:54: Checking if file exists in database path=Aretha Franklin/The Atlantic Singles Collection 1967–1970/111 - (Sweet Sweet Baby) Since You’ve Been Gone.mp3 norm_us=9
2026-02-05T22:50:49.143254Z DEBUG tokio-runtime-worker ThreadId(23) wkmp_ai::services::workflow_orchestrator: wkmp-ai\src\services\workflow_orchestrator\mod.rs:3110: Starting per-file pipeline file_index=122 file_id=c021d59c-7493-44c3-9834-fd25e0e757f9 file=Aretha Franklin/The Atlantic Singles Collection 1967–1970/112 - Ain’t No Way.mp3
2026-02-05T22:50:49.143390Z  INFO tokio-runtime-worker ThreadId(23) wkmp_ai::services::workflow_orchestrator: wkmp-ai\src\services\workflow_orchestrator\mod.rs:1733: Starting PLAN024 10-phase per-file pipeline (late audio decode) file="C:\\Users\\Mango Cat\\Music\\Aretha Franklin/The Atlantic Singles Collection 1967–1970/112 - Ain’t No Way.mp3"
2026-02-05T22:50:49.143527Z DEBUG tokio-runtime-worker ThreadId(23) wkmp_ai::services::workflow_orchestrator: wkmp-ai\src\services\workflow_orchestrator\mod.rs:1742: Phase 1: Filename Matching - START file="C:\\Users\\Mango Cat\\Music\\Aretha Franklin/The Atlantic Singles Collection 1967–1970/112 - Ain’t No Way.mp3"
2026-02-05T22:50:49.143657Z DEBUG tokio-runtime-worker ThreadId(23) wkmp_ai::services::filename_matcher: wkmp-ai\src\services\filename_matcher.rs:54: Checking if file exists in database path=Aretha Franklin/The Atlantic Singles Collection 1967–1970/112 - Ain’t No Way.mp3 norm_us=3
2026-02-05T22:50:49.143801Z DEBUG tokio-runtime-worker ThreadId(23) wkmp_ai::services::workflow_orchestrator: wkmp-ai\src\services\workflow_orchestrator\mod.rs:3110: Starting per-file pipeline file_index=123 file_id=1cbb9e07-8ccf-49d1-adef-24c7f65b11fc file=Aretha Franklin/The Atlantic Singles Collection 1967–1970/113 - Think.mp3
2026-02-05T22:50:49.143939Z  INFO tokio-runtime-worker ThreadId(23) wkmp_ai::services::workflow_orchestrator: wkmp-ai\src\services\workflow_orchestrator\mod.rs:1733: Starting PLAN024 10-phase per-file pipeline (late audio decode) file="C:\\Users\\Mango Cat\\Music\\Aretha Franklin/The Atlantic Singles Collection 1967–1970/113 - Think.mp3"
2026-02-05T22:50:49.144071Z DEBUG tokio-runtime-worker ThreadId(23) wkmp_ai::services::workflow_orchestrator: wkmp-ai\src\services\workflow_orchestrator\mod.rs:1742: Phase 1: Filename Matching - START file="C:\\Users\\Mango Cat\\Music\\Aretha Franklin/The Atlantic Singles Collection 1967–1970/113 - Think.mp3"
2026-02-05T22:50:49.144199Z DEBUG tokio-runtime-worker ThreadId(23) wkmp_ai::services::filename_matcher: wkmp-ai\src\services\filename_matcher.rs:54: Checking if file exists in database path=Aretha Franklin/The Atlantic Singles Collection 1967–1970/113 - Think.mp3 norm_us=3
2026-02-05T22:50:49.144671Z DEBUG tokio-runtime-worker ThreadId(23) wkmp_ai::api::sse: wkmp-ai\src\api\sse.rs:71: SSE: Broadcasting import event: ImportProgressUpdate
2026-02-05T22:50:49.145653Z DEBUG tokio-runtime-worker ThreadId(23) wkmp_ai::api::sse: wkmp-ai\src\api\sse.rs:71: SSE: Broadcasting import event: ImportProgressUpdate
2026-02-05T22:50:49.145934Z DEBUG tokio-runtime-worker ThreadId(23) wkmp_ai::api::sse: wkmp-ai\src\api\sse.rs:71: SSE: Broadcasting import event: ImportProgressUpdate
2026-02-05T22:50:49.146857Z DEBUG tokio-runtime-worker ThreadId(23) wkmp_ai::api::sse: wkmp-ai\src\api\sse.rs:71: SSE: Broadcasting import event: ImportProgressUpdate
2026-02-05T22:50:49.147080Z DEBUG tokio-runtime-worker ThreadId(23) wkmp_ai::api::sse: wkmp-ai\src\api\sse.rs:71: SSE: Broadcasting import event: ImportProgressUpdate
2026-02-05T22:50:49.147990Z DEBUG tokio-runtime-worker ThreadId(23) wkmp_ai::api::sse: wkmp-ai\src\api\sse.rs:71: SSE: Broadcasting import event: ImportProgressUpdate
2026-02-05T22:50:49.148396Z DEBUG tokio-runtime-worker ThreadId(23) wkmp_ai::services::filename_matcher: wkmp-ai\src\services\filename_matcher.rs:65: Database query completed path=Aretha Franklin/The Atlantic Singles Collection 1967–1970/112 - Ain’t No Way.mp3 query_us=4611
2026-02-05T22:50:49.148503Z DEBUG tokio-runtime-worker ThreadId(23) wkmp_ai::services::filename_matcher: wkmp-ai\src\services\filename_matcher.rs:81: File already processed (INGEST COMPLETE) path=Aretha Franklin/The Atlantic Singles Collection 1967–1970/112 - Ain’t No Way.mp3 guid=c021d59c-7493-44c3-9834-fd25e0e757f9
2026-02-05T22:50:49.148603Z  INFO tokio-runtime-worker ThreadId(23) wkmp_ai::services::workflow_orchestrator: wkmp-ai\src\services\workflow_orchestrator\mod.rs:1756: Phase 1 completed phase="Filename Matching" duration_ms=5 path_us=0 db_ms=4 file_index=122
2026-02-05T22:50:49.148744Z  INFO tokio-runtime-worker ThreadId(23) wkmp_ai::services::workflow_orchestrator: wkmp-ai\src\services\workflow_orchestrator\mod.rs:1770: File already processed (INGEST COMPLETE/NO AUDIO/DUPLICATE HASH), skipping all remaining phases file="C:\\Users\\Mango Cat\\Music\\Aretha Franklin/The Atlantic Singles Collection 1967–1970/112 - Ain’t No Way.mp3" file_id=c021d59c-7493-44c3-9834-fd25e0e757f9
2026-02-05T22:50:49.148910Z DEBUG tokio-runtime-worker ThreadId(23) wkmp_ai::services::workflow_orchestrator: wkmp-ai\src\services\workflow_orchestrator\mod.rs:2928: File processing complete session_id=4b515178-85e0-43eb-8eb8-3f4fb38ec0c0 file_index=122 file=Aretha Franklin/The Atlantic Singles Collection 1967–1970/112 - Ain’t No Way.mp3
2026-02-05T22:50:49.149074Z DEBUG tokio-runtime-worker ThreadId(23) wkmp_ai::services::workflow_orchestrator: wkmp-ai\src\services\workflow_orchestrator\mod.rs:1438: Acquiring all statistics Mutex locks for SSE conversion
2026-02-05T22:50:49.149193Z DEBUG tokio-runtime-worker ThreadId(23) wkmp_ai::services::workflow_orchestrator: wkmp-ai\src\services\workflow_orchestrator\mod.rs:1467: All statistics Mutex locks acquired and data cloned
2026-02-05T22:50:49.149371Z DEBUG tokio-runtime-worker ThreadId(23) wkmp_ai::services::workflow_orchestrator: wkmp-ai\src\services\workflow_orchestrator\mod.rs:1577: Releasing all statistics Mutex locks for SSE conversion
2026-02-05T22:50:49.149516Z DEBUG tokio-runtime-worker ThreadId(23) wkmp_ai::services::filename_matcher: wkmp-ai\src\services\filename_matcher.rs:65: Database query completed path=Aretha Franklin/The Atlantic Singles Collection 1967–1970/113 - Think.mp3 query_us=5192
2026-02-05T22:50:49.149648Z DEBUG tokio-runtime-worker ThreadId(23) wkmp_ai::services::filename_matcher: wkmp-ai\src\services\filename_matcher.rs:81: File already processed (INGEST COMPLETE) path=Aretha Franklin/The Atlantic Singles Collection 1967–1970/113 - Think.mp3 guid=1cbb9e07-8ccf-49d1-adef-24c7f65b11fc
2026-02-05T22:50:49.149779Z  INFO tokio-runtime-worker ThreadId(23) wkmp_ai::services::workflow_orchestrator: wkmp-ai\src\services\workflow_orchestrator\mod.rs:1756: Phase 1 completed phase="Filename Matching" duration_ms=5 path_us=0 db_ms=5 file_index=123
2026-02-05T22:50:49.149920Z  INFO tokio-runtime-worker ThreadId(23) wkmp_ai::services::workflow_orchestrator: wkmp-ai\src\services\workflow_orchestrator\mod.rs:1770: File already processed (INGEST COMPLETE/NO AUDIO/DUPLICATE HASH), skipping all remaining phases file="C:\\Users\\Mango Cat\\Music\\Aretha Franklin/The Atlantic Singles Collection 1967–1970/113 - Think.mp3" file_id=1cbb9e07-8ccf-49d1-adef-24c7f65b11fc
2026-02-05T22:50:49.150063Z DEBUG tokio-runtime-worker ThreadId(23) wkmp_ai::services::workflow_orchestrator: wkmp-ai\src\services\workflow_orchestrator\mod.rs:2928: File processing complete session_id=4b515178-85e0-43eb-8eb8-3f4fb38ec0c0 file_index=123 file=Aretha Franklin/The Atlantic Singles Collection 1967–1970/113 - Think.mp3
2026-02-05T22:50:49.150202Z DEBUG tokio-runtime-worker ThreadId(23) wkmp_ai::services::workflow_orchestrator: wkmp-ai\src\services\workflow_orchestrator\mod.rs:1438: Acquiring all statistics Mutex locks for SSE conversion
2026-02-05T22:50:49.150312Z DEBUG tokio-runtime-worker ThreadId(23) wkmp_ai::services::workflow_orchestrator: wkmp-ai\src\services\workflow_orchestrator\mod.rs:1467: All statistics Mutex locks acquired and data cloned
2026-02-05T22:50:49.150476Z DEBUG tokio-runtime-worker ThreadId(23) wkmp_ai::services::workflow_orchestrator: wkmp-ai\src\services\workflow_orchestrator\mod.rs:1577: Releasing all statistics Mutex locks for SSE conversion
2026-02-05T22:50:49.150620Z DEBUG tokio-runtime-worker ThreadId(23) wkmp_ai::services::filename_matcher: wkmp-ai\src\services\filename_matcher.rs:65: Database query completed path=Aretha Franklin/The Atlantic Singles Collection 1967–1970/111 - (Sweet Sweet Baby) Since You’ve Been Gone.mp3 query_us=7418
2026-02-05T22:50:49.150746Z DEBUG tokio-runtime-worker ThreadId(23) wkmp_ai::services::filename_matcher: wkmp-ai\src\services\filename_matcher.rs:81: File already processed (INGEST COMPLETE) path=Aretha Franklin/The Atlantic Singles Collection 1967–1970/111 - (Sweet Sweet Baby) Since You’ve Been Gone.mp3 guid=1562520a-df71-4c25-8265-014cd584e5d5
2026-02-05T22:50:49.150871Z  INFO tokio-runtime-worker ThreadId(23) wkmp_ai::services::workflow_orchestrator: wkmp-ai\src\services\workflow_orchestrator\mod.rs:1756: Phase 1 completed phase="Filename Matching" duration_ms=7 path_us=1 db_ms=7 file_index=121
2026-02-05T22:50:49.151007Z  INFO tokio-runtime-worker ThreadId(23) wkmp_ai::services::workflow_orchestrator: wkmp-ai\src\services\workflow_orchestrator\mod.rs:1770: File already processed (INGEST COMPLETE/NO AUDIO/DUPLICATE HASH), skipping all remaining phases file="C:\\Users\\Mango Cat\\Music\\Aretha Franklin/The Atlantic Singles Collection 1967–1970/111 - (Sweet Sweet Baby) Since You’ve Been Gone.mp3" file_id=1562520a-df71-4c25-8265-014cd584e5d5
2026-02-05T22:50:49.151155Z DEBUG tokio-runtime-worker ThreadId(23) wkmp_ai::services::workflow_orchestrator: wkmp-ai\src\services\workflow_orchestrator\mod.rs:2928: File processing complete session_id=4b515178-85e0-43eb-8eb8-3f4fb38ec0c0 file_index=121 file=Aretha Franklin/The Atlantic Singles Collection 1967–1970/111 - (Sweet Sweet Baby) Since You’ve Been Gone.mp3
2026-02-05T22:50:49.151290Z DEBUG tokio-runtime-worker ThreadId(23) wkmp_ai::services::workflow_orchestrator: wkmp-ai\src\services\workflow_orchestrator\mod.rs:1438: Acquiring all statistics Mutex locks for SSE conversion
2026-02-05T22:50:49.151396Z DEBUG tokio-runtime-worker ThreadId(23) wkmp_ai::services::workflow_orchestrator: wkmp-ai\src\services\workflow_orchestrator\mod.rs:1467: All statistics Mutex locks acquired and data cloned
2026-02-05T22:50:49.151574Z DEBUG tokio-runtime-worker ThreadId(23) wkmp_ai::services::workflow_orchestrator: wkmp-ai\src\services\workflow_orchestrator\mod.rs:1577: Releasing all statistics Mutex locks for SSE conversion
2026-02-05T22:50:49.151706Z DEBUG tokio-runtime-worker ThreadId(23) wkmp_ai::services::workflow_orchestrator: wkmp-ai\src\services\workflow_orchestrator\mod.rs:3110: Starting per-file pipeline file_index=124 file_id=ef9ee7bb-a618-4de2-a1c4-dc8160a7af3d file=Aretha Franklin/The Atlantic Singles Collection 1967–1970/114 - You Send Me.mp3
2026-02-05T22:50:49.151846Z  INFO tokio-runtime-worker ThreadId(23) wkmp_ai::services::workflow_orchestrator: wkmp-ai\src\services\workflow_orchestrator\mod.rs:1733: Starting PLAN024 10-phase per-file pipeline (late audio decode) file="C:\\Users\\Mango Cat\\Music\\Aretha Franklin/The Atlantic Singles Collection 1967–1970/114 - You Send Me.mp3"
2026-02-05T22:50:49.151981Z DEBUG tokio-runtime-worker ThreadId(23) wkmp_ai::services::workflow_orchestrator: wkmp-ai\src\services\workflow_orchestrator\mod.rs:1742: Phase 1: Filename Matching - START file="C:\\Users\\Mango Cat\\Music\\Aretha Franklin/The Atlantic Singles Collection 1967–1970/114 - You Send Me.mp3"
2026-02-05T22:50:49.152110Z DEBUG tokio-runtime-worker ThreadId(23) wkmp_ai::services::filename_matcher: wkmp-ai\src\services\filename_matcher.rs:54: Checking if file exists in database path=Aretha Franklin/The Atlantic Singles Collection 1967–1970/114 - You Send Me.mp3 norm_us=4
2026-02-05T22:50:49.152266Z DEBUG tokio-runtime-worker ThreadId(23) wkmp_ai::services::workflow_orchestrator: wkmp-ai\src\services\workflow_orchestrator\mod.rs:3110: Starting per-file pipeline file_index=125 file_id=46f562a6-2592-4c0a-9929-5641ebffbf1e file=Aretha Franklin/The Atlantic Singles Collection 1967–1970/115 - The House That Jack Built (mono version).mp3
2026-02-05T22:50:49.152385Z  INFO tokio-runtime-worker ThreadId(23) wkmp_ai::services::workflow_orchestrator: wkmp-ai\src\services\workflow_orchestrator\mod.rs:1733: Starting PLAN024 10-phase per-file pipeline (late audio decode) file="C:\\Users\\Mango Cat\\Music\\Aretha Franklin/The Atlantic Singles Collection 1967–1970/115 - The House That Jack Built (mono version).mp3"
2026-02-05T22:50:49.152521Z DEBUG tokio-runtime-worker ThreadId(23) wkmp_ai::services::workflow_orchestrator: wkmp-ai\src\services\workflow_orchestrator\mod.rs:1742: Phase 1: Filename Matching - START file="C:\\Users\\Mango Cat\\Music\\Aretha Franklin/The Atlantic Singles Collection 1967–1970/115 - The House That Jack Built (mono version).mp3"
2026-02-05T22:50:49.152653Z DEBUG tokio-runtime-worker ThreadId(23) wkmp_ai::services::filename_matcher: wkmp-ai\src\services\filename_matcher.rs:54: Checking if file exists in database path=Aretha Franklin/The Atlantic Singles Collection 1967–1970/115 - The House That Jack Built (mono version).mp3 norm_us=3
2026-02-05T22:50:49.152798Z DEBUG tokio-runtime-worker ThreadId(23) wkmp_ai::services::workflow_orchestrator: wkmp-ai\src\services\workflow_orchestrator\mod.rs:3110: Starting per-file pipeline file_index=126 file_id=5434e5d3-8169-4b12-84fe-4493af090649 file=Aretha Franklin/The Atlantic Singles Collection 1967–1970/116 - I Say a Little Prayer.mp3
2026-02-05T22:50:49.152934Z  INFO tokio-runtime-worker ThreadId(23) wkmp_ai::services::workflow_orchestrator: wkmp-ai\src\services\workflow_orchestrator\mod.rs:1733: Starting PLAN024 10-phase per-file pipeline (late audio decode) file="C:\\Users\\Mango Cat\\Music\\Aretha Franklin/The Atlantic Singles Collection 1967–1970/116 - I Say a Little Prayer.mp3"
2026-02-05T22:50:49.153063Z DEBUG tokio-runtime-worker ThreadId(23) wkmp_ai::services::workflow_orchestrator: wkmp-ai\src\services\workflow_orchestrator\mod.rs:1742: Phase 1: Filename Matching - START file="C:\\Users\\Mango Cat\\Music\\Aretha Franklin/The Atlantic Singles Collection 1967–1970/116 - I Say a Little Prayer.mp3"
2026-02-05T22:50:49.153190Z DEBUG tokio-runtime-worker ThreadId(23) wkmp_ai::services::filename_matcher: wkmp-ai\src\services\filename_matcher.rs:54: Checking if file exists in database path=Aretha Franklin/The Atlantic Singles Collection 1967–1970/116 - I Say a Little Prayer.mp3 norm_us=3
2026-02-05T22:50:49.153432Z DEBUG tokio-runtime-worker ThreadId(23) wkmp_ai::api::sse: wkmp-ai\src\api\sse.rs:71: SSE: Broadcasting import event: ImportProgressUpdate
2026-02-05T22:50:49.154439Z DEBUG tokio-runtime-worker ThreadId(23) wkmp_ai::api::sse: wkmp-ai\src\api\sse.rs:71: SSE: Broadcasting import event: ImportProgressUpdate
2026-02-05T22:50:49.154706Z DEBUG tokio-runtime-worker ThreadId(23) wkmp_ai::api::sse: wkmp-ai\src\api\sse.rs:71: SSE: Broadcasting import event: ImportProgressUpdate
2026-02-05T22:50:49.155630Z DEBUG tokio-runtime-worker ThreadId(23) wkmp_ai::api::sse: wkmp-ai\src\api\sse.rs:71: SSE: Broadcasting import event: ImportProgressUpdate
2026-02-05T22:50:49.155843Z DEBUG tokio-runtime-worker ThreadId(23) wkmp_ai::api::sse: wkmp-ai\src\api\sse.rs:71: SSE: Broadcasting import event: ImportProgressUpdate
2026-02-05T22:50:49.156732Z DEBUG tokio-runtime-worker ThreadId(23) wkmp_ai::api::sse: wkmp-ai\src\api\sse.rs:71: SSE: Broadcasting import event: ImportProgressUpdate
2026-02-05T22:50:49.157196Z DEBUG tokio-runtime-worker ThreadId(23) wkmp_ai::services::filename_matcher: wkmp-ai\src\services\filename_matcher.rs:65: Database query completed path=Aretha Franklin/The Atlantic Singles Collection 1967–1970/115 - The House That Jack Built (mono version).mp3 query_us=4416
2026-02-05T22:50:49.157313Z DEBUG tokio-runtime-worker ThreadId(23) wkmp_ai::services::filename_matcher: wkmp-ai\src\services\filename_matcher.rs:81: File already processed (INGEST COMPLETE) path=Aretha Franklin/The Atlantic Singles Collection 1967–1970/115 - The House That Jack Built (mono version).mp3 guid=46f562a6-2592-4c0a-9929-5641ebffbf1e
2026-02-05T22:50:49.157443Z  INFO tokio-runtime-worker ThreadId(23) wkmp_ai::services::workflow_orchestrator: wkmp-ai\src\services\workflow_orchestrator\mod.rs:1756: Phase 1 completed phase="Filename Matching" duration_ms=4 path_us=0 db_ms=4 file_index=125
2026-02-05T22:50:49.157593Z  INFO tokio-runtime-worker ThreadId(23) wkmp_ai::services::workflow_orchestrator: wkmp-ai\src\services\workflow_orchestrator\mod.rs:1770: File already processed (INGEST COMPLETE/NO AUDIO/DUPLICATE HASH), skipping all remaining phases file="C:\\Users\\Mango Cat\\Music\\Aretha Franklin/The Atlantic Singles Collection 1967–1970/115 - The House That Jack Built (mono version).mp3" file_id=46f562a6-2592-4c0a-9929-5641ebffbf1e
2026-02-05T22:50:49.157757Z DEBUG tokio-runtime-worker ThreadId(23) wkmp_ai::services::workflow_orchestrator: wkmp-ai\src\services\workflow_orchestrator\mod.rs:2928: File processing complete session_id=4b515178-85e0-43eb-8eb8-3f4fb38ec0c0 file_index=125 file=Aretha Franklin/The Atlantic Singles Collection 1967–1970/115 - The House That Jack Built (mono version).mp3
2026-02-05T22:50:49.157933Z DEBUG tokio-runtime-worker ThreadId(23) wkmp_ai::services::workflow_orchestrator: wkmp-ai\src\services\workflow_orchestrator\mod.rs:1438: Acquiring all statistics Mutex locks for SSE conversion
2026-02-05T22:50:49.158063Z DEBUG tokio-runtime-worker ThreadId(23) wkmp_ai::services::workflow_orchestrator: wkmp-ai\src\services\workflow_orchestrator\mod.rs:1467: All statistics Mutex locks acquired and data cloned
2026-02-05T22:50:49.158245Z DEBUG tokio-runtime-worker ThreadId(23) wkmp_ai::services::workflow_orchestrator: wkmp-ai\src\services\workflow_orchestrator\mod.rs:1577: Releasing all statistics Mutex locks for SSE conversion
2026-02-05T22:50:49.158408Z DEBUG tokio-runtime-worker ThreadId(23) wkmp_ai::services::filename_matcher: wkmp-ai\src\services\filename_matcher.rs:65: Database query completed path=Aretha Franklin/The Atlantic Singles Collection 1967–1970/116 - I Say a Little Prayer.mp3 query_us=5092
2026-02-05T22:50:49.158576Z DEBUG tokio-runtime-worker ThreadId(23) wkmp_ai::services::filename_matcher: wkmp-ai\src\services\filename_matcher.rs:81: File already processed (INGEST COMPLETE) path=Aretha Franklin/The Atlantic Singles Collection 1967–1970/116 - I Say a Little Prayer.mp3 guid=5434e5d3-8169-4b12-84fe-4493af090649
2026-02-05T22:50:49.158715Z  INFO tokio-runtime-worker ThreadId(23) wkmp_ai::services::workflow_orchestrator: wkmp-ai\src\services\workflow_orchestrator\mod.rs:1756: Phase 1 completed phase="Filename Matching" duration_ms=5 path_us=0 db_ms=5 file_index=126
2026-02-05T22:50:49.158860Z  INFO tokio-runtime-worker ThreadId(23) wkmp_ai::services::workflow_orchestrator: wkmp-ai\src\services\workflow_orchestrator\mod.rs:1770: File already processed (INGEST COMPLETE/NO AUDIO/DUPLICATE HASH), skipping all remaining phases file="C:\\Users\\Mango Cat\\Music\\Aretha Franklin/The Atlantic Singles Collection 1967–1970/116 - I Say a Little Prayer.mp3" file_id=5434e5d3-8169-4b12-84fe-4493af090649
2026-02-05T22:50:49.159095Z DEBUG tokio-runtime-worker ThreadId(23) wkmp_ai::services::workflow_orchestrator: wkmp-ai\src\services\workflow_orchestrator\mod.rs:2928: File processing complete session_id=4b515178-85e0-43eb-8eb8-3f4fb38ec0c0 file_index=126 file=Aretha Franklin/The Atlantic Singles Collection 1967–1970/116 - I Say a Little Prayer.mp3
2026-02-05T22:50:49.159239Z DEBUG tokio-runtime-worker ThreadId(23) wkmp_ai::services::workflow_orchestrator: wkmp-ai\src\services\workflow_orchestrator\mod.rs:1438: Acquiring all statistics Mutex locks for SSE conversion
2026-02-05T22:50:49.159346Z DEBUG tokio-runtime-worker ThreadId(23) wkmp_ai::services::workflow_orchestrator: wkmp-ai\src\services\workflow_orchestrator\mod.rs:1467: All statistics Mutex locks acquired and data cloned
2026-02-05T22:50:49.159513Z DEBUG tokio-runtime-worker ThreadId(23) wkmp_ai::services::workflow_orchestrator: wkmp-ai\src\services\workflow_orchestrator\mod.rs:1577: Releasing all statistics Mutex locks for SSE conversion
2026-02-05T22:50:49.159655Z DEBUG tokio-runtime-worker ThreadId(23) wkmp_ai::services::filename_matcher: wkmp-ai\src\services\filename_matcher.rs:65: Database query completed path=Aretha Franklin/The Atlantic Singles Collection 1967–1970/114 - You Send Me.mp3 query_us=7421
2026-02-05T22:50:49.159782Z DEBUG tokio-runtime-worker ThreadId(23) wkmp_ai::services::filename_matcher: wkmp-ai\src\services\filename_matcher.rs:81: File already processed (INGEST COMPLETE) path=Aretha Franklin/The Atlantic Singles Collection 1967–1970/114 - You Send Me.mp3 guid=ef9ee7bb-a618-4de2-a1c4-dc8160a7af3d
2026-02-05T22:50:49.159908Z  INFO tokio-runtime-worker ThreadId(23) wkmp_ai::services::workflow_orchestrator: wkmp-ai\src\services\workflow_orchestrator\mod.rs:1756: Phase 1 completed phase="Filename Matching" duration_ms=7 path_us=0 db_ms=7 file_index=124
2026-02-05T22:50:49.160043Z  INFO tokio-runtime-worker ThreadId(23) wkmp_ai::services::workflow_orchestrator: wkmp-ai\src\services\workflow_orchestrator\mod.rs:1770: File already processed (INGEST COMPLETE/NO AUDIO/DUPLICATE HASH), skipping all remaining phases file="C:\\Users\\Mango Cat\\Music\\Aretha Franklin/The Atlantic Singles Collection 1967–1970/114 - You Send Me.mp3" file_id=ef9ee7bb-a618-4de2-a1c4-dc8160a7af3d
2026-02-05T22:50:49.160178Z DEBUG tokio-runtime-worker ThreadId(23) wkmp_ai::services::workflow_orchestrator: wkmp-ai\src\services\workflow_orchestrator\mod.rs:2928: File processing complete session_id=4b515178-85e0-43eb-8eb8-3f4fb38ec0c0 file_index=124 file=Aretha Franklin/The Atlantic Singles Collection 1967–1970/114 - You Send Me.mp3
2026-02-05T22:50:49.160314Z DEBUG tokio-runtime-worker ThreadId(23) wkmp_ai::services::workflow_orchestrator: wkmp-ai\src\services\workflow_orchestrator\mod.rs:1438: Acquiring all statistics Mutex locks for SSE conversion
2026-02-05T22:50:49.160419Z DEBUG tokio-runtime-worker ThreadId(23) wkmp_ai::services::workflow_orchestrator: wkmp-ai\src\services\workflow_orchestrator\mod.rs:1467: All statistics Mutex locks acquired and data cloned
2026-02-05T22:50:49.160637Z DEBUG tokio-runtime-worker ThreadId(23) wkmp_ai::services::workflow_orchestrator: wkmp-ai\src\services\workflow_orchestrator\mod.rs:1577: Releasing all statistics Mutex locks for SSE conversion
2026-02-05T22:50:49.160774Z DEBUG tokio-runtime-worker ThreadId(23) wkmp_ai::services::workflow_orchestrator: wkmp-ai\src\services\workflow_orchestrator\mod.rs:3110: Starting per-file pipeline file_index=127 file_id=128ac9e9-97dc-446e-8fad-34a3cce596a2 file=Aretha Franklin/The Atlantic Singles Collection 1967–1970/117 - See Saw.mp3
2026-02-05T22:50:49.160911Z  INFO tokio-runtime-worker ThreadId(23) wkmp_ai::services::workflow_orchestrator: wkmp-ai\src\services\workflow_orchestrator\mod.rs:1733: Starting PLAN024 10-phase per-file pipeline (late audio decode) file="C:\\Users\\Mango Cat\\Music\\Aretha Franklin/The Atlantic Singles Collection 1967–1970/117 - See Saw.mp3"
2026-02-05T22:50:49.161086Z DEBUG tokio-runtime-worker ThreadId(23) wkmp_ai::services::workflow_orchestrator: wkmp-ai\src\services\workflow_orchestrator\mod.rs:1742: Phase 1: Filename Matching - START file="C:\\Users\\Mango Cat\\Music\\Aretha Franklin/The Atlantic Singles Collection 1967–1970/117 - See Saw.mp3"
2026-02-05T22:50:49.161189Z DEBUG tokio-runtime-worker ThreadId(23) wkmp_ai::services::filename_matcher: wkmp-ai\src\services\filename_matcher.rs:54: Checking if file exists in database path=Aretha Franklin/The Atlantic Singles Collection 1967–1970/117 - See Saw.mp3 norm_us=7
2026-02-05T22:50:49.161344Z DEBUG tokio-runtime-worker ThreadId(23) wkmp_ai::services::workflow_orchestrator: wkmp-ai\src\services\workflow_orchestrator\mod.rs:3110: Starting per-file pipeline file_index=128 file_id=af896435-8912-4453-9fd3-3273f7c06cac file=Aretha Franklin/The Atlantic Singles Collection 1967–1970/118 - My Song.mp3
2026-02-05T22:50:49.161441Z  INFO tokio-runtime-worker ThreadId(23) wkmp_ai::services::workflow_orchestrator: wkmp-ai\src\services\workflow_orchestrator\mod.rs:1733: Starting PLAN024 10-phase per-file pipeline (late audio decode) file="C:\\Users\\Mango Cat\\Music\\Aretha Franklin/The Atlantic Singles Collection 1967–1970/118 - My Song.mp3"
2026-02-05T22:50:49.161605Z DEBUG tokio-runtime-worker ThreadId(23) wkmp_ai::services::workflow_orchestrator: wkmp-ai\src\services\workflow_orchestrator\mod.rs:1742: Phase 1: Filename Matching - START file="C:\\Users\\Mango Cat\\Music\\Aretha Franklin/The Atlantic Singles Collection 1967–1970/118 - My Song.mp3"
2026-02-05T22:50:49.161715Z DEBUG tokio-runtime-worker ThreadId(23) wkmp_ai::services::filename_matcher: wkmp-ai\src\services\filename_matcher.rs:54: Checking if file exists in database path=Aretha Franklin/The Atlantic Singles Collection 1967–1970/118 - My Song.mp3 norm_us=3
2026-02-05T22:50:49.161874Z DEBUG tokio-runtime-worker ThreadId(23) wkmp_ai::services::workflow_orchestrator: wkmp-ai\src\services\workflow_orchestrator\mod.rs:3110: Starting per-file pipeline file_index=129 file_id=db827c57-648e-46e0-b3d2-814534f7d96a file=Aretha Franklin/The Atlantic Singles Collection 1967–1970/201 - The Weight.mp3
2026-02-05T22:50:49.161966Z  INFO tokio-runtime-worker ThreadId(23) wkmp_ai::services::workflow_orchestrator: wkmp-ai\src\services\workflow_orchestrator\mod.rs:1733: Starting PLAN024 10-phase per-file pipeline (late audio decode) file="C:\\Users\\Mango Cat\\Music\\Aretha Franklin/The Atlantic Singles Collection 1967–1970/201 - The Weight.mp3"
2026-02-05T22:50:49.162059Z DEBUG tokio-runtime-worker ThreadId(23) wkmp_ai::services::workflow_orchestrator: wkmp-ai\src\services\workflow_orchestrator\mod.rs:1742: Phase 1: Filename Matching - START file="C:\\Users\\Mango Cat\\Music\\Aretha Franklin/The Atlantic Singles Collection 1967–1970/201 - The Weight.mp3"
2026-02-05T22:50:49.162157Z DEBUG tokio-runtime-worker ThreadId(23) wkmp_ai::services::filename_matcher: wkmp-ai\src\services\filename_matcher.rs:54: Checking if file exists in database path=Aretha Franklin/The Atlantic Singles Collection 1967–1970/201 - The Weight.mp3 norm_us=6
2026-02-05T22:50:49.162508Z DEBUG tokio-runtime-worker ThreadId(23) wkmp_ai::api::sse: wkmp-ai\src\api\sse.rs:71: SSE: Broadcasting import event: ImportProgressUpdate
2026-02-05T22:50:49.164365Z DEBUG tokio-runtime-worker ThreadId(23) wkmp_ai::api::sse: wkmp-ai\src\api\sse.rs:71: SSE: Broadcasting import event: ImportProgressUpdate
2026-02-05T22:50:49.164690Z DEBUG tokio-runtime-worker ThreadId(23) wkmp_ai::api::sse: wkmp-ai\src\api\sse.rs:71: SSE: Broadcasting import event: ImportProgressUpdate
2026-02-05T22:50:49.165676Z DEBUG tokio-runtime-worker ThreadId(23) wkmp_ai::api::sse: wkmp-ai\src\api\sse.rs:71: SSE: Broadcasting import event: ImportProgressUpdate
2026-02-05T22:50:49.165915Z DEBUG tokio-runtime-worker ThreadId(23) wkmp_ai::api::sse: wkmp-ai\src\api\sse.rs:71: SSE: Broadcasting import event: ImportProgressUpdate
2026-02-05T22:50:49.166891Z DEBUG tokio-runtime-worker ThreadId(23) wkmp_ai::api::sse: wkmp-ai\src\api\sse.rs:71: SSE: Broadcasting import event: ImportProgressUpdate
2026-02-05T22:50:49.167246Z DEBUG tokio-runtime-worker ThreadId(23) wkmp_ai::services::filename_matcher: wkmp-ai\src\services\filename_matcher.rs:65: Database query completed path=Aretha Franklin/The Atlantic Singles Collection 1967–1970/201 - The Weight.mp3 query_us=4949
2026-02-05T22:50:49.167402Z DEBUG tokio-runtime-worker ThreadId(23) wkmp_ai::services::filename_matcher: wkmp-ai\src\services\filename_matcher.rs:81: File already processed (INGEST COMPLETE) path=Aretha Franklin/The Atlantic Singles Collection 1967–1970/201 - The Weight.mp3 guid=db827c57-648e-46e0-b3d2-814534f7d96a
2026-02-05T22:50:49.167569Z  INFO tokio-runtime-worker ThreadId(23) wkmp_ai::services::workflow_orchestrator: wkmp-ai\src\services\workflow_orchestrator\mod.rs:1756: Phase 1 completed phase="Filename Matching" duration_ms=5 path_us=1 db_ms=5 file_index=129
2026-02-05T22:50:49.167716Z  INFO tokio-runtime-worker ThreadId(23) wkmp_ai::services::workflow_orchestrator: wkmp-ai\src\services\workflow_orchestrator\mod.rs:1770: File already processed (INGEST COMPLETE/NO AUDIO/DUPLICATE HASH), skipping all remaining phases file="C:\\Users\\Mango Cat\\Music\\Aretha Franklin/The Atlantic Singles Collection 1967–1970/201 - The Weight.mp3" file_id=db827c57-648e-46e0-b3d2-814534f7d96a
2026-02-05T22:50:49.167857Z DEBUG tokio-runtime-worker ThreadId(23) wkmp_ai::services::workflow_orchestrator: wkmp-ai\src\services\workflow_orchestrator\mod.rs:2928: File processing complete session_id=4b515178-85e0-43eb-8eb8-3f4fb38ec0c0 file_index=129 file=Aretha Franklin/The Atlantic Singles Collection 1967–1970/201 - The Weight.mp3
2026-02-05T22:50:49.168011Z DEBUG tokio-runtime-worker ThreadId(23) wkmp_ai::services::workflow_orchestrator: wkmp-ai\src\services\workflow_orchestrator\mod.rs:1438: Acquiring all statistics Mutex locks for SSE conversion
2026-02-05T22:50:49.168132Z DEBUG tokio-runtime-worker ThreadId(23) wkmp_ai::services::workflow_orchestrator: wkmp-ai\src\services\workflow_orchestrator\mod.rs:1467: All statistics Mutex locks acquired and data cloned
2026-02-05T22:50:49.168311Z DEBUG tokio-runtime-worker ThreadId(23) wkmp_ai::services::workflow_orchestrator: wkmp-ai\src\services\workflow_orchestrator\mod.rs:1577: Releasing all statistics Mutex locks for SSE conversion
2026-02-05T22:50:49.168449Z DEBUG tokio-runtime-worker ThreadId(23) wkmp_ai::services::filename_matcher: wkmp-ai\src\services\filename_matcher.rs:65: Database query completed path=Aretha Franklin/The Atlantic Singles Collection 1967–1970/117 - See Saw.mp3 query_us=7145
2026-02-05T22:50:49.168576Z DEBUG tokio-runtime-worker ThreadId(23) wkmp_ai::services::filename_matcher: wkmp-ai\src\services\filename_matcher.rs:81: File already processed (INGEST COMPLETE) path=Aretha Franklin/The Atlantic Singles Collection 1967–1970/117 - See Saw.mp3 guid=128ac9e9-97dc-446e-8fad-34a3cce596a2
2026-02-05T22:50:49.168710Z  INFO tokio-runtime-worker ThreadId(23) wkmp_ai::services::workflow_orchestrator: wkmp-ai\src\services\workflow_orchestrator\mod.rs:1756: Phase 1 completed phase="Filename Matching" duration_ms=7 path_us=1 db_ms=7 file_index=127
2026-02-05T22:50:49.168824Z  INFO tokio-runtime-worker ThreadId(23) wkmp_ai::services::workflow_orchestrator: wkmp-ai\src\services\workflow_orchestrator\mod.rs:1770: File already processed (INGEST COMPLETE/NO AUDIO/DUPLICATE HASH), skipping all remaining phases file="C:\\Users\\Mango Cat\\Music\\Aretha Franklin/The Atlantic Singles Collection 1967–1970/117 - See Saw.mp3" file_id=128ac9e9-97dc-446e-8fad-34a3cce596a2
2026-02-05T22:50:49.168964Z DEBUG tokio-runtime-worker ThreadId(23) wkmp_ai::services::workflow_orchestrator: wkmp-ai\src\services\workflow_orchestrator\mod.rs:2928: File processing complete session_id=4b515178-85e0-43eb-8eb8-3f4fb38ec0c0 file_index=127 file=Aretha Franklin/The Atlantic Singles Collection 1967–1970/117 - See Saw.mp3
2026-02-05T22:50:49.174405Z DEBUG tokio-runtime-worker ThreadId(23) wkmp_ai::services::workflow_orchestrator: wkmp-ai\src\services\workflow_orchestrator\mod.rs:1438: Acquiring all statistics Mutex locks for SSE conversion
2026-02-05T22:50:49.174688Z DEBUG tokio-runtime-worker ThreadId(23) wkmp_ai::services::workflow_orchestrator: wkmp-ai\src\services\workflow_orchestrator\mod.rs:1467: All statistics Mutex locks acquired and data cloned
2026-02-05T22:50:49.174943Z DEBUG tokio-runtime-worker ThreadId(23) wkmp_ai::services::workflow_orchestrator: wkmp-ai\src\services\workflow_orchestrator\mod.rs:1577: Releasing all statistics Mutex locks for SSE conversion
2026-02-05T22:50:49.175175Z DEBUG tokio-runtime-worker ThreadId(23) wkmp_ai::services::filename_matcher: wkmp-ai\src\services\filename_matcher.rs:65: Database query completed path=Aretha Franklin/The Atlantic Singles Collection 1967–1970/118 - My Song.mp3 query_us=13314
2026-02-05T22:50:49.175351Z DEBUG tokio-runtime-worker ThreadId(23) wkmp_ai::services::filename_matcher: wkmp-ai\src\services\filename_matcher.rs:81: File already processed (INGEST COMPLETE) path=Aretha Franklin/The Atlantic Singles Collection 1967–1970/118 - My Song.mp3 guid=af896435-8912-4453-9fd3-3273f7c06cac
2026-02-05T22:50:49.175472Z  INFO tokio-runtime-worker ThreadId(23) wkmp_ai::services::workflow_orchestrator: wkmp-ai\src\services\workflow_orchestrator\mod.rs:1756: Phase 1 completed phase="Filename Matching" duration_ms=13 path_us=0 db_ms=13 file_index=128
2026-02-05T22:50:49.175579Z  INFO tokio-runtime-worker ThreadId(23) wkmp_ai::services::workflow_orchestrator: wkmp-ai\src\services\workflow_orchestrator\mod.rs:1770: File already processed (INGEST COMPLETE/NO AUDIO/DUPLICATE HASH), skipping all remaining phases file="C:\\Users\\Mango Cat\\Music\\Aretha Franklin/The Atlantic Singles Collection 1967–1970/118 - My Song.mp3" file_id=af896435-8912-4453-9fd3-3273f7c06cac
2026-02-05T22:50:49.175722Z DEBUG tokio-runtime-worker ThreadId(23) wkmp_ai::services::workflow_orchestrator: wkmp-ai\src\services\workflow_orchestrator\mod.rs:2928: File processing complete session_id=4b515178-85e0-43eb-8eb8-3f4fb38ec0c0 file_index=128 file=Aretha Franklin/The Atlantic Singles Collection 1967–1970/118 - My Song.mp3
2026-02-05T22:50:49.175887Z DEBUG tokio-runtime-worker ThreadId(23) wkmp_ai::services::workflow_orchestrator: wkmp-ai\src\services\workflow_orchestrator\mod.rs:1438: Acquiring all statistics Mutex locks for SSE conversion
2026-02-05T22:50:49.176001Z DEBUG tokio-runtime-worker ThreadId(23) wkmp_ai::services::workflow_orchestrator: wkmp-ai\src\services\workflow_orchestrator\mod.rs:1467: All statistics Mutex locks acquired and data cloned
2026-02-05T22:50:49.176191Z DEBUG tokio-runtime-worker ThreadId(23) wkmp_ai::services::workflow_orchestrator: wkmp-ai\src\services\workflow_orchestrator\mod.rs:1577: Releasing all statistics Mutex locks for SSE conversion
2026-02-05T22:50:49.176397Z DEBUG tokio-runtime-worker ThreadId(23) wkmp_ai::services::workflow_orchestrator: wkmp-ai\src\services\workflow_orchestrator\mod.rs:3110: Starting per-file pipeline file_index=130 file_id=e884f252-f25d-43d4-8b79-a63994070e5e file=Aretha Franklin/The Atlantic Singles Collection 1967–1970/202 - Tracks of My Tears.mp3
2026-02-05T22:50:49.176517Z  INFO tokio-runtime-worker ThreadId(23) wkmp_ai::services::workflow_orchestrator: wkmp-ai\src\services\workflow_orchestrator\mod.rs:1733: Starting PLAN024 10-phase per-file pipeline (late audio decode) file="C:\\Users\\Mango Cat\\Music\\Aretha Franklin/The Atlantic Singles Collection 1967–1970/202 - Tracks of My Tears.mp3"
2026-02-05T22:50:49.176665Z DEBUG tokio-runtime-worker ThreadId(23) wkmp_ai::services::workflow_orchestrator: wkmp-ai\src\services\workflow_orchestrator\mod.rs:1742: Phase 1: Filename Matching - START file="C:\\Users\\Mango Cat\\Music\\Aretha Franklin/The Atlantic Singles Collection 1967–1970/202 - Tracks of My Tears.mp3"
2026-02-05T22:50:49.176809Z DEBUG tokio-runtime-worker ThreadId(23) wkmp_ai::services::filename_matcher: wkmp-ai\src\services\filename_matcher.rs:54: Checking if file exists in database path=Aretha Franklin/The Atlantic Singles Collection 1967–1970/202 - Tracks of My Tears.mp3 norm_us=9
2026-02-05T22:50:49.176989Z DEBUG tokio-runtime-worker ThreadId(23) wkmp_ai::services::workflow_orchestrator: wkmp-ai\src\services\workflow_orchestrator\mod.rs:3110: Starting per-file pipeline file_index=131 file_id=39af3117-18f1-4eb7-bd32-70d8c443c9e5 file=Aretha Franklin/The Atlantic Singles Collection 1967–1970/203 - I Can’t See Myself Leaving You.mp3
2026-02-05T22:50:49.177116Z  INFO tokio-runtime-worker ThreadId(23) wkmp_ai::services::workflow_orchestrator: wkmp-ai\src\services\workflow_orchestrator\mod.rs:1733: Starting PLAN024 10-phase per-file pipeline (late audio decode) file="C:\\Users\\Mango Cat\\Music\\Aretha Franklin/The Atlantic Singles Collection 1967–1970/203 - I Can’t See Myself Leaving You.mp3"
2026-02-05T22:50:49.177212Z DEBUG tokio-runtime-worker ThreadId(23) wkmp_ai::services::workflow_orchestrator: wkmp-ai\src\services\workflow_orchestrator\mod.rs:1742: Phase 1: Filename Matching - START file="C:\\Users\\Mango Cat\\Music\\Aretha Franklin/The Atlantic Singles Collection 1967–1970/203 - I Can’t See Myself Leaving You.mp3"
2026-02-05T22:50:49.177331Z DEBUG tokio-runtime-worker ThreadId(23) wkmp_ai::services::filename_matcher: wkmp-ai\src\services\filename_matcher.rs:54: Checking if file exists in database path=Aretha Franklin/The Atlantic Singles Collection 1967–1970/203 - I Can’t See Myself Leaving You.mp3 norm_us=5
2026-02-05T22:50:49.177458Z DEBUG tokio-runtime-worker ThreadId(23) wkmp_ai::services::workflow_orchestrator: wkmp-ai\src\services\workflow_orchestrator\mod.rs:3110: Starting per-file pipeline file_index=132 file_id=2a91b3cb-60ab-4be3-9e93-98c6171c6bc8 file=Aretha Franklin/The Atlantic Singles Collection 1967–1970/204 - Gentle on My Mind.mp3
2026-02-05T22:50:49.177552Z  INFO tokio-runtime-worker ThreadId(23) wkmp_ai::services::workflow_orchestrator: wkmp-ai\src\services\workflow_orchestrator\mod.rs:1733: Starting PLAN024 10-phase per-file pipeline (late audio decode) file="C:\\Users\\Mango Cat\\Music\\Aretha Franklin/The Atlantic Singles Collection 1967–1970/204 - Gentle on My Mind.mp3"
2026-02-05T22:50:49.177672Z DEBUG tokio-runtime-worker ThreadId(23) wkmp_ai::services::workflow_orchestrator: wkmp-ai\src\services\workflow_orchestrator\mod.rs:1742: Phase 1: Filename Matching - START file="C:\\Users\\Mango Cat\\Music\\Aretha Franklin/The Atlantic Singles Collection 1967–1970/204 - Gentle on My Mind.mp3"
2026-02-05T22:50:49.177752Z DEBUG tokio-runtime-worker ThreadId(23) wkmp_ai::services::filename_matcher: wkmp-ai\src\services\filename_matcher.rs:54: Checking if file exists in database path=Aretha Franklin/The Atlantic Singles Collection 1967–1970/204 - Gentle on My Mind.mp3 norm_us=4
2026-02-05T22:50:49.178038Z DEBUG tokio-runtime-worker ThreadId(23) wkmp_ai::api::sse: wkmp-ai\src\api\sse.rs:71: SSE: Broadcasting import event: ImportProgressUpdate
2026-02-05T22:50:49.179154Z DEBUG tokio-runtime-worker ThreadId(23) wkmp_ai::api::sse: wkmp-ai\src\api\sse.rs:71: SSE: Broadcasting import event: ImportProgressUpdate
2026-02-05T22:50:49.179461Z DEBUG tokio-runtime-worker ThreadId(23) wkmp_ai::api::sse: wkmp-ai\src\api\sse.rs:71: SSE: Broadcasting import event: ImportProgressUpdate
2026-02-05T22:50:49.180464Z DEBUG tokio-runtime-worker ThreadId(23) wkmp_ai::api::sse: wkmp-ai\src\api\sse.rs:71: SSE: Broadcasting import event: ImportProgressUpdate
2026-02-05T22:50:49.180704Z DEBUG tokio-runtime-worker ThreadId(23) wkmp_ai::api::sse: wkmp-ai\src\api\sse.rs:71: SSE: Broadcasting import event: ImportProgressUpdate
2026-02-05T22:50:49.181620Z DEBUG tokio-runtime-worker ThreadId(23) wkmp_ai::api::sse: wkmp-ai\src\api\sse.rs:71: SSE: Broadcasting import event: ImportProgressUpdate
2026-02-05T22:50:49.182024Z DEBUG tokio-runtime-worker ThreadId(23) wkmp_ai::services::filename_matcher: wkmp-ai\src\services\filename_matcher.rs:65: Database query completed path=Aretha Franklin/The Atlantic Singles Collection 1967–1970/202 - Tracks of My Tears.mp3 query_us=5094
2026-02-05T22:50:49.182144Z DEBUG tokio-runtime-worker ThreadId(23) wkmp_ai::services::filename_matcher: wkmp-ai\src\services\filename_matcher.rs:81: File already processed (INGEST COMPLETE) path=Aretha Franklin/The Atlantic Singles Collection 1967–1970/202 - Tracks of My Tears.mp3 guid=e884f252-f25d-43d4-8b79-a63994070e5e
2026-02-05T22:50:49.182250Z  INFO tokio-runtime-worker ThreadId(23) wkmp_ai::services::workflow_orchestrator: wkmp-ai\src\services\workflow_orchestrator\mod.rs:1756: Phase 1 completed phase="Filename Matching" duration_ms=5 path_us=2 db_ms=5 file_index=130
2026-02-05T22:50:49.182415Z  INFO tokio-runtime-worker ThreadId(23) wkmp_ai::services::workflow_orchestrator: wkmp-ai\src\services\workflow_orchestrator\mod.rs:1770: File already processed (INGEST COMPLETE/NO AUDIO/DUPLICATE HASH), skipping all remaining phases file="C:\\Users\\Mango Cat\\Music\\Aretha Franklin/The Atlantic Singles Collection 1967–1970/202 - Tracks of My Tears.mp3" file_id=e884f252-f25d-43d4-8b79-a63994070e5e
2026-02-05T22:50:49.182588Z DEBUG tokio-runtime-worker ThreadId(23) wkmp_ai::services::workflow_orchestrator: wkmp-ai\src\services\workflow_orchestrator\mod.rs:2928: File processing complete session_id=4b515178-85e0-43eb-8eb8-3f4fb38ec0c0 file_index=130 file=Aretha Franklin/The Atlantic Singles Collection 1967–1970/202 - Tracks of My Tears.mp3
2026-02-05T22:50:49.182752Z DEBUG tokio-runtime-worker ThreadId(23) wkmp_ai::services::workflow_orchestrator: wkmp-ai\src\services\workflow_orchestrator\mod.rs:1438: Acquiring all statistics Mutex locks for SSE conversion
2026-02-05T22:50:49.182878Z DEBUG tokio-runtime-worker ThreadId(23) wkmp_ai::services::workflow_orchestrator: wkmp-ai\src\services\workflow_orchestrator\mod.rs:1467: All statistics Mutex locks acquired and data cloned
2026-02-05T22:50:49.183053Z DEBUG tokio-runtime-worker ThreadId(23) wkmp_ai::services::workflow_orchestrator: wkmp-ai\src\services\workflow_orchestrator\mod.rs:1577: Releasing all statistics Mutex locks for SSE conversion
2026-02-05T22:50:49.183191Z DEBUG tokio-runtime-worker ThreadId(23) wkmp_ai::services::filename_matcher: wkmp-ai\src\services\filename_matcher.rs:65: Database query completed path=Aretha Franklin/The Atlantic Singles Collection 1967–1970/203 - I Can’t See Myself Leaving You.mp3 query_us=5782
2026-02-05T22:50:49.183322Z DEBUG tokio-runtime-worker ThreadId(23) wkmp_ai::services::filename_matcher: wkmp-ai\src\services\filename_matcher.rs:81: File already processed (INGEST COMPLETE) path=Aretha Franklin/The Atlantic Singles Collection 1967–1970/203 - I Can’t See Myself Leaving You.mp3 guid=39af3117-18f1-4eb7-bd32-70d8c443c9e5
2026-02-05T22:50:49.183450Z  INFO tokio-runtime-worker ThreadId(23) wkmp_ai::services::workflow_orchestrator: wkmp-ai\src\services\workflow_orchestrator\mod.rs:1756: Phase 1 completed phase="Filename Matching" duration_ms=6 path_us=1 db_ms=6 file_index=131
2026-02-05T22:50:49.183607Z  INFO tokio-runtime-worker ThreadId(23) wkmp_ai::services::workflow_orchestrator: wkmp-ai\src\services\workflow_orchestrator\mod.rs:1770: File already processed (INGEST COMPLETE/NO AUDIO/DUPLICATE HASH), skipping all remaining phases file="C:\\Users\\Mango Cat\\Music\\Aretha Franklin/The Atlantic Singles Collection 1967–1970/203 - I Can’t See Myself Leaving You.mp3" file_id=39af3117-18f1-4eb7-bd32-70d8c443c9e5
2026-02-05T22:50:49.183775Z DEBUG tokio-runtime-worker ThreadId(23) wkmp_ai::services::workflow_orchestrator: wkmp-ai\src\services\workflow_orchestrator\mod.rs:2928: File processing complete session_id=4b515178-85e0-43eb-8eb8-3f4fb38ec0c0 file_index=131 file=Aretha Franklin/The Atlantic Singles Collection 1967–1970/203 - I Can’t See Myself Leaving You.mp3
2026-02-05T22:50:49.183915Z DEBUG tokio-runtime-worker ThreadId(23) wkmp_ai::services::workflow_orchestrator: wkmp-ai\src\services\workflow_orchestrator\mod.rs:1438: Acquiring all statistics Mutex locks for SSE conversion
2026-02-05T22:50:49.184024Z DEBUG tokio-runtime-worker ThreadId(23) wkmp_ai::services::workflow_orchestrator: wkmp-ai\src\services\workflow_orchestrator\mod.rs:1467: All statistics Mutex locks acquired and data cloned
2026-02-05T22:50:49.184190Z DEBUG tokio-runtime-worker ThreadId(23) wkmp_ai::services::workflow_orchestrator: wkmp-ai\src\services\workflow_orchestrator\mod.rs:1577: Releasing all statistics Mutex locks for SSE conversion
2026-02-05T22:50:49.184320Z DEBUG tokio-runtime-worker ThreadId(23) wkmp_ai::services::filename_matcher: wkmp-ai\src\services\filename_matcher.rs:65: Database query completed path=Aretha Franklin/The Atlantic Singles Collection 1967–1970/204 - Gentle on My Mind.mp3 query_us=6475
2026-02-05T22:50:49.184447Z DEBUG tokio-runtime-worker ThreadId(23) wkmp_ai::services::filename_matcher: wkmp-ai\src\services\filename_matcher.rs:81: File already processed (INGEST COMPLETE) path=Aretha Franklin/The Atlantic Singles Collection 1967–1970/204 - Gentle on My Mind.mp3 guid=2a91b3cb-60ab-4be3-9e93-98c6171c6bc8
2026-02-05T22:50:49.184574Z  INFO tokio-runtime-worker ThreadId(23) wkmp_ai::services::workflow_orchestrator: wkmp-ai\src\services\workflow_orchestrator\mod.rs:1756: Phase 1 completed phase="Filename Matching" duration_ms=6 path_us=0 db_ms=6 file_index=132
2026-02-05T22:50:49.184710Z  INFO tokio-runtime-worker ThreadId(23) wkmp_ai::services::workflow_orchestrator: wkmp-ai\src\services\workflow_orchestrator\mod.rs:1770: File already processed (INGEST COMPLETE/NO AUDIO/DUPLICATE HASH), skipping all remaining phases file="C:\\Users\\Mango Cat\\Music\\Aretha Franklin/The Atlantic Singles Collection 1967–1970/204 - Gentle on My Mind.mp3" file_id=2a91b3cb-60ab-4be3-9e93-98c6171c6bc8
2026-02-05T22:50:49.184847Z DEBUG tokio-runtime-worker ThreadId(23) wkmp_ai::services::workflow_orchestrator: wkmp-ai\src\services\workflow_orchestrator\mod.rs:2928: File processing complete session_id=4b515178-85e0-43eb-8eb8-3f4fb38ec0c0 file_index=132 file=Aretha Franklin/The Atlantic Singles Collection 1967–1970/204 - Gentle on My Mind.mp3
2026-02-05T22:50:49.184982Z DEBUG tokio-runtime-worker ThreadId(23) wkmp_ai::services::workflow_orchestrator: wkmp-ai\src\services\workflow_orchestrator\mod.rs:1438: Acquiring all statistics Mutex locks for SSE conversion
2026-02-05T22:50:49.185092Z DEBUG tokio-runtime-worker ThreadId(23) wkmp_ai::services::workflow_orchestrator: wkmp-ai\src\services\workflow_orchestrator\mod.rs:1467: All statistics Mutex locks acquired and data cloned
2026-02-05T22:50:49.185256Z DEBUG tokio-runtime-worker ThreadId(23) wkmp_ai::services::workflow_orchestrator: wkmp-ai\src\services\workflow_orchestrator\mod.rs:1577: Releasing all statistics Mutex locks for SSE conversion
2026-02-05T22:50:49.185372Z DEBUG tokio-runtime-worker ThreadId(23) wkmp_ai::services::workflow_orchestrator: wkmp-ai\src\services\workflow_orchestrator\mod.rs:3110: Starting per-file pipeline file_index=133 file_id=d9b5cb78-d880-4fd2-a1e7-3bbf0210f40f file=Aretha Franklin/The Atlantic Singles Collection 1967–1970/205 - Share Your Love With Me.mp3
2026-02-05T22:50:49.185508Z  INFO tokio-runtime-worker ThreadId(23) wkmp_ai::services::workflow_orchestrator: wkmp-ai\src\services\workflow_orchestrator\mod.rs:1733: Starting PLAN024 10-phase per-file pipeline (late audio decode) file="C:\\Users\\Mango Cat\\Music\\Aretha Franklin/The Atlantic Singles Collection 1967–1970/205 - Share Your Love With Me.mp3"
2026-02-05T22:50:49.185645Z DEBUG tokio-runtime-worker ThreadId(23) wkmp_ai::services::workflow_orchestrator: wkmp-ai\src\services\workflow_orchestrator\mod.rs:1742: Phase 1: Filename Matching - START file="C:\\Users\\Mango Cat\\Music\\Aretha Franklin/The Atlantic Singles Collection 1967–1970/205 - Share Your Love With Me.mp3"
2026-02-05T22:50:49.185774Z DEBUG tokio-runtime-worker ThreadId(23) wkmp_ai::services::filename_matcher: wkmp-ai\src\services\filename_matcher.rs:54: Checking if file exists in database path=Aretha Franklin/The Atlantic Singles Collection 1967–1970/205 - Share Your Love With Me.mp3 norm_us=5
2026-02-05T22:50:49.185930Z DEBUG tokio-runtime-worker ThreadId(23) wkmp_ai::services::workflow_orchestrator: wkmp-ai\src\services\workflow_orchestrator\mod.rs:3110: Starting per-file pipeline file_index=134 file_id=f3f56f33-6cf6-4322-a423-db4b01bca9fb file=Aretha Franklin/The Atlantic Singles Collection 1967–1970/206 - Pledging My Love - The Clock.mp3
2026-02-05T22:50:49.186049Z  INFO tokio-runtime-worker ThreadId(23) wkmp_ai::services::workflow_orchestrator: wkmp-ai\src\services\workflow_orchestrator\mod.rs:1733: Starting PLAN024 10-phase per-file pipeline (late audio decode) file="C:\\Users\\Mango Cat\\Music\\Aretha Franklin/The Atlantic Singles Collection 1967–1970/206 - Pledging My Love - The Clock.mp3"
2026-02-05T22:50:49.186186Z DEBUG tokio-runtime-worker ThreadId(23) wkmp_ai::services::workflow_orchestrator: wkmp-ai\src\services\workflow_orchestrator\mod.rs:1742: Phase 1: Filename Matching - START file="C:\\Users\\Mango Cat\\Music\\Aretha Franklin/The Atlantic Singles Collection 1967–1970/206 - Pledging My Love - The Clock.mp3"
2026-02-05T22:50:49.186318Z DEBUG tokio-runtime-worker ThreadId(23) wkmp_ai::services::filename_matcher: wkmp-ai\src\services\filename_matcher.rs:54: Checking if file exists in database path=Aretha Franklin/The Atlantic Singles Collection 1967–1970/206 - Pledging My Love - The Clock.mp3 norm_us=3
2026-02-05T22:50:49.186461Z DEBUG tokio-runtime-worker ThreadId(23) wkmp_ai::services::workflow_orchestrator: wkmp-ai\src\services\workflow_orchestrator\mod.rs:3110: Starting per-file pipeline file_index=135 file_id=e14d94e8-c4c2-4a85-897f-5afd0098fcb3 file=Aretha Franklin/The Atlantic Singles Collection 1967–1970/207 - Eleanor Rigby.mp3
2026-02-05T22:50:49.186598Z  INFO tokio-runtime-worker ThreadId(23) wkmp_ai::services::workflow_orchestrator: wkmp-ai\src\services\workflow_orchestrator\mod.rs:1733: Starting PLAN024 10-phase per-file pipeline (late audio decode) file="C:\\Users\\Mango Cat\\Music\\Aretha Franklin/The Atlantic Singles Collection 1967–1970/207 - Eleanor Rigby.mp3"
2026-02-05T22:50:49.186728Z DEBUG tokio-runtime-worker ThreadId(23) wkmp_ai::services::workflow_orchestrator: wkmp-ai\src\services\workflow_orchestrator\mod.rs:1742: Phase 1: Filename Matching - START file="C:\\Users\\Mango Cat\\Music\\Aretha Franklin/The Atlantic Singles Collection 1967–1970/207 - Eleanor Rigby.mp3"
2026-02-05T22:50:49.186855Z DEBUG tokio-runtime-worker ThreadId(23) wkmp_ai::services::filename_matcher: wkmp-ai\src\services\filename_matcher.rs:54: Checking if file exists in database path=Aretha Franklin/The Atlantic Singles Collection 1967–1970/207 - Eleanor Rigby.mp3 norm_us=2
2026-02-05T22:50:49.187116Z DEBUG tokio-runtime-worker ThreadId(23) wkmp_ai::api::sse: wkmp-ai\src\api\sse.rs:71: SSE: Broadcasting import event: ImportProgressUpdate
2026-02-05T22:50:49.188689Z DEBUG tokio-runtime-worker ThreadId(23) wkmp_ai::api::sse: wkmp-ai\src\api\sse.rs:71: SSE: Broadcasting import event: ImportProgressUpdate
2026-02-05T22:50:49.188949Z DEBUG tokio-runtime-worker ThreadId(23) wkmp_ai::api::sse: wkmp-ai\src\api\sse.rs:71: SSE: Broadcasting import event: ImportProgressUpdate
2026-02-05T22:50:49.189958Z DEBUG tokio-runtime-worker ThreadId(23) wkmp_ai::api::sse: wkmp-ai\src\api\sse.rs:71: SSE: Broadcasting import event: ImportProgressUpdate
2026-02-05T22:50:49.190242Z DEBUG tokio-runtime-worker ThreadId(23) wkmp_ai::api::sse: wkmp-ai\src\api\sse.rs:71: SSE: Broadcasting import event: ImportProgressUpdate
2026-02-05T22:50:49.191373Z DEBUG tokio-runtime-worker ThreadId(23) wkmp_ai::api::sse: wkmp-ai\src\api\sse.rs:71: SSE: Broadcasting import event: ImportProgressUpdate
2026-02-05T22:50:49.191981Z DEBUG tokio-runtime-worker ThreadId(23) wkmp_ai::services::filename_matcher: wkmp-ai\src\services\filename_matcher.rs:65: Database query completed path=Aretha Franklin/The Atlantic Singles Collection 1967–1970/205 - Share Your Love With Me.mp3 query_us=6077
2026-02-05T22:50:49.192274Z DEBUG tokio-runtime-worker ThreadId(23) wkmp_ai::services::filename_matcher: wkmp-ai\src\services\filename_matcher.rs:81: File already processed (INGEST COMPLETE) path=Aretha Franklin/The Atlantic Singles Collection 1967–1970/205 - Share Your Love With Me.mp3 guid=d9b5cb78-d880-4fd2-a1e7-3bbf0210f40f
2026-02-05T22:50:49.192608Z  INFO tokio-runtime-worker ThreadId(23) wkmp_ai::services::workflow_orchestrator: wkmp-ai\src\services\workflow_orchestrator\mod.rs:1756: Phase 1 completed phase="Filename Matching" duration_ms=6 path_us=0 db_ms=6 file_index=133
2026-02-05T22:50:49.192774Z  INFO tokio-runtime-worker ThreadId(23) wkmp_ai::services::workflow_orchestrator: wkmp-ai\src\services\workflow_orchestrator\mod.rs:1770: File already processed (INGEST COMPLETE/NO AUDIO/DUPLICATE HASH), skipping all remaining phases file="C:\\Users\\Mango Cat\\Music\\Aretha Franklin/The Atlantic Singles Collection 1967–1970/205 - Share Your Love With Me.mp3" file_id=d9b5cb78-d880-4fd2-a1e7-3bbf0210f40f
2026-02-05T22:50:49.192954Z DEBUG tokio-runtime-worker ThreadId(23) wkmp_ai::services::workflow_orchestrator: wkmp-ai\src\services\workflow_orchestrator\mod.rs:2928: File processing complete session_id=4b515178-85e0-43eb-8eb8-3f4fb38ec0c0 file_index=133 file=Aretha Franklin/The Atlantic Singles Collection 1967–1970/205 - Share Your Love With Me.mp3
2026-02-05T22:50:49.193192Z DEBUG tokio-runtime-worker ThreadId(23) wkmp_ai::services::workflow_orchestrator: wkmp-ai\src\services\workflow_orchestrator\mod.rs:1438: Acquiring all statistics Mutex locks for SSE conversion
2026-02-05T22:50:49.193376Z DEBUG tokio-runtime-worker ThreadId(23) wkmp_ai::services::workflow_orchestrator: wkmp-ai\src\services\workflow_orchestrator\mod.rs:1467: All statistics Mutex locks acquired and data cloned
2026-02-05T22:50:49.193596Z DEBUG tokio-runtime-worker ThreadId(23) wkmp_ai::services::workflow_orchestrator: wkmp-ai\src\services\workflow_orchestrator\mod.rs:1577: Releasing all statistics Mutex locks for SSE conversion
2026-02-05T22:50:49.193828Z DEBUG tokio-runtime-worker ThreadId(23) wkmp_ai::services::filename_matcher: wkmp-ai\src\services\filename_matcher.rs:65: Database query completed path=Aretha Franklin/The Atlantic Singles Collection 1967–1970/206 - Pledging My Love - The Clock.mp3 query_us=7385
2026-02-05T22:50:49.193965Z DEBUG tokio-runtime-worker ThreadId(23) wkmp_ai::services::filename_matcher: wkmp-ai\src\services\filename_matcher.rs:81: File already processed (INGEST COMPLETE) path=Aretha Franklin/The Atlantic Singles Collection 1967–1970/206 - Pledging My Love - The Clock.mp3 guid=f3f56f33-6cf6-4322-a423-db4b01bca9fb
2026-02-05T22:50:49.194093Z  INFO tokio-runtime-worker ThreadId(23) wkmp_ai::services::workflow_orchestrator: wkmp-ai\src\services\workflow_orchestrator\mod.rs:1756: Phase 1 completed phase="Filename Matching" duration_ms=7 path_us=0 db_ms=7 file_index=134
2026-02-05T22:50:49.194229Z  INFO tokio-runtime-worker ThreadId(23) wkmp_ai::services::workflow_orchestrator: wkmp-ai\src\services\workflow_orchestrator\mod.rs:1770: File already processed (INGEST COMPLETE/NO AUDIO/DUPLICATE HASH), skipping all remaining phases file="C:\\Users\\Mango Cat\\Music\\Aretha Franklin/The Atlantic Singles Collection 1967–1970/206 - Pledging My Love - The Clock.mp3" file_id=f3f56f33-6cf6-4322-a423-db4b01bca9fb
2026-02-05T22:50:49.194380Z DEBUG tokio-runtime-worker ThreadId(23) wkmp_ai::services::workflow_orchestrator: wkmp-ai\src\services\workflow_orchestrator\mod.rs:2928: File processing complete session_id=4b515178-85e0-43eb-8eb8-3f4fb38ec0c0 file_index=134 file=Aretha Franklin/The Atlantic Singles Collection 1967–1970/206 - Pledging My Love - The Clock.mp3
2026-02-05T22:50:49.194515Z DEBUG tokio-runtime-worker ThreadId(23) wkmp_ai::services::workflow_orchestrator: wkmp-ai\src\services\workflow_orchestrator\mod.rs:1438: Acquiring all statistics Mutex locks for SSE conversion
2026-02-05T22:50:49.194621Z DEBUG tokio-runtime-worker ThreadId(23) wkmp_ai::services::workflow_orchestrator: wkmp-ai\src\services\workflow_orchestrator\mod.rs:1467: All statistics Mutex locks acquired and data cloned
2026-02-05T22:50:49.194795Z DEBUG tokio-runtime-worker ThreadId(23) wkmp_ai::services::workflow_orchestrator: wkmp-ai\src\services\workflow_orchestrator\mod.rs:1577: Releasing all statistics Mutex locks for SSE conversion
2026-02-05T22:50:49.194927Z DEBUG tokio-runtime-worker ThreadId(23) wkmp_ai::services::filename_matcher: wkmp-ai\src\services\filename_matcher.rs:65: Database query completed path=Aretha Franklin/The Atlantic Singles Collection 1967–1970/207 - Eleanor Rigby.mp3 query_us=7946
2026-02-05T22:50:49.195059Z DEBUG tokio-runtime-worker ThreadId(23) wkmp_ai::services::filename_matcher: wkmp-ai\src\services\filename_matcher.rs:81: File already processed (INGEST COMPLETE) path=Aretha Franklin/The Atlantic Singles Collection 1967–1970/207 - Eleanor Rigby.mp3 guid=e14d94e8-c4c2-4a85-897f-5afd0098fcb3
2026-02-05T22:50:49.195188Z  INFO tokio-runtime-worker ThreadId(23) wkmp_ai::services::workflow_orchestrator: wkmp-ai\src\services\workflow_orchestrator\mod.rs:1756: Phase 1 completed phase="Filename Matching" duration_ms=8 path_us=0 db_ms=8 file_index=135
2026-02-05T22:50:49.195327Z  INFO tokio-runtime-worker ThreadId(23) wkmp_ai::services::workflow_orchestrator: wkmp-ai\src\services\workflow_orchestrator\mod.rs:1770: File already processed (INGEST COMPLETE/NO AUDIO/DUPLICATE HASH), skipping all remaining phases file="C:\\Users\\Mango Cat\\Music\\Aretha Franklin/The Atlantic Singles Collection 1967–1970/207 - Eleanor Rigby.mp3" file_id=e14d94e8-c4c2-4a85-897f-5afd0098fcb3
2026-02-05T22:50:49.195467Z DEBUG tokio-runtime-worker ThreadId(23) wkmp_ai::services::workflow_orchestrator: wkmp-ai\src\services\workflow_orchestrator\mod.rs:2928: File processing complete session_id=4b515178-85e0-43eb-8eb8-3f4fb38ec0c0 file_index=135 file=Aretha Franklin/The Atlantic Singles Collection 1967–1970/207 - Eleanor Rigby.mp3
2026-02-05T22:50:49.195606Z DEBUG tokio-runtime-worker ThreadId(23) wkmp_ai::services::workflow_orchestrator: wkmp-ai\src\services\workflow_orchestrator\mod.rs:1438: Acquiring all statistics Mutex locks for SSE conversion
2026-02-05T22:50:49.195716Z DEBUG tokio-runtime-worker ThreadId(23) wkmp_ai::services::workflow_orchestrator: wkmp-ai\src\services\workflow_orchestrator\mod.rs:1467: All statistics Mutex locks acquired and data cloned
2026-02-05T22:50:49.195898Z DEBUG tokio-runtime-worker ThreadId(23) wkmp_ai::services::workflow_orchestrator: wkmp-ai\src\services\workflow_orchestrator\mod.rs:1577: Releasing all statistics Mutex locks for SSE conversion
2026-02-05T22:50:49.196016Z DEBUG tokio-runtime-worker ThreadId(23) wkmp_ai::services::workflow_orchestrator: wkmp-ai\src\services\workflow_orchestrator\mod.rs:3110: Starting per-file pipeline file_index=136 file_id=fa26c7f6-4dc9-4267-be00-8edd922a92b1 file=Aretha Franklin/The Atlantic Singles Collection 1967–1970/208 - It Ain’t Fair.mp3
2026-02-05T22:50:49.196155Z  INFO tokio-runtime-worker ThreadId(23) wkmp_ai::services::workflow_orchestrator: wkmp-ai\src\services\workflow_orchestrator\mod.rs:1733: Starting PLAN024 10-phase per-file pipeline (late audio decode) file="C:\\Users\\Mango Cat\\Music\\Aretha Franklin/The Atlantic Singles Collection 1967–1970/208 - It Ain’t Fair.mp3"
2026-02-05T22:50:49.196326Z DEBUG tokio-runtime-worker ThreadId(23) wkmp_ai::services::workflow_orchestrator: wkmp-ai\src\services\workflow_orchestrator\mod.rs:1742: Phase 1: Filename Matching - START file="C:\\Users\\Mango Cat\\Music\\Aretha Franklin/The Atlantic Singles Collection 1967–1970/208 - It Ain’t Fair.mp3"
2026-02-05T22:50:49.196461Z DEBUG tokio-runtime-worker ThreadId(23) wkmp_ai::services::filename_matcher: wkmp-ai\src\services\filename_matcher.rs:54: Checking if file exists in database path=Aretha Franklin/The Atlantic Singles Collection 1967–1970/208 - It Ain’t Fair.mp3 norm_us=7
2026-02-05T22:50:49.196628Z DEBUG tokio-runtime-worker ThreadId(23) wkmp_ai::services::workflow_orchestrator: wkmp-ai\src\services\workflow_orchestrator\mod.rs:3110: Starting per-file pipeline file_index=137 file_id=fff84edf-6bcd-456e-bbd8-a4cc27db8acd file=Aretha Franklin/The Atlantic Singles Collection 1967–1970/209 - Call Me.mp3
2026-02-05T22:50:49.196763Z  INFO tokio-runtime-worker ThreadId(23) wkmp_ai::services::workflow_orchestrator: wkmp-ai\src\services\workflow_orchestrator\mod.rs:1733: Starting PLAN024 10-phase per-file pipeline (late audio decode) file="C:\\Users\\Mango Cat\\Music\\Aretha Franklin/The Atlantic Singles Collection 1967–1970/209 - Call Me.mp3"
2026-02-05T22:50:49.196898Z DEBUG tokio-runtime-worker ThreadId(23) wkmp_ai::services::workflow_orchestrator: wkmp-ai\src\services\workflow_orchestrator\mod.rs:1742: Phase 1: Filename Matching - START file="C:\\Users\\Mango Cat\\Music\\Aretha Franklin/The Atlantic Singles Collection 1967–1970/209 - Call Me.mp3"
2026-02-05T22:50:49.197027Z DEBUG tokio-runtime-worker ThreadId(23) wkmp_ai::services::filename_matcher: wkmp-ai\src\services\filename_matcher.rs:54: Checking if file exists in database path=Aretha Franklin/The Atlantic Singles Collection 1967–1970/209 - Call Me.mp3 norm_us=3
2026-02-05T22:50:49.197180Z DEBUG tokio-runtime-worker ThreadId(23) wkmp_ai::services::workflow_orchestrator: wkmp-ai\src\services\workflow_orchestrator\mod.rs:3110: Starting per-file pipeline file_index=138 file_id=68ba0cb9-ddf7-4131-8422-f8e3e4cb9cb6 file=Aretha Franklin/The Atlantic Singles Collection 1967–1970/210 - Son of a Preacher Man.mp3
2026-02-05T22:50:49.197318Z  INFO tokio-runtime-worker ThreadId(23) wkmp_ai::services::workflow_orchestrator: wkmp-ai\src\services\workflow_orchestrator\mod.rs:1733: Starting PLAN024 10-phase per-file pipeline (late audio decode) file="C:\\Users\\Mango Cat\\Music\\Aretha Franklin/The Atlantic Singles Collection 1967–1970/210 - Son of a Preacher Man.mp3"
2026-02-05T22:50:49.197452Z DEBUG tokio-runtime-worker ThreadId(23) wkmp_ai::services::workflow_orchestrator: wkmp-ai\src\services\workflow_orchestrator\mod.rs:1742: Phase 1: Filename Matching - START file="C:\\Users\\Mango Cat\\Music\\Aretha Franklin/The Atlantic Singles Collection 1967–1970/210 - Son of a Preacher Man.mp3"
2026-02-05T22:50:49.197582Z DEBUG tokio-runtime-worker ThreadId(23) wkmp_ai::services::filename_matcher: wkmp-ai\src\services\filename_matcher.rs:54: Checking if file exists in database path=Aretha Franklin/The Atlantic Singles Collection 1967–1970/210 - Son of a Preacher Man.mp3 norm_us=3
2026-02-05T22:50:49.197850Z DEBUG tokio-runtime-worker ThreadId(23) wkmp_ai::api::sse: wkmp-ai\src\api\sse.rs:71: SSE: Broadcasting import event: ImportProgressUpdate
2026-02-05T22:50:49.200032Z DEBUG tokio-runtime-worker ThreadId(23) wkmp_ai::api::sse: wkmp-ai\src\api\sse.rs:71: SSE: Broadcasting import event: ImportProgressUpdate
2026-02-05T22:50:49.200509Z DEBUG tokio-runtime-worker ThreadId(23) wkmp_ai::api::sse: wkmp-ai\src\api\sse.rs:71: SSE: Broadcasting import event: ImportProgressUpdate
2026-02-05T22:50:49.201628Z DEBUG tokio-runtime-worker ThreadId(23) wkmp_ai::api::sse: wkmp-ai\src\api\sse.rs:71: SSE: Broadcasting import event: ImportProgressUpdate
2026-02-05T22:50:49.201973Z DEBUG tokio-runtime-worker ThreadId(23) wkmp_ai::api::sse: wkmp-ai\src\api\sse.rs:71: SSE: Broadcasting import event: ImportProgressUpdate
2026-02-05T22:50:49.203064Z DEBUG tokio-runtime-worker ThreadId(23) wkmp_ai::api::sse: wkmp-ai\src\api\sse.rs:71: SSE: Broadcasting import event: ImportProgressUpdate
2026-02-05T22:50:49.203552Z DEBUG tokio-runtime-worker ThreadId(23) wkmp_ai::services::filename_matcher: wkmp-ai\src\services\filename_matcher.rs:65: Database query completed path=Aretha Franklin/The Atlantic Singles Collection 1967–1970/210 - Son of a Preacher Man.mp3 query_us=5840
2026-02-05T22:50:49.203810Z DEBUG tokio-runtime-worker ThreadId(23) wkmp_ai::services::filename_matcher: wkmp-ai\src\services\filename_matcher.rs:81: File already processed (INGEST COMPLETE) path=Aretha Franklin/The Atlantic Singles Collection 1967–1970/210 - Son of a Preacher Man.mp3 guid=68ba0cb9-ddf7-4131-8422-f8e3e4cb9cb6
2026-02-05T22:50:49.204158Z  INFO tokio-runtime-worker ThreadId(23) wkmp_ai::services::workflow_orchestrator: wkmp-ai\src\services\workflow_orchestrator\mod.rs:1756: Phase 1 completed phase="Filename Matching" duration_ms=6 path_us=0 db_ms=6 file_index=138
2026-02-05T22:50:49.204409Z  INFO tokio-runtime-worker ThreadId(23) wkmp_ai::services::workflow_orchestrator: wkmp-ai\src\services\workflow_orchestrator\mod.rs:1770: File already processed (INGEST COMPLETE/NO AUDIO/DUPLICATE HASH), skipping all remaining phases file="C:\\Users\\Mango Cat\\Music\\Aretha Franklin/The Atlantic Singles Collection 1967–1970/210 - Son of a Preacher Man.mp3" file_id=68ba0cb9-ddf7-4131-8422-f8e3e4cb9cb6
2026-02-05T22:50:49.204589Z DEBUG tokio-runtime-worker ThreadId(23) wkmp_ai::services::workflow_orchestrator: wkmp-ai\src\services\workflow_orchestrator\mod.rs:2928: File processing complete session_id=4b515178-85e0-43eb-8eb8-3f4fb38ec0c0 file_index=138 file=Aretha Franklin/The Atlantic Singles Collection 1967–1970/210 - Son of a Preacher Man.mp3
2026-02-05T22:50:49.204836Z DEBUG tokio-runtime-worker ThreadId(23) wkmp_ai::services::workflow_orchestrator: wkmp-ai\src\services\workflow_orchestrator\mod.rs:1438: Acquiring all statistics Mutex locks for SSE conversion
2026-02-05T22:50:49.205018Z DEBUG tokio-runtime-worker ThreadId(23) wkmp_ai::services::workflow_orchestrator: wkmp-ai\src\services\workflow_orchestrator\mod.rs:1467: All statistics Mutex locks acquired and data cloned
2026-02-05T22:50:49.205220Z DEBUG tokio-runtime-worker ThreadId(23) wkmp_ai::services::workflow_orchestrator: wkmp-ai\src\services\workflow_orchestrator\mod.rs:1577: Releasing all statistics Mutex locks for SSE conversion
2026-02-05T22:50:49.205384Z DEBUG tokio-runtime-worker ThreadId(23) wkmp_ai::services::filename_matcher: wkmp-ai\src\services\filename_matcher.rs:65: Database query completed path=Aretha Franklin/The Atlantic Singles Collection 1967–1970/209 - Call Me.mp3 query_us=8224
2026-02-05T22:50:49.205534Z DEBUG tokio-runtime-worker ThreadId(23) wkmp_ai::services::filename_matcher: wkmp-ai\src\services\filename_matcher.rs:81: File already processed (INGEST COMPLETE) path=Aretha Franklin/The Atlantic Singles Collection 1967–1970/209 - Call Me.mp3 guid=fff84edf-6bcd-456e-bbd8-a4cc27db8acd
2026-02-05T22:50:49.205671Z  INFO tokio-runtime-worker ThreadId(23) wkmp_ai::services::workflow_orchestrator: wkmp-ai\src\services\workflow_orchestrator\mod.rs:1756: Phase 1 completed phase="Filename Matching" duration_ms=8 path_us=0 db_ms=8 file_index=137
2026-02-05T22:50:49.205815Z  INFO tokio-runtime-worker ThreadId(23) wkmp_ai::services::workflow_orchestrator: wkmp-ai\src\services\workflow_orchestrator\mod.rs:1770: File already processed (INGEST COMPLETE/NO AUDIO/DUPLICATE HASH), skipping all remaining phases file="C:\\Users\\Mango Cat\\Music\\Aretha Franklin/The Atlantic Singles Collection 1967–1970/209 - Call Me.mp3" file_id=fff84edf-6bcd-456e-bbd8-a4cc27db8acd
2026-02-05T22:50:49.205963Z DEBUG tokio-runtime-worker ThreadId(23) wkmp_ai::services::workflow_orchestrator: wkmp-ai\src\services\workflow_orchestrator\mod.rs:2928: File processing complete session_id=4b515178-85e0-43eb-8eb8-3f4fb38ec0c0 file_index=137 file=Aretha Franklin/The Atlantic Singles Collection 1967–1970/209 - Call Me.mp3
2026-02-05T22:50:49.206107Z DEBUG tokio-runtime-worker ThreadId(23) wkmp_ai::services::workflow_orchestrator: wkmp-ai\src\services\workflow_orchestrator\mod.rs:1438: Acquiring all statistics Mutex locks for SSE conversion
2026-02-05T22:50:49.206226Z DEBUG tokio-runtime-worker ThreadId(23) wkmp_ai::services::workflow_orchestrator: wkmp-ai\src\services\workflow_orchestrator\mod.rs:1467: All statistics Mutex locks acquired and data cloned
2026-02-05T22:50:49.206403Z DEBUG tokio-runtime-worker ThreadId(23) wkmp_ai::services::workflow_orchestrator: wkmp-ai\src\services\workflow_orchestrator\mod.rs:1577: Releasing all statistics Mutex locks for SSE conversion
2026-02-05T22:50:49.206548Z DEBUG tokio-runtime-worker ThreadId(23) wkmp_ai::services::filename_matcher: wkmp-ai\src\services\filename_matcher.rs:65: Database query completed path=Aretha Franklin/The Atlantic Singles Collection 1967–1970/208 - It Ain’t Fair.mp3 query_us=9960
2026-02-05T22:50:49.206679Z DEBUG tokio-runtime-worker ThreadId(23) wkmp_ai::services::filename_matcher: wkmp-ai\src\services\filename_matcher.rs:81: File already processed (INGEST COMPLETE) path=Aretha Franklin/The Atlantic Singles Collection 1967–1970/208 - It Ain’t Fair.mp3 guid=fa26c7f6-4dc9-4267-be00-8edd922a92b1
2026-02-05T22:50:49.206816Z  INFO tokio-runtime-worker ThreadId(23) wkmp_ai::services::workflow_orchestrator: wkmp-ai\src\services\workflow_orchestrator\mod.rs:1756: Phase 1 completed phase="Filename Matching" duration_ms=10 path_us=0 db_ms=10 file_index=136
2026-02-05T22:50:49.206993Z  INFO tokio-runtime-worker ThreadId(23) wkmp_ai::services::workflow_orchestrator: wkmp-ai\src\services\workflow_orchestrator\mod.rs:1770: File already processed (INGEST COMPLETE/NO AUDIO/DUPLICATE HASH), skipping all remaining phases file="C:\\Users\\Mango Cat\\Music\\Aretha Franklin/The Atlantic Singles Collection 1967–1970/208 - It Ain’t Fair.mp3" file_id=fa26c7f6-4dc9-4267-be00-8edd922a92b1
2026-02-05T22:50:49.207274Z DEBUG tokio-runtime-worker ThreadId(23) wkmp_ai::services::workflow_orchestrator: wkmp-ai\src\services\workflow_orchestrator\mod.rs:2928: File processing complete session_id=4b515178-85e0-43eb-8eb8-3f4fb38ec0c0 file_index=136 file=Aretha Franklin/The Atlantic Singles Collection 1967–1970/208 - It Ain’t Fair.mp3
2026-02-05T22:50:49.214322Z DEBUG tokio-runtime-worker ThreadId(23) wkmp_ai::services::workflow_orchestrator: wkmp-ai\src\services\workflow_orchestrator\mod.rs:1438: Acquiring all statistics Mutex locks for SSE conversion
2026-02-05T22:50:49.214518Z DEBUG tokio-runtime-worker ThreadId(23) wkmp_ai::services::workflow_orchestrator: wkmp-ai\src\services\workflow_orchestrator\mod.rs:1467: All statistics Mutex locks acquired and data cloned
2026-02-05T22:50:49.214970Z DEBUG tokio-runtime-worker ThreadId(23) wkmp_ai::services::workflow_orchestrator: wkmp-ai\src\services\workflow_orchestrator\mod.rs:1577: Releasing all statistics Mutex locks for SSE conversion
2026-02-05T22:50:49.215433Z DEBUG tokio-runtime-worker ThreadId(23) wkmp_ai::services::workflow_orchestrator: wkmp-ai\src\services\workflow_orchestrator\mod.rs:3110: Starting per-file pipeline file_index=139 file_id=f91631f3-4a14-43ae-9b39-b07aaca1727f file=Aretha Franklin/The Atlantic Singles Collection 1967–1970/211 - Spirit in the Dark.mp3
2026-02-05T22:50:49.215827Z  INFO tokio-runtime-worker ThreadId(23) wkmp_ai::services::workflow_orchestrator: wkmp-ai\src\services\workflow_orchestrator\mod.rs:1733: Starting PLAN024 10-phase per-file pipeline (late audio decode) file="C:\\Users\\Mango Cat\\Music\\Aretha Franklin/The Atlantic Singles Collection 1967–1970/211 - Spirit in the Dark.mp3"
2026-02-05T22:50:49.216042Z DEBUG tokio-runtime-worker ThreadId(23) wkmp_ai::services::workflow_orchestrator: wkmp-ai\src\services\workflow_orchestrator\mod.rs:1742: Phase 1: Filename Matching - START file="C:\\Users\\Mango Cat\\Music\\Aretha Franklin/The Atlantic Singles Collection 1967–1970/211 - Spirit in the Dark.mp3"
2026-02-05T22:50:49.216218Z DEBUG tokio-runtime-worker ThreadId(23) wkmp_ai::services::filename_matcher: wkmp-ai\src\services\filename_matcher.rs:54: Checking if file exists in database path=Aretha Franklin/The Atlantic Singles Collection 1967–1970/211 - Spirit in the Dark.mp3 norm_us=11
2026-02-05T22:50:49.216454Z DEBUG tokio-runtime-worker ThreadId(23) wkmp_ai::services::workflow_orchestrator: wkmp-ai\src\services\workflow_orchestrator\mod.rs:3110: Starting per-file pipeline file_index=140 file_id=1ad4b5bd-8562-40b7-bcaa-093554a15d8b file=Aretha Franklin/The Atlantic Singles Collection 1967–1970/212 - The Thrill Is Gone.mp3
2026-02-05T22:50:49.216631Z  INFO tokio-runtime-worker ThreadId(23) wkmp_ai::services::workflow_orchestrator: wkmp-ai\src\services\workflow_orchestrator\mod.rs:1733: Starting PLAN024 10-phase per-file pipeline (late audio decode) file="C:\\Users\\Mango Cat\\Music\\Aretha Franklin/The Atlantic Singles Collection 1967–1970/212 - The Thrill Is Gone.mp3"
2026-02-05T22:50:49.216802Z DEBUG tokio-runtime-worker ThreadId(23) wkmp_ai::services::workflow_orchestrator: wkmp-ai\src\services\workflow_orchestrator\mod.rs:1742: Phase 1: Filename Matching - START file="C:\\Users\\Mango Cat\\Music\\Aretha Franklin/The Atlantic Singles Collection 1967–1970/212 - The Thrill Is Gone.mp3"
2026-02-05T22:50:49.216961Z DEBUG tokio-runtime-worker ThreadId(23) wkmp_ai::services::filename_matcher: wkmp-ai\src\services\filename_matcher.rs:54: Checking if file exists in database path=Aretha Franklin/The Atlantic Singles Collection 1967–1970/212 - The Thrill Is Gone.mp3 norm_us=5
2026-02-05T22:50:49.217152Z DEBUG tokio-runtime-worker ThreadId(23) wkmp_ai::services::workflow_orchestrator: wkmp-ai\src\services\workflow_orchestrator\mod.rs:3110: Starting per-file pipeline file_index=141 file_id=938819f6-b530-4642-83e6-5ee9bf9b71be file=Aretha Franklin/The Atlantic Singles Collection 1967–1970/213 - Don’t Play That Song.mp3
2026-02-05T22:50:49.217320Z  INFO tokio-runtime-worker ThreadId(23) wkmp_ai::services::workflow_orchestrator: wkmp-ai\src\services\workflow_orchestrator\mod.rs:1733: Starting PLAN024 10-phase per-file pipeline (late audio decode) file="C:\\Users\\Mango Cat\\Music\\Aretha Franklin/The Atlantic Singles Collection 1967–1970/213 - Don’t Play That Song.mp3"
2026-02-05T22:50:49.217485Z DEBUG tokio-runtime-worker ThreadId(23) wkmp_ai::services::workflow_orchestrator: wkmp-ai\src\services\workflow_orchestrator\mod.rs:1742: Phase 1: Filename Matching - START file="C:\\Users\\Mango Cat\\Music\\Aretha Franklin/The Atlantic Singles Collection 1967–1970/213 - Don’t Play That Song.mp3"
2026-02-05T22:50:49.217642Z DEBUG tokio-runtime-worker ThreadId(23) wkmp_ai::services::filename_matcher: wkmp-ai\src\services\filename_matcher.rs:54: Checking if file exists in database path=Aretha Franklin/The Atlantic Singles Collection 1967–1970/213 - Don’t Play That Song.mp3 norm_us=5
2026-02-05T22:50:49.218081Z DEBUG tokio-runtime-worker ThreadId(23) wkmp_ai::api::sse: wkmp-ai\src\api\sse.rs:71: SSE: Broadcasting import event: ImportProgressUpdate
2026-02-05T22:50:49.220166Z DEBUG tokio-runtime-worker ThreadId(23) wkmp_ai::api::sse: wkmp-ai\src\api\sse.rs:71: SSE: Broadcasting import event: ImportProgressUpdate
2026-02-05T22:50:49.220488Z DEBUG tokio-runtime-worker ThreadId(23) wkmp_ai::api::sse: wkmp-ai\src\api\sse.rs:71: SSE: Broadcasting import event: ImportProgressUpdate
2026-02-05T22:50:49.222497Z DEBUG tokio-runtime-worker ThreadId(23) wkmp_ai::api::sse: wkmp-ai\src\api\sse.rs:71: SSE: Broadcasting import event: ImportProgressUpdate
2026-02-05T22:50:49.222791Z DEBUG tokio-runtime-worker ThreadId(23) wkmp_ai::api::sse: wkmp-ai\src\api\sse.rs:71: SSE: Broadcasting import event: ImportProgressUpdate
2026-02-05T22:50:49.224654Z DEBUG tokio-runtime-worker ThreadId(23) wkmp_ai::api::sse: wkmp-ai\src\api\sse.rs:71: SSE: Broadcasting import event: ImportProgressUpdate
2026-02-05T22:50:49.225461Z DEBUG tokio-runtime-worker ThreadId(23) wkmp_ai::services::filename_matcher: wkmp-ai\src\services\filename_matcher.rs:65: Database query completed path=Aretha Franklin/The Atlantic Singles Collection 1967–1970/213 - Don’t Play That Song.mp3 query_us=7660
2026-02-05T22:50:49.225781Z DEBUG tokio-runtime-worker ThreadId(23) wkmp_ai::services::filename_matcher: wkmp-ai\src\services\filename_matcher.rs:81: File already processed (INGEST COMPLETE) path=Aretha Franklin/The Atlantic Singles Collection 1967–1970/213 - Don’t Play That Song.mp3 guid=938819f6-b530-4642-83e6-5ee9bf9b71be
2026-02-05T22:50:49.225969Z  INFO tokio-runtime-worker ThreadId(23) wkmp_ai::services::workflow_orchestrator: wkmp-ai\src\services\workflow_orchestrator\mod.rs:1756: Phase 1 completed phase="Filename Matching" duration_ms=8 path_us=1 db_ms=8 file_index=141
2026-02-05T22:50:49.226148Z  INFO tokio-runtime-worker ThreadId(23) wkmp_ai::services::workflow_orchestrator: wkmp-ai\src\services\workflow_orchestrator\mod.rs:1770: File already processed (INGEST COMPLETE/NO AUDIO/DUPLICATE HASH), skipping all remaining phases file="C:\\Users\\Mango Cat\\Music\\Aretha Franklin/The Atlantic Singles Collection 1967–1970/213 - Don’t Play That Song.mp3" file_id=938819f6-b530-4642-83e6-5ee9bf9b71be
2026-02-05T22:50:49.226353Z DEBUG tokio-runtime-worker ThreadId(23) wkmp_ai::services::workflow_orchestrator: wkmp-ai\src\services\workflow_orchestrator\mod.rs:2928: File processing complete session_id=4b515178-85e0-43eb-8eb8-3f4fb38ec0c0 file_index=141 file=Aretha Franklin/The Atlantic Singles Collection 1967–1970/213 - Don’t Play That Song.mp3
2026-02-05T22:50:49.226551Z DEBUG tokio-runtime-worker ThreadId(23) wkmp_ai::services::workflow_orchestrator: wkmp-ai\src\services\workflow_orchestrator\mod.rs:1438: Acquiring all statistics Mutex locks for SSE conversion
2026-02-05T22:50:49.226695Z DEBUG tokio-runtime-worker ThreadId(23) wkmp_ai::services::workflow_orchestrator: wkmp-ai\src\services\workflow_orchestrator\mod.rs:1467: All statistics Mutex locks acquired and data cloned
2026-02-05T22:50:49.226950Z DEBUG tokio-runtime-worker ThreadId(23) wkmp_ai::services::workflow_orchestrator: wkmp-ai\src\services\workflow_orchestrator\mod.rs:1577: Releasing all statistics Mutex locks for SSE conversion
2026-02-05T22:50:49.227152Z DEBUG tokio-runtime-worker ThreadId(23) wkmp_ai::services::filename_matcher: wkmp-ai\src\services\filename_matcher.rs:65: Database query completed path=Aretha Franklin/The Atlantic Singles Collection 1967–1970/211 - Spirit in the Dark.mp3 query_us=10778
2026-02-05T22:50:49.227318Z DEBUG tokio-runtime-worker ThreadId(23) wkmp_ai::services::filename_matcher: wkmp-ai\src\services\filename_matcher.rs:88: File exists, reusing fileId path=Aretha Franklin/The Atlantic Singles Collection 1967–1970/211 - Spirit in the Dark.mp3 guid=f91631f3-4a14-43ae-9b39-b07aaca1727f status=PENDING
2026-02-05T22:50:49.227470Z  INFO tokio-runtime-worker ThreadId(23) wkmp_ai::services::workflow_orchestrator: wkmp-ai\src\services\workflow_orchestrator\mod.rs:1756: Phase 1 completed phase="Filename Matching" duration_ms=11 path_us=1 db_ms=11 file_index=139
2026-02-05T22:50:49.227627Z DEBUG tokio-runtime-worker ThreadId(23) wkmp_ai::services::workflow_orchestrator: wkmp-ai\src\services\workflow_orchestrator\mod.rs:1778: Reusing existing file record (incomplete processing) file_id=f91631f3-4a14-43ae-9b39-b07aaca1727f
2026-02-05T22:50:49.227791Z DEBUG tokio-runtime-worker ThreadId(23) wkmp_ai::services::workflow_orchestrator: wkmp-ai\src\services\workflow_orchestrator\mod.rs:1812: Phase 2: Hash Deduplication file="C:\\Users\\Mango Cat\\Music\\Aretha Franklin/The Atlantic Singles Collection 1967–1970/211 - Spirit in the Dark.mp3" file_id=f91631f3-4a14-43ae-9b39-b07aaca1727f
2026-02-05T22:50:49.227944Z DEBUG tokio-runtime-worker ThreadId(23) wkmp_ai::services::hash_deduplicator: wkmp-ai\src\services\hash_deduplicator.rs:52: Calculating SHA-256 hash path=C:\Users\Mango Cat\Music\Aretha Franklin/The Atlantic Singles Collection 1967–1970/211 - Spirit in the Dark.mp3
2026-02-05T22:50:49.228123Z DEBUG tokio-runtime-worker ThreadId(23) wkmp_ai::services::filename_matcher: wkmp-ai\src\services\filename_matcher.rs:65: Database query completed path=Aretha Franklin/The Atlantic Singles Collection 1967–1970/212 - The Thrill Is Gone.mp3 query_us=11010
2026-02-05T22:50:49.228272Z DEBUG tokio-runtime-worker ThreadId(23) wkmp_ai::services::filename_matcher: wkmp-ai\src\services\filename_matcher.rs:81: File already processed (INGEST COMPLETE) path=Aretha Franklin/The Atlantic Singles Collection 1967–1970/212 - The Thrill Is Gone.mp3 guid=1ad4b5bd-8562-40b7-bcaa-093554a15d8b
2026-02-05T22:50:49.228419Z  INFO tokio-runtime-worker ThreadId(23) wkmp_ai::services::workflow_orchestrator: wkmp-ai\src\services\workflow_orchestrator\mod.rs:1756: Phase 1 completed phase="Filename Matching" duration_ms=11 path_us=1 db_ms=11 file_index=140
2026-02-05T22:50:49.228576Z  INFO tokio-runtime-worker ThreadId(23) wkmp_ai::services::workflow_orchestrator: wkmp-ai\src\services\workflow_orchestrator\mod.rs:1770: File already processed (INGEST COMPLETE/NO AUDIO/DUPLICATE HASH), skipping all remaining phases file="C:\\Users\\Mango Cat\\Music\\Aretha Franklin/The Atlantic Singles Collection 1967–1970/212 - The Thrill Is Gone.mp3" file_id=1ad4b5bd-8562-40b7-bcaa-093554a15d8b
2026-02-05T22:50:49.228740Z DEBUG tokio-runtime-worker ThreadId(23) wkmp_ai::services::workflow_orchestrator: wkmp-ai\src\services\workflow_orchestrator\mod.rs:2928: File processing complete session_id=4b515178-85e0-43eb-8eb8-3f4fb38ec0c0 file_index=140 file=Aretha Franklin/The Atlantic Singles Collection 1967–1970/212 - The Thrill Is Gone.mp3
2026-02-05T22:50:49.228906Z DEBUG tokio-runtime-worker ThreadId(23) wkmp_ai::services::workflow_orchestrator: wkmp-ai\src\services\workflow_orchestrator\mod.rs:1438: Acquiring all statistics Mutex locks for SSE conversion
2026-02-05T22:50:49.229035Z DEBUG tokio-runtime-worker ThreadId(23) wkmp_ai::services::workflow_orchestrator: wkmp-ai\src\services\workflow_orchestrator\mod.rs:1467: All statistics Mutex locks acquired and data cloned
2026-02-05T22:50:49.229276Z DEBUG tokio-runtime-worker ThreadId(23) wkmp_ai::services::workflow_orchestrator: wkmp-ai\src\services\workflow_orchestrator\mod.rs:1577: Releasing all statistics Mutex locks for SSE conversion
2026-02-05T22:50:49.229430Z DEBUG tokio-runtime-worker ThreadId(23) wkmp_ai::services::workflow_orchestrator: wkmp-ai\src\services\workflow_orchestrator\mod.rs:3110: Starting per-file pipeline file_index=142 file_id=5016cb27-fb2d-49b6-a3a0-038d512d35c6 file=Aretha Franklin/The Atlantic Singles Collection 1967–1970/214 - Let It Be.mp3
2026-02-05T22:50:49.229592Z  INFO tokio-runtime-worker ThreadId(23) wkmp_ai::services::workflow_orchestrator: wkmp-ai\src\services\workflow_orchestrator\mod.rs:1733: Starting PLAN024 10-phase per-file pipeline (late audio decode) file="C:\\Users\\Mango Cat\\Music\\Aretha Franklin/The Atlantic Singles Collection 1967–1970/214 - Let It Be.mp3"
2026-02-05T22:50:49.229753Z DEBUG tokio-runtime-worker ThreadId(23) wkmp_ai::services::workflow_orchestrator: wkmp-ai\src\services\workflow_orchestrator\mod.rs:1742: Phase 1: Filename Matching - START file="C:\\Users\\Mango Cat\\Music\\Aretha Franklin/The Atlantic Singles Collection 1967–1970/214 - Let It Be.mp3"
2026-02-05T22:50:49.229928Z DEBUG tokio-runtime-worker ThreadId(23) wkmp_ai::services::filename_matcher: wkmp-ai\src\services\filename_matcher.rs:54: Checking if file exists in database path=Aretha Franklin/The Atlantic Singles Collection 1967–1970/214 - Let It Be.mp3 norm_us=8
2026-02-05T22:50:49.230126Z DEBUG tokio-runtime-worker ThreadId(23) wkmp_ai::services::workflow_orchestrator: wkmp-ai\src\services\workflow_orchestrator\mod.rs:3110: Starting per-file pipeline file_index=143 file_id=24ca53d4-d1f3-4674-8a63-926836622252 file=Aretha Franklin/The Atlantic Singles Collection 1967–1970/215 - Border Song (Holy Moses).mp3
2026-02-05T22:50:49.230288Z  INFO tokio-runtime-worker ThreadId(23) wkmp_ai::services::workflow_orchestrator: wkmp-ai\src\services\workflow_orchestrator\mod.rs:1733: Starting PLAN024 10-phase per-file pipeline (late audio decode) file="C:\\Users\\Mango Cat\\Music\\Aretha Franklin/The Atlantic Singles Collection 1967–1970/215 - Border Song (Holy Moses).mp3"
2026-02-05T22:50:49.230448Z DEBUG tokio-runtime-worker ThreadId(23) wkmp_ai::services::workflow_orchestrator: wkmp-ai\src\services\workflow_orchestrator\mod.rs:1742: Phase 1: Filename Matching - START file="C:\\Users\\Mango Cat\\Music\\Aretha Franklin/The Atlantic Singles Collection 1967–1970/215 - Border Song (Holy Moses).mp3"
2026-02-05T22:50:49.230599Z DEBUG tokio-runtime-worker ThreadId(23) wkmp_ai::services::filename_matcher: wkmp-ai\src\services\filename_matcher.rs:54: Checking if file exists in database path=Aretha Franklin/The Atlantic Singles Collection 1967–1970/215 - Border Song (Holy Moses).mp3 norm_us=5
2026-02-05T22:50:49.230958Z DEBUG tokio-runtime-worker ThreadId(23) wkmp_ai::api::sse: wkmp-ai\src\api\sse.rs:71: SSE: Broadcasting import event: ImportProgressUpdate
2026-02-05T22:50:49.233080Z DEBUG tokio-runtime-worker ThreadId(23) wkmp_ai::api::sse: wkmp-ai\src\api\sse.rs:71: SSE: Broadcasting import event: ImportProgressUpdate
2026-02-05T22:50:49.233370Z DEBUG tokio-runtime-worker ThreadId(23) wkmp_ai::api::sse: wkmp-ai\src\api\sse.rs:71: SSE: Broadcasting import event: ImportProgressUpdate
2026-02-05T22:50:49.235230Z DEBUG tokio-runtime-worker ThreadId(23) wkmp_ai::api::sse: wkmp-ai\src\api\sse.rs:71: SSE: Broadcasting import event: ImportProgressUpdate
2026-02-05T22:50:49.235697Z DEBUG tokio-runtime-worker ThreadId(23) wkmp_ai::services::filename_matcher: wkmp-ai\src\services\filename_matcher.rs:65: Database query completed path=Aretha Franklin/The Atlantic Singles Collection 1967–1970/214 - Let It Be.mp3 query_us=5620
2026-02-05T22:50:49.235902Z DEBUG tokio-runtime-worker ThreadId(23) wkmp_ai::services::filename_matcher: wkmp-ai\src\services\filename_matcher.rs:81: File already processed (INGEST COMPLETE) path=Aretha Franklin/The Atlantic Singles Collection 1967–1970/214 - Let It Be.mp3 guid=5016cb27-fb2d-49b6-a3a0-038d512d35c6
2026-02-05T22:50:49.236063Z  INFO tokio-runtime-worker ThreadId(23) wkmp_ai::services::workflow_orchestrator: wkmp-ai\src\services\workflow_orchestrator\mod.rs:1756: Phase 1 completed phase="Filename Matching" duration_ms=6 path_us=1 db_ms=6 file_index=142
2026-02-05T22:50:49.236217Z  INFO tokio-runtime-worker ThreadId(23) wkmp_ai::services::workflow_orchestrator: wkmp-ai\src\services\workflow_orchestrator\mod.rs:1770: File already processed (INGEST COMPLETE/NO AUDIO/DUPLICATE HASH), skipping all remaining phases file="C:\\Users\\Mango Cat\\Music\\Aretha Franklin/The Atlantic Singles Collection 1967–1970/214 - Let It Be.mp3" file_id=5016cb27-fb2d-49b6-a3a0-038d512d35c6
2026-02-05T22:50:49.236380Z DEBUG tokio-runtime-worker ThreadId(23) wkmp_ai::services::workflow_orchestrator: wkmp-ai\src\services\workflow_orchestrator\mod.rs:2928: File processing complete session_id=4b515178-85e0-43eb-8eb8-3f4fb38ec0c0 file_index=142 file=Aretha Franklin/The Atlantic Singles Collection 1967–1970/214 - Let It Be.mp3
2026-02-05T22:50:49.236546Z DEBUG tokio-runtime-worker ThreadId(23) wkmp_ai::services::workflow_orchestrator: wkmp-ai\src\services\workflow_orchestrator\mod.rs:1438: Acquiring all statistics Mutex locks for SSE conversion
2026-02-05T22:50:49.236671Z DEBUG tokio-runtime-worker ThreadId(23) wkmp_ai::services::workflow_orchestrator: wkmp-ai\src\services\workflow_orchestrator\mod.rs:1467: All statistics Mutex locks acquired and data cloned
2026-02-05T22:50:49.236886Z DEBUG tokio-runtime-worker ThreadId(23) wkmp_ai::services::workflow_orchestrator: wkmp-ai\src\services\workflow_orchestrator\mod.rs:1577: Releasing all statistics Mutex locks for SSE conversion
2026-02-05T22:50:49.237053Z DEBUG tokio-runtime-worker ThreadId(23) wkmp_ai::services::filename_matcher: wkmp-ai\src\services\filename_matcher.rs:65: Database query completed path=Aretha Franklin/The Atlantic Singles Collection 1967–1970/215 - Border Song (Holy Moses).mp3 query_us=6308
2026-02-05T22:50:49.237196Z DEBUG tokio-runtime-worker ThreadId(23) wkmp_ai::services::filename_matcher: wkmp-ai\src\services\filename_matcher.rs:81: File already processed (INGEST COMPLETE) path=Aretha Franklin/The Atlantic Singles Collection 1967–1970/215 - Border Song (Holy Moses).mp3 guid=24ca53d4-d1f3-4674-8a63-926836622252
2026-02-05T22:50:49.237367Z  INFO tokio-runtime-worker ThreadId(23) wkmp_ai::services::workflow_orchestrator: wkmp-ai\src\services\workflow_orchestrator\mod.rs:1756: Phase 1 completed phase="Filename Matching" duration_ms=6 path_us=1 db_ms=6 file_index=143
2026-02-05T22:50:49.237576Z  INFO tokio-runtime-worker ThreadId(23) wkmp_ai::services::workflow_orchestrator: wkmp-ai\src\services\workflow_orchestrator\mod.rs:1770: File already processed (INGEST COMPLETE/NO AUDIO/DUPLICATE HASH), skipping all remaining phases file="C:\\Users\\Mango Cat\\Music\\Aretha Franklin/The Atlantic Singles Collection 1967–1970/215 - Border Song (Holy Moses).mp3" file_id=24ca53d4-d1f3-4674-8a63-926836622252
2026-02-05T22:50:49.237790Z DEBUG tokio-runtime-worker ThreadId(23) wkmp_ai::services::workflow_orchestrator: wkmp-ai\src\services\workflow_orchestrator\mod.rs:2928: File processing complete session_id=4b515178-85e0-43eb-8eb8-3f4fb38ec0c0 file_index=143 file=Aretha Franklin/The Atlantic Singles Collection 1967–1970/215 - Border Song (Holy Moses).mp3
2026-02-05T22:50:49.238033Z DEBUG tokio-runtime-worker ThreadId(23) wkmp_ai::services::workflow_orchestrator: wkmp-ai\src\services\workflow_orchestrator\mod.rs:1438: Acquiring all statistics Mutex locks for SSE conversion
2026-02-05T22:50:49.238179Z DEBUG tokio-runtime-worker ThreadId(23) wkmp_ai::services::workflow_orchestrator: wkmp-ai\src\services\workflow_orchestrator\mod.rs:1467: All statistics Mutex locks acquired and data cloned
2026-02-05T22:50:49.238454Z DEBUG tokio-runtime-worker ThreadId(23) wkmp_ai::services::workflow_orchestrator: wkmp-ai\src\services\workflow_orchestrator\mod.rs:1577: Releasing all statistics Mutex locks for SSE conversion
2026-02-05T22:50:49.238602Z DEBUG tokio-runtime-worker ThreadId(23) wkmp_ai::services::workflow_orchestrator: wkmp-ai\src\services\workflow_orchestrator\mod.rs:3110: Starting per-file pipeline file_index=144 file_id=7811298c-4c07-4ed9-951d-199b40b16313 file=Aretha Franklin/The Atlantic Singles Collection 1967–1970/216 - You and Me.mp3
2026-02-05T22:50:49.238896Z  INFO tokio-runtime-worker ThreadId(23) wkmp_ai::services::workflow_orchestrator: wkmp-ai\src\services\workflow_orchestrator\mod.rs:1733: Starting PLAN024 10-phase per-file pipeline (late audio decode) file="C:\\Users\\Mango Cat\\Music\\Aretha Franklin/The Atlantic Singles Collection 1967–1970/216 - You and Me.mp3"
2026-02-05T22:50:49.239146Z DEBUG tokio-runtime-worker ThreadId(23) wkmp_ai::services::workflow_orchestrator: wkmp-ai\src\services\workflow_orchestrator\mod.rs:1742: Phase 1: Filename Matching - START file="C:\\Users\\Mango Cat\\Music\\Aretha Franklin/The Atlantic Singles Collection 1967–1970/216 - You and Me.mp3"
2026-02-05T22:50:49.239430Z DEBUG tokio-runtime-worker ThreadId(23) wkmp_ai::services::filename_matcher: wkmp-ai\src\services\filename_matcher.rs:54: Checking if file exists in database path=Aretha Franklin/The Atlantic Singles Collection 1967–1970/216 - You and Me.mp3 norm_us=8
2026-02-05T22:50:49.239755Z DEBUG tokio-runtime-worker ThreadId(23) wkmp_ai::services::workflow_orchestrator: wkmp-ai\src\services\workflow_orchestrator\mod.rs:3110: Starting per-file pipeline file_index=145 file_id=5aa11894-c9f2-42ce-a45b-3ae52834af16 file=Asia/GoldAsia.mp3
2026-02-05T22:50:49.240031Z  INFO tokio-runtime-worker ThreadId(23) wkmp_ai::services::workflow_orchestrator: wkmp-ai\src\services\workflow_orchestrator\mod.rs:1733: Starting PLAN024 10-phase per-file pipeline (late audio decode) file="C:\\Users\\Mango Cat\\Music\\Asia/GoldAsia.mp3"
2026-02-05T22:50:49.240326Z DEBUG tokio-runtime-worker ThreadId(23) wkmp_ai::services::workflow_orchestrator: wkmp-ai\src\services\workflow_orchestrator\mod.rs:1742: Phase 1: Filename Matching - START file="C:\\Users\\Mango Cat\\Music\\Asia/GoldAsia.mp3"
2026-02-05T22:50:49.240674Z DEBUG tokio-runtime-worker ThreadId(23) wkmp_ai::services::filename_matcher: wkmp-ai\src\services\filename_matcher.rs:54: Checking if file exists in database path=Asia/GoldAsia.mp3 norm_us=68
2026-02-05T22:50:49.241095Z DEBUG tokio-runtime-worker ThreadId(23) wkmp_ai::api::sse: wkmp-ai\src\api\sse.rs:71: SSE: Broadcasting import event: ImportProgressUpdate
2026-02-05T22:50:49.243685Z DEBUG tokio-runtime-worker ThreadId(23) wkmp_ai::api::sse: wkmp-ai\src\api\sse.rs:71: SSE: Broadcasting import event: ImportProgressUpdate
2026-02-05T22:50:49.244378Z DEBUG tokio-runtime-worker ThreadId(23) wkmp_ai::api::sse: wkmp-ai\src\api\sse.rs:71: SSE: Broadcasting import event: ImportProgressUpdate
2026-02-05T22:50:49.246329Z DEBUG tokio-runtime-worker ThreadId(23) wkmp_ai::api::sse: wkmp-ai\src\api\sse.rs:71: SSE: Broadcasting import event: ImportProgressUpdate
2026-02-05T22:50:49.246797Z DEBUG tokio-runtime-worker ThreadId(23) wkmp_ai::services::filename_matcher: wkmp-ai\src\services\filename_matcher.rs:65: Database query completed path=Asia/GoldAsia.mp3 query_us=5934
2026-02-05T22:50:49.247021Z DEBUG tokio-runtime-worker ThreadId(23) wkmp_ai::services::filename_matcher: wkmp-ai\src\services\filename_matcher.rs:88: File exists, reusing fileId path=Asia/GoldAsia.mp3 guid=5aa11894-c9f2-42ce-a45b-3ae52834af16 status=PENDING
2026-02-05T22:50:49.247284Z  INFO tokio-runtime-worker ThreadId(23) wkmp_ai::services::workflow_orchestrator: wkmp-ai\src\services\workflow_orchestrator\mod.rs:1756: Phase 1 completed phase="Filename Matching" duration_ms=6 path_us=1 db_ms=6 file_index=145
2026-02-05T22:50:49.247625Z DEBUG tokio-runtime-worker ThreadId(23) wkmp_ai::services::workflow_orchestrator: wkmp-ai\src\services\workflow_orchestrator\mod.rs:1778: Reusing existing file record (incomplete processing) file_id=5aa11894-c9f2-42ce-a45b-3ae52834af16
2026-02-05T22:50:49.247864Z DEBUG tokio-runtime-worker ThreadId(23) wkmp_ai::services::workflow_orchestrator: wkmp-ai\src\services\workflow_orchestrator\mod.rs:1812: Phase 2: Hash Deduplication file="C:\\Users\\Mango Cat\\Music\\Asia/GoldAsia.mp3" file_id=5aa11894-c9f2-42ce-a45b-3ae52834af16
2026-02-05T22:50:49.248082Z DEBUG tokio-runtime-worker ThreadId(23) wkmp_ai::services::hash_deduplicator: wkmp-ai\src\services\hash_deduplicator.rs:52: Calculating SHA-256 hash path=C:\Users\Mango Cat\Music\Asia/GoldAsia.mp3
2026-02-05T22:50:49.248419Z DEBUG tokio-runtime-worker ThreadId(23) wkmp_ai::services::filename_matcher: wkmp-ai\src\services\filename_matcher.rs:65: Database query completed path=Aretha Franklin/The Atlantic Singles Collection 1967–1970/216 - You and Me.mp3 query_us=8720
2026-02-05T22:50:49.248599Z DEBUG tokio-runtime-worker ThreadId(23) wkmp_ai::services::filename_matcher: wkmp-ai\src\services\filename_matcher.rs:81: File already processed (INGEST COMPLETE) path=Aretha Franklin/The Atlantic Singles Collection 1967–1970/216 - You and Me.mp3 guid=7811298c-4c07-4ed9-951d-199b40b16313
2026-02-05T22:50:49.248763Z  INFO tokio-runtime-worker ThreadId(23) wkmp_ai::services::workflow_orchestrator: wkmp-ai\src\services\workflow_orchestrator\mod.rs:1756: Phase 1 completed phase="Filename Matching" duration_ms=9 path_us=2 db_ms=9 file_index=144
2026-02-05T22:50:49.248982Z  INFO tokio-runtime-worker ThreadId(23) wkmp_ai::services::workflow_orchestrator: wkmp-ai\src\services\workflow_orchestrator\mod.rs:1770: File already processed (INGEST COMPLETE/NO AUDIO/DUPLICATE HASH), skipping all remaining phases file="C:\\Users\\Mango Cat\\Music\\Aretha Franklin/The Atlantic Singles Collection 1967–1970/216 - You and Me.mp3" file_id=7811298c-4c07-4ed9-951d-199b40b16313
2026-02-05T22:50:49.249213Z DEBUG tokio-runtime-worker ThreadId(23) wkmp_ai::services::workflow_orchestrator: wkmp-ai\src\services\workflow_orchestrator\mod.rs:2928: File processing complete session_id=4b515178-85e0-43eb-8eb8-3f4fb38ec0c0 file_index=144 file=Aretha Franklin/The Atlantic Singles Collection 1967–1970/216 - You and Me.mp3
2026-02-05T22:50:49.249458Z DEBUG tokio-runtime-worker ThreadId(23) wkmp_ai::services::workflow_orchestrator: wkmp-ai\src\services\workflow_orchestrator\mod.rs:1438: Acquiring all statistics Mutex locks for SSE conversion
2026-02-05T22:50:49.249604Z DEBUG tokio-runtime-worker ThreadId(23) wkmp_ai::services::workflow_orchestrator: wkmp-ai\src\services\workflow_orchestrator\mod.rs:1467: All statistics Mutex locks acquired and data cloned
2026-02-05T22:50:49.249909Z DEBUG tokio-runtime-worker ThreadId(23) wkmp_ai::services::workflow_orchestrator: wkmp-ai\src\services\workflow_orchestrator\mod.rs:1577: Releasing all statistics Mutex locks for SSE conversion
2026-02-05T22:50:49.250124Z DEBUG tokio-runtime-worker ThreadId(23) wkmp_ai::services::workflow_orchestrator: wkmp-ai\src\services\workflow_orchestrator\mod.rs:3110: Starting per-file pipeline file_index=146 file_id=cca72e4c-da64-4a2f-b6d7-143253a3d1f1 file=Astley, Jon/Everyone_Loves_The_Pilot_(Except_The_Crew)/(Jon_Astley)Everyone_Loves_The_Pilot_(Except_The_Crew)-01-Jane's_Getting_Serious.mp3
2026-02-05T22:50:49.250310Z  INFO tokio-runtime-worker ThreadId(23) wkmp_ai::services::workflow_orchestrator: wkmp-ai\src\services\workflow_orchestrator\mod.rs:1733: Starting PLAN024 10-phase per-file pipeline (late audio decode) file="C:\\Users\\Mango Cat\\Music\\Astley, Jon/Everyone_Loves_The_Pilot_(Except_The_Crew)/(Jon_Astley)Everyone_Loves_The_Pilot_(Except_The_Crew)-01-Jane\'s_Getting_Serious.mp3"
2026-02-05T22:50:49.250541Z DEBUG tokio-runtime-worker ThreadId(23) wkmp_ai::services::workflow_orchestrator: wkmp-ai\src\services\workflow_orchestrator\mod.rs:1742: Phase 1: Filename Matching - START file="C:\\Users\\Mango Cat\\Music\\Astley, Jon/Everyone_Loves_The_Pilot_(Except_The_Crew)/(Jon_Astley)Everyone_Loves_The_Pilot_(Except_The_Crew)-01-Jane\'s_Getting_Serious.mp3"
2026-02-05T22:50:49.250708Z DEBUG tokio-runtime-worker ThreadId(23) wkmp_ai::services::filename_matcher: wkmp-ai\src\services\filename_matcher.rs:54: Checking if file exists in database path=Astley, Jon/Everyone_Loves_The_Pilot_(Except_The_Crew)/(Jon_Astley)Everyone_Loves_The_Pilot_(Except_The_Crew)-01-Jane's_Getting_Serious.mp3 norm_us=9
2026-02-05T22:50:49.250983Z DEBUG tokio-runtime-worker ThreadId(23) wkmp_ai::api::sse: wkmp-ai\src\api\sse.rs:71: SSE: Broadcasting import event: ImportProgressUpdate
2026-02-05T22:50:49.253063Z DEBUG tokio-runtime-worker ThreadId(23) wkmp_ai::api::sse: wkmp-ai\src\api\sse.rs:71: SSE: Broadcasting import event: ImportProgressUpdate
2026-02-05T22:50:49.253721Z DEBUG tokio-runtime-worker ThreadId(23) wkmp_ai::services::filename_matcher: wkmp-ai\src\services\filename_matcher.rs:65: Database query completed path=Astley, Jon/Everyone_Loves_The_Pilot_(Except_The_Crew)/(Jon_Astley)Everyone_Loves_The_Pilot_(Except_The_Crew)-01-Jane's_Getting_Serious.mp3 query_us=2857
2026-02-05T22:50:49.253890Z DEBUG tokio-runtime-worker ThreadId(23) wkmp_ai::services::filename_matcher: wkmp-ai\src\services\filename_matcher.rs:81: File already processed (INGEST COMPLETE) path=Astley, Jon/Everyone_Loves_The_Pilot_(Except_The_Crew)/(Jon_Astley)Everyone_Loves_The_Pilot_(Except_The_Crew)-01-Jane's_Getting_Serious.mp3 guid=cca72e4c-da64-4a2f-b6d7-143253a3d1f1
2026-02-05T22:50:49.254053Z  INFO tokio-runtime-worker ThreadId(23) wkmp_ai::services::workflow_orchestrator: wkmp-ai\src\services\workflow_orchestrator\mod.rs:1756: Phase 1 completed phase="Filename Matching" duration_ms=3 path_us=1 db_ms=3 file_index=146
2026-02-05T22:50:49.254324Z  INFO tokio-runtime-worker ThreadId(23) wkmp_ai::services::workflow_orchestrator: wkmp-ai\src\services\workflow_orchestrator\mod.rs:1770: File already processed (INGEST COMPLETE/NO AUDIO/DUPLICATE HASH), skipping all remaining phases file="C:\\Users\\Mango Cat\\Music\\Astley, Jon/Everyone_Loves_The_Pilot_(Except_The_Crew)/(Jon_Astley)Everyone_Loves_The_Pilot_(Except_The_Crew)-01-Jane\'s_Getting_Serious.mp3" file_id=cca72e4c-da64-4a2f-b6d7-143253a3d1f1
2026-02-05T22:50:49.254522Z DEBUG tokio-runtime-worker ThreadId(23) wkmp_ai::services::workflow_orchestrator: wkmp-ai\src\services\workflow_orchestrator\mod.rs:2928: File processing complete session_id=4b515178-85e0-43eb-8eb8-3f4fb38ec0c0 file_index=146 file=Astley, Jon/Everyone_Loves_The_Pilot_(Except_The_Crew)/(Jon_Astley)Everyone_Loves_The_Pilot_(Except_The_Crew)-01-Jane's_Getting_Serious.mp3
2026-02-05T22:50:49.254711Z DEBUG tokio-runtime-worker ThreadId(23) wkmp_ai::services::workflow_orchestrator: wkmp-ai\src\services\workflow_orchestrator\mod.rs:1438: Acquiring all statistics Mutex locks for SSE conversion
2026-02-05T22:50:49.254939Z DEBUG tokio-runtime-worker ThreadId(23) wkmp_ai::services::workflow_orchestrator: wkmp-ai\src\services\workflow_orchestrator\mod.rs:1467: All statistics Mutex locks acquired and data cloned
2026-02-05T22:50:49.255183Z DEBUG tokio-runtime-worker ThreadId(23) wkmp_ai::services::workflow_orchestrator: wkmp-ai\src\services\workflow_orchestrator\mod.rs:1577: Releasing all statistics Mutex locks for SSE conversion
2026-02-05T22:50:49.255345Z DEBUG tokio-runtime-worker ThreadId(23) wkmp_ai::services::workflow_orchestrator: wkmp-ai\src\services\workflow_orchestrator\mod.rs:3110: Starting per-file pipeline file_index=147 file_id=79f237d8-c043-4a33-a9c7-ce759c442283 file=Astley, Jon/Everyone_Loves_The_Pilot_(Except_The_Crew)/(Jon_Astley)Everyone_Loves_The_Pilot_(Except_The_Crew)-02-Lipservice.mp3
2026-02-05T22:50:49.255612Z  INFO tokio-runtime-worker ThreadId(23) wkmp_ai::services::workflow_orchestrator: wkmp-ai\src\services\workflow_orchestrator\mod.rs:1733: Starting PLAN024 10-phase per-file pipeline (late audio decode) file="C:\\Users\\Mango Cat\\Music\\Astley, Jon/Everyone_Loves_The_Pilot_(Except_The_Crew)/(Jon_Astley)Everyone_Loves_The_Pilot_(Except_The_Crew)-02-Lipservice.mp3"
2026-02-05T22:50:49.256074Z DEBUG tokio-runtime-worker ThreadId(23) wkmp_ai::services::workflow_orchestrator: wkmp-ai\src\services\workflow_orchestrator\mod.rs:1742: Phase 1: Filename Matching - START file="C:\\Users\\Mango Cat\\Music\\Astley, Jon/Everyone_Loves_The_Pilot_(Except_The_Crew)/(Jon_Astley)Everyone_Loves_The_Pilot_(Except_The_Crew)-02-Lipservice.mp3"
2026-02-05T22:50:49.256242Z DEBUG tokio-runtime-worker ThreadId(23) wkmp_ai::services::filename_matcher: wkmp-ai\src\services\filename_matcher.rs:54: Checking if file exists in database path=Astley, Jon/Everyone_Loves_The_Pilot_(Except_The_Crew)/(Jon_Astley)Everyone_Loves_The_Pilot_(Except_The_Crew)-02-Lipservice.mp3 norm_us=7
2026-02-05T22:50:49.256504Z DEBUG tokio-runtime-worker ThreadId(23) wkmp_ai::api::sse: wkmp-ai\src\api\sse.rs:71: SSE: Broadcasting import event: ImportProgressUpdate
2026-02-05T22:50:49.258596Z DEBUG tokio-runtime-worker ThreadId(23) wkmp_ai::api::sse: wkmp-ai\src\api\sse.rs:71: SSE: Broadcasting import event: ImportProgressUpdate
2026-02-05T22:50:49.259308Z DEBUG tokio-runtime-worker ThreadId(23) wkmp_ai::services::filename_matcher: wkmp-ai\src\services\filename_matcher.rs:65: Database query completed path=Astley, Jon/Everyone_Loves_The_Pilot_(Except_The_Crew)/(Jon_Astley)Everyone_Loves_The_Pilot_(Except_The_Crew)-02-Lipservice.mp3 query_us=2914
2026-02-05T22:50:49.259507Z DEBUG tokio-runtime-worker ThreadId(23) wkmp_ai::services::filename_matcher: wkmp-ai\src\services\filename_matcher.rs:81: File already processed (INGEST COMPLETE) path=Astley, Jon/Everyone_Loves_The_Pilot_(Except_The_Crew)/(Jon_Astley)Everyone_Loves_The_Pilot_(Except_The_Crew)-02-Lipservice.mp3 guid=79f237d8-c043-4a33-a9c7-ce759c442283
2026-02-05T22:50:49.259705Z  INFO tokio-runtime-worker ThreadId(23) wkmp_ai::services::workflow_orchestrator: wkmp-ai\src\services\workflow_orchestrator\mod.rs:1756: Phase 1 completed phase="Filename Matching" duration_ms=3 path_us=1 db_ms=3 file_index=147
2026-02-05T22:50:49.259879Z  INFO tokio-runtime-worker ThreadId(23) wkmp_ai::services::workflow_orchestrator: wkmp-ai\src\services\workflow_orchestrator\mod.rs:1770: File already processed (INGEST COMPLETE/NO AUDIO/DUPLICATE HASH), skipping all remaining phases file="C:\\Users\\Mango Cat\\Music\\Astley, Jon/Everyone_Loves_The_Pilot_(Except_The_Crew)/(Jon_Astley)Everyone_Loves_The_Pilot_(Except_The_Crew)-02-Lipservice.mp3" file_id=79f237d8-c043-4a33-a9c7-ce759c442283
2026-02-05T22:50:49.260084Z DEBUG tokio-runtime-worker ThreadId(23) wkmp_ai::services::workflow_orchestrator: wkmp-ai\src\services\workflow_orchestrator\mod.rs:2928: File processing complete session_id=4b515178-85e0-43eb-8eb8-3f4fb38ec0c0 file_index=147 file=Astley, Jon/Everyone_Loves_The_Pilot_(Except_The_Crew)/(Jon_Astley)Everyone_Loves_The_Pilot_(Except_The_Crew)-02-Lipservice.mp3
2026-02-05T22:50:49.260295Z DEBUG tokio-runtime-worker ThreadId(23) wkmp_ai::services::workflow_orchestrator: wkmp-ai\src\services\workflow_orchestrator\mod.rs:1438: Acquiring all statistics Mutex locks for SSE conversion
2026-02-05T22:50:49.260450Z DEBUG tokio-runtime-worker ThreadId(23) wkmp_ai::services::workflow_orchestrator: wkmp-ai\src\services\workflow_orchestrator\mod.rs:1467: All statistics Mutex locks acquired and data cloned
2026-02-05T22:50:49.260717Z DEBUG tokio-runtime-worker ThreadId(23) wkmp_ai::services::workflow_orchestrator: wkmp-ai\src\services\workflow_orchestrator\mod.rs:1577: Releasing all statistics Mutex locks for SSE conversion
2026-02-05T22:50:49.260882Z DEBUG tokio-runtime-worker ThreadId(23) wkmp_ai::services::workflow_orchestrator: wkmp-ai\src\services\workflow_orchestrator\mod.rs:3110: Starting per-file pipeline file_index=148 file_id=d3e2d91e-261a-4940-a0bd-e03705e6cb1c file=Astley, Jon/Everyone_Loves_The_Pilot_(Except_The_Crew)/(Jon_Astley)Everyone_Loves_The_Pilot_(Except_The_Crew)-03-Target_Practise.mp3
2026-02-05T22:50:49.261071Z  INFO tokio-runtime-worker ThreadId(23) wkmp_ai::services::workflow_orchestrator: wkmp-ai\src\services\workflow_orchestrator\mod.rs:1733: Starting PLAN024 10-phase per-file pipeline (late audio decode) file="C:\\Users\\Mango Cat\\Music\\Astley, Jon/Everyone_Loves_The_Pilot_(Except_The_Crew)/(Jon_Astley)Everyone_Loves_The_Pilot_(Except_The_Crew)-03-Target_Practise.mp3"
2026-02-05T22:50:49.261264Z DEBUG tokio-runtime-worker ThreadId(23) wkmp_ai::services::workflow_orchestrator: wkmp-ai\src\services\workflow_orchestrator\mod.rs:1742: Phase 1: Filename Matching - START file="C:\\Users\\Mango Cat\\Music\\Astley, Jon/Everyone_Loves_The_Pilot_(Except_The_Crew)/(Jon_Astley)Everyone_Loves_The_Pilot_(Except_The_Crew)-03-Target_Practise.mp3"
2026-02-05T22:50:49.261490Z DEBUG tokio-runtime-worker ThreadId(23) wkmp_ai::services::filename_matcher: wkmp-ai\src\services\filename_matcher.rs:54: Checking if file exists in database path=Astley, Jon/Everyone_Loves_The_Pilot_(Except_The_Crew)/(Jon_Astley)Everyone_Loves_The_Pilot_(Except_The_Crew)-03-Target_Practise.mp3 norm_us=9
2026-02-05T22:50:49.261779Z DEBUG tokio-runtime-worker ThreadId(23) wkmp_ai::api::sse: wkmp-ai\src\api\sse.rs:71: SSE: Broadcasting import event: ImportProgressUpdate
2026-02-05T22:50:49.263790Z DEBUG tokio-runtime-worker ThreadId(23) wkmp_ai::api::sse: wkmp-ai\src\api\sse.rs:71: SSE: Broadcasting import event: ImportProgressUpdate
2026-02-05T22:50:49.264379Z DEBUG tokio-runtime-worker ThreadId(23) wkmp_ai::services::filename_matcher: wkmp-ai\src\services\filename_matcher.rs:65: Database query completed path=Astley, Jon/Everyone_Loves_The_Pilot_(Except_The_Crew)/(Jon_Astley)Everyone_Loves_The_Pilot_(Except_The_Crew)-03-Target_Practise.mp3 query_us=2725
2026-02-05T22:50:49.264565Z DEBUG tokio-runtime-worker ThreadId(23) wkmp_ai::services::filename_matcher: wkmp-ai\src\services\filename_matcher.rs:81: File already processed (INGEST COMPLETE) path=Astley, Jon/Everyone_Loves_The_Pilot_(Except_The_Crew)/(Jon_Astley)Everyone_Loves_The_Pilot_(Except_The_Crew)-03-Target_Practise.mp3 guid=d3e2d91e-261a-4940-a0bd-e03705e6cb1c
2026-02-05T22:50:49.264724Z  INFO tokio-runtime-worker ThreadId(23) wkmp_ai::services::workflow_orchestrator: wkmp-ai\src\services\workflow_orchestrator\mod.rs:1756: Phase 1 completed phase="Filename Matching" duration_ms=3 path_us=1 db_ms=3 file_index=148
2026-02-05T22:50:49.264905Z  INFO tokio-runtime-worker ThreadId(23) wkmp_ai::services::workflow_orchestrator: wkmp-ai\src\services\workflow_orchestrator\mod.rs:1770: File already processed (INGEST COMPLETE/NO AUDIO/DUPLICATE HASH), skipping all remaining phases file="C:\\Users\\Mango Cat\\Music\\Astley, Jon/Everyone_Loves_The_Pilot_(Except_The_Crew)/(Jon_Astley)Everyone_Loves_The_Pilot_(Except_The_Crew)-03-Target_Practise.mp3" file_id=d3e2d91e-261a-4940-a0bd-e03705e6cb1c
2026-02-05T22:50:49.265094Z DEBUG tokio-runtime-worker ThreadId(23) wkmp_ai::services::workflow_orchestrator: wkmp-ai\src\services\workflow_orchestrator\mod.rs:2928: File processing complete session_id=4b515178-85e0-43eb-8eb8-3f4fb38ec0c0 file_index=148 file=Astley, Jon/Everyone_Loves_The_Pilot_(Except_The_Crew)/(Jon_Astley)Everyone_Loves_The_Pilot_(Except_The_Crew)-03-Target_Practise.mp3
2026-02-05T22:50:49.265279Z DEBUG tokio-runtime-worker ThreadId(23) wkmp_ai::services::workflow_orchestrator: wkmp-ai\src\services\workflow_orchestrator\mod.rs:1438: Acquiring all statistics Mutex locks for SSE conversion
2026-02-05T22:50:49.265414Z DEBUG tokio-runtime-worker ThreadId(23) wkmp_ai::services::workflow_orchestrator: wkmp-ai\src\services\workflow_orchestrator\mod.rs:1467: All statistics Mutex locks acquired and data cloned
2026-02-05T22:50:49.265640Z DEBUG tokio-runtime-worker ThreadId(23) wkmp_ai::services::workflow_orchestrator: wkmp-ai\src\services\workflow_orchestrator\mod.rs:1577: Releasing all statistics Mutex locks for SSE conversion
2026-02-05T22:50:49.265789Z DEBUG tokio-runtime-worker ThreadId(23) wkmp_ai::services::workflow_orchestrator: wkmp-ai\src\services\workflow_orchestrator\mod.rs:3110: Starting per-file pipeline file_index=149 file_id=fd94448a-9221-4c12-b303-76de9da3d8d4 file=Astley, Jon/Everyone_Loves_The_Pilot_(Except_The_Crew)/(Jon_Astley)Everyone_Loves_The_Pilot_(Except_The_Crew)-04-Suffering_Fools.mp3
2026-02-05T22:50:49.265956Z  INFO tokio-runtime-worker ThreadId(23) wkmp_ai::services::workflow_orchestrator: wkmp-ai\src\services\workflow_orchestrator\mod.rs:1733: Starting PLAN024 10-phase per-file pipeline (late audio decode) file="C:\\Users\\Mango Cat\\Music\\Astley, Jon/Everyone_Loves_The_Pilot_(Except_The_Crew)/(Jon_Astley)Everyone_Loves_The_Pilot_(Except_The_Crew)-04-Suffering_Fools.mp3"
2026-02-05T22:50:49.266125Z DEBUG tokio-runtime-worker ThreadId(23) wkmp_ai::services::workflow_orchestrator: wkmp-ai\src\services\workflow_orchestrator\mod.rs:1742: Phase 1: Filename Matching - START file="C:\\Users\\Mango Cat\\Music\\Astley, Jon/Everyone_Loves_The_Pilot_(Except_The_Crew)/(Jon_Astley)Everyone_Loves_The_Pilot_(Except_The_Crew)-04-Suffering_Fools.mp3"
2026-02-05T22:50:49.266297Z DEBUG tokio-runtime-worker ThreadId(23) wkmp_ai::services::filename_matcher: wkmp-ai\src\services\filename_matcher.rs:54: Checking if file exists in database path=Astley, Jon/Everyone_Loves_The_Pilot_(Except_The_Crew)/(Jon_Astley)Everyone_Loves_The_Pilot_(Except_The_Crew)-04-Suffering_Fools.mp3 norm_us=7
2026-02-05T22:50:49.266705Z DEBUG tokio-runtime-worker ThreadId(23) wkmp_ai::api::sse: wkmp-ai\src\api\sse.rs:71: SSE: Broadcasting import event: ImportProgressUpdate
2026-02-05T22:50:49.268711Z DEBUG tokio-runtime-worker ThreadId(23) wkmp_ai::api::sse: wkmp-ai\src\api\sse.rs:71: SSE: Broadcasting import event: ImportProgressUpdate
2026-02-05T22:50:49.269375Z DEBUG tokio-runtime-worker ThreadId(23) wkmp_ai::services::filename_matcher: wkmp-ai\src\services\filename_matcher.rs:65: Database query completed path=Astley, Jon/Everyone_Loves_The_Pilot_(Except_The_Crew)/(Jon_Astley)Everyone_Loves_The_Pilot_(Except_The_Crew)-04-Suffering_Fools.mp3 query_us=2781
2026-02-05T22:50:49.269554Z DEBUG tokio-runtime-worker ThreadId(23) wkmp_ai::services::filename_matcher: wkmp-ai\src\services\filename_matcher.rs:88: File exists, reusing fileId path=Astley, Jon/Everyone_Loves_The_Pilot_(Except_The_Crew)/(Jon_Astley)Everyone_Loves_The_Pilot_(Except_The_Crew)-04-Suffering_Fools.mp3 guid=fd94448a-9221-4c12-b303-76de9da3d8d4 status=PENDING
2026-02-05T22:50:49.269763Z  INFO tokio-runtime-worker ThreadId(23) wkmp_ai::services::workflow_orchestrator: wkmp-ai\src\services\workflow_orchestrator\mod.rs:1756: Phase 1 completed phase="Filename Matching" duration_ms=3 path_us=1 db_ms=3 file_index=149
2026-02-05T22:50:49.269930Z DEBUG tokio-runtime-worker ThreadId(23) wkmp_ai::services::workflow_orchestrator: wkmp-ai\src\services\workflow_orchestrator\mod.rs:1778: Reusing existing file record (incomplete processing) file_id=fd94448a-9221-4c12-b303-76de9da3d8d4
2026-02-05T22:50:49.270093Z DEBUG tokio-runtime-worker ThreadId(23) wkmp_ai::services::workflow_orchestrator: wkmp-ai\src\services\workflow_orchestrator\mod.rs:1812: Phase 2: Hash Deduplication file="C:\\Users\\Mango Cat\\Music\\Astley, Jon/Everyone_Loves_The_Pilot_(Except_The_Crew)/(Jon_Astley)Everyone_Loves_The_Pilot_(Except_The_Crew)-04-Suffering_Fools.mp3" file_id=fd94448a-9221-4c12-b303-76de9da3d8d4
2026-02-05T22:50:49.270248Z DEBUG tokio-runtime-worker ThreadId(23) wkmp_ai::services::hash_deduplicator: wkmp-ai\src\services\hash_deduplicator.rs:52: Calculating SHA-256 hash path=C:\Users\Mango Cat\Music\Astley, Jon/Everyone_Loves_The_Pilot_(Except_The_Crew)/(Jon_Astley)Everyone_Loves_The_Pilot_(Except_The_Crew)-04-Suffering_Fools.mp3
2026-02-05T22:50:50.259309Z DEBUG tokio-runtime-worker ThreadId(23) wkmp_ai::services::hash_deduplicator: wkmp-ai\src\services\hash_deduplicator.rs:93: Calculated hash path=C:\Users\Mango Cat\Music\Ace of Base/HappyNation.mp3
 hash_len=64
2026-02-05T22:50:50.259953Z DEBUG tokio-runtime-worker ThreadId(23) wkmp_ai::services::hash_deduplicator: wkmp-ai\src\services\hash_deduplicator.rs:155: Updated file hash file_id=e7e6d982-1560-40c5-b8ec-347b47ee29ff hash=69341f3371f303618c57ec63676caa1735c473df57c8b0505ac5e9a0c16922d4
2026-02-05T22:50:50.260066Z DEBUG tokio-runtime-worker ThreadId(23) wkmp_ai::services::hash_deduplicator: wkmp-ai\src\services\hash_deduplicator.rs:111: Checking for duplicate hash hash=69341f3371f303618c57ec63676caa1735c473df57c8b0505ac5e9a0c16922d4 file_id=e7e6d982-1560-40c5-b8ec-347b47ee29ff
2026-02-05T22:50:50.260322Z DEBUG tokio-runtime-worker ThreadId(23) wkmp_ai::services::hash_deduplicator: wkmp-ai\src\services\hash_deduplicator.rs:123: No duplicate hash found hash=69341f3371f303618c57ec63676caa1735c473df57c8b0505ac5e9a0c16922d4
2026-02-05T22:50:50.260410Z  INFO tokio-runtime-worker ThreadId(23) wkmp_ai::services::workflow_orchestrator: wkmp-ai\src\services\workflow_orchestrator\mod.rs:1851: Phase 2 completed - hash unique phase="Hash Deduplication" duration_ms=1474 file_index=45 hash="69341f3371f303618c57ec63676caa1735c473df57c8b0505ac5e9a0c16922d4"
2026-02-05T22:50:50.260504Z DEBUG tokio-runtime-worker ThreadId(23) wkmp_ai::services::workflow_orchestrator: wkmp-ai\src\services\workflow_orchestrator\mod.rs:1865: Phase 3: Metadata Extraction & Merging file="C:\\Users\\Mango Cat\\Music\\Ace of Base/HappyNation.mp3" file_id=e7e6d982-1560-40c5-b8ec-347b47ee29ff
2026-02-05T22:50:50.260570Z DEBUG tokio-runtime-worker ThreadId(23) wkmp_ai::services::metadata_merger: wkmp-ai\src\services\metadata_merger.rs:76: Extracting and merging metadata file_id=e7e6d982-1560-40c5-b8ec-347b47ee29ff path=C:\Users\Mango Cat\Music\Ace of Base/HappyNation.mp3
2026-02-05T22:50:50.261099Z DEBUG tokio-runtime-worker ThreadId(23) wkmp_ai::services::metadata_extractor: wkmp-ai\src\services\metadata_extractor.rs:141: Extracted metadata file=C:\Users\Mango Cat\Music\Ace of Base/HappyNation.mp3 artist=Some("Ace of Base") title=None duration_s=3649.776 format=MP3
2026-02-05T22:50:50.261550Z DEBUG tokio-runtime-worker ThreadId(23) wkmp_ai::services::metadata_merger: wkmp-ai\src\services\metadata_merger.rs:161: Merged metadata updated file_id=e7e6d982-1560-40c5-b8ec-347b47ee29ff artist=Some("Ace of Base") title=None duration_ticks=103011277824
2026-02-05T22:50:50.261648Z  INFO tokio-runtime-worker ThreadId(23) wkmp_ai::services::workflow_orchestrator: wkmp-ai\src\services\workflow_orchestrator\mod.rs:1877: Phase 3 completed phase="Metadata Extraction" duration_ms=1
 file_index=45 successful=true has_title=false has_artist=true has_album=true
2026-02-05T22:50:50.263519Z  INFO tokio-runtime-worker ThreadId(23) wkmp_ai::matching::single_track: wkmp-ai\src\matching\single_track.rs:292: [F45] Single-track analysis (pre-decode) for "HappyNation.mp3":
2026-02-05T22:50:50.263601Z  INFO tokio-runtime-worker ThreadId(23) wkmp_ai::matching::single_track: wkmp-ai\src\matching\single_track.rs:305: [F45]     Filename pattern: +0.00 (no track number prefix)
2026-02-05T22:50:50.263649Z  INFO tokio-runtime-worker ThreadId(23) wkmp_ai::matching::single_track: wkmp-ai\src\matching\single_track.rs:312: [F45]     Directory files:  -0.50 (1 audio files in dir, threshold=4)
2026-02-05T22:50:50.263699Z  INFO tokio-runtime-worker ThreadId(23) wkmp_ai::matching::single_track: wkmp-ai\src\matching\single_track.rs:327: [F45]     ID3 track tag:    +0.00 (no track tag)
2026-02-05T22:50:50.263742Z  INFO tokio-runtime-worker ThreadId(23) wkmp_ai::matching::single_track: wkmp-ai\src\matching\single_track.rs:335: [F45]     Duration hint:    -0.30 (60.83 min, album threshold=20 min)
2026-02-05T22:50:50.263786Z  INFO tokio-runtime-worker ThreadId(23) wkmp_ai::matching::single_track: wkmp-ai\src\matching\single_track.rs:347: [F45]     PRE-DECODE TOTAL: -0.80 (Unlikely confidence)
2026-02-05T22:50:50.263830Z DEBUG tokio-runtime-worker ThreadId(23) wkmp_ai::services::workflow_orchestrator: wkmp-ai\src\services\workflow_orchestrator\mod.rs:1958: Not single-track (score < 2), continuing with album pipeline file="C:\\Users\\Mango Cat\\Music\\Ace of Base/HappyNation.mp3" file_index=45 score=-0.8
2026-02-05T22:50:50.263914Z DEBUG tokio-runtime-worker ThreadId(23) wkmp_ai::services::workflow_orchestrator: wkmp-ai\src\services\workflow_orchestrator\mod.rs:1977: Phase 4: Decoding audio + Passage Segmentation file="C:\\Users\\Mango Cat\\Music\\Ace of Base/HappyNation.mp3" file_id=e7e6d982-1560-40c5-b8ec-347b47ee29ff
2026-02-05T22:50:50.263976Z DEBUG tokio-runtime-worker ThreadId(23) wkmp_ai::services::workflow_orchestrator: wkmp-ai\src\services\workflow_orchestrator\mod.rs:1980: Decoding audio (first and only decode) file="C:\\Users\\Mango Cat\\Music\\Ace of Base/HappyNation.mp3"
2026-02-05T22:50:51.233063Z DEBUG tokio-runtime-worker ThreadId(23) wkmp_ai: wkmp-ai\src\main.rs:240: Pool utilization snapshot pool_size=48 idle_connections=48 in_use_connections=0 utilization_pct=0
2026-02-05T22:50:51.310487Z DEBUG tokio-runtime-worker ThreadId(23) wkmp_ai::services::hash_deduplicator: wkmp-ai\src\services\hash_deduplicator.rs:93: Calculated hash path=C:\Users\Mango Cat\Music\Aerosmith/Pump.mp3 hash_len=64
2026-02-05T22:50:51.312001Z DEBUG tokio-runtime-worker ThreadId(23) wkmp_ai::services::hash_deduplicator: wkmp-ai\src\services\hash_deduplicator.rs:155: Updated file hash file_id=85decb52-878d-428d-9e4f-39631a68ff68 hash=177f79fb6f4c1ed903cb08b90254e8b94fa89b623863b40686fba55251add293
2026-02-05T22:50:51.312093Z DEBUG tokio-runtime-worker ThreadId(23) wkmp_ai::services::hash_deduplicator: wkmp-ai\src\services\hash_deduplicator.rs:111: Checking for duplicate hash hash=177f79fb6f4c1ed903cb08b90254e8b94fa89b623863b40686fba55251add293 file_id=85decb52-878d-428d-9e4f-39631a68ff68
2026-02-05T22:50:51.312389Z DEBUG tokio-runtime-worker ThreadId(23) wkmp_ai::services::hash_deduplicator: wkmp-ai\src\services\hash_deduplicator.rs:123: No duplicate hash found hash=177f79fb6f4c1ed903cb08b90254e8b94fa89b623863b40686fba55251add293
2026-02-05T22:50:51.313234Z  INFO tokio-runtime-worker ThreadId(23) wkmp_ai::services::workflow_orchestrator: wkmp-ai\src\services\workflow_orchestrator\mod.rs:1851: Phase 2 completed - hash unique phase="Hash Deduplication" duration_ms=2509 file_index=47 hash="177f79fb6f4c1ed903cb08b90254e8b94fa89b623863b40686fba55251add293"
2026-02-05T22:50:51.313430Z DEBUG tokio-runtime-worker ThreadId(23) wkmp_ai::services::workflow_orchestrator: wkmp-ai\src\services\workflow_orchestrator\mod.rs:1865: Phase 3: Metadata Extraction & Merging file="C:\\Users\\Mango Cat\\Music\\Aerosmith/Pump.mp3" file_id=85decb52-878d-428d-9e4f-39631a68ff68
2026-02-05T22:50:51.313590Z DEBUG tokio-runtime-worker ThreadId(23) wkmp_ai::services::metadata_merger: wkmp-ai\src\services\metadata_merger.rs:76: Extracting and merging metadata file_id=85decb52-878d-428d-9e4f-39631a68ff68 path=C:\Users\Mango Cat\Music\Aerosmith/Pump.mp3
2026-02-05T22:50:51.314264Z DEBUG tokio-runtime-worker ThreadId(23) wkmp_ai::services::metadata_extractor: wkmp-ai\src\services\metadata_extractor.rs:141: Extracted metadata file=C:\Users\Mango Cat\Music\Aerosmith/Pump.mp3 artist=Some("Aerosmith") title=None duration_s=2844.582 format=MP3
2026-02-05T22:50:51.315091Z DEBUG tokio-runtime-worker ThreadId(23) wkmp_ai::services::metadata_merger: wkmp-ai\src\services\metadata_merger.rs:161: Merged metadata updated file_id=85decb52-878d-428d-9e4f-39631a68ff68 artist=Some("Aerosmith") title=None duration_ticks=80285482368
2026-02-05T22:50:51.315204Z  INFO tokio-runtime-worker ThreadId(23) wkmp_ai::services::workflow_orchestrator: wkmp-ai\src\services\workflow_orchestrator\mod.rs:1877: Phase 3 completed phase="Metadata Extraction" duration_ms=1
 file_index=47 successful=true has_title=false has_artist=true has_album=true
2026-02-05T22:50:51.315577Z  INFO tokio-runtime-worker ThreadId(23) wkmp_ai::matching::single_track: wkmp-ai\src\matching\single_track.rs:292: [F47] Single-track analysis (pre-decode) for "Pump.mp3":
2026-02-05T22:50:51.315651Z  INFO tokio-runtime-worker ThreadId(23) wkmp_ai::matching::single_track: wkmp-ai\src\matching\single_track.rs:305: [F47]     Filename pattern: +0.00 (no track number prefix)
2026-02-05T22:50:51.315700Z  INFO tokio-runtime-worker ThreadId(23) wkmp_ai::matching::single_track: wkmp-ai\src\matching\single_track.rs:312: [F47]     Directory files:  +0.30 (2 audio files in dir, threshold=4)
2026-02-05T22:50:51.315746Z  INFO tokio-runtime-worker ThreadId(23) wkmp_ai::matching::single_track: wkmp-ai\src\matching\single_track.rs:327: [F47]     ID3 track tag:    +0.00 (no track tag)
2026-02-05T22:50:51.315789Z  INFO tokio-runtime-worker ThreadId(23) wkmp_ai::matching::single_track: wkmp-ai\src\matching\single_track.rs:335: [F47]     Duration hint:    -0.30 (47.41 min, album threshold=20 min)
2026-02-05T22:50:51.315835Z  INFO tokio-runtime-worker ThreadId(23) wkmp_ai::matching::single_track: wkmp-ai\src\matching\single_track.rs:347: [F47]     PRE-DECODE TOTAL: 0.00 (Unlikely confidence)
2026-02-05T22:50:51.315879Z DEBUG tokio-runtime-worker ThreadId(23) wkmp_ai::services::workflow_orchestrator: wkmp-ai\src\services\workflow_orchestrator\mod.rs:1958: Not single-track (score < 2), continuing with album pipeline file="C:\\Users\\Mango Cat\\Music\\Aerosmith/Pump.mp3" file_index=47 score=0.0
2026-02-05T22:50:51.315961Z DEBUG tokio-runtime-worker ThreadId(23) wkmp_ai::services::workflow_orchestrator: wkmp-ai\src\services\workflow_orchestrator\mod.rs:1977: Phase 4: Decoding audio + Passage Segmentation file="C:\\Users\\Mango Cat\\Music\\Aerosmith/Pump.mp3" file_id=85decb52-878d-428d-9e4f-39631a68ff68
2026-02-05T22:50:51.316020Z DEBUG tokio-runtime-worker ThreadId(23) wkmp_ai::services::workflow_orchestrator: wkmp-ai\src\services\workflow_orchestrator\mod.rs:1980: Decoding audio (first and only decode) file="C:\\Users\\Mango Cat\\Music\\Aerosmith/Pump.mp3"
2026-02-05T22:50:52.269453Z DEBUG tokio-runtime-worker ThreadId(23) wkmp_ai::services::hash_deduplicator: wkmp-ai\src\services\hash_deduplicator.rs:93: Calculated hash path=C:\Users\Mango Cat\Music\Alice In Chains/AliceInChainsGreatestHits.mp3 hash_len=64
2026-02-05T22:50:52.270565Z DEBUG tokio-runtime-worker ThreadId(23) wkmp_ai::services::hash_deduplicator: wkmp-ai\src\services\hash_deduplicator.rs:155: Updated file hash file_id=f7204740-f321-45e5-b65b-2b08dbba2f65 hash=f99ebdda5419d6a21d9f1f55c2142da2ff11803880f923bce08918d960410e0e
2026-02-05T22:50:52.270674Z DEBUG tokio-runtime-worker ThreadId(23) wkmp_ai::services::hash_deduplicator: wkmp-ai\src\services\hash_deduplicator.rs:111: Checking for duplicate hash hash=f99ebdda5419d6a21d9f1f55c2142da2ff11803880f923bce08918d960410e0e file_id=f7204740-f321-45e5-b65b-2b08dbba2f65
2026-02-05T22:50:52.271020Z DEBUG tokio-runtime-worker ThreadId(23) wkmp_ai::services::hash_deduplicator: wkmp-ai\src\services\hash_deduplicator.rs:123: No duplicate hash found hash=f99ebdda5419d6a21d9f1f55c2142da2ff11803880f923bce08918d960410e0e
2026-02-05T22:50:52.271141Z  INFO tokio-runtime-worker ThreadId(23) wkmp_ai::services::workflow_orchestrator: wkmp-ai\src\services\workflow_orchestrator\mod.rs:1851: Phase 2 completed - hash unique phase="Hash Deduplication" duration_ms=3435 file_index=57 hash="f99ebdda5419d6a21d9f1f55c2142da2ff11803880f923bce08918d960410e0e"
2026-02-05T22:50:52.271235Z DEBUG tokio-runtime-worker ThreadId(23) wkmp_ai::services::workflow_orchestrator: wkmp-ai\src\services\workflow_orchestrator\mod.rs:1865: Phase 3: Metadata Extraction & Merging file="C:\\Users\\Mango Cat\\Music\\Alice In Chains/AliceInChainsGreatestHits.mp3" file_id=f7204740-f321-45e5-b65b-2b08dbba2f65
2026-02-05T22:50:52.271296Z DEBUG tokio-runtime-worker ThreadId(23) wkmp_ai::services::metadata_merger: wkmp-ai\src\services\metadata_merger.rs:76: Extracting and merging metadata file_id=f7204740-f321-45e5-b65b-2b08dbba2f65 path=C:\Users\Mango Cat\Music\Alice In Chains/AliceInChainsGreatestHits.mp3
2026-02-05T22:50:52.271548Z DEBUG tokio-runtime-worker ThreadId(23) wkmp_ai::services::metadata_extractor: wkmp-ai\src\services\metadata_extractor.rs:141: Extracted metadata file=C:\Users\Mango Cat\Music\Alice In Chains/AliceInChainsGreatestHits.mp3 artist=Some("Alice In Chains") title=None duration_s=2672.514 format=MP3
2026-02-05T22:50:52.271998Z DEBUG tokio-runtime-worker ThreadId(23) wkmp_ai::services::metadata_merger: wkmp-ai\src\services\metadata_merger.rs:161: Merged metadata updated file_id=f7204740-f321-45e5-b65b-2b08dbba2f65 artist=Some("Alice In Chains") title=None duration_ticks=75429035136
2026-02-05T22:50:52.272096Z  INFO tokio-runtime-worker ThreadId(23) wkmp_ai::services::workflow_orchestrator: wkmp-ai\src\services\workflow_orchestrator\mod.rs:1877: Phase 3 completed phase="Metadata Extraction" duration_ms=0
 file_index=57 successful=true has_title=false has_artist=true has_album=true
2026-02-05T22:50:52.272374Z  INFO tokio-runtime-worker ThreadId(23) wkmp_ai::matching::single_track: wkmp-ai\src\matching\single_track.rs:292: [F57] Single-track analysis (pre-decode) for "AliceInChainsGreatestHits.mp3":
2026-02-05T22:50:52.272441Z  INFO tokio-runtime-worker ThreadId(23) wkmp_ai::matching::single_track: wkmp-ai\src\matching\single_track.rs:305: [F57]     Filename pattern: +0.00 (no track number prefix)
2026-02-05T22:50:52.272486Z  INFO tokio-runtime-worker ThreadId(23) wkmp_ai::matching::single_track: wkmp-ai\src\matching\single_track.rs:312: [F57]     Directory files:  -0.50 (1 audio files in dir, threshold=4)
2026-02-05T22:50:52.272530Z  INFO tokio-runtime-worker ThreadId(23) wkmp_ai::matching::single_track: wkmp-ai\src\matching\single_track.rs:327: [F57]     ID3 track tag:    +0.00 (no track tag)
2026-02-05T22:50:52.272572Z  INFO tokio-runtime-worker ThreadId(23) wkmp_ai::matching::single_track: wkmp-ai\src\matching\single_track.rs:335: [F57]     Duration hint:    -0.30 (44.54 min, album threshold=20 min)
2026-02-05T22:50:52.272613Z  INFO tokio-runtime-worker ThreadId(23) wkmp_ai::matching::single_track: wkmp-ai\src\matching\single_track.rs:347: [F57]     PRE-DECODE TOTAL: -0.80 (Unlikely confidence)
2026-02-05T22:50:52.272655Z DEBUG tokio-runtime-worker ThreadId(23) wkmp_ai::services::workflow_orchestrator: wkmp-ai\src\services\workflow_orchestrator\mod.rs:1958: Not single-track (score < 2), continuing with album pipeline file="C:\\Users\\Mango Cat\\Music\\Alice In Chains/AliceInChainsGreatestHits.mp3" file_index=57 score=-0.8
2026-02-05T22:50:52.272727Z DEBUG tokio-runtime-worker ThreadId(23) wkmp_ai::services::workflow_orchestrator: wkmp-ai\src\services\workflow_orchestrator\mod.rs:1977: Phase 4: Decoding audio + Passage Segmentation file="C:\\Users\\Mango Cat\\Music\\Alice In Chains/AliceInChainsGreatestHits.mp3" file_id=f7204740-f321-45e5-b65b-2b08dbba2f65
2026-02-05T22:50:52.272783Z DEBUG tokio-runtime-worker ThreadId(23) wkmp_ai::services::workflow_orchestrator: wkmp-ai\src\services\workflow_orchestrator\mod.rs:1980: Decoding audio (first and only decode) file="C:\\Users\\Mango Cat\\Music\\Alice In Chains/AliceInChainsGreatestHits.mp3"
2026-02-05T22:50:52.304980Z DEBUG tokio-runtime-worker ThreadId(23) wkmp_ai::services::hash_deduplicator: wkmp-ai\src\services\hash_deduplicator.rs:93: Calculated hash path=C:\Users\Mango Cat\Music\38 Special/Anthology.mp3 hash_len=64
2026-02-05T22:50:52.305360Z DEBUG tokio-runtime-worker ThreadId(23) wkmp_ai::services::hash_deduplicator: wkmp-ai\src\services\hash_deduplicator.rs:155: Updated file hash file_id=4b6f8417-fe03-4dc3-9bea-ec6596c6156c hash=7115de279d133479112f807dcd14f17518b984aa3bfbc84f5e1a43ccf75da6b4
2026-02-05T22:50:52.305445Z DEBUG tokio-runtime-worker ThreadId(23) wkmp_ai::services::hash_deduplicator: wkmp-ai\src\services\hash_deduplicator.rs:111: Checking for duplicate hash hash=7115de279d133479112f807dcd14f17518b984aa3bfbc84f5e1a43ccf75da6b4 file_id=4b6f8417-fe03-4dc3-9bea-ec6596c6156c
2026-02-05T22:50:52.305656Z DEBUG tokio-runtime-worker ThreadId(23) wkmp_ai::services::hash_deduplicator: wkmp-ai\src\services\hash_deduplicator.rs:123: No duplicate hash found hash=7115de279d133479112f807dcd14f17518b984aa3bfbc84f5e1a43ccf75da6b4
2026-02-05T22:50:52.305733Z  INFO tokio-runtime-worker ThreadId(23) wkmp_ai::services::workflow_orchestrator: wkmp-ai\src\services\workflow_orchestrator\mod.rs:1851: Phase 2 completed - hash unique phase="Hash Deduplication" duration_ms=3576 file_index=14 hash="7115de279d133479112f807dcd14f17518b984aa3bfbc84f5e1a43ccf75da6b4"
2026-02-05T22:50:52.305811Z DEBUG tokio-runtime-worker ThreadId(23) wkmp_ai::services::workflow_orchestrator: wkmp-ai\src\services\workflow_orchestrator\mod.rs:1865: Phase 3: Metadata Extraction & Merging file="C:\\Users\\Mango Cat\\Music\\38 Special/Anthology.mp3" file_id=4b6f8417-fe03-4dc3-9bea-ec6596c6156c
2026-02-05T22:50:52.305878Z DEBUG tokio-runtime-worker ThreadId(23) wkmp_ai::services::metadata_merger: wkmp-ai\src\services\metadata_merger.rs:76: Extracting and merging metadata file_id=4b6f8417-fe03-4dc3-9bea-ec6596c6156c path=C:\Users\Mango Cat\Music\38 Special/Anthology.mp3
2026-02-05T22:50:52.306095Z DEBUG tokio-runtime-worker ThreadId(23) wkmp_ai::services::metadata_extractor: wkmp-ai\src\services\metadata_extractor.rs:141: Extracted metadata file=C:\Users\Mango Cat\Music\38 Special/Anthology.mp3 artist=Some("38 Special") title=None duration_s=9026.03 format=MP3
2026-02-05T22:50:52.306519Z DEBUG tokio-runtime-worker ThreadId(23) wkmp_ai::services::metadata_merger: wkmp-ai\src\services\metadata_merger.rs:161: Merged metadata updated file_id=4b6f8417-fe03-4dc3-9bea-ec6596c6156c artist=Some("38 Special") title=None duration_ticks=254750670720
2026-02-05T22:50:52.306610Z  INFO tokio-runtime-worker ThreadId(23) wkmp_ai::services::workflow_orchestrator: wkmp-ai\src\services\workflow_orchestrator\mod.rs:1877: Phase 3 completed phase="Metadata Extraction" duration_ms=0
 file_index=14 successful=true has_title=false has_artist=true has_album=true
2026-02-05T22:50:52.306868Z  INFO tokio-runtime-worker ThreadId(23) wkmp_ai::matching::single_track: wkmp-ai\src\matching\single_track.rs:292: [F14] Single-track analysis (pre-decode) for "Anthology.mp3":
2026-02-05T22:50:52.306934Z  INFO tokio-runtime-worker ThreadId(23) wkmp_ai::matching::single_track: wkmp-ai\src\matching\single_track.rs:305: [F14]     Filename pattern: +0.00 (no track number prefix)
2026-02-05T22:50:52.309508Z  INFO tokio-runtime-worker ThreadId(23) wkmp_ai::matching::single_track: wkmp-ai\src\matching\single_track.rs:312: [F14]     Directory files:  -0.50 (1 audio files in dir, threshold=4)
2026-02-05T22:50:52.309585Z  INFO tokio-runtime-worker ThreadId(23) wkmp_ai::matching::single_track: wkmp-ai\src\matching\single_track.rs:327: [F14]     ID3 track tag:    +0.00 (no track tag)
2026-02-05T22:50:52.309630Z  INFO tokio-runtime-worker ThreadId(23) wkmp_ai::matching::single_track: wkmp-ai\src\matching\single_track.rs:335: [F14]     Duration hint:    -0.30 (150.43 min, album threshold=20 min)
2026-02-05T22:50:52.309673Z  INFO tokio-runtime-worker ThreadId(23) wkmp_ai::matching::single_track: wkmp-ai\src\matching\single_track.rs:347: [F14]     PRE-DECODE TOTAL: -0.80 (Unlikely confidence)
2026-02-05T22:50:52.309723Z DEBUG tokio-runtime-worker ThreadId(23) wkmp_ai::services::workflow_orchestrator: wkmp-ai\src\services\workflow_orchestrator\mod.rs:1958: Not single-track (score < 2), continuing with album pipeline file="C:\\Users\\Mango Cat\\Music\\38 Special/Anthology.mp3" file_index=14 score=-0.8
2026-02-05T22:50:52.309794Z DEBUG tokio-runtime-worker ThreadId(23) wkmp_ai::services::workflow_orchestrator: wkmp-ai\src\services\workflow_orchestrator\mod.rs:1977: Phase 4: Decoding audio + Passage Segmentation file="C:\\Users\\Mango Cat\\Music\\38 Special/Anthology.mp3" file_id=4b6f8417-fe03-4dc3-9bea-ec6596c6156c
2026-02-05T22:50:52.309855Z DEBUG tokio-runtime-worker ThreadId(23) wkmp_ai::services::workflow_orchestrator: wkmp-ai\src\services\workflow_orchestrator\mod.rs:1980: Decoding audio (first and only decode) file="C:\\Users\\Mango Cat\\Music\\38 Special/Anthology.mp3"
2026-02-05T22:50:55.125369Z DEBUG tokio-runtime-worker ThreadId(23) wkmp_ai::services::hash_deduplicator: wkmp-ai\src\services\hash_deduplicator.rs:93: Calculated hash path=C:\Users\Mango Cat\Music\Allman Brothers/AtFillmoreEast.mp3 hash_len=64
2026-02-05T22:50:55.126393Z DEBUG tokio-runtime-worker ThreadId(23) wkmp_ai::services::hash_deduplicator: wkmp-ai\src\services\hash_deduplicator.rs:155: Updated file hash file_id=832ed86e-2a94-450e-9900-09837e2c9bb1 hash=f47e2ba65c1af5380a15d60e5aa3d1c161a89e62d2546cf22c11a3a61a9c2fb9
2026-02-05T22:50:55.126520Z DEBUG tokio-runtime-worker ThreadId(23) wkmp_ai::services::hash_deduplicator: wkmp-ai\src\services\hash_deduplicator.rs:111: Checking for duplicate hash hash=f47e2ba65c1af5380a15d60e5aa3d1c161a89e62d2546cf22c11a3a61a9c2fb9 file_id=832ed86e-2a94-450e-9900-09837e2c9bb1
2026-02-05T22:50:55.126922Z DEBUG tokio-runtime-worker ThreadId(23) wkmp_ai::services::hash_deduplicator: wkmp-ai\src\services\hash_deduplicator.rs:123: No duplicate hash found hash=f47e2ba65c1af5380a15d60e5aa3d1c161a89e62d2546cf22c11a3a61a9c2fb9
2026-02-05T22:50:55.127027Z  INFO tokio-runtime-worker ThreadId(23) wkmp_ai::services::workflow_orchestrator: wkmp-ai\src\services\workflow_orchestrator\mod.rs:1851: Phase 2 completed - hash unique phase="Hash Deduplication" duration_ms=6290 file_index=58 hash="f47e2ba65c1af5380a15d60e5aa3d1c161a89e62d2546cf22c11a3a61a9c2fb9"
2026-02-05T22:50:55.127147Z DEBUG tokio-runtime-worker ThreadId(23) wkmp_ai::services::workflow_orchestrator: wkmp-ai\src\services\workflow_orchestrator\mod.rs:1865: Phase 3: Metadata Extraction & Merging file="C:\\Users\\Mango Cat\\Music\\Allman Brothers/AtFillmoreEast.mp3" file_id=832ed86e-2a94-450e-9900-09837e2c9bb1
2026-02-05T22:50:55.127228Z DEBUG tokio-runtime-worker ThreadId(23) wkmp_ai::services::metadata_merger: wkmp-ai\src\services\metadata_merger.rs:76: Extracting and merging metadata file_id=832ed86e-2a94-450e-9900-09837e2c9bb1 path=C:\Users\Mango Cat\Music\Allman Brothers/AtFillmoreEast.mp3
2026-02-05T22:50:55.127509Z DEBUG tokio-runtime-worker ThreadId(23) wkmp_ai::services::metadata_extractor: wkmp-ai\src\services\metadata_extractor.rs:141: Extracted metadata file=C:\Users\Mango Cat\Music\Allman Brothers/AtFillmoreEast.mp3 artist=Some("The Allman Brothers") title=None duration_s=7986.498 format=MP3
2026-02-05T22:50:55.128026Z DEBUG tokio-runtime-worker ThreadId(23) wkmp_ai::services::metadata_merger: wkmp-ai\src\services\metadata_merger.rs:161: Merged metadata updated file_id=832ed86e-2a94-450e-9900-09837e2c9bb1 artist=Some("The Allman Brothers") title=None duration_ticks=225410919552
2026-02-05T22:50:55.128131Z  INFO tokio-runtime-worker ThreadId(23) wkmp_ai::services::workflow_orchestrator: wkmp-ai\src\services\workflow_orchestrator\mod.rs:1877: Phase 3 completed phase="Metadata Extraction" duration_ms=0
 file_index=58 successful=true has_title=false has_artist=true has_album=true
2026-02-05T22:50:55.128442Z  INFO tokio-runtime-worker ThreadId(23) wkmp_ai::matching::single_track: wkmp-ai\src\matching\single_track.rs:292: [F58] Single-track analysis (pre-decode) for "AtFillmoreEast.mp3":
2026-02-05T22:50:55.128516Z  INFO tokio-runtime-worker ThreadId(23) wkmp_ai::matching::single_track: wkmp-ai\src\matching\single_track.rs:305: [F58]     Filename pattern: +0.00 (no track number prefix)
2026-02-05T22:50:55.128586Z  INFO tokio-runtime-worker ThreadId(23) wkmp_ai::matching::single_track: wkmp-ai\src\matching\single_track.rs:312: [F58]     Directory files:  +0.30 (2 audio files in dir, threshold=4)
2026-02-05T22:50:55.128645Z  INFO tokio-runtime-worker ThreadId(23) wkmp_ai::matching::single_track: wkmp-ai\src\matching\single_track.rs:327: [F58]     ID3 track tag:    +0.00 (no track tag)
2026-02-05T22:50:55.128705Z  INFO tokio-runtime-worker ThreadId(23) wkmp_ai::matching::single_track: wkmp-ai\src\matching\single_track.rs:335: [F58]     Duration hint:    -0.30 (133.11 min, album threshold=20 min)
2026-02-05T22:50:55.128762Z  INFO tokio-runtime-worker ThreadId(23) wkmp_ai::matching::single_track: wkmp-ai\src\matching\single_track.rs:347: [F58]     PRE-DECODE TOTAL: 0.00 (Unlikely confidence)
2026-02-05T22:50:55.128822Z DEBUG tokio-runtime-worker ThreadId(23) wkmp_ai::services::workflow_orchestrator: wkmp-ai\src\services\workflow_orchestrator\mod.rs:1958: Not single-track (score < 2), continuing with album pipeline file="C:\\Users\\Mango Cat\\Music\\Allman Brothers/AtFillmoreEast.mp3" file_index=58 score=0.0
2026-02-05T22:50:55.128909Z DEBUG tokio-runtime-worker ThreadId(23) wkmp_ai::services::workflow_orchestrator: wkmp-ai\src\services\workflow_orchestrator\mod.rs:1977: Phase 4: Decoding audio + Passage Segmentation file="C:\\Users\\Mango Cat\\Music\\Allman Brothers/AtFillmoreEast.mp3" file_id=832ed86e-2a94-450e-9900-09837e2c9bb1
2026-02-05T22:50:55.128982Z DEBUG tokio-runtime-worker ThreadId(23) wkmp_ai::services::workflow_orchestrator: wkmp-ai\src\services\workflow_orchestrator\mod.rs:1980: Decoding audio (first and only decode) file="C:\\Users\\Mango Cat\\Music\\Allman Brothers/AtFillmoreEast.mp3"
2026-02-05T22:50:55.339938Z DEBUG tokio-runtime-worker ThreadId(23) wkmp_ai::services::hash_deduplicator: wkmp-ai\src\services\hash_deduplicator.rs:93: Calculated hash path=C:\Users\Mango Cat\Music\Allman Brothers/EatAPeach.mp3 hash_len=64
2026-02-05T22:50:55.340560Z DEBUG tokio-runtime-worker ThreadId(23) wkmp_ai::services::hash_deduplicator: wkmp-ai\src\services\hash_deduplicator.rs:155: Updated file hash file_id=f5eb96cf-f264-459d-881c-a84a08a40d73 hash=b82ca68684051aa49060774fe3a6bbbc83c2400bbb329666e3ceee898fdd9c2a
2026-02-05T22:50:55.340662Z DEBUG tokio-runtime-worker ThreadId(23) wkmp_ai::services::hash_deduplicator: wkmp-ai\src\services\hash_deduplicator.rs:111: Checking for duplicate hash hash=b82ca68684051aa49060774fe3a6bbbc83c2400bbb329666e3ceee898fdd9c2a file_id=f5eb96cf-f264-459d-881c-a84a08a40d73
2026-02-05T22:50:55.340900Z DEBUG tokio-runtime-worker ThreadId(23) wkmp_ai::services::hash_deduplicator: wkmp-ai\src\services\hash_deduplicator.rs:123: No duplicate hash found hash=b82ca68684051aa49060774fe3a6bbbc83c2400bbb329666e3ceee898fdd9c2a
2026-02-05T22:50:55.340980Z  INFO tokio-runtime-worker ThreadId(23) wkmp_ai::services::workflow_orchestrator: wkmp-ai\src\services\workflow_orchestrator\mod.rs:1851: Phase 2 completed - hash unique phase="Hash Deduplication" duration_ms=6505 file_index=59 hash="b82ca68684051aa49060774fe3a6bbbc83c2400bbb329666e3ceee898fdd9c2a"
2026-02-05T22:50:55.341075Z DEBUG tokio-runtime-worker ThreadId(23) wkmp_ai::services::workflow_orchestrator: wkmp-ai\src\services\workflow_orchestrator\mod.rs:1865: Phase 3: Metadata Extraction & Merging file="C:\\Users\\Mango Cat\\Music\\Allman Brothers/EatAPeach.mp3" file_id=f5eb96cf-f264-459d-881c-a84a08a40d73
2026-02-05T22:50:55.341134Z DEBUG tokio-runtime-worker ThreadId(23) wkmp_ai::services::metadata_merger: wkmp-ai\src\services\metadata_merger.rs:76: Extracting and merging metadata file_id=f5eb96cf-f264-459d-881c-a84a08a40d73 path=C:\Users\Mango Cat\Music\Allman Brothers/EatAPeach.mp3
2026-02-05T22:50:55.341383Z DEBUG tokio-runtime-worker ThreadId(23) wkmp_ai::services::metadata_extractor: wkmp-ai\src\services\metadata_extractor.rs:141: Extracted metadata file=C:\Users\Mango Cat\Music\Allman Brothers/EatAPeach.mp3 artist=Some("Allman Brothers") title=None duration_s=8713.77 format=MP3
2026-02-05T22:50:55.341889Z DEBUG tokio-runtime-worker ThreadId(23) wkmp_ai::services::metadata_merger: wkmp-ai\src\services\metadata_merger.rs:161: Merged metadata updated file_id=f5eb96cf-f264-459d-881c-a84a08a40d73 artist=Some("Allman Brothers") title=None duration_ticks=245937444480
2026-02-05T22:50:55.342001Z  INFO tokio-runtime-worker ThreadId(23) wkmp_ai::services::workflow_orchestrator: wkmp-ai\src\services\workflow_orchestrator\mod.rs:1877: Phase 3 completed phase="Metadata Extraction" duration_ms=0
 file_index=59 successful=true has_title=false has_artist=true has_album=true
2026-02-05T22:50:55.342297Z  INFO tokio-runtime-worker ThreadId(23) wkmp_ai::matching::single_track: wkmp-ai\src\matching\single_track.rs:292: [F59] Single-track analysis (pre-decode) for "EatAPeach.mp3":
2026-02-05T22:50:55.342364Z  INFO tokio-runtime-worker ThreadId(23) wkmp_ai::matching::single_track: wkmp-ai\src\matching\single_track.rs:305: [F59]     Filename pattern: +0.00 (no track number prefix)
2026-02-05T22:50:55.342409Z  INFO tokio-runtime-worker ThreadId(23) wkmp_ai::matching::single_track: wkmp-ai\src\matching\single_track.rs:312: [F59]     Directory files:  +0.30 (2 audio files in dir, threshold=4)
2026-02-05T22:50:55.342452Z  INFO tokio-runtime-worker ThreadId(23) wkmp_ai::matching::single_track: wkmp-ai\src\matching\single_track.rs:327: [F59]     ID3 track tag:    +0.00 (no track tag)
2026-02-05T22:50:55.342495Z  INFO tokio-runtime-worker ThreadId(23) wkmp_ai::matching::single_track: wkmp-ai\src\matching\single_track.rs:335: [F59]     Duration hint:    -0.30 (145.23 min, album threshold=20 min)
2026-02-05T22:50:55.342538Z  INFO tokio-runtime-worker ThreadId(23) wkmp_ai::matching::single_track: wkmp-ai\src\matching\single_track.rs:347: [F59]     PRE-DECODE TOTAL: 0.00 (Unlikely confidence)
2026-02-05T22:50:55.342581Z DEBUG tokio-runtime-worker ThreadId(23) wkmp_ai::services::workflow_orchestrator: wkmp-ai\src\services\workflow_orchestrator\mod.rs:1958: Not single-track (score < 2), continuing with album pipeline file="C:\\Users\\Mango Cat\\Music\\Allman Brothers/EatAPeach.mp3" file_index=59 score=0.0
2026-02-05T22:50:55.342652Z DEBUG tokio-runtime-worker ThreadId(23) wkmp_ai::services::workflow_orchestrator: wkmp-ai\src\services\workflow_orchestrator\mod.rs:1977: Phase 4: Decoding audio + Passage Segmentation file="C:\\Users\\Mango Cat\\Music\\Allman Brothers/EatAPeach.mp3" file_id=f5eb96cf-f264-459d-881c-a84a08a40d73
2026-02-05T22:50:55.342708Z DEBUG tokio-runtime-worker ThreadId(23) wkmp_ai::services::workflow_orchestrator: wkmp-ai\src\services\workflow_orchestrator\mod.rs:1980: Decoding audio (first and only decode) file="C:\\Users\\Mango Cat\\Music\\Allman Brothers/EatAPeach.mp3"
2026-02-05T22:50:55.408372Z DEBUG tokio-runtime-worker ThreadId(23) wkmp_ai::services::hash_deduplicator: wkmp-ai\src\services\hash_deduplicator.rs:93: Calculated hash path=C:\Users\Mango Cat\Music\America/History America’s Greatest Hits/08 - Tin Man.mp3 hash_len=64
2026-02-05T22:50:55.408861Z DEBUG tokio-runtime-worker ThreadId(23) wkmp_ai::services::hash_deduplicator: wkmp-ai\src\services\hash_deduplicator.rs:155: Updated file hash file_id=edf05a54-18cb-4788-a7fe-85bd45405beb hash=7716bd8d0e3eefd67dd28281f219cc49a0cc6bd530a9cec2d2501dfed1ed22ef
2026-02-05T22:50:55.408959Z DEBUG tokio-runtime-worker ThreadId(23) wkmp_ai::services::hash_deduplicator: wkmp-ai\src\services\hash_deduplicator.rs:111: Checking for duplicate hash hash=7716bd8d0e3eefd67dd28281f219cc49a0cc6bd530a9cec2d2501dfed1ed22ef file_id=edf05a54-18cb-4788-a7fe-85bd45405beb
2026-02-05T22:50:55.409274Z DEBUG tokio-runtime-worker ThreadId(23) wkmp_ai::services::hash_deduplicator: wkmp-ai\src\services\hash_deduplicator.rs:123: No duplicate hash found hash=7716bd8d0e3eefd67dd28281f219cc49a0cc6bd530a9cec2d2501dfed1ed22ef
2026-02-05T22:50:55.409369Z  INFO tokio-runtime-worker ThreadId(23) wkmp_ai::services::workflow_orchestrator: wkmp-ai\src\services\workflow_orchestrator\mod.rs:1851: Phase 2 completed - hash unique phase="Hash Deduplication" duration_ms=6554 file_index=68 hash="7716bd8d0e3eefd67dd28281f219cc49a0cc6bd530a9cec2d2501dfed1ed22ef"
2026-02-05T22:50:55.409460Z DEBUG tokio-runtime-worker ThreadId(23) wkmp_ai::services::workflow_orchestrator: wkmp-ai\src\services\workflow_orchestrator\mod.rs:1865: Phase 3: Metadata Extraction & Merging file="C:\\Users\\Mango Cat\\Music\\America/History\u{f03a} America’s Greatest Hits/08 - Tin Man.mp3" file_id=edf05a54-18cb-4788-a7fe-85bd45405beb
2026-02-05T22:50:55.409532Z DEBUG tokio-runtime-worker ThreadId(23) wkmp_ai::services::metadata_merger: wkmp-ai\src\services\metadata_merger.rs:76: Extracting and merging metadata file_id=edf05a54-18cb-4788-a7fe-85bd45405beb path=C:\Users\Mango Cat\Music\America/History America’s Greatest Hits/08 - Tin Man.mp3
2026-02-05T22:50:55.410214Z DEBUG tokio-runtime-worker ThreadId(23) wkmp_ai::services::metadata_extractor: wkmp-ai\src\services\metadata_extractor.rs:141: Extracted metadata file=C:\Users\Mango Cat\Music\America/History America’s Greatest Hits/08 - Tin Man.mp3 artist=Some("America") title=Some("Tin Man") duration_s=151.477 format=MP3
2026-02-05T22:50:55.410661Z DEBUG tokio-runtime-worker ThreadId(23) wkmp_ai::services::metadata_merger: wkmp-ai\src\services\metadata_merger.rs:161: Merged metadata updated file_id=edf05a54-18cb-4788-a7fe-85bd45405beb artist=Some("America") title=Some("Tin Man") duration_ticks=4275286848
2026-02-05T22:50:55.410752Z  INFO tokio-runtime-worker ThreadId(23) wkmp_ai::services::workflow_orchestrator: wkmp-ai\src\services\workflow_orchestrator\mod.rs:1877: Phase 3 completed phase="Metadata Extraction" duration_ms=1
 file_index=68 successful=true has_title=true has_artist=true has_album=true
2026-02-05T22:50:55.412022Z  INFO tokio-runtime-worker ThreadId(23) wkmp_ai::matching::single_track: wkmp-ai\src\matching\single_track.rs:292: [F68] Single-track analysis (pre-decode) for "08 - Tin Man.mp3":
2026-02-05T22:50:55.412134Z  INFO tokio-runtime-worker ThreadId(23) wkmp_ai::matching::single_track: wkmp-ai\src\matching\single_track.rs:300: [F68]     Filename pattern: +1.00 (matched "08 - ")
2026-02-05T22:50:55.412185Z  INFO tokio-runtime-worker ThreadId(23) wkmp_ai::matching::single_track: wkmp-ai\src\matching\single_track.rs:312: [F68]     Directory files:  +0.80 (12 audio files in dir, threshold=4)
2026-02-05T22:50:55.412230Z  INFO tokio-runtime-worker ThreadId(23) wkmp_ai::matching::single_track: wkmp-ai\src\matching\single_track.rs:322: [F68]     ID3 track tag:    +1.00 (track 8/12)
2026-02-05T22:50:55.412272Z  INFO tokio-runtime-worker ThreadId(23) wkmp_ai::matching::single_track: wkmp-ai\src\matching\single_track.rs:335: [F68]     Duration hint:    +0.70 (2.52 min, album threshold=20 min)
2026-02-05T22:50:55.412316Z  INFO tokio-runtime-worker ThreadId(23) wkmp_ai::matching::single_track: wkmp-ai\src\matching\single_track.rs:347: [F68]     PRE-DECODE TOTAL: 3.50 (High confidence - LIKELY SINGLE TRACK)
2026-02-05T22:50:55.412363Z  INFO tokio-runtime-worker ThreadId(23) wkmp_ai::services::workflow_orchestrator: wkmp-ai\src\services\workflow_orchestrator\mod.rs:1915: Single-track detected (score >= 2), switching to single-song resolution path file="C:\\Users\\Mango Cat\\Music\\America/History\u{f03a} America’s Greatest Hits/08 - Tin Man.mp3" file_index=68 score=3.5
2026-02-05T22:50:55.455170Z DEBUG tokio-runtime-worker ThreadId(23) wkmp_ai::services::hash_deduplicator: wkmp-ai\src\services\hash_deduplicator.rs:93: Calculated hash path=C:\Users\Mango Cat\Music\America/History America’s Greatest Hits/09 - Lonely People.mp3 hash_len=64
2026-02-05T22:50:55.455833Z DEBUG tokio-runtime-worker ThreadId(23) wkmp_ai::services::hash_deduplicator: wkmp-ai\src\services\hash_deduplicator.rs:155: Updated file hash file_id=25fd2df3-3cf6-443c-ba48-31f4c9ca076c hash=507212631eec952bea5f5f5a1f2c9aa1939cc5afbc2c25da58459d1487b3e088
2026-02-05T22:50:55.455953Z DEBUG tokio-runtime-worker ThreadId(23) wkmp_ai::services::hash_deduplicator: wkmp-ai\src\services\hash_deduplicator.rs:111: Checking for duplicate hash hash=507212631eec952bea5f5f5a1f2c9aa1939cc5afbc2c25da58459d1487b3e088 file_id=25fd2df3-3cf6-443c-ba48-31f4c9ca076c
2026-02-05T22:50:55.456199Z DEBUG tokio-runtime-worker ThreadId(23) wkmp_ai::services::hash_deduplicator: wkmp-ai\src\services\hash_deduplicator.rs:123: No duplicate hash found hash=507212631eec952bea5f5f5a1f2c9aa1939cc5afbc2c25da58459d1487b3e088
2026-02-05T22:50:55.456284Z  INFO tokio-runtime-worker ThreadId(23) wkmp_ai::services::workflow_orchestrator: wkmp-ai\src\services\workflow_orchestrator\mod.rs:1851: Phase 2 completed - hash unique phase="Hash Deduplication" duration_ms=6600 file_index=69 hash="507212631eec952bea5f5f5a1f2c9aa1939cc5afbc2c25da58459d1487b3e088"
2026-02-05T22:50:55.456373Z DEBUG tokio-runtime-worker ThreadId(23) wkmp_ai::services::workflow_orchestrator: wkmp-ai\src\services\workflow_orchestrator\mod.rs:1865: Phase 3: Metadata Extraction & Merging file="C:\\Users\\Mango Cat\\Music\\America/History\u{f03a} America’s Greatest Hits/09 - Lonely People.mp3" file_id=25fd2df3-3cf6-443c-ba48-31f4c9ca076c
2026-02-05T22:50:55.456441Z DEBUG tokio-runtime-worker ThreadId(23) wkmp_ai::services::metadata_merger: wkmp-ai\src\services\metadata_merger.rs:76: Extracting and merging metadata file_id=25fd2df3-3cf6-443c-ba48-31f4c9ca076c path=C:\Users\Mango Cat\Music\America/History America’s Greatest Hits/09 - Lonely People.mp3
2026-02-05T22:50:55.458210Z DEBUG tokio-runtime-worker ThreadId(23) wkmp_ai::services::metadata_extractor: wkmp-ai\src\services\metadata_extractor.rs:141: Extracted metadata file=C:\Users\Mango Cat\Music\America/History America’s Greatest Hits/09 - Lonely People.mp3 artist=Some("America") title=Some("Lonely People") duration_s=144.064 format=MP3
2026-02-05T22:50:55.458721Z DEBUG tokio-runtime-worker ThreadId(23) wkmp_ai::services::metadata_merger: wkmp-ai\src\services\metadata_merger.rs:161: Merged metadata updated file_id=25fd2df3-3cf6-443c-ba48-31f4c9ca076c artist=Some("America") title=Some("Lonely People") duration_ticks=4066062336
2026-02-05T22:50:55.458821Z  INFO tokio-runtime-worker ThreadId(23) wkmp_ai::services::workflow_orchestrator: wkmp-ai\src\services\workflow_orchestrator\mod.rs:1877: Phase 3 completed phase="Metadata Extraction" duration_ms=2
 file_index=69 successful=true has_title=true has_artist=true has_album=true
2026-02-05T22:50:55.459945Z  INFO tokio-runtime-worker ThreadId(23) wkmp_ai::matching::single_track: wkmp-ai\src\matching\single_track.rs:292: [F69] Single-track analysis (pre-decode) for "09 - Lonely People.mp3":
2026-02-05T22:50:55.460340Z  INFO tokio-runtime-worker ThreadId(23) wkmp_ai::matching::single_track: wkmp-ai\src\matching\single_track.rs:300: [F69]     Filename pattern: +1.00 (matched "09 - ")
2026-02-05T22:50:55.460411Z  INFO tokio-runtime-worker ThreadId(23) wkmp_ai::matching::single_track: wkmp-ai\src\matching\single_track.rs:312: [F69]     Directory files:  +0.80 (12 audio files in dir, threshold=4)
2026-02-05T22:50:55.460465Z  INFO tokio-runtime-worker ThreadId(23) wkmp_ai::matching::single_track: wkmp-ai\src\matching\single_track.rs:322: [F69]     ID3 track tag:    +1.00 (track 9/12)
2026-02-05T22:50:55.460514Z  INFO tokio-runtime-worker ThreadId(23) wkmp_ai::matching::single_track: wkmp-ai\src\matching\single_track.rs:335: [F69]     Duration hint:    +0.70 (2.40 min, album threshold=20 min)
2026-02-05T22:50:55.460563Z  INFO tokio-runtime-worker ThreadId(23) wkmp_ai::matching::single_track: wkmp-ai\src\matching\single_track.rs:347: [F69]     PRE-DECODE TOTAL: 3.50 (High confidence - LIKELY SINGLE TRACK)
2026-02-05T22:50:55.460612Z  INFO tokio-runtime-worker ThreadId(23) wkmp_ai::services::workflow_orchestrator: wkmp-ai\src\services\workflow_orchestrator\mod.rs:1915: Single-track detected (score >= 2), switching to single-song resolution path file="C:\\Users\\Mango Cat\\Music\\America/History\u{f03a} America’s Greatest Hits/09 - Lonely People.mp3" file_index=69 score=3.5
2026-02-05T22:50:55.486866Z DEBUG tokio-runtime-worker ThreadId(23) wkmp_ai::services::hash_deduplicator: wkmp-ai\src\services\hash_deduplicator.rs:93: Calculated hash path=C:\Users\Mango Cat\Music\Aretha Franklin/The Atlantic Singles Collection 1967–1970/211 - Spirit in the Dark.mp3 hash_len=64
2026-02-05T22:50:55.487560Z DEBUG tokio-runtime-worker ThreadId(23) wkmp_ai::services::hash_deduplicator: wkmp-ai\src\services\hash_deduplicator.rs:155: Updated file hash file_id=f91631f3-4a14-43ae-9b39-b07aaca1727f hash=19bcc943dba002ca6c1670b08b7340ee9209fb96af2bf4935fbd9eae93d6badc
2026-02-05T22:50:55.487718Z DEBUG tokio-runtime-worker ThreadId(23) wkmp_ai::services::hash_deduplicator: wkmp-ai\src\services\hash_deduplicator.rs:111: Checking for duplicate hash hash=19bcc943dba002ca6c1670b08b7340ee9209fb96af2bf4935fbd9eae93d6badc file_id=f91631f3-4a14-43ae-9b39-b07aaca1727f
2026-02-05T22:50:55.488229Z DEBUG tokio-runtime-worker ThreadId(23) wkmp_ai::services::hash_deduplicator: wkmp-ai\src\services\hash_deduplicator.rs:123: No duplicate hash found hash=19bcc943dba002ca6c1670b08b7340ee9209fb96af2bf4935fbd9eae93d6badc
2026-02-05T22:50:55.488408Z  INFO tokio-runtime-worker ThreadId(23) wkmp_ai::services::workflow_orchestrator: wkmp-ai\src\services\workflow_orchestrator\mod.rs:1851: Phase 2 completed - hash unique phase="Hash Deduplication" duration_ms=6260 file_index=139 hash="19bcc943dba002ca6c1670b08b7340ee9209fb96af2bf4935fbd9eae93d6badc"
2026-02-05T22:50:55.488533Z DEBUG tokio-runtime-worker ThreadId(23) wkmp_ai::services::workflow_orchestrator: wkmp-ai\src\services\workflow_orchestrator\mod.rs:1865: Phase 3: Metadata Extraction & Merging file="C:\\Users\\Mango Cat\\Music\\Aretha Franklin/The Atlantic Singles Collection 1967–1970/211 - Spirit in the Dark.mp3" file_id=f91631f3-4a14-43ae-9b39-b07aaca1727f
2026-02-05T22:50:55.488614Z DEBUG tokio-runtime-worker ThreadId(23) wkmp_ai::services::metadata_merger: wkmp-ai\src\services\metadata_merger.rs:76: Extracting and merging metadata file_id=f91631f3-4a14-43ae-9b39-b07aaca1727f path=C:\Users\Mango Cat\Music\Aretha Franklin/The Atlantic Singles Collection 1967–1970/211 - Spirit in the Dark.mp3
2026-02-05T22:50:55.489336Z DEBUG tokio-runtime-worker ThreadId(23) wkmp_ai::services::metadata_extractor: wkmp-ai\src\services\metadata_extractor.rs:141: Extracted metadata file=C:\Users\Mango Cat\Music\Aretha Franklin/The Atlantic Singles Collection 1967–1970/211 - Spirit in the Dark.mp3 artist=Some("Aretha Franklin with The Dixie Flyers") title=Some("Spirit in the Dark") duration_s=99.118 format=MP3
2026-02-05T22:50:55.489852Z DEBUG tokio-runtime-worker ThreadId(23) wkmp_ai::services::metadata_merger: wkmp-ai\src\services\metadata_merger.rs:161: Merged metadata updated file_id=f91631f3-4a14-43ae-9b39-b07aaca1727f artist=Some("Aretha Franklin with The Dixie Flyers") title=Some("Spirit in the Dark") duration_ticks=2797506432
2026-02-05T22:50:55.489956Z  INFO tokio-runtime-worker ThreadId(23) wkmp_ai::services::workflow_orchestrator: wkmp-ai\src\services\workflow_orchestrator\mod.rs:1877: Phase 3 completed phase="Metadata Extraction" duration_ms=1
 file_index=139 successful=true has_title=true has_artist=true has_album=true
2026-02-05T22:50:55.490856Z  INFO tokio-runtime-worker ThreadId(23) wkmp_ai::matching::single_track: wkmp-ai\src\matching\single_track.rs:292: [F139] Single-track analysis (pre-decode) for "211 - Spirit in the Dark.mp3":
2026-02-05T22:50:55.491170Z  INFO tokio-runtime-worker ThreadId(23) wkmp_ai::matching::single_track: wkmp-ai\src\matching\single_track.rs:305: [F139]     Filename pattern: +0.00 (no track number prefix)
2026-02-05T22:50:55.491252Z  INFO tokio-runtime-worker ThreadId(23) wkmp_ai::matching::single_track: wkmp-ai\src\matching\single_track.rs:312: [F139]     Directory files:  +0.80 (34 audio files in dir, threshold=4)
2026-02-05T22:50:55.491566Z  INFO tokio-runtime-worker ThreadId(23) wkmp_ai::matching::single_track: wkmp-ai\src\matching\single_track.rs:322: [F139]     ID3 track tag:    +1.00 (track 11/16)
2026-02-05T22:50:55.491671Z  INFO tokio-runtime-worker ThreadId(23) wkmp_ai::matching::single_track: wkmp-ai\src\matching\single_track.rs:335: [F139]     Duration hint:    +0.70 (1.65 min, album threshold=20 min)
2026-02-05T22:50:55.491761Z  INFO tokio-runtime-worker ThreadId(23) wkmp_ai::matching::single_track: wkmp-ai\src\matching\single_track.rs:347: [F139]     PRE-DECODE TOTAL: 2.50 (High confidence - LIKELY SINGLE TRACK)
2026-02-05T22:50:55.491835Z  INFO tokio-runtime-worker ThreadId(23) wkmp_ai::services::workflow_orchestrator: wkmp-ai\src\services\workflow_orchestrator\mod.rs:1915: Single-track detected (score >= 2), switching to single-song resolution path file="C:\\Users\\Mango Cat\\Music\\Aretha Franklin/The Atlantic Singles Collection 1967–1970/211 - Spirit in the Dark.mp3" file_index=139 score=2.5
2026-02-05T22:50:56.424698Z DEBUG tokio-runtime-worker ThreadId(23) wkmp_ai::services::hash_deduplicator: wkmp-ai\src\services\hash_deduplicator.rs:93: Calculated hash path=C:\Users\Mango Cat\Music\Ambrosia/TheEssentialsAmbrosia.mp3 hash_len=64
2026-02-05T22:50:56.425332Z DEBUG tokio-runtime-worker ThreadId(23) wkmp_ai::services::hash_deduplicator: wkmp-ai\src\services\hash_deduplicator.rs:155: Updated file hash file_id=8fc21985-273e-4111-b8d1-0d820c98fc69 hash=4af0f7cea121ffb1b0a983903195d02eff10df4377a70d4370a27f5e0f091509
2026-02-05T22:50:56.425439Z DEBUG tokio-runtime-worker ThreadId(23) wkmp_ai::services::hash_deduplicator: wkmp-ai\src\services\hash_deduplicator.rs:111: Checking for duplicate hash hash=4af0f7cea121ffb1b0a983903195d02eff10df4377a70d4370a27f5e0f091509 file_id=8fc21985-273e-4111-b8d1-0d820c98fc69
2026-02-05T22:50:56.425703Z DEBUG tokio-runtime-worker ThreadId(23) wkmp_ai::services::hash_deduplicator: wkmp-ai\src\services\hash_deduplicator.rs:123: No duplicate hash found hash=4af0f7cea121ffb1b0a983903195d02eff10df4377a70d4370a27f5e0f091509
2026-02-05T22:50:56.425791Z  INFO tokio-runtime-worker ThreadId(23) wkmp_ai::services::workflow_orchestrator: wkmp-ai\src\services\workflow_orchestrator\mod.rs:1851: Phase 2 completed - hash unique phase="Hash Deduplication" duration_ms=7588 file_index=60 hash="4af0f7cea121ffb1b0a983903195d02eff10df4377a70d4370a27f5e0f091509"
2026-02-05T22:50:56.425883Z DEBUG tokio-runtime-worker ThreadId(23) wkmp_ai::services::workflow_orchestrator: wkmp-ai\src\services\workflow_orchestrator\mod.rs:1865: Phase 3: Metadata Extraction & Merging file="C:\\Users\\Mango Cat\\Music\\Ambrosia/TheEssentialsAmbrosia.mp3" file_id=8fc21985-273e-4111-b8d1-0d820c98fc69
2026-02-05T22:50:56.425944Z DEBUG tokio-runtime-worker ThreadId(23) wkmp_ai::services::metadata_merger: wkmp-ai\src\services\metadata_merger.rs:76: Extracting and merging metadata file_id=8fc21985-273e-4111-b8d1-0d820c98fc69 path=C:\Users\Mango Cat\Music\Ambrosia/TheEssentialsAmbrosia.mp3
2026-02-05T22:50:56.426215Z DEBUG tokio-runtime-worker ThreadId(23) wkmp_ai::services::metadata_extractor: wkmp-ai\src\services\metadata_extractor.rs:141: Extracted metadata file=C:\Users\Mango Cat\Music\Ambrosia/TheEssentialsAmbrosia.mp3 artist=Some("Ambrosia") title=None duration_s=3557.45 format=MP3
2026-02-05T22:50:56.426683Z DEBUG tokio-runtime-worker ThreadId(23) wkmp_ai::services::metadata_merger: wkmp-ai\src\services\metadata_merger.rs:161: Merged metadata updated file_id=8fc21985-273e-4111-b8d1-0d820c98fc69 artist=Some("Ambrosia") title=None duration_ticks=100405468800
2026-02-05T22:50:56.426779Z  INFO tokio-runtime-worker ThreadId(23) wkmp_ai::services::workflow_orchestrator: wkmp-ai\src\services\workflow_orchestrator\mod.rs:1877: Phase 3 completed phase="Metadata Extraction" duration_ms=0
 file_index=60 successful=true has_title=false has_artist=true has_album=true
2026-02-05T22:50:56.427049Z  INFO tokio-runtime-worker ThreadId(23) wkmp_ai::matching::single_track: wkmp-ai\src\matching\single_track.rs:292: [F60] Single-track analysis (pre-decode) for "TheEssentialsAmbrosia.mp3":
2026-02-05T22:50:56.427114Z  INFO tokio-runtime-worker ThreadId(23) wkmp_ai::matching::single_track: wkmp-ai\src\matching\single_track.rs:305: [F60]     Filename pattern: +0.00 (no track number prefix)
2026-02-05T22:50:56.427160Z  INFO tokio-runtime-worker ThreadId(23) wkmp_ai::matching::single_track: wkmp-ai\src\matching\single_track.rs:312: [F60]     Directory files:  -0.50 (1 audio files in dir, threshold=4)
2026-02-05T22:50:56.427204Z  INFO tokio-runtime-worker ThreadId(23) wkmp_ai::matching::single_track: wkmp-ai\src\matching\single_track.rs:327: [F60]     ID3 track tag:    +0.00 (no track tag)
2026-02-05T22:50:56.427246Z  INFO tokio-runtime-worker ThreadId(23) wkmp_ai::matching::single_track: wkmp-ai\src\matching\single_track.rs:335: [F60]     Duration hint:    -0.30 (59.29 min, album threshold=20 min)
2026-02-05T22:50:56.427291Z  INFO tokio-runtime-worker ThreadId(23) wkmp_ai::matching::single_track: wkmp-ai\src\matching\single_track.rs:347: [F60]     PRE-DECODE TOTAL: -0.80 (Unlikely confidence)
2026-02-05T22:50:56.427334Z DEBUG tokio-runtime-worker ThreadId(23) wkmp_ai::services::workflow_orchestrator: wkmp-ai\src\services\workflow_orchestrator\mod.rs:1958: Not single-track (score < 2), continuing with album pipeline file="C:\\Users\\Mango Cat\\Music\\Ambrosia/TheEssentialsAmbrosia.mp3" file_index=60 score=-0.8
2026-02-05T22:50:56.427406Z DEBUG tokio-runtime-worker ThreadId(23) wkmp_ai::services::workflow_orchestrator: wkmp-ai\src\services\workflow_orchestrator\mod.rs:1977: Phase 4: Decoding audio + Passage Segmentation file="C:\\Users\\Mango Cat\\Music\\Ambrosia/TheEssentialsAmbrosia.mp3" file_id=8fc21985-273e-4111-b8d1-0d820c98fc69
2026-02-05T22:50:56.427462Z DEBUG tokio-runtime-worker ThreadId(23) wkmp_ai::services::workflow_orchestrator: wkmp-ai\src\services\workflow_orchestrator\mod.rs:1980: Decoding audio (first and only decode) file="C:\\Users\\Mango Cat\\Music\\Ambrosia/TheEssentialsAmbrosia.mp3"
2026-02-05T22:50:56.541586Z DEBUG tokio-runtime-worker ThreadId(72) wkmp_ai::utils::audio_decoder: wkmp-ai\src\utils\audio_decoder.rs:88: Decoding audio file path=C:\Users\Mango Cat\Music\Ace of Base/HappyNation.mp3
2026-02-05T22:50:56.541613Z DEBUG tokio-runtime-worker ThreadId(23) wkmp_ai::services::hash_deduplicator: wkmp-ai\src\services\hash_deduplicator.rs:93: Calculated hash path=C:\Users\Mango Cat\Music\Astley, Jon/Everyone_Loves_The_Pilot_(Except_The_Crew)/(Jon_Astley)Everyone_Loves_The_Pilot_(Except_The_Crew)-04-Suffering_Fools.mp3 hash_len=64
2026-02-05T22:50:56.542217Z DEBUG tokio-runtime-worker ThreadId(72) wkmp_ai::utils::audio_decoder: wkmp-ai\src\utils\audio_decoder.rs:128: Audio file info path=C:\Users\Mango Cat\Music\Ace of Base/HappyNation.mp3 sample_rate=44100 channels=2
2026-02-05T22:50:56.542540Z DEBUG tokio-runtime-worker ThreadId(23) wkmp_ai::services::hash_deduplicator: wkmp-ai\src\services\hash_deduplicator.rs:155: Updated file hash file_id=fd94448a-9221-4c12-b303-76de9da3d8d4 hash=052e6ef82dacc610cbddbaa43a795cf7988fc555b666a6450c2c90e619b6fc4a
2026-02-05T22:50:56.542882Z DEBUG tokio-runtime-worker ThreadId(23) wkmp_ai::services::hash_deduplicator: wkmp-ai\src\services\hash_deduplicator.rs:111: Checking for duplicate hash hash=052e6ef82dacc610cbddbaa43a795cf7988fc555b666a6450c2c90e619b6fc4a file_id=fd94448a-9221-4c12-b303-76de9da3d8d4
2026-02-05T22:50:56.543226Z DEBUG tokio-runtime-worker ThreadId(23) wkmp_ai::services::hash_deduplicator: wkmp-ai\src\services\hash_deduplicator.rs:123: No duplicate hash found hash=052e6ef82dacc610cbddbaa43a795cf7988fc555b666a6450c2c90e619b6fc4a
2026-02-05T22:50:56.543337Z  INFO tokio-runtime-worker ThreadId(23) wkmp_ai::services::workflow_orchestrator: wkmp-ai\src\services\workflow_orchestrator\mod.rs:1851: Phase 2 completed - hash unique phase="Hash Deduplication" duration_ms=7273 file_index=149 hash="052e6ef82dacc610cbddbaa43a795cf7988fc555b666a6450c2c90e619b6fc4a"
2026-02-05T22:50:56.543444Z DEBUG tokio-runtime-worker ThreadId(23) wkmp_ai::services::workflow_orchestrator: wkmp-ai\src\services\workflow_orchestrator\mod.rs:1865: Phase 3: Metadata Extraction & Merging file="C:\\Users\\Mango Cat\\Music\\Astley, Jon/Everyone_Loves_The_Pilot_(Except_The_Crew)/(Jon_Astley)Everyone_Loves_The_Pilot_(Except_The_Crew)-04-Suffering_Fools.mp3" file_id=fd94448a-9221-4c12-b303-76de9da3d8d4
2026-02-05T22:50:56.543534Z DEBUG tokio-runtime-worker ThreadId(23) wkmp_ai::services::metadata_merger: wkmp-ai\src\services\metadata_merger.rs:76: Extracting and merging metadata file_id=fd94448a-9221-4c12-b303-76de9da3d8d4 path=C:\Users\Mango Cat\Music\Astley, Jon/Everyone_Loves_The_Pilot_(Except_The_Crew)/(Jon_Astley)Everyone_Loves_The_Pilot_(Except_The_Crew)-04-Suffering_Fools.mp3
2026-02-05T22:50:56.544146Z DEBUG tokio-runtime-worker ThreadId(23) wkmp_ai::services::metadata_extractor: wkmp-ai\src\services\metadata_extractor.rs:141: Extracted metadata file=C:\Users\Mango Cat\Music\Astley, Jon/Everyone_Loves_The_Pilot_(Except_The_Crew)/(Jon_Astley)Everyone_Loves_The_Pilot_(Except_The_Crew)-04-Suffering_Fools.mp3 artist=Some("Jon Astley") title=Some("Suffering Fools") duration_s=347.256 format=MP3
2026-02-05T22:50:56.544652Z DEBUG tokio-runtime-worker ThreadId(23) wkmp_ai::services::metadata_merger: wkmp-ai\src\services\metadata_merger.rs:161: Merged metadata updated file_id=fd94448a-9221-4c12-b303-76de9da3d8d4 artist=Some("Jon Astley") title=Some("Suffering Fools") duration_ticks=9800953344
2026-02-05T22:50:56.544837Z  INFO tokio-runtime-worker ThreadId(23) wkmp_ai::services::workflow_orchestrator: wkmp-ai\src\services\workflow_orchestrator\mod.rs:1877: Phase 3 completed phase="Metadata Extraction" duration_ms=1
 file_index=149 successful=true has_title=true has_artist=true has_album=true
2026-02-05T22:50:56.545467Z  INFO tokio-runtime-worker ThreadId(23) wkmp_ai::matching::single_track: wkmp-ai\src\matching\single_track.rs:292: [F149] Single-track analysis (pre-decode) for "(Jon_Astley)Everyone_Loves_The_Pilot_(Except_The_Crew)-04-Suffering_Fools.mp3":
2026-02-05T22:50:56.545620Z  INFO tokio-runtime-worker ThreadId(23) wkmp_ai::matching::single_track: wkmp-ai\src\matching\single_track.rs:305: [F149]     Filename pattern: +0.00 (no track number prefix)
2026-02-05T22:50:56.545711Z  INFO tokio-runtime-worker ThreadId(23) wkmp_ai::matching::single_track: wkmp-ai\src\matching\single_track.rs:312: [F149]     Directory files:  +0.80 (10 audio files in dir, threshold=4)
2026-02-05T22:50:56.545786Z  INFO tokio-runtime-worker ThreadId(23) wkmp_ai::matching::single_track: wkmp-ai\src\matching\single_track.rs:322: [F149]     ID3 track tag:    +1.00 (track 4/10)
2026-02-05T22:50:56.545868Z  INFO tokio-runtime-worker ThreadId(23) wkmp_ai::matching::single_track: wkmp-ai\src\matching\single_track.rs:335: [F149]     Duration hint:    +0.70 (5.79 min, album threshold=20 min)
2026-02-05T22:50:56.545936Z  INFO tokio-runtime-worker ThreadId(23) wkmp_ai::matching::single_track: wkmp-ai\src\matching\single_track.rs:347: [F149]     PRE-DECODE TOTAL: 2.50 (High confidence - LIKELY SINGLE TRACK)
2026-02-05T22:50:56.545999Z  INFO tokio-runtime-worker ThreadId(23) wkmp_ai::services::workflow_orchestrator: wkmp-ai\src\services\workflow_orchestrator\mod.rs:1915: Single-track detected (score >= 2), switching to single-song resolution path file="C:\\Users\\Mango Cat\\Music\\Astley, Jon/Everyone_Loves_The_Pilot_(Except_The_Crew)/(Jon_Astley)Everyone_Loves_The_Pilot_(Except_The_Crew)-04-Suffering_Fools.mp3" file_index=149 score=2.5
2026-02-05T22:50:59.032439Z DEBUG tokio-runtime-worker ThreadId(93) wkmp_ai::utils::audio_decoder: wkmp-ai\src\utils\audio_decoder.rs:88: Decoding audio file path=C:\Users\Mango Cat\Music\Aerosmith/Pump.mp3
2026-02-05T22:50:59.032578Z DEBUG tokio-runtime-worker ThreadId(23) wkmp_ai::services::hash_deduplicator: wkmp-ai\src\services\hash_deduplicator.rs:93: Calculated hash path=C:\Users\Mango Cat\Music\Asia/GoldAsia.mp3 hash_len=64
2026-02-05T22:50:59.032927Z DEBUG tokio-runtime-worker ThreadId(93) wkmp_ai::utils::audio_decoder: wkmp-ai\src\utils\audio_decoder.rs:128: Audio file info path=C:\Users\Mango Cat\Music\Aerosmith/Pump.mp3 sample_rate=44100 channels=2
2026-02-05T22:50:59.033161Z DEBUG tokio-runtime-worker ThreadId(23) wkmp_ai::services::hash_deduplicator: wkmp-ai\src\services\hash_deduplicator.rs:155: Updated file hash file_id=5aa11894-c9f2-42ce-a45b-3ae52834af16 hash=a917ccb5c01fac8fbd047b7b9f1da8b33510caba2cd28a437d9a5aef7e33bf13
2026-02-05T22:50:59.033237Z DEBUG tokio-runtime-worker ThreadId(23) wkmp_ai::services::hash_deduplicator: wkmp-ai\src\services\hash_deduplicator.rs:111: Checking for duplicate hash hash=a917ccb5c01fac8fbd047b7b9f1da8b33510caba2cd28a437d9a5aef7e33bf13 file_id=5aa11894-c9f2-42ce-a45b-3ae52834af16
2026-02-05T22:50:59.033688Z DEBUG tokio-runtime-worker ThreadId(23) wkmp_ai::services::hash_deduplicator: wkmp-ai\src\services\hash_deduplicator.rs:123: No duplicate hash found hash=a917ccb5c01fac8fbd047b7b9f1da8b33510caba2cd28a437d9a5aef7e33bf13
2026-02-05T22:50:59.033787Z  INFO tokio-runtime-worker ThreadId(23) wkmp_ai::services::workflow_orchestrator: wkmp-ai\src\services\workflow_orchestrator\mod.rs:1851: Phase 2 completed - hash unique phase="Hash Deduplication" duration_ms=9785 file_index=145 hash="a917ccb5c01fac8fbd047b7b9f1da8b33510caba2cd28a437d9a5aef7e33bf13"
2026-02-05T22:50:59.033876Z DEBUG tokio-runtime-worker ThreadId(23) wkmp_ai::services::workflow_orchestrator: wkmp-ai\src\services\workflow_orchestrator\mod.rs:1865: Phase 3: Metadata Extraction & Merging file="C:\\Users\\Mango Cat\\Music\\Asia/GoldAsia.mp3" file_id=5aa11894-c9f2-42ce-a45b-3ae52834af16
2026-02-05T22:50:59.033938Z DEBUG tokio-runtime-worker ThreadId(23) wkmp_ai::services::metadata_merger: wkmp-ai\src\services\metadata_merger.rs:76: Extracting and merging metadata file_id=5aa11894-c9f2-42ce-a45b-3ae52834af16 path=C:\Users\Mango Cat\Music\Asia/GoldAsia.mp3
2026-02-05T22:50:59.034200Z DEBUG tokio-runtime-worker ThreadId(23) wkmp_ai::services::metadata_extractor: wkmp-ai\src\services\metadata_extractor.rs:141: Extracted metadata file=C:\Users\Mango Cat\Music\Asia/GoldAsia.mp3 artist=Some("Asia") title=None duration_s=9619.428 format=MP3
2026-02-05T22:50:59.034830Z DEBUG tokio-runtime-worker ThreadId(23) wkmp_ai::services::metadata_merger: wkmp-ai\src\services\metadata_merger.rs:161: Merged metadata updated file_id=5aa11894-c9f2-42ce-a45b-3ae52834af16 artist=Some("Asia") title=None duration_ticks=271498735872
2026-02-05T22:50:59.034929Z  INFO tokio-runtime-worker ThreadId(23) wkmp_ai::services::workflow_orchestrator: wkmp-ai\src\services\workflow_orchestrator\mod.rs:1877: Phase 3 completed phase="Metadata Extraction" duration_ms=1
 file_index=145 successful=true has_title=false has_artist=true has_album=true
2026-02-05T22:50:59.035217Z  INFO tokio-runtime-worker ThreadId(23) wkmp_ai::matching::single_track: wkmp-ai\src\matching\single_track.rs:292: [F145] Single-track analysis (pre-decode) for "GoldAsia.mp3":
2026-02-05T22:50:59.035284Z  INFO tokio-runtime-worker ThreadId(23) wkmp_ai::matching::single_track: wkmp-ai\src\matching\single_track.rs:305: [F145]     Filename pattern: +0.00 (no track number prefix)
2026-02-05T22:50:59.035337Z  INFO tokio-runtime-worker ThreadId(23) wkmp_ai::matching::single_track: wkmp-ai\src\matching\single_track.rs:312: [F145]     Directory files:  -0.50 (1 audio files in dir, threshold=4)
2026-02-05T22:50:59.035384Z  INFO tokio-runtime-worker ThreadId(23) wkmp_ai::matching::single_track: wkmp-ai\src\matching\single_track.rs:327: [F145]     ID3 track tag:    +0.00 (no track tag)
2026-02-05T22:50:59.035427Z  INFO tokio-runtime-worker ThreadId(23) wkmp_ai::matching::single_track: wkmp-ai\src\matching\single_track.rs:335: [F145]     Duration hint:    -0.30 (160.32 min, album threshold=20 min)
2026-02-05T22:50:59.035471Z  INFO tokio-runtime-worker ThreadId(23) wkmp_ai::matching::single_track: wkmp-ai\src\matching\single_track.rs:347: [F145]     PRE-DECODE TOTAL: -0.80 (Unlikely confidence)
2026-02-05T22:50:59.035515Z DEBUG tokio-runtime-worker ThreadId(23) wkmp_ai::services::workflow_orchestrator: wkmp-ai\src\services\workflow_orchestrator\mod.rs:1958: Not single-track (score < 2), continuing with album pipeline file="C:\\Users\\Mango Cat\\Music\\Asia/GoldAsia.mp3" file_index=145 score=-0.8
2026-02-05T22:50:59.035588Z DEBUG tokio-runtime-worker ThreadId(23) wkmp_ai::services::workflow_orchestrator: wkmp-ai\src\services\workflow_orchestrator\mod.rs:1977: Phase 4: Decoding audio + Passage Segmentation file="C:\\Users\\Mango Cat\\Music\\Asia/GoldAsia.mp3" file_id=5aa11894-c9f2-42ce-a45b-3ae52834af16
2026-02-05T22:50:59.035645Z DEBUG tokio-runtime-worker ThreadId(23) wkmp_ai::services::workflow_orchestrator: wkmp-ai\src\services\workflow_orchestrator\mod.rs:1980: Decoding audio (first and only decode) file="C:\\Users\\Mango Cat\\Music\\Asia/GoldAsia.mp3"
2026-02-05T22:51:01.231948Z DEBUG tokio-runtime-worker ThreadId(23) wkmp_ai: wkmp-ai\src\main.rs:240: Pool utilization snapshot pool_size=48 idle_connections=48 in_use_connections=0 utilization_pct=0
2026-02-05T22:51:04.272987Z DEBUG tokio-runtime-worker ThreadId(23) wkmp_ai::api::sse: wkmp-ai\src\api\sse.rs:53: SSE: Sending heartbeat
2026-02-05T22:51:11.231546Z DEBUG tokio-runtime-worker ThreadId(23) wkmp_ai: wkmp-ai\src\main.rs:240: Pool utilization snapshot pool_size=48 idle_connections=48 in_use_connections=0 utilization_pct=0
2026-02-05T22:51:19.286753Z DEBUG tokio-runtime-worker ThreadId(23) wkmp_ai::api::sse: wkmp-ai\src\api\sse.rs:53: SSE: Sending heartbeat
2026-02-05T22:51:21.234513Z DEBUG tokio-runtime-worker ThreadId(23) wkmp_ai: wkmp-ai\src\main.rs:240: Pool utilization snapshot pool_size=48 idle_connections=48 in_use_connections=0 utilization_pct=0
