[     0.007s] === Full Library Import Test Started ===
Total files: 5737
Album matching: true
Cache database: c:\Users\Mango Cat\Dev\McRhythm\wkmp-ai\test_recording_cache.db (existing)
[     0.007s] FILE_START [1/5737] 01-These_Are_Days.mp3
[     0.009s] EVENT FileStarted: "C:\\Users\\Mango Cat\\Music\\10,000_Maniacs\\MTV_Unplugged\\01-These_Are_Days.mp3"
[     0.010s] EVENT SingleTrackCheckCompleted { file_path: "C:\\Users\\Mango Cat\\Music\\10,000_Maniacs\\MTV_Unplugged\\01-These_Are_Days.mp3", score: 2.8, is_single_track: true }
[    17.061s] EVENT BoundaryDetected { passage_index: 0, start_time: 0, end_time: 8286289920, confidence: 0.8, timestamp: 1766372615 }
[    17.061s] EVENT PassageStarted: passage #0
[    17.061s] EVENT ExtractionProgress { passage_index: 0, extractor: "ID3", status: "running", timestamp: 1766372615 }
[    17.061s] EVENT ExtractionProgress { passage_index: 0, extractor: "ID3", status: "completed", timestamp: 1766372615 }
[    17.061s] EVENT ExtractionProgress { passage_index: 0, extractor: "Chromaprint", status: "running", timestamp: 1766372615 }
[    17.502s] EVENT ExtractionProgress { passage_index: 0, extractor: "Chromaprint", status: "completed", timestamp: 1766372615 }
[    17.502s] EVENT ExtractionProgress { passage_index: 0, extractor: "AudioDerived", status: "running", timestamp: 1766372615 }
[    18.146s] EVENT ExtractionProgress { passage_index: 0, extractor: "AudioDerived", status: "completed", timestamp: 1766372616 }
[    18.146s] EVENT ExtractionProgress { passage_index: 0, extractor: "ID3GenreMapper", status: "running", timestamp: 1766372616 }
[    18.146s] EVENT ExtractionProgress { passage_index: 0, extractor: "ID3GenreMapper", status: "completed", timestamp: 1766372616 }
[    18.146s] EVENT FusionStarted { passage_index: 0, timestamp: 1766372616 }
[    18.146s] EVENT ExtractionProgress { passage_index: 0, extractor: "MusicBrainz-Pass2", status: "running", timestamp: 1766372616 }
[    18.151s] FILE_COMPLETE [1/5737] 01-These_Are_Days.mp3 - 1 passages in 18.14s (total_elapsed: 18.1s)
[    18.151s] FILE_START [2/5737] 02-Eat_For_Two.mp3
[    18.152s] EVENT ExtractionProgress { passage_index: 0, extractor: "MusicBrainz-Pass2", status: "completed", timestamp: 1766372616 }
[    18.152s] EVENT FusionStarted { passage_index: 0, timestamp: 1766372616 }
[    18.152s] EVENT ValidationStarted { passage_index: 0, timestamp: 1766372616 }
[    18.152s] EVENT PassageCompleted: passage #0
[    18.152s] EVENT FileCompleted: "C:\\Users\\Mango Cat\\Music\\10,000_Maniacs\\MTV_Unplugged\\01-These_Are_Days.mp3"
[    18.152s] EVENT FileStarted: "C:\\Users\\Mango Cat\\Music\\10,000_Maniacs\\MTV_Unplugged\\02-Eat_For_Two.mp3"
[    18.152s] EVENT SingleTrackCheckCompleted { file_path: "C:\\Users\\Mango Cat\\Music\\10,000_Maniacs\\MTV_Unplugged\\02-Eat_For_Two.mp3", score: 2.8, is_single_track: true }
[    28.463s] EVENT BoundaryDetected { passage_index: 0, start_time: 0, end_time: 7410401280, confidence: 0.5, timestamp: 1766372626 }
[    28.463s] EVENT PassageStarted: passage #0
[    28.463s] EVENT ExtractionProgress { passage_index: 0, extractor: "ID3", status: "running", timestamp: 1766372626 }
[    28.463s] EVENT ExtractionProgress { passage_index: 0, extractor: "ID3", status: "completed", timestamp: 1766372626 }
[    28.463s] EVENT ExtractionProgress { passage_index: 0, extractor: "Chromaprint", status: "running", timestamp: 1766372626 }
[    28.812s] EVENT ExtractionProgress { passage_index: 0, extractor: "Chromaprint", status: "completed", timestamp: 1766372627 }
[    28.812s] EVENT ExtractionProgress { passage_index: 0, extractor: "AudioDerived", status: "running", timestamp: 1766372627 }
[    29.372s] EVENT ExtractionProgress { passage_index: 0, extractor: "AudioDerived", status: "completed", timestamp: 1766372627 }
[    29.372s] EVENT ExtractionProgress { passage_index: 0, extractor: "ID3GenreMapper", status: "running", timestamp: 1766372627 }
[    29.372s] EVENT ExtractionProgress { passage_index: 0, extractor: "ID3GenreMapper", status: "completed", timestamp: 1766372627 }
[    29.372s] EVENT FusionStarted { passage_index: 0, timestamp: 1766372627 }
[    29.372s] EVENT ExtractionProgress { passage_index: 0, extractor: "MusicBrainz-Pass2", status: "running", timestamp: 1766372627 }
[    29.376s] FILE_COMPLETE [2/5737] 02-Eat_For_Two.mp3 - 1 passages in 11.22s (total_elapsed: 29.4s)
[    29.376s] FILE_START [3/5737] 03-Candy_Everybody_Wants.mp3
[    29.377s] EVENT ExtractionProgress { passage_index: 0, extractor: "MusicBrainz-Pass2", status: "completed", timestamp: 1766372627 }
[    29.377s] EVENT FusionStarted { passage_index: 0, timestamp: 1766372627 }
[    29.377s] EVENT ValidationStarted { passage_index: 0, timestamp: 1766372627 }
[    29.377s] EVENT PassageCompleted: passage #0
[    29.377s] EVENT FileCompleted: "C:\\Users\\Mango Cat\\Music\\10,000_Maniacs\\MTV_Unplugged\\02-Eat_For_Two.mp3"
[    29.377s] EVENT FileStarted: "C:\\Users\\Mango Cat\\Music\\10,000_Maniacs\\MTV_Unplugged\\03-Candy_Everybody_Wants.mp3"
[    29.377s] EVENT SingleTrackCheckCompleted { file_path: "C:\\Users\\Mango Cat\\Music\\10,000_Maniacs\\MTV_Unplugged\\03-Candy_Everybody_Wants.mp3", score: 2.8, is_single_track: true }
[    37.037s] EVENT BoundaryDetected { passage_index: 0, start_time: 0, end_time: 5635031040, confidence: 0.5, timestamp: 1766372635 }
[    37.037s] EVENT PassageStarted: passage #0
[    37.037s] EVENT ExtractionProgress { passage_index: 0, extractor: "ID3", status: "running", timestamp: 1766372635 }
[    37.037s] EVENT ExtractionProgress { passage_index: 0, extractor: "ID3", status: "completed", timestamp: 1766372635 }
[    37.037s] EVENT ExtractionProgress { passage_index: 0, extractor: "Chromaprint", status: "running", timestamp: 1766372635 }
[    37.279s] EVENT ExtractionProgress { passage_index: 0, extractor: "Chromaprint", status: "completed", timestamp: 1766372635 }
[    37.279s] EVENT ExtractionProgress { passage_index: 0, extractor: "AudioDerived", status: "running", timestamp: 1766372635 }
[    37.677s] EVENT ExtractionProgress { passage_index: 0, extractor: "AudioDerived", status: "completed", timestamp: 1766372636 }
[    37.677s] EVENT ExtractionProgress { passage_index: 0, extractor: "ID3GenreMapper", status: "running", timestamp: 1766372636 }
[    37.677s] EVENT ExtractionProgress { passage_index: 0, extractor: "ID3GenreMapper", status: "completed", timestamp: 1766372636 }
[    37.677s] EVENT FusionStarted { passage_index: 0, timestamp: 1766372636 }
[    37.677s] EVENT ExtractionProgress { passage_index: 0, extractor: "MusicBrainz-Pass2", status: "running", timestamp: 1766372636 }
[    37.680s] FILE_COMPLETE [3/5737] 03-Candy_Everybody_Wants.mp3 - 1 passages in 8.30s (total_elapsed: 37.7s)
[    37.680s] FILE_START [4/5737] 04-I'm_Not_The_Man.mp3
[    37.681s] EVENT ExtractionProgress { passage_index: 0, extractor: "MusicBrainz-Pass2", status: "completed", timestamp: 1766372636 }
[    37.681s] EVENT FusionStarted { passage_index: 0, timestamp: 1766372636 }
[    37.681s] EVENT ValidationStarted { passage_index: 0, timestamp: 1766372636 }
[    37.681s] EVENT PassageCompleted: passage #0
[    37.681s] EVENT FileCompleted: "C:\\Users\\Mango Cat\\Music\\10,000_Maniacs\\MTV_Unplugged\\03-Candy_Everybody_Wants.mp3"
[    37.681s] EVENT FileStarted: "C:\\Users\\Mango Cat\\Music\\10,000_Maniacs\\MTV_Unplugged\\04-I'm_Not_The_Man.mp3"
[    37.681s] EVENT SingleTrackCheckCompleted { file_path: "C:\\Users\\Mango Cat\\Music\\10,000_Maniacs\\MTV_Unplugged\\04-I'm_Not_The_Man.mp3", score: 2.8, is_single_track: true }
[    46.163s] EVENT BoundaryDetected { passage_index: 0, start_time: 0, end_time: 6390005760, confidence: 0.8, timestamp: 1766372644 }
[    46.163s] EVENT PassageStarted: passage #0
[    46.163s] EVENT ExtractionProgress { passage_index: 0, extractor: "ID3", status: "running", timestamp: 1766372644 }
[    46.163s] EVENT ExtractionProgress { passage_index: 0, extractor: "ID3", status: "completed", timestamp: 1766372644 }
[    46.163s] EVENT ExtractionProgress { passage_index: 0, extractor: "Chromaprint", status: "running", timestamp: 1766372644 }
[    46.430s] EVENT ExtractionProgress { passage_index: 0, extractor: "Chromaprint", status: "completed", timestamp: 1766372644 }
[    46.431s] EVENT ExtractionProgress { passage_index: 0, extractor: "AudioDerived", status: "running", timestamp: 1766372644 }
[    46.878s] EVENT ExtractionProgress { passage_index: 0, extractor: "AudioDerived", status: "completed", timestamp: 1766372645 }
[    46.878s] EVENT ExtractionProgress { passage_index: 0, extractor: "ID3GenreMapper", status: "running", timestamp: 1766372645 }
[    46.878s] EVENT ExtractionProgress { passage_index: 0, extractor: "ID3GenreMapper", status: "completed", timestamp: 1766372645 }
[    46.878s] EVENT FusionStarted { passage_index: 0, timestamp: 1766372645 }
[    46.878s] EVENT ExtractionProgress { passage_index: 0, extractor: "MusicBrainz-Pass2", status: "running", timestamp: 1766372645 }
[    46.881s] FILE_COMPLETE [4/5737] 04-I'm_Not_The_Man.mp3 - 1 passages in 9.20s (total_elapsed: 46.9s)
[    46.881s] FILE_START [5/5737] 05-Don't_Talk.mp3
[    46.882s] EVENT ExtractionProgress { passage_index: 0, extractor: "MusicBrainz-Pass2", status: "completed", timestamp: 1766372645 }
[    46.882s] EVENT FusionStarted { passage_index: 0, timestamp: 1766372645 }
[    46.882s] EVENT ValidationStarted { passage_index: 0, timestamp: 1766372645 }
[    46.882s] EVENT PassageCompleted: passage #0
[    46.882s] EVENT FileCompleted: "C:\\Users\\Mango Cat\\Music\\10,000_Maniacs\\MTV_Unplugged\\04-I'm_Not_The_Man.mp3"
[    46.882s] EVENT FileStarted: "C:\\Users\\Mango Cat\\Music\\10,000_Maniacs\\MTV_Unplugged\\05-Don't_Talk.mp3"
[    46.882s] EVENT SingleTrackCheckCompleted { file_path: "C:\\Users\\Mango Cat\\Music\\10,000_Maniacs\\MTV_Unplugged\\05-Don't_Talk.mp3", score: 2.8, is_single_track: true }
[    57.939s] EVENT BoundaryDetected { passage_index: 0, start_time: 0, end_time: 9086976000, confidence: 0.5, timestamp: 1766372656 }
[    57.939s] EVENT PassageStarted: passage #0
[    57.939s] EVENT ExtractionProgress { passage_index: 0, extractor: "ID3", status: "running", timestamp: 1766372656 }
[    57.939s] EVENT ExtractionProgress { passage_index: 0, extractor: "ID3", status: "completed", timestamp: 1766372656 }
[    57.939s] EVENT ExtractionProgress { passage_index: 0, extractor: "Chromaprint", status: "running", timestamp: 1766372656 }
[    58.322s] EVENT ExtractionProgress { passage_index: 0, extractor: "Chromaprint", status: "completed", timestamp: 1766372656 }
[    58.322s] EVENT ExtractionProgress { passage_index: 0, extractor: "AudioDerived", status: "running", timestamp: 1766372656 }
[    58.914s] EVENT ExtractionProgress { passage_index: 0, extractor: "AudioDerived", status: "completed", timestamp: 1766372657 }
[    58.914s] EVENT ExtractionProgress { passage_index: 0, extractor: "ID3GenreMapper", status: "running", timestamp: 1766372657 }
[    58.914s] EVENT ExtractionProgress { passage_index: 0, extractor: "ID3GenreMapper", status: "completed", timestamp: 1766372657 }
[    58.914s] EVENT FusionStarted { passage_index: 0, timestamp: 1766372657 }
[    58.914s] EVENT ExtractionProgress { passage_index: 0, extractor: "MusicBrainz-Pass2", status: "running", timestamp: 1766372657 }
[    58.918s] FILE_COMPLETE [5/5737] 05-Don't_Talk.mp3 - 1 passages in 12.04s (total_elapsed: 58.9s)
[    58.918s] FILE_START [6/5737] 06-Hey_Jack_Kerouac.mp3
[    58.921s] EVENT ExtractionProgress { passage_index: 0, extractor: "MusicBrainz-Pass2", status: "completed", timestamp: 1766372657 }
[    58.921s] EVENT FusionStarted { passage_index: 0, timestamp: 1766372657 }
[    58.921s] EVENT ValidationStarted { passage_index: 0, timestamp: 1766372657 }
[    58.921s] EVENT PassageCompleted: passage #0
[    58.921s] EVENT FileCompleted: "C:\\Users\\Mango Cat\\Music\\10,000_Maniacs\\MTV_Unplugged\\05-Don't_Talk.mp3"
[    58.921s] EVENT FileStarted: "C:\\Users\\Mango Cat\\Music\\10,000_Maniacs\\MTV_Unplugged\\06-Hey_Jack_Kerouac.mp3"
[    58.921s] EVENT SingleTrackCheckCompleted { file_path: "C:\\Users\\Mango Cat\\Music\\10,000_Maniacs\\MTV_Unplugged\\06-Hey_Jack_Kerouac.mp3", score: 2.8, is_single_track: true }
[    66.408s] EVENT BoundaryDetected { passage_index: 0, start_time: 0, end_time: 6457835520, confidence: 0.5, timestamp: 1766372664 }
[    66.408s] EVENT PassageStarted: passage #0
[    66.408s] EVENT ExtractionProgress { passage_index: 0, extractor: "ID3", status: "running", timestamp: 1766372664 }
[    66.408s] EVENT ExtractionProgress { passage_index: 0, extractor: "ID3", status: "completed", timestamp: 1766372664 }
[    66.408s] EVENT ExtractionProgress { passage_index: 0, extractor: "Chromaprint", status: "running", timestamp: 1766372664 }
[    66.681s] EVENT ExtractionProgress { passage_index: 0, extractor: "Chromaprint", status: "completed", timestamp: 1766372665 }
[    66.681s] EVENT ExtractionProgress { passage_index: 0, extractor: "AudioDerived", status: "running", timestamp: 1766372665 }
[    67.118s] EVENT ExtractionProgress { passage_index: 0, extractor: "AudioDerived", status: "completed", timestamp: 1766372665 }
[    67.118s] EVENT ExtractionProgress { passage_index: 0, extractor: "ID3GenreMapper", status: "running", timestamp: 1766372665 }
[    67.118s] EVENT ExtractionProgress { passage_index: 0, extractor: "ID3GenreMapper", status: "completed", timestamp: 1766372665 }
[    67.118s] EVENT FusionStarted { passage_index: 0, timestamp: 1766372665 }
[    67.118s] EVENT ExtractionProgress { passage_index: 0, extractor: "MusicBrainz-Pass2", status: "running", timestamp: 1766372665 }
[    67.121s] FILE_COMPLETE [6/5737] 06-Hey_Jack_Kerouac.mp3 - 1 passages in 8.20s (total_elapsed: 67.1s)
[    67.121s] FILE_START [7/5737] 07-What's_The_Matter_Here-.mp3
[    67.122s] EVENT ExtractionProgress { passage_index: 0, extractor: "MusicBrainz-Pass2", status: "completed", timestamp: 1766372665 }
[    67.122s] EVENT FusionStarted { passage_index: 0, timestamp: 1766372665 }
[    67.122s] EVENT ValidationStarted { passage_index: 0, timestamp: 1766372665 }
[    67.122s] EVENT PassageCompleted: passage #0
[    67.122s] EVENT FileCompleted: "C:\\Users\\Mango Cat\\Music\\10,000_Maniacs\\MTV_Unplugged\\06-Hey_Jack_Kerouac.mp3"
[    67.122s] EVENT FileStarted: "C:\\Users\\Mango Cat\\Music\\10,000_Maniacs\\MTV_Unplugged\\07-What's_The_Matter_Here-.mp3"
[    67.122s] EVENT SingleTrackCheckCompleted { file_path: "C:\\Users\\Mango Cat\\Music\\10,000_Maniacs\\MTV_Unplugged\\07-What's_The_Matter_Here-.mp3", score: 2.8, is_single_track: true }
[    76.540s] EVENT BoundaryDetected { passage_index: 0, start_time: 0, end_time: 8204451840, confidence: 0.8, timestamp: 1766372674 }
[    76.540s] EVENT PassageStarted: passage #0
[    76.540s] EVENT ExtractionProgress { passage_index: 0, extractor: "ID3", status: "running", timestamp: 1766372674 }
[    76.540s] EVENT ExtractionProgress { passage_index: 0, extractor: "ID3", status: "completed", timestamp: 1766372674 }
[    76.540s] EVENT ExtractionProgress { passage_index: 0, extractor: "Chromaprint", status: "running", timestamp: 1766372674 }
[    76.885s] EVENT ExtractionProgress { passage_index: 0, extractor: "Chromaprint", status: "completed", timestamp: 1766372675 }
[    76.885s] EVENT ExtractionProgress { passage_index: 0, extractor: "AudioDerived", status: "running", timestamp: 1766372675 }
[    77.437s] EVENT ExtractionProgress { passage_index: 0, extractor: "AudioDerived", status: "completed", timestamp: 1766372675 }
[    77.437s] EVENT ExtractionProgress { passage_index: 0, extractor: "ID3GenreMapper", status: "running", timestamp: 1766372675 }
[    77.437s] EVENT ExtractionProgress { passage_index: 0, extractor: "ID3GenreMapper", status: "completed", timestamp: 1766372675 }
[    77.437s] EVENT FusionStarted { passage_index: 0, timestamp: 1766372675 }
[    77.437s] EVENT ExtractionProgress { passage_index: 0, extractor: "MusicBrainz-Pass2", status: "running", timestamp: 1766372675 }
[    77.441s] FILE_COMPLETE [7/5737] 07-What's_The_Matter_Here-.mp3 - 1 passages in 10.32s (total_elapsed: 77.4s)
[    77.441s] FILE_START [8/5737] 08-Gold_Rush_Brides.mp3
[    77.442s] EVENT ExtractionProgress { passage_index: 0, extractor: "MusicBrainz-Pass2", status: "completed", timestamp: 1766372675 }
[    77.442s] EVENT FusionStarted { passage_index: 0, timestamp: 1766372675 }
[    77.442s] EVENT ValidationStarted { passage_index: 0, timestamp: 1766372675 }
[    77.442s] EVENT PassageCompleted: passage #0
[    77.442s] EVENT FileCompleted: "C:\\Users\\Mango Cat\\Music\\10,000_Maniacs\\MTV_Unplugged\\07-What's_The_Matter_Here-.mp3"
[    77.442s] EVENT FileStarted: "C:\\Users\\Mango Cat\\Music\\10,000_Maniacs\\MTV_Unplugged\\08-Gold_Rush_Brides.mp3"
[    77.442s] EVENT SingleTrackCheckCompleted { file_path: "C:\\Users\\Mango Cat\\Music\\10,000_Maniacs\\MTV_Unplugged\\08-Gold_Rush_Brides.mp3", score: 2.8, is_single_track: true }
[    85.449s] EVENT BoundaryDetected { passage_index: 0, start_time: 0, end_time: 7106641920, confidence: 0.5, timestamp: 1766372683 }
[    85.449s] EVENT PassageStarted: passage #0
[    85.449s] EVENT ExtractionProgress { passage_index: 0, extractor: "ID3", status: "running", timestamp: 1766372683 }
[    85.449s] EVENT ExtractionProgress { passage_index: 0, extractor: "ID3", status: "completed", timestamp: 1766372683 }
[    85.449s] EVENT ExtractionProgress { passage_index: 0, extractor: "Chromaprint", status: "running", timestamp: 1766372683 }
[    85.743s] EVENT ExtractionProgress { passage_index: 0, extractor: "Chromaprint", status: "completed", timestamp: 1766372684 }
[    85.743s] EVENT ExtractionProgress { passage_index: 0, extractor: "AudioDerived", status: "running", timestamp: 1766372684 }
[    86.214s] EVENT ExtractionProgress { passage_index: 0, extractor: "AudioDerived", status: "completed", timestamp: 1766372684 }
[    86.214s] EVENT ExtractionProgress { passage_index: 0, extractor: "ID3GenreMapper", status: "running", timestamp: 1766372684 }
[    86.214s] EVENT ExtractionProgress { passage_index: 0, extractor: "ID3GenreMapper", status: "completed", timestamp: 1766372684 }
[    86.214s] EVENT FusionStarted { passage_index: 0, timestamp: 1766372684 }
[    86.214s] EVENT ExtractionProgress { passage_index: 0, extractor: "MusicBrainz-Pass2", status: "running", timestamp: 1766372684 }
[    86.217s] FILE_COMPLETE [8/5737] 08-Gold_Rush_Brides.mp3 - 1 passages in 8.78s (total_elapsed: 86.2s)
[    86.217s] FILE_START [9/5737] 09-Like_The_Weather.mp3
[    86.218s] EVENT ExtractionProgress { passage_index: 0, extractor: "MusicBrainz-Pass2", status: "completed", timestamp: 1766372684 }
[    86.218s] EVENT FusionStarted { passage_index: 0, timestamp: 1766372684 }
[    86.218s] EVENT ValidationStarted { passage_index: 0, timestamp: 1766372684 }
[    86.218s] EVENT PassageCompleted: passage #0
[    86.218s] EVENT FileCompleted: "C:\\Users\\Mango Cat\\Music\\10,000_Maniacs\\MTV_Unplugged\\08-Gold_Rush_Brides.mp3"
[    86.218s] EVENT FileStarted: "C:\\Users\\Mango Cat\\Music\\10,000_Maniacs\\MTV_Unplugged\\09-Like_The_Weather.mp3"
[    86.218s] EVENT SingleTrackCheckCompleted { file_path: "C:\\Users\\Mango Cat\\Music\\10,000_Maniacs\\MTV_Unplugged\\09-Like_The_Weather.mp3", score: 2.8, is_single_track: true }
[    94.442s] EVENT BoundaryDetected { passage_index: 0, start_time: 0, end_time: 7196590080, confidence: 0.5, timestamp: 1766372692 }
[    94.442s] EVENT PassageStarted: passage #0
[    94.442s] EVENT ExtractionProgress { passage_index: 0, extractor: "ID3", status: "running", timestamp: 1766372692 }
[    94.442s] EVENT ExtractionProgress { passage_index: 0, extractor: "ID3", status: "completed", timestamp: 1766372692 }
[    94.442s] EVENT ExtractionProgress { passage_index: 0, extractor: "Chromaprint", status: "running", timestamp: 1766372692 }
[    94.741s] EVENT ExtractionProgress { passage_index: 0, extractor: "Chromaprint", status: "completed", timestamp: 1766372693 }
[    94.741s] EVENT ExtractionProgress { passage_index: 0, extractor: "AudioDerived", status: "running", timestamp: 1766372693 }
[    95.216s] EVENT ExtractionProgress { passage_index: 0, extractor: "AudioDerived", status: "completed", timestamp: 1766372693 }
[    95.216s] EVENT ExtractionProgress { passage_index: 0, extractor: "ID3GenreMapper", status: "running", timestamp: 1766372693 }
[    95.216s] EVENT ExtractionProgress { passage_index: 0, extractor: "ID3GenreMapper", status: "completed", timestamp: 1766372693 }
[    95.216s] EVENT FusionStarted { passage_index: 0, timestamp: 1766372693 }
[    95.216s] EVENT ExtractionProgress { passage_index: 0, extractor: "MusicBrainz-Pass2", status: "running", timestamp: 1766372693 }
[    95.219s] FILE_COMPLETE [9/5737] 09-Like_The_Weather.mp3 - 1 passages in 9.00s (total_elapsed: 95.2s)
[    95.219s] FILE_START [10/5737] 10-Trouble_Me.mp3
[    95.220s] EVENT ExtractionProgress { passage_index: 0, extractor: "MusicBrainz-Pass2", status: "completed", timestamp: 1766372693 }
[    95.220s] EVENT FusionStarted { passage_index: 0, timestamp: 1766372693 }
[    95.220s] EVENT ValidationStarted { passage_index: 0, timestamp: 1766372693 }
[    95.220s] EVENT PassageCompleted: passage #0
[    95.220s] EVENT FileCompleted: "C:\\Users\\Mango Cat\\Music\\10,000_Maniacs\\MTV_Unplugged\\09-Like_The_Weather.mp3"
[    95.220s] EVENT FileStarted: "C:\\Users\\Mango Cat\\Music\\10,000_Maniacs\\MTV_Unplugged\\10-Trouble_Me.mp3"
[    95.220s] EVENT SingleTrackCheckCompleted { file_path: "C:\\Users\\Mango Cat\\Music\\10,000_Maniacs\\MTV_Unplugged\\10-Trouble_Me.mp3", score: 2.8, is_single_track: true }
[   102.488s] EVENT BoundaryDetected { passage_index: 0, start_time: 0, end_time: 6231490560, confidence: 0.5, timestamp: 1766372700 }
[   102.488s] EVENT PassageStarted: passage #0
[   102.488s] EVENT ExtractionProgress { passage_index: 0, extractor: "ID3", status: "running", timestamp: 1766372700 }
[   102.488s] EVENT ExtractionProgress { passage_index: 0, extractor: "ID3", status: "completed", timestamp: 1766372700 }
[   102.488s] EVENT ExtractionProgress { passage_index: 0, extractor: "Chromaprint", status: "running", timestamp: 1766372700 }
[   102.741s] EVENT ExtractionProgress { passage_index: 0, extractor: "Chromaprint", status: "completed", timestamp: 1766372701 }
[   102.741s] EVENT ExtractionProgress { passage_index: 0, extractor: "AudioDerived", status: "running", timestamp: 1766372701 }
[   103.170s] EVENT ExtractionProgress { passage_index: 0, extractor: "AudioDerived", status: "completed", timestamp: 1766372701 }
[   103.170s] EVENT ExtractionProgress { passage_index: 0, extractor: "ID3GenreMapper", status: "running", timestamp: 1766372701 }
[   103.170s] EVENT ExtractionProgress { passage_index: 0, extractor: "ID3GenreMapper", status: "completed", timestamp: 1766372701 }
[   103.170s] EVENT FusionStarted { passage_index: 0, timestamp: 1766372701 }
[   103.170s] EVENT ExtractionProgress { passage_index: 0, extractor: "MusicBrainz-Pass2", status: "running", timestamp: 1766372701 }
[   103.173s] FILE_COMPLETE [10/5737] 10-Trouble_Me.mp3 - 1 passages in 7.95s (total_elapsed: 103.2s)
[   103.173s] PROGRESS 10/5737 (0.2%) - 0.10 files/sec - ETA: 984.7min
[   103.173s] FILE_START [11/5737] 11-Jezebel.mp3
[   103.174s] EVENT ExtractionProgress { passage_index: 0, extractor: "MusicBrainz-Pass2", status: "completed", timestamp: 1766372701 }
[   103.174s] EVENT FusionStarted { passage_index: 0, timestamp: 1766372701 }
[   103.174s] EVENT ValidationStarted { passage_index: 0, timestamp: 1766372701 }
[   103.174s] EVENT PassageCompleted: passage #0
[   103.174s] EVENT FileCompleted: "C:\\Users\\Mango Cat\\Music\\10,000_Maniacs\\MTV_Unplugged\\10-Trouble_Me.mp3"
[   103.174s] EVENT FileStarted: "C:\\Users\\Mango Cat\\Music\\10,000_Maniacs\\MTV_Unplugged\\11-Jezebel.mp3"
[   103.174s] EVENT SingleTrackCheckCompleted { file_path: "C:\\Users\\Mango Cat\\Music\\10,000_Maniacs\\MTV_Unplugged\\11-Jezebel.mp3", score: 2.8, is_single_track: true }
[   111.967s] EVENT BoundaryDetected { passage_index: 0, start_time: 0, end_time: 7449477120, confidence: 0.5, timestamp: 1766372710 }
[   111.967s] EVENT PassageStarted: passage #0
[   111.967s] EVENT ExtractionProgress { passage_index: 0, extractor: "ID3", status: "running", timestamp: 1766372710 }
[   111.967s] EVENT ExtractionProgress { passage_index: 0, extractor: "ID3", status: "completed", timestamp: 1766372710 }
[   111.967s] EVENT ExtractionProgress { passage_index: 0, extractor: "Chromaprint", status: "running", timestamp: 1766372710 }
[   112.270s] EVENT ExtractionProgress { passage_index: 0, extractor: "Chromaprint", status: "completed", timestamp: 1766372710 }
[   112.270s] EVENT ExtractionProgress { passage_index: 0, extractor: "AudioDerived", status: "running", timestamp: 1766372710 }
[   112.764s] FILE_COMPLETE [11/5737] 11-Jezebel.mp3 - 1 passages in 9.59s (total_elapsed: 112.8s)
[   112.764s] FILE_START [12/5737] 12-Because_The_Night.mp3
[   112.765s] EVENT ExtractionProgress { passage_index: 0, extractor: "AudioDerived", status: "completed", timestamp: 1766372711 }
[   112.765s] EVENT ExtractionProgress { passage_index: 0, extractor: "ID3GenreMapper", status: "running", timestamp: 1766372711 }
[   112.765s] EVENT ExtractionProgress { passage_index: 0, extractor: "ID3GenreMapper", status: "completed", timestamp: 1766372711 }
[   112.765s] EVENT FusionStarted { passage_index: 0, timestamp: 1766372711 }
[   112.765s] EVENT ExtractionProgress { passage_index: 0, extractor: "MusicBrainz-Pass2", status: "running", timestamp: 1766372711 }
[   112.765s] EVENT ExtractionProgress { passage_index: 0, extractor: "MusicBrainz-Pass2", status: "completed", timestamp: 1766372711 }
[   112.765s] EVENT FusionStarted { passage_index: 0, timestamp: 1766372711 }
[   112.765s] EVENT ValidationStarted { passage_index: 0, timestamp: 1766372711 }
[   112.765s] EVENT PassageCompleted: passage #0
[   112.765s] EVENT FileCompleted: "C:\\Users\\Mango Cat\\Music\\10,000_Maniacs\\MTV_Unplugged\\11-Jezebel.mp3"
[   112.765s] EVENT FileStarted: "C:\\Users\\Mango Cat\\Music\\10,000_Maniacs\\MTV_Unplugged\\12-Because_The_Night.mp3"
[   112.765s] EVENT SingleTrackCheckCompleted { file_path: "C:\\Users\\Mango Cat\\Music\\10,000_Maniacs\\MTV_Unplugged\\12-Because_The_Night.mp3", score: 2.8, is_single_track: true }
[   119.843s] EVENT BoundaryDetected { passage_index: 0, start_time: 0, end_time: 6305955840, confidence: 0.5, timestamp: 1766372718 }
[   119.843s] EVENT PassageStarted: passage #0
[   119.843s] EVENT ExtractionProgress { passage_index: 0, extractor: "ID3", status: "running", timestamp: 1766372718 }
[   119.843s] EVENT ExtractionProgress { passage_index: 0, extractor: "ID3", status: "completed", timestamp: 1766372718 }
[   119.843s] EVENT ExtractionProgress { passage_index: 0, extractor: "Chromaprint", status: "running", timestamp: 1766372718 }
[   120.107s] EVENT ExtractionProgress { passage_index: 0, extractor: "Chromaprint", status: "completed", timestamp: 1766372718 }
[   120.107s] EVENT ExtractionProgress { passage_index: 0, extractor: "AudioDerived", status: "running", timestamp: 1766372718 }
[   120.527s] EVENT ExtractionProgress { passage_index: 0, extractor: "AudioDerived", status: "completed", timestamp: 1766372718 }
[   120.527s] EVENT ExtractionProgress { passage_index: 0, extractor: "ID3GenreMapper", status: "running", timestamp: 1766372718 }
[   120.527s] EVENT ExtractionProgress { passage_index: 0, extractor: "ID3GenreMapper", status: "completed", timestamp: 1766372718 }
[   120.527s] EVENT FusionStarted { passage_index: 0, timestamp: 1766372718 }
[   120.527s] EVENT ExtractionProgress { passage_index: 0, extractor: "MusicBrainz-Pass2", status: "running", timestamp: 1766372718 }
[   120.530s] FILE_COMPLETE [12/5737] 12-Because_The_Night.mp3 - 1 passages in 7.77s (total_elapsed: 120.5s)
[   120.530s] FILE_START [13/5737] 13-Stockton_Gala_Days.mp3
[   120.531s] EVENT ExtractionProgress { passage_index: 0, extractor: "MusicBrainz-Pass2", status: "completed", timestamp: 1766372718 }
[   120.531s] EVENT FusionStarted { passage_index: 0, timestamp: 1766372718 }
[   120.531s] EVENT ValidationStarted { passage_index: 0, timestamp: 1766372718 }
[   120.531s] EVENT PassageCompleted: passage #0
[   120.531s] EVENT FileCompleted: "C:\\Users\\Mango Cat\\Music\\10,000_Maniacs\\MTV_Unplugged\\12-Because_The_Night.mp3"
[   120.531s] EVENT FileStarted: "C:\\Users\\Mango Cat\\Music\\10,000_Maniacs\\MTV_Unplugged\\13-Stockton_Gala_Days.mp3"
[   120.531s] EVENT SingleTrackCheckCompleted { file_path: "C:\\Users\\Mango Cat\\Music\\10,000_Maniacs\\MTV_Unplugged\\13-Stockton_Gala_Days.mp3", score: 2.8, is_single_track: true }
[   131.290s] EVENT BoundaryDetected { passage_index: 0, start_time: 0, end_time: 9292677120, confidence: 0.5, timestamp: 1766372729 }
[   131.290s] EVENT PassageStarted: passage #0
[   131.290s] EVENT ExtractionProgress { passage_index: 0, extractor: "ID3", status: "running", timestamp: 1766372729 }
[   131.290s] EVENT ExtractionProgress { passage_index: 0, extractor: "ID3", status: "completed", timestamp: 1766372729 }
[   131.290s] EVENT ExtractionProgress { passage_index: 0, extractor: "Chromaprint", status: "running", timestamp: 1766372729 }
[   131.689s] EVENT ExtractionProgress { passage_index: 0, extractor: "Chromaprint", status: "completed", timestamp: 1766372730 }
[   131.689s] EVENT ExtractionProgress { passage_index: 0, extractor: "AudioDerived", status: "running", timestamp: 1766372730 }
[   132.336s] EVENT ExtractionProgress { passage_index: 0, extractor: "AudioDerived", status: "completed", timestamp: 1766372730 }
[   132.336s] EVENT ExtractionProgress { passage_index: 0, extractor: "ID3GenreMapper", status: "running", timestamp: 1766372730 }
[   132.336s] EVENT ExtractionProgress { passage_index: 0, extractor: "ID3GenreMapper", status: "completed", timestamp: 1766372730 }
[   132.336s] EVENT FusionStarted { passage_index: 0, timestamp: 1766372730 }
[   132.336s] EVENT ExtractionProgress { passage_index: 0, extractor: "MusicBrainz-Pass2", status: "running", timestamp: 1766372730 }
[   132.340s] FILE_COMPLETE [13/5737] 13-Stockton_Gala_Days.mp3 - 1 passages in 11.81s (total_elapsed: 132.3s)
[   132.340s] FILE_START [14/5737] 14-Noah's_Dove.mp3
[   132.341s] EVENT ExtractionProgress { passage_index: 0, extractor: "MusicBrainz-Pass2", status: "completed", timestamp: 1766372730 }
[   132.341s] EVENT FusionStarted { passage_index: 0, timestamp: 1766372730 }
[   132.341s] EVENT ValidationStarted { passage_index: 0, timestamp: 1766372730 }
[   132.341s] EVENT PassageCompleted: passage #0
[   132.341s] EVENT FileCompleted: "C:\\Users\\Mango Cat\\Music\\10,000_Maniacs\\MTV_Unplugged\\13-Stockton_Gala_Days.mp3"
[   132.341s] EVENT FileStarted: "C:\\Users\\Mango Cat\\Music\\10,000_Maniacs\\MTV_Unplugged\\14-Noah's_Dove.mp3"
[   132.341s] EVENT SingleTrackCheckCompleted { file_path: "C:\\Users\\Mango Cat\\Music\\10,000_Maniacs\\MTV_Unplugged\\14-Noah's_Dove.mp3", score: 2.8, is_single_track: true }
[   142.815s] EVENT BoundaryDetected { passage_index: 0, start_time: 0, end_time: 8682946560, confidence: 0.5, timestamp: 1766372741 }
[   142.815s] EVENT PassageStarted: passage #0
[   142.815s] EVENT ExtractionProgress { passage_index: 0, extractor: "ID3", status: "running", timestamp: 1766372741 }
[   142.815s] EVENT ExtractionProgress { passage_index: 0, extractor: "ID3", status: "completed", timestamp: 1766372741 }
[   142.815s] EVENT ExtractionProgress { passage_index: 0, extractor: "Chromaprint", status: "running", timestamp: 1766372741 }
[   143.180s] EVENT ExtractionProgress { passage_index: 0, extractor: "Chromaprint", status: "completed", timestamp: 1766372741 }
[   143.180s] EVENT ExtractionProgress { passage_index: 0, extractor: "AudioDerived", status: "running", timestamp: 1766372741 }
[   143.776s] EVENT ExtractionProgress { passage_index: 0, extractor: "AudioDerived", status: "completed", timestamp: 1766372742 }
[   143.776s] EVENT ExtractionProgress { passage_index: 0, extractor: "ID3GenreMapper", status: "running", timestamp: 1766372742 }
[   143.776s] EVENT ExtractionProgress { passage_index: 0, extractor: "ID3GenreMapper", status: "completed", timestamp: 1766372742 }
[   143.776s] EVENT FusionStarted { passage_index: 0, timestamp: 1766372742 }
[   143.776s] EVENT ExtractionProgress { passage_index: 0, extractor: "MusicBrainz-Pass2", status: "running", timestamp: 1766372742 }
[   143.780s] FILE_COMPLETE [14/5737] 14-Noah's_Dove.mp3 - 1 passages in 11.44s (total_elapsed: 143.8s)
[   143.780s] FILE_START [15/5737] Anthology.mp3
[   143.782s] EVENT ExtractionProgress { passage_index: 0, extractor: "MusicBrainz-Pass2", status: "completed", timestamp: 1766372742 }
[   143.782s] EVENT FusionStarted { passage_index: 0, timestamp: 1766372742 }
[   143.782s] EVENT ValidationStarted { passage_index: 0, timestamp: 1766372742 }
[   143.782s] EVENT PassageCompleted: passage #0
[   143.782s] EVENT FileCompleted: "C:\\Users\\Mango Cat\\Music\\10,000_Maniacs\\MTV_Unplugged\\14-Noah's_Dove.mp3"
[   143.782s] EVENT FileStarted: "C:\\Users\\Mango Cat\\Music\\38 Special\\Anthology.mp3"
[   143.782s] EVENT SingleTrackCheckCompleted { file_path: "C:\\Users\\Mango Cat\\Music\\38 Special\\Anthology.mp3", score: -0.5, is_single_track: false }
[   143.782s] EVENT AlbumMatchingStarted: "C:\\Users\\Mango Cat\\Music\\38 Special\\Anthology.mp3"
[   461.444s] FILE_COMPLETE [15/5737] Anthology.mp3 - 34 passages in 317.66s (total_elapsed: 461.4s)
[   461.445s] FILE_START [16/5737] (4_Non_Blondes)Bigger,_Better,_Faster,_More-01-Train_.mp3
[   461.445s] EVENT AlbumMatchingCompleted: "C:\\Users\\Mango Cat\\Music\\38 Special\\Anthology.mp3"
[   461.445s] EVENT BoundaryDetected { passage_index: 0, start_time: 0, end_time: 6636332160, confidence: 0.95, timestamp: 1766373059 }
[   461.445s] EVENT PassageStarted: passage #0
[   461.445s] EVENT PassageCompleted: passage #0
[   461.445s] EVENT BoundaryDetected { passage_index: 1, start_time: 6636332160, end_time: 13688426880, confidence: 0.95, timestamp: 1766373059 }
[   461.445s] EVENT PassageStarted: passage #1
[   461.445s] EVENT PassageCompleted: passage #1
[   461.445s] EVENT BoundaryDetected { passage_index: 2, start_time: 13688426880, end_time: 18930420480, confidence: 0.95, timestamp: 1766373059 }
[   461.445s] EVENT PassageStarted: passage #2
[   461.445s] EVENT PassageCompleted: passage #2
[   461.445s] EVENT BoundaryDetected { passage_index: 3, start_time: 18930420480, end_time: 26688147839, confidence: 0.95, timestamp: 1766373059 }
[   461.445s] EVENT PassageStarted: passage #3
[   461.445s] EVENT PassageCompleted: passage #3
[   461.445s] EVENT BoundaryDetected { passage_index: 4, start_time: 26688147839, end_time: 33472941440, confidence: 0.95, timestamp: 1766373059 }
[   461.445s] EVENT PassageStarted: passage #4
[   461.445s] EVENT PassageCompleted: passage #4
[   461.445s] EVENT BoundaryDetected { passage_index: 5, start_time: 33472941440, end_time: 42341837440, confidence: 0.95, timestamp: 1766373059 }
[   461.445s] EVENT PassageStarted: passage #5
[   461.445s] EVENT PassageCompleted: passage #5
[   461.445s] EVENT BoundaryDetected { passage_index: 6, start_time: 42341837440, end_time: 49499371520, confidence: 0.95, timestamp: 1766373059 }
[   461.445s] EVENT PassageStarted: passage #6
[   461.445s] EVENT PassageCompleted: passage #6
[   461.445s] EVENT BoundaryDetected { passage_index: 7, start_time: 49499371520, end_time: 56295096960, confidence: 0.95, timestamp: 1766373059 }
[   461.445s] EVENT PassageStarted: passage #7
[   461.445s] EVENT PassageCompleted: passage #7
[   461.445s] EVENT BoundaryDetected { passage_index: 8, start_time: 56295096960, end_time: 64507024640, confidence: 0.95, timestamp: 1766373059 }
[   461.445s] EVENT PassageStarted: passage #8
[   461.445s] EVENT PassageCompleted: passage #8
[   461.445s] EVENT BoundaryDetected { passage_index: 9, start_time: 64507024640, end_time: 72256641280, confidence: 0.95, timestamp: 1766373059 }
[   461.445s] EVENT PassageStarted: passage #9
[   461.445s] EVENT PassageCompleted: passage #9
[   461.445s] EVENT BoundaryDetected { passage_index: 10, start_time: 72256641280, end_time: 80695669120, confidence: 0.95, timestamp: 1766373059 }
[   461.445s] EVENT PassageStarted: passage #10
[   461.445s] EVENT PassageCompleted: passage #10
[   461.445s] EVENT BoundaryDetected { passage_index: 11, start_time: 80695669120, end_time: 87624692480, confidence: 0.95, timestamp: 1766373059 }
[   461.445s] EVENT PassageStarted: passage #11
[   461.445s] EVENT PassageCompleted: passage #11
[   461.445s] EVENT BoundaryDetected { passage_index: 12, start_time: 87624692480, end_time: 94232460800, confidence: 0.95, timestamp: 1766373059 }
[   461.445s] EVENT PassageStarted: passage #12
[   461.445s] EVENT PassageCompleted: passage #12
[   461.446s] EVENT BoundaryDetected { passage_index: 13, start_time: 94232460800, end_time: 100746779520, confidence: 0.95, timestamp: 1766373059 }
[   461.446s] EVENT PassageStarted: passage #13
[   461.446s] EVENT PassageCompleted: passage #13
[   461.446s] EVENT BoundaryDetected { passage_index: 14, start_time: 100746779520, end_time: 106988860160, confidence: 0.95, timestamp: 1766373059 }
[   461.446s] EVENT PassageStarted: passage #14
[   461.446s] EVENT PassageCompleted: passage #14
[   461.446s] EVENT BoundaryDetected { passage_index: 15, start_time: 106988860160, end_time: 113574412160, confidence: 0.95, timestamp: 1766373059 }
[   461.446s] EVENT PassageStarted: passage #15
[   461.446s] EVENT PassageCompleted: passage #15
[   461.446s] EVENT BoundaryDetected { passage_index: 16, start_time: 113574412160, end_time: 121135719039, confidence: 0.95, timestamp: 1766373059 }
[   461.446s] EVENT PassageStarted: passage #16
[   461.446s] EVENT PassageCompleted: passage #16
[   461.446s] EVENT BoundaryDetected { passage_index: 17, start_time: 121135719039, end_time: 128287610880, confidence: 0.95, timestamp: 1766373059 }
[   461.446s] EVENT PassageStarted: passage #17
[   461.446s] EVENT PassageCompleted: passage #17
[   461.446s] EVENT BoundaryDetected { passage_index: 18, start_time: 128287610880, end_time: 134789939840, confidence: 0.95, timestamp: 1766373059 }
[   461.446s] EVENT PassageStarted: passage #18
[   461.446s] EVENT PassageCompleted: passage #18
[   461.446s] EVENT BoundaryDetected { passage_index: 19, start_time: 134789939840, end_time: 141562038400, confidence: 0.95, timestamp: 1766373059 }
[   461.446s] EVENT PassageStarted: passage #19
[   461.446s] EVENT PassageCompleted: passage #19
[   461.446s] EVENT BoundaryDetected { passage_index: 20, start_time: 141562038400, end_time: 146950024960, confidence: 0.95, timestamp: 1766373059 }
[   461.446s] EVENT PassageStarted: passage #20
[   461.446s] EVENT PassageCompleted: passage #20
[   461.446s] EVENT BoundaryDetected { passage_index: 21, start_time: 146950024960, end_time: 153858947840, confidence: 0.95, timestamp: 1766373059 }
[   461.446s] EVENT PassageStarted: passage #21
[   461.446s] EVENT PassageCompleted: passage #21
[   461.446s] EVENT BoundaryDetected { passage_index: 22, start_time: 153858947840, end_time: 160419815040, confidence: 0.95, timestamp: 1766373059 }
[   461.446s] EVENT PassageStarted: passage #22
[   461.446s] EVENT PassageCompleted: passage #22
[   461.446s] EVENT BoundaryDetected { passage_index: 23, start_time: 160419815040, end_time: 166539882240, confidence: 0.95, timestamp: 1766373059 }
[   461.446s] EVENT PassageStarted: passage #23
[   461.446s] EVENT PassageCompleted: passage #23
[   461.446s] EVENT BoundaryDetected { passage_index: 24, start_time: 166539882240, end_time: 174148795519, confidence: 0.95, timestamp: 1766373059 }
[   461.446s] EVENT PassageStarted: passage #24
[   461.446s] EVENT PassageCompleted: passage #24
[   461.446s] EVENT BoundaryDetected { passage_index: 25, start_time: 174148795519, end_time: 182587118080, confidence: 0.95, timestamp: 1766373059 }
[   461.446s] EVENT PassageStarted: passage #25
[   461.446s] EVENT PassageCompleted: passage #25
[   461.446s] EVENT BoundaryDetected { passage_index: 26, start_time: 182587118080, end_time: 190794461440, confidence: 0.95, timestamp: 1766373059 }
[   461.446s] EVENT PassageStarted: passage #26
[   461.446s] EVENT PassageCompleted: passage #26
[   461.446s] EVENT BoundaryDetected { passage_index: 27, start_time: 190794461440, end_time: 199715548160, confidence: 0.95, timestamp: 1766373059 }
[   461.446s] EVENT PassageStarted: passage #27
[   461.446s] EVENT PassageCompleted: passage #27
[   461.446s] EVENT BoundaryDetected { passage_index: 28, start_time: 199715548160, end_time: 208931441920, confidence: 0.95, timestamp: 1766373059 }
[   461.446s] EVENT PassageStarted: passage #28
[   461.446s] EVENT PassageCompleted: passage #28
[   461.446s] EVENT BoundaryDetected { passage_index: 29, start_time: 208931441920, end_time: 216547760640, confidence: 0.95, timestamp: 1766373059 }
[   461.446s] EVENT PassageStarted: passage #29
[   461.446s] EVENT PassageCompleted: passage #29
[   461.446s] EVENT BoundaryDetected { passage_index: 30, start_time: 216547760640, end_time: 226535583360, confidence: 0.95, timestamp: 1766373059 }
[   461.446s] EVENT PassageStarted: passage #30
[   461.446s] EVENT PassageCompleted: passage #30
[   461.446s] EVENT BoundaryDetected { passage_index: 31, start_time: 226535583360, end_time: 235297982080, confidence: 0.95, timestamp: 1766373059 }
[   461.446s] EVENT PassageStarted: passage #31
[   461.446s] EVENT PassageCompleted: passage #31
[   461.446s] EVENT BoundaryDetected { passage_index: 32, start_time: 235297982080, end_time: 242280959360, confidence: 0.95, timestamp: 1766373059 }
[   461.446s] EVENT PassageStarted: passage #32
[   461.446s] EVENT PassageCompleted: passage #32
[   461.446s] EVENT BoundaryDetected { passage_index: 33, start_time: 242280959360, end_time: 249993290880, confidence: 0.95, timestamp: 1766373059 }
[   461.446s] EVENT PassageStarted: passage #33
[   461.446s] EVENT PassageCompleted: passage #33
[   461.446s] EVENT FileStarted: "C:\\Users\\Mango Cat\\Music\\4 Non Blondes\\Bigger,_Better,_Faster,_More\\(4_Non_Blondes)Bigger,_Better,_Faster,_More-01-Train_.mp3"
[   461.446s] EVENT SingleTrackCheckCompleted { file_path: "C:\\Users\\Mango Cat\\Music\\4 Non Blondes\\Bigger,_Better,_Faster,_More\\(4_Non_Blondes)Bigger,_Better,_Faster,_More-01-Train_.mp3", score: 1.8, is_single_track: true }
[   468.759s] EVENT BoundaryDetected { passage_index: 0, start_time: 0, end_time: 6280151040, confidence: 0.8, timestamp: 1766373067 }
[   468.759s] EVENT PassageStarted: passage #0
[   468.759s] EVENT ExtractionProgress { passage_index: 0, extractor: "ID3", status: "running", timestamp: 1766373067 }
[   468.759s] EVENT ExtractionProgress { passage_index: 0, extractor: "ID3", status: "completed", timestamp: 1766373067 }
[   468.759s] EVENT ExtractionProgress { passage_index: 0, extractor: "Chromaprint", status: "running", timestamp: 1766373067 }
[   469.035s] EVENT ExtractionProgress { passage_index: 0, extractor: "Chromaprint", status: "completed", timestamp: 1766373067 }
[   469.035s] EVENT ExtractionProgress { passage_index: 0, extractor: "AudioDerived", status: "running", timestamp: 1766373067 }
[   469.454s] EVENT ExtractionProgress { passage_index: 0, extractor: "AudioDerived", status: "completed", timestamp: 1766373067 }
[   469.454s] EVENT ExtractionProgress { passage_index: 0, extractor: "ID3GenreMapper", status: "running", timestamp: 1766373067 }
[   469.454s] EVENT ExtractionProgress { passage_index: 0, extractor: "ID3GenreMapper", status: "completed", timestamp: 1766373067 }
[   469.454s] EVENT FusionStarted { passage_index: 0, timestamp: 1766373067 }
[   469.454s] EVENT ExtractionProgress { passage_index: 0, extractor: "MusicBrainz-Pass2", status: "running", timestamp: 1766373067 }
[   469.458s] FILE_COMPLETE [16/5737] (4_Non_Blondes)Bigger,_Better,_Faster,_More-01-Train_.mp3 - 1 passages in 8.01s (total_elapsed: 469.5s)
[   469.458s] FILE_START [17/5737] (4_Non_Blondes)Bigger,_Better,_Faster,_More-02-Superfly_.mp3
[   469.465s] EVENT ExtractionProgress { passage_index: 0, extractor: "MusicBrainz-Pass2", status: "completed", timestamp: 1766373067 }
[   469.465s] EVENT FusionStarted { passage_index: 0, timestamp: 1766373067 }
[   469.465s] EVENT ValidationStarted { passage_index: 0, timestamp: 1766373067 }
[   469.466s] EVENT PassageCompleted: passage #0
[   469.466s] EVENT FileCompleted: "C:\\Users\\Mango Cat\\Music\\4 Non Blondes\\Bigger,_Better,_Faster,_More\\(4_Non_Blondes)Bigger,_Better,_Faster,_More-01-Train_.mp3"
[   469.466s] EVENT FileStarted: "C:\\Users\\Mango Cat\\Music\\4 Non Blondes\\Bigger,_Better,_Faster,_More\\(4_Non_Blondes)Bigger,_Better,_Faster,_More-02-Superfly_.mp3"
[   469.466s] EVENT SingleTrackCheckCompleted { file_path: "C:\\Users\\Mango Cat\\Music\\4 Non Blondes\\Bigger,_Better,_Faster,_More\\(4_Non_Blondes)Bigger,_Better,_Faster,_More-02-Superfly_.mp3", score: 1.8, is_single_track: true }
[   478.822s] EVENT BoundaryDetected { passage_index: 0, start_time: 0, end_time: 7833600000, confidence: 0.5, timestamp: 1766373077 }
[   478.822s] EVENT PassageStarted: passage #0
[   478.822s] EVENT ExtractionProgress { passage_index: 0, extractor: "ID3", status: "running", timestamp: 1766373077 }
[   478.822s] EVENT ExtractionProgress { passage_index: 0, extractor: "ID3", status: "completed", timestamp: 1766373077 }
[   478.822s] EVENT ExtractionProgress { passage_index: 0, extractor: "Chromaprint", status: "running", timestamp: 1766373077 }
[   479.147s] EVENT ExtractionProgress { passage_index: 0, extractor: "Chromaprint", status: "completed", timestamp: 1766373077 }
[   479.147s] EVENT ExtractionProgress { passage_index: 0, extractor: "AudioDerived", status: "running", timestamp: 1766373077 }
[   479.680s] EVENT ExtractionProgress { passage_index: 0, extractor: "AudioDerived", status: "completed", timestamp: 1766373078 }
[   479.680s] EVENT ExtractionProgress { passage_index: 0, extractor: "ID3GenreMapper", status: "running", timestamp: 1766373078 }
[   479.680s] EVENT ExtractionProgress { passage_index: 0, extractor: "ID3GenreMapper", status: "completed", timestamp: 1766373078 }
[   479.680s] EVENT FusionStarted { passage_index: 0, timestamp: 1766373078 }
[   479.680s] EVENT ExtractionProgress { passage_index: 0, extractor: "MusicBrainz-Pass2", status: "running", timestamp: 1766373078 }
[   479.684s] FILE_COMPLETE [17/5737] (4_Non_Blondes)Bigger,_Better,_Faster,_More-02-Superfly_.mp3 - 1 passages in 10.23s (total_elapsed: 479.7s)
[   479.684s] FILE_START [18/5737] (4_Non_Blondes)Bigger,_Better,_Faster,_More-03-What's_Up_.mp3
[   479.685s] EVENT ExtractionProgress { passage_index: 0, extractor: "MusicBrainz-Pass2", status: "completed", timestamp: 1766373078 }
[   479.685s] EVENT FusionStarted { passage_index: 0, timestamp: 1766373078 }
[   479.685s] EVENT ValidationStarted { passage_index: 0, timestamp: 1766373078 }
[   479.685s] EVENT PassageCompleted: passage #0
[   479.685s] EVENT FileCompleted: "C:\\Users\\Mango Cat\\Music\\4 Non Blondes\\Bigger,_Better,_Faster,_More\\(4_Non_Blondes)Bigger,_Better,_Faster,_More-02-Superfly_.mp3"
[   479.685s] EVENT FileStarted: "C:\\Users\\Mango Cat\\Music\\4 Non Blondes\\Bigger,_Better,_Faster,_More\\(4_Non_Blondes)Bigger,_Better,_Faster,_More-03-What's_Up_.mp3"
[   479.685s] EVENT SingleTrackCheckCompleted { file_path: "C:\\Users\\Mango Cat\\Music\\4 Non Blondes\\Bigger,_Better,_Faster,_More\\(4_Non_Blondes)Bigger,_Better,_Faster,_More-03-What's_Up_.mp3", score: 1.8, is_single_track: true }
[   489.460s] EVENT BoundaryDetected { passage_index: 0, start_time: 0, end_time: 8341585920, confidence: 0.5, timestamp: 1766373087 }
[   489.460s] EVENT PassageStarted: passage #0
[   489.460s] EVENT ExtractionProgress { passage_index: 0, extractor: "ID3", status: "running", timestamp: 1766373087 }
[   489.460s] EVENT ExtractionProgress { passage_index: 0, extractor: "ID3", status: "completed", timestamp: 1766373087 }
[   489.460s] EVENT ExtractionProgress { passage_index: 0, extractor: "Chromaprint", status: "running", timestamp: 1766373087 }
[   489.811s] EVENT ExtractionProgress { passage_index: 0, extractor: "Chromaprint", status: "completed", timestamp: 1766373088 }
[   489.811s] EVENT ExtractionProgress { passage_index: 0, extractor: "AudioDerived", status: "running", timestamp: 1766373088 }
[   490.369s] EVENT ExtractionProgress { passage_index: 0, extractor: "AudioDerived", status: "completed", timestamp: 1766373088 }
[   490.369s] EVENT ExtractionProgress { passage_index: 0, extractor: "ID3GenreMapper", status: "running", timestamp: 1766373088 }
[   490.369s] EVENT ExtractionProgress { passage_index: 0, extractor: "ID3GenreMapper", status: "completed", timestamp: 1766373088 }
[   490.369s] EVENT FusionStarted { passage_index: 0, timestamp: 1766373088 }
[   490.369s] EVENT ExtractionProgress { passage_index: 0, extractor: "MusicBrainz-Pass2", status: "running", timestamp: 1766373088 }
[   490.373s] FILE_COMPLETE [18/5737] (4_Non_Blondes)Bigger,_Better,_Faster,_More-03-What's_Up_.mp3 - 1 passages in 10.69s (total_elapsed: 490.4s)
[   490.373s] FILE_START [19/5737] (4_Non_Blondes)Bigger,_Better,_Faster,_More-04-Pleasantly_Blue_.mp3
[   490.373s] EVENT ExtractionProgress { passage_index: 0, extractor: "MusicBrainz-Pass2", status: "completed", timestamp: 1766373088 }
[   490.373s] EVENT FusionStarted { passage_index: 0, timestamp: 1766373088 }
[   490.373s] EVENT ValidationStarted { passage_index: 0, timestamp: 1766373088 }
[   490.373s] EVENT PassageCompleted: passage #0
[   490.373s] EVENT FileCompleted: "C:\\Users\\Mango Cat\\Music\\4 Non Blondes\\Bigger,_Better,_Faster,_More\\(4_Non_Blondes)Bigger,_Better,_Faster,_More-03-What's_Up_.mp3"
[   490.373s] EVENT FileStarted: "C:\\Users\\Mango Cat\\Music\\4 Non Blondes\\Bigger,_Better,_Faster,_More\\(4_Non_Blondes)Bigger,_Better,_Faster,_More-04-Pleasantly_Blue_.mp3"
[   490.373s] EVENT SingleTrackCheckCompleted { file_path: "C:\\Users\\Mango Cat\\Music\\4 Non Blondes\\Bigger,_Better,_Faster,_More\\(4_Non_Blondes)Bigger,_Better,_Faster,_More-04-Pleasantly_Blue_.mp3", score: 1.8, is_single_track: true }
[   495.252s] EVENT BoundaryDetected { passage_index: 0, start_time: 0, end_time: 4187750400, confidence: 0.5, timestamp: 1766373093 }
[   495.252s] EVENT PassageStarted: passage #0
[   495.252s] EVENT ExtractionProgress { passage_index: 0, extractor: "ID3", status: "running", timestamp: 1766373093 }
[   495.252s] EVENT ExtractionProgress { passage_index: 0, extractor: "ID3", status: "completed", timestamp: 1766373093 }
[   495.252s] EVENT ExtractionProgress { passage_index: 0, extractor: "Chromaprint", status: "running", timestamp: 1766373093 }
[   495.442s] EVENT ExtractionProgress { passage_index: 0, extractor: "Chromaprint", status: "completed", timestamp: 1766373093 }
[   495.442s] EVENT ExtractionProgress { passage_index: 0, extractor: "AudioDerived", status: "running", timestamp: 1766373093 }
[   495.720s] EVENT ExtractionProgress { passage_index: 0, extractor: "AudioDerived", status: "completed", timestamp: 1766373094 }
[   495.720s] EVENT ExtractionProgress { passage_index: 0, extractor: "ID3GenreMapper", status: "running", timestamp: 1766373094 }
[   495.720s] EVENT ExtractionProgress { passage_index: 0, extractor: "ID3GenreMapper", status: "completed", timestamp: 1766373094 }
[   495.720s] EVENT FusionStarted { passage_index: 0, timestamp: 1766373094 }
[   495.720s] EVENT ExtractionProgress { passage_index: 0, extractor: "MusicBrainz-Pass2", status: "running", timestamp: 1766373094 }
[   495.723s] FILE_COMPLETE [19/5737] (4_Non_Blondes)Bigger,_Better,_Faster,_More-04-Pleasantly_Blue_.mp3 - 1 passages in 5.35s (total_elapsed: 495.7s)
[   495.723s] FILE_START [20/5737] (4_Non_Blondes)Bigger,_Better,_Faster,_More-05-Morphine_&_Chocolate.mp3
[   495.737s] EVENT ExtractionProgress { passage_index: 0, extractor: "MusicBrainz-Pass2", status: "completed", timestamp: 1766373094 }
[   495.737s] EVENT FusionStarted { passage_index: 0, timestamp: 1766373094 }
[   495.737s] EVENT ValidationStarted { passage_index: 0, timestamp: 1766373094 }
[   495.737s] EVENT PassageCompleted: passage #0
[   495.737s] EVENT FileCompleted: "C:\\Users\\Mango Cat\\Music\\4 Non Blondes\\Bigger,_Better,_Faster,_More\\(4_Non_Blondes)Bigger,_Better,_Faster,_More-04-Pleasantly_Blue_.mp3"
[   495.737s] EVENT FileStarted: "C:\\Users\\Mango Cat\\Music\\4 Non Blondes\\Bigger,_Better,_Faster,_More\\(4_Non_Blondes)Bigger,_Better,_Faster,_More-05-Morphine_&_Chocolate.mp3"
[   495.737s] EVENT SingleTrackCheckCompleted { file_path: "C:\\Users\\Mango Cat\\Music\\4 Non Blondes\\Bigger,_Better,_Faster,_More\\(4_Non_Blondes)Bigger,_Better,_Faster,_More-05-Morphine_&_Chocolate.mp3", score: 1.8, is_single_track: true }
[   505.232s] EVENT BoundaryDetected { passage_index: 0, start_time: 0, end_time: 8017182720, confidence: 0.8, timestamp: 1766373103 }
[   505.232s] EVENT PassageStarted: passage #0
[   505.232s] EVENT ExtractionProgress { passage_index: 0, extractor: "ID3", status: "running", timestamp: 1766373103 }
[   505.232s] EVENT ExtractionProgress { passage_index: 0, extractor: "ID3", status: "completed", timestamp: 1766373103 }
[   505.232s] EVENT ExtractionProgress { passage_index: 0, extractor: "Chromaprint", status: "running", timestamp: 1766373103 }
[   505.571s] EVENT ExtractionProgress { passage_index: 0, extractor: "Chromaprint", status: "completed", timestamp: 1766373103 }
[   505.571s] EVENT ExtractionProgress { passage_index: 0, extractor: "AudioDerived", status: "running", timestamp: 1766373103 }
[   506.123s] EVENT ExtractionProgress { passage_index: 0, extractor: "AudioDerived", status: "completed", timestamp: 1766373104 }
[   506.123s] EVENT ExtractionProgress { passage_index: 0, extractor: "ID3GenreMapper", status: "running", timestamp: 1766373104 }
[   506.123s] EVENT ExtractionProgress { passage_index: 0, extractor: "ID3GenreMapper", status: "completed", timestamp: 1766373104 }
[   506.123s] EVENT FusionStarted { passage_index: 0, timestamp: 1766373104 }
[   506.123s] EVENT ExtractionProgress { passage_index: 0, extractor: "MusicBrainz-Pass2", status: "running", timestamp: 1766373104 }
[   506.128s] FILE_COMPLETE [20/5737] (4_Non_Blondes)Bigger,_Better,_Faster,_More-05-Morphine_&_Chocolate.mp3 - 1 passages in 10.41s (total_elapsed: 506.1s)
[   506.128s] PROGRESS 20/5737 (0.3%) - 0.04 files/sec - ETA: 2411.2min
[   506.128s] FILE_START [21/5737] (4_Non_Blondes)Bigger,_Better,_Faster,_More-06-Spaceman.mp3
[   506.129s] EVENT ExtractionProgress { passage_index: 0, extractor: "MusicBrainz-Pass2", status: "completed", timestamp: 1766373104 }
[   506.129s] EVENT FusionStarted { passage_index: 0, timestamp: 1766373104 }
[   506.129s] EVENT ValidationStarted { passage_index: 0, timestamp: 1766373104 }
[   506.129s] EVENT PassageCompleted: passage #0
[   506.129s] EVENT FileCompleted: "C:\\Users\\Mango Cat\\Music\\4 Non Blondes\\Bigger,_Better,_Faster,_More\\(4_Non_Blondes)Bigger,_Better,_Faster,_More-05-Morphine_&_Chocolate.mp3"
[   506.129s] EVENT FileStarted: "C:\\Users\\Mango Cat\\Music\\4 Non Blondes\\Bigger,_Better,_Faster,_More\\(4_Non_Blondes)Bigger,_Better,_Faster,_More-06-Spaceman.mp3"
[   506.129s] EVENT SingleTrackCheckCompleted { file_path: "C:\\Users\\Mango Cat\\Music\\4 Non Blondes\\Bigger,_Better,_Faster,_More\\(4_Non_Blondes)Bigger,_Better,_Faster,_More-06-Spaceman.mp3", score: 1.8, is_single_track: true }
[   513.518s] EVENT BoundaryDetected { passage_index: 0, start_time: 0, end_time: 6212321280, confidence: 0.5, timestamp: 1766373111 }
[   513.518s] EVENT PassageStarted: passage #0
[   513.518s] EVENT ExtractionProgress { passage_index: 0, extractor: "ID3", status: "running", timestamp: 1766373111 }
[   513.518s] EVENT ExtractionProgress { passage_index: 0, extractor: "ID3", status: "completed", timestamp: 1766373111 }
[   513.518s] EVENT ExtractionProgress { passage_index: 0, extractor: "Chromaprint", status: "running", timestamp: 1766373111 }
[   513.776s] EVENT ExtractionProgress { passage_index: 0, extractor: "Chromaprint", status: "completed", timestamp: 1766373112 }
[   513.776s] EVENT ExtractionProgress { passage_index: 0, extractor: "AudioDerived", status: "running", timestamp: 1766373112 }
[   514.196s] EVENT ExtractionProgress { passage_index: 0, extractor: "AudioDerived", status: "completed", timestamp: 1766373112 }
[   514.196s] EVENT ExtractionProgress { passage_index: 0, extractor: "ID3GenreMapper", status: "running", timestamp: 1766373112 }
[   514.196s] EVENT ExtractionProgress { passage_index: 0, extractor: "ID3GenreMapper", status: "completed", timestamp: 1766373112 }
[   514.196s] EVENT FusionStarted { passage_index: 0, timestamp: 1766373112 }
[   514.196s] EVENT ExtractionProgress { passage_index: 0, extractor: "MusicBrainz-Pass2", status: "running", timestamp: 1766373112 }
[   514.199s] FILE_COMPLETE [21/5737] (4_Non_Blondes)Bigger,_Better,_Faster,_More-06-Spaceman.mp3 - 1 passages in 8.07s (total_elapsed: 514.2s)
[   514.199s] FILE_START [22/5737] (4_Non_Blondes)Bigger,_Better,_Faster,_More-07-Old_Mr._Heffer.mp3
[   514.210s] EVENT ExtractionProgress { passage_index: 0, extractor: "MusicBrainz-Pass2", status: "completed", timestamp: 1766373112 }
[   514.210s] EVENT FusionStarted { passage_index: 0, timestamp: 1766373112 }
[   514.210s] EVENT ValidationStarted { passage_index: 0, timestamp: 1766373112 }
[   514.210s] EVENT PassageCompleted: passage #0
[   514.210s] EVENT FileCompleted: "C:\\Users\\Mango Cat\\Music\\4 Non Blondes\\Bigger,_Better,_Faster,_More\\(4_Non_Blondes)Bigger,_Better,_Faster,_More-06-Spaceman.mp3"
[   514.210s] EVENT FileStarted: "C:\\Users\\Mango Cat\\Music\\4 Non Blondes\\Bigger,_Better,_Faster,_More\\(4_Non_Blondes)Bigger,_Better,_Faster,_More-07-Old_Mr._Heffer.mp3"
[   514.210s] EVENT SingleTrackCheckCompleted { file_path: "C:\\Users\\Mango Cat\\Music\\4 Non Blondes\\Bigger,_Better,_Faster,_More\\(4_Non_Blondes)Bigger,_Better,_Faster,_More-07-Old_Mr._Heffer.mp3", score: 1.8, is_single_track: true }
[   518.922s] EVENT BoundaryDetected { passage_index: 0, start_time: 0, end_time: 3860398080, confidence: 0.5, timestamp: 1766373117 }
[   518.922s] EVENT PassageStarted: passage #0
[   518.922s] EVENT ExtractionProgress { passage_index: 0, extractor: "ID3", status: "running", timestamp: 1766373117 }
[   518.922s] EVENT ExtractionProgress { passage_index: 0, extractor: "ID3", status: "completed", timestamp: 1766373117 }
[   518.922s] EVENT ExtractionProgress { passage_index: 0, extractor: "Chromaprint", status: "running", timestamp: 1766373117 }
[   519.089s] EVENT ExtractionProgress { passage_index: 0, extractor: "Chromaprint", status: "completed", timestamp: 1766373117 }
[   519.089s] EVENT ExtractionProgress { passage_index: 0, extractor: "AudioDerived", status: "running", timestamp: 1766373117 }
[   519.356s] EVENT ExtractionProgress { passage_index: 0, extractor: "AudioDerived", status: "completed", timestamp: 1766373117 }
[   519.356s] EVENT ExtractionProgress { passage_index: 0, extractor: "ID3GenreMapper", status: "running", timestamp: 1766373117 }
[   519.356s] EVENT ExtractionProgress { passage_index: 0, extractor: "ID3GenreMapper", status: "completed", timestamp: 1766373117 }
[   519.356s] EVENT FusionStarted { passage_index: 0, timestamp: 1766373117 }
[   519.356s] EVENT ExtractionProgress { passage_index: 0, extractor: "MusicBrainz-Pass2", status: "running", timestamp: 1766373117 }
[   519.358s] FILE_COMPLETE [22/5737] (4_Non_Blondes)Bigger,_Better,_Faster,_More-07-Old_Mr._Heffer.mp3 - 1 passages in 5.16s (total_elapsed: 519.4s)
[   519.358s] FILE_START [23/5737] (4_Non_Blondes)Bigger,_Better,_Faster,_More-08-Calling_All_The_People.mp3
[   519.358s] EVENT ExtractionProgress { passage_index: 0, extractor: "MusicBrainz-Pass2", status: "completed", timestamp: 1766373117 }
[   519.358s] EVENT FusionStarted { passage_index: 0, timestamp: 1766373117 }
[   519.358s] EVENT ValidationStarted { passage_index: 0, timestamp: 1766373117 }
[   519.358s] EVENT PassageCompleted: passage #0
[   519.358s] EVENT FileCompleted: "C:\\Users\\Mango Cat\\Music\\4 Non Blondes\\Bigger,_Better,_Faster,_More\\(4_Non_Blondes)Bigger,_Better,_Faster,_More-07-Old_Mr._Heffer.mp3"
[   519.358s] EVENT FileStarted: "C:\\Users\\Mango Cat\\Music\\4 Non Blondes\\Bigger,_Better,_Faster,_More\\(4_Non_Blondes)Bigger,_Better,_Faster,_More-08-Calling_All_The_People.mp3"
[   519.358s] EVENT SingleTrackCheckCompleted { file_path: "C:\\Users\\Mango Cat\\Music\\4 Non Blondes\\Bigger,_Better,_Faster,_More\\(4_Non_Blondes)Bigger,_Better,_Faster,_More-08-Calling_All_The_People.mp3", score: 1.8, is_single_track: true }
[   526.085s] EVENT BoundaryDetected { passage_index: 0, start_time: 0, end_time: 5578997760, confidence: 0.5, timestamp: 1766373124 }
[   526.085s] EVENT PassageStarted: passage #0
[   526.085s] EVENT ExtractionProgress { passage_index: 0, extractor: "ID3", status: "running", timestamp: 1766373124 }
[   526.085s] EVENT ExtractionProgress { passage_index: 0, extractor: "ID3", status: "completed", timestamp: 1766373124 }
[   526.085s] EVENT ExtractionProgress { passage_index: 0, extractor: "Chromaprint", status: "running", timestamp: 1766373124 }
[   526.323s] EVENT ExtractionProgress { passage_index: 0, extractor: "Chromaprint", status: "completed", timestamp: 1766373124 }
[   526.323s] EVENT ExtractionProgress { passage_index: 0, extractor: "AudioDerived", status: "running", timestamp: 1766373124 }
[   526.701s] EVENT ExtractionProgress { passage_index: 0, extractor: "AudioDerived", status: "completed", timestamp: 1766373125 }
[   526.701s] EVENT ExtractionProgress { passage_index: 0, extractor: "ID3GenreMapper", status: "running", timestamp: 1766373125 }
[   526.701s] EVENT ExtractionProgress { passage_index: 0, extractor: "ID3GenreMapper", status: "completed", timestamp: 1766373125 }
[   526.701s] EVENT FusionStarted { passage_index: 0, timestamp: 1766373125 }
[   526.701s] EVENT ExtractionProgress { passage_index: 0, extractor: "MusicBrainz-Pass2", status: "running", timestamp: 1766373125 }
[   526.705s] FILE_COMPLETE [23/5737] (4_Non_Blondes)Bigger,_Better,_Faster,_More-08-Calling_All_The_People.mp3 - 1 passages in 7.35s (total_elapsed: 526.7s)
[   526.705s] FILE_START [24/5737] (4_Non_Blondes)Bigger,_Better,_Faster,_More-09-Dear_Mr._President.mp3
[   526.706s] EVENT ExtractionProgress { passage_index: 0, extractor: "MusicBrainz-Pass2", status: "completed", timestamp: 1766373125 }
[   526.706s] EVENT FusionStarted { passage_index: 0, timestamp: 1766373125 }
[   526.706s] EVENT ValidationStarted { passage_index: 0, timestamp: 1766373125 }
[   526.706s] EVENT PassageCompleted: passage #0
[   526.706s] EVENT FileCompleted: "C:\\Users\\Mango Cat\\Music\\4 Non Blondes\\Bigger,_Better,_Faster,_More\\(4_Non_Blondes)Bigger,_Better,_Faster,_More-08-Calling_All_The_People.mp3"
[   526.706s] EVENT FileStarted: "C:\\Users\\Mango Cat\\Music\\4 Non Blondes\\Bigger,_Better,_Faster,_More\\(4_Non_Blondes)Bigger,_Better,_Faster,_More-09-Dear_Mr._President.mp3"
[   526.706s] EVENT SingleTrackCheckCompleted { file_path: "C:\\Users\\Mango Cat\\Music\\4 Non Blondes\\Bigger,_Better,_Faster,_More\\(4_Non_Blondes)Bigger,_Better,_Faster,_More-09-Dear_Mr._President.mp3", score: 1.8, is_single_track: true }
[   536.023s] EVENT BoundaryDetected { passage_index: 0, start_time: 0, end_time: 7997276160, confidence: 0.5, timestamp: 1766373134 }
[   536.023s] EVENT PassageStarted: passage #0
[   536.023s] EVENT ExtractionProgress { passage_index: 0, extractor: "ID3", status: "running", timestamp: 1766373134 }
[   536.023s] EVENT ExtractionProgress { passage_index: 0, extractor: "ID3", status: "completed", timestamp: 1766373134 }
[   536.023s] EVENT ExtractionProgress { passage_index: 0, extractor: "Chromaprint", status: "running", timestamp: 1766373134 }
[   536.360s] EVENT ExtractionProgress { passage_index: 0, extractor: "Chromaprint", status: "completed", timestamp: 1766373134 }
[   536.360s] EVENT ExtractionProgress { passage_index: 0, extractor: "AudioDerived", status: "running", timestamp: 1766373134 }
[   536.901s] EVENT ExtractionProgress { passage_index: 0, extractor: "AudioDerived", status: "completed", timestamp: 1766373135 }
[   536.901s] EVENT ExtractionProgress { passage_index: 0, extractor: "ID3GenreMapper", status: "running", timestamp: 1766373135 }
[   536.901s] EVENT ExtractionProgress { passage_index: 0, extractor: "ID3GenreMapper", status: "completed", timestamp: 1766373135 }
[   536.901s] EVENT FusionStarted { passage_index: 0, timestamp: 1766373135 }
[   536.901s] EVENT ExtractionProgress { passage_index: 0, extractor: "MusicBrainz-Pass2", status: "running", timestamp: 1766373135 }
[   536.905s] FILE_COMPLETE [24/5737] (4_Non_Blondes)Bigger,_Better,_Faster,_More-09-Dear_Mr._President.mp3 - 1 passages in 10.20s (total_elapsed: 536.9s)
[   536.905s] FILE_START [25/5737] (4_Non_Blondes)Bigger,_Better,_Faster,_More-10-Drifting.mp3
[   536.909s] EVENT ExtractionProgress { passage_index: 0, extractor: "MusicBrainz-Pass2", status: "completed", timestamp: 1766373135 }
[   536.909s] EVENT FusionStarted { passage_index: 0, timestamp: 1766373135 }
[   536.909s] EVENT ValidationStarted { passage_index: 0, timestamp: 1766373135 }
[   536.909s] EVENT PassageCompleted: passage #0
[   536.909s] EVENT FileCompleted: "C:\\Users\\Mango Cat\\Music\\4 Non Blondes\\Bigger,_Better,_Faster,_More\\(4_Non_Blondes)Bigger,_Better,_Faster,_More-09-Dear_Mr._President.mp3"
[   536.909s] EVENT FileStarted: "C:\\Users\\Mango Cat\\Music\\4 Non Blondes\\Bigger,_Better,_Faster,_More\\(4_Non_Blondes)Bigger,_Better,_Faster,_More-10-Drifting.mp3"
[   536.909s] EVENT SingleTrackCheckCompleted { file_path: "C:\\Users\\Mango Cat\\Music\\4 Non Blondes\\Bigger,_Better,_Faster,_More\\(4_Non_Blondes)Bigger,_Better,_Faster,_More-10-Drifting.mp3", score: 1.8, is_single_track: true }
[   543.811s] EVENT BoundaryDetected { passage_index: 0, start_time: 0, end_time: 5955747840, confidence: 0.5, timestamp: 1766373142 }
[   543.811s] EVENT PassageStarted: passage #0
[   543.811s] EVENT ExtractionProgress { passage_index: 0, extractor: "ID3", status: "running", timestamp: 1766373142 }
[   543.811s] EVENT ExtractionProgress { passage_index: 0, extractor: "ID3", status: "completed", timestamp: 1766373142 }
[   543.811s] EVENT ExtractionProgress { passage_index: 0, extractor: "Chromaprint", status: "running", timestamp: 1766373142 }
[   544.066s] EVENT ExtractionProgress { passage_index: 0, extractor: "Chromaprint", status: "completed", timestamp: 1766373142 }
[   544.066s] EVENT ExtractionProgress { passage_index: 0, extractor: "AudioDerived", status: "running", timestamp: 1766373142 }
[   544.467s] EVENT ExtractionProgress { passage_index: 0, extractor: "AudioDerived", status: "completed", timestamp: 1766373142 }
[   544.467s] EVENT ExtractionProgress { passage_index: 0, extractor: "ID3GenreMapper", status: "running", timestamp: 1766373142 }
[   544.467s] EVENT ExtractionProgress { passage_index: 0, extractor: "ID3GenreMapper", status: "completed", timestamp: 1766373142 }
[   544.467s] EVENT FusionStarted { passage_index: 0, timestamp: 1766373142 }
[   544.467s] EVENT ExtractionProgress { passage_index: 0, extractor: "MusicBrainz-Pass2", status: "running", timestamp: 1766373142 }
[   544.470s] FILE_COMPLETE [25/5737] (4_Non_Blondes)Bigger,_Better,_Faster,_More-10-Drifting.mp3 - 1 passages in 7.57s (total_elapsed: 544.5s)
[   544.470s] FILE_START [26/5737] (4_Non_Blondes)Bigger,_Better,_Faster,_More-11-No_Place_Like_Home.mp3
[   544.483s] EVENT ExtractionProgress { passage_index: 0, extractor: "MusicBrainz-Pass2", status: "completed", timestamp: 1766373142 }
[   544.483s] EVENT FusionStarted { passage_index: 0, timestamp: 1766373142 }
[   544.483s] EVENT ValidationStarted { passage_index: 0, timestamp: 1766373142 }
[   544.483s] EVENT PassageCompleted: passage #0
[   544.483s] EVENT FileCompleted: "C:\\Users\\Mango Cat\\Music\\4 Non Blondes\\Bigger,_Better,_Faster,_More\\(4_Non_Blondes)Bigger,_Better,_Faster,_More-10-Drifting.mp3"
[   544.483s] EVENT FileStarted: "C:\\Users\\Mango Cat\\Music\\4 Non Blondes\\Bigger,_Better,_Faster,_More\\(4_Non_Blondes)Bigger,_Better,_Faster,_More-11-No_Place_Like_Home.mp3"
[   544.483s] EVENT SingleTrackCheckCompleted { file_path: "C:\\Users\\Mango Cat\\Music\\4 Non Blondes\\Bigger,_Better,_Faster,_More\\(4_Non_Blondes)Bigger,_Better,_Faster,_More-11-No_Place_Like_Home.mp3", score: 1.8, is_single_track: true }
[   550.688s] EVENT BoundaryDetected { passage_index: 0, start_time: 0, end_time: 5323161600, confidence: 0.5, timestamp: 1766373149 }
[   550.688s] EVENT PassageStarted: passage #0
[   550.688s] EVENT ExtractionProgress { passage_index: 0, extractor: "ID3", status: "running", timestamp: 1766373149 }
[   550.688s] EVENT ExtractionProgress { passage_index: 0, extractor: "ID3", status: "completed", timestamp: 1766373149 }
[   550.688s] EVENT ExtractionProgress { passage_index: 0, extractor: "Chromaprint", status: "running", timestamp: 1766373149 }
[   550.915s] EVENT ExtractionProgress { passage_index: 0, extractor: "Chromaprint", status: "completed", timestamp: 1766373149 }
[   550.915s] EVENT ExtractionProgress { passage_index: 0, extractor: "AudioDerived", status: "running", timestamp: 1766373149 }
[   551.279s] EVENT ExtractionProgress { passage_index: 0, extractor: "AudioDerived", status: "completed", timestamp: 1766373149 }
[   551.279s] EVENT ExtractionProgress { passage_index: 0, extractor: "ID3GenreMapper", status: "running", timestamp: 1766373149 }
[   551.279s] EVENT ExtractionProgress { passage_index: 0, extractor: "ID3GenreMapper", status: "completed", timestamp: 1766373149 }
[   551.279s] EVENT FusionStarted { passage_index: 0, timestamp: 1766373149 }
[   551.279s] EVENT ExtractionProgress { passage_index: 0, extractor: "MusicBrainz-Pass2", status: "running", timestamp: 1766373149 }
[   551.282s] FILE_COMPLETE [26/5737] (4_Non_Blondes)Bigger,_Better,_Faster,_More-11-No_Place_Like_Home.mp3 - 1 passages in 6.81s (total_elapsed: 551.3s)
[   551.282s] FILE_START [27/5737] (Paula_Abdul)Shut_up_and_dance_(The_Dance_Mixes)-01-Coldhearted_(Quiverin'_12-).mp3
[   551.283s] EVENT ExtractionProgress { passage_index: 0, extractor: "MusicBrainz-Pass2", status: "completed", timestamp: 1766373149 }
[   551.283s] EVENT FusionStarted { passage_index: 0, timestamp: 1766373149 }
[   551.283s] EVENT ValidationStarted { passage_index: 0, timestamp: 1766373149 }
[   551.283s] EVENT PassageCompleted: passage #0
[   551.283s] EVENT FileCompleted: "C:\\Users\\Mango Cat\\Music\\4 Non Blondes\\Bigger,_Better,_Faster,_More\\(4_Non_Blondes)Bigger,_Better,_Faster,_More-11-No_Place_Like_Home.mp3"
[   551.283s] EVENT FileStarted: "C:\\Users\\Mango Cat\\Music\\Abdul, Paula\\Shut_up_and_dance_(The_Dance_Mixes)\\(Paula_Abdul)Shut_up_and_dance_(The_Dance_Mixes)-01-Coldhearted_(Quiverin'_12-).mp3"
[   551.283s] EVENT SingleTrackCheckCompleted { file_path: "C:\\Users\\Mango Cat\\Music\\Abdul, Paula\\Shut_up_and_dance_(The_Dance_Mixes)\\(Paula_Abdul)Shut_up_and_dance_(The_Dance_Mixes)-01-Coldhearted_(Quiverin'_12-).mp3", score: 1.8, is_single_track: true }
[   561.635s] EVENT BoundaryDetected { passage_index: 0, start_time: 0, end_time: 8828190720, confidence: 0.5, timestamp: 1766373160 }
[   561.635s] EVENT PassageStarted: passage #0
[   561.635s] EVENT ExtractionProgress { passage_index: 0, extractor: "ID3", status: "running", timestamp: 1766373160 }
[   561.635s] EVENT ExtractionProgress { passage_index: 0, extractor: "ID3", status: "completed", timestamp: 1766373160 }
[   561.635s] EVENT ExtractionProgress { passage_index: 0, extractor: "Chromaprint", status: "running", timestamp: 1766373160 }
[   562.016s] EVENT ExtractionProgress { passage_index: 0, extractor: "Chromaprint", status: "completed", timestamp: 1766373160 }
[   562.016s] EVENT ExtractionProgress { passage_index: 0, extractor: "AudioDerived", status: "running", timestamp: 1766373160 }
[   562.624s] EVENT ExtractionProgress { passage_index: 0, extractor: "AudioDerived", status: "completed", timestamp: 1766373161 }
[   562.624s] EVENT ExtractionProgress { passage_index: 0, extractor: "ID3GenreMapper", status: "running", timestamp: 1766373161 }
[   562.624s] EVENT ExtractionProgress { passage_index: 0, extractor: "ID3GenreMapper", status: "completed", timestamp: 1766373161 }
[   562.624s] EVENT FusionStarted { passage_index: 0, timestamp: 1766373161 }
[   562.624s] EVENT ExtractionProgress { passage_index: 0, extractor: "MusicBrainz-Pass2", status: "running", timestamp: 1766373161 }
[   562.628s] FILE_COMPLETE [27/5737] (Paula_Abdul)Shut_up_and_dance_(The_Dance_Mixes)-01-Coldhearted_(Quiverin'_12-).mp3 - 1 passages in 11.35s (total_elapsed: 562.6s)
[   562.628s] FILE_START [28/5737] (Paula_Abdul)Shut_up_and_dance_(The_Dance_Mixes)-02-Straight_up_(Ultimix_Mix).mp3
[   562.629s] EVENT ExtractionProgress { passage_index: 0, extractor: "MusicBrainz-Pass2", status: "completed", timestamp: 1766373161 }
[   562.629s] EVENT FusionStarted { passage_index: 0, timestamp: 1766373161 }
[   562.629s] EVENT ValidationStarted { passage_index: 0, timestamp: 1766373161 }
[   562.629s] EVENT PassageCompleted: passage #0
[   562.629s] EVENT FileCompleted: "C:\\Users\\Mango Cat\\Music\\Abdul, Paula\\Shut_up_and_dance_(The_Dance_Mixes)\\(Paula_Abdul)Shut_up_and_dance_(The_Dance_Mixes)-01-Coldhearted_(Quiverin'_12-).mp3"
[   562.629s] EVENT FileStarted: "C:\\Users\\Mango Cat\\Music\\Abdul, Paula\\Shut_up_and_dance_(The_Dance_Mixes)\\(Paula_Abdul)Shut_up_and_dance_(The_Dance_Mixes)-02-Straight_up_(Ultimix_Mix).mp3"
[   562.629s] EVENT SingleTrackCheckCompleted { file_path: "C:\\Users\\Mango Cat\\Music\\Abdul, Paula\\Shut_up_and_dance_(The_Dance_Mixes)\\(Paula_Abdul)Shut_up_and_dance_(The_Dance_Mixes)-02-Straight_up_(Ultimix_Mix).mp3", score: 1.8, is_single_track: true }
[   576.355s] EVENT BoundaryDetected { passage_index: 0, start_time: 0, end_time: 11715379200, confidence: 0.5, timestamp: 1766373174 }
[   576.355s] EVENT PassageStarted: passage #0
[   576.355s] EVENT ExtractionProgress { passage_index: 0, extractor: "ID3", status: "running", timestamp: 1766373174 }
[   576.355s] EVENT ExtractionProgress { passage_index: 0, extractor: "ID3", status: "completed", timestamp: 1766373174 }
[   576.355s] EVENT ExtractionProgress { passage_index: 0, extractor: "Chromaprint", status: "running", timestamp: 1766373174 }
[   576.850s] EVENT ExtractionProgress { passage_index: 0, extractor: "Chromaprint", status: "completed", timestamp: 1766373175 }
[   576.850s] EVENT ExtractionProgress { passage_index: 0, extractor: "AudioDerived", status: "running", timestamp: 1766373175 }
[   577.653s] EVENT ExtractionProgress { passage_index: 0, extractor: "AudioDerived", status: "completed", timestamp: 1766373176 }
[   577.653s] EVENT ExtractionProgress { passage_index: 0, extractor: "ID3GenreMapper", status: "running", timestamp: 1766373176 }
[   577.653s] EVENT ExtractionProgress { passage_index: 0, extractor: "ID3GenreMapper", status: "completed", timestamp: 1766373176 }
[   577.653s] EVENT FusionStarted { passage_index: 0, timestamp: 1766373176 }
[   577.653s] EVENT ExtractionProgress { passage_index: 0, extractor: "MusicBrainz-Pass2", status: "running", timestamp: 1766373176 }
[   577.658s] FILE_COMPLETE [28/5737] (Paula_Abdul)Shut_up_and_dance_(The_Dance_Mixes)-02-Straight_up_(Ultimix_Mix).mp3 - 1 passages in 15.03s (total_elapsed: 577.7s)
[   577.658s] FILE_START [29/5737] (Paula_Abdul)Shut_up_and_dance_(The_Dance_Mixes)-03-One_or_the_other_(1990_Mix).mp3
[   577.659s] EVENT ExtractionProgress { passage_index: 0, extractor: "MusicBrainz-Pass2", status: "completed", timestamp: 1766373176 }
[   577.659s] EVENT FusionStarted { passage_index: 0, timestamp: 1766373176 }
[   577.659s] EVENT ValidationStarted { passage_index: 0, timestamp: 1766373176 }
[   577.659s] EVENT PassageCompleted: passage #0
[   577.659s] EVENT FileCompleted: "C:\\Users\\Mango Cat\\Music\\Abdul, Paula\\Shut_up_and_dance_(The_Dance_Mixes)\\(Paula_Abdul)Shut_up_and_dance_(The_Dance_Mixes)-02-Straight_up_(Ultimix_Mix).mp3"
[   577.659s] EVENT FileStarted: "C:\\Users\\Mango Cat\\Music\\Abdul, Paula\\Shut_up_and_dance_(The_Dance_Mixes)\\(Paula_Abdul)Shut_up_and_dance_(The_Dance_Mixes)-03-One_or_the_other_(1990_Mix).mp3"
[   577.659s] EVENT SingleTrackCheckCompleted { file_path: "C:\\Users\\Mango Cat\\Music\\Abdul, Paula\\Shut_up_and_dance_(The_Dance_Mixes)\\(Paula_Abdul)Shut_up_and_dance_(The_Dance_Mixes)-03-One_or_the_other_(1990_Mix).mp3", score: 1.8, is_single_track: true }
[   592.777s] EVENT BoundaryDetected { passage_index: 0, start_time: 0, end_time: 11365908480, confidence: 0.5, timestamp: 1766373191 }
[   592.777s] EVENT PassageStarted: passage #0
[   592.777s] EVENT ExtractionProgress { passage_index: 0, extractor: "ID3", status: "running", timestamp: 1766373191 }
[   592.777s] EVENT ExtractionProgress { passage_index: 0, extractor: "ID3", status: "completed", timestamp: 1766373191 }
[   592.777s] EVENT ExtractionProgress { passage_index: 0, extractor: "Chromaprint", status: "running", timestamp: 1766373191 }
[   593.270s] EVENT ExtractionProgress { passage_index: 0, extractor: "Chromaprint", status: "completed", timestamp: 1766373191 }
[   593.270s] EVENT ExtractionProgress { passage_index: 0, extractor: "AudioDerived", status: "running", timestamp: 1766373191 }
[   594.035s] EVENT ExtractionProgress { passage_index: 0, extractor: "AudioDerived", status: "completed", timestamp: 1766373192 }
[   594.035s] EVENT ExtractionProgress { passage_index: 0, extractor: "ID3GenreMapper", status: "running", timestamp: 1766373192 }
[   594.035s] EVENT ExtractionProgress { passage_index: 0, extractor: "ID3GenreMapper", status: "completed", timestamp: 1766373192 }
[   594.035s] EVENT FusionStarted { passage_index: 0, timestamp: 1766373192 }
[   594.035s] EVENT ExtractionProgress { passage_index: 0, extractor: "MusicBrainz-Pass2", status: "running", timestamp: 1766373192 }
[   594.040s] FILE_COMPLETE [29/5737] (Paula_Abdul)Shut_up_and_dance_(The_Dance_Mixes)-03-One_or_the_other_(1990_Mix).mp3 - 1 passages in 16.38s (total_elapsed: 594.0s)
[   594.040s] FILE_START [30/5737] (Paula_Abdul)Shut_up_and_dance_(The_Dance_Mixes)-04-Forever_your_Girl_(Frankie_Foncett_Mix).mp3
[   594.040s] EVENT ExtractionProgress { passage_index: 0, extractor: "MusicBrainz-Pass2", status: "completed", timestamp: 1766373192 }
[   594.040s] EVENT FusionStarted { passage_index: 0, timestamp: 1766373192 }
[   594.040s] EVENT ValidationStarted { passage_index: 0, timestamp: 1766373192 }
[   594.040s] EVENT PassageCompleted: passage #0
[   594.040s] EVENT FileCompleted: "C:\\Users\\Mango Cat\\Music\\Abdul, Paula\\Shut_up_and_dance_(The_Dance_Mixes)\\(Paula_Abdul)Shut_up_and_dance_(The_Dance_Mixes)-03-One_or_the_other_(1990_Mix).mp3"
[   594.040s] EVENT FileStarted: "C:\\Users\\Mango Cat\\Music\\Abdul, Paula\\Shut_up_and_dance_(The_Dance_Mixes)\\(Paula_Abdul)Shut_up_and_dance_(The_Dance_Mixes)-04-Forever_your_Girl_(Frankie_Foncett_Mix).mp3"
[   594.040s] EVENT SingleTrackCheckCompleted { file_path: "C:\\Users\\Mango Cat\\Music\\Abdul, Paula\\Shut_up_and_dance_(The_Dance_Mixes)\\(Paula_Abdul)Shut_up_and_dance_(The_Dance_Mixes)-04-Forever_your_Girl_(Frankie_Foncett_Mix).mp3", score: 1.8, is_single_track: true }
[   606.234s] EVENT BoundaryDetected { passage_index: 0, start_time: 0, end_time: 10356572160, confidence: 0.5, timestamp: 1766373204 }
[   606.234s] EVENT PassageStarted: passage #0
[   606.234s] EVENT ExtractionProgress { passage_index: 0, extractor: "ID3", status: "running", timestamp: 1766373204 }
[   606.234s] EVENT ExtractionProgress { passage_index: 0, extractor: "ID3", status: "completed", timestamp: 1766373204 }
[   606.234s] EVENT ExtractionProgress { passage_index: 0, extractor: "Chromaprint", status: "running", timestamp: 1766373204 }
[   606.673s] EVENT ExtractionProgress { passage_index: 0, extractor: "Chromaprint", status: "completed", timestamp: 1766373205 }
[   606.673s] EVENT ExtractionProgress { passage_index: 0, extractor: "AudioDerived", status: "running", timestamp: 1766373205 }
[   607.364s] EVENT ExtractionProgress { passage_index: 0, extractor: "AudioDerived", status: "completed", timestamp: 1766373205 }
[   607.364s] EVENT ExtractionProgress { passage_index: 0, extractor: "ID3GenreMapper", status: "running", timestamp: 1766373205 }
[   607.364s] EVENT ExtractionProgress { passage_index: 0, extractor: "ID3GenreMapper", status: "completed", timestamp: 1766373205 }
[   607.364s] EVENT FusionStarted { passage_index: 0, timestamp: 1766373205 }
[   607.364s] EVENT ExtractionProgress { passage_index: 0, extractor: "MusicBrainz-Pass2", status: "running", timestamp: 1766373205 }
[   607.369s] FILE_COMPLETE [30/5737] (Paula_Abdul)Shut_up_and_dance_(The_Dance_Mixes)-04-Forever_your_Girl_(Frankie_Foncett_Mix).mp3 - 1 passages in 13.33s (total_elapsed: 607.4s)
[   607.369s] PROGRESS 30/5737 (0.5%) - 0.05 files/sec - ETA: 1925.7min
[   607.369s] FILE_START [31/5737] (Paula_Abdul)Shut_up_and_dance_(The_Dance_Mixes)-05-Knocked_out_(Pettibone_12-).mp3
[   607.379s] EVENT ExtractionProgress { passage_index: 0, extractor: "MusicBrainz-Pass2", status: "completed", timestamp: 1766373205 }
[   607.379s] EVENT FusionStarted { passage_index: 0, timestamp: 1766373205 }
[   607.379s] EVENT ValidationStarted { passage_index: 0, timestamp: 1766373205 }
[   607.379s] EVENT PassageCompleted: passage #0
[   607.379s] EVENT FileCompleted: "C:\\Users\\Mango Cat\\Music\\Abdul, Paula\\Shut_up_and_dance_(The_Dance_Mixes)\\(Paula_Abdul)Shut_up_and_dance_(The_Dance_Mixes)-04-Forever_your_Girl_(Frankie_Foncett_Mix).mp3"
[   607.379s] EVENT FileStarted: "C:\\Users\\Mango Cat\\Music\\Abdul, Paula\\Shut_up_and_dance_(The_Dance_Mixes)\\(Paula_Abdul)Shut_up_and_dance_(The_Dance_Mixes)-05-Knocked_out_(Pettibone_12-).mp3"
[   607.379s] EVENT SingleTrackCheckCompleted { file_path: "C:\\Users\\Mango Cat\\Music\\Abdul, Paula\\Shut_up_and_dance_(The_Dance_Mixes)\\(Paula_Abdul)Shut_up_and_dance_(The_Dance_Mixes)-05-Knocked_out_(Pettibone_12-).mp3", score: 1.8, is_single_track: true }
[   619.655s] EVENT BoundaryDetected { passage_index: 0, start_time: 0, end_time: 10467164160, confidence: 0.5, timestamp: 1766373218 }
[   619.655s] EVENT PassageStarted: passage #0
[   619.655s] EVENT ExtractionProgress { passage_index: 0, extractor: "ID3", status: "running", timestamp: 1766373218 }
[   619.655s] EVENT ExtractionProgress { passage_index: 0, extractor: "ID3", status: "completed", timestamp: 1766373218 }
[   619.655s] EVENT ExtractionProgress { passage_index: 0, extractor: "Chromaprint", status: "running", timestamp: 1766373218 }
[   620.090s] EVENT ExtractionProgress { passage_index: 0, extractor: "Chromaprint", status: "completed", timestamp: 1766373218 }
[   620.090s] EVENT ExtractionProgress { passage_index: 0, extractor: "AudioDerived", status: "running", timestamp: 1766373218 }
[   620.798s] EVENT ExtractionProgress { passage_index: 0, extractor: "AudioDerived", status: "completed", timestamp: 1766373219 }
[   620.798s] EVENT ExtractionProgress { passage_index: 0, extractor: "ID3GenreMapper", status: "running", timestamp: 1766373219 }
[   620.798s] EVENT ExtractionProgress { passage_index: 0, extractor: "ID3GenreMapper", status: "completed", timestamp: 1766373219 }
[   620.798s] EVENT FusionStarted { passage_index: 0, timestamp: 1766373219 }
[   620.798s] EVENT ExtractionProgress { passage_index: 0, extractor: "MusicBrainz-Pass2", status: "running", timestamp: 1766373219 }
[   620.802s] FILE_COMPLETE [31/5737] (Paula_Abdul)Shut_up_and_dance_(The_Dance_Mixes)-05-Knocked_out_(Pettibone_12-).mp3 - 1 passages in 13.43s (total_elapsed: 620.8s)
[   620.802s] FILE_START [32/5737] (Paula_Abdul)Shut_up_and_dance_(The_Dance_Mixes)-06-The_Way_that_you_love_me_(HouseAFire_Mix).mp3
[   620.803s] EVENT ExtractionProgress { passage_index: 0, extractor: "MusicBrainz-Pass2", status: "completed", timestamp: 1766373219 }
[   620.803s] EVENT FusionStarted { passage_index: 0, timestamp: 1766373219 }
[   620.803s] EVENT ValidationStarted { passage_index: 0, timestamp: 1766373219 }
[   620.803s] EVENT PassageCompleted: passage #0
[   620.803s] EVENT FileCompleted: "C:\\Users\\Mango Cat\\Music\\Abdul, Paula\\Shut_up_and_dance_(The_Dance_Mixes)\\(Paula_Abdul)Shut_up_and_dance_(The_Dance_Mixes)-05-Knocked_out_(Pettibone_12-).mp3"
[   620.803s] EVENT FileStarted: "C:\\Users\\Mango Cat\\Music\\Abdul, Paula\\Shut_up_and_dance_(The_Dance_Mixes)\\(Paula_Abdul)Shut_up_and_dance_(The_Dance_Mixes)-06-The_Way_that_you_love_me_(HouseAFire_Mix).mp3"
[   620.803s] EVENT SingleTrackCheckCompleted { file_path: "C:\\Users\\Mango Cat\\Music\\Abdul, Paula\\Shut_up_and_dance_(The_Dance_Mixes)\\(Paula_Abdul)Shut_up_and_dance_(The_Dance_Mixes)-06-The_Way_that_you_love_me_(HouseAFire_Mix).mp3", score: 1.8, is_single_track: true }
[   630.153s] EVENT BoundaryDetected { passage_index: 0, start_time: 0, end_time: 7974420480, confidence: 0.5, timestamp: 1766373228 }
[   630.153s] EVENT PassageStarted: passage #0
[   630.153s] EVENT ExtractionProgress { passage_index: 0, extractor: "ID3", status: "running", timestamp: 1766373228 }
[   630.153s] EVENT ExtractionProgress { passage_index: 0, extractor: "ID3", status: "completed", timestamp: 1766373228 }
[   630.153s] EVENT ExtractionProgress { passage_index: 0, extractor: "Chromaprint", status: "running", timestamp: 1766373228 }
[   630.480s] EVENT ExtractionProgress { passage_index: 0, extractor: "Chromaprint", status: "completed", timestamp: 1766373228 }
[   630.480s] EVENT ExtractionProgress { passage_index: 0, extractor: "AudioDerived", status: "running", timestamp: 1766373228 }
[   631.045s] EVENT ExtractionProgress { passage_index: 0, extractor: "AudioDerived", status: "completed", timestamp: 1766373229 }
[   631.045s] EVENT ExtractionProgress { passage_index: 0, extractor: "ID3GenreMapper", status: "running", timestamp: 1766373229 }
[   631.045s] EVENT ExtractionProgress { passage_index: 0, extractor: "ID3GenreMapper", status: "completed", timestamp: 1766373229 }
[   631.045s] EVENT FusionStarted { passage_index: 0, timestamp: 1766373229 }
[   631.045s] EVENT ExtractionProgress { passage_index: 0, extractor: "MusicBrainz-Pass2", status: "running", timestamp: 1766373229 }
[   631.049s] FILE_COMPLETE [32/5737] (Paula_Abdul)Shut_up_and_dance_(The_Dance_Mixes)-06-The_Way_that_you_love_me_(HouseAFire_Mix).mp3 - 1 passages in 10.25s (total_elapsed: 631.0s)
[   631.049s] FILE_START [33/5737] (Paula_Abdul)Shut_up_and_dance_(The_Dance_Mixes)-07-Opposites_attract_(1990_Mix).mp3
[   631.050s] EVENT ExtractionProgress { passage_index: 0, extractor: "MusicBrainz-Pass2", status: "completed", timestamp: 1766373229 }
[   631.050s] EVENT FusionStarted { passage_index: 0, timestamp: 1766373229 }
[   631.050s] EVENT ValidationStarted { passage_index: 0, timestamp: 1766373229 }
[   631.050s] EVENT PassageCompleted: passage #0
[   631.050s] EVENT FileCompleted: "C:\\Users\\Mango Cat\\Music\\Abdul, Paula\\Shut_up_and_dance_(The_Dance_Mixes)\\(Paula_Abdul)Shut_up_and_dance_(The_Dance_Mixes)-06-The_Way_that_you_love_me_(HouseAFire_Mix).mp3"
[   631.050s] EVENT FileStarted: "C:\\Users\\Mango Cat\\Music\\Abdul, Paula\\Shut_up_and_dance_(The_Dance_Mixes)\\(Paula_Abdul)Shut_up_and_dance_(The_Dance_Mixes)-07-Opposites_attract_(1990_Mix).mp3"
[   631.050s] EVENT SingleTrackCheckCompleted { file_path: "C:\\Users\\Mango Cat\\Music\\Abdul, Paula\\Shut_up_and_dance_(The_Dance_Mixes)\\(Paula_Abdul)Shut_up_and_dance_(The_Dance_Mixes)-07-Opposites_attract_(1990_Mix).mp3", score: 1.8, is_single_track: true }
[   645.263s] EVENT BoundaryDetected { passage_index: 0, start_time: 0, end_time: 11520000000, confidence: 0.5, timestamp: 1766373243 }
[   645.263s] EVENT PassageStarted: passage #0
[   645.263s] EVENT ExtractionProgress { passage_index: 0, extractor: "ID3", status: "running", timestamp: 1766373243 }
[   645.263s] EVENT ExtractionProgress { passage_index: 0, extractor: "ID3", status: "completed", timestamp: 1766373243 }
[   645.263s] EVENT ExtractionProgress { passage_index: 0, extractor: "Chromaprint", status: "running", timestamp: 1766373243 }
[   646.003s] EVENT ExtractionProgress { passage_index: 0, extractor: "Chromaprint", status: "completed", timestamp: 1766373244 }
[   646.003s] EVENT ExtractionProgress { passage_index: 0, extractor: "AudioDerived", status: "running", timestamp: 1766373244 }
[   646.961s] EVENT ExtractionProgress { passage_index: 0, extractor: "AudioDerived", status: "completed", timestamp: 1766373245 }
[   646.961s] EVENT ExtractionProgress { passage_index: 0, extractor: "ID3GenreMapper", status: "running", timestamp: 1766373245 }
[   646.961s] EVENT ExtractionProgress { passage_index: 0, extractor: "ID3GenreMapper", status: "completed", timestamp: 1766373245 }
[   646.961s] EVENT FusionStarted { passage_index: 0, timestamp: 1766373245 }
[   646.961s] EVENT ExtractionProgress { passage_index: 0, extractor: "MusicBrainz-Pass2", status: "running", timestamp: 1766373245 }
[   646.967s] FILE_COMPLETE [33/5737] (Paula_Abdul)Shut_up_and_dance_(The_Dance_Mixes)-07-Opposites_attract_(1990_Mix).mp3 - 1 passages in 15.92s (total_elapsed: 647.0s)
[   646.967s] FILE_START [34/5737] (Paula_Abdul)Shut_up_and_dance_(The_Dance_Mixes)-08-1990_Medley_Mix.mp3
[   646.967s] EVENT ExtractionProgress { passage_index: 0, extractor: "MusicBrainz-Pass2", status: "completed", timestamp: 1766373245 }
[   646.967s] EVENT FusionStarted { passage_index: 0, timestamp: 1766373245 }
[   646.967s] EVENT ValidationStarted { passage_index: 0, timestamp: 1766373245 }
[   646.967s] EVENT PassageCompleted: passage #0
[   646.967s] EVENT FileCompleted: "C:\\Users\\Mango Cat\\Music\\Abdul, Paula\\Shut_up_and_dance_(The_Dance_Mixes)\\(Paula_Abdul)Shut_up_and_dance_(The_Dance_Mixes)-07-Opposites_attract_(1990_Mix).mp3"
[   646.967s] EVENT FileStarted: "C:\\Users\\Mango Cat\\Music\\Abdul, Paula\\Shut_up_and_dance_(The_Dance_Mixes)\\(Paula_Abdul)Shut_up_and_dance_(The_Dance_Mixes)-08-1990_Medley_Mix.mp3"
[   646.967s] EVENT SingleTrackCheckCompleted { file_path: "C:\\Users\\Mango Cat\\Music\\Abdul, Paula\\Shut_up_and_dance_(The_Dance_Mixes)\\(Paula_Abdul)Shut_up_and_dance_(The_Dance_Mixes)-08-1990_Medley_Mix.mp3", score: 1.8, is_single_track: true }
[   661.934s] EVENT BoundaryDetected { passage_index: 0, start_time: 0, end_time: 12277923840, confidence: 0.5, timestamp: 1766373260 }
[   661.934s] EVENT PassageStarted: passage #0
[   661.934s] EVENT ExtractionProgress { passage_index: 0, extractor: "ID3", status: "running", timestamp: 1766373260 }
[   661.934s] EVENT ExtractionProgress { passage_index: 0, extractor: "ID3", status: "completed", timestamp: 1766373260 }
[   661.934s] EVENT ExtractionProgress { passage_index: 0, extractor: "Chromaprint", status: "running", timestamp: 1766373260 }
[   662.553s] EVENT ExtractionProgress { passage_index: 0, extractor: "Chromaprint", status: "completed", timestamp: 1766373260 }
[   662.553s] EVENT ExtractionProgress { passage_index: 0, extractor: "AudioDerived", status: "running", timestamp: 1766373260 }
[   663.419s] FILE_COMPLETE [34/5737] (Paula_Abdul)Shut_up_and_dance_(The_Dance_Mixes)-08-1990_Medley_Mix.mp3 - 1 passages in 16.45s (total_elapsed: 663.4s)
[   663.419s] FILE_START [35/5737] Disc 1 - 1 - Hells Bells.mp3
[   663.420s] EVENT ExtractionProgress { passage_index: 0, extractor: "AudioDerived", status: "completed", timestamp: 1766373261 }
[   663.420s] EVENT ExtractionProgress { passage_index: 0, extractor: "ID3GenreMapper", status: "running", timestamp: 1766373261 }
[   663.420s] EVENT ExtractionProgress { passage_index: 0, extractor: "ID3GenreMapper", status: "completed", timestamp: 1766373261 }
[   663.420s] EVENT FusionStarted { passage_index: 0, timestamp: 1766373261 }
[   663.420s] EVENT ExtractionProgress { passage_index: 0, extractor: "MusicBrainz-Pass2", status: "running", timestamp: 1766373261 }
[   663.420s] EVENT ExtractionProgress { passage_index: 0, extractor: "MusicBrainz-Pass2", status: "completed", timestamp: 1766373261 }
[   663.420s] EVENT FusionStarted { passage_index: 0, timestamp: 1766373261 }
[   663.420s] EVENT ValidationStarted { passage_index: 0, timestamp: 1766373261 }
[   663.420s] EVENT PassageCompleted: passage #0
[   663.420s] EVENT FileCompleted: "C:\\Users\\Mango Cat\\Music\\Abdul, Paula\\Shut_up_and_dance_(The_Dance_Mixes)\\(Paula_Abdul)Shut_up_and_dance_(The_Dance_Mixes)-08-1990_Medley_Mix.mp3"
[   663.420s] EVENT FileStarted: "C:\\Users\\Mango Cat\\Music\\AC-DC\\Back in Black\\Disc 1 - 1 - Hells Bells.mp3"
[   663.420s] EVENT SingleTrackCheckCompleted { file_path: "C:\\Users\\Mango Cat\\Music\\AC-DC\\Back in Black\\Disc 1 - 1 - Hells Bells.mp3", score: 1.8, is_single_track: true }
[   674.250s] EVENT BoundaryDetected { passage_index: 0, start_time: 0, end_time: 8818606080, confidence: 0.5, timestamp: 1766373272 }
[   674.250s] EVENT PassageStarted: passage #0
[   674.250s] EVENT ExtractionProgress { passage_index: 0, extractor: "ID3", status: "running", timestamp: 1766373272 }
[   674.250s] EVENT ExtractionProgress { passage_index: 0, extractor: "ID3", status: "completed", timestamp: 1766373272 }
[   674.250s] EVENT ExtractionProgress { passage_index: 0, extractor: "Chromaprint", status: "running", timestamp: 1766373272 }
[   674.771s] EVENT ExtractionProgress { passage_index: 0, extractor: "Chromaprint", status: "completed", timestamp: 1766373273 }
[   674.771s] EVENT ExtractionProgress { passage_index: 0, extractor: "AudioDerived", status: "running", timestamp: 1766373273 }
[   675.452s] EVENT ExtractionProgress { passage_index: 0, extractor: "AudioDerived", status: "completed", timestamp: 1766373273 }
[   675.452s] EVENT ExtractionProgress { passage_index: 0, extractor: "ID3GenreMapper", status: "running", timestamp: 1766373273 }
[   675.452s] EVENT ExtractionProgress { passage_index: 0, extractor: "ID3GenreMapper", status: "completed", timestamp: 1766373273 }
[   675.452s] EVENT FusionStarted { passage_index: 0, timestamp: 1766373273 }
[   675.452s] EVENT ExtractionProgress { passage_index: 0, extractor: "MusicBrainz-Pass2", status: "running", timestamp: 1766373273 }
[   675.456s] FILE_COMPLETE [35/5737] Disc 1 - 1 - Hells Bells.mp3 - 1 passages in 12.04s (total_elapsed: 675.4s)
[   675.456s] FILE_START [36/5737] Disc 1 - 10 - Rock and Roll Ain't Noise Pollution.mp3
[   675.457s] EVENT ExtractionProgress { passage_index: 0, extractor: "MusicBrainz-Pass2", status: "completed", timestamp: 1766373273 }
[   675.457s] EVENT FusionStarted { passage_index: 0, timestamp: 1766373273 }
[   675.457s] EVENT ValidationStarted { passage_index: 0, timestamp: 1766373273 }
[   675.457s] EVENT PassageCompleted: passage #0
[   675.457s] EVENT FileCompleted: "C:\\Users\\Mango Cat\\Music\\AC-DC\\Back in Black\\Disc 1 - 1 - Hells Bells.mp3"
[   675.457s] EVENT FileStarted: "C:\\Users\\Mango Cat\\Music\\AC-DC\\Back in Black\\Disc 1 - 10 - Rock and Roll Ain't Noise Pollution.mp3"
[   675.457s] EVENT SingleTrackCheckCompleted { file_path: "C:\\Users\\Mango Cat\\Music\\AC-DC\\Back in Black\\Disc 1 - 10 - Rock and Roll Ain't Noise Pollution.mp3", score: 1.8, is_single_track: true }
[   684.442s] EVENT BoundaryDetected { passage_index: 0, start_time: 0, end_time: 7509934080, confidence: 0.5, timestamp: 1766373282 }
[   684.442s] EVENT PassageStarted: passage #0
[   684.442s] EVENT ExtractionProgress { passage_index: 0, extractor: "ID3", status: "running", timestamp: 1766373282 }
[   684.442s] EVENT ExtractionProgress { passage_index: 0, extractor: "ID3", status: "completed", timestamp: 1766373282 }
[   684.442s] EVENT ExtractionProgress { passage_index: 0, extractor: "Chromaprint", status: "running", timestamp: 1766373282 }
[   684.775s] EVENT ExtractionProgress { passage_index: 0, extractor: "Chromaprint", status: "completed", timestamp: 1766373283 }
[   684.775s] EVENT ExtractionProgress { passage_index: 0, extractor: "AudioDerived", status: "running", timestamp: 1766373283 }
[   685.291s] EVENT ExtractionProgress { passage_index: 0, extractor: "AudioDerived", status: "completed", timestamp: 1766373283 }
[   685.291s] EVENT ExtractionProgress { passage_index: 0, extractor: "ID3GenreMapper", status: "running", timestamp: 1766373283 }
[   685.291s] EVENT ExtractionProgress { passage_index: 0, extractor: "ID3GenreMapper", status: "completed", timestamp: 1766373283 }
[   685.291s] EVENT FusionStarted { passage_index: 0, timestamp: 1766373283 }
[   685.291s] EVENT ExtractionProgress { passage_index: 0, extractor: "MusicBrainz-Pass2", status: "running", timestamp: 1766373283 }
[   685.294s] FILE_COMPLETE [36/5737] Disc 1 - 10 - Rock and Roll Ain't Noise Pollution.mp3 - 1 passages in 9.84s (total_elapsed: 685.3s)
[   685.294s] FILE_START [37/5737] Disc 1 - 2 - Shoot to Thrill.mp3
[   685.305s] EVENT ExtractionProgress { passage_index: 0, extractor: "MusicBrainz-Pass2", status: "completed", timestamp: 1766373283 }
[   685.305s] EVENT FusionStarted { passage_index: 0, timestamp: 1766373283 }
[   685.305s] EVENT ValidationStarted { passage_index: 0, timestamp: 1766373283 }
[   685.305s] EVENT PassageCompleted: passage #0
[   685.305s] EVENT FileCompleted: "C:\\Users\\Mango Cat\\Music\\AC-DC\\Back in Black\\Disc 1 - 10 - Rock and Roll Ain't Noise Pollution.mp3"
[   685.305s] EVENT FileStarted: "C:\\Users\\Mango Cat\\Music\\AC-DC\\Back in Black\\Disc 1 - 2 - Shoot to Thrill.mp3"
[   685.305s] EVENT SingleTrackCheckCompleted { file_path: "C:\\Users\\Mango Cat\\Music\\AC-DC\\Back in Black\\Disc 1 - 2 - Shoot to Thrill.mp3", score: 1.8, is_single_track: true }
[   696.222s] EVENT BoundaryDetected { passage_index: 0, start_time: 0, end_time: 8960163840, confidence: 0.5, timestamp: 1766373294 }
[   696.222s] EVENT PassageStarted: passage #0
[   696.222s] EVENT ExtractionProgress { passage_index: 0, extractor: "ID3", status: "running", timestamp: 1766373294 }
[   696.222s] EVENT ExtractionProgress { passage_index: 0, extractor: "ID3", status: "completed", timestamp: 1766373294 }
[   696.222s] EVENT ExtractionProgress { passage_index: 0, extractor: "Chromaprint", status: "running", timestamp: 1766373294 }
[   696.604s] EVENT ExtractionProgress { passage_index: 0, extractor: "Chromaprint", status: "completed", timestamp: 1766373294 }
[   696.604s] EVENT ExtractionProgress { passage_index: 0, extractor: "AudioDerived", status: "running", timestamp: 1766373294 }
[   697.213s] EVENT ExtractionProgress { passage_index: 0, extractor: "AudioDerived", status: "completed", timestamp: 1766373295 }
[   697.213s] EVENT ExtractionProgress { passage_index: 0, extractor: "ID3GenreMapper", status: "running", timestamp: 1766373295 }
[   697.213s] EVENT ExtractionProgress { passage_index: 0, extractor: "ID3GenreMapper", status: "completed", timestamp: 1766373295 }
[   697.213s] EVENT FusionStarted { passage_index: 0, timestamp: 1766373295 }
[   697.213s] EVENT ExtractionProgress { passage_index: 0, extractor: "MusicBrainz-Pass2", status: "running", timestamp: 1766373295 }
[   697.216s] FILE_COMPLETE [37/5737] Disc 1 - 2 - Shoot to Thrill.mp3 - 1 passages in 11.92s (total_elapsed: 697.2s)
[   697.216s] FILE_START [38/5737] Disc 1 - 3 - What Do You Do for Money Honey.mp3
[   697.217s] EVENT ExtractionProgress { passage_index: 0, extractor: "MusicBrainz-Pass2", status: "completed", timestamp: 1766373295 }
[   697.217s] EVENT FusionStarted { passage_index: 0, timestamp: 1766373295 }
[   697.217s] EVENT ValidationStarted { passage_index: 0, timestamp: 1766373295 }
[   697.217s] EVENT PassageCompleted: passage #0
[   697.217s] EVENT FileCompleted: "C:\\Users\\Mango Cat\\Music\\AC-DC\\Back in Black\\Disc 1 - 2 - Shoot to Thrill.mp3"
[   697.217s] EVENT FileStarted: "C:\\Users\\Mango Cat\\Music\\AC-DC\\Back in Black\\Disc 1 - 3 - What Do You Do for Money Honey.mp3"
[   697.217s] EVENT SingleTrackCheckCompleted { file_path: "C:\\Users\\Mango Cat\\Music\\AC-DC\\Back in Black\\Disc 1 - 3 - What Do You Do for Money Honey.mp3", score: 1.8, is_single_track: true }
[   704.547s] EVENT BoundaryDetected { passage_index: 0, start_time: 0, end_time: 6085509120, confidence: 0.5, timestamp: 1766373302 }
[   704.547s] EVENT PassageStarted: passage #0
[   704.547s] EVENT ExtractionProgress { passage_index: 0, extractor: "ID3", status: "running", timestamp: 1766373302 }
[   704.547s] EVENT ExtractionProgress { passage_index: 0, extractor: "ID3", status: "completed", timestamp: 1766373302 }
[   704.547s] EVENT ExtractionProgress { passage_index: 0, extractor: "Chromaprint", status: "running", timestamp: 1766373302 }
[   704.810s] EVENT ExtractionProgress { passage_index: 0, extractor: "Chromaprint", status: "completed", timestamp: 1766373303 }
[   704.810s] EVENT ExtractionProgress { passage_index: 0, extractor: "AudioDerived", status: "running", timestamp: 1766373303 }
[   705.223s] EVENT ExtractionProgress { passage_index: 0, extractor: "AudioDerived", status: "completed", timestamp: 1766373303 }
[   705.223s] EVENT ExtractionProgress { passage_index: 0, extractor: "ID3GenreMapper", status: "running", timestamp: 1766373303 }
[   705.223s] EVENT ExtractionProgress { passage_index: 0, extractor: "ID3GenreMapper", status: "completed", timestamp: 1766373303 }
[   705.223s] EVENT FusionStarted { passage_index: 0, timestamp: 1766373303 }
[   705.223s] EVENT ExtractionProgress { passage_index: 0, extractor: "MusicBrainz-Pass2", status: "running", timestamp: 1766373303 }
[   705.226s] FILE_COMPLETE [38/5737] Disc 1 - 3 - What Do You Do for Money Honey.mp3 - 1 passages in 8.01s (total_elapsed: 705.2s)
[   705.226s] FILE_START [39/5737] Disc 1 - 4 - Givin the Dog a Bone.mp3
[   705.227s] EVENT ExtractionProgress { passage_index: 0, extractor: "MusicBrainz-Pass2", status: "completed", timestamp: 1766373303 }
[   705.227s] EVENT FusionStarted { passage_index: 0, timestamp: 1766373303 }
[   705.227s] EVENT ValidationStarted { passage_index: 0, timestamp: 1766373303 }
[   705.227s] EVENT PassageCompleted: passage #0
[   705.227s] EVENT FileCompleted: "C:\\Users\\Mango Cat\\Music\\AC-DC\\Back in Black\\Disc 1 - 3 - What Do You Do for Money Honey.mp3"
[   705.227s] EVENT FileStarted: "C:\\Users\\Mango Cat\\Music\\AC-DC\\Back in Black\\Disc 1 - 4 - Givin the Dog a Bone.mp3"
[   705.227s] EVENT SingleTrackCheckCompleted { file_path: "C:\\Users\\Mango Cat\\Music\\AC-DC\\Back in Black\\Disc 1 - 4 - Givin the Dog a Bone.mp3", score: 1.8, is_single_track: true }
[   712.467s] EVENT BoundaryDetected { passage_index: 0, start_time: 0, end_time: 5977866240, confidence: 0.5, timestamp: 1766373310 }
[   712.467s] EVENT PassageStarted: passage #0
[   712.467s] EVENT ExtractionProgress { passage_index: 0, extractor: "ID3", status: "running", timestamp: 1766373310 }
[   712.467s] EVENT ExtractionProgress { passage_index: 0, extractor: "ID3", status: "completed", timestamp: 1766373310 }
[   712.467s] EVENT ExtractionProgress { passage_index: 0, extractor: "Chromaprint", status: "running", timestamp: 1766373310 }
[   712.725s] EVENT ExtractionProgress { passage_index: 0, extractor: "Chromaprint", status: "completed", timestamp: 1766373311 }
[   712.725s] EVENT ExtractionProgress { passage_index: 0, extractor: "AudioDerived", status: "running", timestamp: 1766373311 }
[   713.133s] EVENT ExtractionProgress { passage_index: 0, extractor: "AudioDerived", status: "completed", timestamp: 1766373311 }
[   713.133s] EVENT ExtractionProgress { passage_index: 0, extractor: "ID3GenreMapper", status: "running", timestamp: 1766373311 }
[   713.133s] EVENT ExtractionProgress { passage_index: 0, extractor: "ID3GenreMapper", status: "completed", timestamp: 1766373311 }
[   713.133s] EVENT FusionStarted { passage_index: 0, timestamp: 1766373311 }
[   713.133s] EVENT ExtractionProgress { passage_index: 0, extractor: "MusicBrainz-Pass2", status: "running", timestamp: 1766373311 }
[   713.136s] FILE_COMPLETE [39/5737] Disc 1 - 4 - Givin the Dog a Bone.mp3 - 1 passages in 7.91s (total_elapsed: 713.1s)
[   713.136s] FILE_START [40/5737] Disc 1 - 5 - Let Me Put My Love Into You.mp3
[   713.139s] EVENT ExtractionProgress { passage_index: 0, extractor: "MusicBrainz-Pass2", status: "completed", timestamp: 1766373311 }
[   713.139s] EVENT FusionStarted { passage_index: 0, timestamp: 1766373311 }
[   713.139s] EVENT ValidationStarted { passage_index: 0, timestamp: 1766373311 }
[   713.139s] EVENT PassageCompleted: passage #0
[   713.139s] EVENT FileCompleted: "C:\\Users\\Mango Cat\\Music\\AC-DC\\Back in Black\\Disc 1 - 4 - Givin the Dog a Bone.mp3"
[   713.139s] EVENT FileStarted: "C:\\Users\\Mango Cat\\Music\\AC-DC\\Back in Black\\Disc 1 - 5 - Let Me Put My Love Into You.mp3"
[   713.139s] EVENT SingleTrackCheckCompleted { file_path: "C:\\Users\\Mango Cat\\Music\\AC-DC\\Back in Black\\Disc 1 - 5 - Let Me Put My Love Into You.mp3", score: 1.8, is_single_track: true }
[   722.200s] EVENT BoundaryDetected { passage_index: 0, start_time: 0, end_time: 7206912000, confidence: 0.5, timestamp: 1766373320 }
[   722.200s] EVENT PassageStarted: passage #0
[   722.200s] EVENT ExtractionProgress { passage_index: 0, extractor: "ID3", status: "running", timestamp: 1766373320 }
[   722.200s] EVENT ExtractionProgress { passage_index: 0, extractor: "ID3", status: "completed", timestamp: 1766373320 }
[   722.200s] EVENT ExtractionProgress { passage_index: 0, extractor: "Chromaprint", status: "running", timestamp: 1766373320 }
[   722.512s] EVENT ExtractionProgress { passage_index: 0, extractor: "Chromaprint", status: "completed", timestamp: 1766373320 }
[   722.512s] EVENT ExtractionProgress { passage_index: 0, extractor: "AudioDerived", status: "running", timestamp: 1766373320 }
[   723.008s] EVENT ExtractionProgress { passage_index: 0, extractor: "AudioDerived", status: "completed", timestamp: 1766373321 }
[   723.008s] EVENT ExtractionProgress { passage_index: 0, extractor: "ID3GenreMapper", status: "running", timestamp: 1766373321 }
[   723.008s] EVENT ExtractionProgress { passage_index: 0, extractor: "ID3GenreMapper", status: "completed", timestamp: 1766373321 }
[   723.008s] EVENT FusionStarted { passage_index: 0, timestamp: 1766373321 }
[   723.008s] EVENT ExtractionProgress { passage_index: 0, extractor: "MusicBrainz-Pass2", status: "running", timestamp: 1766373321 }
[   723.012s] FILE_COMPLETE [40/5737] Disc 1 - 5 - Let Me Put My Love Into You.mp3 - 1 passages in 9.88s (total_elapsed: 723.0s)
[   723.012s] PROGRESS 40/5737 (0.7%) - 0.06 files/sec - ETA: 1716.2min
[   723.012s] FILE_START [41/5737] Disc 1 - 6 - Back in Black.mp3
[   723.013s] EVENT ExtractionProgress { passage_index: 0, extractor: "MusicBrainz-Pass2", status: "completed", timestamp: 1766373321 }
[   723.013s] EVENT FusionStarted { passage_index: 0, timestamp: 1766373321 }
[   723.013s] EVENT ValidationStarted { passage_index: 0, timestamp: 1766373321 }
[   723.013s] EVENT PassageCompleted: passage #0
[   723.013s] EVENT FileCompleted: "C:\\Users\\Mango Cat\\Music\\AC-DC\\Back in Black\\Disc 1 - 5 - Let Me Put My Love Into You.mp3"
[   723.013s] EVENT FileStarted: "C:\\Users\\Mango Cat\\Music\\AC-DC\\Back in Black\\Disc 1 - 6 - Back in Black.mp3"
[   723.013s] EVENT SingleTrackCheckCompleted { file_path: "C:\\Users\\Mango Cat\\Music\\AC-DC\\Back in Black\\Disc 1 - 6 - Back in Black.mp3", score: 1.8, is_single_track: true }
[   731.532s] EVENT BoundaryDetected { passage_index: 0, start_time: 0, end_time: 7215759360, confidence: 0.5, timestamp: 1766373329 }
[   731.532s] EVENT PassageStarted: passage #0
[   731.532s] EVENT ExtractionProgress { passage_index: 0, extractor: "ID3", status: "running", timestamp: 1766373329 }
[   731.532s] EVENT ExtractionProgress { passage_index: 0, extractor: "ID3", status: "completed", timestamp: 1766373329 }
[   731.532s] EVENT ExtractionProgress { passage_index: 0, extractor: "Chromaprint", status: "running", timestamp: 1766373329 }
[   731.836s] EVENT ExtractionProgress { passage_index: 0, extractor: "Chromaprint", status: "completed", timestamp: 1766373330 }
[   731.836s] EVENT ExtractionProgress { passage_index: 0, extractor: "AudioDerived", status: "running", timestamp: 1766373330 }
[   732.330s] EVENT ExtractionProgress { passage_index: 0, extractor: "AudioDerived", status: "completed", timestamp: 1766373330 }
[   732.330s] EVENT ExtractionProgress { passage_index: 0, extractor: "ID3GenreMapper", status: "running", timestamp: 1766373330 }
[   732.330s] EVENT ExtractionProgress { passage_index: 0, extractor: "ID3GenreMapper", status: "completed", timestamp: 1766373330 }
[   732.330s] EVENT FusionStarted { passage_index: 0, timestamp: 1766373330 }
[   732.330s] EVENT ExtractionProgress { passage_index: 0, extractor: "MusicBrainz-Pass2", status: "running", timestamp: 1766373330 }
[   732.334s] FILE_COMPLETE [41/5737] Disc 1 - 6 - Back in Black.mp3 - 1 passages in 9.32s (total_elapsed: 732.3s)
[   732.334s] FILE_START [42/5737] Disc 1 - 7 - You Shook Me All Night Long.mp3
[   732.335s] EVENT ExtractionProgress { passage_index: 0, extractor: "MusicBrainz-Pass2", status: "completed", timestamp: 1766373330 }
[   732.335s] EVENT FusionStarted { passage_index: 0, timestamp: 1766373330 }
[   732.335s] EVENT ValidationStarted { passage_index: 0, timestamp: 1766373330 }
[   732.335s] EVENT PassageCompleted: passage #0
[   732.335s] EVENT FileCompleted: "C:\\Users\\Mango Cat\\Music\\AC-DC\\Back in Black\\Disc 1 - 6 - Back in Black.mp3"
[   732.335s] EVENT FileStarted: "C:\\Users\\Mango Cat\\Music\\AC-DC\\Back in Black\\Disc 1 - 7 - You Shook Me All Night Long.mp3"
[   732.335s] EVENT SingleTrackCheckCompleted { file_path: "C:\\Users\\Mango Cat\\Music\\AC-DC\\Back in Black\\Disc 1 - 7 - You Shook Me All Night Long.mp3", score: 1.8, is_single_track: true }
[   739.825s] EVENT BoundaryDetected { passage_index: 0, start_time: 0, end_time: 5933629440, confidence: 0.5, timestamp: 1766373338 }
[   739.825s] EVENT PassageStarted: passage #0
[   739.825s] EVENT ExtractionProgress { passage_index: 0, extractor: "ID3", status: "running", timestamp: 1766373338 }
[   739.825s] EVENT ExtractionProgress { passage_index: 0, extractor: "ID3", status: "completed", timestamp: 1766373338 }
[   739.825s] EVENT ExtractionProgress { passage_index: 0, extractor: "Chromaprint", status: "running", timestamp: 1766373338 }
[   740.080s] EVENT ExtractionProgress { passage_index: 0, extractor: "Chromaprint", status: "completed", timestamp: 1766373338 }
[   740.080s] EVENT ExtractionProgress { passage_index: 0, extractor: "AudioDerived", status: "running", timestamp: 1766373338 }
[   740.484s] EVENT ExtractionProgress { passage_index: 0, extractor: "AudioDerived", status: "completed", timestamp: 1766373338 }
[   740.484s] EVENT ExtractionProgress { passage_index: 0, extractor: "ID3GenreMapper", status: "running", timestamp: 1766373338 }
[   740.484s] EVENT ExtractionProgress { passage_index: 0, extractor: "ID3GenreMapper", status: "completed", timestamp: 1766373338 }
[   740.484s] EVENT FusionStarted { passage_index: 0, timestamp: 1766373338 }
[   740.484s] EVENT ExtractionProgress { passage_index: 0, extractor: "MusicBrainz-Pass2", status: "running", timestamp: 1766373338 }
[   740.487s] FILE_COMPLETE [42/5737] Disc 1 - 7 - You Shook Me All Night Long.mp3 - 1 passages in 8.15s (total_elapsed: 740.5s)
[   740.487s] FILE_START [43/5737] Disc 1 - 8 - Have a Drink on Me.mp3
[   740.488s] EVENT ExtractionProgress { passage_index: 0, extractor: "MusicBrainz-Pass2", status: "completed", timestamp: 1766373338 }
[   740.488s] EVENT FusionStarted { passage_index: 0, timestamp: 1766373338 }
[   740.488s] EVENT ValidationStarted { passage_index: 0, timestamp: 1766373338 }
[   740.488s] EVENT PassageCompleted: passage #0
[   740.488s] EVENT FileCompleted: "C:\\Users\\Mango Cat\\Music\\AC-DC\\Back in Black\\Disc 1 - 7 - You Shook Me All Night Long.mp3"
[   740.488s] EVENT FileStarted: "C:\\Users\\Mango Cat\\Music\\AC-DC\\Back in Black\\Disc 1 - 8 - Have a Drink on Me.mp3"
[   740.488s] EVENT SingleTrackCheckCompleted { file_path: "C:\\Users\\Mango Cat\\Music\\AC-DC\\Back in Black\\Disc 1 - 8 - Have a Drink on Me.mp3", score: 1.8, is_single_track: true }
[   748.808s] EVENT BoundaryDetected { passage_index: 0, start_time: 0, end_time: 6731366400, confidence: 0.5, timestamp: 1766373347 }
[   748.808s] EVENT PassageStarted: passage #0
[   748.808s] EVENT ExtractionProgress { passage_index: 0, extractor: "ID3", status: "running", timestamp: 1766373347 }
[   748.808s] EVENT ExtractionProgress { passage_index: 0, extractor: "ID3", status: "completed", timestamp: 1766373347 }
[   748.808s] EVENT ExtractionProgress { passage_index: 0, extractor: "Chromaprint", status: "running", timestamp: 1766373347 }
[   749.107s] EVENT ExtractionProgress { passage_index: 0, extractor: "Chromaprint", status: "completed", timestamp: 1766373347 }
[   749.107s] EVENT ExtractionProgress { passage_index: 0, extractor: "AudioDerived", status: "running", timestamp: 1766373347 }
[   749.559s] EVENT ExtractionProgress { passage_index: 0, extractor: "AudioDerived", status: "completed", timestamp: 1766373347 }
[   749.559s] EVENT ExtractionProgress { passage_index: 0, extractor: "ID3GenreMapper", status: "running", timestamp: 1766373347 }
[   749.559s] EVENT ExtractionProgress { passage_index: 0, extractor: "ID3GenreMapper", status: "completed", timestamp: 1766373347 }
[   749.559s] EVENT FusionStarted { passage_index: 0, timestamp: 1766373347 }
[   749.559s] EVENT ExtractionProgress { passage_index: 0, extractor: "MusicBrainz-Pass2", status: "running", timestamp: 1766373347 }
[   749.563s] FILE_COMPLETE [43/5737] Disc 1 - 8 - Have a Drink on Me.mp3 - 1 passages in 9.08s (total_elapsed: 749.6s)
[   749.564s] FILE_START [44/5737] Disc 1 - 9 - Shake a Leg.mp3
[   749.564s] EVENT ExtractionProgress { passage_index: 0, extractor: "MusicBrainz-Pass2", status: "completed", timestamp: 1766373347 }
[   749.564s] EVENT FusionStarted { passage_index: 0, timestamp: 1766373347 }
[   749.564s] EVENT ValidationStarted { passage_index: 0, timestamp: 1766373347 }
[   749.564s] EVENT PassageCompleted: passage #0
[   749.564s] EVENT FileCompleted: "C:\\Users\\Mango Cat\\Music\\AC-DC\\Back in Black\\Disc 1 - 8 - Have a Drink on Me.mp3"
[   749.564s] EVENT FileStarted: "C:\\Users\\Mango Cat\\Music\\AC-DC\\Back in Black\\Disc 1 - 9 - Shake a Leg.mp3"
[   749.564s] EVENT SingleTrackCheckCompleted { file_path: "C:\\Users\\Mango Cat\\Music\\AC-DC\\Back in Black\\Disc 1 - 9 - Shake a Leg.mp3", score: 1.8, is_single_track: true }
[   758.212s] EVENT BoundaryDetected { passage_index: 0, start_time: 0, end_time: 6934855680, confidence: 0.5, timestamp: 1766373356 }
[   758.212s] EVENT PassageStarted: passage #0
[   758.212s] EVENT ExtractionProgress { passage_index: 0, extractor: "ID3", status: "running", timestamp: 1766373356 }
[   758.212s] EVENT ExtractionProgress { passage_index: 0, extractor: "ID3", status: "completed", timestamp: 1766373356 }
[   758.212s] EVENT ExtractionProgress { passage_index: 0, extractor: "Chromaprint", status: "running", timestamp: 1766373356 }
[   758.515s] EVENT ExtractionProgress { passage_index: 0, extractor: "Chromaprint", status: "completed", timestamp: 1766373356 }
[   758.515s] EVENT ExtractionProgress { passage_index: 0, extractor: "AudioDerived", status: "running", timestamp: 1766373356 }
[   758.986s] EVENT ExtractionProgress { passage_index: 0, extractor: "AudioDerived", status: "completed", timestamp: 1766373357 }
[   758.986s] EVENT ExtractionProgress { passage_index: 0, extractor: "ID3GenreMapper", status: "running", timestamp: 1766373357 }
[   758.986s] EVENT ExtractionProgress { passage_index: 0, extractor: "ID3GenreMapper", status: "completed", timestamp: 1766373357 }
[   758.986s] EVENT FusionStarted { passage_index: 0, timestamp: 1766373357 }
[   758.986s] EVENT ExtractionProgress { passage_index: 0, extractor: "MusicBrainz-Pass2", status: "running", timestamp: 1766373357 }
[   758.990s] FILE_COMPLETE [44/5737] Disc 1 - 9 - Shake a Leg.mp3 - 1 passages in 9.43s (total_elapsed: 759.0s)
[   758.990s] FILE_START [45/5737] HappyNation.mp3
[   758.994s] EVENT ExtractionProgress { passage_index: 0, extractor: "MusicBrainz-Pass2", status: "completed", timestamp: 1766373357 }
[   758.994s] EVENT FusionStarted { passage_index: 0, timestamp: 1766373357 }
[   758.994s] EVENT ValidationStarted { passage_index: 0, timestamp: 1766373357 }
[   758.994s] EVENT PassageCompleted: passage #0
[   758.994s] EVENT FileCompleted: "C:\\Users\\Mango Cat\\Music\\AC-DC\\Back in Black\\Disc 1 - 9 - Shake a Leg.mp3"
[   758.994s] EVENT FileStarted: "C:\\Users\\Mango Cat\\Music\\Ace of Base\\HappyNation.mp3"
[   758.994s] EVENT SingleTrackCheckCompleted { file_path: "C:\\Users\\Mango Cat\\Music\\Ace of Base\\HappyNation.mp3", score: -0.5, is_single_track: false }
[   758.994s] EVENT AlbumMatchingStarted: "C:\\Users\\Mango Cat\\Music\\Ace of Base\\HappyNation.mp3"
[   885.781s] FILE_COMPLETE [45/5737] HappyNation.mp3 - 16 passages in 126.79s (total_elapsed: 885.8s)
[   885.781s] FILE_START [46/5737] (Aerosmith)Single-03-Angel.mp3
[   885.787s] EVENT AlbumMatchingCompleted: "C:\\Users\\Mango Cat\\Music\\Ace of Base\\HappyNation.mp3"
[   885.787s] EVENT BoundaryDetected { passage_index: 0, start_time: 0, end_time: 5926820480, confidence: 0.95, timestamp: 1766373484 }
[   885.787s] EVENT PassageStarted: passage #0
[   885.787s] EVENT PassageCompleted: passage #0
[   885.787s] EVENT BoundaryDetected { passage_index: 1, start_time: 5926820480, end_time: 12293383039, confidence: 0.95, timestamp: 1766373484 }
[   885.787s] EVENT PassageStarted: passage #1
[   885.787s] EVENT PassageCompleted: passage #1
[   885.787s] EVENT BoundaryDetected { passage_index: 2, start_time: 12293383039, end_time: 18864476800, confidence: 0.95, timestamp: 1766373484 }
[   885.787s] EVENT PassageStarted: passage #2
[   885.787s] EVENT PassageCompleted: passage #2
[   885.787s] EVENT BoundaryDetected { passage_index: 3, start_time: 18864476800, end_time: 24136797439, confidence: 0.95, timestamp: 1766373484 }
[   885.787s] EVENT PassageStarted: passage #3
[   885.787s] EVENT PassageCompleted: passage #3
[   885.787s] EVENT BoundaryDetected { passage_index: 4, start_time: 24136797439, end_time: 30311876479, confidence: 0.95, timestamp: 1766373484 }
[   885.787s] EVENT PassageStarted: passage #4
[   885.787s] EVENT PassageCompleted: passage #4
[   885.787s] EVENT BoundaryDetected { passage_index: 5, start_time: 30311876479, end_time: 35839861119, confidence: 0.95, timestamp: 1766373484 }
[   885.787s] EVENT PassageStarted: passage #5
[   885.787s] EVENT PassageCompleted: passage #5
[   885.787s] EVENT BoundaryDetected { passage_index: 6, start_time: 35839861119, end_time: 42952609919, confidence: 0.95, timestamp: 1766373484 }
[   885.787s] EVENT PassageStarted: passage #6
[   885.787s] EVENT PassageCompleted: passage #6
[   885.787s] EVENT BoundaryDetected { passage_index: 7, start_time: 42952609919, end_time: 49337862400, confidence: 0.95, timestamp: 1766373484 }
[   885.787s] EVENT PassageStarted: passage #7
[   885.787s] EVENT PassageCompleted: passage #7
[   885.787s] EVENT BoundaryDetected { passage_index: 8, start_time: 49337862400, end_time: 55751678719, confidence: 0.95, timestamp: 1766373484 }
[   885.787s] EVENT PassageStarted: passage #8
[   885.787s] EVENT PassageCompleted: passage #8
[   885.787s] EVENT BoundaryDetected { passage_index: 9, start_time: 55751678719, end_time: 62789315199, confidence: 0.95, timestamp: 1766373484 }
[   885.787s] EVENT PassageStarted: passage #9
[   885.787s] EVENT PassageCompleted: passage #9
[   885.787s] EVENT BoundaryDetected { passage_index: 10, start_time: 62789315199, end_time: 69256027519, confidence: 0.95, timestamp: 1766373484 }
[   885.787s] EVENT PassageStarted: passage #10
[   885.787s] EVENT PassageCompleted: passage #10
[   885.787s] EVENT BoundaryDetected { passage_index: 11, start_time: 69256027519, end_time: 75367278720, confidence: 0.95, timestamp: 1766373484 }
[   885.787s] EVENT PassageStarted: passage #11
[   885.787s] EVENT PassageCompleted: passage #11
[   885.787s] EVENT BoundaryDetected { passage_index: 12, start_time: 75367278720, end_time: 82255043200, confidence: 0.95, timestamp: 1766373484 }
[   885.787s] EVENT PassageStarted: passage #12
[   885.787s] EVENT PassageCompleted: passage #12
[   885.787s] EVENT BoundaryDetected { passage_index: 13, start_time: 82255043200, end_time: 89413282560, confidence: 0.95, timestamp: 1766373484 }
[   885.787s] EVENT PassageStarted: passage #13
[   885.787s] EVENT PassageCompleted: passage #13
[   885.787s] EVENT BoundaryDetected { passage_index: 14, start_time: 89413282560, end_time: 95715311999, confidence: 0.95, timestamp: 1766373484 }
[   885.787s] EVENT PassageStarted: passage #14
[   885.787s] EVENT PassageCompleted: passage #14
[   885.787s] EVENT BoundaryDetected { passage_index: 15, start_time: 95715311999, end_time: 101555486719, confidence: 0.95, timestamp: 1766373484 }
[   885.787s] EVENT PassageStarted: passage #15
[   885.787s] EVENT PassageCompleted: passage #15
[   885.787s] EVENT FileStarted: "C:\\Users\\Mango Cat\\Music\\Aerosmith\\(Aerosmith)Single-03-Angel.mp3"
[   885.787s] EVENT SingleTrackCheckCompleted { file_path: "C:\\Users\\Mango Cat\\Music\\Aerosmith\\(Aerosmith)Single-03-Angel.mp3", score: 1.3, is_single_track: true }
[   895.946s] EVENT BoundaryDetected { passage_index: 0, start_time: 0, end_time: 8788377600, confidence: 0.5, timestamp: 1766373494 }
[   895.946s] EVENT PassageStarted: passage #0
[   895.946s] EVENT ExtractionProgress { passage_index: 0, extractor: "ID3", status: "running", timestamp: 1766373494 }
[   895.946s] EVENT ExtractionProgress { passage_index: 0, extractor: "ID3", status: "completed", timestamp: 1766373494 }
[   895.946s] EVENT ExtractionProgress { passage_index: 0, extractor: "Chromaprint", status: "running", timestamp: 1766373494 }
[   896.309s] EVENT ExtractionProgress { passage_index: 0, extractor: "Chromaprint", status: "completed", timestamp: 1766373494 }
[   896.309s] EVENT ExtractionProgress { passage_index: 0, extractor: "AudioDerived", status: "running", timestamp: 1766373494 }
[   896.900s] EVENT ExtractionProgress { passage_index: 0, extractor: "AudioDerived", status: "completed", timestamp: 1766373495 }
[   896.900s] EVENT ExtractionProgress { passage_index: 0, extractor: "ID3GenreMapper", status: "running", timestamp: 1766373495 }
[   896.900s] EVENT ExtractionProgress { passage_index: 0, extractor: "ID3GenreMapper", status: "completed", timestamp: 1766373495 }
[   896.900s] EVENT FusionStarted { passage_index: 0, timestamp: 1766373495 }
[   896.900s] EVENT ExtractionProgress { passage_index: 0, extractor: "MusicBrainz-Pass2", status: "running", timestamp: 1766373495 }
[   896.904s] FILE_COMPLETE [46/5737] (Aerosmith)Single-03-Angel.mp3 - 1 passages in 11.12s (total_elapsed: 896.9s)
[   896.904s] FILE_START [47/5737] Pump.mp3
[   896.907s] EVENT ExtractionProgress { passage_index: 0, extractor: "MusicBrainz-Pass2", status: "completed", timestamp: 1766373495 }
[   896.907s] EVENT FusionStarted { passage_index: 0, timestamp: 1766373495 }
[   896.907s] EVENT ValidationStarted { passage_index: 0, timestamp: 1766373495 }
[   896.907s] EVENT PassageCompleted: passage #0
[   896.907s] EVENT FileCompleted: "C:\\Users\\Mango Cat\\Music\\Aerosmith\\(Aerosmith)Single-03-Angel.mp3"
[   896.907s] EVENT FileStarted: "C:\\Users\\Mango Cat\\Music\\Aerosmith\\Pump.mp3"
[   896.907s] EVENT SingleTrackCheckCompleted { file_path: "C:\\Users\\Mango Cat\\Music\\Aerosmith\\Pump.mp3", score: 0.3, is_single_track: false }
[   896.907s] EVENT AlbumMatchingStarted: "C:\\Users\\Mango Cat\\Music\\Aerosmith\\Pump.mp3"
[   995.088s] FILE_COMPLETE [47/5737] Pump.mp3 - 14 passages in 98.18s (total_elapsed: 995.1s)
[   995.088s] FILE_START [48/5737] (Aerosmith)Toys_In_The_Attic-01-Toys_In_The_Attic.mp3
[   995.091s] EVENT AlbumMatchingCompleted: "C:\\Users\\Mango Cat\\Music\\Aerosmith\\Pump.mp3"
[   995.091s] EVENT BoundaryDetected { passage_index: 0, start_time: 0, end_time: 7277558400, confidence: 0.95, timestamp: 1766373593 }
[   995.091s] EVENT PassageStarted: passage #0
[   995.091s] EVENT PassageCompleted: passage #0
[   995.091s] EVENT BoundaryDetected { passage_index: 1, start_time: 7277558400, end_time: 14334969600, confidence: 0.95, timestamp: 1766373593 }
[   995.091s] EVENT PassageStarted: passage #1
[   995.091s] EVENT PassageCompleted: passage #1
[   995.091s] EVENT BoundaryDetected { passage_index: 2, start_time: 14334969600, end_time: 14730105600, confidence: 0.95, timestamp: 1766373593 }
[   995.091s] EVENT PassageStarted: passage #2
[   995.091s] EVENT PassageCompleted: passage #2
[   995.091s] EVENT BoundaryDetected { passage_index: 3, start_time: 14730105600, end_time: 23905728000, confidence: 0.95, timestamp: 1766373593 }
[   995.091s] EVENT PassageStarted: passage #3
[   995.091s] EVENT PassageCompleted: passage #3
[   995.091s] EVENT BoundaryDetected { passage_index: 4, start_time: 23905728000, end_time: 30668198400, confidence: 0.95, timestamp: 1766373593 }
[   995.091s] EVENT PassageStarted: passage #4
[   995.091s] EVENT PassageCompleted: passage #4
[   995.091s] EVENT BoundaryDetected { passage_index: 5, start_time: 30668198400, end_time: 30957494400, confidence: 0.95, timestamp: 1766373593 }
[   995.091s] EVENT PassageStarted: passage #5
[   995.091s] EVENT PassageCompleted: passage #5
[   995.091s] EVENT BoundaryDetected { passage_index: 6, start_time: 30957494400, end_time: 40258713600, confidence: 0.95, timestamp: 1766373593 }
[   995.091s] EVENT PassageStarted: passage #6
[   995.091s] EVENT PassageCompleted: passage #6
[   995.091s] EVENT BoundaryDetected { passage_index: 7, start_time: 40258713600, end_time: 41671324800, confidence: 0.95, timestamp: 1766373593 }
[   995.091s] EVENT PassageStarted: passage #7
[   995.091s] EVENT PassageCompleted: passage #7
[   995.091s] EVENT BoundaryDetected { passage_index: 8, start_time: 41671324800, end_time: 48597494400, confidence: 0.95, timestamp: 1766373593 }
[   995.091s] EVENT PassageStarted: passage #8
[   995.091s] EVENT PassageCompleted: passage #8
[   995.091s] EVENT BoundaryDetected { passage_index: 9, start_time: 48597494400, end_time: 53955820800, confidence: 0.95, timestamp: 1766373593 }
[   995.091s] EVENT PassageStarted: passage #9
[   995.091s] EVENT PassageCompleted: passage #9
[   995.091s] EVENT BoundaryDetected { passage_index: 10, start_time: 53955820800, end_time: 62091388799, confidence: 0.95, timestamp: 1766373593 }
[   995.091s] EVENT PassageStarted: passage #10
[   995.091s] EVENT PassageCompleted: passage #10
[   995.091s] EVENT BoundaryDetected { passage_index: 11, start_time: 62091388799, end_time: 63443318400, confidence: 0.95, timestamp: 1766373593 }
[   995.091s] EVENT PassageStarted: passage #11
[   995.091s] EVENT PassageCompleted: passage #11
[   995.091s] EVENT BoundaryDetected { passage_index: 12, start_time: 63443318400, end_time: 69961651199, confidence: 0.95, timestamp: 1766373593 }
[   995.091s] EVENT PassageStarted: passage #12
[   995.091s] EVENT PassageCompleted: passage #12
[   995.091s] EVENT BoundaryDetected { passage_index: 13, start_time: 69961651199, end_time: 80663592960, confidence: 0.95, timestamp: 1766373593 }
[   995.091s] EVENT PassageStarted: passage #13
[   995.091s] EVENT PassageCompleted: passage #13
[   995.091s] EVENT FileStarted: "C:\\Users\\Mango Cat\\Music\\Aerosmith\\Toys_In_The_Attic\\(Aerosmith)Toys_In_The_Attic-01-Toys_In_The_Attic.mp3"
[   995.091s] EVENT SingleTrackCheckCompleted { file_path: "C:\\Users\\Mango Cat\\Music\\Aerosmith\\Toys_In_The_Attic\\(Aerosmith)Toys_In_The_Attic-01-Toys_In_The_Attic.mp3", score: 1.8, is_single_track: true }
[  1001.180s] EVENT BoundaryDetected { passage_index: 0, start_time: 0, end_time: 5270814720, confidence: 0.5, timestamp: 1766373599 }
[  1001.180s] EVENT PassageStarted: passage #0
[  1001.180s] EVENT ExtractionProgress { passage_index: 0, extractor: "ID3", status: "running", timestamp: 1766373599 }
[  1001.180s] EVENT ExtractionProgress { passage_index: 0, extractor: "ID3", status: "completed", timestamp: 1766373599 }
[  1001.180s] EVENT ExtractionProgress { passage_index: 0, extractor: "Chromaprint", status: "running", timestamp: 1766373599 }
[  1001.392s] EVENT ExtractionProgress { passage_index: 0, extractor: "Chromaprint", status: "completed", timestamp: 1766373599 }
[  1001.392s] EVENT ExtractionProgress { passage_index: 0, extractor: "AudioDerived", status: "running", timestamp: 1766373599 }
[  1001.744s] EVENT ExtractionProgress { passage_index: 0, extractor: "AudioDerived", status: "completed", timestamp: 1766373600 }
[  1001.744s] EVENT ExtractionProgress { passage_index: 0, extractor: "ID3GenreMapper", status: "running", timestamp: 1766373600 }
[  1001.744s] EVENT ExtractionProgress { passage_index: 0, extractor: "ID3GenreMapper", status: "completed", timestamp: 1766373600 }
[  1001.744s] EVENT FusionStarted { passage_index: 0, timestamp: 1766373600 }
[  1001.744s] EVENT ExtractionProgress { passage_index: 0, extractor: "MusicBrainz-Pass2", status: "running", timestamp: 1766373600 }
[  1001.747s] FILE_COMPLETE [48/5737] (Aerosmith)Toys_In_The_Attic-01-Toys_In_The_Attic.mp3 - 1 passages in 6.66s (total_elapsed: 1001.7s)
[  1001.747s] FILE_START [49/5737] (Aerosmith)Toys_In_The_Attic-02-Uncle_Salty.mp3
[  1001.747s] EVENT ExtractionProgress { passage_index: 0, extractor: "MusicBrainz-Pass2", status: "completed", timestamp: 1766373600 }
[  1001.747s] EVENT FusionStarted { passage_index: 0, timestamp: 1766373600 }
[  1001.747s] EVENT ValidationStarted { passage_index: 0, timestamp: 1766373600 }
[  1001.747s] EVENT PassageCompleted: passage #0
[  1001.747s] EVENT FileCompleted: "C:\\Users\\Mango Cat\\Music\\Aerosmith\\Toys_In_The_Attic\\(Aerosmith)Toys_In_The_Attic-01-Toys_In_The_Attic.mp3"
[  1001.747s] EVENT FileStarted: "C:\\Users\\Mango Cat\\Music\\Aerosmith\\Toys_In_The_Attic\\(Aerosmith)Toys_In_The_Attic-02-Uncle_Salty.mp3"
[  1001.747s] EVENT SingleTrackCheckCompleted { file_path: "C:\\Users\\Mango Cat\\Music\\Aerosmith\\Toys_In_The_Attic\\(Aerosmith)Toys_In_The_Attic-02-Uncle_Salty.mp3", score: 1.8, is_single_track: true }
[  1009.882s] EVENT BoundaryDetected { passage_index: 0, start_time: 0, end_time: 7073464320, confidence: 0.5, timestamp: 1766373608 }
[  1009.882s] EVENT PassageStarted: passage #0
[  1009.882s] EVENT ExtractionProgress { passage_index: 0, extractor: "ID3", status: "running", timestamp: 1766373608 }
[  1009.882s] EVENT ExtractionProgress { passage_index: 0, extractor: "ID3", status: "completed", timestamp: 1766373608 }
[  1009.882s] EVENT ExtractionProgress { passage_index: 0, extractor: "Chromaprint", status: "running", timestamp: 1766373608 }
[  1010.172s] EVENT ExtractionProgress { passage_index: 0, extractor: "Chromaprint", status: "completed", timestamp: 1766373608 }
[  1010.172s] EVENT ExtractionProgress { passage_index: 0, extractor: "AudioDerived", status: "running", timestamp: 1766373608 }
[  1010.645s] FILE_COMPLETE [49/5737] (Aerosmith)Toys_In_The_Attic-02-Uncle_Salty.mp3 - 1 passages in 8.90s (total_elapsed: 1010.6s)
[  1010.645s] FILE_START [50/5737] (Aerosmith)Toys_In_The_Attic-03-Adam's_Apple.mp3
[  1010.649s] EVENT ExtractionProgress { passage_index: 0, extractor: "AudioDerived", status: "completed", timestamp: 1766373609 }
[  1010.649s] EVENT ExtractionProgress { passage_index: 0, extractor: "ID3GenreMapper", status: "running", timestamp: 1766373609 }
[  1010.649s] EVENT ExtractionProgress { passage_index: 0, extractor: "ID3GenreMapper", status: "completed", timestamp: 1766373609 }
[  1010.649s] EVENT FusionStarted { passage_index: 0, timestamp: 1766373609 }
[  1010.649s] EVENT ExtractionProgress { passage_index: 0, extractor: "MusicBrainz-Pass2", status: "running", timestamp: 1766373609 }
[  1010.649s] EVENT ExtractionProgress { passage_index: 0, extractor: "MusicBrainz-Pass2", status: "completed", timestamp: 1766373609 }
[  1010.649s] EVENT FusionStarted { passage_index: 0, timestamp: 1766373609 }
[  1010.649s] EVENT ValidationStarted { passage_index: 0, timestamp: 1766373609 }
[  1010.649s] EVENT PassageCompleted: passage #0
[  1010.649s] EVENT FileCompleted: "C:\\Users\\Mango Cat\\Music\\Aerosmith\\Toys_In_The_Attic\\(Aerosmith)Toys_In_The_Attic-02-Uncle_Salty.mp3"
[  1010.649s] EVENT FileStarted: "C:\\Users\\Mango Cat\\Music\\Aerosmith\\Toys_In_The_Attic\\(Aerosmith)Toys_In_The_Attic-03-Adam's_Apple.mp3"
[  1010.649s] EVENT SingleTrackCheckCompleted { file_path: "C:\\Users\\Mango Cat\\Music\\Aerosmith\\Toys_In_The_Attic\\(Aerosmith)Toys_In_The_Attic-03-Adam's_Apple.mp3", score: 1.8, is_single_track: true }
[  1019.636s] EVENT BoundaryDetected { passage_index: 0, start_time: 0, end_time: 7753973760, confidence: 0.5, timestamp: 1766373618 }
[  1019.636s] EVENT PassageStarted: passage #0
[  1019.636s] EVENT ExtractionProgress { passage_index: 0, extractor: "ID3", status: "running", timestamp: 1766373618 }
[  1019.636s] EVENT ExtractionProgress { passage_index: 0, extractor: "ID3", status: "completed", timestamp: 1766373618 }
[  1019.636s] EVENT ExtractionProgress { passage_index: 0, extractor: "Chromaprint", status: "running", timestamp: 1766373618 }
[  1019.966s] EVENT ExtractionProgress { passage_index: 0, extractor: "Chromaprint", status: "completed", timestamp: 1766373618 }
[  1019.966s] EVENT ExtractionProgress { passage_index: 0, extractor: "AudioDerived", status: "running", timestamp: 1766373618 }
[  1020.485s] EVENT ExtractionProgress { passage_index: 0, extractor: "AudioDerived", status: "completed", timestamp: 1766373618 }
[  1020.485s] EVENT ExtractionProgress { passage_index: 0, extractor: "ID3GenreMapper", status: "running", timestamp: 1766373618 }
[  1020.485s] EVENT ExtractionProgress { passage_index: 0, extractor: "ID3GenreMapper", status: "completed", timestamp: 1766373618 }
[  1020.485s] EVENT FusionStarted { passage_index: 0, timestamp: 1766373618 }
[  1020.485s] EVENT ExtractionProgress { passage_index: 0, extractor: "MusicBrainz-Pass2", status: "running", timestamp: 1766373618 }
[  1020.488s] FILE_COMPLETE [50/5737] (Aerosmith)Toys_In_The_Attic-03-Adam's_Apple.mp3 - 1 passages in 9.84s (total_elapsed: 1020.5s)
[  1020.488s] PROGRESS 50/5737 (0.9%) - 0.05 files/sec - ETA: 1934.5min
[  1020.488s] FILE_START [51/5737] (Aerosmith)Toys_In_The_Attic-04-Walk_This_Way.mp3
[  1020.491s] EVENT ExtractionProgress { passage_index: 0, extractor: "MusicBrainz-Pass2", status: "completed", timestamp: 1766373618 }
[  1020.491s] EVENT FusionStarted { passage_index: 0, timestamp: 1766373618 }
[  1020.491s] EVENT ValidationStarted { passage_index: 0, timestamp: 1766373618 }
[  1020.491s] EVENT PassageCompleted: passage #0
[  1020.491s] EVENT FileCompleted: "C:\\Users\\Mango Cat\\Music\\Aerosmith\\Toys_In_The_Attic\\(Aerosmith)Toys_In_The_Attic-03-Adam's_Apple.mp3"
[  1020.491s] EVENT FileStarted: "C:\\Users\\Mango Cat\\Music\\Aerosmith\\Toys_In_The_Attic\\(Aerosmith)Toys_In_The_Attic-04-Walk_This_Way.mp3"
[  1020.491s] EVENT SingleTrackCheckCompleted { file_path: "C:\\Users\\Mango Cat\\Music\\Aerosmith\\Toys_In_The_Attic\\(Aerosmith)Toys_In_The_Attic-04-Walk_This_Way.mp3", score: 1.8, is_single_track: true }
[  1027.722s] EVENT BoundaryDetected { passage_index: 0, start_time: 0, end_time: 6241812480, confidence: 0.5, timestamp: 1766373626 }
[  1027.722s] EVENT PassageStarted: passage #0
[  1027.722s] EVENT ExtractionProgress { passage_index: 0, extractor: "ID3", status: "running", timestamp: 1766373626 }
[  1027.722s] EVENT ExtractionProgress { passage_index: 0, extractor: "ID3", status: "completed", timestamp: 1766373626 }
[  1027.722s] EVENT ExtractionProgress { passage_index: 0, extractor: "Chromaprint", status: "running", timestamp: 1766373626 }
[  1027.986s] EVENT ExtractionProgress { passage_index: 0, extractor: "Chromaprint", status: "completed", timestamp: 1766373626 }
[  1027.986s] EVENT ExtractionProgress { passage_index: 0, extractor: "AudioDerived", status: "running", timestamp: 1766373626 }
[  1028.405s] EVENT ExtractionProgress { passage_index: 0, extractor: "AudioDerived", status: "completed", timestamp: 1766373626 }
[  1028.405s] EVENT ExtractionProgress { passage_index: 0, extractor: "ID3GenreMapper", status: "running", timestamp: 1766373626 }
[  1028.405s] EVENT ExtractionProgress { passage_index: 0, extractor: "ID3GenreMapper", status: "completed", timestamp: 1766373626 }
[  1028.405s] EVENT FusionStarted { passage_index: 0, timestamp: 1766373626 }
[  1028.405s] EVENT ExtractionProgress { passage_index: 0, extractor: "MusicBrainz-Pass2", status: "running", timestamp: 1766373626 }
[  1028.408s] FILE_COMPLETE [51/5737] (Aerosmith)Toys_In_The_Attic-04-Walk_This_Way.mp3 - 1 passages in 7.92s (total_elapsed: 1028.4s)
[  1028.408s] FILE_START [52/5737] (Aerosmith)Toys_In_The_Attic-05-Big_Ten_Inch_Record.mp3
[  1028.408s] EVENT ExtractionProgress { passage_index: 0, extractor: "MusicBrainz-Pass2", status: "completed", timestamp: 1766373626 }
[  1028.408s] EVENT FusionStarted { passage_index: 0, timestamp: 1766373626 }
[  1028.408s] EVENT ValidationStarted { passage_index: 0, timestamp: 1766373626 }
[  1028.408s] EVENT PassageCompleted: passage #0
[  1028.408s] EVENT FileCompleted: "C:\\Users\\Mango Cat\\Music\\Aerosmith\\Toys_In_The_Attic\\(Aerosmith)Toys_In_The_Attic-04-Walk_This_Way.mp3"
[  1028.408s] EVENT FileStarted: "C:\\Users\\Mango Cat\\Music\\Aerosmith\\Toys_In_The_Attic\\(Aerosmith)Toys_In_The_Attic-05-Big_Ten_Inch_Record.mp3"
[  1028.408s] EVENT SingleTrackCheckCompleted { file_path: "C:\\Users\\Mango Cat\\Music\\Aerosmith\\Toys_In_The_Attic\\(Aerosmith)Toys_In_The_Attic-05-Big_Ten_Inch_Record.mp3", score: 1.8, is_single_track: true }
[  1032.768s] EVENT BoundaryDetected { passage_index: 0, start_time: 0, end_time: 3784458240, confidence: 0.5, timestamp: 1766373631 }
[  1032.768s] EVENT PassageStarted: passage #0
[  1032.768s] EVENT ExtractionProgress { passage_index: 0, extractor: "ID3", status: "running", timestamp: 1766373631 }
[  1032.768s] EVENT ExtractionProgress { passage_index: 0, extractor: "ID3", status: "completed", timestamp: 1766373631 }
[  1032.768s] EVENT ExtractionProgress { passage_index: 0, extractor: "Chromaprint", status: "running", timestamp: 1766373631 }
[  1032.925s] EVENT ExtractionProgress { passage_index: 0, extractor: "Chromaprint", status: "completed", timestamp: 1766373631 }
[  1032.925s] EVENT ExtractionProgress { passage_index: 0, extractor: "AudioDerived", status: "running", timestamp: 1766373631 }
[  1033.178s] EVENT ExtractionProgress { passage_index: 0, extractor: "AudioDerived", status: "completed", timestamp: 1766373631 }
[  1033.178s] EVENT ExtractionProgress { passage_index: 0, extractor: "ID3GenreMapper", status: "running", timestamp: 1766373631 }
[  1033.178s] EVENT ExtractionProgress { passage_index: 0, extractor: "ID3GenreMapper", status: "completed", timestamp: 1766373631 }
[  1033.178s] EVENT FusionStarted { passage_index: 0, timestamp: 1766373631 }
[  1033.178s] EVENT ExtractionProgress { passage_index: 0, extractor: "MusicBrainz-Pass2", status: "running", timestamp: 1766373631 }
[  1033.180s] FILE_COMPLETE [52/5737] (Aerosmith)Toys_In_The_Attic-05-Big_Ten_Inch_Record.mp3 - 1 passages in 4.77s (total_elapsed: 1033.2s)
[  1033.180s] FILE_START [53/5737] (Aerosmith)Toys_In_The_Attic-06-Sweet_Emotion.mp3
[  1033.181s] EVENT ExtractionProgress { passage_index: 0, extractor: "MusicBrainz-Pass2", status: "completed", timestamp: 1766373631 }
[  1033.181s] EVENT FusionStarted { passage_index: 0, timestamp: 1766373631 }
[  1033.181s] EVENT ValidationStarted { passage_index: 0, timestamp: 1766373631 }
[  1033.181s] EVENT PassageCompleted: passage #0
[  1033.181s] EVENT FileCompleted: "C:\\Users\\Mango Cat\\Music\\Aerosmith\\Toys_In_The_Attic\\(Aerosmith)Toys_In_The_Attic-05-Big_Ten_Inch_Record.mp3"
[  1033.181s] EVENT FileStarted: "C:\\Users\\Mango Cat\\Music\\Aerosmith\\Toys_In_The_Attic\\(Aerosmith)Toys_In_The_Attic-06-Sweet_Emotion.mp3"
[  1033.181s] EVENT SingleTrackCheckCompleted { file_path: "C:\\Users\\Mango Cat\\Music\\Aerosmith\\Toys_In_The_Attic\\(Aerosmith)Toys_In_The_Attic-06-Sweet_Emotion.mp3", score: 1.8, is_single_track: true }
[  1042.170s] EVENT BoundaryDetected { passage_index: 0, start_time: 0, end_time: 7753236480, confidence: 0.5, timestamp: 1766373640 }
[  1042.170s] EVENT PassageStarted: passage #0
[  1042.170s] EVENT ExtractionProgress { passage_index: 0, extractor: "ID3", status: "running", timestamp: 1766373640 }
[  1042.170s] EVENT ExtractionProgress { passage_index: 0, extractor: "ID3", status: "completed", timestamp: 1766373640 }
[  1042.170s] EVENT ExtractionProgress { passage_index: 0, extractor: "Chromaprint", status: "running", timestamp: 1766373640 }
[  1042.500s] EVENT ExtractionProgress { passage_index: 0, extractor: "Chromaprint", status: "completed", timestamp: 1766373640 }
[  1042.500s] EVENT ExtractionProgress { passage_index: 0, extractor: "AudioDerived", status: "running", timestamp: 1766373640 }
[  1043.019s] EVENT ExtractionProgress { passage_index: 0, extractor: "AudioDerived", status: "completed", timestamp: 1766373641 }
[  1043.019s] EVENT ExtractionProgress { passage_index: 0, extractor: "ID3GenreMapper", status: "running", timestamp: 1766373641 }
[  1043.019s] EVENT ExtractionProgress { passage_index: 0, extractor: "ID3GenreMapper", status: "completed", timestamp: 1766373641 }
[  1043.019s] EVENT FusionStarted { passage_index: 0, timestamp: 1766373641 }
[  1043.019s] EVENT ExtractionProgress { passage_index: 0, extractor: "MusicBrainz-Pass2", status: "running", timestamp: 1766373641 }
[  1043.023s] FILE_COMPLETE [53/5737] (Aerosmith)Toys_In_The_Attic-06-Sweet_Emotion.mp3 - 1 passages in 9.84s (total_elapsed: 1043.0s)
[  1043.023s] FILE_START [54/5737] (Aerosmith)Toys_In_The_Attic-07-No_More_No_More.mp3
[  1043.024s] EVENT ExtractionProgress { passage_index: 0, extractor: "MusicBrainz-Pass2", status: "completed", timestamp: 1766373641 }
[  1043.024s] EVENT FusionStarted { passage_index: 0, timestamp: 1766373641 }
[  1043.024s] EVENT ValidationStarted { passage_index: 0, timestamp: 1766373641 }
[  1043.024s] EVENT PassageCompleted: passage #0
[  1043.024s] EVENT FileCompleted: "C:\\Users\\Mango Cat\\Music\\Aerosmith\\Toys_In_The_Attic\\(Aerosmith)Toys_In_The_Attic-06-Sweet_Emotion.mp3"
[  1043.024s] EVENT FileStarted: "C:\\Users\\Mango Cat\\Music\\Aerosmith\\Toys_In_The_Attic\\(Aerosmith)Toys_In_The_Attic-07-No_More_No_More.mp3"
[  1043.024s] EVENT SingleTrackCheckCompleted { file_path: "C:\\Users\\Mango Cat\\Music\\Aerosmith\\Toys_In_The_Attic\\(Aerosmith)Toys_In_The_Attic-07-No_More_No_More.mp3", score: 1.8, is_single_track: true }
[  1052.008s] EVENT BoundaryDetected { passage_index: 0, start_time: 0, end_time: 7755448320, confidence: 0.5, timestamp: 1766373650 }
[  1052.008s] EVENT PassageStarted: passage #0
[  1052.008s] EVENT ExtractionProgress { passage_index: 0, extractor: "ID3", status: "running", timestamp: 1766373650 }
[  1052.008s] EVENT ExtractionProgress { passage_index: 0, extractor: "ID3", status: "completed", timestamp: 1766373650 }
[  1052.008s] EVENT ExtractionProgress { passage_index: 0, extractor: "Chromaprint", status: "running", timestamp: 1766373650 }
[  1052.343s] EVENT ExtractionProgress { passage_index: 0, extractor: "Chromaprint", status: "completed", timestamp: 1766373650 }
[  1052.343s] EVENT ExtractionProgress { passage_index: 0, extractor: "AudioDerived", status: "running", timestamp: 1766373650 }
[  1052.861s] EVENT ExtractionProgress { passage_index: 0, extractor: "AudioDerived", status: "completed", timestamp: 1766373651 }
[  1052.861s] EVENT ExtractionProgress { passage_index: 0, extractor: "ID3GenreMapper", status: "running", timestamp: 1766373651 }
[  1052.861s] EVENT ExtractionProgress { passage_index: 0, extractor: "ID3GenreMapper", status: "completed", timestamp: 1766373651 }
[  1052.861s] EVENT FusionStarted { passage_index: 0, timestamp: 1766373651 }
[  1052.861s] EVENT ExtractionProgress { passage_index: 0, extractor: "MusicBrainz-Pass2", status: "running", timestamp: 1766373651 }
[  1052.865s] FILE_COMPLETE [54/5737] (Aerosmith)Toys_In_The_Attic-07-No_More_No_More.mp3 - 1 passages in 9.84s (total_elapsed: 1052.9s)
[  1052.865s] FILE_START [55/5737] (Aerosmith)Toys_In_The_Attic-08-Round_And_Round.mp3
[  1052.865s] EVENT ExtractionProgress { passage_index: 0, extractor: "MusicBrainz-Pass2", status: "completed", timestamp: 1766373651 }
[  1052.865s] EVENT FusionStarted { passage_index: 0, timestamp: 1766373651 }
[  1052.865s] EVENT ValidationStarted { passage_index: 0, timestamp: 1766373651 }
[  1052.865s] EVENT PassageCompleted: passage #0
[  1052.865s] EVENT FileCompleted: "C:\\Users\\Mango Cat\\Music\\Aerosmith\\Toys_In_The_Attic\\(Aerosmith)Toys_In_The_Attic-07-No_More_No_More.mp3"
[  1052.865s] EVENT FileStarted: "C:\\Users\\Mango Cat\\Music\\Aerosmith\\Toys_In_The_Attic\\(Aerosmith)Toys_In_The_Attic-08-Round_And_Round.mp3"
[  1052.865s] EVENT SingleTrackCheckCompleted { file_path: "C:\\Users\\Mango Cat\\Music\\Aerosmith\\Toys_In_The_Attic\\(Aerosmith)Toys_In_The_Attic-08-Round_And_Round.mp3", score: 1.8, is_single_track: true }
[  1062.808s] EVENT BoundaryDetected { passage_index: 0, start_time: 0, end_time: 8567930880, confidence: 0.8, timestamp: 1766373661 }
[  1062.808s] EVENT PassageStarted: passage #0
[  1062.808s] EVENT ExtractionProgress { passage_index: 0, extractor: "ID3", status: "running", timestamp: 1766373661 }
[  1062.808s] EVENT ExtractionProgress { passage_index: 0, extractor: "ID3", status: "completed", timestamp: 1766373661 }
[  1062.808s] EVENT ExtractionProgress { passage_index: 0, extractor: "Chromaprint", status: "running", timestamp: 1766373661 }
[  1063.170s] EVENT ExtractionProgress { passage_index: 0, extractor: "Chromaprint", status: "completed", timestamp: 1766373661 }
[  1063.170s] EVENT ExtractionProgress { passage_index: 0, extractor: "AudioDerived", status: "running", timestamp: 1766373661 }
[  1063.744s] EVENT ExtractionProgress { passage_index: 0, extractor: "AudioDerived", status: "completed", timestamp: 1766373662 }
[  1063.744s] EVENT ExtractionProgress { passage_index: 0, extractor: "ID3GenreMapper", status: "running", timestamp: 1766373662 }
[  1063.744s] EVENT ExtractionProgress { passage_index: 0, extractor: "ID3GenreMapper", status: "completed", timestamp: 1766373662 }
[  1063.744s] EVENT FusionStarted { passage_index: 0, timestamp: 1766373662 }
[  1063.744s] EVENT ExtractionProgress { passage_index: 0, extractor: "MusicBrainz-Pass2", status: "running", timestamp: 1766373662 }
[  1063.748s] FILE_COMPLETE [55/5737] (Aerosmith)Toys_In_The_Attic-08-Round_And_Round.mp3 - 1 passages in 10.88s (total_elapsed: 1063.7s)
[  1063.748s] FILE_START [56/5737] (Aerosmith)Toys_In_The_Attic-09-You_See_Me_Crying.mp3
[  1063.748s] EVENT ExtractionProgress { passage_index: 0, extractor: "MusicBrainz-Pass2", status: "completed", timestamp: 1766373662 }
[  1063.748s] EVENT FusionStarted { passage_index: 0, timestamp: 1766373662 }
[  1063.748s] EVENT ValidationStarted { passage_index: 0, timestamp: 1766373662 }
[  1063.748s] EVENT PassageCompleted: passage #0
[  1063.748s] EVENT FileCompleted: "C:\\Users\\Mango Cat\\Music\\Aerosmith\\Toys_In_The_Attic\\(Aerosmith)Toys_In_The_Attic-08-Round_And_Round.mp3"
[  1063.748s] EVENT FileStarted: "C:\\Users\\Mango Cat\\Music\\Aerosmith\\Toys_In_The_Attic\\(Aerosmith)Toys_In_The_Attic-09-You_See_Me_Crying.mp3"
[  1063.748s] EVENT SingleTrackCheckCompleted { file_path: "C:\\Users\\Mango Cat\\Music\\Aerosmith\\Toys_In_The_Attic\\(Aerosmith)Toys_In_The_Attic-09-You_See_Me_Crying.mp3", score: 1.8, is_single_track: true }
[  1073.912s] EVENT BoundaryDetected { passage_index: 0, start_time: 0, end_time: 8797962240, confidence: 0.5, timestamp: 1766373672 }
[  1073.912s] EVENT PassageStarted: passage #0
[  1073.912s] EVENT ExtractionProgress { passage_index: 0, extractor: "ID3", status: "running", timestamp: 1766373672 }
[  1073.912s] EVENT ExtractionProgress { passage_index: 0, extractor: "ID3", status: "completed", timestamp: 1766373672 }
[  1073.912s] EVENT ExtractionProgress { passage_index: 0, extractor: "Chromaprint", status: "running", timestamp: 1766373672 }
[  1074.286s] EVENT ExtractionProgress { passage_index: 0, extractor: "Chromaprint", status: "completed", timestamp: 1766373672 }
[  1074.286s] EVENT ExtractionProgress { passage_index: 0, extractor: "AudioDerived", status: "running", timestamp: 1766373672 }
[  1074.871s] EVENT ExtractionProgress { passage_index: 0, extractor: "AudioDerived", status: "completed", timestamp: 1766373673 }
[  1074.871s] EVENT ExtractionProgress { passage_index: 0, extractor: "ID3GenreMapper", status: "running", timestamp: 1766373673 }
[  1074.871s] EVENT ExtractionProgress { passage_index: 0, extractor: "ID3GenreMapper", status: "completed", timestamp: 1766373673 }
[  1074.871s] EVENT FusionStarted { passage_index: 0, timestamp: 1766373673 }
[  1074.871s] EVENT ExtractionProgress { passage_index: 0, extractor: "MusicBrainz-Pass2", status: "running", timestamp: 1766373673 }
[  1074.875s] FILE_COMPLETE [56/5737] (Aerosmith)Toys_In_The_Attic-09-You_See_Me_Crying.mp3 - 1 passages in 11.13s (total_elapsed: 1074.9s)
[  1074.875s] FILE_START [57/5737] AliceInChainsGreatestHits.mp3
[  1074.877s] EVENT ExtractionProgress { passage_index: 0, extractor: "MusicBrainz-Pass2", status: "completed", timestamp: 1766373673 }
[  1074.877s] EVENT FusionStarted { passage_index: 0, timestamp: 1766373673 }
[  1074.877s] EVENT ValidationStarted { passage_index: 0, timestamp: 1766373673 }
[  1074.877s] EVENT PassageCompleted: passage #0
[  1074.877s] EVENT FileCompleted: "C:\\Users\\Mango Cat\\Music\\Aerosmith\\Toys_In_The_Attic\\(Aerosmith)Toys_In_The_Attic-09-You_See_Me_Crying.mp3"
[  1074.877s] EVENT FileStarted: "C:\\Users\\Mango Cat\\Music\\Alice In Chains\\AliceInChainsGreatestHits.mp3"
[  1074.877s] EVENT SingleTrackCheckCompleted { file_path: "C:\\Users\\Mango Cat\\Music\\Alice In Chains\\AliceInChainsGreatestHits.mp3", score: -0.5, is_single_track: false }
[  1074.877s] EVENT AlbumMatchingStarted: "C:\\Users\\Mango Cat\\Music\\Alice In Chains\\AliceInChainsGreatestHits.mp3"
[  1171.057s] FILE_COMPLETE [57/5737] AliceInChainsGreatestHits.mp3 - 10 passages in 96.18s (total_elapsed: 1171.0s)
[  1171.057s] FILE_START [58/5737] AtFillmoreEast.mp3
[  1171.058s] EVENT AlbumMatchingCompleted: "C:\\Users\\Mango Cat\\Music\\Alice In Chains\\AliceInChainsGreatestHits.mp3"
[  1171.058s] EVENT BoundaryDetected { passage_index: 0, start_time: 0, end_time: 8082861440, confidence: 0.95, timestamp: 1766373769 }
[  1171.058s] EVENT PassageStarted: passage #0
[  1171.058s] EVENT PassageCompleted: passage #0
[  1171.058s] EVENT BoundaryDetected { passage_index: 1, start_time: 8082861440, end_time: 12276808960, confidence: 0.95, timestamp: 1766373769 }
[  1171.058s] EVENT PassageStarted: passage #1
[  1171.058s] EVENT PassageCompleted: passage #1
[  1171.058s] EVENT BoundaryDetected { passage_index: 2, start_time: 12276808960, end_time: 22787949439, confidence: 0.95, timestamp: 1766373769 }
[  1171.058s] EVENT PassageStarted: passage #2
[  1171.058s] EVENT PassageCompleted: passage #2
[  1171.058s] EVENT BoundaryDetected { passage_index: 3, start_time: 22787949439, end_time: 30896906240, confidence: 0.95, timestamp: 1766373769 }
[  1171.058s] EVENT PassageStarted: passage #3
[  1171.058s] EVENT PassageCompleted: passage #3
[  1171.058s] EVENT BoundaryDetected { passage_index: 4, start_time: 30896906240, end_time: 36710881920, confidence: 0.95, timestamp: 1766373769 }
[  1171.058s] EVENT PassageStarted: passage #4
[  1171.058s] EVENT PassageCompleted: passage #4
[  1171.058s] EVENT BoundaryDetected { passage_index: 5, start_time: 36710881920, end_time: 43868768640, confidence: 0.95, timestamp: 1766373769 }
[  1171.058s] EVENT PassageStarted: passage #5
[  1171.058s] EVENT PassageCompleted: passage #5
[  1171.058s] EVENT BoundaryDetected { passage_index: 6, start_time: 43868768640, end_time: 50991744000, confidence: 0.95, timestamp: 1766373769 }
[  1171.058s] EVENT PassageStarted: passage #6
[  1171.058s] EVENT PassageCompleted: passage #6
[  1171.058s] EVENT BoundaryDetected { passage_index: 7, start_time: 50991744000, end_time: 58998787840, confidence: 0.95, timestamp: 1766373769 }
[  1171.058s] EVENT PassageStarted: passage #7
[  1171.058s] EVENT PassageCompleted: passage #7
[  1171.058s] EVENT BoundaryDetected { passage_index: 8, start_time: 58998787840, end_time: 68182944000, confidence: 0.95, timestamp: 1766373769 }
[  1171.058s] EVENT PassageStarted: passage #8
[  1171.058s] EVENT PassageCompleted: passage #8
[  1171.058s] EVENT BoundaryDetected { passage_index: 9, start_time: 68182944000, end_time: 75080757120, confidence: 0.95, timestamp: 1766373769 }
[  1171.058s] EVENT PassageStarted: passage #9
[  1171.058s] EVENT PassageCompleted: passage #9
[  1171.058s] EVENT FileStarted: "C:\\Users\\Mango Cat\\Music\\Allman Brothers\\AtFillmoreEast.mp3"
[  1171.058s] EVENT SingleTrackCheckCompleted { file_path: "C:\\Users\\Mango Cat\\Music\\Allman Brothers\\AtFillmoreEast.mp3", score: 0.3, is_single_track: false }
[  1171.058s] EVENT AlbumMatchingStarted: "C:\\Users\\Mango Cat\\Music\\Allman Brothers\\AtFillmoreEast.mp3"
