[     0.003s] === Full Library Import Test Started ===
Total files: 5737
Album matching: true
Cache database: C:\Users\Mango Cat\Dev\McRhythm\wkmp-ai\test_recording_cache.db (existing)
[     0.003s] FILE_START [1/5737] 01-These_Are_Days.mp3
[     0.005s] EVENT FileStarted: "C:\\Users\\Mango Cat\\Music\\10,000_Maniacs\\MTV_Unplugged\\01-These_Are_Days.mp3"
[     0.005s] EVENT SingleTrackCheckCompleted { file_path: "C:\\Users\\Mango Cat\\Music\\10,000_Maniacs\\MTV_Unplugged\\01-These_Are_Days.mp3", score: 2.8, is_single_track: tru[   [    10.763s] EVENT BoundaryDetected { passage_index: 0, start_time: 0, end_time: 8286289920, confidence: 0.8, timestamp: 1766624841 }
[    10.763s] EVENT PassageStarted: passage #0
[    10.763s] EVENT ExtractionProgress { passage_index: 0, extractor: "ID3", status: "running", timestamp: 1766624841 }
[    10.763s] EVENT ExtractionProgress { passage_index: 0, extractor: "ID3", status: "completed", timestamp: 1766624841 }
[    10.763s] EVENT ExtractionProgress { passage_index: 0, extractor: "Chromaprint", status: "running", timestamp: 176662484[   [    11.104s] EVENT ExtractionProgress { passage_index: 0, extractor: "Chromaprint", status: "completed", timestamp: 1766624841 }
[    11.104s] EVENT ExtractionProgress { passage_index: 0, extractor: "AudioDerived", status: "running", timestamp: 176662484[   [    11.661s] EVENT ExtractionProgress { passage_index: 0, extractor: "AudioDerived", status: "completed", timestamp: 1766624842 }
[    11.661s] EVENT ExtractionProgress { passage_index: 0, extractor: "ID3GenreMapper", status: "running", timestamp: 1766624842 }
[    11.661s] EVENT ExtractionProgress { passage_index: 0, extractor: "ID3GenreMapper", status: "completed", timestamp: 1766624842 }
[    11.661s] EVENT FusionStarted { passage_index: 0, timestamp: 1766624842 }
[    11.661s] EVENT ExtractionProgress { passage_index: 0, extractor: "MusicBrainz-Pass2", status: "running", timestamp: 1766624842 }
[    11.665s] FILE_COMPLETE [1/5737] 01-These_Are_Days.mp3 - 1 passages in 11.66s (total_elapsed: 11.7s)
[    11.665s] FILE_START [2/5737] 02-Eat_For_Two.mp3
[    11.665s] EVENT ExtractionProgress { passage_index: 0, extractor: "MusicBrainz-Pass2", status: "completed", timestamp: 1766624842 }
[    11.665s] EVENT FusionStarted { passage_index: 0, timestamp: 1766624842 }
[    11.665s] EVENT ValidationStarted { passage_index: 0, timestamp: 1766624842 }
[    11.665s] EVENT PassageCompleted: passage #0
[    11.665s] EVENT FileCompleted: "C:\\Users\\Mango Cat\\Music\\10,000_Maniacs\\MTV_Unplugged\\01-These_Are_Days.mp3"
[    11.665s] EVENT FileStarted: "C:\\Users\\Mango Cat\\Music\\10,000_Maniacs\\MTV_Unplugged\\02-Eat_For_Two.mp3"
[    11.665s] EVENT SingleTrackCheckCompleted { file_path: "C:\\Users\\Mango Cat\\Music\\10,000_Maniacs\\MTV_Unplugged\\02-Eat_For_Two.mp3", score: 2.8, is_single_track:[    21.[    21.256s] EVENT BoundaryDetected { passage_index: 0, start_time: 0, end_time: 7410401280, confidence: 0.5, timestamp: 1766624851 }
[    21.256s] EVENT PassageStarted: passage #0
[    21.256s] EVENT ExtractionProgress { passage_index: 0, extractor: "ID3", status: "running", timestamp: 1766624851 }
[    21.256s] EVENT ExtractionProgress { passage_index: 0, extractor: "ID3", status: "completed", timestamp: 1766624851 }
[    21.256s] EVENT ExtractionProgress { passage_index: 0, extractor: "Chromaprint", status: "running", timestamp: 17666[    21.[    21.563s] EVENT ExtractionProgress { passage_index: 0, extractor: "Chromaprint", status: "completed", timestamp: 1766624852 }
[    21.563s] EVENT ExtractionProgress { passage_index: 0, extractor: "AudioDerived", status: "running", timestamp: 17666[    22.[    22.060s] EVENT ExtractionProgress { passage_index: 0, extractor: "AudioDerived", status: "completed", timestamp: 1766624852 }
[    22.060s] EVENT ExtractionProgress { passage_index: 0, extractor: "ID3GenreMapper", status: "running", timestamp: 1766624852 }
[    22.060s] EVENT ExtractionProgress { passage_index: 0, extractor: "ID3GenreMapper", status: "completed", timestamp: 1766624852 }
[    22.060s] EVENT FusionStarted { passage_index: 0, timestamp: 1766624852 }
[    22.060s] EVENT ExtractionProgress { passage_index: 0, extractor: "MusicBrainz-Pass2", status: "running", timestamp: 1766624852 }
[    22.064s] FILE_COMPLETE [2/5737] 02-Eat_For_Two.mp3 - 1 passages in 10.40s (total_elapsed: 22.1s)
[    22.064s] FILE_START [3/5737] 03-Candy_Everybody_Wants.mp3
[    22.065s] EVENT ExtractionProgress { passage_index: 0, extractor: "MusicBrainz-Pass2", status: "completed", timestamp: 1766624852 }
[    22.065s] EVENT FusionStarted { passage_index: 0, timestamp: 1766624852 }
[    22.065s] EVENT ValidationStarted { passage_index: 0, timestamp: 1766624852 }
[    22.065s] EVENT PassageCompleted: passage #0
[    22.065s] EVENT FileCompleted: "C:\\Users\\Mango Cat\\Music\\10,000_Maniacs\\MTV_Unplugged\\02-Eat_For_Two.mp3"
[    22.065s] EVENT FileStarted: "C:\\Users\\Mango Cat\\Music\\10,000_Maniacs\\MTV_Unplugged\\03-Candy_Everybody_Wants.mp3"
[    22.065s] EVENT SingleTrackCheckCompleted { file_path: "C:\\Users\\Mango Cat\\Music\\10,000_Maniacs\\MTV_Unplugged\\03-Candy_Everybody_Wants.mp3", score: 2.8, is_single_tr[    29.547s[    29.427s] EVENT BoundaryDetected { passage_index: 0, start_time: 0, end_time: 5635031040, confidence: 0.5, timestamp: 1766624859 }
[    29.427s] EVENT PassageStarted: passage #0
[    29.427s] EVENT ExtractionProgress { passage_index: 0, extractor: "ID3", status: "running", timestamp: 1766624859 }
[    29.427s] EVENT ExtractionProgress { passage_index: 0, extractor: "ID3", status: "completed", timestamp: 1766624859 }
[    29.427s] EVENT ExtractionProgress { passage_index: 0, extractor: "Chromaprint", status: "running", timestamp: 1[    29.795s[    29.660s] EVENT ExtractionProgress { passage_index: 0, extractor: "Chromaprint", status: "completed", timestamp: 1766624860 }
[    29.660s] EVENT ExtractionProgress { passage_index: 0, extractor: "AudioDerived", status: "running", timestamp: 1[    30.176s[    30.032s] EVENT ExtractionProgress { passage_index: 0, extractor: "AudioDerived", status: "completed", timestamp: 1766624860 }
[    30.032s] EVENT ExtractionProgress { passage_index: 0, extractor: "ID3GenreMapper", status: "running", timestamp: 1766624860 }
[    30.032s] EVENT ExtractionProgress { passage_index: 0, extractor: "ID3GenreMapper", status: "completed", timestamp: 1766624860 }
[    30.032s] EVENT FusionStarted { passage_index: 0, timestamp: 1766624860 }
[    30.032s] EVENT ExtractionProgress { passage_index: 0, extractor: "MusicBrainz-Pass2", status: "running", timestamp: 1766624860 }
[    30.034s] FILE_COMPLETE [3/5737] 03-Candy_Everybody_Wants.mp3 - 1 passages in 7.97s (total_elapsed: 30.0s)
[    30.034s] FILE_START [4/5737] 04-I'm_Not_The_Man.mp3
[    30.035s] EVENT ExtractionProgress { passage_index: 0, extractor: "MusicBrainz-Pass2", status: "completed", timestamp: 1766624860 }
[    30.035s] EVENT FusionStarted { passage_index: 0, timestamp: 1766624860 }
[    30.035s] EVENT ValidationStarted { passage_index: 0, timestamp: 1766624860 }
[    30.035s] EVENT PassageCompleted: passage #0
[    30.035s] EVENT FileCompleted: "C:\\Users\\Mango Cat\\Music\\10,000_Maniacs\\MTV_Unplugged\\03-Candy_Everybody_Wants.mp3"
[    30.035s] EVENT FileStarted: "C:\\Users\\Mango Cat\\Music\\10,000_Maniacs\\MTV_Unplugged\\04-I'm_Not_The_Man.mp3"
[    30.035s] EVENT SingleTrackCheckCompleted { file_path: "C:\\Users\\Mango Cat\\Music\\10,000_Maniacs\\MTV_Unplugged\\04-I'm_Not_The_Man.mp3", score: 2.8, is_singl[    38.485s] EVENT BoundaryDetected { passage_index: 0, start_time: 0, end_time: 6390005760, confidence: 0.8, timestamp: 1766624868 }
[    38.485s] EVENT PassageStarted: passage #0
[    38.485s] EVENT ExtractionProgress { passage_index: 0, extractor: "ID3", status: "running", timestamp: 1766624868 }
[    38.485s] EVENT ExtractionProgress { passage_index: 0, extractor: "ID3", status: "completed", timestamp: 1766624868 }
[    38.485s] EVENT ExtractionProgress { passage_index: 0, extractor: "Chromaprint", status: "running", timestamp: 1766624868 }
[    38.765s] EVENT ExtractionProgress { passage_index: 0, extractor: "Chromaprint", status: "completed", timestamp: 1766624869 }
[    38.765s] EVENT ExtractionProgress { passage_index: 0, extractor: "AudioDerived", status: "running", timestamp: 1766624869 }
[    39.204s] EVENT ExtractionProgress { passage_index: 0, extractor: "AudioDerived", status: "completed", timestamp: 1766624869 }
[    39.204s] EVENT ExtractionProgress { passage_index: 0, extractor: "ID3GenreMapper", status: "running", timestamp: 1766624869 }
[    39.204s] EVENT ExtractionProgress { passage_index: 0, extractor: "ID3GenreMapper", status: "completed", timestamp: 1766624869 }
[    39.204s] EVENT FusionStarted { passage_index: 0, timestamp: 1766624869 }
[    39.204s] EVENT ExtractionProgress { passage_index: 0, extractor: "MusicBrainz-Pass2", status: "running", timestamp: 1766624869 }
[    39.207s] FILE_COMPLETE [4/50] 04-I'm_Not_The_Man.mp3 - 1 passages in 9.03s (total_elapsed: 39.2s)
[    39.207s] FILE_START [5/50] 05-Don't_Talk.mp3
[    39.208s] EVENT ExtractionProgress { passage_index: 0, extractor: "MusicBrainz-Pass2", status: "completed", timestamp: 1766624869 }
[    39.208s] EVENT FusionStarted { passage_index: 0, timestamp: 1766624869 }
[    39.208s] EVENT ValidationStarted { passage_index: 0, timestamp: 1766624869 }
[    39.208s] EVENT PassageCompleted: passage #0
[    39.208s] EVENT FileCompleted: "C:\\Users\\Mango Cat\\Music\\10,000_Maniacs\\MTV_Unplugged\\04-I'm_Not_The_Man.mp3"
[    39.208s] EVENT FileStarted: "C:\\Users\\Mango Cat\\Music\\10,000_Maniacs\\MTV_Unplugged\\05-Don't_Talk.mp3"
[    39.208s] EVENT SingleTrackCheckCompleted { file_path: "C:\\Users\\Mango Cat\\Music\\10,000_Maniacs\\MTV_Unplugged\\05-Don't_Talk.mp3", score: 2.8, is_single_track: true }
[    50.972s] EVENT BoundaryDetected { passage_index: 0, start_time: 0, end_time: 9086976000, confidence: 0.5, timestamp: 1766624881 }
[    50.972s] EVENT PassageStarted: passage #0
[    50.972s] EVENT ExtractionProgress { passage_index: 0, extractor: "ID3", status: "running", timestamp: 1766624881 }
[    50.972s] EVENT ExtractionProgress { passage_index: 0, extractor: "ID3", status: "completed", timestamp: 1766624881 }
[    50.972s] EVENT ExtractionProgress { passage_index: 0, extractor: "Chromaprint", status: "running", timestamp: 1766624881 }
[    51.362s] EVENT ExtractionProgress { passage_index: 0, extractor: "Chromaprint", status: "completed", timestamp: 1766624881 }
[    51.362s] EVENT ExtractionProgress { passage_index: 0, extractor: "AudioDerived", status: "running", timestamp: 1766624881 }
[    51.984s] EVENT ExtractionProgress { passage_index: 0, extractor: "AudioDerived", status: "completed", timestamp: 1766624882 }
[    51.984s] EVENT ExtractionProgress { passage_index: 0, extractor: "ID3GenreMapper", status: "running", timestamp: 1766624882 }
[    51.984s] EVENT ExtractionProgress { passage_index: 0, extractor: "ID3GenreMapper", status: "completed", timestamp: 1766624882 }
[    51.984s] EVENT FusionStarted { passage_index: 0, timestamp: 1766624882 }
[    51.984s] EVENT ExtractionProgress { passage_index: 0, extractor: "MusicBrainz-Pass2", status: "running", timestamp: 1766624882 }
[    51.988s] FILE_COMPLETE [5/50] 05-Don't_Talk.mp3 - 1 passages in 12.78s (total_elapsed: 52.0s)
[    51.988s] FILE_START [6/50] 06-Hey_Jack_Kerouac.mp3
[    51.989s] EVENT ExtractionProgress { passage_index: 0, extractor: "MusicBrainz-Pass2", status: "completed", timestamp: 1766624882 }
[    51.989s] EVENT FusionStarted { passage_index: 0, timestamp: 1766624882 }
[    51.989s] EVENT ValidationStarted { passage_index: 0, timestamp: 1766624882 }
[    51.989s] EVENT PassageCompleted: passage #0
[    51.989s] EVENT FileCompleted: "C:\\Users\\Mango Cat\\Music\\10,000_Maniacs\\MTV_Unplugged\\05-Don't_Talk.mp3"
[    51.989s] EVENT FileStarted: "C:\\Users\\Mango Cat\\Music\\10,000_Maniacs\\MTV_Unplugged\\06-Hey_Jack_Kerouac.mp3"
[    51.989s] EVENT SingleTrackCheckCompleted { file_path: "C:\\Users\\Mango Cat\\Music\\10,000_Maniacs\\MTV_Unplugged\\06-Hey_Jack_Kerouac.mp3", score: 2.8, is_single_track: true }
[    60.385s] EVENT BoundaryDetected { passage_index: 0, start_time: 0, end_time: 6457835520, confidence: 0.5, timestamp: 1766624890 }
[    60.385s] EVENT PassageStarted: passage #0
[    60.385s] EVENT ExtractionProgress { passage_index: 0, extractor: "ID3", status: "running", timestamp: 1766624890 }
[    60.385s] EVENT ExtractionProgress { passage_index: 0, extractor: "ID3", status: "completed", timestamp: 1766624890 }
[    60.385s] EVENT ExtractionProgress { passage_index: 0, extractor: "Chromaprint", status: "running", timestamp: 1766624890 }
[    60.659s] EVENT ExtractionProgress { passage_index: 0, extractor: "Chromaprint", status: "completed", timestamp: 1766624890 }
[    60.659s] EVENT ExtractionProgress { passage_index: 0, extractor: "AudioDerived", status: "running", timestamp: 1766624890 }
[    61.102s] EVENT ExtractionProgress { passage_index: 0, extractor: "AudioDerived", status: "completed", timestamp: 1766624891 }
[    61.102s] EVENT ExtractionProgress { passage_index: 0, extractor: "ID3GenreMapper", status: "running", timestamp: 1766624891 }
[    61.102s] EVENT ExtractionProgress { passage_index: 0, extractor: "ID3GenreMapper", status: "completed", timestamp: 1766624891 }
[    61.102s] EVENT FusionStarted { passage_index: 0, timestamp: 1766624891 }
[    61.102s] EVENT ExtractionProgress { passage_index: 0, extractor: "MusicBrainz-Pass2", status: "running", timestamp: 1766624891 }
[    61.105s] FILE_COMPLETE [6/50] 06-Hey_Jack_Kerouac.mp3 - 1 passages in 9.12s (total_elapsed: 61.1s)
[    61.105s] FILE_START [7/50] 07-What's_The_Matter_Here-.mp3
[    61.106s] EVENT ExtractionProgress { passage_index: 0, extractor: "MusicBrainz-Pass2", status: "completed", timestamp: 1766624891 }
[    61.106s] EVENT FusionStarted { passage_index: 0, timestamp: 1766624891 }
[    61.106s] EVENT ValidationStarted { passage_index: 0, timestamp: 1766624891 }
[    61.106s] EVENT PassageCompleted: passage #0
[    61.106s] EVENT FileCompleted: "C:\\Users\\Mango Cat\\Music\\10,000_Maniacs\\MTV_Unplugged\\06-Hey_Jack_Kerouac.mp3"
[    61.106s] EVENT FileStarted: "C:\\Users\\Mango Cat\\Music\\10,000_Maniacs\\MTV_Unplugged\\07-What's_The_Matter_Here-.mp3"
[    61.106s] EVENT SingleTrackCheckCompleted { file_path: "C:\\Users\\Mango Cat\\Music\\10,000_Maniacs\\MTV_Unplugged\\07-What's_The_Matter_Here-.mp3", score: 2.8, is_single_track: true }
[    71.756s] EVENT BoundaryDetected { passage_index: 0, start_time: 0, end_time: 8204451840, confidence: 0.8, timestamp: 1766624902 }
[    71.756s] EVENT PassageStarted: passage #0
[    71.756s] EVENT ExtractionProgress { passage_index: 0, extractor: "ID3", status: "running", timestamp: 1766624902 }
[    71.756s] EVENT ExtractionProgress { passage_index: 0, extractor: "ID3", status: "completed", timestamp: 1766624902 }
[    71.756s] EVENT ExtractionProgress { passage_index: 0, extractor: "Chromaprint", status: "running", timestamp: 1766624902 }
[    72.118s] EVENT ExtractionProgress { passage_index: 0, extractor: "Chromaprint", status: "completed", timestamp: 1766624902 }
[    72.118s] EVENT ExtractionProgress { passage_index: 0, extractor: "AudioDerived", status: "running", timestamp: 1766624902 }
[    72.682s] EVENT ExtractionProgress { passage_index: 0, extractor: "AudioDerived", status: "completed", timestamp: 1766624902 }
[    72.682s] EVENT ExtractionProgress { passage_index: 0, extractor: "ID3GenreMapper", status: "running", timestamp: 1766624902 }
[    72.682s] EVENT ExtractionProgress { passage_index: 0, extractor: "ID3GenreMapper", status: "completed", timestamp: 1766624902 }
[    72.682s] EVENT FusionStarted { passage_index: 0, timestamp: 1766624902 }
[    72.682s] EVENT ExtractionProgress { passage_index: 0, extractor: "MusicBrainz-Pass2", status: "running", timestamp: 1766624902 }
[    72.686s] FILE_COMPLETE [7/50] 07-What's_The_Matter_Here-.mp3 - 1 passages in 11.58s (total_elapsed: 72.7s)
[    72.686s] FILE_START [8/50] 08-Gold_Rush_Brides.mp3
[    72.687s] EVENT ExtractionProgress { passage_index: 0, extractor: "MusicBrainz-Pass2", status: "completed", timestamp: 1766624902 }
[    72.687s] EVENT FusionStarted { passage_index: 0, timestamp: 1766624902 }
[    72.687s] EVENT ValidationStarted { passage_index: 0, timestamp: 1766624902 }
[    72.687s] EVENT PassageCompleted: passage #0
[    72.687s] EVENT FileCompleted: "C:\\Users\\Mango Cat\\Music\\10,000_Maniacs\\MTV_Unplugged\\07-What's_The_Matter_Here-.mp3"
[    72.687s] EVENT FileStarted: "C:\\Users\\Mango Cat\\Music\\10,000_Maniacs\\MTV_Unplugged\\08-Gold_Rush_Brides.mp3"
[    72.687s] EVENT SingleTrackCheckCompleted { file_path: "C:\\Users\\Mango Cat\\Music\\10,000_Maniacs\\MTV_Unplugged\\08-Gold_Rush_Brides.mp3", score: 2.8, is_single_track: true }
[    81.902s] EVENT BoundaryDetected { passage_index: 0, start_time: 0, end_time: 7106641920, confidence: 0.5, timestamp: 1766624912 }
[    81.902s] EVENT PassageStarted: passage #0
[    81.902s] EVENT ExtractionProgress { passage_index: 0, extractor: "ID3", status: "running", timestamp: 1766624912 }
[    81.902s] EVENT ExtractionProgress { passage_index: 0, extractor: "ID3", status: "completed", timestamp: 1766624912 }
[    81.902s] EVENT ExtractionProgress { passage_index: 0, extractor: "Chromaprint", status: "running", timestamp: 1766624912 }
[    82.207s] EVENT ExtractionProgress { passage_index: 0, extractor: "Chromaprint", status: "completed", timestamp: 1766624912 }
[    82.207s] EVENT ExtractionProgress { passage_index: 0, extractor: "AudioDerived", status: "running", timestamp: 1766624912 }
[    82.698s] EVENT ExtractionProgress { passage_index: 0, extractor: "AudioDerived", status: "completed", timestamp: 1766624912 }
[    82.698s] EVENT ExtractionProgress { passage_index: 0, extractor: "ID3GenreMapper", status: "running", timestamp: 1766624912 }
[    82.698s] EVENT ExtractionProgress { passage_index: 0, extractor: "ID3GenreMapper", status: "completed", timestamp: 1766624912 }
[    82.698s] EVENT FusionStarted { passage_index: 0, timestamp: 1766624912 }
[    82.698s] EVENT ExtractionProgress { passage_index: 0, extractor: "MusicBrainz-Pass2", status: "running", timestamp: 1766624912 }
[    82.702s] FILE_COMPLETE [8/50] 08-Gold_Rush_Brides.mp3 - 1 passages in 10.02s (total_elapsed: 82.7s)
[    82.702s] FILE_START [9/50] 09-Like_The_Weather.mp3
[    82.702s] EVENT ExtractionProgress { passage_index: 0, extractor: "MusicBrainz-Pass2", status: "completed", timestamp: 1766624912 }
[    82.702s] EVENT FusionStarted { passage_index: 0, timestamp: 1766624912 }
[    82.702s] EVENT ValidationStarted { passage_index: 0, timestamp: 1766624912 }
[    82.702s] EVENT PassageCompleted: passage #0
[    82.702s] EVENT FileCompleted: "C:\\Users\\Mango Cat\\Music\\10,000_Maniacs\\MTV_Unplugged\\08-Gold_Rush_Brides.mp3"
[    82.702s] EVENT FileStarted: "C:\\Users\\Mango Cat\\Music\\10,000_Maniacs\\MTV_Unplugged\\09-Like_The_Weather.mp3"
[    82.702s] EVENT SingleTrackCheckCompleted { file_path: "C:\\Users\\Mango Cat\\Music\\10,000_Maniacs\\MTV_Unplugged\\09-Like_The_Weather.mp3", score: 2.8, is_single_track: true }
[    92.068s] EVENT BoundaryDetected { passage_index: 0, start_time: 0, end_time: 7196590080, confidence: 0.5, timestamp: 1766624922 }
[    92.068s] EVENT PassageStarted: passage #0
[    92.068s] EVENT ExtractionProgress { passage_index: 0, extractor: "ID3", status: "running", timestamp: 1766624922 }
[    92.068s] EVENT ExtractionProgress { passage_index: 0, extractor: "ID3", status: "completed", timestamp: 1766624922 }
[    92.068s] EVENT ExtractionProgress { passage_index: 0, extractor: "Chromaprint", status: "running", timestamp: 1766624922 }
[    92.378s] EVENT ExtractionProgress { passage_index: 0, extractor: "Chromaprint", status: "completed", timestamp: 1766624922 }
[    92.378s] EVENT ExtractionProgress { passage_index: 0, extractor: "AudioDerived", status: "running", timestamp: 1766624922 }
[    92.875s] EVENT ExtractionProgress { passage_index: 0, extractor: "AudioDerived", status: "completed", timestamp: 1766624923 }
[    92.875s] EVENT ExtractionProgress { passage_index: 0, extractor: "ID3GenreMapper", status: "running", timestamp: 1766624923 }
[    92.875s] EVENT ExtractionProgress { passage_index: 0, extractor: "ID3GenreMapper", status: "completed", timestamp: 1766624923 }
[    92.875s] EVENT FusionStarted { passage_index: 0, timestamp: 1766624923 }
[    92.875s] EVENT ExtractionProgress { passage_index: 0, extractor: "MusicBrainz-Pass2", status: "running", timestamp: 1766624923 }
[    92.878s] FILE_COMPLETE [9/50] 09-Like_The_Weather.mp3 - 1 passages in 10.18s (total_elapsed: 92.9s)
[    92.878s] FILE_START [10/50] 10-Trouble_Me.mp3
[    92.879s] EVENT ExtractionProgress { passage_index: 0, extractor: "MusicBrainz-Pass2", status: "completed", timestamp: 1766624923 }
[    92.879s] EVENT FusionStarted { passage_index: 0, timestamp: 1766624923 }
[    92.879s] EVENT ValidationStarted { passage_index: 0, timestamp: 1766624923 }
[    92.879s] EVENT PassageCompleted: passage #0
[    92.879s] EVENT FileCompleted: "C:\\Users\\Mango Cat\\Music\\10,000_Maniacs\\MTV_Unplugged\\09-Like_The_Weather.mp3"
[    92.879s] EVENT FileStarted: "C:\\Users\\Mango Cat\\Music\\10,000_Maniacs\\MTV_Unplugged\\10-Trouble_Me.mp3"
[    92.879s] EVENT SingleTrackCheckCompleted { file_path: "C:\\Users\\Mango Cat\\Music\\10,000_Maniacs\\MTV_Unplugged\\10-Trouble_Me.mp3", score: 2.8, is_single_track: true }
[   100.973s] EVENT BoundaryDetected { passage_index: 0, start_time: 0, end_time: 6231490560, confidence: 0.5, timestamp: 1766624931 }
[   100.973s] EVENT PassageStarted: passage #0
[   100.973s] EVENT ExtractionProgress { passage_index: 0, extractor: "ID3", status: "running", timestamp: 1766624931 }
[   100.973s] EVENT ExtractionProgress { passage_index: 0, extractor: "ID3", status: "completed", timestamp: 1766624931 }
[   100.973s] EVENT ExtractionProgress { passage_index: 0, extractor: "Chromaprint", status: "running", timestamp: 1766624931 }
[   101.246s] EVENT ExtractionProgress { passage_index: 0, extractor: "Chromaprint", status: "completed", timestamp: 1766624931 }
[   101.246s] EVENT ExtractionProgress { passage_index: 0, extractor: "AudioDerived", status: "running", timestamp: 1766624931 }
[   101.677s] EVENT ExtractionProgress { passage_index: 0, extractor: "AudioDerived", status: "completed", timestamp: 1766624931 }
[   101.677s] EVENT ExtractionProgress { passage_index: 0, extractor: "ID3GenreMapper", status: "running", timestamp: 1766624931 }
[   101.677s] EVENT ExtractionProgress { passage_index: 0, extractor: "ID3GenreMapper", status: "completed", timestamp: 1766624931 }
[   101.677s] EVENT FusionStarted { passage_index: 0, timestamp: 1766624931 }
[   101.677s] EVENT ExtractionProgress { passage_index: 0, extractor: "MusicBrainz-Pass2", status: "running", timestamp: 1766624931 }
[   101.680s] FILE_COMPLETE [10/50] 10-Trouble_Me.mp3 - 1 passages in 8.80s (total_elapsed: 101.7s)
[   101.680s] PROGRESS 10/50 (20.0%) - 0.10 files/sec - ETA: 6.8min
[   101.680s] FILE_START [11/50] 11-Jezebel.mp3
[   101.681s] EVENT ExtractionProgress { passage_index: 0, extractor: "MusicBrainz-Pass2", status: "completed", timestamp: 1766624931 }
[   101.681s] EVENT FusionStarted { passage_index: 0, timestamp: 1766624931 }
[   101.681s] EVENT ValidationStarted { passage_index: 0, timestamp: 1766624931 }
[   101.681s] EVENT PassageCompleted: passage #0
[   101.681s] EVENT FileCompleted: "C:\\Users\\Mango Cat\\Music\\10,000_Maniacs\\MTV_Unplugged\\10-Trouble_Me.mp3"
[   101.681s] EVENT FileStarted: "C:\\Users\\Mango Cat\\Music\\10,000_Maniacs\\MTV_Unplugged\\11-Jezebel.mp3"
[   101.681s] EVENT SingleTrackCheckCompleted { file_path: "C:\\Users\\Mango Cat\\Music\\10,000_Maniacs\\MTV_Unplugged\\11-Jezebel.mp3", score: 2.8, is_single_track: true }
[   112.704s] EVENT BoundaryDetected { passage_index: 0, start_time: 0, end_time: 7449477120, confidence: 0.5, timestamp: 1766624942 }
[   112.704s] EVENT PassageStarted: passage #0
[   112.704s] EVENT ExtractionProgress { passage_index: 0, extractor: "ID3", status: "running", timestamp: 1766624942 }
[   112.704s] EVENT ExtractionProgress { passage_index: 0, extractor: "ID3", status: "completed", timestamp: 1766624942 }
[   112.704s] EVENT ExtractionProgress { passage_index: 0, extractor: "Chromaprint", status: "running", timestamp: 1766624942 }
[   113.035s] EVENT ExtractionProgress { passage_index: 0, extractor: "Chromaprint", status: "completed", timestamp: 1766624943 }
[   113.035s] EVENT ExtractionProgress { passage_index: 0, extractor: "AudioDerived", status: "running", timestamp: 1766624943 }
[   113.555s] EVENT ExtractionProgress { passage_index: 0, extractor: "AudioDerived", status: "completed", timestamp: 1766624943 }
[   113.555s] EVENT ExtractionProgress { passage_index: 0, extractor: "ID3GenreMapper", status: "running", timestamp: 1766624943 }
[   113.555s] EVENT ExtractionProgress { passage_index: 0, extractor: "ID3GenreMapper", status: "completed", timestamp: 1766624943 }
[   113.555s] EVENT FusionStarted { passage_index: 0, timestamp: 1766624943 }
[   113.555s] EVENT ExtractionProgress { passage_index: 0, extractor: "MusicBrainz-Pass2", status: "running", timestamp: 1766624943 }
[   113.558s] FILE_COMPLETE [11/50] 11-Jezebel.mp3 - 1 passages in 11.88s (total_elapsed: 113.6s)
[   113.558s] FILE_START [12/50] 12-Because_The_Night.mp3
[   113.559s] EVENT ExtractionProgress { passage_index: 0, extractor: "MusicBrainz-Pass2", status: "completed", timestamp: 1766624943 }
[   113.559s] EVENT FusionStarted { passage_index: 0, timestamp: 1766624943 }
[   113.559s] EVENT ValidationStarted { passage_index: 0, timestamp: 1766624943 }
[   113.559s] EVENT PassageCompleted: passage #0
[   113.559s] EVENT FileCompleted: "C:\\Users\\Mango Cat\\Music\\10,000_Maniacs\\MTV_Unplugged\\11-Jezebel.mp3"
[   113.559s] EVENT FileStarted: "C:\\Users\\Mango Cat\\Music\\10,000_Maniacs\\MTV_Unplugged\\12-Because_The_Night.mp3"
[   113.559s] EVENT SingleTrackCheckCompleted { file_path: "C:\\Users\\Mango Cat\\Music\\10,000_Maniacs\\MTV_Unplugged\\12-Because_The_Night.mp3", score: 2.8, is_single_track: true }
[   121.803s] EVENT BoundaryDetected { passage_index: 0, start_time: 0, end_time: 6305955840, confidence: 0.5, timestamp: 1766624952 }
[   121.803s] EVENT PassageStarted: passage #0
[   121.803s] EVENT ExtractionProgress { passage_index: 0, extractor: "ID3", status: "running", timestamp: 1766624952 }
[   121.803s] EVENT ExtractionProgress { passage_index: 0, extractor: "ID3", status: "completed", timestamp: 1766624952 }
[   121.803s] EVENT ExtractionProgress { passage_index: 0, extractor: "Chromaprint", status: "running", timestamp: 1766624952 }
[   122.094s] EVENT ExtractionProgress { passage_index: 0, extractor: "Chromaprint", status: "completed", timestamp: 1766624952 }
[   122.094s] EVENT ExtractionProgress { passage_index: 0, extractor: "AudioDerived", status: "running", timestamp: 1766624952 }
[   122.567s] EVENT ExtractionProgress { passage_index: 0, extractor: "AudioDerived", status: "completed", timestamp: 1766624952 }
[   122.567s] EVENT ExtractionProgress { passage_index: 0, extractor: "ID3GenreMapper", status: "running", timestamp: 1766624952 }
[   122.567s] EVENT ExtractionProgress { passage_index: 0, extractor: "ID3GenreMapper", status: "completed", timestamp: 1766624952 }
[   122.567s] EVENT FusionStarted { passage_index: 0, timestamp: 1766624952 }
[   122.567s] EVENT ExtractionProgress { passage_index: 0, extractor: "MusicBrainz-Pass2", status: "running", timestamp: 1766624952 }
[   122.570s] FILE_COMPLETE [12/50] 12-Because_The_Night.mp3 - 1 passages in 9.01s (total_elapsed: 122.6s)
[   122.570s] FILE_START [13/50] 13-Stockton_Gala_Days.mp3
[   122.570s] EVENT ExtractionProgress { passage_index: 0, extractor: "MusicBrainz-Pass2", status: "completed", timestamp: 1766624952 }
[   122.570s] EVENT FusionStarted { passage_index: 0, timestamp: 1766624952 }
[   122.570s] EVENT ValidationStarted { passage_index: 0, timestamp: 1766624952 }
[   122.570s] EVENT PassageCompleted: passage #0
[   122.570s] EVENT FileCompleted: "C:\\Users\\Mango Cat\\Music\\10,000_Maniacs\\MTV_Unplugged\\12-Because_The_Night.mp3"
[   122.571s] EVENT FileStarted: "C:\\Users\\Mango Cat\\Music\\10,000_Maniacs\\MTV_Unplugged\\13-Stockton_Gala_Days.mp3"
[   122.571s] EVENT SingleTrackCheckCompleted { file_path: "C:\\Users\\Mango Cat\\Music\\10,000_Maniacs\\MTV_Unplugged\\13-Stockton_Gala_Days.mp3", score: 2.8, is_single_track: true }
[   134.903s] EVENT BoundaryDetected { passage_index: 0, start_time: 0, end_time: 9292677120, confidence: 0.5, timestamp: 1766624965 }
[   134.903s] EVENT PassageStarted: passage #0
[   134.903s] EVENT ExtractionProgress { passage_index: 0, extractor: "ID3", status: "running", timestamp: 1766624965 }
[   134.903s] EVENT ExtractionProgress { passage_index: 0, extractor: "ID3", status: "completed", timestamp: 1766624965 }
[   134.903s] EVENT ExtractionProgress { passage_index: 0, extractor: "Chromaprint", status: "running", timestamp: 1766624965 }
[   135.304s] EVENT ExtractionProgress { passage_index: 0, extractor: "Chromaprint", status: "completed", timestamp: 1766624965 }
[   135.304s] EVENT ExtractionProgress { passage_index: 0, extractor: "AudioDerived", status: "running", timestamp: 1766624965 }
[   135.948s] EVENT ExtractionProgress { passage_index: 0, extractor: "AudioDerived", status: "completed", timestamp: 1766624966 }
[   135.948s] EVENT ExtractionProgress { passage_index: 0, extractor: "ID3GenreMapper", status: "running", timestamp: 1766624966 }
[   135.948s] EVENT ExtractionProgress { passage_index: 0, extractor: "ID3GenreMapper", status: "completed", timestamp: 1766624966 }
[   135.948s] EVENT FusionStarted { passage_index: 0, timestamp: 1766624966 }
[   135.948s] EVENT ExtractionProgress { passage_index: 0, extractor: "MusicBrainz-Pass2", status: "running", timestamp: 1766624966 }
[   135.952s] FILE_COMPLETE [13/50] 13-Stockton_Gala_Days.mp3 - 1 passages in 13.38s (total_elapsed: 135.9s)
[   135.952s] FILE_START [14/50] 14-Noah's_Dove.mp3
[   135.953s] EVENT ExtractionProgress { passage_index: 0, extractor: "MusicBrainz-Pass2", status: "completed", timestamp: 1766624966 }
[   135.953s] EVENT FusionStarted { passage_index: 0, timestamp: 1766624966 }
[   135.953s] EVENT ValidationStarted { passage_index: 0, timestamp: 1766624966 }
[   135.953s] EVENT PassageCompleted: passage #0
[   135.953s] EVENT FileCompleted: "C:\\Users\\Mango Cat\\Music\\10,000_Maniacs\\MTV_Unplugged\\13-Stockton_Gala_Days.mp3"
[   135.953s] EVENT FileStarted: "C:\\Users\\Mango Cat\\Music\\10,000_Maniacs\\MTV_Unplugged\\14-Noah's_Dove.mp3"
[   135.953s] EVENT SingleTrackCheckCompleted { file_path: "C:\\Users\\Mango Cat\\Music\\10,000_Maniacs\\MTV_Unplugged\\14-Noah's_Dove.mp3", score: 2.8, is_single_track: true }
[   148.051s] EVENT BoundaryDetected { passage_index: 0, start_time: 0, end_time: 8682946560, confidence: 0.5, timestamp: 1766624978 }
[   148.051s] EVENT PassageStarted: passage #0
[   148.051s] EVENT ExtractionProgress { passage_index: 0, extractor: "ID3", status: "running", timestamp: 1766624978 }
[   148.051s] EVENT ExtractionProgress { passage_index: 0, extractor: "ID3", status: "completed", timestamp: 1766624978 }
[   148.051s] EVENT ExtractionProgress { passage_index: 0, extractor: "Chromaprint", status: "running", timestamp: 1766624978 }
[   148.431s] EVENT ExtractionProgress { passage_index: 0, extractor: "Chromaprint", status: "completed", timestamp: 1766624978 }
[   148.431s] EVENT ExtractionProgress { passage_index: 0, extractor: "AudioDerived", status: "running", timestamp: 1766624978 }
[   149.115s] EVENT ExtractionProgress { passage_index: 0, extractor: "AudioDerived", status: "completed", timestamp: 1766624979 }
[   149.115s] EVENT ExtractionProgress { passage_index: 0, extractor: "ID3GenreMapper", status: "running", timestamp: 1766624979 }
[   149.115s] EVENT ExtractionProgress { passage_index: 0, extractor: "ID3GenreMapper", status: "completed", timestamp: 1766624979 }
[   149.115s] EVENT FusionStarted { passage_index: 0, timestamp: 1766624979 }
[   149.115s] EVENT ExtractionProgress { passage_index: 0, extractor: "MusicBrainz-Pass2", status: "running", timestamp: 1766624979 }
[   149.119s] FILE_COMPLETE [14/50] 14-Noah's_Dove.mp3 - 1 passages in 13.17s (total_elapsed: 149.1s)
[   149.119s] FILE_START [15/50] Anthology.mp3
[   149.121s] EVENT ExtractionProgress { passage_index: 0, extractor: "MusicBrainz-Pass2", status: "completed", timestamp: 1766624979 }
[   149.121s] EVENT FusionStarted { passage_index: 0, timestamp: 1766624979 }
[   149.121s] EVENT ValidationStarted { passage_index: 0, timestamp: 1766624979 }
[   149.121s] EVENT PassageCompleted: passage #0
[   149.121s] EVENT FileCompleted: "C:\\Users\\Mango Cat\\Music\\10,000_Maniacs\\MTV_Unplugged\\14-Noah's_Dove.mp3"
[   149.121s] EVENT FileStarted: "C:\\Users\\Mango Cat\\Music\\38 Special\\Anthology.mp3"
[   149.121s] EVENT SingleTrackCheckCompleted { file_path: "C:\\Users\\Mango Cat\\Music\\38 Special\\Anthology.mp3", score: -0.5, is_single_track: false }
[   149.121s] EVENT AlbumMatchingStarted: "C:\\Users\\Mango Cat\\Music\\38 Special\\Anthology.mp3"
[   505.579s] FILE_COMPLETE [15/50] Anthology.mp3 - 34 passage[   506.232s] FILE_COMPLETE [15/5737] Anthology.mp3 - 34 passages in 357.89s (total_elapsed: 506.2s)
[   506.232s] FILE_START [16/5737] (4_Non_Blondes)Bigger,_Better,_Faster,_More-01-Train_.mp3
[   506.233s] EVENT AlbumMatchingCompleted: "C:\\Users\\Mango Cat\\Music\\38 Special\\Anthology.mp3"
[   506.233s] EVENT BoundaryDetected { passage_index: 0, start_time: 0, end_time: 6636332160, confidence: 0.95, timestamp: 1766625336 }
[   506.233s] EVENT PassageStarted: passage #0
[   506.233s] EVENT PassageCompleted: passage #0
[   506.233s] EVENT BoundaryDetected { passage_index: 1, start_time: 6636332160, end_time: 13688426880, confidence: 0.95, timestamp: 1766625336 }
[   506.233s] EVENT PassageStarted: passage #1
[   506.233s] EVENT PassageCompleted: passage #1
[   506.233s] EVENT BoundaryDetected { passage_index: 2, start_time: 13688426880, end_time: 18930420480, confidence: 0.95, timestamp: 1766625336 }
[   506.233s] EVENT PassageStarted: passage #2
[   506.233s] EVENT PassageCompleted: passage #2
[   506.233s] EVENT BoundaryDetected { passage_index: 3, start_time: 18930420480, end_time: 26688147839, confidence: 0.95, timestamp: 1766625336 }
[   506.233s] EVENT PassageStarted: passage #3
[   506.233s] EVENT PassageCompleted: passage #3
[   506.233s] EVENT BoundaryDetected { passage_index: 4, start_time: 26688147839, end_time: 33472941440, confidence: 0.95, timestamp: 1766625336 }
[   506.233s] EVENT PassageStarted: passage #4
[   506.233s] EVENT PassageCompleted: passage #4
[   506.233s] EVENT BoundaryDetected { passage_index: 5, start_time: 33472941440, end_time: 42341837440, confidence: 0.95, timestamp: 1766625336 }
[   506.233s] EVENT PassageStarted: passage #5
[   506.233s] EVENT PassageCompleted: passage #5
[   506.233s] EVENT BoundaryDetected { passage_index: 6, start_time: 42341837440, end_time: 49499371520, confidence: 0.95, timestamp: 1766625336 }
[   506.233s] EVENT PassageStarted: passage #6
[   506.233s] EVENT PassageCompleted: passage #6
[   506.233s] EVENT BoundaryDetected { passage_index: 7, start_time: 49499371520, end_time: 56295096960, confidence: 0.95, timestamp: 1766625336 }
[   506.233s] EVENT PassageStarted: passage #7
[   506.233s] EVENT PassageCompleted: passage #7
[   506.233s] EVENT BoundaryDetected { passage_index: 8, start_time: 56295096960, end_time: 64507024640, confidence: 0.95, timestamp: 1766625336 }
[   506.233s] EVENT PassageStarted: passage #8
[   506.233s] EVENT PassageCompleted: passage #8
[   506.233s] EVENT BoundaryDetected { passage_index: 9, start_time: 64507024640, end_time: 72256641280, confidence: 0.95, timestamp: 1766625336 }
[   506.233s] EVENT PassageStarted: passage #9
[   506.233s] EVENT PassageCompleted: passage #9
[   506.233s] EVENT BoundaryDetected { passage_index: 10, start_time: 72256641280, end_time: 80695669120, confidence: 0.95, timestamp: 1766625336 }
[   506.233s] EVENT PassageStarted: passage #10
[   506.233s] EVENT PassageCompleted: passage #10
[   506.233s] EVENT BoundaryDetected { passage_index: 11, start_time: 80695669120, end_time: 87624692480, confidence: 0.95, timestamp: 1766625336 }
[   506.233s] EVENT PassageStarted: passage #11
[   506.233s] EVENT PassageCompleted: passage #11
[   506.233s] EVENT BoundaryDetected { passage_index: 12, start_time: 87624692480, end_time: 94232460800, confidence: 0.95, timestamp: 1766625336 }
[   506.233s] EVENT PassageStarted: passage #12
[   506.233s] EVENT PassageCompleted: passage #12
[   506.233s] EVENT BoundaryDetected { passage_index: 13, start_time: 94232460800, end_time: 100746779520, confidence: 0.95, timestamp: 1766625336 }
[   506.233s] EVENT PassageStarted: passage #13
[   506.233s] EVENT PassageCompleted: passage #13
[   506.233s] EVENT BoundaryDetected { passage_index: 14, start_time: 100746779520, end_time: 106988860160, confidence: 0.95, timestamp: 1766625336 }
[   506.233s] EVENT PassageStarted: passage #14
[   506.233s] EVENT PassageCompleted: passage #14
[   506.233s] EVENT BoundaryDetected { passage_index: 15, start_time: 106988860160, end_time: 113574412160, confidence: 0.95, timestamp: 1766625336 }
[   506.233s] EVENT PassageStarted: passage #15
[   506.233s] EVENT PassageCompleted: passage #15
[   506.233s] EVENT BoundaryDetected { passage_index: 16, start_time: 113574412160, end_time: 121135719039, confidence: 0.95, timestamp: 1766625336 }
[   506.233s] EVENT PassageStarted: passage #16
[   506.233s] EVENT PassageCompleted: passage #16
[   506.233s] EVENT BoundaryDetected { passage_index: 17, start_time: 121135719039, end_time: 128287610880, confidence: 0.95, timestamp: 1766625336 }
[   506.233s] EVENT PassageStarted: passage #17
[   506.233s] EVENT PassageCompleted: passage #17
[   506.233s] EVENT BoundaryDetected { passage_index: 18, start_time: 128287610880, end_time: 134789939840, confidence: 0.95, timestamp: 1766625336 }
[   506.233s] EVENT PassageStarted: passage #18
[   506.233s] EVENT PassageCompleted: passage #18
[   506.233s] EVENT BoundaryDetected { passage_index: 19, start_time: 134789939840, end_time: 141562038400, confidence: 0.95, timestamp: 1766625336 }
[   506.233s] EVENT PassageStarted: passage #19
[   506.233s] EVENT PassageCompleted: passage #19
[   506.233s] EVENT BoundaryDetected { passage_index: 20, start_time: 141562038400, end_time: 146950024960, confidence: 0.95, timestamp: 1766625336 }
[   506.233s] EVENT PassageStarted: passage #20
[   506.233s] EVENT PassageCompleted: passage #20
[   506.233s] EVENT BoundaryDetected { passage_index: 21, start_time: 146950024960, end_time: 153858947840, confidence: 0.95, timestamp: 1766625336 }
[   506.233s] EVENT PassageStarted: passage #21
[   506.233s] EVENT PassageCompleted: passage #21
[   506.233s] EVENT BoundaryDetected { passage_index: 22, start_time: 153858947840, end_time: 160419815040, confidence: 0.95, timestamp: 1766625336 }
[   506.233s] EVENT PassageStarted: passage #22
[   506.233s] EVENT PassageCompleted: passage #22
[   506.233s] EVENT BoundaryDetected { passage_index: 23, start_time: 160419815040, end_time: 166539882240, confidence: 0.95, timestamp: 1766625336 }
[   506.233s] EVENT PassageStarted: passage #23
[   506.233s] EVENT PassageCompleted: passage #23
[   506.233s] EVENT BoundaryDetected { passage_index: 24, start_time: 166539882240, end_time: 174148795519, confidence: 0.95, timestamp: 1766625336 }
[   506.233s] EVENT PassageStarted: passage #24
[   506.233s] EVENT PassageCompleted: passage #24
[   506.233s] EVENT BoundaryDetected { passage_index: 25, start_time: 174148795519, end_time: 182587118080, confidence: 0.95, timestamp: 1766625336 }
[   506.233s] EVENT PassageStarted: passage #25
[   506.233s] EVENT PassageCompleted: passage #25
[   506.233s] EVENT BoundaryDetected { passage_index: 26, start_time: 182587118080, end_time: 190794461440, confidence: 0.95, timestamp: 1766625336 }
[   506.233s] EVENT PassageStarted: passage #26
[   506.233s] EVENT PassageCompleted: passage #26
[   506.233s] EVENT BoundaryDetected { passage_index: 27, start_time: 190794461440, end_time: 199715548160, confidence: 0.95, timestamp: 1766625336 }
[   506.233s] EVENT PassageStarted: passage #27
[   506.233s] EVENT PassageCompleted: passage #27
[   506.233s] EVENT BoundaryDetected { passage_index: 28, start_time: 199715548160, end_time: 208931441920, confidence: 0.95, timestamp: 1766625336 }
[   506.233s] EVENT PassageStarted: passage #28
[   506.233s] EVENT PassageCompleted: passage #28
[   506.233s] EVENT BoundaryDetected { passage_index: 29, start_time: 208931441920, end_time: 216547760640, confidence: 0.95, timestamp: 1766625336 }
[   506.233s] EVENT PassageStarted: passage #29
[   506.233s] EVENT PassageCompleted: passage #29
[   506.233s] EVENT BoundaryDetected { passage_index: 30, start_time: 216547760640, end_time: 226535583360, confidence: 0.95, timestamp: 1766625336 }
[   506.233s] EVENT PassageStarted: passage #30
[   506.233s] EVENT PassageCompleted: passage #30
[   506.233s] EVENT BoundaryDetected { passage_index: 31, start_time: 226535583360, end_time: 235297982080, confidence: 0.95, timestamp: 1766625336 }
[   506.233s] EVENT PassageStarted: passage #31
[   506.233s] EVENT PassageCompleted: passage #31
[   506.233s] EVENT BoundaryDetected { passage_index: 32, start_time: 235297982080, end_time: 242280959360, confidence: 0.95, timestamp: 1766625336 }
[   506.233s] EVENT PassageStarted: passage #32
[   506.233s] EVENT PassageCompleted: passage #32
[   506.233s] EVENT BoundaryDetected { passage_index: 33, start_time: 242280959360, end_time: 249993290880, confidence: 0.95, timestamp: 1766625336 }
[   506.233s] EVENT PassageStarted: passage #33
[   506.233s] EVENT PassageCompleted: passage #33
[   506.233s] EVENT FileStarted: "C:\\Users\\Mango Cat\\Music\\4 Non Blondes\\Bigger,_Better,_Faster,_More\\(4_Non_Blondes)Bigger,_Better,_Faster,_More-01-Train_.mp3"
[   506.233s] EVENT SingleTrackCheckCompleted { file_path: "C:\\Users\\Mango Cat\\Music\\4 Non Blondes\\Bigger,_Better,_Faster,_More\\(4_Non_Blondes)Bigger,_Better,[   513.516s] EVENT BoundaryDetected { passage_index: 0, start_tim[   514.155s] EVENT BoundaryDetected { passage_index: 0, start_time: 0, end_time: 6280151040, confidence: 0.8, timestamp: 1766625344 }
[   514.155s] EVENT PassageStarted: passage #0
[   514.155s] EVENT ExtractionProgress { passage_index: 0, extractor: "ID3", status: "running", timestamp: 1766625344 }
[   514.155s] EVENT ExtractionProgress { passage_index: 0, extractor: "ID3", status: "completed", timestamp: 1766625344 }
[   514.156s] EVENT ExtractionProgress { passage_index: 0, extractor: "Chromaprint", status: "running", timestamp: 1766625344 }
[   514.408s] EVENT ExtractionProgress { passage_index: 0, extractor: "Chromaprint", status: "completed", timestamp: 1766625344 }
[   514.408s] EVENT ExtractionProgress { passage_index: 0, extractor: "AudioDerived", status: "running", timestamp: 1766625344 }
[   514.834s] EVENT ExtractionProgress { passage_index: 0, extractor: "AudioDerived", status: "completed", timestamp: 1766625345 }
[   514.834s] EVENT ExtractionProgress { passage_index: 0, extractor: "ID3GenreMapper", status: "running", timestamp: 1766625345 }
[   514.834s] EVENT ExtractionProgress { passage_index: 0, extractor: "ID3GenreMapper", status: "completed", timestamp: 1766625345 }
[   514.834s] EVENT FusionStarted { passage_index: 0, timestamp: 1766625345 }
[   514.834s] EVENT ExtractionProgress { passage_index: 0, extractor: "MusicBrainz-Pass2", status: "running", timestamp: 1766625345 }
[   514.837s] FILE_COMPLETE [16/5737] (4_Non_Blondes)Bigger,_Better,_Faster,_More-01-Train_.mp3 - 1 passages in 8.60s (total_elapsed: 514.8s)
[   514.837s] FILE_START [17/5737] (4_Non_Blondes)Bigger,_Better,_Faster,_More-02-Superfly_.mp3
[   514.837s] EVENT ExtractionProgress { passage_index: 0, extractor: "MusicBrainz-Pass2", status: "completed", timestamp: 1766625345 }
[   514.837s] EVENT FusionStarted { passage_index: 0, timestamp: 1766625345 }
[   514.837s] EVENT ValidationStarted { passage_index: 0, timestamp: 1766625345 }
[   514.837s] EVENT PassageCompleted: passage #0
[   514.837s] EVENT FileCompleted: "C:\\Users\\Mango Cat\\Music\\4 Non Blondes\\Bigger,_Better,_Faster,_More\\(4_Non_Blondes)Bigger,_Better,_Faster,_More-01-Train_.mp3"
[   514.837s] EVENT FileStarted: "C:\\Users\\Mango Cat\\Music\\4 Non Blondes\\Bigger,_Better,_Faster,_More\\(4_Non_Blondes)Bigger,_Better,_Faster,_More-02-Superfly_.mp3"
[   514.837s] EVENT SingleTrackCheckCompleted { file_path: "C:\\Users\\Mango Cat\\Music\\4 Non Blondes\\Bigger,_Better,_Faster,_More\\(4_Non_Blondes)Bigger,_Better[   524.160s] EVENT BoundaryDetected { passage_index: 0, start_time: 0[   524.742s] EVENT BoundaryDetected { passage_index: 0, start_time: 0, end_time: 7833600000, confidence: 0.5, timestamp: 1766625355 }
[   524.742s] EVENT PassageStarted: passage #0
[   524.742s] EVENT ExtractionProgress { passage_index: 0, extractor: "ID3", status: "running", timestamp: 1766625355 }
[   524.742s] EVENT ExtractionProgress { passage_index: 0, extractor: "ID3", status: "completed", timestamp: 1766625355 }
[   524.742s] EVENT ExtractionProgress { passage_index: 0, extractor: "Chromaprint", status: "running", timestamp: 1766625355 }
[   525.060s] EVENT ExtractionProgress { passage_index: 0, extractor: "Chromaprint", status: "completed", timestamp: 1766625355 }
[   525.060s] EVENT ExtractionProgress { passage_index: 0, extractor: "AudioDerived", status: "running", timestamp: 1766625355 }
[   525.596s] FILE_COMPLETE [17/5737] (4_Non_Blondes)Bigger,_Better,_Faster,_More-02-Superfly_.mp3 - 1 passages in 10.76s (total_elapsed: 525.6s)
[   525.596s] FILE_START [18/5737] (4_Non_Blondes)Bigger,_Better,_Faster,_More-03-What's_Up_.mp3
[   525.601s] EVENT ExtractionProgress { passage_index: 0, extractor: "AudioDerived", status: "completed", timestamp: 1766625356 }
[   525.601s] EVENT ExtractionProgress { passage_index: 0, extractor: "ID3GenreMapper", status: "running", timestamp: 1766625356 }
[   525.601s] EVENT ExtractionProgress { passage_index: 0, extractor: "ID3GenreMapper", status: "completed", timestamp: 1766625356 }
[   525.601s] EVENT FusionStarted { passage_index: 0, timestamp: 1766625356 }
[   525.601s] EVENT ExtractionProgress { passage_index: 0, extractor: "MusicBrainz-Pass2", status: "running", timestamp: 1766625356 }
[   525.601s] EVENT ExtractionProgress { passage_index: 0, extractor: "MusicBrainz-Pass2", status: "completed", timestamp: 1766625356 }
[   525.601s] EVENT FusionStarted { passage_index: 0, timestamp: 1766625356 }
[   525.601s] EVENT ValidationStarted { passage_index: 0, timestamp: 1766625356 }
[   525.601s] EVENT PassageCompleted: passage #0
[   525.601s] EVENT FileCompleted: "C:\\Users\\Mango Cat\\Music\\4 Non Blondes\\Bigger,_Better,_Faster,_More\\(4_Non_Blondes)Bigger,_Better,_Faster,_More-02-Superfly_.mp3"
[   525.602s] EVENT FileStarted: "C:\\Users\\Mango Cat\\Music\\4 Non Blondes\\Bigger,_Better,_Faster,_More\\(4_Non_Blondes)Bigger,_Better,_Faster,_More-03-What's_Up_.mp3"
[   525.602s] EVENT SingleTrackCheckCompleted { file_path: "C:\\Users\\Mango Cat\\Music\\4 Non Blondes\\Bigger,_Better,_Faster,_More\\(4_Non_Blondes)Bigger,_Bet[   535.504s] EVENT BoundaryDetected { passage_index: 0, start_time: 0, en[   536.058s] EVENT BoundaryDetected { passage_index: 0, start_time: 0, end_time: 8341585920, confidence: 0.5, timestamp: 1766625366 }
[   536.058s] EVENT PassageStarted: passage #0
[   536.058s] EVENT ExtractionProgress { passage_index: 0, extractor: "ID3", status: "running", timestamp: 1766625366 }
[   536.058s] EVENT ExtractionProgress { passage_index: 0, extractor: "ID3", status: "completed", timestamp: 1766625366 }
[   536.058s] EVENT ExtractionProgress { passage_index: 0, extractor: "Chromaprint", status: "running", timestamp: 1766625366 }
[   536.398s] EVENT ExtractionProgress { passage_index: 0, extractor: "Chromaprint", status: "completed", timestamp: 1766625366 }
[   536.398s] EVENT ExtractionProgress { passage_index: 0, extractor: "AudioDerived", status: "running", timestamp: 1766625366 }
[   536.956s] EVENT ExtractionProgress { passage_index: 0, extractor: "AudioDerived", status: "completed", timestamp: 1766625367 }
[   536.956s] EVENT ExtractionProgress { passage_index: 0, extractor: "ID3GenreMapper", status: "running", timestamp: 1766625367 }
[   536.956s] EVENT ExtractionProgress { passage_index: 0, extractor: "ID3GenreMapper", status: "completed", timestamp: 1766625367 }
[   536.956s] EVENT FusionStarted { passage_index: 0, timestamp: 1766625367 }
[   536.956s] EVENT ExtractionProgress { passage_index: 0, extractor: "MusicBrainz-Pass2", status: "running", timestamp: 1766625367 }
[   536.960s] FILE_COMPLETE [18/5737] (4_Non_Blondes)Bigger,_Better,_Faster,_More-03-What's_Up_.mp3 - 1 passages in 11.36s (total_elapsed: 537.0s)
[   536.960s] FILE_START [19/5737] (4_Non_Blondes)Bigger,_Better,_Faster,_More-04-Pleasantly_Blue_.mp3
[   536.960s] EVENT ExtractionProgress { passage_index: 0, extractor: "MusicBrainz-Pass2", status: "completed", timestamp: 1766625367 }
[   536.960s] EVENT FusionStarted { passage_index: 0, timestamp: 1766625367 }
[   536.960s] EVENT ValidationStarted { passage_index: 0, timestamp: 1766625367 }
[   536.960s] EVENT PassageCompleted: passage #0
[   536.960s] EVENT FileCompleted: "C:\\Users\\Mango Cat\\Music\\4 Non Blondes\\Bigger,_Better,_Faster,_More\\(4_Non_Blondes)Bigger,_Better,_Faster,_More-03-What's_Up_.mp3"
[   536.960s] EVENT FileStarted: "C:\\Users\\Mango Cat\\Music\\4 Non Blondes\\Bigger,_Better,_Faster,_More\\(4_Non_Blondes)Bigger,_Better,_Faster,_More-04-Pleasantly_Blue_.mp3"
[   536.960s] EVENT SingleTrackCheckCompleted { file_path: "C:\\Users\\Mango Cat\\Music\\4 Non Blondes\\Bigger,_Better,_Faster,_More\\(4_Non_Blondes)Bigger,_Bette[   541.749s] EVENT BoundaryDetected { passage_index: 0, start_time: 0, end_ti[   542.272s] EVENT BoundaryDetected { passage_index: 0, start_time: 0, end_time: 4187750400, confidence: 0.5, timestamp: 1766625372 }
[   542.272s] EVENT PassageStarted: passage #0
[   542.272s] EVENT ExtractionProgress { passage_index: 0, extractor: "ID3", status: "running", timestamp: 1766625372 }
[   542.272s] EVENT ExtractionProgress { passage_index: 0, extractor: "ID3", status: "completed", timestamp: 1766625372 }
[   542.272s] EVENT ExtractionProgress { passage_index: 0, extractor: "Chromaprint", status: "running", timestamp: 1766625372 }
[   542.443s] EVENT ExtractionProgress { passage_index: 0, extractor: "Chromaprint", status: "completed", timestamp: 1766625372 }
[   542.443s] EVENT ExtractionProgress { passage_index: 0, extractor: "AudioDerived", status: "running", timestamp: 1766625372 }
[   542.723s] EVENT ExtractionProgress { passage_index: 0, extractor: "AudioDerived", status: "completed", timestamp: 1766625373 }
[   542.723s] EVENT ExtractionProgress { passage_index: 0, extractor: "ID3GenreMapper", status: "running", timestamp: 1766625373 }
[   542.723s] EVENT ExtractionProgress { passage_index: 0, extractor: "ID3GenreMapper", status: "completed", timestamp: 1766625373 }
[   542.723s] EVENT FusionStarted { passage_index: 0, timestamp: 1766625373 }
[   542.723s] EVENT ExtractionProgress { passage_index: 0, extractor: "MusicBrainz-Pass2", status: "running", timestamp: 1766625373 }
[   542.725s] FILE_COMPLETE [19/5737] (4_Non_Blondes)Bigger,_Better,_Faster,_More-04-Pleasantly_Blue_.mp3 - 1 passages in 5.77s (total_elapsed: 542.7s)
[   542.725s] FILE_START [20/5737] (4_Non_Blondes)Bigger,_Better,_Faster,_More-05-Morphine_&_Chocolate.mp3
[   542.725s] EVENT ExtractionProgress { passage_index: 0, extractor: "MusicBrainz-Pass2", status: "completed", timestamp: 1766625373 }
[   542.725s] EVENT FusionStarted { passage_index: 0, timestamp: 1766625373 }
[   542.725s] EVENT ValidationStarted { passage_index: 0, timestamp: 1766625373 }
[   542.725s] EVENT PassageCompleted: passage #0
[   542.725s] EVENT FileCompleted: "C:\\Users\\Mango Cat\\Music\\4 Non Blondes\\Bigger,_Better,_Faster,_More\\(4_Non_Blondes)Bigger,_Better,_Faster,_More-04-Pleasantly_Blue_.mp3"
[   542.725s] EVENT FileStarted: "C:\\Users\\Mango Cat\\Music\\4 Non Blondes\\Bigger,_Better,_Faster,_More\\(4_Non_Blondes)Bigger,_Better,_Faster,_More-05-Morphine_&_Chocolate.mp3"
[   542.725s] EVENT SingleTrackCheckCompleted { file_path: "C:\\Users\\Mango Cat\\Music\\4 Non Blondes\\Bigger,_Better,_Faster,_More\\(4_Non_Blondes)Bigger,_Bette[   552.402s] EVENT BoundaryDetected { passage_index: 0, start_time: 0, end_time: [   552.861s] EVENT BoundaryDetected { passage_index: 0, start_time: 0, end_time: 8017182720, confidence: 0.8, timestamp: 1766625383 }
[   552.861s] EVENT PassageStarted: passage #0
[   552.861s] EVENT ExtractionProgress { passage_index: 0, extractor: "ID3", status: "running", timestamp: 1766625383 }
[   552.861s] EVENT ExtractionProgress { passage_index: 0, extractor: "ID3", status: "completed", timestamp: 1766625383 }
[   552.861s] EVENT ExtractionProgress { passage_index: 0, extractor: "Chromaprint", status: "running", timestamp: 1766625383 }
[   553.189s] EVENT ExtractionProgress { passage_index: 0, extractor: "Chromaprint", status: "completed", timestamp: 1766625383 }
[   553.189s] EVENT ExtractionProgress { passage_index: 0, extractor: "AudioDerived", status: "running", timestamp: 1766625383 }
[   553.724s] EVENT ExtractionProgress { passage_index: 0, extractor: "AudioDerived", status: "completed", timestamp: 1766625384 }
[   553.724s] EVENT ExtractionProgress { passage_index: 0, extractor: "ID3GenreMapper", status: "running", timestamp: 1766625384 }
[   553.724s] EVENT ExtractionProgress { passage_index: 0, extractor: "ID3GenreMapper", status: "completed", timestamp: 1766625384 }
[   553.724s] EVENT FusionStarted { passage_index: 0, timestamp: 1766625384 }
[   553.724s] EVENT ExtractionProgress { passage_index: 0, extractor: "MusicBrainz-Pass2", status: "running", timestamp: 1766625384 }
[   553.727s] FILE_COMPLETE [20/5737] (4_Non_Blondes)Bigger,_Better,_Faster,_More-05-Morphine_&_Chocolate.mp3 - 1 passages in 11.00s (total_elapsed: 553.7s)
[   553.727s] PROGRESS 20/5737 (0.3%) - 0.04 files/sec - ETA: 2638.0min
[   553.727s] FILE_START [21/5737] (4_Non_Blondes)Bigger,_Better,_Faster,_More-06-Spaceman.mp3
[   553.728s] EVENT ExtractionProgress { passage_index: 0, extractor: "MusicBrainz-Pass2", status: "completed", timestamp: 1766625384 }
[   553.728s] EVENT FusionStarted { passage_index: 0, timestamp: 1766625384 }
[   553.728s] EVENT ValidationStarted { passage_index: 0, timestamp: 1766625384 }
[   553.728s] EVENT PassageCompleted: passage #0
[   553.728s] EVENT FileCompleted: "C:\\Users\\Mango Cat\\Music\\4 Non Blondes\\Bigger,_Better,_Faster,_More\\(4_Non_Blondes)Bigger,_Better,_Faster,_More-05-Morphine_&_Chocolate.mp3"
[   553.728s] EVENT FileStarted: "C:\\Users\\Mango Cat\\Music\\4 Non Blondes\\Bigger,_Better,_Faster,_More\\(4_Non_Blondes)Bigger,_Better,_Faster,_More-06-Spaceman.mp3"
[   553.728s] EVENT SingleTrackCheckCompleted { file_path: "C:\\Users\\Mango Cat\\Music\\4 Non Blondes\\Bigger,_Better,_Faster,_More\\(4_Non_Bl[   561.227s] EVENT BoundaryDetected { passage_index: 0, start_time: 0, end_time: 6212321[   561.637s] EVENT BoundaryDetected { passage_index: 0, start_time: 0, end_time: 6212321280, confidence: 0.5, timestamp: 1766625392 }
[   561.637s] EVENT PassageStarted: passage #0
[   561.637s] EVENT ExtractionProgress { passage_index: 0, extractor: "ID3", status: "running", timestamp: 1766625392 }
[   561.637s] EVENT ExtractionProgress { passage_index: 0, extractor: "ID3", status: "completed", timestamp: 1766625392 }
[   561.637s] EVENT ExtractionProgress { passage_index: 0, extractor: "Chromaprint", status: "running", timestamp: 1766625392 }
[   561.889s] EVENT ExtractionProgress { passage_index: 0, extractor: "Chromaprint", status: "completed", timestamp: 1766625392 }
[   561.889s] EVENT ExtractionProgress { passage_index: 0, extractor: "AudioDerived", status: "running", timestamp: 1766625392 }
[   562.306s] EVENT ExtractionProgress { passage_index: 0, extractor: "AudioDerived", status: "completed", timestamp: 1766625392 }
[   562.306s] EVENT ExtractionProgress { passage_index: 0, extractor: "ID3GenreMapper", status: "running", timestamp: 1766625392 }
[   562.306s] EVENT ExtractionProgress { passage_index: 0, extractor: "ID3GenreMapper", status: "completed", timestamp: 1766625392 }
[   562.306s] EVENT FusionStarted { passage_index: 0, timestamp: 1766625392 }
[   562.306s] EVENT ExtractionProgress { passage_index: 0, extractor: "MusicBrainz-Pass2", status: "running", timestamp: 1766625392 }
[   562.309s] FILE_COMPLETE [21/5737] (4_Non_Blondes)Bigger,_Better,_Faster,_More-06-Spaceman.mp3 - 1 passages in 8.58s (total_elapsed: 562.3s)
[   562.309s] FILE_START [22/5737] (4_Non_Blondes)Bigger,_Better,_Faster,_More-07-Old_Mr._Heffer.mp3
[   562.309s] EVENT ExtractionProgress { passage_index: 0, extractor: "MusicBrainz-Pass2", status: "completed", timestamp: 1766625392 }
[   562.309s] EVENT FusionStarted { passage_index: 0, timestamp: 1766625392 }
[   562.309s] EVENT ValidationStarted { passage_index: 0, timestamp: 1766625392 }
[   562.309s] EVENT PassageCompleted: passage #0
[   562.309s] EVENT FileCompleted: "C:\\Users\\Mango Cat\\Music\\4 Non Blondes\\Bigger,_Better,_Faster,_More\\(4_Non_Blondes)Bigger,_Better,_Faster,_More-06-Spaceman.mp3"
[   562.309s] EVENT FileStarted: "C:\\Users\\Mango Cat\\Music\\4 Non Blondes\\Bigger,_Better,_Faster,_More\\(4_Non_Blondes)Bigger,_Better,_Faster,_More-07-Old_Mr._Heffer.mp3"
[   562.309s] EVENT SingleTrackCheckCompleted { file_path: "C:\\Users\\Mango Cat\\Music\\4 Non Blondes\\Bigger,_Better,_Faster,_More\\(4_Non_Blon[   566.849s] EVENT BoundaryDetected { passage_index: 0, start_time: 0, end_time: 3860398080,[   567.206s] EVENT BoundaryDetected { passage_index: 0, start_time: 0, end_time: 3860398080, confidence: 0.5, timestamp: 1766625397 }
[   567.206s] EVENT PassageStarted: passage #0
[   567.206s] EVENT ExtractionProgress { passage_index: 0, extractor: "ID3", status: "running", timestamp: 1766625397 }
[   567.206s] EVENT ExtractionProgress { passage_index: 0, extractor: "ID3", status: "completed", timestamp: 1766625397 }
[   567.206s] EVENT ExtractionProgress { passage_index: 0, extractor: "Chromaprint", status: "running", timestamp: 1766625397 }
[   567.373s] EVENT ExtractionProgress { passage_index: 0, extractor: "Chromaprint", status: "completed", timestamp: 1766625397 }
[   567.373s] EVENT ExtractionProgress { passage_index: 0, extractor: "AudioDerived", status: "running", timestamp: 1766625397 }
[   567.634s] EVENT ExtractionProgress { passage_index: 0, extractor: "AudioDerived", status: "completed", timestamp: 1766625398 }
[   567.634s] EVENT ExtractionProgress { passage_index: 0, extractor: "ID3GenreMapper", status: "running", timestamp: 1766625398 }
[   567.634s] EVENT ExtractionProgress { passage_index: 0, extractor: "ID3GenreMapper", status: "completed", timestamp: 1766625398 }
[   567.634s] EVENT FusionStarted { passage_index: 0, timestamp: 1766625398 }
[   567.634s] EVENT ExtractionProgress { passage_index: 0, extractor: "MusicBrainz-Pass2", status: "running", timestamp: 1766625398 }
[   567.636s] FILE_COMPLETE [22/5737] (4_Non_Blondes)Bigger,_Better,_Faster,_More-07-Old_Mr._Heffer.mp3 - 1 passages in 5.33s (total_elapsed: 567.6s)
[   567.636s] FILE_START [23/5737] (4_Non_Blondes)Bigger,_Better,_Faster,_More-08-Calling_All_The_People.mp3
[   567.637s] EVENT ExtractionProgress { passage_index: 0, extractor: "MusicBrainz-Pass2", status: "completed", timestamp: 1766625398 }
[   567.637s] EVENT FusionStarted { passage_index: 0, timestamp: 1766625398 }
[   567.637s] EVENT ValidationStarted { passage_index: 0, timestamp: 1766625398 }
[   567.637s] EVENT PassageCompleted: passage #0
[   567.637s] EVENT FileCompleted: "C:\\Users\\Mango Cat\\Music\\4 Non Blondes\\Bigger,_Better,_Faster,_More\\(4_Non_Blondes)Bigger,_Better,_Faster,_More-07-Old_Mr._Heffer.mp3"
[   567.637s] EVENT FileStarted: "C:\\Users\\Mango Cat\\Music\\4 Non Blondes\\Bigger,_Better,_Faster,_More\\(4_Non_Blondes)Bigger,_Better,_Faster,_More-08-Calling_All_The_People.mp3"
[   567.637s] EVENT SingleTrackCheckCompleted { file_path: "C:\\Users\\Mango Cat\\Music\\4 Non Blondes\\Bigger,_Better,_Faster,_More\\(4_Non_Blondes)[   574.415s] EVENT BoundaryDetected { passage_index: 0, start_time: 0, end_time: 5578997760, con[   574.720s] EVENT BoundaryDetected { passage_index: 0, start_time: 0, end_time: 5578997760, confidence: 0.5, timestamp: 1766625405 }
[   574.720s] EVENT PassageStarted: passage #0
[   574.720s] EVENT ExtractionProgress { passage_index: 0, extractor: "ID3", status: "running", timestamp: 1766625405 }
[   574.720s] EVENT ExtractionProgress { passage_index: 0, extractor: "ID3", status: "completed", timestamp: 1766625405 }
[   574.720s] EVENT ExtractionProgress { passage_index: 0, extractor: "Chromaprint", status: "running", timestamp: 1766625405 }
[   574.944s] EVENT ExtractionProgress { passage_index: 0, extractor: "Chromaprint", status: "completed", timestamp: 1766625405 }
[   574.944s] EVENT ExtractionProgress { passage_index: 0, extractor: "AudioDerived", status: "running", timestamp: 1766625405 }
[   575.326s] EVENT ExtractionProgress { passage_index: 0, extractor: "AudioDerived", status: "completed", timestamp: 1766625405 }
[   575.326s] EVENT ExtractionProgress { passage_index: 0, extractor: "ID3GenreMapper", status: "running", timestamp: 1766625405 }
[   575.326s] EVENT ExtractionProgress { passage_index: 0, extractor: "ID3GenreMapper", status: "completed", timestamp: 1766625405 }
[   575.326s] EVENT FusionStarted { passage_index: 0, timestamp: 1766625405 }
[   575.326s] EVENT ExtractionProgress { passage_index: 0, extractor: "MusicBrainz-Pass2", status: "running", timestamp: 1766625405 }
[   575.329s] FILE_COMPLETE [23/5737] (4_Non_Blondes)Bigger,_Better,_Faster,_More-08-Calling_All_The_People.mp3 - 1 passages in 7.69s (total_elapsed: 575.3s)
[   575.329s] FILE_START [24/5737] (4_Non_Blondes)Bigger,_Better,_Faster,_More-09-Dear_Mr._President.mp3
[   575.329s] EVENT ExtractionProgress { passage_index: 0, extractor: "MusicBrainz-Pass2", status: "completed", timestamp: 1766625405 }
[   575.329s] EVENT FusionStarted { passage_index: 0, timestamp: 1766625405 }
[   575.329s] EVENT ValidationStarted { passage_index: 0, timestamp: 1766625405 }
[   575.329s] EVENT PassageCompleted: passage #0
[   575.329s] EVENT FileCompleted: "C:\\Users\\Mango Cat\\Music\\4 Non Blondes\\Bigger,_Better,_Faster,_More\\(4_Non_Blondes)Bigger,_Better,_Faster,_More-08-Calling_All_The_People.mp3"
[   575.329s] EVENT FileStarted: "C:\\Users\\Mango Cat\\Music\\4 Non Blondes\\Bigger,_Better,_Faster,_More\\(4_Non_Blondes)Bigger,_Better,_Faster,_More-09-Dear_Mr._President.mp3"
[   575.329s] EVENT SingleTrackCheckCompleted { file_path: "C:\\Users\\Mango Cat\\Music\\4 Non Blondes\\Bigger,_Better,_Faster,_More\\(4_Non_[   585.169s] EVENT BoundaryDetected { passage_index: 0, start_time: 0, end_time: 7997276160, confide[   585.448s] EVENT BoundaryDetected { passage_index: 0, start_time: 0, end_time: 7997276160, confidence: 0.5, timestamp: 1766625415 }
[   585.448s] EVENT PassageStarted: passage #0
[   585.448s] EVENT ExtractionProgress { passage_index: 0, extractor: "ID3", status: "running", timestamp: 1766625415 }
[   585.448s] EVENT ExtractionProgress { passage_index: 0, extractor: "ID3", status: "completed", timestamp: 1766625415 }
[   585.448s] EVENT ExtractionProgress { passage_index: 0, extractor: "Chromaprint", status: "running", timestamp: 1766625415 }
[   585.759s] EVENT ExtractionProgress { passage_index: 0, extractor: "Chromaprint", status: "completed", timestamp: 1766625416 }
[   585.759s] EVENT Extracti[   586.044s] EVENT ExtractionProgress { passage_index: 0, extractor: "AudioDerived", status: "comple[   586.290s] EVENT ExtractionProgress { passage_index: 0, extractor: "AudioDerived", status: "completed", timestamp: 1766625416 }
[   586.290s] EVENT ExtractionProgress { passage_index: 0, extractor: "ID3GenreMapper", status: "running", timestamp: 1766625416 }
[   586.290s] EVENT ExtractionProgress { passage_index: 0, extractor: "ID3GenreMapper", status: "completed", timestamp: 1766625416 }
[   586.290s] EVENT FusionStarted { passage_index: 0, timestamp: 1766625416 }
[   586.290s] EVENT ExtractionProgress { passage_index: 0, extractor: "MusicBrainz-Pass2", status: "running", timestamp: 1766625416 }
[   586.293s] FILE_COMPLETE [24/5737] (4_Non_Blondes)Bigger,_Better,_Faster,_More-09-Dear_Mr._President.mp3 - 1 passages in 10.96s (total_elapsed: 586.3s)
[   586.293s] FILE_START [25/5737] (4_Non_Blondes)Bigger,_Better,_Faster,_More-10-Drifting.mp3
[   586.294s] EVENT ExtractionProgress { passage_index: 0, extractor: "MusicBrainz-Pass2", status: "completed", timestamp: 1766625416 }
[   586.294s] EVENT FusionStarted { passage_index: 0, timestamp: 1766625416 }
[   586.294s] EVENT ValidationStarted { passage_index: 0, timestamp: 1766625416 }
[   586.294s] EVENT PassageCompleted: passage #0
[   586.294s] EVENT FileCompleted: "C:\\Users\\Mango Cat\\Music\\4 Non Blondes\\Bigger,_Better,_Faster,_More\\(4_Non_Blondes)Bigger,_Better,_Faster,_More-09-Dear_Mr._President.mp3"
[   586.294s] EVENT FileStarted: "C:\\Users\\Mango Cat\\Music\\4 Non Blondes\\Bigger,_Better,_Faster,_More\\(4_Non_Blondes)Bigger,_Better,_Faster,_More-10-Drifting.mp3"
[   586.294s] EVENT SingleTrackCheckCompleted { file_path: "C:\\Users\\Mango Cat\\Music\\4 Non Blondes\\Bigger,_Better,_Faster,[   594.701s] EVENT BoundaryDetected { passage_index: 0, start_time: 0, end_time: 5955747840, confidence:[   594.890s] EVENT BoundaryDetected { passage_index: 0, start_time: 0, end_time: 5955747840, confidence: 0.5, timestamp: 1766625425 }
[   594.890s] EVENT PassageStarted: passage #0
[   594.890s] EVENT ExtractionProgress { passage_index: 0, extractor: "ID3", status: "running", timestamp: 1766625425 }
[   594.890s] EVENT ExtractionProgress { passage_index: 0, extractor: "ID3", status: "completed", timestamp: 1766625425 }
[   594.890s] EVENT ExtractionProgress { passage_index: 0, extractor: "Chromaprint", status: "running", timestamp: 1766625425 }
[   595.135s] EVENT ExtractionProgress { passage_index: 0, extractor: "Chromaprint", status: "completed", timestamp: 1766625425 }
[   595.135s] EVENT Extr[   595.376s] EVENT ExtractionProgress { passage_index: 0, extractor: "AudioDerived", status: "completed"[   595.547s] EVENT ExtractionProgress { passage_index: 0, extractor: "AudioDerived", status: "completed", timestamp: 1766625425 }
[   595.547s] EVENT ExtractionProgress { passage_index: 0, extractor: "ID3GenreMapper", status: "running", timestamp: 1766625425 }
[   595.547s] EVENT ExtractionProgress { passage_index: 0, extractor: "ID3GenreMapper", status: "completed", timestamp: 1766625425 }
[   595.547s] EVENT FusionStarted { passage_index: 0, timestamp: 1766625425 }
[   595.547s] EVENT ExtractionProgress { passage_index: 0, extractor: "MusicBrainz-Pass2", status: "running", timestamp: 1766625425 }
[   595.550s] FILE_COMPLETE [25/5737] (4_Non_Blondes)Bigger,_Better,_Faster,_More-10-Drifting.mp3 - 1 passages in 9.26s (total_elapsed: 595.5s)
[   595.550s] FILE_START [26/5737] (4_Non_Blondes)Bigger,_Better,_Faster,_More-11-No_Place_Like_Home.mp3
[   595.550s] EVENT ExtractionProgress { passage_index: 0, extractor: "MusicBrainz-Pass2", status: "completed", timestamp: 1766625425 }
[   595.550s] EVENT FusionStarted { passage_index: 0, timestamp: 1766625425 }
[   595.550s] EVENT ValidationStarted { passage_index: 0, timestamp: 1766625425 }
[   595.550s] EVENT PassageCompleted: passage #0
[   595.550s] EVENT FileCompleted: "C:\\Users\\Mango Cat\\Music\\4 Non Blondes\\Bigger,_Better,_Faster,_More\\(4_Non_Blondes)Bigger,_Better,_Faster,_More-10-Drifting.mp3"
[   595.550s] EVENT FileStarted: "C:\\Users\\Mango Cat\\Music\\4 Non Blondes\\Bigger,_Better,_Faster,_More\\(4_Non_Blondes)Bigger,_Better,_Faster,_More-11-No_Place_Like_Home.mp3"
[   595.550s] EVENT SingleTrackCheckCompleted { file_path: "C:\\Users\\Mango Cat\\Music\\4 Non Blondes\\Bigger,_Better,_Faster,_More\[   602.665s] EVENT BoundaryDetected { passage_index: 0, start_time: 0, end_time: 5323161600, confidence: 0.5[   602.840s] EVENT BoundaryDetected { passage_index: 0, start_time: 0, end_time: 5323161600, confidence: 0.5, timestamp: 1766625433 }
[   602.840s] EVENT PassageStarted: passage #0
[   602.840s] EVENT ExtractionProgress { passage_index: 0, extractor: "ID3", status: "running", timestamp: 1766625433 }
[   602.840s] EVENT ExtractionProgress { passage_index: 0, extractor: "ID3", status: "completed", timestamp: 1766625433 }
[   602.840s] EVENT ExtractionProgress { passage_index: 0, extractor: "Chromaprint", status: "running", timestamp: 1766625433 }
[   603.068s] EVENT ExtractionProgress { passage_index: 0, extractor: "Chromaprint", status: "completed", timestamp: 1766625433 }
[   603.068s] EVENT [   603.277s] EVENT ExtractionProgress { passage_index: 0, extractor: "AudioDerived", status: "completed", ti[   603.442s] EVENT ExtractionProgress { passage_index: 0, extractor: "AudioDerived", status: "completed", timestamp: 1766625433 }
[   603.442s] EVENT ExtractionProgress { passage_index: 0, extractor: "ID3GenreMapper", status: "running", timestamp: 1766625433 }
[   603.442s] EVENT ExtractionProgress { passage_index: 0, extractor: "ID3GenreMapper", status: "completed", timestamp: 1766625433 }
[   603.442s] EVENT FusionStarted { passage_index: 0, timestamp: 1766625433 }
[   603.442s] EVENT ExtractionProgress { passage_index: 0, extractor: "MusicBrainz-Pass2", status: "running", timestamp: 1766625433 }
[   603.445s] FILE_COMPLETE [26/5737] (4_Non_Blondes)Bigger,_Better,_Faster,_More-11-No_Place_Like_Home.mp3 - 1 passages in 7.90s (total_elapsed: 603.4s)
[   603.445s] FILE_START [27/5737] (Paula_Abdul)Shut_up_and_dance_(The_Dance_Mixes)-01-Coldhearted_(Quiverin'_12-).mp3
[   603.446s] EVENT ExtractionProgress { passage_index: 0, extractor: "MusicBrainz-Pass2", status: "completed", timestamp: 1766625433 }
[   603.446s] EVENT FusionStarted { passage_index: 0, timestamp: 1766625433 }
[   603.446s] EVENT ValidationStarted { passage_index: 0, timestamp: 1766625433 }
[   603.446s] EVENT PassageCompleted: passage #0
[   603.446s] EVENT FileCompleted: "C:\\Users\\Mango Cat\\Music\\4 Non Blondes\\Bigger,_Better,_Faster,_More\\(4_Non_Blondes)Bigger,_Better,_Faster,_More-11-No_Place_Like_Home.mp3"
[   603.446s] EVENT FileStarted: "C:\\Users\\Mango Cat\\Music\\Abdul, Paula\\Shut_up_and_dance_(The_Dance_Mixes)\\(Paula_Abdul)Shut_up_and_dance_(The_Dance_Mixes)-01-Coldhearted_(Quiverin'_12-).mp3"
[   603.446s] EVENT SingleTrackCheckCompleted { file_path: "C:\\Users\\Mango Cat\\Music\\Abdul, Paula\\Shut_up_and_dance_(The_Dance_Mixes)\\(Paula_Ab[   615.604s] EVENT BoundaryDetected { passage_index: 0, start_time: 0, end_time: 8828190720, confidence: 0.5, ti[   615.782s] EVENT BoundaryDetected { passage_index: 0, start_time: 0, end_time: 8828190720, confidence: 0.5, timestamp: 1766625446 }
[   615.782s] EVENT PassageStarted: passage #0
[   615.782s] EVENT ExtractionProgress { passage_index: 0, extractor: "ID3", status: "running", timestamp: 1766625446 }
[   615.782s] EVENT ExtractionProgress { passage_index: 0, extractor: "ID3", status: "completed", timestamp: 1766625446 }
[   615.782s] E[   616.000s] EVENT ExtractionProgress { passage_index: 0, extractor: "Chromaprint", status: "completed", timesta[   616.167s] EVENT ExtractionProgress { passage_index: 0, extractor: "Chromaprint", status: "completed", timestamp: 1766625446 }
[   616.167s] EV[   616.636s] EVENT ExtractionProgress { passage_index: 0, extractor: "AudioDerived", status: "completed", timest[   616.796s] EVENT ExtractionProgress { passage_index: 0, extractor: "AudioDerived", status: "completed", timestamp: 1766625447 }
[   616.796s] EVENT ExtractionProgress { passage_index: 0, extractor: "ID3GenreMapper", status: "running", timestamp: 1766625447 }
[   616.796s] EVENT ExtractionProgress { passage_index: 0, extractor: "ID3GenreMapper", status: "completed", timestamp: 1766625447 }
[   616.796s] EVENT FusionStarted { passage_index: 0, timestamp: 1766625447 }
[   616.796s] EVENT ExtractionProgress { passage_index: 0, extractor: "MusicBrainz-Pass2", status: "running", timestamp: 1766625447 }
[   616.800s] FILE_COMPLETE [27/5737] (Paula_Abdul)Shut_up_and_dance_(The_Dance_Mixes)-01-Coldhearted_(Quiverin'_12-).mp3 - 1 passages in 13.36s (total_elapsed: 616.8s)
[   616.800s] FILE_START [28/5737] (Paula_Abdul)Shut_up_and_dance_(The_Dance_Mixes)-02-Straight_up_(Ultimix_Mix).mp3
[   616.801s] EVENT ExtractionProgress { passage_index: 0, extractor: "MusicBrainz-Pass2", status: "completed", timestamp: 1766625447 }
[   616.801s] EVENT FusionStarted { passage_index: 0, timestamp: 1766625447 }
[   616.801s] EVENT ValidationStarted { passage_index: 0, timestamp: 1766625447 }
[   616.801s] EVENT PassageCompleted: passage #0
[   616.801s] EVENT FileCompleted: "C:\\Users\\Mango Cat\\Music\\Abdul, Paula\\Shut_up_and_dance_(The_Dance_Mixes)\\(Paula_Abdul)Shut_up_and_dance_(The_Dance_Mixes)-01-Coldhearted_(Quiverin'_12-).mp3"
[   616.801s] EVENT FileStarted: "C:\\Users\\Mango Cat\\Music\\Abdul, Paula\\Shut_up_and_dance_(The_Dance_Mixes)\\(Paula_Abdul)Shut_up_and_dance_(The_Dance_Mixes)-02-Straight_up_(Ultimix_Mix).mp3"
[   616.801s] EVENT SingleTrackCheckCompleted { file_path: "C:\\Users\\Mango Cat\\Music\\Abdul, Paula\\Shut_up_and_dance_(The_Dance_Mixes)\\(Pa[   633.111s] EVENT BoundaryDetected { passage_index: 0, start_time: 0, end_time: 11715379200, confidence: 0.5, times[   633.290s] EVENT BoundaryDetected { passage_index: 0, start_time: 0, end_time: 11715379200, confidence: 0.5, timestamp: 1766625463 }
[   633.290s] EVENT PassageStarted: passage #0
[   633.290s] EVENT ExtractionProgress { passage_index: 0, extractor: "ID3", status: "running", timestamp: 1766625463 }
[   633.290s] EVENT ExtractionProgress { passage_index: 0, extractor: "ID3", status: "completed", timestamp: 1766625463 }
[   633.290[   633.662s] EVENT ExtractionProgress { passage_index: 0, extractor: "Chromaprint", status: "completed", timestamp: [   633.819s] EVENT ExtractionProgress { passage_index: 0, extractor: "Chromaprint", status: "completed", timestamp: 1766625464 }
[   633.819s[   634.517s] EVENT ExtractionProgress { passage_index: 0, extractor: "AudioDerived", status: "completed", timestamp:[   634.638s] EVENT ExtractionProgress { passage_index: 0, extractor: "AudioDerived", status: "completed", timestamp: 1766625465 }
[   634.638s] EVENT ExtractionProgress { passage_index: 0, extractor: "ID3GenreMapper", status: "running", timestamp: 1766625465 }
[   634.638s] EVENT ExtractionProgress { passage_index: 0, extractor: "ID3GenreMapper", status: "completed", timestamp: 1766625465 }
[   634.638s] EVENT FusionStarted { passage_index: 0, timestamp: 1766625465 }
[   634.638s] EVENT ExtractionProgress { passage_index: 0, extractor: "MusicBrainz-Pass2", status: "running", timestamp: 1766625465 }
[   634.644s] FILE_COMPLETE [28/5737] (Paula_Abdul)Shut_up_and_dance_(The_Dance_Mixes)-02-Straight_up_(Ultimix_Mix).mp3 - 1 passages in 17.84s (total_elapsed: 634.6s)
[   634.644s] FILE_START [29/5737] (Paula_Abdul)Shut_up_and_dance_(The_Dance_Mixes)-03-One_or_the_other_(1990_Mix).mp3
[   634.645s] EVENT ExtractionProgress { passage_index: 0, extractor: "MusicBrainz-Pass2", status: "completed", timestamp: 1766625465 }
[   634.645s] EVENT FusionStarted { passage_index: 0, timestamp: 1766625465 }
[   634.645s] EVENT ValidationStarted { passage_index: 0, timestamp: 1766625465 }
[   634.645s] EVENT PassageCompleted: passage #0
[   634.645s] EVENT FileCompleted: "C:\\Users\\Mango Cat\\Music\\Abdul, Paula\\Shut_up_and_dance_(The_Dance_Mixes)\\(Paula_Abdul)Shut_up_and_dance_(The_Dance_Mixes)-02-Straight_up_(Ultimix_Mix).mp3"
[   634.645s] EVENT FileStarted: "C:\\Users\\Mango Cat\\Music\\Abdul, Paula\\Shut_up_and_dance_(The_Dance_Mixes)\\(Paula_Abdul)Shut_up_and_dance_(The_Dance_Mixes)-03-One_or_the_other_(1990_Mix).mp3"
[   634.645s] EVENT SingleTrackCheckCompleted { file_path: "C:\\Users\\Mango Cat\\Music\\Abdul, Paula\\Shut_up_and_dance_(The_Dance_Mixes)\\([   650.910s] EVENT BoundaryDetected { passage_index: 0, start_time: 0, end_time: 11365908480, confidence: 0.5, timestamp: 1766625481 }
[   650.910s] EVENT PassageStarted: passage #0
[   650.910s] EVENT ExtractionProgress { passage_index: 0, extractor: "ID3", status: "running", timestamp: 1766625481 }
[   650.910s] EVENT ExtractionProgress { passage_index: 0, extractor: "ID3", status: "completed", timestamp: 1766625481 }
[   650.910s] EVENT ExtractionProgress { passage_index: 0, extractor: "Chromaprint", status: "running", timestamp: 1766625481 }
[   651.405s] EVENT ExtractionProgress { passage_index: 0, extractor: "Chromaprint", status: "completed", timestamp: 1766625481 }
[   651.405s] EVENT ExtractionProgress { passage_index: 0, extractor: "AudioDerived", status: "running", timestamp: 1766625481 }
[   652.205s] EVENT ExtractionProgress { passage_index: 0, extractor: "AudioDerived", status: "completed", timestamp: 1766625482 }
[   652.205s] EVENT ExtractionProgress { passage_index: 0, extractor: "ID3GenreMapper", status: "running", timestamp: 1766625482 }
[   652.205s] EVENT ExtractionProgress { passage_index: 0, extractor: "ID3GenreMapper", status: "completed", timestamp: 1766625482 }
[   652.205s] EVENT FusionStarted { passage_index: 0, timestamp: 1766625482 }
[   652.205s] EVENT ExtractionProgress { passage_index: 0, extractor: "MusicBrainz-Pass2", status: "running", timestamp: 1766625482 }
[   652.210s] FILE_COMPLETE [29/50] (Paula_Abdul)Shut_up_and_dance_(The_Dance_Mixes)-03-One_or_the_other_(1990_Mix).mp3 - 1 passages in 17.69s (total_elapsed: 652.2s)
[   652.210s] FILE_START [30/50] (Paula_Abdul)Shut_up_and_dance_(The_Dance_Mixes)-04-Forever_your_Girl_(Frankie_Foncett_Mix).mp3
[   652.211s] EVENT ExtractionProgress { passage_index: 0, extractor: "MusicBrainz-Pass2", status: "completed", timestamp: 1766625482 }
[   652.211s] EVENT FusionStarted { passage_index: 0, timestamp: 1766625482 }
[   652.211s] EVENT ValidationStarted { passage_index: 0, timestamp: 1766625482 }
[   652.211s] EVENT PassageCompleted: passage #0
[   652.211s] EVENT FileCompleted: "C:\\Users\\Mango Cat\\Music\\Abdul, Paula\\Shut_up_and_dance_(The_Dance_Mixes)\\(Paula_Abdul)Shut_up_and_dance_(The_Dance_Mixes)-03-One_or_the_other_(1990_Mix).mp3"
[   652.211s] EVENT FileStarted: "C:\\Users\\Mango Cat\\Music\\Abdul, Paula\\Shut_up_and_dance_(The_Dance_Mixes)\\(Paula_Abdul)Shut_up_and_dance_(The_Dance_Mixes)-04-Forever_your_Girl_(Frankie_Foncett_Mix).mp3"
[   652.211s] EVENT SingleTrackCheckCompleted { file_path: "C:\\Users\\Mango Cat\\Music\\Abdul, Paula\\Shut_up_and_dance_(The_Dance_Mixes)\\(Paula_Abdul)Shut_up_and_dance_(The_Dance_Mixes)-04-Forever_your_Girl_(Frankie_Foncett_Mix).mp3", score: 1.8, is_single_track: true }
[   666.147s] EVENT BoundaryDetected { passage_index: 0, start_time: 0, end_time: 10356572160, confidence: 0.5, timestamp: 1766625496 }
[   666.147s] EVENT PassageStarted: passage #0
[   666.147s] EVENT ExtractionProgress { passage_index: 0, extractor: "ID3", status: "running", timestamp: 1766625496 }
[   666.147s] EVENT ExtractionProgress { passage_index: 0, extractor: "ID3", status: "completed", timestamp: 1766625496 }
[   666.147s] EVENT ExtractionProgress { passage_index: 0, extractor: "Chromaprint", status: "running", timestamp: 1766625496 }
[   666.565s] EVENT ExtractionProgress { passage_index: 0, extractor: "Chromaprint", status: "completed", timestamp: 1766625496 }
[   666.565s] EVENT ExtractionProgress { passage_index: 0, extractor: "AudioDerived", status: "running", timestamp: 1766625496 }
[   667.257s] EVENT ExtractionProgress { passage_index: 0, extractor: "AudioDerived", status: "completed", timestamp: 1766625497 }
[   667.257s] EVENT ExtractionProgress { passage_index: 0, extractor: "ID3GenreMapper", status: "running", timestamp: 1766625497 }
[   667.257s] EVENT ExtractionProgress { passage_index: 0, extractor: "ID3GenreMapper", status: "completed", timestamp: 1766625497 }
[   667.257s] EVENT FusionStarted { passage_index: 0, timestamp: 1766625497 }
[   667.257s] EVENT ExtractionProgress { passage_index: 0, extractor: "MusicBrainz-Pass2", status: "running", timestamp: 1766625497 }
[   667.262s] FILE_COMPLETE [30/50] (Paula_Abdul)Shut_up_and_dance_(The_Dance_Mixes)-04-Forever_your_Girl_(Frankie_Foncett_Mix).mp3 - 1 passages in 15.05s (total_elapsed: 667.3s)
[   667.262s] PROGRESS 30/50 (60.0%) - 0.04 files/sec - ETA: 7.4min
[   667.262s] FILE_START [31/50] (Paula_Abdul)Shut_up_and_dance_(The_Dance_Mixes)-05-Knocked_out_(Pettibone_12-).mp3
[   667.262s] EVENT ExtractionProgress { passage_index: 0, extractor: "MusicBrainz-Pass2", status: "completed", timestamp: 1766625497 }
[   667.262s] EVENT FusionStarted { passage_index: 0, timestamp: 1766625497 }
[   667.262s] EVENT ValidationStarted { passage_index: 0, timestamp: 1766625497 }
[   667.262s] EVENT PassageCompleted: passage #0
[   667.262s] EVENT FileCompleted: "C:\\Users\\Mango Cat\\Music\\Abdul, Paula\\Shut_up_and_dance_(The_Dance_Mixes)\\(Paula_Abdul)Shut_up_and_dance_(The_Dance_Mixes)-04-Forever_your_Girl_(Frankie_Foncett_Mix).mp3"
[   667.262s] EVENT FileStarted: "C:\\Users\\Mango Cat\\Music\\Abdul, Paula\\Shut_up_and_dance_(The_Dance_Mixes)\\(Paula_Abdul)Shut_up_and_dance_(The_Dance_Mixes)-05-Knocked_out_(Pettibone_12-).mp3"
[   667.262s] EVENT SingleTrackCheckCompleted { file_path: "C:\\Users\\Mango Cat\\Music\\Abdul, Paula\\Shut_up_and_dance_(The_Dance_Mixes)\\(Paula_Abdul)Shut_up_and_dance_(The_Dance_Mixes)-05-Knocked_out_(Pettibone_12-).mp3", score: 1.8, is_single_track: true }
[   680.552s] EVENT BoundaryDetected { passage_index: 0, start_time: 0, end_time: 10467164160, confidence: 0.5, timestamp: 1766625510 }
[   680.552s] EVENT PassageStarted: passage #0
[   680.552s] EVENT ExtractionProgress { passage_index: 0, extractor: "ID3", status: "running", timestamp: 1766625510 }
[   680.552s] EVENT ExtractionProgress { passage_index: 0, extractor: "ID3", status: "completed", timestamp: 1766625510 }
[   680.552s] EVENT ExtractionProgress { passage_index: 0, extractor: "Chromaprint", status: "running", timestamp: 1766625510 }
[   680.984s] EVENT ExtractionProgress { passage_index: 0, extractor: "Chromaprint", status: "completed", timestamp: 1766625511 }
[   680.984s] EVENT ExtractionProgress { passage_index: 0, extractor: "AudioDerived", status: "running", timestamp: 1766625511 }
[   681.701s] EVENT ExtractionProgress { passage_index: 0, extractor: "AudioDerived", status: "completed", timestamp: 1766625511 }
[   681.701s] EVENT ExtractionProgress { passage_index: 0, extractor: "ID3GenreMapper", status: "running", timestamp: 1766625511 }
[   681.701s] EVENT ExtractionProgress { passage_index: 0, extractor: "ID3GenreMapper", status: "completed", timestamp: 1766625511 }
[   681.701s] EVENT FusionStarted { passage_index: 0, timestamp: 1766625511 }
[   681.701s] EVENT ExtractionProgress { passage_index: 0, extractor: "MusicBrainz-Pass2", status: "running", timestamp: 1766625511 }
[   681.706s] FILE_COMPLETE [31/50] (Paula_Abdul)Shut_up_and_dance_(The_Dance_Mixes)-05-Knocked_out_(Pettibone_12-).mp3 - 1 passages in 14.44s (total_elapsed: 681.7s)
[   681.706s] FILE_START [32/50] (Paula_Abdul)Shut_up_and_dance_(The_Dance_Mixes)-06-The_Way_that_you_love_me_(HouseAFire_Mix).mp3
[   681.706s] EVENT ExtractionProgress { passage_index: 0, extractor: "MusicBrainz-Pass2", status: "completed", timestamp: 1766625511 }
[   681.706s] EVENT FusionStarted { passage_index: 0, timestamp: 1766625511 }
[   681.706s] EVENT ValidationStarted { passage_index: 0, timestamp: 1766625511 }
[   681.706s] EVENT PassageCompleted: passage #0
[   681.706s] EVENT FileCompleted: "C:\\Users\\Mango Cat\\Music\\Abdul, Paula\\Shut_up_and_dance_(The_Dance_Mixes)\\(Paula_Abdul)Shut_up_and_dance_(The_Dance_Mixes)-05-Knocked_out_(Pettibone_12-).mp3"
[   681.706s] EVENT FileStarted: "C:\\Users\\Mango Cat\\Music\\Abdul, Paula\\Shut_up_and_dance_(The_Dance_Mixes)\\(Paula_Abdul)Shut_up_and_dance_(The_Dance_Mixes)-06-The_Way_that_you_love_me_(HouseAFire_Mix).mp3"
[   681.706s] EVENT SingleTrackCheckCompleted { file_path: "C:\\Users\\Mango Cat\\Music\\Abdul, Paula\\Shut_up_and_dance_(The_Dance_Mixes)\\(Paula_Abdul)Shut_up_and_dance_(The_Dance_Mixes)-06-The_Way_that_you_love_me_(HouseAFire_Mix).mp3", score: 1.8, is_single_track: true }
[   691.746s] EVENT BoundaryDetected { passage_index: 0, start_time: 0, end_time: 7974420480, confidence: 0.5, timestamp: 1766625522 }
[   691.746s] EVENT PassageStarted: passage #0
[   691.746s] EVENT ExtractionProgress { passage_index: 0, extractor: "ID3", status: "running", timestamp: 1766625522 }
[   691.746s] EVENT ExtractionProgress { passage_index: 0, extractor: "ID3", status: "completed", timestamp: 1766625522 }
[   691.746s] EVENT ExtractionProgress { passage_index: 0, extractor: "Chromaprint", status: "running", timestamp: 1766625522 }
[   692.064s] EVENT ExtractionProgress { passage_index: 0, extractor: "Chromaprint", status: "completed", timestamp: 1766625522 }
[   692.064s] EVENT ExtractionProgress { passage_index: 0, extractor: "AudioDerived", status: "running", timestamp: 1766625522 }
[   692.609s] EVENT ExtractionProgress { passage_index: 0, extractor: "AudioDerived", status: "completed", timestamp: 1766625522 }
[   692.609s] EVENT ExtractionProgress { passage_index: 0, extractor: "ID3GenreMapper", status: "running", timestamp: 1766625522 }
[   692.609s] EVENT ExtractionProgress { passage_index: 0, extractor: "ID3GenreMapper", status: "completed", timestamp: 1766625522 }
[   692.609s] EVENT FusionStarted { passage_index: 0, timestamp: 1766625522 }
[   692.609s] EVENT ExtractionProgress { passage_index: 0, extractor: "MusicBrainz-Pass2", status: "running", timestamp: 1766625522 }
[   692.612s] FILE_COMPLETE [32/50] (Paula_Abdul)Shut_up_and_dance_(The_Dance_Mixes)-06-The_Way_that_you_love_me_(HouseAFire_Mix).mp3 - 1 passages in 10.91s (total_elapsed: 692.6s)
[   692.612s] FILE_START [33/50] (Paula_Abdul)Shut_up_and_dance_(The_Dance_Mixes)-07-Opposites_attract_(1990_Mix).mp3
[   692.613s] EVENT ExtractionProgress { passage_index: 0, extractor: "MusicBrainz-Pass2", status: "completed", timestamp: 1766625522 }
[   692.613s] EVENT FusionStarted { passage_index: 0, timestamp: 1766625522 }
[   692.613s] EVENT ValidationStarted { passage_index: 0, timestamp: 1766625522 }
[   692.613s] EVENT PassageCompleted: passage #0
[   692.613s] EVENT FileCompleted: "C:\\Users\\Mango Cat\\Music\\Abdul, Paula\\Shut_up_and_dance_(The_Dance_Mixes)\\(Paula_Abdul)Shut_up_and_dance_(The_Dance_Mixes)-06-The_Way_that_you_love_me_(HouseAFire_Mix).mp3"
[   692.613s] EVENT FileStarted: "C:\\Users\\Mango Cat\\Music\\Abdul, Paula\\Shut_up_and_dance_(The_Dance_Mixes)\\(Paula_Abdul)Shut_up_and_dance_(The_Dance_Mixes)-07-Opposites_attract_(1990_Mix).mp3"
[   692.613s] EVENT SingleTrackCheckCompleted { file_path: "C:\\Users\\Mango Cat\\Music\\Abdul, Paula\\Shut_up_and_dance_(The_Dance_Mixes)\\(Paula_Abdul)Shut_up_and_dance_(The_Dance_Mixes)-07-Opposites_attract_(1990_Mix).mp3", score: 1.8, is_single_track: true }
[   707.166s] EVENT BoundaryDetected { passage_index: 0, start_time: 0, end_time: 11520000000, confidence: 0.5, timestamp: 1766625537 }
[   707.166s] EVENT PassageStarted: passage #0
[   707.166s] EVENT ExtractionProgress { passage_index: 0, extractor: "ID3", status: "running", timestamp: 1766625537 }
[   707.166s] EVENT ExtractionProgress { passage_index: 0, extractor: "ID3", status: "completed", timestamp: 1766625537 }
[   707.166s] EVENT ExtractionProgress { passage_index: 0, extractor: "Chromaprint", status: "running", timestamp: 1766625537 }
[   707.642s] EVENT ExtractionProgress { passage_index: 0, extractor: "Chromaprint", status: "completed", timestamp: 1766625537 }
[   707.642s] EVENT ExtractionProgress { passage_index: 0, extractor: "AudioDerived", status: "running", timestamp: 1766625537 }
[   708.441s] EVENT ExtractionProgress { passage_index: 0, extractor: "AudioDerived", status: "completed", timestamp: 1766625538 }
[   708.441s] EVENT ExtractionProgress { passage_index: 0, extractor: "ID3GenreMapper", status: "running", timestamp: 1766625538 }
[   708.441s] EVENT ExtractionProgress { passage_index: 0, extractor: "ID3GenreMapper", status: "completed", timestamp: 1766625538 }
[   708.441s] EVENT FusionStarted { passage_index: 0, timestamp: 1766625538 }
[   708.441s] EVENT ExtractionProgress { passage_index: 0, extractor: "MusicBrainz-Pass2", status: "running", timestamp: 1766625538 }
[   708.446s] FILE_COMPLETE [33/50] (Paula_Abdul)Shut_up_and_dance_(The_Dance_Mixes)-07-Opposites_attract_(1990_Mix).mp3 - 1 passages in 15.83s (total_elapsed: 708.4s)
[   708.446s] FILE_START [34/50] (Paula_Abdul)Shut_up_and_dance_(The_Dance_Mixes)-08-1990_Medley_Mix.mp3
[   708.446s] EVENT ExtractionProgress { passage_index: 0, extractor: "MusicBrainz-Pass2", status: "completed", timestamp: 1766625538 }
[   708.446s] EVENT FusionStarted { passage_index: 0, timestamp: 1766625538 }
[   708.446s] EVENT ValidationStarted { passage_index: 0, timestamp: 1766625538 }
[   708.446s] EVENT PassageCompleted: passage #0
[   708.446s] EVENT FileCompleted: "C:\\Users\\Mango Cat\\Music\\Abdul, Paula\\Shut_up_and_dance_(The_Dance_Mixes)\\(Paula_Abdul)Shut_up_and_dance_(The_Dance_Mixes)-07-Opposites_attract_(1990_Mix).mp3"
[   708.446s] EVENT FileStarted: "C:\\Users\\Mango Cat\\Music\\Abdul, Paula\\Shut_up_and_dance_(The_Dance_Mixes)\\(Paula_Abdul)Shut_up_and_dance_(The_Dance_Mixes)-08-1990_Medley_Mix.mp3"
[   708.446s] EVENT SingleTrackCheckCompleted { file_path: "C:\\Users\\Mango Cat\\Music\\Abdul, Paula\\Shut_up_and_dance_(The_Dance_Mixes)\\(Paula_Abdul)Shut_up_and_dance_(The_Dance_Mixes)-08-1990_Medley_Mix.mp3", score: 1.8, is_single_track: true }
[   724.137s] EVENT BoundaryDetected { passage_index: 0, start_time: 0, end_time: 12277923840, confidence: 0.5, timestamp: 1766625554 }
[   724.137s] EVENT PassageStarted: passage #0
[   724.137s] EVENT ExtractionProgress { passage_index: 0, extractor: "ID3", status: "running", timestamp: 1766625554 }
[   724.137s] EVENT ExtractionProgress { passage_index: 0, extractor: "ID3", status: "completed", timestamp: 1766625554 }
[   724.137s] EVENT ExtractionProgress { passage_index: 0, extractor: "Chromaprint", status: "running", timestamp: 1766625554 }
[   724.647s] EVENT ExtractionProgress { passage_index: 0, extractor: "Chromaprint", status: "completed", timestamp: 1766625554 }
[   724.647s] EVENT ExtractionProgress { passage_index: 0, extractor: "AudioDerived", status: "running", timestamp: 1766625554 }
[   725.518s] EVENT ExtractionProgress { passage_index: 0, extractor: "AudioDerived", status: "completed", timestamp: 1766625555 }
[   725.518s] EVENT ExtractionProgress { passage_index: 0, extractor: "ID3GenreMapper", status: "running", timestamp: 1766625555 }
[   725.518s] EVENT ExtractionProgress { passage_index: 0, extractor: "ID3GenreMapper", status: "completed", timestamp: 1766625555 }
[   725.518s] EVENT FusionStarted { passage_index: 0, timestamp: 1766625555 }
[   725.518s] EVENT ExtractionProgress { passage_index: 0, extractor: "MusicBrainz-Pass2", status: "running", timestamp: 1766625555 }
[   725.524s] FILE_COMPLETE [34/50] (Paula_Abdul)Shut_up_and_dance_(The_Dance_Mixes)-08-1990_Medley_Mix.mp3 - 1 passages in 17.08s (total_elapsed: 725.5s)
[   725.524s] FILE_START [35/50] Disc 1 - 1 - Hells Bells.mp3
[   725.525s] EVENT ExtractionProgress { passage_index: 0, extractor: "MusicBrainz-Pass2", status: "completed", timestamp: 1766625555 }
[   725.525s] EVENT FusionStarted { passage_index: 0, timestamp: 1766625555 }
[   725.525s] EVENT ValidationStarted { passage_index: 0, timestamp: 1766625555 }
[   725.525s] EVENT PassageCompleted: passage #0
[   725.525s] EVENT FileCompleted: "C:\\Users\\Mango Cat\\Music\\Abdul, Paula\\Shut_up_and_dance_(The_Dance_Mixes)\\(Paula_Abdul)Shut_up_and_dance_(The_Dance_Mixes)-08-1990_Medley_Mix.mp3"
[   725.525s] EVENT FileStarted: "C:\\Users\\Mango Cat\\Music\\AC-DC\\Back in Black\\Disc 1 - 1 - Hells Bells.mp3"
[   725.525s] EVENT SingleTrackCheckCompleted { file_path: "C:\\Users\\Mango Cat\\Music\\AC-DC\\Back in Black\\Disc 1 - 1 - Hells Bells.mp3", score: 1.8, is_single_track: true }
[   736.977s] EVENT BoundaryDetected { passage_index: 0, start_time: 0, end_time: 8818606080, confidence: 0.5, timestamp: 1766625567 }
[   736.977s] EVENT PassageStarted: passage #0
[   736.977s] EVENT ExtractionProgress { passage_index: 0, extractor: "ID3", status: "running", timestamp: 1766625567 }
[   736.977s] EVENT ExtractionProgress { passage_index: 0, extractor: "ID3", status: "completed", timestamp: 1766625567 }
[   736.977s] EVENT ExtractionProgress { passage_index: 0, extractor: "Chromaprint", status: "running", timestamp: 1766625567 }
[   737.333s] EVENT ExtractionProgress { passage_index: 0, extractor: "Chromaprint", status: "completed", timestamp: 1766625567 }
[   737.333s] EVENT ExtractionProgress { passage_index: 0, extractor: "AudioDerived", status: "running", timestamp: 1766625567 }
[   737.934s] EVENT ExtractionProgress { passage_index: 0, extractor: "AudioDerived", status: "completed", timestamp: 1766625568 }
[   737.934s] EVENT ExtractionProgress { passage_index: 0, extractor: "ID3GenreMapper", status: "running", timestamp: 1766625568 }
[   737.934s] EVENT ExtractionProgress { passage_index: 0, extractor: "ID3GenreMapper", status: "completed", timestamp: 1766625568 }
[   737.934s] EVENT FusionStarted { passage_index: 0, timestamp: 1766625568 }
[   737.934s] EVENT ExtractionProgress { passage_index: 0, extractor: "MusicBrainz-Pass2", status: "running", timestamp: 1766625568 }
[   737.938s] FILE_COMPLETE [35/50] Disc 1 - 1 - Hells Bells.mp3 - 1 passages in 12.41s (total_elapsed: 737.9s)
[   737.938s] FILE_START [36/50] Disc 1 - 10 - Rock and Roll Ain't Noise Pollution.mp3
[   737.938s] EVENT ExtractionProgress { passage_index: 0, extractor: "MusicBrainz-Pass2", status: "completed", timestamp: 1766625568 }
[   737.938s] EVENT FusionStarted { passage_index: 0, timestamp: 1766625568 }
[   737.938s] EVENT ValidationStarted { passage_index: 0, timestamp: 1766625568 }
[   737.938s] EVENT PassageCompleted: passage #0
[   737.938s] EVENT FileCompleted: "C:\\Users\\Mango Cat\\Music\\AC-DC\\Back in Black\\Disc 1 - 1 - Hells Bells.mp3"
[   737.938s] EVENT FileStarted: "C:\\Users\\Mango Cat\\Music\\AC-DC\\Back in Black\\Disc 1 - 10 - Rock and Roll Ain't Noise Pollution.mp3"
[   737.938s] EVENT SingleTrackCheckCompleted { file_path: "C:\\Users\\Mango Cat\\Music\\AC-DC\\Back in Black\\Disc 1 - 10 - Rock and Roll Ain't Noise Pollution.mp3", score: 1.8, is_single_track: true }
[   747.312s] EVENT BoundaryDetected { passage_index: 0, start_time: 0, end_time: 7509934080, confidence: 0.5, timestamp: 1766625577 }
[   747.312s] EVENT PassageStarted: passage #0
[   747.312s] EVENT ExtractionProgress { passage_index: 0, extractor: "ID3", status: "running", timestamp: 1766625577 }
[   747.312s] EVENT ExtractionProgress { passage_index: 0, extractor: "ID3", status: "completed", timestamp: 1766625577 }
[   747.312s] EVENT ExtractionProgress { passage_index: 0, extractor: "Chromaprint", status: "running", timestamp: 1766625577 }
[   747.620s] EVENT ExtractionProgress { passage_index: 0, extractor: "Chromaprint", status: "completed", timestamp: 1766625577 }
[   747.620s] EVENT ExtractionProgress { passage_index: 0, extractor: "AudioDerived", status: "running", timestamp: 1766625577 }
[   748.134s] EVENT ExtractionProgress { passage_index: 0, extractor: "AudioDerived", status: "completed", timestamp: 1766625578 }
[   748.134s] EVENT ExtractionProgress { passage_index: 0, extractor: "ID3GenreMapper", status: "running", timestamp: 1766625578 }
[   748.134s] EVENT ExtractionProgress { passage_index: 0, extractor: "ID3GenreMapper", status: "completed", timestamp: 1766625578 }
[   748.134s] EVENT FusionStarted { passage_index: 0, timestamp: 1766625578 }
[   748.134s] EVENT ExtractionProgress { passage_index: 0, extractor: "MusicBrainz-Pass2", status: "running", timestamp: 1766625578 }
[   748.137s] FILE_COMPLETE [36/50] Disc 1 - 10 - Rock and Roll Ain't Noise Pollution.mp3 - 1 passages in 10.20s (total_elapsed: 748.1s)
[   748.137s] FILE_START [37/50] Disc 1 - 2 - Shoot to Thrill.mp3
[   748.138s] EVENT ExtractionProgress { passage_index: 0, extractor: "MusicBrainz-Pass2", status: "completed", timestamp: 1766625578 }
[   748.138s] EVENT FusionStarted { passage_index: 0, timestamp: 1766625578 }
[   748.138s] EVENT ValidationStarted { passage_index: 0, timestamp: 1766625578 }
[   748.138s] EVENT PassageCompleted: passage #0
[   748.138s] EVENT FileCompleted: "C:\\Users\\Mango Cat\\Music\\AC-DC\\Back in Black\\Disc 1 - 10 - Rock and Roll Ain't Noise Pollution.mp3"
[   748.138s] EVENT FileStarted: "C:\\Users\\Mango Cat\\Music\\AC-DC\\Back in Black\\Disc 1 - 2 - Shoot to Thrill.mp3"
[   748.138s] EVENT SingleTrackCheckCompleted { file_path: "C:\\Users\\Mango Cat\\Music\\AC-DC\\Back in Black\\Disc 1 - 2 - Shoot to Thrill.mp3", score: 1.8, is_single_track: true }
[   759.356s] EVENT BoundaryDetected { passage_index: 0, start_time: 0, end_time: 8960163840, confidence: 0.5, timestamp: 1766625589 }
[   759.356s] EVENT PassageStarted: passage #0
[   759.356s] EVENT ExtractionProgress { passage_index: 0, extractor: "ID3", status: "running", timestamp: 1766625589 }
[   759.356s] EVENT ExtractionProgress { passage_index: 0, extractor: "ID3", status: "completed", timestamp: 1766625589 }
[   759.356s] EVENT ExtractionProgress { passage_index: 0, extractor: "Chromaprint", status: "running", timestamp: 1766625589 }
[   759.719s] EVENT ExtractionProgress { passage_index: 0, extractor: "Chromaprint", status: "completed", timestamp: 1766625590 }
[   759.719s] EVENT ExtractionProgress { passage_index: 0, extractor: "AudioDerived", status: "running", timestamp: 1766625590 }
[   760.330s] EVENT ExtractionProgress { passage_index: 0, extractor: "AudioDerived", status: "completed", timestamp: 1766625590 }
[   760.331s] EVENT ExtractionProgress { passage_index: 0, extractor: "ID3GenreMapper", status: "running", timestamp: 1766625590 }
[   760.331s] EVENT ExtractionProgress { passage_index: 0, extractor: "ID3GenreMapper", status: "completed", timestamp: 1766625590 }
[   760.331s] EVENT FusionStarted { passage_index: 0, timestamp: 1766625590 }
[   760.331s] EVENT ExtractionProgress { passage_index: 0, extractor: "MusicBrainz-Pass2", status: "running", timestamp: 1766625590 }
[   760.335s] FILE_COMPLETE [37/50] Disc 1 - 2 - Shoot to Thrill.mp3 - 1 passages in 12.20s (total_elapsed: 760.3s)
[   760.335s] FILE_START [38/50] Disc 1 - 3 - What Do You Do for Money Honey.mp3
[   760.335s] EVENT ExtractionProgress { passage_index: 0, extractor: "MusicBrainz-Pass2", status: "completed", timestamp: 1766625590 }
[   760.335s] EVENT FusionStarted { passage_index: 0, timestamp: 1766625590 }
[   760.335s] EVENT ValidationStarted { passage_index: 0, timestamp: 1766625590 }
[   760.335s] EVENT PassageCompleted: passage #0
[   760.335s] EVENT FileCompleted: "C:\\Users\\Mango Cat\\Music\\AC-DC\\Back in Black\\Disc 1 - 2 - Shoot to Thrill.mp3"
[   760.335s] EVENT FileStarted: "C:\\Users\\Mango Cat\\Music\\AC-DC\\Back in Black\\Disc 1 - 3 - What Do You Do for Money Honey.mp3"
[   760.335s] EVENT SingleTrackCheckCompleted { file_path: "C:\\Users\\Mango Cat\\Music\\AC-DC\\Back in Black\\Disc 1 - 3 - What Do You Do for Money Honey.mp3", score: 1.8, is_single_track: true }
[   767.967s] EVENT BoundaryDetected { passage_index: 0, start_time: 0, end_time: 6085509120, confidence: 0.5, timestamp: 1766625598 }
[   767.967s] EVENT PassageStarted: passage #0
[   767.967s] EVENT ExtractionProgress { passage_index: 0, extractor: "ID3", status: "running", timestamp: 1766625598 }
[   767.967s] EVENT ExtractionProgress { passage_index: 0, extractor: "ID3", status: "completed", timestamp: 1766625598 }
[   767.967s] EVENT ExtractionProgress { passage_index: 0, extractor: "Chromaprint", status: "running", timestamp: 1766625598 }
[   768.216s] EVENT ExtractionProgress { passage_index: 0, extractor: "Chromaprint", status: "completed", timestamp: 1766625598 }
[   768.216s] EVENT ExtractionProgress { passage_index: 0, extractor: "AudioDerived", status: "running", timestamp: 1766625598 }
[   768.633s] EVENT ExtractionProgress { passage_index: 0, extractor: "AudioDerived", status: "completed", timestamp: 1766625598 }
[   768.633s] EVENT ExtractionProgress { passage_index: 0, extractor: "ID3GenreMapper", status: "running", timestamp: 1766625598 }
[   768.633s] EVENT ExtractionProgress { passage_index: 0, extractor: "ID3GenreMapper", status: "completed", timestamp: 1766625598 }
[   768.633s] EVENT FusionStarted { passage_index: 0, timestamp: 1766625598 }
[   768.633s] EVENT ExtractionProgress { passage_index: 0, extractor: "MusicBrainz-Pass2", status: "running", timestamp: 1766625598 }
[   768.636s] FILE_COMPLETE [38/50] Disc 1 - 3 - What Do You Do for Money Honey.mp3 - 1 passages in 8.30s (total_elapsed: 768.6s)
[   768.636s] FILE_START [39/50] Disc 1 - 4 - Givin the Dog a Bone.mp3
[   768.637s] EVENT ExtractionProgress { passage_index: 0, extractor: "MusicBrainz-Pass2", status: "completed", timestamp: 1766625598 }
[   768.637s] EVENT FusionStarted { passage_index: 0, timestamp: 1766625598 }
[   768.637s] EVENT ValidationStarted { passage_index: 0, timestamp: 1766625598 }
[   768.637s] EVENT PassageCompleted: passage #0
[   768.637s] EVENT FileCompleted: "C:\\Users\\Mango Cat\\Music\\AC-DC\\Back in Black\\Disc 1 - 3 - What Do You Do for Money Honey.mp3"
[   768.637s] EVENT FileStarted: "C:\\Users\\Mango Cat\\Music\\AC-DC\\Back in Black\\Disc 1 - 4 - Givin the Dog a Bone.mp3"
[   768.637s] EVENT SingleTrackCheckCompleted { file_path: "C:\\Users\\Mango Cat\\Music\\AC-DC\\Back in Black\\Disc 1 - 4 - Givin the Dog a Bone.mp3", score: 1.8, is_single_track: true }
[   776.163s] EVENT BoundaryDetected { passage_index: 0, start_time: 0, end_time: 5977866240, confidence: 0.5, timestamp: 1766625606 }
[   776.163s] EVENT PassageStarted: passage #0
[   776.163s] EVENT ExtractionProgress { passage_index: 0, extractor: "ID3", status: "running", timestamp: 1766625606 }
[   776.163s] EVENT ExtractionProgress { passage_index: 0, extractor: "ID3", status: "completed", timestamp: 1766625606 }
[   776.163s] EVENT ExtractionProgress { passage_index: 0, extractor: "Chromaprint", status: "running", timestamp: 1766625606 }
[   776.407s] EVENT ExtractionProgress { passage_index: 0, extractor: "Chromaprint", status: "completed", timestamp: 1766625606 }
[   776.407s] EVENT ExtractionProgress { passage_index: 0, extractor: "AudioDerived", status: "running", timestamp: 1766625606 }
[   776.815s] EVENT ExtractionProgress { passage_index: 0, extractor: "AudioDerived", status: "completed", timestamp: 1766625607 }
[   776.815s] EVENT ExtractionProgress { passage_index: 0, extractor: "ID3GenreMapper", status: "running", timestamp: 1766625607 }
[   776.815s] EVENT ExtractionProgress { passage_index: 0, extractor: "ID3GenreMapper", status: "completed", timestamp: 1766625607 }
[   776.815s] EVENT FusionStarted { passage_index: 0, timestamp: 1766625607 }
[   776.815s] EVENT ExtractionProgress { passage_index: 0, extractor: "MusicBrainz-Pass2", status: "running", timestamp: 1766625607 }
[   776.818s] FILE_COMPLETE [39/50] Disc 1 - 4 - Givin the Dog a Bone.mp3 - 1 passages in 8.18s (total_elapsed: 776.8s)
[   776.818s] FILE_START [40/50] Disc 1 - 5 - Let Me Put My Love Into You.mp3
[   776.818s] EVENT ExtractionProgress { passage_index: 0, extractor: "MusicBrainz-Pass2", status: "completed", timestamp: 1766625607 }
[   776.818s] EVENT FusionStarted { passage_index: 0, timestamp: 1766625607 }
[   776.818s] EVENT ValidationStarted { passage_index: 0, timestamp: 1766625607 }
[   776.818s] EVENT PassageCompleted: passage #0
[   776.818s] EVENT FileCompleted: "C:\\Users\\Mango Cat\\Music\\AC-DC\\Back in Black\\Disc 1 - 4 - Givin the Dog a Bone.mp3"
[   776.818s] EVENT FileStarted: "C:\\Users\\Mango Cat\\Music\\AC-DC\\Back in Black\\Disc 1 - 5 - Let Me Put My Love Into You.mp3"
[   776.818s] EVENT SingleTrackCheckCompleted { file_path: "C:\\Users\\Mango Cat\\Music\\AC-DC\\Back in Black\\Disc 1 - 5 - Let Me Put My Love Into You.mp3", score: 1.8, is_single_track: true }
[   785.859s] EVENT BoundaryDetected { passage_index: 0, start_time: 0, end_time: 7206912000, confidence: 0.5, timestamp: 1766625616 }
[   785.859s] EVENT PassageStarted: passage #0
[   785.859s] EVENT ExtractionProgress { passage_index: 0, extractor: "ID3", status: "running", timestamp: 1766625616 }
[   785.859s] EVENT ExtractionProgress { passage_index: 0, extractor: "ID3", status: "completed", timestamp: 1766625616 }
[   785.859s] EVENT ExtractionProgress { passage_index: 0, extractor: "Chromaprint", status: "running", timestamp: 1766625616 }
[   786.140s] EVENT ExtractionProgress { passage_index: 0, extractor: "Chromaprint", status: "completed", timestamp: 1766625616 }
[   786.140s] EVENT ExtractionProgress { passage_index: 0, extractor: "AudioDerived", status: "running", timestamp: 1766625616 }
[   786.631s] EVENT ExtractionProgress { passage_index: 0, extractor: "AudioDerived", status: "completed", timestamp: 1766625616 }
[   786.631s] EVENT ExtractionProgress { passage_index: 0, extractor: "ID3GenreMapper", status: "running", timestamp: 1766625616 }
[   786.631s] EVENT ExtractionProgress { passage_index: 0, extractor: "ID3GenreMapper", status: "completed", timestamp: 1766625616 }
[   786.631s] EVENT FusionStarted { passage_index: 0, timestamp: 1766625616 }
[   786.631s] EVENT ExtractionProgress { passage_index: 0, extractor: "MusicBrainz-Pass2", status: "running", timestamp: 1766625616 }
[   786.634s] FILE_COMPLETE [40/50] Disc 1 - 5 - Let Me Put My Love Into You.mp3 - 1 passages in 9.82s (total_elapsed: 786.6s)
[   786.634s] PROGRESS 40/50 (80.0%) - 0.05 files/sec - ETA: 3.3min
[   786.634s] FILE_START [41/50] Disc 1 - 6 - Back in Black.mp3
[   786.635s] EVENT ExtractionProgress { passage_index: 0, extractor: "MusicBrainz-Pass2", status: "completed", timestamp: 1766625616 }
[   786.635s] EVENT FusionStarted { passage_index: 0, timestamp: 1766625616 }
[   786.635s] EVENT ValidationStarted { passage_index: 0, timestamp: 1766625616 }
[   786.635s] EVENT PassageCompleted: passage #0
[   786.635s] EVENT FileCompleted: "C:\\Users\\Mango Cat\\Music\\AC-DC\\Back in Black\\Disc 1 - 5 - Let Me Put My Love Into You.mp3"
[   786.635s] EVENT FileStarted: "C:\\Users\\Mango Cat\\Music\\AC-DC\\Back in Black\\Disc 1 - 6 - Back in Black.mp3"
[   786.635s] EVENT SingleTrackCheckCompleted { file_path: "C:\\Users\\Mango Cat\\Music\\AC-DC\\Back in Black\\Disc 1 - 6 - Back in Black.mp3", score: 1.8, is_single_track: true }
[   795.879s] EVENT BoundaryDetected { passage_index: 0, start_time: 0, end_time: 7215759360, confidence: 0.5, timestamp: 1766625626 }
[   795.879s] EVENT PassageStarted: passage #0
[   795.879s] EVENT ExtractionProgress { passage_index: 0, extractor: "ID3", status: "running", timestamp: 1766625626 }
[   795.879s] EVENT ExtractionProgress { passage_index: 0, extractor: "ID3", status: "completed", timestamp: 1766625626 }
[   795.879s] EVENT ExtractionProgress { passage_index: 0, extractor: "Chromaprint", status: "running", timestamp: 1766625626 }
[   796.174s] EVENT ExtractionProgress { passage_index: 0, extractor: "Chromaprint", status: "completed", timestamp: 1766625626 }
[   796.174s] EVENT ExtractionProgress { passage_index: 0, extractor: "AudioDerived", status: "running", timestamp: 1766625626 }
[   796.669s] EVENT ExtractionProgress { passage_index: 0, extractor: "AudioDerived", status: "completed", timestamp: 1766625626 }
[   796.669s] EVENT ExtractionProgress { passage_index: 0, extractor: "ID3GenreMapper", status: "running", timestamp: 1766625626 }
[   796.669s] EVENT ExtractionProgress { passage_index: 0, extractor: "ID3GenreMapper", status: "completed", timestamp: 1766625626 }
[   796.669s] EVENT FusionStarted { passage_index: 0, timestamp: 1766625626 }
[   796.669s] EVENT ExtractionProgress { passage_index: 0, extractor: "MusicBrainz-Pass2", status: "running", timestamp: 1766625626 }
[   796.672s] FILE_COMPLETE [41/50] Disc 1 - 6 - Back in Black.mp3 - 1 passages in 10.04s (total_elapsed: 796.7s)
[   796.672s] FILE_START [42/50] Disc 1 - 7 - You Shook Me All Night Long.mp3
[   796.672s] EVENT ExtractionProgress { passage_index: 0, extractor: "MusicBrainz-Pass2", status: "completed", timestamp: 1766625626 }
[   796.672s] EVENT FusionStarted { passage_index: 0, timestamp: 1766625626 }
[   796.672s] EVENT ValidationStarted { passage_index: 0, timestamp: 1766625626 }
[   796.672s] EVENT PassageCompleted: passage #0
[   796.672s] EVENT FileCompleted: "C:\\Users\\Mango Cat\\Music\\AC-DC\\Back in Black\\Disc 1 - 6 - Back in Black.mp3"
[   796.672s] EVENT FileStarted: "C:\\Users\\Mango Cat\\Music\\AC-DC\\Back in Black\\Disc 1 - 7 - You Shook Me All Night Long.mp3"
[   796.672s] EVENT SingleTrackCheckCompleted { file_path: "C:\\Users\\Mango Cat\\Music\\AC-DC\\Back in Black\\Disc 1 - 7 - You Shook Me All Night Long.mp3", score: 1.8, is_single_track: true }
[   804.120s] EVENT BoundaryDetected { passage_index: 0, start_time: 0, end_time: 5933629440, confidence: 0.5, timestamp: 1766625634 }
[   804.120s] EVENT PassageStarted: passage #0
[   804.120s] EVENT ExtractionProgress { passage_index: 0, extractor: "ID3", status: "running", timestamp: 1766625634 }
[   804.120s] EVENT ExtractionProgress { passage_index: 0, extractor: "ID3", status: "completed", timestamp: 1766625634 }
[   804.120s] EVENT ExtractionProgress { passage_index: 0, extractor: "Chromaprint", status: "running", timestamp: 1766625634 }
[   804.364s] EVENT ExtractionProgress { passage_index: 0, extractor: "Chromaprint", status: "completed", timestamp: 1766625634 }
[   804.364s] EVENT ExtractionProgress { passage_index: 0, extractor: "AudioDerived", status: "running", timestamp: 1766625634 }
[   804.767s] EVENT ExtractionProgress { passage_index: 0, extractor: "AudioDerived", status: "completed", timestamp: 1766625635 }
[   804.767s] EVENT ExtractionProgress { passage_index: 0, extractor: "ID3GenreMapper", status: "running", timestamp: 1766625635 }
[   804.767s] EVENT ExtractionProgress { passage_index: 0, extractor: "ID3GenreMapper", status: "completed", timestamp: 1766625635 }
[   804.767s] EVENT FusionStarted { passage_index: 0, timestamp: 1766625635 }
[   804.767s] EVENT ExtractionProgress { passage_index: 0, extractor: "MusicBrainz-Pass2", status: "running", timestamp: 1766625635 }
[   804.770s] FILE_COMPLETE [42/50] Disc 1 - 7 - You Shook Me All Night Long.mp3 - 1 passages in 8.10s (total_elapsed: 804.8s)
[   804.770s] FILE_START [43/50] Disc 1 - 8 - Have a Drink on Me.mp3
[   804.771s] EVENT ExtractionProgress { passage_index: 0, extractor: "MusicBrainz-Pass2", status: "completed", timestamp: 1766625635 }
[   804.771s] EVENT FusionStarted { passage_index: 0, timestamp: 1766625635 }
[   804.771s] EVENT ValidationStarted { passage_index: 0, timestamp: 1766625635 }
[   804.771s] EVENT PassageCompleted: passage #0
[   804.771s] EVENT FileCompleted: "C:\\Users\\Mango Cat\\Music\\AC-DC\\Back in Black\\Disc 1 - 7 - You Shook Me All Night Long.mp3"
[   804.771s] EVENT FileStarted: "C:\\Users\\Mango Cat\\Music\\AC-DC\\Back in Black\\Disc 1 - 8 - Have a Drink on Me.mp3"
[   804.771s] EVENT SingleTrackCheckCompleted { file_path: "C:\\Users\\Mango Cat\\Music\\AC-DC\\Back in Black\\Disc 1 - 8 - Have a Drink on Me.mp3", score: 1.8, is_single_track: true }
[   813.207s] EVENT BoundaryDetected { passage_index: 0, start_time: 0, end_time: 6731366400, confidence: 0.5, timestamp: 1766625643 }
[   813.207s] EVENT PassageStarted: passage #0
[   813.207s] EVENT ExtractionProgress { passage_index: 0, extractor: "ID3", status: "running", timestamp: 1766625643 }
[   813.207s] EVENT ExtractionProgress { passage_index: 0, extractor: "ID3", status: "completed", timestamp: 1766625643 }
[   813.207s] EVENT ExtractionProgress { passage_index: 0, extractor: "Chromaprint", status: "running", timestamp: 1766625643 }
[   813.486s] EVENT ExtractionProgress { passage_index: 0, extractor: "Chromaprint", status: "completed", timestamp: 1766625643 }
[   813.486s] EVENT ExtractionProgress { passage_index: 0, extractor: "AudioDerived", status: "running", timestamp: 1766625643 }
[   813.946s] EVENT ExtractionProgress { passage_index: 0, extractor: "AudioDerived", status: "completed", timestamp: 1766625644 }
[   813.946s] EVENT ExtractionProgress { passage_index: 0, extractor: "ID3GenreMapper", status: "running", timestamp: 1766625644 }
[   813.946s] EVENT ExtractionProgress { passage_index: 0, extractor: "ID3GenreMapper", status: "completed", timestamp: 1766625644 }
[   813.946s] EVENT FusionStarted { passage_index: 0, timestamp: 1766625644 }
[   813.946s] EVENT ExtractionProgress { passage_index: 0, extractor: "MusicBrainz-Pass2", status: "running", timestamp: 1766625644 }
[   813.949s] FILE_COMPLETE [43/50] Disc 1 - 8 - Have a Drink on Me.mp3 - 1 passages in 9.18s (total_elapsed: 813.9s)
[   813.949s] FILE_START [44/50] Disc 1 - 9 - Shake a Leg.mp3
[   813.950s] EVENT ExtractionProgress { passage_index: 0, extractor: "MusicBrainz-Pass2", status: "completed", timestamp: 1766625644 }
[   813.950s] EVENT FusionStarted { passage_index: 0, timestamp: 1766625644 }
[   813.950s] EVENT ValidationStarted { passage_index: 0, timestamp: 1766625644 }
[   813.950s] EVENT PassageCompleted: passage #0
[   813.950s] EVENT FileCompleted: "C:\\Users\\Mango Cat\\Music\\AC-DC\\Back in Black\\Disc 1 - 8 - Have a Drink on Me.mp3"
[   813.950s] EVENT FileStarted: "C:\\Users\\Mango Cat\\Music\\AC-DC\\Back in Black\\Disc 1 - 9 - Shake a Leg.mp3"
[   813.950s] EVENT SingleTrackCheckCompleted { file_path: "C:\\Users\\Mango Cat\\Music\\AC-DC\\Back in Black\\Disc 1 - 9 - Shake a Leg.mp3", score: 1.8, is_single_track: true }
[   822.665s] EVENT BoundaryDetected { passage_index: 0, start_time: 0, end_time: 6934855680, confidence: 0.5, timestamp: 1766625652 }
[   822.665s] EVENT PassageStarted: passage #0
[   822.665s] EVENT ExtractionProgress { passage_index: 0, extractor: "ID3", status: "running", timestamp: 1766625652 }
[   822.665s] EVENT ExtractionProgress { passage_index: 0, extractor: "ID3", status: "completed", timestamp: 1766625652 }
[   822.665s] EVENT ExtractionProgress { passage_index: 0, extractor: "Chromaprint", status: "running", timestamp: 1766625652 }
[   822.958s] EVENT ExtractionProgress { passage_index: 0, extractor: "Chromaprint", status: "completed", timestamp: 1766625653 }
[   822.958s] EVENT ExtractionProgress { passage_index: 0, extractor: "AudioDerived", status: "running", timestamp: 1766625653 }
[   823.435s] EVENT ExtractionProgress { passage_index: 0, extractor: "AudioDerived", status: "completed", timestamp: 1766625653 }
[   823.435s] EVENT ExtractionProgress { passage_index: 0, extractor: "ID3GenreMapper", status: "running", timestamp: 1766625653 }
[   823.435s] EVENT ExtractionProgress { passage_index: 0, extractor: "ID3GenreMapper", status: "completed", timestamp: 1766625653 }
[   823.435s] EVENT FusionStarted { passage_index: 0, timestamp: 1766625653 }
[   823.435s] EVENT ExtractionProgress { passage_index: 0, extractor: "MusicBrainz-Pass2", status: "running", timestamp: 1766625653 }
[   823.438s] FILE_COMPLETE [44/50] Disc 1 - 9 - Shake a Leg.mp3 - 1 passages in 9.49s (total_elapsed: 823.4s)
[   823.438s] FILE_START [45/50] HappyNation.mp3
[   823.446s] EVENT ExtractionProgress { passage_index: 0, extractor: "MusicBrainz-Pass2", status: "completed", timestamp: 1766625653 }
[   823.446s] EVENT FusionStarted { passage_index: 0, timestamp: 1766625653 }
[   823.446s] EVENT ValidationStarted { passage_index: 0, timestamp: 1766625653 }
[   823.446s] EVENT PassageCompleted: passage #0
[   823.446s] EVENT FileCompleted: "C:\\Users\\Mango Cat\\Music\\AC-DC\\Back in Black\\Disc 1 - 9 - Shake a Leg.mp3"
[   823.446s] EVENT FileStarted: "C:\\Users\\Mango Cat\\Music\\Ace of Base\\HappyNation.mp3"
[   823.446s] EVENT SingleTrackCheckCompleted { file_path: "C:\\Users\\Mango Cat\\Music\\Ace of Base\\HappyNation.mp3", score: -0.5, is_single_track: false }
[   823.446s] EVENT AlbumMatchingStarted: "C:\\Users\\Mango Cat\\Music\\Ace of Base\\HappyNation.mp3"
[   963.940s] FILE_COMPLETE [45/50] HappyNation.mp3 - 16 passages in 140.50s (total_elapsed: 963.9s)
[   963.940s] FILE_START [46/50] (Aerosmith)Single-03-Angel.mp3
[   963.942s] EVENT AlbumMatchingCompleted: "C:\\Users\\Mango Cat\\Music\\Ace of Base\\HappyNation.mp3"
[   963.942s] EVENT BoundaryDetected { passage_index: 0, start_time: 0, end_time: 5926820480, confidence: 0.95, timestamp: 1766625794 }
[   963.942s] EVENT PassageStarted: passage #0
[   963.942s] EVENT PassageCompleted: passage #0
[   963.942s] EVENT BoundaryDetected { passage_index: 1, start_time: 5926820480, end_time: 12293383039, confidence: 0.95, timestamp: 1766625794 }
[   963.942s] EVENT PassageStarted: passage #1
[   963.942s] EVENT PassageCompleted: passage #1
[   963.942s] EVENT BoundaryDetected { passage_index: 2, start_time: 12293383039, end_time: 18864476800, confidence: 0.95, timestamp: 1766625794 }
[   963.942s] EVENT PassageStarted: passage #2
[   963.942s] EVENT PassageCompleted: passage #2
[   963.942s] EVENT BoundaryDetected { passage_index: 3, start_time: 18864476800, end_time: 24136797439, confidence: 0.95, timestamp: 1766625794 }
[   963.942s] EVENT PassageStarted: passage #3
[   963.942s] EVENT PassageCompleted: passage #3
[   963.942s] EVENT BoundaryDetected { passage_index: 4, start_time: 24136797439, end_time: 30311876479, confidence: 0.95, timestamp: 1766625794 }
[   963.942s] EVENT PassageStarted: passage #4
[   963.942s] EVENT PassageCompleted: passage #4
[   963.942s] EVENT BoundaryDetected { passage_index: 5, start_time: 30311876479, end_time: 35839861119, confidence: 0.95, timestamp: 1766625794 }
[   963.942s] EVENT PassageStarted: passage #5
[   963.942s] EVENT PassageCompleted: passage #5
[   963.942s] EVENT BoundaryDetected { passage_index: 6, start_time: 35839861119, end_time: 42952609919, confidence: 0.95, timestamp: 1766625794 }
[   963.942s] EVENT PassageStarted: passage #6
[   963.942s] EVENT PassageCompleted: passage #6
[   963.942s] EVENT BoundaryDetected { passage_index: 7, start_time: 42952609919, end_time: 49337862400, confidence: 0.95, timestamp: 1766625794 }
[   963.942s] EVENT PassageStarted: passage #7
[   963.942s] EVENT PassageCompleted: passage #7
[   963.942s] EVENT BoundaryDetected { passage_index: 8, start_time: 49337862400, end_time: 55751678719, confidence: 0.95, timestamp: 1766625794 }
[   963.942s] EVENT PassageStarted: passage #8
[   963.942s] EVENT PassageCompleted: passage #8
[   963.942s] EVENT BoundaryDetected { passage_index: 9, start_time: 55751678719, end_time: 62789315199, confidence: 0.95, timestamp: 1766625794 }
[   963.942s] EVENT PassageStarted: passage #9
[   963.942s] EVENT PassageCompleted: passage #9
[   963.942s] EVENT BoundaryDetected { passage_index: 10, start_time: 62789315199, end_time: 69256027519, confidence: 0.95, timestamp: 1766625794 }
[   963.942s] EVENT PassageStarted: passage #10
[   963.942s] EVENT PassageCompleted: passage #10
[   963.942s] EVENT BoundaryDetected { passage_index: 11, start_time: 69256027519, end_time: 75367278720, confidence: 0.95, timestamp: 1766625794 }
[   963.942s] EVENT PassageStarted: passage #11
[   963.942s] EVENT PassageCompleted: passage #11
[   963.942s] EVENT BoundaryDetected { passage_index: 12, start_time: 75367278720, end_time: 82255043200, confidence: 0.95, timestamp: 1766625794 }
[   963.942s] EVENT PassageStarted: passage #12
[   963.942s] EVENT PassageCompleted: passage #12
[   963.942s] EVENT BoundaryDetected { passage_index: 13, start_time: 82255043200, end_time: 89413282560, confidence: 0.95, timestamp: 1766625794 }
[   963.942s] EVENT PassageStarted: passage #13
[   963.942s] EVENT PassageCompleted: passage #13
[   963.942s] EVENT BoundaryDetected { passage_index: 14, start_time: 89413282560, end_time: 95715311999, confidence: 0.95, timestamp: 1766625794 }
[   963.942s] EVENT PassageStarted: passage #14
[   963.942s] EVENT PassageCompleted: passage #14
[   963.942s] EVENT BoundaryDetected { passage_index: 15, start_time: 95715311999, end_time: 101555486719, confidence: 0.95, timestamp: 1766625794 }
[   963.942s] EVENT PassageStarted: passage #15
[   963.942s] EVENT PassageCompleted: passage #15
[   963.942s] EVENT FileStarted: "C:\\Users\\Mango Cat\\Music\\Aerosmith\\(Aerosmith)Single-03-Angel.mp3"
[   963.943s] EVENT SingleTrackCheckCompleted { file_path: "C:\\Users\\Mango Cat\\Music\\Aerosmith\\(Aerosmith)Single-03-Angel.mp3", score: 1.3, is_single_track: true }
[   974.913s] EVENT BoundaryDetected { passage_index: 0, start_time: 0, end_time: 8788377600, confidence: 0.5, timestamp: 1766625805 }
[   974.913s] EVENT PassageStarted: passage #0
[   974.913s] EVENT ExtractionProgress { passage_index: 0, extractor: "ID3", status: "running", timestamp: 1766625805 }
[   974.913s] EVENT ExtractionProgress { passage_index: 0, extractor: "ID3", status: "completed", timestamp: 1766625805 }
[   974.913s] EVENT ExtractionProgress { passage_index: 0, extractor: "Chromaprint", status: "running", timestamp: 1766625805 }
[   975.275s] EVENT ExtractionProgress { passage_index: 0, extractor: "Chromaprint", status: "completed", timestamp: 1766625805 }
[   975.275s] EVENT ExtractionProgress { passage_index: 0, extractor: "AudioDerived", status: "running", timestamp: 1766625805 }
[   975.877s] FILE_COMPLETE [46/50] (Aerosmith)Single-03-Angel.mp3 - 1 passages in 11.94s (total_elapsed: 975.9s)
[   975.877s] FILE_START [47/50] Pump.mp3
[   975.880s] EVENT ExtractionProgress { passage_index: 0, extractor: "AudioDerived", status: "completed", timestamp: 1766625806 }
[   975.880s] EVENT ExtractionProgress { passage_index: 0, extractor: "ID3GenreMapper", status: "running", timestamp: 1766625806 }
[   975.880s] EVENT ExtractionProgress { passage_index: 0, extractor: "ID3GenreMapper", status: "completed", timestamp: 1766625806 }
[   975.880s] EVENT FusionStarted { passage_index: 0, timestamp: 1766625806 }
[   975.880s] EVENT ExtractionProgress { passage_index: 0, extractor: "MusicBrainz-Pass2", status: "running", timestamp: 1766625806 }
[   975.880s] EVENT ExtractionProgress { passage_index: 0, extractor: "MusicBrainz-Pass2", status: "completed", timestamp: 1766625806 }
[   975.880s] EVENT FusionStarted { passage_index: 0, timestamp: 1766625806 }
[   975.880s] EVENT ValidationStarted { passage_index: 0, timestamp: 1766625806 }
[   975.880s] EVENT PassageCompleted: passage #0
[   975.880s] EVENT FileCompleted: "C:\\Users\\Mango Cat\\Music\\Aerosmith\\(Aerosmith)Single-03-Angel.mp3"
[   975.880s] EVENT FileStarted: "C:\\Users\\Mango Cat\\Music\\Aerosmith\\Pump.mp3"
[   975.880s] EVENT SingleTrackCheckCompleted { file_path: "C:\\Users\\Mango Cat\\Music\\Aerosmith\\Pump.mp3", score: 0.3, is_single_track: false }
[   975.880s] EVENT AlbumMatchingStarted: "C:\\Users\\Mango Cat\\Music\\Aerosmith\\Pump.mp3"
[  1083.666s] FILE_COMPLETE [47/50] Pump.mp3 - 10 passages in 107.79s (total_elapsed: 1083.7s)
[  1083.666s] FILE_START [48/50] (Aerosmith)Toys_In_The_Attic-01-Toys_In_The_Attic.mp3
[  1083.690s] EVENT[  1083.716s] FILE_COMPLETE [47/5737] Pump.mp3 - 10 passages in 108.13s (total_elapsed: 1083.7s)
[  1083.716s] FILE_START [48/5737] (Aerosmith)Toys_In_The_Attic-01-Toys_In_The_Attic.mp3
[  1083.717s] EVENT AlbumMatchingCompleted: "C:\\Users\\Mango Cat\\Music\\Aerosmith\\Pump.mp3"
[  1083.717s] EVENT BoundaryDetected { passage_index: 0, start_time: 0, end_time: 7277558400, confidence: 0.95, timestamp: 1766625914 }
[  1083.717s] EVENT PassageStarted: passage #0
[  1083.717s] EVENT PassageCompleted: passage #0
[  1083.717s] EVENT BoundaryDetected { passage_index: 1, start_time: 7277558400, end_time: 14334969600, confidence: 0.95, timestamp: 1766625914 }
[  1083.717s] EVENT PassageStarted: passage #1
[  1083.717s] EVENT PassageCompleted: passage #1
[  1083.717s] EVENT BoundaryDetected { passage_index: 2, start_time: 14334969600, end_time: 23905728000, confidence: 0.95, timestamp: 1766625914 }
[  1083.717s] EVENT PassageStarted: passage #2
[  1083.717s] EVENT PassageCompleted: passage #2
[  1083.717s] EVENT BoundaryDetected { passage_index: 3, start_time: 23905728000, end_time: 30639974399, confidence: 0.95, timestamp: 1766625914 }
[  1083.717s] EVENT PassageStarted: passage #3
[  1083.717s] EVENT PassageCompleted: passage #3
[  1083.717s] EVENT BoundaryDetected { passage_index: 4, start_time: 30639974399, end_time: 40241779200, confidence: 0.95, timestamp: 1766625914 }
[  1083.717s] EVENT PassageStarted: passage #4
[  1083.717s] EVENT PassageCompleted: passage #4
[  1083.717s] EVENT BoundaryDetected { passage_index: 5, start_time: 40241779200, end_time: 48597494400, confidence: 0.95, timestamp: 1766625914 }
[  1083.717s] EVENT PassageStarted: passage #5
[  1083.717s] EVENT PassageCompleted: passage #5
[  1083.717s] EVENT BoundaryDetected { passage_index: 6, start_time: 48597494400, end_time: 53934652799, confidence: 0.95, timestamp: 1766625914 }
[  1083.717s] EVENT PassageStarted: passage #6
[  1083.717s] EVENT PassageCompleted: passage #6
[  1083.717s] EVENT BoundaryDetected { passage_index: 7, start_time: 53934652799, end_time: 62091388799, confidence: 0.95, timestamp: 1766625914 }
[  1083.717s] EVENT PassageStarted: passage #7
[  1083.717s] EVENT PassageCompleted: passage #7
[  1083.717s] EVENT BoundaryDetected { passage_index: 8, start_time: 62091388799, end_time: 69639897599, confidence: 0.95, timestamp: 1766625914 }
[  1083.717s] EVENT PassageStarted: passage #8
[  1083.717s] EVENT PassageCompleted: passage #8
[  1083.717s] EVENT BoundaryDetected { passage_index: 9, start_time: 69639897599, end_time: 80663592960, confidence: 0.95, timestamp: 1766625914 }
[  1083.717s] EVENT PassageStarted: passage #9
[  1083.717s] EVENT PassageCompleted: passage #9
[  1083.717s] EVENT FileStarted: "C:\\Users\\Mango Cat\\Music\\Aerosmith\\Toys_In_The_Attic\\(Aerosmith)Toys_In_The_Attic-01-Toys_In_The_Attic.mp3"
[  108[  1090.295s] EVENT BoundaryDetected { passage_index: 0, start_time: 0, end_time: 5270814720, confidence: 0.5, timestamp: 1766625920 }
[  1090.295s] EVENT PassageStarted: passage #0
[  1090.295s] EVENT Ext[  1090.318s] EVENT BoundaryDetected { passage_index: 0, start_time: 0, end_time: 5270814720, confidence: 0.5, timestamp: 1766625920 }
[  1090.318s] EVENT PassageStarted: passage #0
[  1090.318s] EVENT ExtractionProgress { passage_index: 0, extractor: "ID3", status: "running", timestamp: 1766625920 }
[  1090.318s] EVENT ExtractionProgress { pass[  1090.516s] EVENT ExtractionProgress { passage_index: 0, extractor: "Chromaprint", status: "completed", timestamp: 1766625920 }
[  1090.516s] EVENT ExtractionProgress { passage_index: 0, extractor: "Audi[  1090.529s] EVENT ExtractionProgress { passage_index[  1090.877s] EVENT ExtractionProgress { passage_index: 0, extractor: "AudioDerived", status: "completed", timestamp: 1766625921 }
[  1090.877s] EVENT ExtractionProgress { passage_index: 0, extractor: "ID3[  1090.886s] EVENT ExtractionProgress { passage_index: 0, extractor: "AudioDerived", status: "completed", timestamp: 1766625921 }
[  1090.886s] EVENT ExtractionProgress { passage_index: 0, extractor: "ID3GenreMapper", status: "running", timestamp: 1766625921 }
[  1090.886s] EVENT ExtractionProgress { passage_index: 0, extractor: "ID3GenreMapper", status: "completed", timestamp: 1766625921 }
[  1090.886s] EVENT FusionStarted { passage_index: 0, timestamp: 1766625921 }
[  1090.886s] EVENT ExtractionProgress { passage_index: 0, extractor: "MusicBrainz-Pass2", status: "running", timestamp: 1766625921 }
[  1090.888s] FILE_COMPLETE [48/5737] (Aerosmith)Toys_In_The_Attic-01-Toys_In_The_Attic.mp3 - 1 passages in 7.17s (total_elapsed: 1090.9s)
[  1090.888s] FILE_START [49/5737] (Aerosmith)Toys_In_The_Attic-02-Uncle_Salty.mp3
[  1090.889s] EVENT ExtractionProgress { passage_index: 0, extractor: "MusicBrainz-Pass2", status: "completed", timestamp: 1766625921 }
[  1090.889s] EVENT FusionStarted { passage_index: 0, timestamp: 1766625921 }
[  1090.889s] EVENT ValidationStarted { passage_index: 0, timestamp: 1766625921 }
[  1090.889s] EVENT PassageCompleted: passage #0
[  1090.889s] EVENT FileCompleted: "C:\\Users\\Mango Cat\\Music\\Aerosmith\\Toys_In_The_Attic\\(Aerosmith)Toys_In_The_Attic-01-Toys_In_The_Attic.mp3"
[  1090.889s] EVENT FileStarted: "C:\\Users\\Mango Cat\\Music\\Aerosmith\\Toys_In_The_Attic\\(Aerosmith)Toys_In_The_Attic-02-Uncle_Salty.m[  1099.736s] EVENT BoundaryDetected { passage_index: 0, start_time: 0, end_time: 7073464320, confidence: 0.5, timestamp: 1766625930 }
[  1099.736s] EVENT PassageStarted: passage #0
[  1099.736s] EVENT Extract[  1099.719s] EVENT BoundaryDetected { passage_index: 0, start_time: 0, end_time: 7073464320, confidence: 0.5, timestamp: 1766625930 }
[  1099.719s] EVENT PassageStarted: passage #0
[  1099.719s] EVENT ExtractionProgress { passage_index: 0, extractor: "ID3", status: "running", timestamp: 1766625930 }
[  1099.719s] EVENT ExtractionProgress { [  1100.024s] EVENT ExtractionProgress { passage_index: 0, extractor: "Chromaprint", status: "completed", timestamp: 1766625930 }
[  1100.024s] EVENT ExtractionProgress { passage_index: 0, extractor: "AudioDer[  1099.993s] EVENT ExtractionProgress { passage_i[  1100.500s] EVENT ExtractionProgress { passage_index: 0, extractor: "AudioDerived", status: "completed", timestamp: 1766625930 }
[  1100.500s] EVENT ExtractionProgress { passage_index: 0, extractor: "ID3Genr[  1100.460s] EVENT ExtractionProgress { passage_index: 0, extractor: "AudioDerived", status: "completed", timestamp: 1766625930 }
[  1100.460s] EVENT ExtractionProgress { passage_index: 0, extractor: "ID3GenreMapper", status: "running", timestamp: 1766625930 }
[  1100.460s] EVENT ExtractionProgress { passage_index: 0, extractor: "ID3GenreMapper", status: "completed", timestamp: 1766625930 }
[  1100.460s] EVENT FusionStarted { passage_index: 0, timestamp: 1766625930 }
[  1100.460s] EVENT ExtractionProgress { passage_index: 0, extractor: "MusicBrainz-Pass2", status: "running", timestamp: 1766625930 }
[  1100.463s] FILE_COMPLETE [49/5737] (Aerosmith)Toys_In_The_Attic-02-Uncle_Salty.mp3 - 1 passages in 9.57s (total_elapsed: 1100.5s)
[  1100.463s] FILE_START [50/5737] (Aerosmith)Toys_In_The_Attic-03-Adam's_Apple.mp3
[  1100.463s] EVENT ExtractionProgress { passage_index: 0, extractor: "MusicBrainz-Pass2", status: "completed", timestamp: 1766625930 }
[  1100.463s] EVENT FusionStarted { passage_index: 0, timestamp: 1766625930 }
[  1100.463s] EVENT ValidationStarted { passage_index: 0, timestamp: 1766625930 }
[  1100.463s] EVENT PassageCompleted: passage #0
[  1100.463s] EVENT FileCompleted: "C:\\Users\\Mango Cat\\Music\\Aerosmith\\Toys_In_The_Attic\\(Aerosmith)Toys_In_The_Attic-02-Uncle_Salty.mp3"
[  1100.463s] EVENT FileStarted: "C:\\Users\\Mango Cat\\Music\\Aerosmith\\Toys_In_The_Attic\\(Aerosmith)Toys_In_The_Attic-03-Adam's_Appl[  1110.174s] EVENT BoundaryDetected { passage_index: 0, start_time: 0, end_time: 7753973760, confidence: 0.5, timestamp: 1766625940 }
[  1110.174s] EVENT PassageStarted: passage #0
[  1110.174s] EVENT ExtractionP[  1110.131s] EVENT BoundaryDetected { passage_index: 0, start_time: 0, end_time: 7753973760, confidence: 0.5, timestamp: 1766625940 }
[  1110.131s] EVENT PassageStarted: passage #0
[  1110.131s] EVENT ExtractionProgress { passage_index: 0, extractor: "ID3", status: "running", timestamp: 1766625940 }
[  1110.131s] EVENT ExtractionProgres[  1110.492s] EVENT ExtractionProgress { passage_index: 0, extractor: "Chromaprint", status: "completed", timestamp: 1766625940 }
[  1110.492s] EVENT ExtractionProgress { passage_index: 0, extractor: "AudioDerived[  1110.433s] EVENT ExtractionProgress { passa[  1111.019s] EVENT ExtractionProgress { passage_index: 0, extractor: "AudioDerived", status: "completed", timestamp: 1766625941 }
[  1111.019s] EVENT ExtractionProgress { passage_index: 0, extractor: "ID3GenreMap[  1110.948s] EVENT ExtractionProgress { passage_index: 0, extractor: "AudioDerived", status: "completed", timestamp: 1766625941 }
[  1110.948s] EVENT ExtractionProgress { passage_index: 0, extractor: "ID3GenreMapper", status: "running", timestamp: 1766625941 }
[  1110.948s] EVENT ExtractionProgress { passage_index: 0, extractor: "ID3GenreMapper", status: "completed", timestamp: 1766625941 }
[  1110.948s] EVENT FusionStarted { passage_index: 0, timestamp: 1766625941 }
[  1110.948s] EVENT ExtractionProgress { passage_index: 0, extractor: "MusicBrainz-Pass2", status: "running", timestamp: 1766625941 }
[  1110.951s] FILE_COMPLETE [50/5737] (Aerosmith)Toys_In_The_Attic-03-Adam's_Apple.mp3 - 1 passages in 10.49s (total_elapsed: 1110.9s)
[  1110.951s] PROGRESS 50/5737 (0.9%) - 0.05 files/sec - ETA: 2106.0min
[  1110.951s] FILE_START [51/5737] (Aerosmith)Toys_In_The_Attic-04-Walk_This_Way.mp3
[  1110.953s] EVENT ExtractionProgress { passage_index: 0, extractor: "MusicBrainz-Pass2", status: "completed", timestamp: 1766625941 }
[  1110.953s] EVENT FusionStarted { passage_index: 0, timestamp: 1766625941 }
[  1110.953s] EVENT ValidationStarted { passage_index: 0, timestamp: 1766625941 }
[  1110.953s] EVENT PassageCompleted: passage #0
[  1110.953s] EVENT FileCompleted: "C:\\Users\\Mango Cat\\Music\\Aerosmith\\Toys_In_The_Attic\\(Aerosmith)Toys_In_The_Attic-03-Adam's_Apple.mp3"
[  1110.953s] EVENT FileStarted: "C:\\Users\\Mango Cat\\Music\\Aerosmith\\Toys_In_The_Attic\\(Aerosmith)Toys_In_The_Attic-04-Walk_This_Way.mp3"
[  1110.953s] EVENT SingleTrackCheckCompleted { file_path: "C:\\Users\\Mango Cat\\Music\\Aerosmith\\Toys_In_The_Attic\\(Aerosmith)Toys_In_The_Attic-04-Walk_This_Way.mp3", score: 1.8, is_single_track: true }
[  1118.562s] EVENT BoundaryDetected { passage_index: 0, start_time: 0, end_time: 6241812480, confidence: 0.5, timestamp: 1766625948 }
[  1118.562s] EVENT PassageStarted: passage #0
[  1118.562s] EVENT ExtractionProgress { passage_index: 0, extractor: "ID3", status: "running", timestamp: 1766625948 }
[  1118.562s] EVENT ExtractionProgress { passage_index: 0, extractor: "ID3", status: "completed", timestamp: 1766625948 }
[  1118.562s] EVENT ExtractionProgress { passage_index: 0, extractor: "Chromaprint", status: "running", timestamp: 1766625948 }
[  1118.804s] EVENT ExtractionProgress { passage_index: 0, extractor: "Chromaprint", status: "completed", timestamp: 1766625949 }
[  1118.804s] EVENT ExtractionProgress { passage_index: 0, extractor: "AudioDerived", status: "running", timestamp: 1766625949 }
[  1119.204s] EVENT ExtractionProgress { passage_index: 0, extractor: "AudioDerived", status: "completed", timestamp: 1766625949 }
[  1119.204s] EVENT ExtractionProgress { passage_index: 0, extractor: "ID3GenreMapper", status: "running", timestamp: 1766625949 }
[  1119.204s] EVENT ExtractionProgress { passage_index: 0, extractor: "ID3GenreMapper", status: "completed", timestamp: 1766625949 }
[  1119.204s] EVENT FusionStarted { passage_index: 0, timestamp: 1766625949 }
[  1119.204s] EVENT ExtractionProgress { passage_index: 0, extractor: "MusicBrainz-Pass2", status: "running", timestamp: 1766625949 }
[  1119.210s] FILE_COMPLETE [51/5737] (Aerosmith)Toys_In_The_Attic-04-Walk_This_Way.mp3 - 1 passages in 8.26s (total_elapsed: 1119.2s)
[  1119.210s] FILE_START [52/5737] (Aerosmith)Toys_In_The_Attic-05-Big_Ten_Inch_Record.mp3
[  1119.212s] EVENT ExtractionProgress { passage_index: 0, extractor: "MusicBrainz-Pass2", status: "completed", timestamp: 1766625949 }
[  1119.212s] EVENT FusionStarted { passage_index: 0, timestamp: 1766625949 }
[  1119.212s] EVENT ValidationStarted { passage_index: 0, timestamp: 1766625949 }
[  1119.212s] EVENT PassageCompleted: passage #0
[  1119.212s] EVENT FileCompleted: "C:\\Users\\Mango Cat\\Music\\Aerosmith\\Toys_In_The_Attic\\(Aerosmith)Toys_In_The_Attic-04-Walk_This_Way.mp3"
[  1119.212s] EVENT FileStarted: "C:\\Users\\Mango Cat\\Music\\Aerosmith\\Toys_In_The_Attic\\(Aerosmith)Toys_In_The_Attic-05-Big_Ten_Inch_Record.mp3"
[  1119.212s] EVENT SingleTrackCheckCompleted { file_path: "C:\\Users\\Mango Cat\\Music\\Aerosmith\\Toys_In_The_Attic\\(Aerosmith)Toys_In_The_Attic-05-Big_Ten_Inch_Record.mp3", score: 1.8, is_single_track: true }
[  1123.800s] EVENT BoundaryDetected { passage_index: 0, start_time: 0, end_time: 3784458240, confidence: 0.5, timestamp: 1766625954 }
[  1123.800s] EVENT PassageStarted: passage #0
[  1123.800s] EVENT ExtractionProgress { passage_index: 0, extractor: "ID3", status: "running", timestamp: 1766625954 }
[  1123.800s] EVENT ExtractionProgress { passage_index: 0, extractor: "ID3", status: "completed", timestamp: 1766625954 }
[  1123.800s] EVENT ExtractionProgress { passage_index: 0, extractor: "Chromaprint", status: "running", timestamp: 1766625954 }
[  1123.946s] EVENT ExtractionProgress { passage_index: 0, extractor: "Chromaprint", status: "completed", timestamp: 1766625954 }
[  1123.946s] EVENT ExtractionProgress { passage_index: 0, extractor: "AudioDerived", status: "running", timestamp: 1766625954 }
[  1124.187s] EVENT ExtractionProgress { passage_index: 0, extractor: "AudioDerived", status: "completed", timestamp: 1766625954 }
[  1124.187s] EVENT ExtractionProgress { passage_index: 0, extractor: "ID3GenreMapper", status: "running", timestamp: 1766625954 }
[  1124.187s] EVENT ExtractionProgress { passage_index: 0, extractor: "ID3GenreMapper", status: "completed", timestamp: 1766625954 }
[  1124.187s] EVENT FusionStarted { passage_index: 0, timestamp: 1766625954 }
[  1124.187s] EVENT ExtractionProgress { passage_index: 0, extractor: "MusicBrainz-Pass2", status: "running", timestamp: 1766625954 }
[  1124.189s] FILE_COMPLETE [52/5737] (Aerosmith)Toys_In_The_Attic-05-Big_Ten_Inch_Record.mp3 - 1 passages in 4.98s (total_elapsed: 1124.2s)
[  1124.189s] FILE_START [53/5737] (Aerosmith)Toys_In_The_Attic-06-Sweet_Emotion.mp3
[  1124.194s] EVENT ExtractionProgress { passage_index: 0, extractor: "MusicBrainz-Pass2", status: "completed", timestamp: 1766625954 }
[  1124.194s] EVENT FusionStarted { passage_index: 0, timestamp: 1766625954 }
[  1124.194s] EVENT ValidationStarted { passage_index: 0, timestamp: 1766625954 }
[  1124.194s] EVENT PassageCompleted: passage #0
[  1124.194s] EVENT FileCompleted: "C:\\Users\\Mango Cat\\Music\\Aerosmith\\Toys_In_The_Attic\\(Aerosmith)Toys_In_The_Attic-05-Big_Ten_Inch_Record.mp3"
[  1124.194s] EVENT FileStarted: "C:\\Users\\Mango Cat\\Music\\Aerosmith\\Toys_In_The_Attic\\(Aerosmith)Toys_In_The_Attic-06-Sweet_Emotion.mp3"
[  1124.194s] EVENT SingleTrackCheckCompleted { file_path: "C:\\Users\\Mango Cat\\Music\\Aerosmith\\Toys_In_The_Attic\\(Aerosmith)Toys_In_The_Attic-06-Sweet_Emotion.mp3", score: 1.8, is_single_track: true }
[  1133.640s] EVENT BoundaryDetected { passage_index: 0, start_time: 0, end_time: 7753236480, confidence: 0.5, timestamp: 1766625964 }
[  1133.640s] EVENT PassageStarted: passage #0
[  1133.640s] EVENT ExtractionProgress { passage_index: 0, extractor: "ID3", status: "running", timestamp: 1766625964 }
[  1133.640s] EVENT ExtractionProgress { passage_index: 0, extractor: "ID3", status: "completed", timestamp: 1766625964 }
[  1133.640s] EVENT ExtractionProgress { passage_index: 0, extractor: "Chromaprint", status: "running", timestamp: 1766625964 }
[  1133.939s] EVENT ExtractionProgress { passage_index: 0, extractor: "Chromaprint", status: "completed", timestamp: 1766625964 }
[  1133.939s] EVENT ExtractionProgress { passage_index: 0, extractor: "AudioDerived", status: "running", timestamp: 1766625964 }
[  1134.433s] EVENT ExtractionProgress { passage_index: 0, extractor: "AudioDerived", status: "completed", timestamp: 1766625964 }
[  1134.433s] EVENT ExtractionProgress { passage_index: 0, extractor: "ID3GenreMapper", status: "running", timestamp: 1766625964 }
[  1134.433s] EVENT ExtractionProgress { passage_index: 0, extractor: "ID3GenreMapper", status: "completed", timestamp: 1766625964 }
[  1134.433s] EVENT FusionStarted { passage_index: 0, timestamp: 1766625964 }
[  1134.433s] EVENT ExtractionProgress { passage_index: 0, extractor: "MusicBrainz-Pass2", status: "running", timestamp: 1766625964 }
[  1134.440s] FILE_COMPLETE [53/5737] (Aerosmith)Toys_In_The_Attic-06-Sweet_Emotion.mp3 - 1 passages in 10.25s (total_elapsed: 1134.4s)
[  1134.440s] FILE_START [54/5737] (Aerosmith)Toys_In_The_Attic-07-No_More_No_More.mp3
[  1134.442s] EVENT ExtractionProgress { passage_index: 0, extractor: "MusicBrainz-Pass2", status: "completed", timestamp: 1766625964 }
[  1134.442s] EVENT FusionStarted { passage_index: 0, timestamp: 1766625964 }
[  1134.442s] EVENT ValidationStarted { passage_index: 0, timestamp: 1766625964 }
[  1134.442s] EVENT PassageCompleted: passage #0
[  1134.442s] EVENT FileCompleted: "C:\\Users\\Mango Cat\\Music\\Aerosmith\\Toys_In_The_Attic\\(Aerosmith)Toys_In_The_Attic-06-Sweet_Emotion.mp3"
[  1134.442s] EVENT FileStarted: "C:\\Users\\Mango Cat\\Music\\Aerosmith\\Toys_In_The_Attic\\(Aerosmith)Toys_In_The_Attic-07-No_More_No_More.mp3"
[  1134.442s] EVENT SingleTrackCheckCompleted { file_path: "C:\\Users\\Mango Cat\\Music\\Aerosmith\\Toys_In_The_Attic\\(Aerosmith)Toys_In_The_Attic-07-No_More_No_More.mp3", score: 1.8, is_single_track: true }
[  1143.855s] EVENT BoundaryDetected { passage_index: 0, start_time: 0, end_time: 7755448320, confidence: 0.5, timestamp: 1766625974 }
[  1143.855s] EVENT PassageStarted: passage #0
[  1143.855s] EVENT ExtractionProgress { passage_index: 0, extractor: "ID3", status: "running", timestamp: 1766625974 }
[  1143.855s] EVENT ExtractionProgress { passage_index: 0, extractor: "ID3", status: "completed", timestamp: 1766625974 }
[  1143.855s] EVENT ExtractionProgress { passage_index: 0, extractor: "Chromaprint", status: "running", timestamp: 1766625974 }
[  1144.142s] EVENT ExtractionProgress { passage_index: 0, extractor: "Chromaprint", status: "completed", timestamp: 1766625974 }
[  1144.142s] EVENT ExtractionProgress { passage_index: 0, extractor: "AudioDerived", status: "running", timestamp: 1766625974 }
[  1144.638s] EVENT ExtractionProgress { passage_index: 0, extractor: "AudioDerived", status: "completed", timestamp: 1766625975 }
[  1144.638s] EVENT ExtractionProgress { passage_index: 0, extractor: "ID3GenreMapper", status: "running", timestamp: 1766625975 }
[  1144.638s] EVENT ExtractionProgress { passage_index: 0, extractor: "ID3GenreMapper", status: "completed", timestamp: 1766625975 }
[  1144.638s] EVENT FusionStarted { passage_index: 0, timestamp: 1766625975 }
[  1144.638s] EVENT ExtractionProgress { passage_index: 0, extractor: "MusicBrainz-Pass2", status: "running", timestamp: 1766625975 }
[  1144.645s] FILE_COMPLETE [54/5737] (Aerosmith)Toys_In_The_Attic-07-No_More_No_More.mp3 - 1 passages in 10.20s (total_elapsed: 1144.6s)
[  1144.645s] FILE_START [55/5737] (Aerosmith)Toys_In_The_Attic-08-Round_And_Round.mp3
[  1144.647s] EVENT ExtractionProgress { passage_index: 0, extractor: "MusicBrainz-Pass2", status: "completed", timestamp: 1766625975 }
[  1144.647s] EVENT FusionStarted { passage_index: 0, timestamp: 1766625975 }
[  1144.647s] EVENT ValidationStarted { passage_index: 0, timestamp: 1766625975 }
[  1144.647s] EVENT PassageCompleted: passage #0
[  1144.647s] EVENT FileCompleted: "C:\\Users\\Mango Cat\\Music\\Aerosmith\\Toys_In_The_Attic\\(Aerosmith)Toys_In_The_Attic-07-No_More_No_More.mp3"
[  1144.647s] EVENT FileStarted: "C:\\Users\\Mango Cat\\Music\\Aerosmith\\Toys_In_The_Attic\\(Aerosmith)Toys_In_The_Attic-08-Round_And_Round.mp3"
[  1144.647s] EVENT SingleTrackCheckCompleted { file_path: "C:\\Users\\Mango Cat\\Music\\Aerosmith\\Toys_In_The_Attic\\(Aerosmith)Toys_In_The_Attic-08-Round_And_Round.mp3", score: 1.8, is_single_track: true }
[  1155.039s] EVENT BoundaryDetected { passage_index: 0, start_time: 0, end_time: 8567930880, confidence: 0.8, timestamp: 1766625985 }
[  1155.039s] EVENT PassageStarted: passage #0
[  1155.039s] EVENT ExtractionProgress { passage_index: 0, extractor: "ID3", status: "running", timestamp: 1766625985 }
[  1155.039s] EVENT ExtractionProgress { passage_index: 0, extractor: "ID3", status: "completed", timestamp: 1766625985 }
[  1155.039s] EVENT ExtractionProgress { passage_index: 0, extractor: "Chromaprint", status: "running", timestamp: 1766625985 }
[  1155.361s] EVENT ExtractionProgress { passage_index: 0, extractor: "Chromaprint", status: "completed", timestamp: 1766625985 }
[  1155.361s] EVENT ExtractionProgress { passage_index: 0, extractor: "AudioDerived", status: "running", timestamp: 1766625985 }
[  1155.906s] EVENT ExtractionProgress { passage_index: 0, extractor: "AudioDerived", status: "completed", timestamp: 1766625986 }
[  1155.906s] EVENT ExtractionProgress { passage_index: 0, extractor: "ID3GenreMapper", status: "running", timestamp: 1766625986 }
[  1155.906s] EVENT ExtractionProgress { passage_index: 0, extractor: "ID3GenreMapper", status: "completed", timestamp: 1766625986 }
[  1155.906s] EVENT FusionStarted { passage_index: 0, timestamp: 1766625986 }
[  1155.906s] EVENT ExtractionProgress { passage_index: 0, extractor: "MusicBrainz-Pass2", status: "running", timestamp: 1766625986 }
[  1155.914s] FILE_COMPLETE [55/5737] (Aerosmith)Toys_In_The_Attic-08-Round_And_Round.mp3 - 1 passages in 11.27s (total_elapsed: 1155.9s)
[  1155.914s] FILE_START [56/5737] (Aerosmith)Toys_In_The_Attic-09-You_See_Me_Crying.mp3
[  1155.916s] EVENT ExtractionProgress { passage_index: 0, extractor: "MusicBrainz-Pass2", status: "completed", timestamp: 1766625986 }
[  1155.916s] EVENT FusionStarted { passage_index: 0, timestamp: 1766625986 }
[  1155.916s] EVENT ValidationStarted { passage_index: 0, timestamp: 1766625986 }
[  1155.916s] EVENT PassageCompleted: passage #0
[  1155.916s] EVENT FileCompleted: "C:\\Users\\Mango Cat\\Music\\Aerosmith\\Toys_In_The_Attic\\(Aerosmith)Toys_In_The_Attic-08-Round_And_Round.mp3"
[  1155.916s] EVENT FileStarted: "C:\\Users\\Mango Cat\\Music\\Aerosmith\\Toys_In_The_Attic\\(Aerosmith)Toys_In_The_Attic-09-You_See_Me_Crying.mp3"
[  1155.916s] EVENT SingleTrackCheckCompleted { file_path: "C:\\Users\\Mango Cat\\Music\\Aerosmith\\Toys_In_The_Attic\\(Aerosmith)Toys_In_The_Attic-09-You_See_Me_Crying.mp3", score: 1.8, is_single_track: true }
[  1166.530s] EVENT BoundaryDetected { passage_index: 0, start_time: 0, end_time: 8797962240, confidence: 0.5, timestamp: 1766625996 }
[  1166.530s] EVENT PassageStarted: passage #0
[  1166.530s] EVENT ExtractionProgress { passage_index: 0, extractor: "ID3", status: "running", timestamp: 1766625996 }
[  1166.530s] EVENT ExtractionProgress { passage_index: 0, extractor: "ID3", status: "completed", timestamp: 1766625996 }
[  1166.530s] EVENT ExtractionProgress { passage_index: 0, extractor: "Chromaprint", status: "running", timestamp: 1766625996 }
[  1166.867s] EVENT ExtractionProgress { passage_index: 0, extractor: "Chromaprint", status: "completed", timestamp: 1766625997 }
[  1166.867s] EVENT ExtractionProgress { passage_index: 0, extractor: "AudioDerived", status: "running", timestamp: 1766625997 }
[  1167.428s] EVENT ExtractionProgress { passage_index: 0, extractor: "AudioDerived", status: "completed", timestamp: 1766625997 }
[  1167.428s] EVENT ExtractionProgress { passage_index: 0, extractor: "ID3GenreMapper", status: "running", timestamp: 1766625997 }
[  1167.428s] EVENT ExtractionProgress { passage_index: 0, extractor: "ID3GenreMapper", status: "completed", timestamp: 1766625997 }
[  1167.428s] EVENT FusionStarted { passage_index: 0, timestamp: 1766625997 }
[  1167.428s] EVENT ExtractionProgress { passage_index: 0, extractor: "MusicBrainz-Pass2", status: "running", timestamp: 1766625997 }
[  1167.432s] FILE_COMPLETE [56/5737] (Aerosmith)Toys_In_The_Attic-09-You_See_Me_Crying.mp3 - 1 passages in 11.52s (total_elapsed: 1167.4s)
[  1167.432s] FILE_START [57/5737] AliceInChainsGreatestHits.mp3
[  1167.434s] EVENT ExtractionProgress { passage_index: 0, extractor: "MusicBrainz-Pass2", status: "completed", timestamp: 1766625997 }
[  1167.434s] EVENT FusionStarted { passage_index: 0, timestamp: 1766625997 }
[  1167.434s] EVENT ValidationStarted { passage_index: 0, timestamp: 1766625997 }
[  1167.434s] EVENT PassageCompleted: passage #0
[  1167.434s] EVENT FileCompleted: "C:\\Users\\Mango Cat\\Music\\Aerosmith\\Toys_In_The_Attic\\(Aerosmith)Toys_In_The_Attic-09-You_See_Me_Crying.mp3"
[  1167.434s] EVENT FileStarted: "C:\\Users\\Mango Cat\\Music\\Alice In Chains\\AliceInChainsGreatestHits.mp3"
[  1167.434s] EVENT SingleTrackCheckCompleted { file_path: "C:\\Users\\Mango Cat\\Music\\Alice In Chains\\AliceInChainsGreatestHits.mp3", score: -0.5, is_single_track: false }
[  1167.434s] EVENT AlbumMatchingStarted: "C:\\Users\\Mango Cat\\Music\\Alice In Chains\\AliceInChainsGreatestHits.mp3"
[  1265.267s] FILE_COMPLETE [57/5737] AliceInChainsGreatestHits.mp3 - 10 passages in 97.84s (total_elapsed: 1265.3s)
[  1265.267s] FILE_START [58/5737] AtFillmoreEast.mp3
[  1265.278s] EVENT AlbumMatchingCompleted: "C:\\Users\\Mango Cat\\Music\\Alice In Chains\\AliceInChainsGreatestHits.mp3"
[  1265.278s] EVENT BoundaryDetected { passage_index: 0, start_time: 0, end_time: 8082861440, confidence: 0.95, timestamp: 1766626095 }
[  1265.278s] EVENT PassageStarted: passage #0
[  1265.278s] EVENT PassageCompleted: passage #0
[  1265.278s] EVENT BoundaryDetected { passage_index: 1, start_time: 8082861440, end_time: 12276808960, confidence: 0.95, timestamp: 1766626095 }
[  1265.278s] EVENT PassageStarted: passage #1
[  1265.278s] EVENT PassageCompleted: passage #1
[  1265.278s] EVENT BoundaryDetected { passage_index: 2, start_time: 12276808960, end_time: 22787949439, confidence: 0.95, timestamp: 1766626095 }
[  1265.278s] EVENT PassageStarted: passage #2
[  1265.278s] EVENT PassageCompleted: passage #2
[  1265.278s] EVENT BoundaryDetected { passage_index: 3, start_time: 22787949439, end_time: 30896906240, confidence: 0.95, timestamp: 1766626095 }
[  1265.278s] EVENT PassageStarted: passage #3
[  1265.278s] EVENT PassageCompleted: passage #3
[  1265.278s] EVENT BoundaryDetected { passage_index: 4, start_time: 30896906240, end_time: 36710881920, confidence: 0.95, timestamp: 1766626095 }
[  1265.278s] EVENT PassageStarted: passage #4
[  1265.278s] EVENT PassageCompleted: passage #4
[  1265.278s] EVENT BoundaryDetected { passage_index: 5, start_time: 36710881920, end_time: 43868768640, confidence: 0.95, timestamp: 1766626095 }
[  1265.278s] EVENT PassageStarted: passage #5
[  1265.278s] EVENT PassageCompleted: passage #5
[  1265.278s] EVENT BoundaryDetected { passage_index: 6, start_time: 43868768640, end_time: 50991744000, confidence: 0.95, timestamp: 1766626095 }
[  1265.278s] EVENT PassageStarted: passage #6
[  1265.278s] EVENT PassageCompleted: passage #6
[  1265.278s] EVENT BoundaryDetected { passage_index: 7, start_time: 50991744000, end_time: 58998787840, confidence: 0.95, timestamp: 1766626095 }
[  1265.278s] EVENT PassageStarted: passage #7
[  1265.278s] EVENT PassageCompleted: passage #7
[  1265.278s] EVENT BoundaryDetected { passage_index: 8, start_time: 58998787840, end_time: 68182944000, confidence: 0.95, timestamp: 1766626095 }
[  1265.278s] EVENT PassageStarted: passage #8
[  1265.278s] EVENT PassageCompleted: passage #8
[  1265.278s] EVENT BoundaryDetected { passage_index: 9, start_time: 68182944000, end_time: 75080757120, confidence: 0.95, timestamp: 1766626095 }
[  1265.278s] EVENT PassageStarted: passage #9
[  1265.278s] EVENT PassageCompleted: passage #9
[  1265.278s] EVENT FileStarted: "C:\\Users\\Mango Cat\\Music\\Allman Brothers\\AtFillmoreEast.mp3"
[  1265.278s] EVENT SingleTrackCheckCompleted { file_path: "C:\\Users\\Mango Cat\\Music\\Allman Brothers\\AtFillmoreEast.mp3", score: 0.3, is_single_track: false }
[  1265.278s] EVENT AlbumMatchingStarted: "C:\\Users\\Mango Cat\\Music\\Allman Brothers\\AtFillmoreEast.mp3"
[  1560.957s] FILE_COMPLETE [58/5737] AtFillmoreEast.mp3 - 13 passages in 295.69s (total_elapsed: 1561.0s)
[  1560.957s] FILE_START [59/5737] EatAPeach.mp3
[  1560.963s] EVENT AlbumMatchingCompleted: "C:\\Users\\Mango Cat\\Music\\Allman Brothers\\AtFillmoreEast.mp3"
[  1560.963s] EVENT BoundaryDetected { passage_index: 0, start_time: 0, end_time: 7260152320, confidence: 0.95, timestamp: 1766626391 }
[  1560.963s] EVENT PassageStarted: passage #0
[  1560.963s] EVENT PassageCompleted: passage #0
[  1560.963s] EVENT BoundaryDetected { passage_index: 1, start_time: 7260152320, end_time: 13540670720, confidence: 0.95, timestamp: 1766626391 }
[  1560.963s] EVENT PassageStarted: passage #1
[  1560.963s] EVENT PassageCompleted: passage #1
[  1560.963s] EVENT BoundaryDetected { passage_index: 2, start_time: 13540670720, end_time: 19339130240, confidence: 0.95, timestamp: 1766626391 }
[  1560.963s] EVENT PassageStarted: passage #2
[  1560.963s] EVENT PassageCompleted: passage #2
[  1560.963s] EVENT BoundaryDetected { passage_index: 3, start_time: 19339130240, end_time: 27010813440, confidence: 0.95, timestamp: 1766626391 }
[  1560.963s] EVENT PassageStarted: passage #3
[  1560.963s] EVENT PassageCompleted: passage #3
[  1560.963s] EVENT BoundaryDetected { passage_index: 4, start_time: 27010813440, end_time: 41890810880, confidence: 0.95, timestamp: 1766626391 }
[  1560.963s] EVENT PassageStarted: passage #4
[  1560.963s] EVENT PassageCompleted: passage #4
[  1560.963s] EVENT BoundaryDetected { passage_index: 5, start_time: 41890810880, end_time: 50224046720, confidence: 0.95, timestamp: 1766626391 }
[  1560.963s] EVENT PassageStarted: passage #5
[  1560.963s] EVENT PassageCompleted: passage #5
[  1560.963s] EVENT BoundaryDetected { passage_index: 6, start_time: 50224046720, end_time: 72334222080, confidence: 0.95, timestamp: 1766626391 }
[  1560.963s] EVENT PassageStarted: passage #6
[  1560.963s] EVENT PassageCompleted: passage #6
[  1560.963s] EVENT BoundaryDetected { passage_index: 7, start_time: 72334222080, end_time: 104938963840, confidence: 0.95, timestamp: 1766626391 }
[  1560.963s] EVENT PassageStarted: passage #7
[  1560.963s] EVENT PassageCompleted: passage #7
[  1560.963s] EVENT BoundaryDetected { passage_index: 8, start_time: 104938963840, end_time: 109850886400, confidence: 0.95, timestamp: 1766626391 }
[  1560.963s] EVENT PassageStarted: passage #8
[  1560.963s] EVENT PassageCompleted: passage #8
[  1560.963s] EVENT BoundaryDetected { passage_index: 9, start_time: 109850886400, end_time: 118873886079, confidence: 0.95, timestamp: 1766626391 }
[  1560.963s] EVENT PassageStarted: passage #9
[  1560.963s] EVENT PassageCompleted: passage #9
[  1560.963s] EVENT BoundaryDetected { passage_index: 10, start_time: 118873886079, end_time: 157608568960, confidence: 0.95, timestamp: 1766626391 }
[  1560.963s] EVENT PassageStarted: passage #10
[  1560.963s] EVENT PassageCompleted: passage #10
[  1560.963s] EVENT BoundaryDetected { passage_index: 11, start_time: 157608568960, end_time: 214523959680, confidence: 0.95, timestamp: 1766626391 }
[  1560.963s] EVENT PassageStarted: passage #11
[  1560.963s] EVENT PassageCompleted: passage #11
[  1560.963s] EVENT BoundaryDetected { passage_index: 12, start_time: 214523959680, end_time: 226169543040, confidence: 0.95, timestamp: 1766626391 }
[  1560.963s] EVENT PassageStarted: passage #12
[  1560.963s] EVENT PassageCompleted: passage #12
[  1560.963s] EVENT FileStarted: "C:\\Users\\Mango Cat\\Music\\Allman Brothers\\EatAPeach.mp3"
[  1560.963s] EVENT SingleTrackCheckCompleted { file_path: "C:\\Users\\Mango Cat\\Music\\Allman Brothers\\EatAPeach.mp3", score: 0.3, is_single_track: false }
[  1560.963s] EVENT AlbumMatchingStarted: "C:\\Users\\Mango Cat\\Music\\Allman Brothers\\EatAPeach.mp3"
[  1912.476s] FILE_COMPLETE [59/5737] EatAPeach.mp3 - 27 passages in 351.52s (total_elapsed: 1912.5s)
[  1912.476s] FILE_START [60/5737] TheEssentialsAmbrosia.mp3
[  1912.479s] EVENT AlbumMatchingCompleted: "C:\\Users\\Mango Cat\\Music\\Allman Brothers\\EatAPeach.mp3"
[  1912.479s] EVENT BoundaryDetected { passage_index: 0, start_time: 0, end_time: 6151420800, confidence: 0.95, timestamp: 1766626742 }
[  1912.479s] EVENT PassageStarted: passage #0
[  1912.479s] EVENT PassageCompleted: passage #0
[  1912.479s] EVENT BoundaryDetected { passage_index: 1, start_time: 6151420800, end_time: 21681676800, confidence: 0.95, timestamp: 1766626742 }
[  1912.479s] EVENT PassageStarted: passage #1
[  1912.479s] EVENT PassageCompleted: passage #1
[  1912.479s] EVENT BoundaryDetected { passage_index: 2, start_time: 21681676800, end_time: 28305849600, confidence: 0.95, timestamp: 1766626742 }
[  1912.479s] EVENT PassageStarted: passage #2
[  1912.479s] EVENT PassageCompleted: passage #2
[  1912.479s] EVENT BoundaryDetected { passage_index: 3, start_time: 28305849600, end_time: 85292928000, confidence: 0.95, timestamp: 1766626742 }
[  1912.479s] EVENT PassageStarted: passage #3
[  1912.479s] EVENT PassageCompleted: passage #3
[  1912.479s] EVENT BoundaryDetected { passage_index: 4, start_time: 85292928000, end_time: 93827865600, confidence: 0.95, timestamp: 1766626742 }
[  1912.479s] EVENT PassageStarted: passage #4
[  1912.479s] EVENT PassageCompleted: passage #4
[  1912.479s] EVENT BoundaryDetected { passage_index: 5, start_time: 93827865600, end_time: 100148630400, confidence: 0.95, timestamp: 1766626742 }
[  1912.479s] EVENT PassageStarted: passage #5
[  1912.479s] EVENT PassageCompleted: passage #5
[  1912.479s] EVENT BoundaryDetected { passage_index: 6, start_time: 100148630400, end_time: 105934550400, confidence: 0.95, timestamp: 1766626742 }
[  1912.479s] EVENT PassageStarted: passage #6
[  1912.479s] EVENT PassageCompleted: passage #6
[  1912.479s] EVENT BoundaryDetected { passage_index: 7, start_time: 105934550400, end_time: 114964819199, confidence: 0.95, timestamp: 1766626742 }
[  1912.479s] EVENT PassageStarted: passage #7
[  1912.479s] EVENT PassageCompleted: passage #7
[  1912.479s] EVENT BoundaryDetected { passage_index: 8, start_time: 114964819199, end_time: 118368633599, confidence: 0.95, timestamp: 1766626742 }
[  1912.479s] EVENT PassageStarted: passage #8
[  1912.479s] EVENT PassageCompleted: passage #8
[  1912.479s] EVENT BoundaryDetected { passage_index: 9, start_time: 118368633599, end_time: 124843219199, confidence: 0.95, timestamp: 1766626742 }
[  1912.479s] EVENT PassageStarted: passage #9
[  1912.479s] EVENT PassageCompleted: passage #9
[  1912.479s] EVENT BoundaryDetected { passage_index: 10, start_time: 124843219199, end_time: 140174495999, confidence: 0.95, timestamp: 1766626742 }
[  1912.479s] EVENT PassageStarted: passage #10
[  1912.479s] EVENT PassageCompleted: passage #10
[  1912.479s] EVENT BoundaryDetected { passage_index: 11, start_time: 140174495999, end_time: 146733753599, confidence: 0.95, timestamp: 1766626742 }
[  1912.479s] EVENT PassageStarted: passage #11
[  1912.479s] EVENT PassageCompleted: passage #11
[  1912.479s] EVENT BoundaryDetected { passage_index: 12, start_time: 146733753599, end_time: 203993193599, confidence: 0.95, timestamp: 1766626742 }
[  1912.479s] EVENT PassageStarted: passage #12
[  1912.479s] EVENT PassageCompleted: passage #12
[  1912.479s] EVENT BoundaryDetected { passage_index: 13, start_time: 203993193599, end_time: 212240246399, confidence: 0.95, timestamp: 1766626742 }
[  1912.479s] EVENT PassageStarted: passage #13
[  1912.479s] EVENT PassageCompleted: passage #13
[  1912.479s] EVENT BoundaryDetected { passage_index: 14, start_time: 212240246399, end_time: 218513030399, confidence: 0.95, timestamp: 1766626742 }
[  1912.479s] EVENT PassageStarted: passage #14
[  1912.479s] EVENT PassageCompleted: passage #14
[  1912.479s] EVENT BoundaryDetected { passage_index: 15, start_time: 218513030399, end_time: 224646105599, confidence: 0.95, timestamp: 1766626742 }
[  1912.479s] EVENT PassageStarted: passage #15
[  1912.479s] EVENT PassageCompleted: passage #15
[  1912.479s] EVENT BoundaryDetected { passage_index: 16, start_time: 224646105599, end_time: 233308051199, confidence: 0.95, timestamp: 1766626742 }
[  1912.479s] EVENT PassageStarted: passage #16
[  1912.479s] EVENT PassageCompleted: passage #16
[  1912.479s] EVENT BoundaryDetected { passage_index: 17, start_time: 233308051199, end_time: 236874153600, confidence: 0.95, timestamp: 1766626742 }
[  1912.479s] EVENT PassageStarted: passage #17
[  1912.479s] EVENT PassageCompleted: passage #17
[  1912.479s] EVENT BoundaryDetected { passage_index: 18, start_time: 236874153600, end_time: 243067910400, confidence: 0.95, timestamp: 1766626742 }
[  1912.479s] EVENT PassageStarted: passage #18
[  1912.479s] EVENT PassageCompleted: passage #18
[  1912.479s] EVENT BoundaryDetected { passage_index: 19, start_time: 243067910400, end_time: 258599802880, confidence: 0.95, timestamp: 1766626742 }
[  1912.479s] EVENT PassageStarted: passage #19
[  1912.479s] EVENT PassageCompleted: passage #19
[  1912.479s] EVENT BoundaryDetected { passage_index: 20, start_time: 258599802880, end_time: 265303172480, confidence: 0.95, timestamp: 1766626742 }
[  1912.479s] EVENT PassageStarted: passage #20
[  1912.479s] EVENT PassageCompleted: passage #20
[  1912.479s] EVENT BoundaryDetected { passage_index: 21, start_time: 265303172480, end_time: 322332586880, confidence: 0.95, timestamp: 1766626742 }
[  1912.479s] EVENT PassageStarted: passage #21
[  1912.479s] EVENT PassageCompleted: passage #21
[  1912.479s] EVENT BoundaryDetected { passage_index: 22, start_time: 322332586880, end_time: 330734673920, confidence: 0.95, timestamp: 1766626742 }
[  1912.479s] EVENT PassageStarted: passage #22
[  1912.479s] EVENT PassageCompleted: passage #22
[  1912.479s] EVENT BoundaryDetected { passage_index: 23, start_time: 330734673920, end_time: 337108782080, confidence: 0.95, timestamp: 1766626742 }
[  1912.479s] EVENT PassageStarted: passage #23
[  1912.479s] EVENT PassageCompleted: passage #23
[  1912.479s] EVENT BoundaryDetected { passage_index: 24, start_time: 337108782080, end_time: 342971838080, confidence: 0.95, timestamp: 1766626742 }
[  1912.479s] EVENT PassageStarted: passage #24
[  1912.479s] EVENT PassageCompleted: passage #24
[  1912.479s] EVENT BoundaryDetected { passage_index: 25, start_time: 342971838080, end_time: 351772815360, confidence: 0.95, timestamp: 1766626742 }
[  1912.479s] EVENT PassageStarted: passage #25
[  1912.479s] EVENT PassageCompleted: passage #25
[  1912.479s] EVENT BoundaryDetected { passage_index: 26, start_time: 351772815360, end_time: 351772815360, confidence: 0.7, timestamp: 1766626742 }
[  1912.479s] EVENT PassageStarted: passage #26
[  1912.479s] EVENT PassageCompleted: passage #26
[  1912.479s] EVENT FileStarted: "C:\\Users\\Mango Cat\\Music\\Ambrosia\\TheEssentialsAmbrosia.mp3"
[  1912.479s] EVENT SingleTrackCheckCompleted { file_path: "C:\\Users\\Mango Cat\\Music\\Ambrosia\\TheEssentialsAmbrosia.mp3", score: -0.5, is_single_track: false }
[  1912.479s] EVENT AlbumMatchingStarted: "C:\\Users\\Mango Cat\\Music\\Ambrosia\\TheEssentialsAmbrosia.mp3"
[  2043.404s] FILE_COMPLETE [60/5737] TheEssentialsAmbrosia.mp3 - 12 passages in 130.93s (total_elapsed: 2043.4s)
[  2043.404s] PROGRESS 60/5737 (1.0%) - 0.03 files/sec - ETA: 3222.3min
[  2043.404s] FILE_START [61/5737] 01 - A Horse With No Name.mp3
[  2043.410s] EVENT AlbumMatchingCompleted: "C:\\Users\\Mango Cat\\Music\\Ambrosia\\TheEssentialsAmbrosia.mp3"
[  2043.410s] EVENT BoundaryDetected { passage_index: 0, start_time: 0, end_time: 9844650880, confidence: 0.95, timestamp: 1766626873 }
[  2043.410s] EVENT PassageStarted: passage #0
[  2043.410s] EVENT PassageCompleted: passage #0
[  2043.410s] EVENT BoundaryDetected { passage_index: 1, start_time: 9844650880, end_time: 17017701120, confidence: 0.95, timestamp: 1766626873 }
[  2043.410s] EVENT PassageStarted: passage #1
[  2043.410s] EVENT PassageCompleted: passage #1
[  2043.410s] EVENT BoundaryDetected { passage_index: 2, start_time: 17017701120, end_time: 25377384960, confidence: 0.95, timestamp: 1766626873 }
[  2043.410s] EVENT PassageStarted: passage #2
[  2043.410s] EVENT PassageCompleted: passage #2
[  2043.410s] EVENT BoundaryDetected { passage_index: 3, start_time: 25377384960, end_time: 33275815679, confidence: 0.95, timestamp: 1766626873 }
[  2043.410s] EVENT PassageStarted: passage #3
[  2043.410s] EVENT PassageCompleted: passage #3
[  2043.410s] EVENT BoundaryDetected { passage_index: 4, start_time: 33275815679, end_time: 42367227520, confidence: 0.95, timestamp: 1766626873 }
[  2043.410s] EVENT PassageStarted: passage #4
[  2043.410s] EVENT PassageCompleted: passage #4
[  2043.410s] EVENT BoundaryDetected { passage_index: 5, start_time: 42367227520, end_time: 49576247040, confidence: 0.95, timestamp: 1766626873 }
[  2043.410s] EVENT PassageStarted: passage #5
[  2043.410s] EVENT PassageCompleted: passage #5
[  2043.410s] EVENT BoundaryDetected { passage_index: 6, start_time: 49576247040, end_time: 56368446080, confidence: 0.95, timestamp: 1766626873 }
[  2043.410s] EVENT PassageStarted: passage #6
[  2043.410s] EVENT PassageCompleted: passage #6
[  2043.410s] EVENT BoundaryDetected { passage_index: 7, start_time: 56368446080, end_time: 64374784640, confidence: 0.95, timestamp: 1766626873 }
[  2043.410s] EVENT PassageStarted: passage #7
[  2043.410s] EVENT PassageCompleted: passage #7
[  2043.410s] EVENT BoundaryDetected { passage_index: 8, start_time: 64374784640, end_time: 73685538560, confidence: 0.95, timestamp: 1766626873 }
[  2043.410s] EVENT PassageStarted: passage #8
[  2043.410s] EVENT PassageCompleted: passage #8
[  2043.410s] EVENT BoundaryDetected { passage_index: 9, start_time: 73685538560, end_time: 81323015680, confidence: 0.95, timestamp: 1766626873 }
[  2043.410s] EVENT PassageStarted: passage #9
[  2043.410s] EVENT PassageCompleted: passage #9
[  2043.410s] EVENT BoundaryDetected { passage_index: 10, start_time: 81323015680, end_time: 89479931520, confidence: 0.95, timestamp: 1766626873 }
[  2043.410s] EVENT PassageStarted: passage #10
[  2043.410s] EVENT PassageCompleted: passage #10
[  2043.410s] EVENT BoundaryDetected { passage_index: 11, start_time: 89479931520, end_time: 98735320960, confidence: 0.95, timestamp: 1766626873 }
[  2043.410s] EVENT PassageStarted: passage #11
[  2043.410s] EVENT PassageCompleted: passage #11
[  2043.410s] EVENT FileStarted: "C:\\Users\\Mango Cat\\Music\\America\\History\u{f03a} America’s Greatest Hits\\01 - A Horse With No Name.mp3"
[  2043.410s] EVENT SingleTrackCheckCompleted { file_path: "C:\\Users\\Mango Cat\\Music\\America\\History\u{f03a} America’s Greatest Hits\\01 - A Horse With No Name.mp3", score: 2.8, is_single_track: true }
[  2051.895s] EVENT BoundaryDetected { passage_index: 0, start_time: 0, end_time: 6996787200, confidence: 0.5, timestamp: 1766626882 }
[  2051.895s] EVENT PassageStarted: passage #0
[  2051.895s] EVENT ExtractionProgress { passage_index: 0, extractor: "ID3", status: "running", timestamp: 1766626882 }
[  2051.895s] EVENT ExtractionProgress { passage_index: 0, extractor: "ID3", status: "completed", timestamp: 1766626882 }
[  2051.895s] EVENT ExtractionProgress { passage_index: 0, extractor: "Chromaprint", status: "running", timestamp: 1766626882 }
[  2052.161s] EVENT ExtractionProgress { passage_index: 0, extractor: "Chromaprint", status: "completed", timestamp: 1766626882 }
[  2052.161s] EVENT ExtractionProgress { passage_index: 0, extractor: "AudioDerived", status: "running", timestamp: 1766626882 }
[  2052.605s] EVENT ExtractionProgress { passage_index: 0, extractor: "AudioDerived", status: "completed", timestamp: 1766626883 }
[  2052.605s] EVENT ExtractionProgress { passage_index: 0, extractor: "ID3GenreMapper", status: "running", timestamp: 1766626883 }
[  2052.605s] EVENT ExtractionProgress { passage_index: 0, extractor: "ID3GenreMapper", status: "completed", timestamp: 1766626883 }
[  2052.605s] EVENT FusionStarted { passage_index: 0, timestamp: 1766626883 }
[  2052.605s] EVENT ExtractionProgress { passage_index: 0, extractor: "MusicBrainz-Pass2", status: "running", timestamp: 1766626883 }
[  2052.608s] FILE_COMPLETE [61/5737] 01 - A Horse With No Name.mp3 - 1 passages in 9.20s (total_elapsed: 2052.6s)
[  2052.608s] FILE_START [62/5737] 02 - I Need You.mp3
[  2052.610s] EVENT ExtractionProgress { passage_index: 0, extractor: "MusicBrainz-Pass2", status: "completed", timestamp: 1766626883 }
[  2052.610s] EVENT FusionStarted { passage_index: 0, timestamp: 1766626883 }
[  2052.610s] EVENT ValidationStarted { passage_index: 0, timestamp: 1766626883 }
[  2052.610s] EVENT PassageCompleted: passage #0
[  2052.610s] EVENT FileCompleted: "C:\\Users\\Mango Cat\\Music\\America\\History\u{f03a} America’s Greatest Hits\\01 - A Horse With No Name.mp3"
[  2052.610s] EVENT FileStarted: "C:\\Users\\Mango Cat\\Music\\America\\History\u{f03a} America’s Greatest Hits\\02 - I Need You.mp3"
[  2052.610s] EVENT SingleTrackCheckCompleted { file_path: "C:\\Users\\Mango Cat\\Music\\America\\History\u{f03a} America’s Greatest Hits\\02 - I Need You.mp3", score: 2.8, is_single_track: true }
[  2058.946s] EVENT BoundaryDetected { passage_index: 0, start_time: 0, end_time: 5237637120, confidence: 0.5, timestamp: 1766626889 }
[  2058.946s] EVENT PassageStarted: passage #0
[  2058.946s] EVENT ExtractionProgress { passage_index: 0, extractor: "ID3", status: "running", timestamp: 1766626889 }
[  2058.946s] EVENT ExtractionProgress { passage_index: 0, extractor: "ID3", status: "completed", timestamp: 1766626889 }
[  2058.946s] EVENT ExtractionProgress { passage_index: 0, extractor: "Chromaprint", status: "running", timestamp: 1766626889 }
[  2059.148s] EVENT ExtractionProgress { passage_index: 0, extractor: "Chromaprint", status: "completed", timestamp: 1766626889 }
[  2059.148s] EVENT ExtractionProgress { passage_index: 0, extractor: "AudioDerived", status: "running", timestamp: 1766626889 }
[  2059.481s] EVENT ExtractionProgress { passage_index: 0, extractor: "AudioDerived", status: "completed", timestamp: 1766626889 }
[  2059.481s] EVENT ExtractionProgress { passage_index: 0, extractor: "ID3GenreMapper", status: "running", timestamp: 1766626889 }
[  2059.481s] EVENT ExtractionProgress { passage_index: 0, extractor: "ID3GenreMapper", status: "completed", timestamp: 1766626889 }
[  2059.481s] EVENT FusionStarted { passage_index: 0, timestamp: 1766626889 }
[  2059.481s] EVENT ExtractionProgress { passage_index: 0, extractor: "MusicBrainz-Pass2", status: "running", timestamp: 1766626889 }
[  2059.483s] FILE_COMPLETE [62/5737] 02 - I Need You.mp3 - 1 passages in 6.88s (total_elapsed: 2059.5s)
[  2059.484s] FILE_START [63/5737] 03 - Sandman.mp3
[  2059.485s] EVENT ExtractionProgress { passage_index: 0, extractor: "MusicBrainz-Pass2", status: "completed", timestamp: 1766626889 }
[  2059.485s] EVENT FusionStarted { passage_index: 0, timestamp: 1766626889 }
[  2059.485s] EVENT ValidationStarted { passage_index: 0, timestamp: 1766626889 }
[  2059.485s] EVENT PassageCompleted: passage #0
[  2059.485s] EVENT FileCompleted: "C:\\Users\\Mango Cat\\Music\\America\\History\u{f03a} America’s Greatest Hits\\02 - I Need You.mp3"
[  2059.485s] EVENT FileStarted: "C:\\Users\\Mango Cat\\Music\\America\\History\u{f03a} America’s Greatest Hits\\03 - Sandman.mp3"
[  2059.485s] EVENT SingleTrackCheckCompleted { file_path: "C:\\Users\\Mango Cat\\Music\\America\\History\u{f03a} America’s Greatest Hits\\03 - Sandman.mp3", score: 2.8, is_single_track: true }
[  2067.968s] EVENT BoundaryDetected { passage_index: 0, start_time: 0, end_time: 7010795520, confidence: 0.5, timestamp: 1766626898 }
[  2067.968s] EVENT PassageStarted: passage #0
[  2067.968s] EVENT ExtractionProgress { passage_index: 0, extractor: "ID3", status: "running", timestamp: 1766626898 }
[  2067.968s] EVENT ExtractionProgress { passage_index: 0, extractor: "ID3", status: "completed", timestamp: 1766626898 }
[  2067.968s] EVENT ExtractionProgress { passage_index: 0, extractor: "Chromaprint", status: "running", timestamp: 1766626898 }
[  2068.236s] EVENT ExtractionProgress { passage_index: 0, extractor: "Chromaprint", status: "completed", timestamp: 1766626898 }
[  2068.236s] EVENT ExtractionProgress { passage_index: 0, extractor: "AudioDerived", status: "running", timestamp: 1766626898 }
[  2068.685s] FILE_COMPLETE [63/5737] 03 - Sandman.mp3 - 1 passages in 9.20s (total_elapsed: 2068.7s)
[  2068.685s] FILE_START [64/5737] 04 - Ventura Highway.mp3
[  2068.690s] EVENT ExtractionProgress { passage_index: 0, extractor: "AudioDerived", status: "completed", timestamp: 1766626899 }
[  2068.690s] EVENT ExtractionProgress { passage_index: 0, extractor: "ID3GenreMapper", status: "running", timestamp: 1766626899 }
[  2068.690s] EVENT ExtractionProgress { passage_index: 0, extractor: "ID3GenreMapper", status: "completed", timestamp: 1766626899 }
[  2068.690s] EVENT FusionStarted { passage_index: 0, timestamp: 1766626899 }
[  2068.690s] EVENT ExtractionProgress { passage_index: 0, extractor: "MusicBrainz-Pass2", status: "running", timestamp: 1766626899 }
[  2068.690s] EVENT ExtractionProgress { passage_index: 0, extractor: "MusicBrainz-Pass2", status: "completed", timestamp: 1766626899 }
[  2068.690s] EVENT FusionStarted { passage_index: 0, timestamp: 1766626899 }
[  2068.690s] EVENT ValidationStarted { passage_index: 0, timestamp: 1766626899 }
[  2068.690s] EVENT PassageCompleted: passage #0
[  2068.690s] EVENT FileCompleted: "C:\\Users\\Mango Cat\\Music\\America\\History\u{f03a} America’s Greatest Hits\\03 - Sandman.mp3"
[  2068.690s] EVENT FileStarted: "C:\\Users\\Mango Cat\\Music\\America\\History\u{f03a} America’s Greatest Hits\\04 - Ventura Highway.mp3"
[  2068.690s] EVENT SingleTrackCheckCompleted { file_path: "C:\\Users\\Mango Cat\\Music\\America\\History\u{f03a} America’s Greatest Hits\\04 - Ventura Highway.mp3", score: 2.8, is_single_track: true }
[  2075.616s] EVENT BoundaryDetected { passage_index: 0, start_time: 0, end_time: 5717606400, confidence: 0.5, timestamp: 1766626906 }
[  2075.616s] EVENT PassageStarted: passage #0
[  2075.616s] EVENT ExtractionProgress { passage_index: 0, extractor: "ID3", status: "running", timestamp: 1766626906 }
[  2075.616s] EVENT ExtractionProgress { passage_index: 0, extractor: "ID3", status: "completed", timestamp: 1766626906 }
[  2075.616s] EVENT ExtractionProgress { passage_index: 0, extractor: "Chromaprint", status: "running", timestamp: 1766626906 }
[  2075.836s] EVENT ExtractionProgress { passage_index: 0, extractor: "Chromaprint", status: "completed", timestamp: 1766626906 }
[  2075.836s] EVENT ExtractionProgress { passage_index: 0, extractor: "AudioDerived", status: "running", timestamp: 1766626906 }
[  2076.196s] EVENT ExtractionProgress { passage_index: 0, extractor: "AudioDerived", status: "completed", timestamp: 1766626906 }
[  2076.196s] EVENT ExtractionProgress { passage_index: 0, extractor: "ID3GenreMapper", status: "running", timestamp: 1766626906 }
[  2076.196s] EVENT ExtractionProgress { passage_index: 0, extractor: "ID3GenreMapper", status: "completed", timestamp: 1766626906 }
[  2076.196s] EVENT FusionStarted { passage_index: 0, timestamp: 1766626906 }
[  2076.196s] EVENT ExtractionProgress { passage_index: 0, extractor: "MusicBrainz-Pass2", status: "running", timestamp: 1766626906 }
[  2076.199s] FILE_COMPLETE [64/5737] 04 - Ventura Highway.mp3 - 1 passages in 7.51s (total_elapsed: 2076.2s)
[  2076.199s] FILE_START [65/5737] 05 - Don’t Cross the River.mp3
[  2076.205s] EVENT ExtractionProgress { passage_index: 0, extractor: "MusicBrainz-Pass2", status: "completed", timestamp: 1766626906 }
[  2076.205s] EVENT FusionStarted { passage_index: 0, timestamp: 1766626906 }
[  2076.205s] EVENT ValidationStarted { passage_index: 0, timestamp: 1766626906 }
[  2076.205s] EVENT PassageCompleted: passage #0
[  2076.205s] EVENT FileCompleted: "C:\\Users\\Mango Cat\\Music\\America\\History\u{f03a} America’s Greatest Hits\\04 - Ventura Highway.mp3"
[  2076.205s] EVENT FileStarted: "C:\\Users\\Mango Cat\\Music\\America\\History\u{f03a} America’s Greatest Hits\\05 - Don’t Cross the River.mp3"
[  2076.205s] EVENT SingleTrackCheckCompleted { file_path: "C:\\Users\\Mango Cat\\Music\\America\\History\u{f03a} America’s Greatest Hits\\05 - Don’t Cross the River.mp3", score: 2.8, is_single_track: true }
[  2081.387s] EVENT BoundaryDetected { passage_index: 0, start_time: 0, end_time: 4269588480, confidence: 0.5, timestamp: 1766626911 }
[  2081.387s] EVENT PassageStarted: passage #0
[  2081.387s] EVENT ExtractionProgress { passage_index: 0, extractor: "ID3", status: "running", timestamp: 1766626911 }
[  2081.387s] EVENT ExtractionProgress { passage_index: 0, extractor: "ID3", status: "completed", timestamp: 1766626911 }
[  2081.387s] EVENT ExtractionProgress { passage_index: 0, extractor: "Chromaprint", status: "running", timestamp: 1766626911 }
[  2081.555s] EVENT ExtractionProgress { passage_index: 0, extractor: "Chromaprint", status: "completed", timestamp: 1766626911 }
[  2081.555s] EVENT ExtractionProgress { passage_index: 0, extractor: "AudioDerived", status: "running", timestamp: 1766626911 }
[  2081.822s] EVENT ExtractionProgress { passage_index: 0, extractor: "AudioDerived", status: "completed", timestamp: 1766626912 }
[  2081.822s] EVENT ExtractionProgress { passage_index: 0, extractor: "ID3GenreMapper", status: "running", timestamp: 1766626912 }
[  2081.822s] EVENT ExtractionProgress { passage_index: 0, extractor: "ID3GenreMapper", status: "completed", timestamp: 1766626912 }
[  2081.822s] EVENT FusionStarted { passage_index: 0, timestamp: 1766626912 }
[  2081.822s] EVENT ExtractionProgress { passage_index: 0, extractor: "MusicBrainz-Pass2", status: "running", timestamp: 1766626912 }
[  2081.824s] FILE_COMPLETE [65/5737] 05 - Don’t Cross the River.mp3 - 1 passages in 5.63s (total_elapsed: 2081.8s)
[  2081.824s] FILE_START [66/5737] 06 - Only in Your Heart.mp3
[  2081.829s] EVENT ExtractionProgress { passage_index: 0, extractor: "MusicBrainz-Pass2", status: "completed", timestamp: 1766626912 }
[  2081.829s] EVENT FusionStarted { passage_index: 0, timestamp: 1766626912 }
[  2081.829s] EVENT ValidationStarted { passage_index: 0, timestamp: 1766626912 }
[  2081.829s] EVENT PassageCompleted: passage #0
[  2081.829s] EVENT FileCompleted: "C:\\Users\\Mango Cat\\Music\\America\\History\u{f03a} America’s Greatest Hits\\05 - Don’t Cross the River.mp3"
[  2081.829s] EVENT FileStarted: "C:\\Users\\Mango Cat\\Music\\America\\History\u{f03a} America’s Greatest Hits\\06 - Only in Your Heart.mp3"
[  2081.829s] EVENT SingleTrackCheckCompleted { file_path: "C:\\Users\\Mango Cat\\Music\\America\\History\u{f03a} America’s Greatest Hits\\06 - Only in Your Heart.mp3", score: 2.8, is_single_track: true }
[  2088.402s] EVENT BoundaryDetected { passage_index: 0, start_time: 0, end_time: 3691699200, confidence: 0.8, timestamp: 1766626918 }
[  2088.402s] EVENT BoundaryDetected { passage_index: 1, start_time: 3804595200, end_time: 5435228160, confidence: 0.8, timestamp: 1766626918 }
[  2088.402s] EVENT PassageStarted: passage #0
[  2088.402s] EVENT ExtractionProgress { passage_index: 0, extractor: "ID3", status: "running", timestamp: 1766626918 }
[  2088.402s] EVENT ExtractionProgress { passage_index: 0, extractor: "ID3", status: "completed", timestamp: 1766626918 }
[  2088.402s] EVENT ExtractionProgress { passage_index: 0, extractor: "Chromaprint", status: "running", timestamp: 1766626918 }
[  2088.614s] EVENT ExtractionProgress { passage_index: 0, extractor: "Chromaprint", status: "completed", timestamp: 1766626919 }
[  2088.614s] EVENT ExtractionProgress { passage_index: 0, extractor: "AudioDerived", status: "running", timestamp: 1766626919 }
[  2088.957s] EVENT ExtractionProgress { passage_index: 0, extractor: "AudioDerived", status: "completed", timestamp: 1766626919 }
[  2088.957s] EVENT ExtractionProgress { passage_index: 0, extractor: "ID3GenreMapper", status: "running", timestamp: 1766626919 }
[  2088.957s] EVENT ExtractionProgress { passage_index: 0, extractor: "ID3GenreMapper", status: "completed", timestamp: 1766626919 }
[  2088.957s] EVENT FusionStarted { passage_index: 0, timestamp: 1766626919 }
[  2088.957s] EVENT ExtractionProgress { passage_index: 0, extractor: "MusicBrainz-Pass2", status: "running", timestamp: 1766626919 }
[  2088.962s] EVENT ExtractionProgress { passage_index: 0, extractor: "MusicBrainz-Pass2", status: "completed", timestamp: 1766626919 }
[  2088.962s] EVENT FusionStarted { passage_index: 0, timestamp: 1766626919 }
[  2088.962s] EVENT ValidationStarted { passage_index: 0, timestamp: 1766626919 }
[  2088.962s] EVENT PassageCompleted: passage #0
[  2088.962s] EVENT PassageStarted: passage #1
[  2088.962s] EVENT ExtractionProgress { passage_index: 1, extractor: "ID3", status: "running", timestamp: 1766626919 }
[  2088.962s] EVENT ExtractionProgress { passage_index: 1, extractor: "ID3", status: "completed", timestamp: 1766626919 }
[  2088.962s] EVENT ExtractionProgress { passage_index: 1, extractor: "Chromaprint", status: "running", timestamp: 1766626919 }
[  2088.962s] EVENT ExtractionProgress { passage_index: 1, extractor: "Chromaprint", status: "failed", timestamp: 1766626919 }
[  2088.962s] EVENT ExtractionProgress { passage_index: 1, extractor: "AudioDerived", status: "running", timestamp: 1766626919 }
[  2088.963s] EVENT ExtractionProgress { passage_index: 1, extractor: "AudioDerived", status: "failed", timestamp: 1766626919 }
[  2088.963s] EVENT ExtractionProgress { passage_index: 1, extractor: "ID3GenreMapper", status: "running", timestamp: 1766626919 }
[  2088.963s] EVENT ExtractionProgress { passage_index: 1, extractor: "ID3GenreMapper", status: "completed", timestamp: 1766626919 }
[  2088.963s] EVENT FusionStarted { passage_index: 1, timestamp: 1766626919 }
[  2088.963s] EVENT ExtractionProgress { passage_index: 1, extractor: "MusicBrainz-Pass2", status: "running", timestamp: 1766626919 }
[  2088.964s] FILE_COMPLETE [66/5737] 06 - Only in Your Heart.mp3 - 2 passages in 7.14s (total_elapsed: 2089.0s)
[  2088.964s] FILE_START [67/5737] 07 - Muskrat Love.mp3
[  2088.966s] EVENT ExtractionProgress { passage_index: 1, extractor: "MusicBrainz-Pass2", status: "completed", timestamp: 1766626919 }
[  2088.966s] EVENT FusionStarted { passage_index: 1, timestamp: 1766626919 }
[  2088.966s] EVENT ValidationStarted { passage_index: 1, timestamp: 1766626919 }
[  2088.966s] EVENT PassageCompleted: passage #1
[  2088.966s] EVENT FileCompleted: "C:\\Users\\Mango Cat\\Music\\America\\History\u{f03a} America’s Greatest Hits\\06 - Only in Your Heart.mp3"
[  2088.966s] EVENT FileStarted: "C:\\Users\\Mango Cat\\Music\\America\\History\u{f03a} America’s Greatest Hits\\07 - Muskrat Love.mp3"
[  2088.966s] EVENT SingleTrackCheckCompleted { file_path: "C:\\Users\\Mango Cat\\Music\\America\\History\u{f03a} America’s Greatest Hits\\07 - Muskrat Love.mp3", score: 2.8, is_single_track: true }
[  2095.317s] EVENT BoundaryDetected { passage_index: 0, start_time: 0, end_time: 5248696320, confidence: 0.5, timestamp: 1766626925 }
[  2095.317s] EVENT PassageStarted: passage #0
[  2095.317s] EVENT ExtractionProgress { passage_index: 0, extractor: "ID3", status: "running", timestamp: 1766626925 }
[  2095.317s] EVENT ExtractionProgress { passage_index: 0, extractor: "ID3", status: "completed", timestamp: 1766626925 }
[  2095.317s] EVENT ExtractionProgress { passage_index: 0, extractor: "Chromaprint", status: "running", timestamp: 1766626925 }
[  2095.521s] EVENT ExtractionProgress { passage_index: 0, extractor: "Chromaprint", status: "completed", timestamp: 1766626925 }
[  2095.521s] EVENT ExtractionProgress { passage_index: 0, extractor: "AudioDerived", status: "running", timestamp: 1766626925 }
[  2095.854s] EVENT ExtractionProgress { passage_index: 0, extractor: "AudioDerived", status: "completed", timestamp: 1766626926 }
[  2095.854s] EVENT ExtractionProgress { passage_index: 0, extractor: "ID3GenreMapper", status: "running", timestamp: 1766626926 }
[  2095.854s] EVENT ExtractionProgress { passage_index: 0, extractor: "ID3GenreMapper", status: "completed", timestamp: 1766626926 }
[  2095.854s] EVENT FusionStarted { passage_index: 0, timestamp: 1766626926 }
[  2095.854s] EVENT ExtractionProgress { passage_index: 0, extractor: "MusicBrainz-Pass2", status: "running", timestamp: 1766626926 }
[  2095.860s] FILE_COMPLETE [67/5737] 07 - Muskrat Love.mp3 - 1 passages in 6.90s (total_elapsed: 2095.9s)
[  2095.860s] FILE_START [68/5737] 08 - Tin Man.mp3
[  2095.861s] EVENT ExtractionProgress { passage_index: 0, extractor: "MusicBrainz-Pass2", status: "completed", timestamp: 1766626926 }
[  2095.861s] EVENT FusionStarted { passage_index: 0, timestamp: 1766626926 }
[  2095.861s] EVENT ValidationStarted { passage_index: 0, timestamp: 1766626926 }
[  2095.861s] EVENT PassageCompleted: passage #0
[  2095.861s] EVENT FileCompleted: "C:\\Users\\Mango Cat\\Music\\America\\History\u{f03a} America’s Greatest Hits\\07 - Muskrat Love.mp3"
[  2095.862s] EVENT FileStarted: "C:\\Users\\Mango Cat\\Music\\America\\History\u{f03a} America’s Greatest Hits\\08 - Tin Man.mp3"
[  2095.862s] EVENT SingleTrackCheckCompleted { file_path: "C:\\Users\\Mango Cat\\Music\\America\\History\u{f03a} America’s Greatest Hits\\08 - Tin Man.mp3", score: 2.8, is_single_track: true }
[  2102.993s] EVENT BoundaryDetected { passage_index: 0, start_time: 0, end_time: 5872435200, confidence: 0.5, timestamp: 1766626933 }
[  2102.993s] EVENT PassageStarted: passage #0
[  2102.993s] EVENT ExtractionProgress { passage_index: 0, extractor: "ID3", status: "running", timestamp: 1766626933 }
[  2102.993s] EVENT ExtractionProgress { passage_index: 0, extractor: "ID3", status: "completed", timestamp: 1766626933 }
[  2102.993s] EVENT ExtractionProgress { passage_index: 0, extractor: "Chromaprint", status: "running", timestamp: 1766626933 }
[  2103.217s] EVENT ExtractionProgress { passage_index: 0, extractor: "Chromaprint", status: "completed", timestamp: 1766626933 }
[  2103.217s] EVENT ExtractionProgress { passage_index: 0, extractor: "AudioDerived", status: "running", timestamp: 1766626933 }
[  2103.587s] EVENT ExtractionProgress { passage_index: 0, extractor: "AudioDerived", status: "completed", timestamp: 1766626934 }
[  2103.588s] EVENT ExtractionProgress { passage_index: 0, extractor: "ID3GenreMapper", status: "running", timestamp: 1766626934 }
[  2103.588s] EVENT ExtractionProgress { passage_index: 0, extractor: "ID3GenreMapper", status: "completed", timestamp: 1766626934 }
[  2103.588s] EVENT FusionStarted { passage_index: 0, timestamp: 1766626934 }
[  2103.588s] EVENT ExtractionProgress { passage_index: 0, extractor: "MusicBrainz-Pass2", status: "running", timestamp: 1766626934 }
[  2103.590s] FILE_COMPLETE [68/5737] 08 - Tin Man.mp3 - 1 passages in 7.73s (total_elapsed: 2103.6s)
[  2103.590s] FILE_START [69/5737] 09 - Lonely People.mp3
[  2103.597s] EVENT ExtractionProgress { passage_index: 0, extractor: "MusicBrainz-Pass2", status: "completed", timestamp: 1766626934 }
[  2103.597s] EVENT FusionStarted { passage_index: 0, timestamp: 1766626934 }
[  2103.597s] EVENT ValidationStarted { passage_index: 0, timestamp: 1766626934 }
[  2103.597s] EVENT PassageCompleted: passage #0
[  2103.597s] EVENT FileCompleted: "C:\\Users\\Mango Cat\\Music\\America\\History\u{f03a} America’s Greatest Hits\\08 - Tin Man.mp3"
[  2103.597s] EVENT FileStarted: "C:\\Users\\Mango Cat\\Music\\America\\History\u{f03a} America’s Greatest Hits\\09 - Lonely People.mp3"
[  2103.597s] EVENT SingleTrackCheckCompleted { file_path: "C:\\Users\\Mango Cat\\Music\\America\\History\u{f03a} America’s Greatest Hits\\09 - Lonely People.mp3", score: 2.8, is_single_track: true }
[  2108.680s] EVENT BoundaryDetected { passage_index: 0, start_time: 0, end_time: 4192911360, confidence: 0.5, timestamp: 1766626939 }
[  2108.680s] EVENT PassageStarted: passage #0
[  2108.680s] EVENT ExtractionProgress { passage_index: 0, extractor: "ID3", status: "running", timestamp: 1766626939 }
[  2108.680s] EVENT ExtractionProgress { passage_index: 0, extractor: "ID3", status: "completed", timestamp: 1766626939 }
[  2108.680s] EVENT ExtractionProgress { passage_index: 0, extractor: "Chromaprint", status: "running", timestamp: 1766626939 }
[  2108.842s] EVENT ExtractionProgress { passage_index: 0, extractor: "Chromaprint", status: "completed", timestamp: 1766626939 }
[  2108.842s] EVENT ExtractionProgress { passage_index: 0, extractor: "AudioDerived", status: "running", timestamp: 1766626939 }
[  2109.107s] EVENT ExtractionProgress { passage_index: 0, extractor: "AudioDerived", status: "completed", timestamp: 1766626939 }
[  2109.107s] EVENT ExtractionProgress { passage_index: 0, extractor: "ID3GenreMapper", status: "running", timestamp: 1766626939 }
[  2109.107s] EVENT ExtractionProgress { passage_index: 0, extractor: "ID3GenreMapper", status: "completed", timestamp: 1766626939 }
[  2109.107s] EVENT FusionStarted { passage_index: 0, timestamp: 1766626939 }
[  2109.107s] EVENT ExtractionProgress { passage_index: 0, extractor: "MusicBrainz-Pass2", status: "running", timestamp: 1766626939 }
[  2109.112s] FILE_COMPLETE [69/5737] 09 - Lonely People.mp3 - 1 passages in 5.52s (total_elapsed: 2109.1s)
[  2109.112s] FILE_START [70/5737] 10 - Sister Golden Hair.mp3
[  2109.114s] EVENT ExtractionProgress { passage_index: 0, extractor: "MusicBrainz-Pass2", status: "completed", timestamp: 1766626939 }
[  2109.114s] EVENT FusionStarted { passage_index: 0, timestamp: 1766626939 }
[  2109.114s] EVENT ValidationStarted { passage_index: 0, timestamp: 1766626939 }
[  2109.114s] EVENT PassageCompleted: passage #0
[  2109.114s] EVENT FileCompleted: "C:\\Users\\Mango Cat\\Music\\America\\History\u{f03a} America’s Greatest Hits\\09 - Lonely People.mp3"
[  2109.114s] EVENT FileStarted: "C:\\Users\\Mango Cat\\Music\\America\\History\u{f03a} America’s Greatest Hits\\10 - Sister Golden Hair.mp3"
[  2109.114s] EVENT SingleTrackCheckCompleted { file_path: "C:\\Users\\Mango Cat\\Music\\America\\History\u{f03a} America’s Greatest Hits\\10 - Sister Golden Hair.mp3", score: 2.8, is_single_track: true }
[  2115.959s] EVENT BoundaryDetected { passage_index: 0, start_time: 0, end_time: 5646827520, confidence: 0.5, timestamp: 1766626946 }
[  2115.959s] EVENT PassageStarted: passage #0
[  2115.959s] EVENT ExtractionProgress { passage_index: 0, extractor: "ID3", status: "running", timestamp: 1766626946 }
[  2115.959s] EVENT ExtractionProgress { passage_index: 0, extractor: "ID3", status: "completed", timestamp: 1766626946 }
[  2115.959s] EVENT ExtractionProgress { passage_index: 0, extractor: "Chromaprint", status: "running", timestamp: 1766626946 }
[  2116.176s] EVENT ExtractionProgress { passage_index: 0, extractor: "Chromaprint", status: "completed", timestamp: 1766626946 }
[  2116.176s] EVENT ExtractionProgress { passage_index: 0, extractor: "AudioDerived", status: "running", timestamp: 1766626946 }
[  2116.532s] EVENT ExtractionProgress { passage_index: 0, extractor: "AudioDerived", status: "completed", timestamp: 1766626946 }
[  2116.532s] EVENT ExtractionProgress { passage_index: 0, extractor: "ID3GenreMapper", status: "running", timestamp: 1766626946 }
[  2116.532s] EVENT ExtractionProgress { passage_index: 0, extractor: "ID3GenreMapper", status: "completed", timestamp: 1766626946 }
[  2116.532s] EVENT FusionStarted { passage_index: 0, timestamp: 1766626946 }
[  2116.532s] EVENT ExtractionProgress { passage_index: 0, extractor: "MusicBrainz-Pass2", status: "running", timestamp: 1766626946 }
[  2116.538s] FILE_COMPLETE [70/5737] 10 - Sister Golden Hair.mp3 - 1 passages in 7.43s (total_elapsed: 2116.5s)
[  2116.538s] PROGRESS 70/5737 (1.2%) - 0.03 files/sec - ETA: 2855.8min
[  2116.538s] FILE_START [71/5737] 11 - Daisy Jane.mp3
[  2116.540s] EVENT ExtractionProgress { passage_index: 0, extractor: "MusicBrainz-Pass2", status: "completed", timestamp: 1766626946 }
[  2116.540s] EVENT FusionStarted { passage_index: 0, timestamp: 1766626946 }
[  2116.540s] EVENT ValidationStarted { passage_index: 0, timestamp: 1766626946 }
[  2116.540s] EVENT PassageCompleted: passage #0
[  2116.540s] EVENT FileCompleted: "C:\\Users\\Mango Cat\\Music\\America\\History\u{f03a} America’s Greatest Hits\\10 - Sister Golden Hair.mp3"
[  2116.540s] EVENT FileStarted: "C:\\Users\\Mango Cat\\Music\\America\\History\u{f03a} America’s Greatest Hits\\11 - Daisy Jane.mp3"
[  2116.540s] EVENT SingleTrackCheckCompleted { file_path: "C:\\Users\\Mango Cat\\Music\\America\\History\u{f03a} America’s Greatest Hits\\11 - Daisy Jane.mp3", score: 2.8, is_single_track: true }
[  2122.987s] EVENT BoundaryDetected { passage_index: 0, start_time: 0, end_time: 5321687040, confidence: 0.8, timestamp: 1766626953 }
[  2122.987s] EVENT PassageStarted: passage #0
[  2122.987s] EVENT ExtractionProgress { passage_index: 0, extractor: "ID3", status: "running", timestamp: 1766626953 }
[  2122.987s] EVENT ExtractionProgress { passage_index: 0, extractor: "ID3", status: "completed", timestamp: 1766626953 }
[  2122.987s] EVENT ExtractionProgress { passage_index: 0, extractor: "Chromaprint", status: "running", timestamp: 1766626953 }
[  2123.187s] EVENT ExtractionProgress { passage_index: 0, extractor: "Chromaprint", status: "completed", timestamp: 1766626953 }
[  2123.187s] EVENT ExtractionProgress { passage_index: 0, extractor: "AudioDerived", status: "running", timestamp: 1766626953 }
[  2123.522s] EVENT ExtractionProgress { passage_index: 0, extractor: "AudioDerived", status: "completed", timestamp: 1766626953 }
[  2123.522s] EVENT ExtractionProgress { passage_index: 0, extractor: "ID3GenreMapper", status: "running", timestamp: 1766626953 }
[  2123.522s] EVENT ExtractionProgress { passage_index: 0, extractor: "ID3GenreMapper", status: "completed", timestamp: 1766626953 }
[  2123.522s] EVENT FusionStarted { passage_index: 0, timestamp: 1766626953 }
[  2123.522s] EVENT ExtractionProgress { passage_index: 0, extractor: "MusicBrainz-Pass2", status: "running", timestamp: 1766626953 }
[  2123.529s] FILE_COMPLETE [71/5737] 11 - Daisy Jane.mp3 - 1 passages in 6.99s (total_elapsed: 2123.5s)
[  2123.529s] FILE_START [72/5737] 12 - Woman Tonight.mp3
[  2123.530s] EVENT ExtractionProgress { passage_index: 0, extractor: "MusicBrainz-Pass2", status: "completed", timestamp: 1766626953 }
[  2123.530s] EVENT FusionStarted { passage_index: 0, timestamp: 1766626953 }
[  2123.530s] EVENT ValidationStarted { passage_index: 0, timestamp: 1766626953 }
[  2123.530s] EVENT PassageCompleted: passage #0
[  2123.530s] EVENT FileCompleted: "C:\\Users\\Mango Cat\\Music\\America\\History\u{f03a} America’s Greatest Hits\\11 - Daisy Jane.mp3"
[  2123.530s] EVENT FileStarted: "C:\\Users\\Mango Cat\\Music\\America\\History\u{f03a} America’s Greatest Hits\\12 - Woman Tonight.mp3"
[  2123.530s] EVENT SingleTrackCheckCompleted { file_path: "C:\\Users\\Mango Cat\\Music\\America\\History\u{f03a} America’s Greatest Hits\\12 - Woman Tonight.mp3", score: 2.8, is_single_track: true }
[  2128.404s] EVENT BoundaryDetected { passage_index: 0, start_time: 0, end_time: 4021862400, confidence: 0.5, timestamp: 1766626958 }
[  2128.404s] EVENT PassageStarted: passage #0
[  2128.404s] EVENT ExtractionProgress { passage_index: 0, extractor: "ID3", status: "running", timestamp: 1766626958 }
[  2128.404s] EVENT ExtractionProgress { passage_index: 0, extractor: "ID3", status: "completed", timestamp: 1766626958 }
[  2128.404s] EVENT ExtractionProgress { passage_index: 0, extractor: "Chromaprint", status: "running", timestamp: 1766626958 }
[  2128.562s] EVENT ExtractionProgress { passage_index: 0, extractor: "Chromaprint", status: "completed", timestamp: 1766626959 }
[  2128.562s] EVENT ExtractionProgress { passage_index: 0, extractor: "AudioDerived", status: "running", timestamp: 1766626959 }
[  2128.820s] EVENT ExtractionProgress { passage_index: 0, extractor: "AudioDerived", status: "completed", timestamp: 1766626959 }
[  2128.820s] EVENT ExtractionProgress { passage_index: 0, extractor: "ID3GenreMapper", status: "running", timestamp: 1766626959 }
[  2128.820s] EVENT ExtractionProgress { passage_index: 0, extractor: "ID3GenreMapper", status: "completed", timestamp: 1766626959 }
[  2128.820s] EVENT FusionStarted { passage_index: 0, timestamp: 1766626959 }
[  2128.820s] EVENT ExtractionProgress { passage_index: 0, extractor: "MusicBrainz-Pass2", status: "running", timestamp: 1766626959 }
[  2128.822s] FILE_COMPLETE [72/5737] 12 - Woman Tonight.mp3 - 1 passages in 5.29s (total_elapsed: 2128.8s)
[  2128.822s] FILE_START [73/5737] 01-Spark.mp3
[  2128.825s] EVENT ExtractionProgress { passage_index: 0, extractor: "MusicBrainz-Pass2", status: "completed", timestamp: 1766626959 }
[  2128.825s] EVENT FusionStarted { passage_index: 0, timestamp: 1766626959 }
[  2128.825s] EVENT ValidationStarted { passage_index: 0, timestamp: 1766626959 }
[  2128.825s] EVENT PassageCompleted: passage #0
[  2128.825s] EVENT FileCompleted: "C:\\Users\\Mango Cat\\Music\\America\\History\u{f03a} America’s Greatest Hits\\12 - Woman Tonight.mp3"
[  2128.825s] EVENT FileStarted: "C:\\Users\\Mango Cat\\Music\\Amos, Tori\\From_The_Choirgirl_Hotel\\01-Spark.mp3"
[  2128.825s] EVENT SingleTrackCheckCompleted { file_path: "C:\\Users\\Mango Cat\\Music\\Amos, Tori\\From_The_Choirgirl_Hotel\\01-Spark.mp3", score: 2.8, is_single_track: true }
[  2137.506s] EVENT BoundaryDetected { passage_index: 0, start_time: 0, end_time: 7158251520, confidence: 0.5, timestamp: 1766626967 }
[  2137.506s] EVENT PassageStarted: passage #0
[  2137.506s] EVENT ExtractionProgress { passage_index: 0, extractor: "ID3", status: "running", timestamp: 1766626967 }
[  2137.506s] EVENT ExtractionProgress { passage_index: 0, extractor: "ID3", status: "completed", timestamp: 1766626967 }
[  2137.506s] EVENT ExtractionProgress { passage_index: 0, extractor: "Chromaprint", status: "running", timestamp: 1766626967 }
[  2137.781s] EVENT ExtractionProgress { passage_index: 0, extractor: "Chromaprint", status: "completed", timestamp: 1766626968 }
[  2137.781s] EVENT ExtractionProgress { passage_index: 0, extractor: "AudioDerived", status: "running", timestamp: 1766626968 }
[  2138.235s] EVENT ExtractionProgress { passage_index: 0, extractor: "AudioDerived", status: "completed", timestamp: 1766626968 }
[  2138.235s] EVENT ExtractionProgress { passage_index: 0, extractor: "ID3GenreMapper", status: "running", timestamp: 1766626968 }
[  2138.235s] EVENT ExtractionProgress { passage_index: 0, extractor: "ID3GenreMapper", status: "completed", timestamp: 1766626968 }
[  2138.235s] EVENT FusionStarted { passage_index: 0, timestamp: 1766626968 }
[  2138.235s] EVENT ExtractionProgress { passage_index: 0, extractor: "MusicBrainz-Pass2", status: "running", timestamp: 1766626968 }
[  2138.241s] FILE_COMPLETE [73/5737] 01-Spark.mp3 - 1 passages in 9.42s (total_elapsed: 2138.2s)
[  2138.241s] FILE_START [74/5737] 02-Cruel.mp3
[  2138.244s] EVENT ExtractionProgress { passage_index: 0, extractor: "MusicBrainz-Pass2", status: "completed", timestamp: 1766626968 }
[  2138.244s] EVENT FusionStarted { passage_index: 0, timestamp: 1766626968 }
[  2138.244s] EVENT ValidationStarted { passage_index: 0, timestamp: 1766626968 }
[  2138.244s] EVENT PassageCompleted: passage #0
[  2138.244s] EVENT FileCompleted: "C:\\Users\\Mango Cat\\Music\\Amos, Tori\\From_The_Choirgirl_Hotel\\01-Spark.mp3"
[  2138.244s] EVENT FileStarted: "C:\\Users\\Mango Cat\\Music\\Amos, Tori\\From_The_Choirgirl_Hotel\\02-Cruel.mp3"
[  2138.244s] EVENT SingleTrackCheckCompleted { file_path: "C:\\Users\\Mango Cat\\Music\\Amos, Tori\\From_The_Choirgirl_Hotel\\02-Cruel.mp3", score: 2.8, is_single_track: true }
[  2146.685s] EVENT BoundaryDetected { passage_index: 0, start_time: 0, end_time: 6984253440, confidence: 0.5, timestamp: 1766626977 }
[  2146.685s] EVENT PassageStarted: passage #0
[  2146.685s] EVENT ExtractionProgress { passage_index: 0, extractor: "ID3", status: "running", timestamp: 1766626977 }
[  2146.685s] EVENT ExtractionProgress { passage_index: 0, extractor: "ID3", status: "completed", timestamp: 1766626977 }
[  2146.685s] EVENT ExtractionProgress { passage_index: 0, extractor: "Chromaprint", status: "running", timestamp: 1766626977 }
[  2146.953s] EVENT ExtractionProgress { passage_index: 0, extractor: "Chromaprint", status: "completed", timestamp: 1766626977 }
[  2146.953s] EVENT ExtractionProgress { passage_index: 0, extractor: "AudioDerived", status: "running", timestamp: 1766626977 }
[  2147.398s] EVENT ExtractionProgress { passage_index: 0, extractor: "AudioDerived", status: "completed", timestamp: 1766626977 }
[  2147.398s] EVENT ExtractionProgress { passage_index: 0, extractor: "ID3GenreMapper", status: "running", timestamp: 1766626977 }
[  2147.398s] EVENT ExtractionProgress { passage_index: 0, extractor: "ID3GenreMapper", status: "completed", timestamp: 1766626977 }
[  2147.398s] EVENT FusionStarted { passage_index: 0, timestamp: 1766626977 }
[  2147.398s] EVENT ExtractionProgress { passage_index: 0, extractor: "MusicBrainz-Pass2", status: "running", timestamp: 1766626977 }
[  2147.401s] FILE_COMPLETE [74/5737] 02-Cruel.mp3 - 1 passages in 9.16s (total_elapsed: 2147.4s)
[  2147.401s] FILE_START [75/5737] 03-Black-Dove_(January).mp3
[  2147.405s] EVENT ExtractionProgress { passage_index: 0, extractor: "MusicBrainz-Pass2", status: "completed", timestamp: 1766626977 }
[  2147.405s] EVENT FusionStarted { passage_index: 0, timestamp: 1766626977 }
[  2147.405s] EVENT ValidationStarted { passage_index: 0, timestamp: 1766626977 }
[  2147.405s] EVENT PassageCompleted: passage #0
[  2147.405s] EVENT FileCompleted: "C:\\Users\\Mango Cat\\Music\\Amos, Tori\\From_The_Choirgirl_Hotel\\02-Cruel.mp3"
[  2147.405s] EVENT FileStarted: "C:\\Users\\Mango Cat\\Music\\Amos, Tori\\From_The_Choirgirl_Hotel\\03-Black-Dove_(January).mp3"
[  2147.405s] EVENT SingleTrackCheckCompleted { file_path: "C:\\Users\\Mango Cat\\Music\\Amos, Tori\\From_The_Choirgirl_Hotel\\03-Black-Dove_(January).mp3", score: 2.8, is_single_track: true }
[  2156.916s] EVENT BoundaryDetected { passage_index: 0, start_time: 0, end_time: 7864565760, confidence: 0.5, timestamp: 1766626987 }
[  2156.916s] EVENT PassageStarted: passage #0
[  2156.916s] EVENT ExtractionProgress { passage_index: 0, extractor: "ID3", status: "running", timestamp: 1766626987 }
[  2156.916s] EVENT ExtractionProgress { passage_index: 0, extractor: "ID3", status: "completed", timestamp: 1766626987 }
[  2156.916s] EVENT ExtractionProgress { passage_index: 0, extractor: "Chromaprint", status: "running", timestamp: 1766626987 }
[  2157.215s] EVENT ExtractionProgress { passage_index: 0, extractor: "Chromaprint", status: "completed", timestamp: 1766626987 }
[  2157.215s] EVENT ExtractionProgress { passage_index: 0, extractor: "AudioDerived", status: "running", timestamp: 1766626987 }
[  2157.715s] EVENT ExtractionProgress { passage_index: 0, extractor: "AudioDerived", status: "completed", timestamp: 1766626988 }
[  2157.715s] EVENT ExtractionProgress { passage_index: 0, extractor: "ID3GenreMapper", status: "running", timestamp: 1766626988 }
[  2157.715s] EVENT ExtractionProgress { passage_index: 0, extractor: "ID3GenreMapper", status: "completed", timestamp: 1766626988 }
[  2157.715s] EVENT FusionStarted { passage_index: 0, timestamp: 1766626988 }
[  2157.715s] EVENT ExtractionProgress { passage_index: 0, extractor: "MusicBrainz-Pass2", status: "running", timestamp: 1766626988 }
[  2157.718s] FILE_COMPLETE [75/5737] 03-Black-Dove_(January).mp3 - 1 passages in 10.32s (total_elapsed: 2157.7s)
[  2157.718s] FILE_START [76/5737] 04-Raspberry_Swirl.mp3
[  2157.724s] EVENT ExtractionProgress { passage_index: 0, extractor: "MusicBrainz-Pass2", status: "completed", timestamp: 1766626988 }
[  2157.724s] EVENT FusionStarted { passage_index: 0, timestamp: 1766626988 }
[  2157.724s] EVENT ValidationStarted { passage_index: 0, timestamp: 1766626988 }
[  2157.724s] EVENT PassageCompleted: passage #0
[  2157.724s] EVENT FileCompleted: "C:\\Users\\Mango Cat\\Music\\Amos, Tori\\From_The_Choirgirl_Hotel\\03-Black-Dove_(January).mp3"
[  2157.724s] EVENT FileStarted: "C:\\Users\\Mango Cat\\Music\\Amos, Tori\\From_The_Choirgirl_Hotel\\04-Raspberry_Swirl.mp3"
[  2157.724s] EVENT SingleTrackCheckCompleted { file_path: "C:\\Users\\Mango Cat\\Music\\Amos, Tori\\From_The_Choirgirl_Hotel\\04-Raspberry_Swirl.mp3", score: 2.8, is_single_track: true }
[  2165.924s] EVENT BoundaryDetected { passage_index: 0, start_time: 0, end_time: 6732840960, confidence: 0.5, timestamp: 1766626996 }
[  2165.924s] EVENT PassageStarted: passage #0
[  2165.924s] EVENT ExtractionProgress { passage_index: 0, extractor: "ID3", status: "running", timestamp: 1766626996 }
[  2165.924s] EVENT ExtractionProgress { passage_index: 0, extractor: "ID3", status: "completed", timestamp: 1766626996 }
[  2165.924s] EVENT ExtractionProgress { passage_index: 0, extractor: "Chromaprint", status: "running", timestamp: 1766626996 }
[  2166.193s] EVENT ExtractionProgress { passage_index: 0, extractor: "Chromaprint", status: "completed", timestamp: 1766626996 }
[  2166.193s] EVENT ExtractionProgress { passage_index: 0, extractor: "AudioDerived", status: "running", timestamp: 1766626996 }
[  2166.621s] EVENT ExtractionProgress { passage_index: 0, extractor: "AudioDerived", status: "completed", timestamp: 1766626997 }
[  2166.621s] EVENT ExtractionProgress { passage_index: 0, extractor: "ID3GenreMapper", status: "running", timestamp: 1766626997 }
[  2166.621s] EVENT ExtractionProgress { passage_index: 0, extractor: "ID3GenreMapper", status: "completed", timestamp: 1766626997 }
[  2166.621s] EVENT FusionStarted { passage_index: 0, timestamp: 1766626997 }
[  2166.621s] EVENT ExtractionProgress { passage_index: 0, extractor: "MusicBrainz-Pass2", status: "running", timestamp: 1766626997 }
[  2166.624s] FILE_COMPLETE [76/5737] 04-Raspberry_Swirl.mp3 - 1 passages in 8.91s (total_elapsed: 2166.6s)
[  2166.624s] FILE_START [77/5737] 05-Jackie's_Strength.mp3
[  2166.630s] EVENT ExtractionProgress { passage_index: 0, extractor: "MusicBrainz-Pass2", status: "completed", timestamp: 1766626997 }
[  2166.630s] EVENT FusionStarted { passage_index: 0, timestamp: 1766626997 }
[  2166.630s] EVENT ValidationStarted { passage_index: 0, timestamp: 1766626997 }
[  2166.630s] EVENT PassageCompleted: passage #0
[  2166.630s] EVENT FileCompleted: "C:\\Users\\Mango Cat\\Music\\Amos, Tori\\From_The_Choirgirl_Hotel\\04-Raspberry_Swirl.mp3"
[  2166.630s] EVENT FileStarted: "C:\\Users\\Mango Cat\\Music\\Amos, Tori\\From_The_Choirgirl_Hotel\\05-Jackie's_Strength.mp3"
[  2166.630s] EVENT SingleTrackCheckCompleted { file_path: "C:\\Users\\Mango Cat\\Music\\Amos, Tori\\From_The_Choirgirl_Hotel\\05-Jackie's_Strength.mp3", score: 2.8, is_single_track: true }
[  2175.750s] EVENT BoundaryDetected { passage_index: 0, start_time: 0, end_time: 7535001600, confidence: 0.5, timestamp: 1766627006 }
[  2175.750s] EVENT PassageStarted: passage #0
[  2175.750s] EVENT ExtractionProgress { passage_index: 0, extractor: "ID3", status: "running", timestamp: 1766627006 }
[  2175.750s] EVENT ExtractionProgress { passage_index: 0, extractor: "ID3", status: "completed", timestamp: 1766627006 }
[  2175.750s] EVENT ExtractionProgress { passage_index: 0, extractor: "Chromaprint", status: "running", timestamp: 1766627006 }
[  2176.034s] EVENT ExtractionProgress { passage_index: 0, extractor: "Chromaprint", status: "completed", timestamp: 1766627006 }
[  2176.034s] EVENT ExtractionProgress { passage_index: 0, extractor: "AudioDerived", status: "running", timestamp: 1766627006 }
[  2176.511s] EVENT ExtractionProgress { passage_index: 0, extractor: "AudioDerived", status: "completed", timestamp: 1766627006 }
[  2176.511s] EVENT ExtractionProgress { passage_index: 0, extractor: "ID3GenreMapper", status: "running", timestamp: 1766627006 }
[  2176.511s] EVENT ExtractionProgress { passage_index: 0, extractor: "ID3GenreMapper", status: "completed", timestamp: 1766627006 }
[  2176.511s] EVENT FusionStarted { passage_index: 0, timestamp: 1766627006 }
[  2176.511s] EVENT ExtractionProgress { passage_index: 0, extractor: "MusicBrainz-Pass2", status: "running", timestamp: 1766627006 }
[  2176.518s] FILE_COMPLETE [77/5737] 05-Jackie's_Strength.mp3 - 1 passages in 9.89s (total_elapsed: 2176.5s)
[  2176.518s] FILE_START [78/5737] 06-i_i_e_e_e.mp3
[  2176.520s] EVENT ExtractionProgress { passage_index: 0, extractor: "MusicBrainz-Pass2", status: "completed", timestamp: 1766627006 }
[  2176.520s] EVENT FusionStarted { passage_index: 0, timestamp: 1766627006 }
[  2176.520s] EVENT ValidationStarted { passage_index: 0, timestamp: 1766627006 }
[  2176.520s] EVENT PassageCompleted: passage #0
[  2176.520s] EVENT FileCompleted: "C:\\Users\\Mango Cat\\Music\\Amos, Tori\\From_The_Choirgirl_Hotel\\05-Jackie's_Strength.mp3"
[  2176.520s] EVENT FileStarted: "C:\\Users\\Mango Cat\\Music\\Amos, Tori\\From_The_Choirgirl_Hotel\\06-i_i_e_e_e.mp3"
[  2176.520s] EVENT SingleTrackCheckCompleted { file_path: "C:\\Users\\Mango Cat\\Music\\Amos, Tori\\From_The_Choirgirl_Hotel\\06-i_i_e_e_e.mp3", score: 2.8, is_single_track: true }
[  2184.999s] EVENT BoundaryDetected { passage_index: 0, start_time: 0, end_time: 6996049920, confidence: 0.5, timestamp: 1766627015 }
[  2184.999s] EVENT PassageStarted: passage #0
[  2184.999s] EVENT ExtractionProgress { passage_index: 0, extractor: "ID3", status: "running", timestamp: 1766627015 }
[  2184.999s] EVENT ExtractionProgress { passage_index: 0, extractor: "ID3", status: "completed", timestamp: 1766627015 }
[  2184.999s] EVENT ExtractionProgress { passage_index: 0, extractor: "Chromaprint", status: "running", timestamp: 1766627015 }
[  2185.270s] EVENT ExtractionProgress { passage_index: 0, extractor: "Chromaprint", status: "completed", timestamp: 1766627015 }
[  2185.270s] EVENT ExtractionProgress { passage_index: 0, extractor: "AudioDerived", status: "running", timestamp: 1766627015 }
[  2185.715s] EVENT ExtractionProgress { passage_index: 0, extractor: "AudioDerived", status: "completed", timestamp: 1766627016 }
[  2185.715s] EVENT ExtractionProgress { passage_index: 0, extractor: "ID3GenreMapper", status: "running", timestamp: 1766627016 }
[  2185.715s] EVENT ExtractionProgress { passage_index: 0, extractor: "ID3GenreMapper", status: "completed", timestamp: 1766627016 }
[  2185.715s] EVENT FusionStarted { passage_index: 0, timestamp: 1766627016 }
[  2185.715s] EVENT ExtractionProgress { passage_index: 0, extractor: "MusicBrainz-Pass2", status: "running", timestamp: 1766627016 }
[  2185.722s] FILE_COMPLETE [78/5737] 06-i_i_e_e_e.mp3 - 1 passages in 9.20s (total_elapsed: 2185.7s)
[  2185.722s] FILE_START [79/5737] 07-Liquid_Diamonds.mp3
[  2185.724s] EVENT ExtractionProgress { passage_index: 0, extractor: "MusicBrainz-Pass2", status: "completed", timestamp: 1766627016 }
[  2185.724s] EVENT FusionStarted { passage_index: 0, timestamp: 1766627016 }
[  2185.724s] EVENT ValidationStarted { passage_index: 0, timestamp: 1766627016 }
[  2185.724s] EVENT PassageCompleted: passage #0
[  2185.724s] EVENT FileCompleted: "C:\\Users\\Mango Cat\\Music\\Amos, Tori\\From_The_Choirgirl_Hotel\\06-i_i_e_e_e.mp3"
[  2185.724s] EVENT FileStarted: "C:\\Users\\Mango Cat\\Music\\Amos, Tori\\From_The_Choirgirl_Hotel\\07-Liquid_Diamonds.mp3"
[  2185.724s] EVENT SingleTrackCheckCompleted { file_path: "C:\\Users\\Mango Cat\\Music\\Amos, Tori\\From_The_Choirgirl_Hotel\\07-Liquid_Diamonds.mp3", score: 2.8, is_single_track: true }
[  2198.781s] EVENT BoundaryDetected { passage_index: 0, start_time: 0, end_time: 10771660800, confidence: 0.8, timestamp: 1766627029 }
[  2198.781s] EVENT PassageStarted: passage #0
[  2198.781s] EVENT ExtractionProgress { passage_index: 0, extractor: "ID3", status: "running", timestamp: 1766627029 }
[  2198.781s] EVENT ExtractionProgress { passage_index: 0, extractor: "ID3", status: "completed", timestamp: 1766627029 }
[  2198.781s] EVENT ExtractionProgress { passage_index: 0, extractor: "Chromaprint", status: "running", timestamp: 1766627029 }
[  2199.189s] EVENT ExtractionProgress { passage_index: 0, extractor: "Chromaprint", status: "completed", timestamp: 1766627029 }
[  2199.189s] EVENT ExtractionProgress { passage_index: 0, extractor: "AudioDerived", status: "running", timestamp: 1766627029 }
[  2199.881s] EVENT ExtractionProgress { passage_index: 0, extractor: "AudioDerived", status: "completed", timestamp: 1766627030 }
[  2199.881s] EVENT ExtractionProgress { passage_index: 0, extractor: "ID3GenreMapper", status: "running", timestamp: 1766627030 }
[  2199.881s] EVENT ExtractionProgress { passage_index: 0, extractor: "ID3GenreMapper", status: "completed", timestamp: 1766627030 }
[  2199.881s] EVENT FusionStarted { passage_index: 0, timestamp: 1766627030 }
[  2199.881s] EVENT ExtractionProgress { passage_index: 0, extractor: "MusicBrainz-Pass2", status: "running", timestamp: 1766627030 }
[  2199.888s] FILE_COMPLETE [79/5737] 07-Liquid_Diamonds.mp3 - 1 passages in 14.17s (total_elapsed: 2199.9s)
[  2199.888s] FILE_START [80/5737] 08-She's_Your_Cocaine.mp3
[  2199.890s] EVENT ExtractionProgress { passage_index: 0, extractor: "MusicBrainz-Pass2", status: "completed", timestamp: 1766627030 }
[  2199.890s] EVENT FusionStarted { passage_index: 0, timestamp: 1766627030 }
[  2199.890s] EVENT ValidationStarted { passage_index: 0, timestamp: 1766627030 }
[  2199.890s] EVENT PassageCompleted: passage #0
[  2199.890s] EVENT FileCompleted: "C:\\Users\\Mango Cat\\Music\\Amos, Tori\\From_The_Choirgirl_Hotel\\07-Liquid_Diamonds.mp3"
[  2199.890s] EVENT FileStarted: "C:\\Users\\Mango Cat\\Music\\Amos, Tori\\From_The_Choirgirl_Hotel\\08-She's_Your_Cocaine.mp3"
[  2199.890s] EVENT SingleTrackCheckCompleted { file_path: "C:\\Users\\Mango Cat\\Music\\Amos, Tori\\From_The_Choirgirl_Hotel\\08-She's_Your_Cocaine.mp3", score: 2.8, is_single_track: true }
[  2207.510s] EVENT BoundaryDetected { passage_index: 0, start_time: 0, end_time: 6268354560, confidence: 0.5, timestamp: 1766627037 }
[  2207.510s] EVENT PassageStarted: passage #0
[  2207.510s] EVENT ExtractionProgress { passage_index: 0, extractor: "ID3", status: "running", timestamp: 1766627037 }
[  2207.510s] EVENT ExtractionProgress { passage_index: 0, extractor: "ID3", status: "completed", timestamp: 1766627037 }
[  2207.510s] EVENT ExtractionProgress { passage_index: 0, extractor: "Chromaprint", status: "running", timestamp: 1766627037 }
[  2207.753s] EVENT ExtractionProgress { passage_index: 0, extractor: "Chromaprint", status: "completed", timestamp: 1766627038 }
[  2207.753s] EVENT ExtractionProgress { passage_index: 0, extractor: "AudioDerived", status: "running", timestamp: 1766627038 }
[  2208.154s] EVENT ExtractionProgress { passage_index: 0, extractor: "AudioDerived", status: "completed", timestamp: 1766627038 }
[  2208.154s] EVENT ExtractionProgress { passage_index: 0, extractor: "ID3GenreMapper", status: "running", timestamp: 1766627038 }
[  2208.154s] EVENT ExtractionProgress { passage_index: 0, extractor: "ID3GenreMapper", status: "completed", timestamp: 1766627038 }
[  2208.154s] EVENT FusionStarted { passage_index: 0, timestamp: 1766627038 }
[  2208.154s] EVENT ExtractionProgress { passage_index: 0, extractor: "MusicBrainz-Pass2", status: "running", timestamp: 1766627038 }
[  2208.160s] FILE_COMPLETE [80/5737] 08-She's_Your_Cocaine.mp3 - 1 passages in 8.27s (total_elapsed: 2208.2s)
[  2208.160s] PROGRESS 80/5737 (1.4%) - 0.04 files/sec - ETA: 2602.4min
[  2208.160s] FILE_START [81/5737] 09-Northern_Lad.mp3
[  2208.163s] EVENT ExtractionProgress { passage_index: 0, extractor: "MusicBrainz-Pass2", status: "completed", timestamp: 1766627038 }
[  2208.163s] EVENT FusionStarted { passage_index: 0, timestamp: 1766627038 }
[  2208.163s] EVENT ValidationStarted { passage_index: 0, timestamp: 1766627038 }
[  2208.163s] EVENT PassageCompleted: passage #0
[  2208.163s] EVENT FileCompleted: "C:\\Users\\Mango Cat\\Music\\Amos, Tori\\From_The_Choirgirl_Hotel\\08-She's_Your_Cocaine.mp3"
[  2208.163s] EVENT FileStarted: "C:\\Users\\Mango Cat\\Music\\Amos, Tori\\From_The_Choirgirl_Hotel\\09-Northern_Lad.mp3"
[  2208.163s] EVENT SingleTrackCheckCompleted { file_path: "C:\\Users\\Mango Cat\\Music\\Amos, Tori\\From_The_Choirgirl_Hotel\\09-Northern_Lad.mp3", score: 2.8, is_single_track: true }
[  2217.028s] EVENT BoundaryDetected { passage_index: 0, start_time: 0, end_time: 7315292160, confidence: 0.5, timestamp: 1766627047 }
[  2217.028s] EVENT PassageStarted: passage #0
[  2217.028s] EVENT ExtractionProgress { passage_index: 0, extractor: "ID3", status: "running", timestamp: 1766627047 }
[  2217.028s] EVENT ExtractionProgress { passage_index: 0, extractor: "ID3", status: "completed", timestamp: 1766627047 }
[  2217.028s] EVENT ExtractionProgress { passage_index: 0, extractor: "Chromaprint", status: "running", timestamp: 1766627047 }
[  2217.309s] EVENT ExtractionProgress { passage_index: 0, extractor: "Chromaprint", status: "completed", timestamp: 1766627047 }
[  2217.309s] EVENT ExtractionProgress { passage_index: 0, extractor: "AudioDerived", status: "running", timestamp: 1766627047 }
[  2217.773s] EVENT ExtractionProgress { passage_index: 0, extractor: "AudioDerived", status: "completed", timestamp: 1766627048 }
[  2217.773s] EVENT ExtractionProgress { passage_index: 0, extractor: "ID3GenreMapper", status: "running", timestamp: 1766627048 }
[  2217.773s] EVENT ExtractionProgress { passage_index: 0, extractor: "ID3GenreMapper", status: "completed", timestamp: 1766627048 }
[  2217.773s] EVENT FusionStarted { passage_index: 0, timestamp: 1766627048 }
[  2217.773s] EVENT ExtractionProgress { passage_index: 0, extractor: "MusicBrainz-Pass2", status: "running", timestamp: 1766627048 }
[  2217.776s] FILE_COMPLETE [81/5737] 09-Northern_Lad.mp3 - 1 passages in 9.62s (total_elapsed: 2217.8s)
[  2217.776s] FILE_START [82/5737] 10-Hotel.mp3
[  2217.781s] EVENT ExtractionProgress { passage_index: 0, extractor: "MusicBrainz-Pass2", status: "completed", timestamp: 1766627048 }
[  2217.781s] EVENT FusionStarted { passage_index: 0, timestamp: 1766627048 }
[  2217.781s] EVENT ValidationStarted { passage_index: 0, timestamp: 1766627048 }
[  2217.781s] EVENT PassageCompleted: passage #0
[  2217.781s] EVENT FileCompleted: "C:\\Users\\Mango Cat\\Music\\Amos, Tori\\From_The_Choirgirl_Hotel\\09-Northern_Lad.mp3"
[  2217.781s] EVENT FileStarted: "C:\\Users\\Mango Cat\\Music\\Amos, Tori\\From_The_Choirgirl_Hotel\\10-Hotel.mp3"
[  2217.781s] EVENT SingleTrackCheckCompleted { file_path: "C:\\Users\\Mango Cat\\Music\\Amos, Tori\\From_The_Choirgirl_Hotel\\10-Hotel.mp3", score: 2.8, is_single_track: true }
[  2228.756s] EVENT BoundaryDetected { passage_index: 0, start_time: 0, end_time: 8117222400, confidence: 0.8, timestamp: 1766627059 }
[  2228.756s] EVENT PassageStarted: passage #0
[  2228.756s] EVENT ExtractionProgress { passage_index: 0, extractor: "ID3", status: "running", timestamp: 1766627059 }
[  2228.756s] EVENT ExtractionProgress { passage_index: 0, extractor: "ID3", status: "completed", timestamp: 1766627059 }
[  2228.756s] EVENT ExtractionProgress { passage_index: 0, extractor: "Chromaprint", status: "running", timestamp: 1766627059 }
[  2229.099s] EVENT ExtractionProgress { passage_index: 0, extractor: "Chromaprint", status: "completed", timestamp: 1766627059 }
[  2229.099s] EVENT ExtractionProgress { passage_index: 0, extractor: "AudioDerived", status: "running", timestamp: 1766627059 }
[  2229.677s] EVENT ExtractionProgress { passage_index: 0, extractor: "AudioDerived", status: "completed", timestamp: 1766627060 }
[  2229.677s] EVENT ExtractionProgress { passage_index: 0, extractor: "ID3GenreMapper", status: "running", timestamp: 1766627060 }
[  2229.677s] EVENT ExtractionProgress { passage_index: 0, extractor: "ID3GenreMapper", status: "completed", timestamp: 1766627060 }
[  2229.677s] EVENT FusionStarted { passage_index: 0, timestamp: 1766627060 }
[  2229.677s] EVENT ExtractionProgress { passage_index: 0, extractor: "MusicBrainz-Pass2", status: "running", timestamp: 1766627060 }
[  2229.680s] FILE_COMPLETE [82/5737] 10-Hotel.mp3 - 1 passages in 11.90s (total_elapsed: 2229.7s)
[  2229.680s] FILE_START [83/5737] 11-Playboy_Mommy.mp3
[  2229.687s] EVENT ExtractionProgress { passage_index: 0, extractor: "MusicBrainz-Pass2", status: "completed", timestamp: 1766627060 }
[  2229.687s] EVENT FusionStarted { passage_index: 0, timestamp: 1766627060 }
[  2229.687s] EVENT ValidationStarted { passage_index: 0, timestamp: 1766627060 }
[  2229.687s] EVENT PassageCompleted: passage #0
[  2229.687s] EVENT FileCompleted: "C:\\Users\\Mango Cat\\Music\\Amos, Tori\\From_The_Choirgirl_Hotel\\10-Hotel.mp3"
[  2229.687s] EVENT FileStarted: "C:\\Users\\Mango Cat\\Music\\Amos, Tori\\From_The_Choirgirl_Hotel\\11-Playboy_Mommy.mp3"
[  2229.687s] EVENT SingleTrackCheckCompleted { file_path: "C:\\Users\\Mango Cat\\Music\\Amos, Tori\\From_The_Choirgirl_Hotel\\11-Playboy_Mommy.mp3", score: 2.8, is_single_track: true }
[  2238.207s] EVENT BoundaryDetected { passage_index: 0, start_time: 0, end_time: 7027015680, confidence: 0.5, timestamp: 1766627068 }
[  2238.207s] EVENT PassageStarted: passage #0
[  2238.207s] EVENT ExtractionProgress { passage_index: 0, extractor: "ID3", status: "running", timestamp: 1766627068 }
[  2238.207s] EVENT ExtractionProgress { passage_index: 0, extractor: "ID3", status: "completed", timestamp: 1766627068 }
[  2238.207s] EVENT ExtractionProgress { passage_index: 0, extractor: "Chromaprint", status: "running", timestamp: 1766627068 }
[  2238.477s] EVENT ExtractionProgress { passage_index: 0, extractor: "Chromaprint", status: "completed", timestamp: 1766627068 }
[  2238.477s] EVENT ExtractionProgress { passage_index: 0, extractor: "AudioDerived", status: "running", timestamp: 1766627068 }
[  2238.928s] EVENT ExtractionProgress { passage_index: 0, extractor: "AudioDerived", status: "completed", timestamp: 1766627069 }
[  2238.928s] EVENT ExtractionProgress { passage_index: 0, extractor: "ID3GenreMapper", status: "running", timestamp: 1766627069 }
[  2238.928s] EVENT ExtractionProgress { passage_index: 0, extractor: "ID3GenreMapper", status: "completed", timestamp: 1766627069 }
[  2238.928s] EVENT FusionStarted { passage_index: 0, timestamp: 1766627069 }
[  2238.928s] EVENT ExtractionProgress { passage_index: 0, extractor: "MusicBrainz-Pass2", status: "running", timestamp: 1766627069 }
[  2238.931s] FILE_COMPLETE [83/5737] 11-Playboy_Mommy.mp3 - 1 passages in 9.25s (total_elapsed: 2238.9s)
[  2238.931s] FILE_START [84/5737] 12-Pandora's_Aquarium.mp3
[  2238.936s] EVENT ExtractionProgress { passage_index: 0, extractor: "MusicBrainz-Pass2", status: "completed", timestamp: 1766627069 }
[  2238.936s] EVENT FusionStarted { passage_index: 0, timestamp: 1766627069 }
[  2238.936s] EVENT ValidationStarted { passage_index: 0, timestamp: 1766627069 }
[  2238.936s] EVENT PassageCompleted: passage #0
[  2238.936s] EVENT FileCompleted: "C:\\Users\\Mango Cat\\Music\\Amos, Tori\\From_The_Choirgirl_Hotel\\11-Playboy_Mommy.mp3"
[  2238.936s] EVENT FileStarted: "C:\\Users\\Mango Cat\\Music\\Amos, Tori\\From_The_Choirgirl_Hotel\\12-Pandora's_Aquarium.mp3"
[  2238.936s] EVENT SingleTrackCheckCompleted { file_path: "C:\\Users\\Mango Cat\\Music\\Amos, Tori\\From_The_Choirgirl_Hotel\\12-Pandora's_Aquarium.mp3", score: 2.8, is_single_track: true }
[  2248.691s] EVENT BoundaryDetected { passage_index: 0, start_time: 0, end_time: 8054046720, confidence: 0.5, timestamp: 1766627079 }
[  2248.691s] EVENT PassageStarted: passage #0
[  2248.691s] EVENT ExtractionProgress { passage_index: 0, extractor: "ID3", status: "running", timestamp: 1766627079 }
[  2248.691s] EVENT ExtractionProgress { passage_index: 0, extractor: "ID3", status: "completed", timestamp: 1766627079 }
[  2248.691s] EVENT ExtractionProgress { passage_index: 0, extractor: "Chromaprint", status: "running", timestamp: 1766627079 }
[  2248.997s] EVENT ExtractionProgress { passage_index: 0, extractor: "Chromaprint", status: "completed", timestamp: 1766627079 }
[  2248.997s] EVENT ExtractionProgress { passage_index: 0, extractor: "AudioDerived", status: "running", timestamp: 1766627079 }
[  2249.505s] EVENT ExtractionProgress { passage_index: 0, extractor: "AudioDerived", status: "completed", timestamp: 1766627079 }
[  2249.505s] EVENT ExtractionProgress { passage_index: 0, extractor: "ID3GenreMapper", status: "running", timestamp: 1766627079 }
[  2249.505s] EVENT ExtractionProgress { passage_index: 0, extractor: "ID3GenreMapper", status: "completed", timestamp: 1766627079 }
[  2249.505s] EVENT FusionStarted { passage_index: 0, timestamp: 1766627079 }
[  2249.505s] EVENT ExtractionProgress { passage_index: 0, extractor: "MusicBrainz-Pass2", status: "running", timestamp: 1766627079 }
[  2249.508s] FILE_COMPLETE [84/5737] 12-Pandora's_Aquarium.mp3 - 1 passages in 10.58s (total_elapsed: 2249.5s)
[  2249.508s] FILE_START [85/5737] (Fiona_Apple)Tidal-01-Sleep_to_Dream.mp3
[  2249.513s] EVENT ExtractionProgress { passage_index: 0, extractor: "MusicBrainz-Pass2", status: "completed", timestamp: 1766627079 }
[  2249.513s] EVENT FusionStarted { passage_index: 0, timestamp: 1766627079 }
[  2249.513s] EVENT ValidationStarted { passage_index: 0, timestamp: 1766627079 }
[  2249.513s] EVENT PassageCompleted: passage #0
[  2249.513s] EVENT FileCompleted: "C:\\Users\\Mango Cat\\Music\\Amos, Tori\\From_The_Choirgirl_Hotel\\12-Pandora's_Aquarium.mp3"
[  2249.513s] EVENT FileStarted: "C:\\Users\\Mango Cat\\Music\\Apple, Fiona\\Tidal\\(Fiona_Apple)Tidal-01-Sleep_to_Dream.mp3"
[  2249.513s] EVENT SingleTrackCheckCompleted { file_path: "C:\\Users\\Mango Cat\\Music\\Apple, Fiona\\Tidal\\(Fiona_Apple)Tidal-01-Sleep_to_Dream.mp3", score: 1.8, is_single_track: true }
[  2257.926s] EVENT BoundaryDetected { passage_index: 0, start_time: 0, end_time: 7056506880, confidence: 0.5, timestamp: 1766627088 }
[  2257.926s] EVENT PassageStarted: passage #0
[  2257.926s] EVENT ExtractionProgress { passage_index: 0, extractor: "ID3", status: "running", timestamp: 1766627088 }
[  2257.926s] EVENT ExtractionProgress { passage_index: 0, extractor: "ID3", status: "completed", timestamp: 1766627088 }
[  2257.926s] EVENT ExtractionProgress { passage_index: 0, extractor: "Chromaprint", status: "running", timestamp: 1766627088 }
[  2258.191s] EVENT ExtractionProgress { passage_index: 0, extractor: "Chromaprint", status: "completed", timestamp: 1766627088 }
[  2258.191s] EVENT ExtractionProgress { passage_index: 0, extractor: "AudioDerived", status: "running", timestamp: 1766627088 }
[  2258.637s] EVENT ExtractionProgress { passage_index: 0, extractor: "AudioDerived", status: "completed", timestamp: 1766627089 }
[  2258.637s] EVENT ExtractionProgress { passage_index: 0, extractor: "ID3GenreMapper", status: "running", timestamp: 1766627089 }
[  2258.637s] EVENT ExtractionProgress { passage_index: 0, extractor: "ID3GenreMapper", status: "completed", timestamp: 1766627089 }
[  2258.637s] EVENT FusionStarted { passage_index: 0, timestamp: 1766627089 }
[  2258.637s] EVENT ExtractionProgress { passage_index: 0, extractor: "MusicBrainz-Pass2", status: "running", timestamp: 1766627089 }
[  2258.641s] FILE_COMPLETE [85/5737] (Fiona_Apple)Tidal-01-Sleep_to_Dream.mp3 - 1 passages in 9.13s (total_elapsed: 2258.6s)
[  2258.641s] FILE_START [86/5737] (Fiona_Apple)Tidal-02-Sullen_Girl.mp3
[  2258.642s] EVENT ExtractionProgress { passage_index: 0, extractor: "MusicBrainz-Pass2", status: "completed", timestamp: 1766627089 }
[  2258.642s] EVENT FusionStarted { passage_index: 0, timestamp: 1766627089 }
[  2258.642s] EVENT ValidationStarted { passage_index: 0, timestamp: 1766627089 }
[  2258.642s] EVENT PassageCompleted: passage #0
[  2258.642s] EVENT FileCompleted: "C:\\Users\\Mango Cat\\Music\\Apple, Fiona\\Tidal\\(Fiona_Apple)Tidal-01-Sleep_to_Dream.mp3"
[  2258.642s] EVENT FileStarted: "C:\\Users\\Mango Cat\\Music\\Apple, Fiona\\Tidal\\(Fiona_Apple)Tidal-02-Sullen_Girl.mp3"
[  2258.642s] EVENT SingleTrackCheckCompleted { file_path: "C:\\Users\\Mango Cat\\Music\\Apple, Fiona\\Tidal\\(Fiona_Apple)Tidal-02-Sullen_Girl.mp3", score: 1.8, is_single_track: true }
[  2266.816s] EVENT BoundaryDetected { passage_index: 0, start_time: 0, end_time: 6624460800, confidence: 0.5, timestamp: 1766627097 }
[  2266.816s] EVENT PassageStarted: passage #0
[  2266.816s] EVENT ExtractionProgress { passage_index: 0, extractor: "ID3", status: "running", timestamp: 1766627097 }
[  2266.816s] EVENT ExtractionProgress { passage_index: 0, extractor: "ID3", status: "completed", timestamp: 1766627097 }
[  2266.816s] EVENT ExtractionProgress { passage_index: 0, extractor: "Chromaprint", status: "running", timestamp: 1766627097 }
[  2267.069s] EVENT ExtractionProgress { passage_index: 0, extractor: "Chromaprint", status: "completed", timestamp: 1766627097 }
[  2267.069s] EVENT ExtractionProgress { passage_index: 0, extractor: "AudioDerived", status: "running", timestamp: 1766627097 }
[  2267.485s] EVENT ExtractionProgress { passage_index: 0, extractor: "AudioDerived", status: "completed", timestamp: 1766627097 }
[  2267.485s] EVENT ExtractionProgress { passage_index: 0, extractor: "ID3GenreMapper", status: "running", timestamp: 1766627097 }
[  2267.485s] EVENT ExtractionProgress { passage_index: 0, extractor: "ID3GenreMapper", status: "completed", timestamp: 1766627097 }
[  2267.485s] EVENT FusionStarted { passage_index: 0, timestamp: 1766627097 }
[  2267.485s] EVENT ExtractionProgress { passage_index: 0, extractor: "MusicBrainz-Pass2", status: "running", timestamp: 1766627097 }
[  2267.492s] FILE_COMPLETE [86/5737] (Fiona_Apple)Tidal-02-Sullen_Girl.mp3 - 1 passages in 8.85s (total_elapsed: 2267.5s)
[  2267.492s] FILE_START [87/5737] (Fiona_Apple)Tidal-03-Shadowboxer.mp3
[  2267.493s] EVENT ExtractionProgress { passage_index: 0, extractor: "MusicBrainz-Pass2", status: "completed", timestamp: 1766627097 }
[  2267.493s] EVENT FusionStarted { passage_index: 0, timestamp: 1766627097 }
[  2267.493s] EVENT ValidationStarted { passage_index: 0, timestamp: 1766627097 }
[  2267.493s] EVENT PassageCompleted: passage #0
[  2267.493s] EVENT FileCompleted: "C:\\Users\\Mango Cat\\Music\\Apple, Fiona\\Tidal\\(Fiona_Apple)Tidal-02-Sullen_Girl.mp3"
[  2267.493s] EVENT FileStarted: "C:\\Users\\Mango Cat\\Music\\Apple, Fiona\\Tidal\\(Fiona_Apple)Tidal-03-Shadowboxer.mp3"
[  2267.493s] EVENT SingleTrackCheckCompleted { file_path: "C:\\Users\\Mango Cat\\Music\\Apple, Fiona\\Tidal\\(Fiona_Apple)Tidal-03-Shadowboxer.mp3", score: 1.8, is_single_track: true }
[  2278.541s] EVENT BoundaryDetected { passage_index: 0, start_time: 0, end_time: 9152593920, confidence: 0.5, timestamp: 1766627108 }
[  2278.541s] EVENT PassageStarted: passage #0
[  2278.541s] EVENT ExtractionProgress { passage_index: 0, extractor: "ID3", status: "running", timestamp: 1766627108 }
[  2278.541s] EVENT ExtractionProgress { passage_index: 0, extractor: "ID3", status: "completed", timestamp: 1766627108 }
[  2278.541s] EVENT ExtractionProgress { passage_index: 0, extractor: "Chromaprint", status: "running", timestamp: 1766627108 }
[  2278.893s] EVENT ExtractionProgress { passage_index: 0, extractor: "Chromaprint", status: "completed", timestamp: 1766627109 }
[  2278.893s] EVENT ExtractionProgress { passage_index: 0, extractor: "AudioDerived", status: "running", timestamp: 1766627109 }
[  2279.475s] EVENT ExtractionProgress { passage_index: 0, extractor: "AudioDerived", status: "completed", timestamp: 1766627109 }
[  2279.476s] EVENT ExtractionProgress { passage_index: 0, extractor: "ID3GenreMapper", status: "running", timestamp: 1766627109 }
[  2279.476s] EVENT ExtractionProgress { passage_index: 0, extractor: "ID3GenreMapper", status: "completed", timestamp: 1766627109 }
[  2279.476s] EVENT FusionStarted { passage_index: 0, timestamp: 1766627109 }
[  2279.476s] EVENT ExtractionProgress { passage_index: 0, extractor: "MusicBrainz-Pass2", status: "running", timestamp: 1766627109 }
[  2279.479s] FILE_COMPLETE [87/5737] (Fiona_Apple)Tidal-03-Shadowboxer.mp3 - 1 passages in 11.99s (total_elapsed: 2279.5s)
[  2279.479s] FILE_START [88/5737] (Fiona_Apple)Tidal-04-Criminal.mp3
[  2279.481s] EVENT ExtractionProgress { passage_index: 0, extractor: "MusicBrainz-Pass2", status: "completed", timestamp: 1766627109 }
[  2279.481s] EVENT FusionStarted { passage_index: 0, timestamp: 1766627109 }
[  2279.481s] EVENT ValidationStarted { passage_index: 0, timestamp: 1766627109 }
[  2279.481s] EVENT PassageCompleted: passage #0
[  2279.481s] EVENT FileCompleted: "C:\\Users\\Mango Cat\\Music\\Apple, Fiona\\Tidal\\(Fiona_Apple)Tidal-03-Shadowboxer.mp3"
[  2279.481s] EVENT FileStarted: "C:\\Users\\Mango Cat\\Music\\Apple, Fiona\\Tidal\\(Fiona_Apple)Tidal-04-Criminal.mp3"
[  2279.481s] EVENT SingleTrackCheckCompleted { file_path: "C:\\Users\\Mango Cat\\Music\\Apple, Fiona\\Tidal\\(Fiona_Apple)Tidal-04-Criminal.mp3", score: 1.8, is_single_track: true }
[  2291.158s] EVENT BoundaryDetected { passage_index: 0, start_time: 0, end_time: 9693757440, confidence: 0.5, timestamp: 1766627121 }
[  2291.158s] EVENT PassageStarted: passage #0
[  2291.158s] EVENT ExtractionProgress { passage_index: 0, extractor: "ID3", status: "running", timestamp: 1766627121 }
[  2291.158s] EVENT ExtractionProgress { passage_index: 0, extractor: "ID3", status: "completed", timestamp: 1766627121 }
[  2291.158s] EVENT ExtractionProgress { passage_index: 0, extractor: "Chromaprint", status: "running", timestamp: 1766627121 }
[  2291.528s] EVENT ExtractionProgress { passage_index: 0, extractor: "Chromaprint", status: "completed", timestamp: 1766627121 }
[  2291.528s] EVENT ExtractionProgress { passage_index: 0, extractor: "AudioDerived", status: "running", timestamp: 1766627121 }
[  2292.144s] EVENT ExtractionProgress { passage_index: 0, extractor: "AudioDerived", status: "completed", timestamp: 1766627122 }
[  2292.144s] EVENT ExtractionProgress { passage_index: 0, extractor: "ID3GenreMapper", status: "running", timestamp: 1766627122 }
[  2292.144s] EVENT ExtractionProgress { passage_index: 0, extractor: "ID3GenreMapper", status: "completed", timestamp: 1766627122 }
[  2292.144s] EVENT FusionStarted { passage_index: 0, timestamp: 1766627122 }
[  2292.144s] EVENT ExtractionProgress { passage_index: 0, extractor: "MusicBrainz-Pass2", status: "running", timestamp: 1766627122 }
[  2292.148s] FILE_COMPLETE [88/5737] (Fiona_Apple)Tidal-04-Criminal.mp3 - 1 passages in 12.67s (total_elapsed: 2292.1s)
[  2292.148s] FILE_START [89/5737] (Fiona_Apple)Tidal-05-Slow_Like_Honey.mp3
[  2292.150s] EVENT ExtractionProgress { passage_index: 0, extractor: "MusicBrainz-Pass2", status: "completed", timestamp: 1766627122 }
[  2292.150s] EVENT FusionStarted { passage_index: 0, timestamp: 1766627122 }
[  2292.150s] EVENT ValidationStarted { passage_index: 0, timestamp: 1766627122 }
[  2292.150s] EVENT PassageCompleted: passage #0
[  2292.150s] EVENT FileCompleted: "C:\\Users\\Mango Cat\\Music\\Apple, Fiona\\Tidal\\(Fiona_Apple)Tidal-04-Criminal.mp3"
[  2292.150s] EVENT FileStarted: "C:\\Users\\Mango Cat\\Music\\Apple, Fiona\\Tidal\\(Fiona_Apple)Tidal-05-Slow_Like_Honey.mp3"
[  2292.150s] EVENT SingleTrackCheckCompleted { file_path: "C:\\Users\\Mango Cat\\Music\\Apple, Fiona\\Tidal\\(Fiona_Apple)Tidal-05-Slow_Like_Honey.mp3", score: 1.8, is_single_track: true }
[  2304.339s] EVENT BoundaryDetected { passage_index: 0, start_time: 0, end_time: 10092625920, confidence: 0.5, timestamp: 1766627134 }
[  2304.339s] EVENT PassageStarted: passage #0
[  2304.339s] EVENT ExtractionProgress { passage_index: 0, extractor: "ID3", status: "running", timestamp: 1766627134 }
[  2304.339s] EVENT ExtractionProgress { passage_index: 0, extractor: "ID3", status: "completed", timestamp: 1766627134 }
[  2304.339s] EVENT ExtractionProgress { passage_index: 0, extractor: "Chromaprint", status: "running", timestamp: 1766627134 }
[  2304.721s] EVENT ExtractionProgress { passage_index: 0, extractor: "Chromaprint", status: "completed", timestamp: 1766627135 }
[  2304.721s] EVENT ExtractionProgress { passage_index: 0, extractor: "AudioDerived", status: "running", timestamp: 1766627135 }
[  2305.362s] EVENT ExtractionProgress { passage_index: 0, extractor: "AudioDerived", status: "completed", timestamp: 1766627135 }
[  2305.362s] EVENT ExtractionProgress { passage_index: 0, extractor: "ID3GenreMapper", status: "running", timestamp: 1766627135 }
[  2305.362s] EVENT ExtractionProgress { passage_index: 0, extractor: "ID3GenreMapper", status: "completed", timestamp: 1766627135 }
[  2305.362s] EVENT FusionStarted { passage_index: 0, timestamp: 1766627135 }
[  2305.362s] EVENT ExtractionProgress { passage_index: 0, extractor: "MusicBrainz-Pass2", status: "running", timestamp: 1766627135 }
[  2305.366s] FILE_COMPLETE [89/5737] (Fiona_Apple)Tidal-05-Slow_Like_Honey.mp3 - 1 passages in 13.22s (total_elapsed: 2305.4s)
[  2305.366s] FILE_START [90/5737] (Fiona_Apple)Tidal-06-The_First_Taste.mp3
[  2305.371s] EVENT ExtractionProgress { passage_index: 0, extractor: "MusicBrainz-Pass2", status: "completed", timestamp: 1766627135 }
[  2305.371s] EVENT FusionStarted { passage_index: 0, timestamp: 1766627135 }
[  2305.371s] EVENT ValidationStarted { passage_index: 0, timestamp: 1766627135 }
[  2305.371s] EVENT PassageCompleted: passage #0
[  2305.371s] EVENT FileCompleted: "C:\\Users\\Mango Cat\\Music\\Apple, Fiona\\Tidal\\(Fiona_Apple)Tidal-05-Slow_Like_Honey.mp3"
[  2305.371s] EVENT FileStarted: "C:\\Users\\Mango Cat\\Music\\Apple, Fiona\\Tidal\\(Fiona_Apple)Tidal-06-The_First_Taste.mp3"
[  2305.371s] EVENT SingleTrackCheckCompleted { file_path: "C:\\Users\\Mango Cat\\Music\\Apple, Fiona\\Tidal\\(Fiona_Apple)Tidal-06-The_First_Taste.mp3", score: 1.8, is_single_track: true }
[  2315.071s] EVENT BoundaryDetected { passage_index: 0, start_time: 0, end_time: 8031191040, confidence: 0.8, timestamp: 1766627145 }
[  2315.071s] EVENT PassageStarted: passage #0
[  2315.071s] EVENT ExtractionProgress { passage_index: 0, extractor: "ID3", status: "running", timestamp: 1766627145 }
[  2315.071s] EVENT ExtractionProgress { passage_index: 0, extractor: "ID3", status: "completed", timestamp: 1766627145 }
[  2315.071s] EVENT ExtractionProgress { passage_index: 0, extractor: "Chromaprint", status: "running", timestamp: 1766627145 }
[  2315.387s] EVENT ExtractionProgress { passage_index: 0, extractor: "Chromaprint", status: "completed", timestamp: 1766627145 }
[  2315.387s] EVENT ExtractionProgress { passage_index: 0, extractor: "AudioDerived", status: "running", timestamp: 1766627145 }
[  2315.895s] EVENT ExtractionProgress { passage_index: 0, extractor: "AudioDerived", status: "completed", timestamp: 1766627146 }
[  2315.895s] EVENT ExtractionProgress { passage_index: 0, extractor: "ID3GenreMapper", status: "running", timestamp: 1766627146 }
[  2315.895s] EVENT ExtractionProgress { passage_index: 0, extractor: "ID3GenreMapper", status: "completed", timestamp: 1766627146 }
[  2315.895s] EVENT FusionStarted { passage_index: 0, timestamp: 1766627146 }
[  2315.895s] EVENT ExtractionProgress { passage_index: 0, extractor: "MusicBrainz-Pass2", status: "running", timestamp: 1766627146 }
[  2315.899s] FILE_COMPLETE [90/5737] (Fiona_Apple)Tidal-06-The_First_Taste.mp3 - 1 passages in 10.53s (total_elapsed: 2315.9s)
[  2315.899s] PROGRESS 90/5737 (1.6%) - 0.04 files/sec - ETA: 2421.8min
[  2315.899s] FILE_START [91/5737] (Fiona_Apple)Tidal-07-Never_Is_a_Promise.mp3
[  2315.904s] EVENT ExtractionProgress { passage_index: 0, extractor: "MusicBrainz-Pass2", status: "completed", timestamp: 1766627146 }
[  2315.904s] EVENT FusionStarted { passage_index: 0, timestamp: 1766627146 }
[  2315.904s] EVENT ValidationStarted { passage_index: 0, timestamp: 1766627146 }
[  2315.904s] EVENT PassageCompleted: passage #0
[  2315.904s] EVENT FileCompleted: "C:\\Users\\Mango Cat\\Music\\Apple, Fiona\\Tidal\\(Fiona_Apple)Tidal-06-The_First_Taste.mp3"
[  2315.904s] EVENT FileStarted: "C:\\Users\\Mango Cat\\Music\\Apple, Fiona\\Tidal\\(Fiona_Apple)Tidal-07-Never_Is_a_Promise.mp3"
[  2315.904s] EVENT SingleTrackCheckCompleted { file_path: "C:\\Users\\Mango Cat\\Music\\Apple, Fiona\\Tidal\\(Fiona_Apple)Tidal-07-Never_Is_a_Promise.mp3", score: 1.8, is_single_track: true }
[  2327.888s] EVENT BoundaryDetected { passage_index: 0, start_time: 0, end_time: 10006364160, confidence: 0.5, timestamp: 1766627158 }
[  2327.888s] EVENT PassageStarted: passage #0
[  2327.888s] EVENT ExtractionProgress { passage_index: 0, extractor: "ID3", status: "running", timestamp: 1766627158 }
[  2327.888s] EVENT ExtractionProgress { passage_index: 0, extractor: "ID3", status: "completed", timestamp: 1766627158 }
[  2327.888s] EVENT ExtractionProgress { passage_index: 0, extractor: "Chromaprint", status: "running", timestamp: 1766627158 }
[  2328.280s] EVENT ExtractionProgress { passage_index: 0, extractor: "Chromaprint", status: "completed", timestamp: 1766627158 }
[  2328.280s] EVENT ExtractionProgress { passage_index: 0, extractor: "AudioDerived", status: "running", timestamp: 1766627158 }
[  2328.913s] EVENT ExtractionProgress { passage_index: 0, extractor: "AudioDerived", status: "completed", timestamp: 1766627159 }
[  2328.913s] EVENT ExtractionProgress { passage_index: 0, extractor: "ID3GenreMapper", status: "running", timestamp: 1766627159 }
[  2328.913s] EVENT ExtractionProgress { passage_index: 0, extractor: "ID3GenreMapper", status: "completed", timestamp: 1766627159 }
[  2328.913s] EVENT FusionStarted { passage_index: 0, timestamp: 1766627159 }
[  2328.913s] EVENT ExtractionProgress { passage_index: 0, extractor: "MusicBrainz-Pass2", status: "running", timestamp: 1766627159 }
[  2328.917s] FILE_COMPLETE [91/5737] (Fiona_Apple)Tidal-07-Never_Is_a_Promise.mp3 - 1 passages in 13.02s (total_elapsed: 2328.9s)
[  2328.917s] FILE_START [92/5737] (Fiona_Apple)Tidal-08-The_Child_Is_Gone.mp3
[  2328.922s] EVENT ExtractionProgress { passage_index: 0, extractor: "MusicBrainz-Pass2", status: "completed", timestamp: 1766627159 }
[  2328.922s] EVENT FusionStarted { passage_index: 0, timestamp: 1766627159 }
[  2328.922s] EVENT ValidationStarted { passage_index: 0, timestamp: 1766627159 }
[  2328.922s] EVENT PassageCompleted: passage #0
[  2328.922s] EVENT FileCompleted: "C:\\Users\\Mango Cat\\Music\\Apple, Fiona\\Tidal\\(Fiona_Apple)Tidal-07-Never_Is_a_Promise.mp3"
[  2328.922s] EVENT FileStarted: "C:\\Users\\Mango Cat\\Music\\Apple, Fiona\\Tidal\\(Fiona_Apple)Tidal-08-The_Child_Is_Gone.mp3"
[  2328.922s] EVENT SingleTrackCheckCompleted { file_path: "C:\\Users\\Mango Cat\\Music\\Apple, Fiona\\Tidal\\(Fiona_Apple)Tidal-08-The_Child_Is_Gone.mp3", score: 1.8, is_single_track: true }
[  2337.594s] EVENT BoundaryDetected { passage_index: 0, start_time: 0, end_time: 7193640960, confidence: 0.5, timestamp: 1766627168 }
[  2337.594s] EVENT PassageStarted: passage #0
[  2337.594s] EVENT ExtractionProgress { passage_index: 0, extractor: "ID3", status: "running", timestamp: 1766627168 }
[  2337.594s] EVENT ExtractionProgress { passage_index: 0, extractor: "ID3", status: "completed", timestamp: 1766627168 }
[  2337.594s] EVENT ExtractionProgress { passage_index: 0, extractor: "Chromaprint", status: "running", timestamp: 1766627168 }
[  2337.873s] EVENT ExtractionProgress { passage_index: 0, extractor: "Chromaprint", status: "completed", timestamp: 1766627168 }
[  2337.873s] EVENT ExtractionProgress { passage_index: 0, extractor: "AudioDerived", status: "running", timestamp: 1766627168 }
[  2338.336s] EVENT ExtractionProgress { passage_index: 0, extractor: "AudioDerived", status: "completed", timestamp: 1766627168 }
[  2338.336s] EVENT ExtractionProgress { passage_index: 0, extractor: "ID3GenreMapper", status: "running", timestamp: 1766627168 }
[  2338.336s] EVENT ExtractionProgress { passage_index: 0, extractor: "ID3GenreMapper", status: "completed", timestamp: 1766627168 }
[  2338.336s] EVENT FusionStarted { passage_index: 0, timestamp: 1766627168 }
[  2338.336s] EVENT ExtractionProgress { passage_index: 0, extractor: "MusicBrainz-Pass2", status: "running", timestamp: 1766627168 }
[  2338.339s] FILE_COMPLETE [92/5737] (Fiona_Apple)Tidal-08-The_Child_Is_Gone.mp3 - 1 passages in 9.42s (total_elapsed: 2338.3s)
[  2338.339s] FILE_START [93/5737] (Fiona_Apple)Tidal-09-Pale_September.mp3
[  2338.341s] EVENT ExtractionProgress { passage_index: 0, extractor: "MusicBrainz-Pass2", status: "completed", timestamp: 1766627168 }
[  2338.341s] EVENT FusionStarted { passage_index: 0, timestamp: 1766627168 }
[  2338.341s] EVENT ValidationStarted { passage_index: 0, timestamp: 1766627168 }
[  2338.341s] EVENT PassageCompleted: passage #0
[  2338.341s] EVENT FileCompleted: "C:\\Users\\Mango Cat\\Music\\Apple, Fiona\\Tidal\\(Fiona_Apple)Tidal-08-The_Child_Is_Gone.mp3"
[  2338.341s] EVENT FileStarted: "C:\\Users\\Mango Cat\\Music\\Apple, Fiona\\Tidal\\(Fiona_Apple)Tidal-09-Pale_September.mp3"
[  2338.341s] EVENT SingleTrackCheckCompleted { file_path: "C:\\Users\\Mango Cat\\Music\\Apple, Fiona\\Tidal\\(Fiona_Apple)Tidal-09-Pale_September.mp3", score: 1.8, is_single_track: true }
[  2350.279s] EVENT BoundaryDetected { passage_index: 0, start_time: 0, end_time: 9905356800, confidence: 0.5, timestamp: 1766627180 }
[  2350.279s] EVENT PassageStarted: passage #0
[  2350.279s] EVENT ExtractionProgress { passage_index: 0, extractor: "ID3", status: "running", timestamp: 1766627180 }
[  2350.279s] EVENT ExtractionProgress { passage_index: 0, extractor: "ID3", status: "completed", timestamp: 1766627180 }
[  2350.279s] EVENT ExtractionProgress { passage_index: 0, extractor: "Chromaprint", status: "running", timestamp: 1766627180 }
[  2350.651s] EVENT ExtractionProgress { passage_index: 0, extractor: "Chromaprint", status: "completed", timestamp: 1766627181 }
[  2350.651s] EVENT ExtractionProgress { passage_index: 0, extractor: "AudioDerived", status: "running", timestamp: 1766627181 }
[  2351.280s] EVENT ExtractionProgress { passage_index: 0, extractor: "AudioDerived", status: "completed", timestamp: 1766627181 }
[  2351.280s] EVENT ExtractionProgress { passage_index: 0, extractor: "ID3GenreMapper", status: "running", timestamp: 1766627181 }
[  2351.280s] EVENT ExtractionProgress { passage_index: 0, extractor: "ID3GenreMapper", status: "completed", timestamp: 1766627181 }
[  2351.280s] EVENT FusionStarted { passage_index: 0, timestamp: 1766627181 }
[  2351.280s] EVENT ExtractionProgress { passage_index: 0, extractor: "MusicBrainz-Pass2", status: "running", timestamp: 1766627181 }
[  2351.290s] FILE_COMPLETE [93/5737] (Fiona_Apple)Tidal-09-Pale_September.mp3 - 1 passages in 12.95s (total_elapsed: 2351.3s)
[  2351.290s] FILE_START [94/5737] (Fiona_Apple)Tidal-10-Carrion.mp3
[  2351.292s] EVENT ExtractionProgress { passage_index: 0, extractor: "MusicBrainz-Pass2", status: "completed", timestamp: 1766627181 }
[  2351.292s] EVENT FusionStarted { passage_index: 0, timestamp: 1766627181 }
[  2351.292s] EVENT ValidationStarted { passage_index: 0, timestamp: 1766627181 }
[  2351.292s] EVENT PassageCompleted: passage #0
[  2351.292s] EVENT FileCompleted: "C:\\Users\\Mango Cat\\Music\\Apple, Fiona\\Tidal\\(Fiona_Apple)Tidal-09-Pale_September.mp3"
[  2351.292s] EVENT FileStarted: "C:\\Users\\Mango Cat\\Music\\Apple, Fiona\\Tidal\\(Fiona_Apple)Tidal-10-Carrion.mp3"
[  2351.292s] EVENT SingleTrackCheckCompleted { file_path: "C:\\Users\\Mango Cat\\Music\\Apple, Fiona\\Tidal\\(Fiona_Apple)Tidal-10-Carrion.mp3", score: 1.8, is_single_track: true }
[  2362.792s] EVENT BoundaryDetected { passage_index: 0, start_time: 0, end_time: 9671639040, confidence: 0.5, timestamp: 1766627193 }
[  2362.792s] EVENT PassageStarted: passage #0
[  2362.792s] EVENT ExtractionProgress { passage_index: 0, extractor: "ID3", status: "running", timestamp: 1766627193 }
[  2362.792s] EVENT ExtractionProgress { passage_index: 0, extractor: "ID3", status: "completed", timestamp: 1766627193 }
[  2362.792s] EVENT ExtractionProgress { passage_index: 0, extractor: "Chromaprint", status: "running", timestamp: 1766627193 }
[  2363.156s] EVENT ExtractionProgress { passage_index: 0, extractor: "Chromaprint", status: "completed", timestamp: 1766627193 }
[  2363.156s] EVENT ExtractionProgress { passage_index: 0, extractor: "AudioDerived", status: "running", timestamp: 1766627193 }
[  2363.766s] EVENT ExtractionProgress { passage_index: 0, extractor: "AudioDerived", status: "completed", timestamp: 1766627194 }
[  2363.767s] EVENT ExtractionProgress { passage_index: 0, extractor: "ID3GenreMapper", status: "running", timestamp: 1766627194 }
[  2363.767s] EVENT ExtractionProgress { passage_index: 0, extractor: "ID3GenreMapper", status: "completed", timestamp: 1766627194 }
[  2363.767s] EVENT FusionStarted { passage_index: 0, timestamp: 1766627194 }
[  2363.767s] EVENT ExtractionProgress { passage_index: 0, extractor: "MusicBrainz-Pass2", status: "running", timestamp: 1766627194 }
[  2363.771s] FILE_COMPLETE [94/5737] (Fiona_Apple)Tidal-10-Carrion.mp3 - 1 passages in 12.48s (total_elapsed: 2363.8s)
[  2363.771s] FILE_START [95/5737] 01 - United Together (single version).mp3
[  2363.776s] EVENT ExtractionProgress { passage_index: 0, extractor: "MusicBrainz-Pass2", status: "completed", timestamp: 1766627194 }
[  2363.776s] EVENT FusionStarted { passage_index: 0, timestamp: 1766627194 }
[  2363.776s] EVENT ValidationStarted { passage_index: 0, timestamp: 1766627194 }
[  2363.776s] EVENT PassageCompleted: passage #0
[  2363.776s] EVENT FileCompleted: "C:\\Users\\Mango Cat\\Music\\Apple, Fiona\\Tidal\\(Fiona_Apple)Tidal-10-Carrion.mp3"
[  2363.776s] EVENT FileStarted: "C:\\Users\\Mango Cat\\Music\\Aretha Franklin\\Knew You Were Waiting\u{f03a} The Best of Aretha Franklin 1980–1998\\01 - United Together (single version).mp3"
[  2363.776s] EVENT SingleTrackCheckCompleted { file_path: "C:\\Users\\Mango Cat\\Music\\Aretha Franklin\\Knew You Were Waiting\u{f03a} The Best of Aretha Franklin 1980–1998\\01 - United Together (single version).mp3", score: 2.8, is_single_track: true }
[  2372.296s] EVENT BoundaryDetected { passage_index: 0, start_time: 0, end_time: 7052083200, confidence: 0.5, timestamp: 1766627202 }
[  2372.296s] EVENT PassageStarted: passage #0
[  2372.296s] EVENT ExtractionProgress { passage_index: 0, extractor: "ID3", status: "running", timestamp: 1766627202 }
[  2372.296s] EVENT ExtractionProgress { passage_index: 0, extractor: "ID3", status: "completed", timestamp: 1766627202 }
[  2372.296s] EVENT ExtractionProgress { passage_index: 0, extractor: "Chromaprint", status: "running", timestamp: 1766627202 }
[  2372.567s] EVENT ExtractionProgress { passage_index: 0, extractor: "Chromaprint", status: "completed", timestamp: 1766627203 }
[  2372.567s] EVENT ExtractionProgress { passage_index: 0, extractor: "AudioDerived", status: "running", timestamp: 1766627203 }
[  2373.013s] EVENT ExtractionProgress { passage_index: 0, extractor: "AudioDerived", status: "completed", timestamp: 1766627203 }
[  2373.013s] EVENT ExtractionProgress { passage_index: 0, extractor: "ID3GenreMapper", status: "running", timestamp: 1766627203 }
[  2373.013s] EVENT ExtractionProgress { passage_index: 0, extractor: "ID3GenreMapper", status: "completed", timestamp: 1766627203 }
[  2373.013s] EVENT FusionStarted { passage_index: 0, timestamp: 1766627203 }
[  2373.013s] EVENT ExtractionProgress { passage_index: 0, extractor: "MusicBrainz-Pass2", status: "running", timestamp: 1766627203 }
[  2373.016s] FILE_COMPLETE [95/5737] 01 - United Together (single version).mp3 - 1 passages in 9.25s (total_elapsed: 2373.0s)
[  2373.016s] FILE_START [96/5737] 02 - Love All the Hurt Away.mp3
[  2373.021s] EVENT ExtractionProgress { passage_index: 0, extractor: "MusicBrainz-Pass2", status: "completed", timestamp: 1766627203 }
[  2373.021s] EVENT FusionStarted { passage_index: 0, timestamp: 1766627203 }
[  2373.021s] EVENT ValidationStarted { passage_index: 0, timestamp: 1766627203 }
[  2373.021s] EVENT PassageCompleted: passage #0
[  2373.021s] EVENT FileCompleted: "C:\\Users\\Mango Cat\\Music\\Aretha Franklin\\Knew You Were Waiting\u{f03a} The Best of Aretha Franklin 1980–1998\\01 - United Together (single version).mp3"
[  2373.021s] EVENT FileStarted: "C:\\Users\\Mango Cat\\Music\\Aretha Franklin\\Knew You Were Waiting\u{f03a} The Best of Aretha Franklin 1980–1998\\02 - Love All the Hurt Away.mp3"
[  2373.021s] EVENT SingleTrackCheckCompleted { file_path: "C:\\Users\\Mango Cat\\Music\\Aretha Franklin\\Knew You Were Waiting\u{f03a} The Best of Aretha Franklin 1980–1998\\02 - Love All the Hurt Away.mp3", score: 2.8, is_single_track: true }
[  2381.466s] EVENT BoundaryDetected { passage_index: 0, start_time: 0, end_time: 6994575360, confidence: 0.5, timestamp: 1766627211 }
[  2381.466s] EVENT PassageStarted: passage #0
[  2381.466s] EVENT ExtractionProgress { passage_index: 0, extractor: "ID3", status: "running", timestamp: 1766627211 }
[  2381.466s] EVENT ExtractionProgress { passage_index: 0, extractor: "ID3", status: "completed", timestamp: 1766627211 }
[  2381.466s] EVENT ExtractionProgress { passage_index: 0, extractor: "Chromaprint", status: "running", timestamp: 1766627211 }
[  2381.737s] EVENT ExtractionProgress { passage_index: 0, extractor: "Chromaprint", status: "completed", timestamp: 1766627212 }
[  2381.737s] EVENT ExtractionProgress { passage_index: 0, extractor: "AudioDerived", status: "running", timestamp: 1766627212 }
[  2382.179s] EVENT ExtractionProgress { passage_index: 0, extractor: "AudioDerived", status: "completed", timestamp: 1766627212 }
[  2382.179s] EVENT ExtractionProgress { passage_index: 0, extractor: "ID3GenreMapper", status: "running", timestamp: 1766627212 }
[  2382.179s] EVENT ExtractionProgress { passage_index: 0, extractor: "ID3GenreMapper", status: "completed", timestamp: 1766627212 }
[  2382.179s] EVENT FusionStarted { passage_index: 0, timestamp: 1766627212 }
[  2382.179s] EVENT ExtractionProgress { passage_index: 0, extractor: "MusicBrainz-Pass2", status: "running", timestamp: 1766627212 }
[  2382.182s] FILE_COMPLETE [96/5737] 02 - Love All the Hurt Away.mp3 - 1 passages in 9.17s (total_elapsed: 2382.2s)
[  2382.182s] FILE_START [97/5737] 03 - Jump to It (original radio mix).mp3
[  2382.184s] EVENT ExtractionProgress { passage_index: 0, extractor: "MusicBrainz-Pass2", status: "completed", timestamp: 1766627212 }
[  2382.184s] EVENT FusionStarted { passage_index: 0, timestamp: 1766627212 }
[  2382.184s] EVENT ValidationStarted { passage_index: 0, timestamp: 1766627212 }
[  2382.184s] EVENT PassageCompleted: passage #0
[  2382.184s] EVENT FileCompleted: "C:\\Users\\Mango Cat\\Music\\Aretha Franklin\\Knew You Were Waiting\u{f03a} The Best of Aretha Franklin 1980–1998\\02 - Love All the Hurt Away.mp3"
[  2382.184s] EVENT FileStarted: "C:\\Users\\Mango Cat\\Music\\Aretha Franklin\\Knew You Were Waiting\u{f03a} The Best of Aretha Franklin 1980–1998\\03 - Jump to It (original radio mix).mp3"
[  2382.184s] EVENT SingleTrackCheckCompleted { file_path: "C:\\Users\\Mango Cat\\Music\\Aretha Franklin\\Knew You Were Waiting\u{f03a} The Best of Aretha Franklin 1980–1998\\03 - Jump to It (original radio mix).mp3", score: 2.8, is_single_track: true }
[  2390.933s] EVENT BoundaryDetected { passage_index: 0, start_time: 0, end_time: 7237140480, confidence: 0.5, timestamp: 1766627221 }
[  2390.933s] EVENT PassageStarted: passage #0
[  2390.933s] EVENT ExtractionProgress { passage_index: 0, extractor: "ID3", status: "running", timestamp: 1766627221 }
[  2390.933s] EVENT ExtractionProgress { passage_index: 0, extractor: "ID3", status: "completed", timestamp: 1766627221 }
[  2390.933s] EVENT ExtractionProgress { passage_index: 0, extractor: "Chromaprint", status: "running", timestamp: 1766627221 }
[  2391.211s] EVENT ExtractionProgress { passage_index: 0, extractor: "Chromaprint", status: "completed", timestamp: 1766627221 }
[  2391.211s] EVENT ExtractionProgress { passage_index: 0, extractor: "AudioDerived", status: "running", timestamp: 1766627221 }
[  2391.676s] EVENT ExtractionProgress { passage_index: 0, extractor: "AudioDerived", status: "completed", timestamp: 1766627222 }
[  2391.676s] EVENT ExtractionProgress { passage_index: 0, extractor: "ID3GenreMapper", status: "running", timestamp: 1766627222 }
[  2391.676s] EVENT ExtractionProgress { passage_index: 0, extractor: "ID3GenreMapper", status: "completed", timestamp: 1766627222 }
[  2391.676s] EVENT FusionStarted { passage_index: 0, timestamp: 1766627222 }
[  2391.676s] EVENT ExtractionProgress { passage_index: 0, extractor: "MusicBrainz-Pass2", status: "running", timestamp: 1766627222 }
[  2391.679s] FILE_COMPLETE [97/5737] 03 - Jump to It (original radio mix).mp3 - 1 passages in 9.50s (total_elapsed: 2391.7s)
[  2391.679s] FILE_START [98/5737] 04 - Get It Right.mp3
[  2391.681s] EVENT ExtractionProgress { passage_index: 0, extractor: "MusicBrainz-Pass2", status: "completed", timestamp: 1766627222 }
[  2391.681s] EVENT FusionStarted { passage_index: 0, timestamp: 1766627222 }
[  2391.681s] EVENT ValidationStarted { passage_index: 0, timestamp: 1766627222 }
[  2391.681s] EVENT PassageCompleted: passage #0
[  2391.681s] EVENT FileCompleted: "C:\\Users\\Mango Cat\\Music\\Aretha Franklin\\Knew You Were Waiting\u{f03a} The Best of Aretha Franklin 1980–1998\\03 - Jump to It (original radio mix).mp3"
[  2391.681s] EVENT FileStarted: "C:\\Users\\Mango Cat\\Music\\Aretha Franklin\\Knew You Were Waiting\u{f03a} The Best of Aretha Franklin 1980–1998\\04 - Get It Right.mp3"
[  2391.681s] EVENT SingleTrackCheckCompleted { file_path: "C:\\Users\\Mango Cat\\Music\\Aretha Franklin\\Knew You Were Waiting\u{f03a} The Best of Aretha Franklin 1980–1998\\04 - Get It Right.mp3", score: 2.8, is_single_track: true }
[  2400.368s] EVENT BoundaryDetected { passage_index: 0, start_time: 0, end_time: 7195115520, confidence: 0.5, timestamp: 1766627230 }
[  2400.368s] EVENT PassageStarted: passage #0
[  2400.368s] EVENT ExtractionProgress { passage_index: 0, extractor: "ID3", status: "running", timestamp: 1766627230 }
[  2400.368s] EVENT ExtractionProgress { passage_index: 0, extractor: "ID3", status: "completed", timestamp: 1766627230 }
[  2400.368s] EVENT ExtractionProgress { passage_index: 0, extractor: "Chromaprint", status: "running", timestamp: 1766627230 }
[  2400.643s] EVENT ExtractionProgress { passage_index: 0, extractor: "Chromaprint", status: "completed", timestamp: 1766627231 }
[  2400.643s] EVENT ExtractionProgress { passage_index: 0, extractor: "AudioDerived", status: "running", timestamp: 1766627231 }
[  2401.101s] EVENT ExtractionProgress { passage_index: 0, extractor: "AudioDerived", status: "completed", timestamp: 1766627231 }
[  2401.101s] EVENT ExtractionProgress { passage_index: 0, extractor: "ID3GenreMapper", status: "running", timestamp: 1766627231 }
[  2401.101s] EVENT ExtractionProgress { passage_index: 0, extractor: "ID3GenreMapper", status: "completed", timestamp: 1766627231 }
[  2401.101s] EVENT FusionStarted { passage_index: 0, timestamp: 1766627231 }
[  2401.101s] EVENT ExtractionProgress { passage_index: 0, extractor: "MusicBrainz-Pass2", status: "running", timestamp: 1766627231 }
[  2401.104s] FILE_COMPLETE [98/5737] 04 - Get It Right.mp3 - 1 passages in 9.42s (total_elapsed: 2401.1s)
[  2401.104s] FILE_START [99/5737] 05 - Freeway of Love (single version).mp3
[  2401.108s] EVENT ExtractionProgress { passage_index: 0, extractor: "MusicBrainz-Pass2", status: "completed", timestamp: 1766627231 }
[  2401.108s] EVENT FusionStarted { passage_index: 0, timestamp: 1766627231 }
[  2401.108s] EVENT ValidationStarted { passage_index: 0, timestamp: 1766627231 }
[  2401.108s] EVENT PassageCompleted: passage #0
[  2401.108s] EVENT FileCompleted: "C:\\Users\\Mango Cat\\Music\\Aretha Franklin\\Knew You Were Waiting\u{f03a} The Best of Aretha Franklin 1980–1998\\04 - Get It Right.mp3"
[  2401.108s] EVENT FileStarted: "C:\\Users\\Mango Cat\\Music\\Aretha Franklin\\Knew You Were Waiting\u{f03a} The Best of Aretha Franklin 1980–1998\\05 - Freeway of Love (single version).mp3"
[  2401.108s] EVENT SingleTrackCheckCompleted { file_path: "C:\\Users\\Mango Cat\\Music\\Aretha Franklin\\Knew You Were Waiting\u{f03a} The Best of Aretha Franklin 1980–1998\\05 - Freeway of Love (single version).mp3", score: 2.8, is_single_track: true }
[  2409.555s] EVENT BoundaryDetected { passage_index: 0, start_time: 0, end_time: 6984253440, confidence: 0.5, timestamp: 1766627239 }
[  2409.555s] EVENT PassageStarted: passage #0
[  2409.555s] EVENT ExtractionProgress { passage_index: 0, extractor: "ID3", status: "running", timestamp: 1766627239 }
[  2409.555s] EVENT ExtractionProgress { passage_index: 0, extractor: "ID3", status: "completed", timestamp: 1766627239 }
[  2409.555s] EVENT ExtractionProgress { passage_index: 0, extractor: "Chromaprint", status: "running", timestamp: 1766627239 }
[  2409.826s] EVENT ExtractionProgress { passage_index: 0, extractor: "Chromaprint", status: "completed", timestamp: 1766627240 }
[  2409.826s] EVENT ExtractionProgress { passage_index: 0, extractor: "AudioDerived", status: "running", timestamp: 1766627240 }
[  2410.271s] EVENT ExtractionProgress { passage_index: 0, extractor: "AudioDerived", status: "completed", timestamp: 1766627240 }
[  2410.271s] EVENT ExtractionProgress { passage_index: 0, extractor: "ID3GenreMapper", status: "running", timestamp: 1766627240 }
[  2410.271s] EVENT ExtractionProgress { passage_index: 0, extractor: "ID3GenreMapper", status: "completed", timestamp: 1766627240 }
[  2410.271s] EVENT FusionStarted { passage_index: 0, timestamp: 1766627240 }
[  2410.271s] EVENT ExtractionProgress { passage_index: 0, extractor: "MusicBrainz-Pass2", status: "running", timestamp: 1766627240 }
[  2410.274s] FILE_COMPLETE [99/5737] 05 - Freeway of Love (single version).mp3 - 1 passages in 9.17s (total_elapsed: 2410.3s)
[  2410.274s] FILE_START [100/5737] 06 - Who's Zoomin' Who (single version).mp3
[  2410.279s] EVENT ExtractionProgress { passage_index: 0, extractor: "MusicBrainz-Pass2", status: "completed", timestamp: 1766627240 }
[  2410.279s] EVENT FusionStarted { passage_index: 0, timestamp: 1766627240 }
[  2410.279s] EVENT ValidationStarted { passage_index: 0, timestamp: 1766627240 }
[  2410.279s] EVENT PassageCompleted: passage #0
[  2410.279s] EVENT FileCompleted: "C:\\Users\\Mango Cat\\Music\\Aretha Franklin\\Knew You Were Waiting\u{f03a} The Best of Aretha Franklin 1980–1998\\05 - Freeway of Love (single version).mp3"
[  2410.279s] EVENT FileStarted: "C:\\Users\\Mango Cat\\Music\\Aretha Franklin\\Knew You Were Waiting\u{f03a} The Best of Aretha Franklin 1980–1998\\06 - Who's Zoomin' Who (single version).mp3"
[  2410.279s] EVENT SingleTrackCheckCompleted { file_path: "C:\\Users\\Mango Cat\\Music\\Aretha Franklin\\Knew You Were Waiting\u{f03a} The Best of Aretha Franklin 1980–1998\\06 - Who's Zoomin' Who (single version).mp3", score: 2.8, is_single_track: true }
[  2418.803s] EVENT BoundaryDetected { passage_index: 0, start_time: 0, end_time: 7025541120, confidence: 0.5, timestamp: 1766627249 }
[  2418.803s] EVENT PassageStarted: passage #0
[  2418.803s] EVENT ExtractionProgress { passage_index: 0, extractor: "ID3", status: "running", timestamp: 1766627249 }
[  2418.803s] EVENT ExtractionProgress { passage_index: 0, extractor: "ID3", status: "completed", timestamp: 1766627249 }
[  2418.803s] EVENT ExtractionProgress { passage_index: 0, extractor: "Chromaprint", status: "running", timestamp: 1766627249 }
[  2419.072s] EVENT ExtractionProgress { passage_index: 0, extractor: "Chromaprint", status: "completed", timestamp: 1766627249 }
[  2419.072s] EVENT ExtractionProgress { passage_index: 0, extractor: "AudioDerived", status: "running", timestamp: 1766627249 }
[  2419.520s] EVENT ExtractionProgress { passage_index: 0, extractor: "AudioDerived", status: "completed", timestamp: 1766627249 }
[  2419.520s] EVENT ExtractionProgress { passage_index: 0, extractor: "ID3GenreMapper", status: "running", timestamp: 1766627249 }
[  2419.520s] EVENT ExtractionProgress { passage_index: 0, extractor: "ID3GenreMapper", status: "completed", timestamp: 1766627249 }
[  2419.520s] EVENT FusionStarted { passage_index: 0, timestamp: 1766627249 }
[  2419.520s] EVENT ExtractionProgress { passage_index: 0, extractor: "MusicBrainz-Pass2", status: "running", timestamp: 1766627249 }
[  2419.523s] FILE_COMPLETE [100/5737] 06 - Who's Zoomin' Who (single version).mp3 - 1 passages in 9.25s (total_elapsed: 2419.5s)
[  2419.523s] PROGRESS 100/5737 (1.7%) - 0.04 files/sec - ETA: 2273.1min
[  2419.523s] FILE_START [101/5737] 07 - Sisters Are Doin' It for Themselves.mp3
[  2419.528s] EVENT ExtractionProgress { passage_index: 0, extractor: "MusicBrainz-Pass2", status: "completed", timestamp: 1766627249 }
[  2419.528s] EVENT FusionStarted { passage_index: 0, timestamp: 1766627249 }
[  2419.528s] EVENT ValidationStarted { passage_index: 0, timestamp: 1766627249 }
[  2419.528s] EVENT PassageCompleted: passage #0
[  2419.528s] EVENT FileCompleted: "C:\\Users\\Mango Cat\\Music\\Aretha Franklin\\Knew You Were Waiting\u{f03a} The Best of Aretha Franklin 1980–1998\\06 - Who's Zoomin' Who (single version).mp3"
[  2419.528s] EVENT FileStarted: "C:\\Users\\Mango Cat\\Music\\Aretha Franklin\\Knew You Were Waiting\u{f03a} The Best of Aretha Franklin 1980–1998\\07 - Sisters Are Doin' It for Themselves.mp3"
[  2419.528s] EVENT SingleTrackCheckCompleted { file_path: "C:\\Users\\Mango Cat\\Music\\Aretha Franklin\\Knew You Were Waiting\u{f03a} The Best of Aretha Franklin 1980–1998\\07 - Sisters Are Doin' It for Themselves.mp3", score: 2.8, is_single_track: true }
[  2429.591s] EVENT BoundaryDetected { passage_index: 0, start_time: 0, end_time: 8326840320, confidence: 0.5, timestamp: 1766627260 }
[  2429.591s] EVENT PassageStarted: passage #0
[  2429.591s] EVENT ExtractionProgress { passage_index: 0, extractor: "ID3", status: "running", timestamp: 1766627260 }
[  2429.591s] EVENT ExtractionProgress { passage_index: 0, extractor: "ID3", status: "completed", timestamp: 1766627260 }
[  2429.591s] EVENT ExtractionProgress { passage_index: 0, extractor: "Chromaprint", status: "running", timestamp: 1766627260 }
[  2429.915s] EVENT ExtractionProgress { passage_index: 0, extractor: "Chromaprint", status: "completed", timestamp: 1766627260 }
[  2429.915s] EVENT ExtractionProgress { passage_index: 0, extractor: "AudioDerived", status: "running", timestamp: 1766627260 }
[  2430.448s] EVENT ExtractionProgress { passage_index: 0, extractor: "AudioDerived", status: "completed", timestamp: 1766627260 }
[  2430.448s] EVENT ExtractionProgress { passage_index: 0, extractor: "ID3GenreMapper", status: "running", timestamp: 1766627260 }
[  2430.448s] EVENT ExtractionProgress { passage_index: 0, extractor: "ID3GenreMapper", status: "completed", timestamp: 1766627260 }
[  2430.448s] EVENT FusionStarted { passage_index: 0, timestamp: 1766627260 }
[  2430.448s] EVENT ExtractionProgress { passage_index: 0, extractor: "MusicBrainz-Pass2", status: "running", timestamp: 1766627260 }
[  2430.455s] FILE_COMPLETE [101/5737] 07 - Sisters Are Doin' It for Themselves.mp3 - 1 passages in 10.93s (total_elapsed: 2430.5s)
[  2430.455s] FILE_START [102/5737] 08 - Another Night (single mix).mp3
[  2430.456s] EVENT ExtractionProgress { passage_index: 0, extractor: "MusicBrainz-Pass2", status: "completed", timestamp: 1766627260 }
[  2430.456s] EVENT FusionStarted { passage_index: 0, timestamp: 1766627260 }
[  2430.456s] EVENT ValidationStarted { passage_index: 0, timestamp: 1766627260 }
[  2430.456s] EVENT PassageCompleted: passage #0
[  2430.456s] EVENT FileCompleted: "C:\\Users\\Mango Cat\\Music\\Aretha Franklin\\Knew You Were Waiting\u{f03a} The Best of Aretha Franklin 1980–1998\\07 - Sisters Are Doin' It for Themselves.mp3"
[  2430.456s] EVENT FileStarted: "C:\\Users\\Mango Cat\\Music\\Aretha Franklin\\Knew You Were Waiting\u{f03a} The Best of Aretha Franklin 1980–1998\\08 - Another Night (single mix).mp3"
[  2430.456s] EVENT SingleTrackCheckCompleted { file_path: "C:\\Users\\Mango Cat\\Music\\Aretha Franklin\\Knew You Were Waiting\u{f03a} The Best of Aretha Franklin 1980–1998\\08 - Another Night (single mix).mp3", score: 2.8, is_single_track: true }
[  2438.833s] EVENT BoundaryDetected { passage_index: 0, start_time: 0, end_time: 6925271040, confidence: 0.5, timestamp: 1766627269 }
[  2438.833s] EVENT PassageStarted: passage #0
[  2438.833s] EVENT ExtractionProgress { passage_index: 0, extractor: "ID3", status: "running", timestamp: 1766627269 }
[  2438.833s] EVENT ExtractionProgress { passage_index: 0, extractor: "ID3", status: "completed", timestamp: 1766627269 }
[  2438.833s] EVENT ExtractionProgress { passage_index: 0, extractor: "Chromaprint", status: "running", timestamp: 1766627269 }
[  2439.091s] EVENT ExtractionProgress { passage_index: 0, extractor: "Chromaprint", status: "completed", timestamp: 1766627269 }
[  2439.091s] EVENT ExtractionProgress { passage_index: 0, extractor: "AudioDerived", status: "running", timestamp: 1766627269 }
[  2439.532s] EVENT ExtractionProgress { passage_index: 0, extractor: "AudioDerived", status: "completed", timestamp: 1766627269 }
[  2439.532s] EVENT ExtractionProgress { passage_index: 0, extractor: "ID3GenreMapper", status: "running", timestamp: 1766627269 }
[  2439.532s] EVENT ExtractionProgress { passage_index: 0, extractor: "ID3GenreMapper", status: "completed", timestamp: 1766627269 }
[  2439.532s] EVENT FusionStarted { passage_index: 0, timestamp: 1766627269 }
[  2439.532s] EVENT ExtractionProgress { passage_index: 0, extractor: "MusicBrainz-Pass2", status: "running", timestamp: 1766627269 }
[  2439.535s] FILE_COMPLETE [102/5737] 08 - Another Night (single mix).mp3 - 1 passages in 9.08s (total_elapsed: 2439.5s)
[  2439.535s] FILE_START [103/5737] 09 - Jumpin' Jack Flash (single version).mp3
[  2439.537s] EVENT ExtractionProgress { passage_index: 0, extractor: "MusicBrainz-Pass2", status: "completed", timestamp: 1766627269 }
[  2439.537s] EVENT FusionStarted { passage_index: 0, timestamp: 1766627269 }
[  2439.537s] EVENT ValidationStarted { passage_index: 0, timestamp: 1766627269 }
[  2439.537s] EVENT PassageCompleted: passage #0
[  2439.537s] EVENT FileCompleted: "C:\\Users\\Mango Cat\\Music\\Aretha Franklin\\Knew You Were Waiting\u{f03a} The Best of Aretha Franklin 1980–1998\\08 - Another Night (single mix).mp3"
[  2439.537s] EVENT FileStarted: "C:\\Users\\Mango Cat\\Music\\Aretha Franklin\\Knew You Were Waiting\u{f03a} The Best of Aretha Franklin 1980–1998\\09 - Jumpin' Jack Flash (single version).mp3"
[  2439.537s] EVENT SingleTrackCheckCompleted { file_path: "C:\\Users\\Mango Cat\\Music\\Aretha Franklin\\Knew You Were Waiting\u{f03a} The Best of Aretha Franklin 1980–1998\\09 - Jumpin' Jack Flash (single version).mp3", score: 2.8, is_single_track: true }
[  2448.717s] EVENT BoundaryDetected { passage_index: 0, start_time: 0, end_time: 7602094080, confidence: 0.5, timestamp: 1766627279 }
[  2448.717s] EVENT PassageStarted: passage #0
[  2448.717s] EVENT ExtractionProgress { passage_index: 0, extractor: "ID3", status: "running", timestamp: 1766627279 }
[  2448.717s] EVENT ExtractionProgress { passage_index: 0, extractor: "ID3", status: "completed", timestamp: 1766627279 }
[  2448.717s] EVENT ExtractionProgress { passage_index: 0, extractor: "Chromaprint", status: "running", timestamp: 1766627279 }
[  2449.007s] EVENT ExtractionProgress { passage_index: 0, extractor: "Chromaprint", status: "completed", timestamp: 1766627279 }
[  2449.007s] EVENT ExtractionProgress { passage_index: 0, extractor: "AudioDerived", status: "running", timestamp: 1766627279 }
[  2449.492s] EVENT ExtractionProgress { passage_index: 0, extractor: "AudioDerived", status: "completed", timestamp: 1766627279 }
[  2449.492s] EVENT ExtractionProgress { passage_index: 0, extractor: "ID3GenreMapper", status: "running", timestamp: 1766627279 }
[  2449.492s] EVENT ExtractionProgress { passage_index: 0, extractor: "ID3GenreMapper", status: "completed", timestamp: 1766627279 }
[  2449.492s] EVENT FusionStarted { passage_index: 0, timestamp: 1766627279 }
[  2449.492s] EVENT ExtractionProgress { passage_index: 0, extractor: "MusicBrainz-Pass2", status: "running", timestamp: 1766627279 }
[  2449.495s] FILE_COMPLETE [103/5737] 09 - Jumpin' Jack Flash (single version).mp3 - 1 passages in 9.96s (total_elapsed: 2449.5s)
[  2449.495s] FILE_START [104/5737] 10 - Jimmy Lee (single version).mp3
[  2449.500s] EVENT ExtractionProgress { passage_index: 0, extractor: "MusicBrainz-Pass2", status: "completed", timestamp: 1766627279 }
[  2449.500s] EVENT FusionStarted { passage_index: 0, timestamp: 1766627279 }
[  2449.500s] EVENT ValidationStarted { passage_index: 0, timestamp: 1766627279 }
[  2449.500s] EVENT PassageCompleted: passage #0
[  2449.500s] EVENT FileCompleted: "C:\\Users\\Mango Cat\\Music\\Aretha Franklin\\Knew You Were Waiting\u{f03a} The Best of Aretha Franklin 1980–1998\\09 - Jumpin' Jack Flash (single version).mp3"
[  2449.500s] EVENT FileStarted: "C:\\Users\\Mango Cat\\Music\\Aretha Franklin\\Knew You Were Waiting\u{f03a} The Best of Aretha Franklin 1980–1998\\10 - Jimmy Lee (single version).mp3"
[  2449.500s] EVENT SingleTrackCheckCompleted { file_path: "C:\\Users\\Mango Cat\\Music\\Aretha Franklin\\Knew You Were Waiting\u{f03a} The Best of Aretha Franklin 1980–1998\\10 - Jimmy Lee (single version).mp3", score: 2.8, is_single_track: true }
[  2458.590s] EVENT BoundaryDetected { passage_index: 0, start_time: 0, end_time: 7509196800, confidence: 0.5, timestamp: 1766627289 }
[  2458.590s] EVENT PassageStarted: passage #0
[  2458.590s] EVENT ExtractionProgress { passage_index: 0, extractor: "ID3", status: "running", timestamp: 1766627289 }
[  2458.590s] EVENT ExtractionProgress { passage_index: 0, extractor: "ID3", status: "completed", timestamp: 1766627289 }
[  2458.590s] EVENT ExtractionProgress { passage_index: 0, extractor: "Chromaprint", status: "running", timestamp: 1766627289 }
[  2458.879s] EVENT ExtractionProgress { passage_index: 0, extractor: "Chromaprint", status: "completed", timestamp: 1766627289 }
[  2458.879s] EVENT ExtractionProgress { passage_index: 0, extractor: "AudioDerived", status: "running", timestamp: 1766627289 }
[  2459.358s] EVENT ExtractionProgress { passage_index: 0, extractor: "AudioDerived", status: "completed", timestamp: 1766627289 }
[  2459.358s] EVENT ExtractionProgress { passage_index: 0, extractor: "ID3GenreMapper", status: "running", timestamp: 1766627289 }
[  2459.358s] EVENT ExtractionProgress { passage_index: 0, extractor: "ID3GenreMapper", status: "completed", timestamp: 1766627289 }
[  2459.358s] EVENT FusionStarted { passage_index: 0, timestamp: 1766627289 }
[  2459.358s] EVENT ExtractionProgress { passage_index: 0, extractor: "MusicBrainz-Pass2", status: "running", timestamp: 1766627289 }
[  2459.361s] FILE_COMPLETE [104/5737] 10 - Jimmy Lee (single version).mp3 - 1 passages in 9.87s (total_elapsed: 2459.4s)
[  2459.361s] FILE_START [105/5737] 11 - I Knew You Were Waiting (For Me).mp3
[  2459.366s] EVENT ExtractionProgress { passage_index: 0, extractor: "MusicBrainz-Pass2", status: "completed", timestamp: 1766627289 }
[  2459.366s] EVENT FusionStarted { passage_index: 0, timestamp: 1766627289 }
[  2459.366s] EVENT ValidationStarted { passage_index: 0, timestamp: 1766627289 }
[  2459.366s] EVENT PassageCompleted: passage #0
[  2459.366s] EVENT FileCompleted: "C:\\Users\\Mango Cat\\Music\\Aretha Franklin\\Knew You Were Waiting\u{f03a} The Best of Aretha Franklin 1980–1998\\10 - Jimmy Lee (single version).mp3"
[  2459.366s] EVENT FileStarted: "C:\\Users\\Mango Cat\\Music\\Aretha Franklin\\Knew You Were Waiting\u{f03a} The Best of Aretha Franklin 1980–1998\\11 - I Knew You Were Waiting (For Me).mp3"
[  2459.366s] EVENT SingleTrackCheckCompleted { file_path: "C:\\Users\\Mango Cat\\Music\\Aretha Franklin\\Knew You Were Waiting\u{f03a} The Best of Aretha Franklin 1980–1998\\11 - I Knew You Were Waiting (For Me).mp3", score: 2.8, is_single_track: true }
[  2467.622s] EVENT BoundaryDetected { passage_index: 0, start_time: 0, end_time: 6827950080, confidence: 0.5, timestamp: 1766627298 }
[  2467.622s] EVENT PassageStarted: passage #0
[  2467.622s] EVENT ExtractionProgress { passage_index: 0, extractor: "ID3", status: "running", timestamp: 1766627298 }
[  2467.622s] EVENT ExtractionProgress { passage_index: 0, extractor: "ID3", status: "completed", timestamp: 1766627298 }
[  2467.622s] EVENT ExtractionProgress { passage_index: 0, extractor: "Chromaprint", status: "running", timestamp: 1766627298 }
[  2467.884s] EVENT ExtractionProgress { passage_index: 0, extractor: "Chromaprint", status: "completed", timestamp: 1766627298 }
[  2467.884s] EVENT ExtractionProgress { passage_index: 0, extractor: "AudioDerived", status: "running", timestamp: 1766627298 }
[  2468.319s] EVENT ExtractionProgress { passage_index: 0, extractor: "AudioDerived", status: "completed", timestamp: 1766627298 }
[  2468.319s] EVENT ExtractionProgress { passage_index: 0, extractor: "ID3GenreMapper", status: "running", timestamp: 1766627298 }
[  2468.319s] EVENT ExtractionProgress { passage_index: 0, extractor: "ID3GenreMapper", status: "completed", timestamp: 1766627298 }
[  2468.319s] EVENT FusionStarted { passage_index: 0, timestamp: 1766627298 }
[  2468.319s] EVENT ExtractionProgress { passage_index: 0, extractor: "MusicBrainz-Pass2", status: "running", timestamp: 1766627298 }
[  2468.326s] FILE_COMPLETE [105/5737] 11 - I Knew You Were Waiting (For Me).mp3 - 1 passages in 8.96s (total_elapsed: 2468.3s)
[  2468.326s] FILE_START [106/5737] 12 - Through the Storm.mp3
[  2468.328s] EVENT ExtractionProgress { passage_index: 0, extractor: "MusicBrainz-Pass2", status: "completed", timestamp: 1766627298 }
[  2468.328s] EVENT FusionStarted { passage_index: 0, timestamp: 1766627298 }
[  2468.328s] EVENT ValidationStarted { passage_index: 0, timestamp: 1766627298 }
[  2468.328s] EVENT PassageCompleted: passage #0
[  2468.328s] EVENT FileCompleted: "C:\\Users\\Mango Cat\\Music\\Aretha Franklin\\Knew You Were Waiting\u{f03a} The Best of Aretha Franklin 1980–1998\\11 - I Knew You Were Waiting (For Me).mp3"
[  2468.328s] EVENT FileStarted: "C:\\Users\\Mango Cat\\Music\\Aretha Franklin\\Knew You Were Waiting\u{f03a} The Best of Aretha Franklin 1980–1998\\12 - Through the Storm.mp3"
[  2468.328s] EVENT SingleTrackCheckCompleted { file_path: "C:\\Users\\Mango Cat\\Music\\Aretha Franklin\\Knew You Were Waiting\u{f03a} The Best of Aretha Franklin 1980–1998\\12 - Through the Storm.mp3", score: 2.8, is_single_track: true }
[  2477.283s] EVENT BoundaryDetected { passage_index: 0, start_time: 0, end_time: 7413350400, confidence: 0.5, timestamp: 1766627307 }
[  2477.283s] EVENT PassageStarted: passage #0
[  2477.283s] EVENT ExtractionProgress { passage_index: 0, extractor: "ID3", status: "running", timestamp: 1766627307 }
[  2477.283s] EVENT ExtractionProgress { passage_index: 0, extractor: "ID3", status: "completed", timestamp: 1766627307 }
[  2477.283s] EVENT ExtractionProgress { passage_index: 0, extractor: "Chromaprint", status: "running", timestamp: 1766627307 }
[  2477.566s] EVENT ExtractionProgress { passage_index: 0, extractor: "Chromaprint", status: "completed", timestamp: 1766627308 }
[  2477.566s] EVENT ExtractionProgress { passage_index: 0, extractor: "AudioDerived", status: "running", timestamp: 1766627308 }
[  2478.038s] EVENT ExtractionProgress { passage_index: 0, extractor: "AudioDerived", status: "completed", timestamp: 1766627308 }
[  2478.038s] EVENT ExtractionProgress { passage_index: 0, extractor: "ID3GenreMapper", status: "running", timestamp: 1766627308 }
[  2478.038s] EVENT ExtractionProgress { passage_index: 0, extractor: "ID3GenreMapper", status: "completed", timestamp: 1766627308 }
[  2478.039s] EVENT FusionStarted { passage_index: 0, timestamp: 1766627308 }
[  2478.039s] EVENT ExtractionProgress { passage_index: 0, extractor: "MusicBrainz-Pass2", status: "running", timestamp: 1766627308 }
[  2478.045s] FILE_COMPLETE [106/5737] 12 - Through the Storm.mp3 - 1 passages in 9.72s (total_elapsed: 2478.0s)
[  2478.045s] FILE_START [107/5737] 13 - It Isn't, It Wasn't, It Ain't Never Gonna Be (single version).mp3
[  2478.047s] EVENT ExtractionProgress { passage_index: 0, extractor: "MusicBrainz-Pass2", status: "completed", timestamp: 1766627308 }
[  2478.047s] EVENT FusionStarted { passage_index: 0, timestamp: 1766627308 }
[  2478.047s] EVENT ValidationStarted { passage_index: 0, timestamp: 1766627308 }
[  2478.047s] EVENT PassageCompleted: passage #0
[  2478.047s] EVENT FileCompleted: "C:\\Users\\Mango Cat\\Music\\Aretha Franklin\\Knew You Were Waiting\u{f03a} The Best of Aretha Franklin 1980–1998\\12 - Through the Storm.mp3"
[  2478.047s] EVENT FileStarted: "C:\\Users\\Mango Cat\\Music\\Aretha Franklin\\Knew You Were Waiting\u{f03a} The Best of Aretha Franklin 1980–1998\\13 - It Isn't, It Wasn't, It Ain't Never Gonna Be (single version).mp3"
[  2478.047s] EVENT SingleTrackCheckCompleted { file_path: "C:\\Users\\Mango Cat\\Music\\Aretha Franklin\\Knew You Were Waiting\u{f03a} The Best of Aretha Franklin 1980–1998\\13 - It Isn't, It Wasn't, It Ain't Never Gonna Be (single version).mp3", score: 2.8, is_single_track: true }
[  2486.749s] EVENT BoundaryDetected { passage_index: 0, start_time: 0, end_time: 7238615040, confidence: 0.5, timestamp: 1766627317 }
[  2486.749s] EVENT PassageStarted: passage #0
[  2486.749s] EVENT ExtractionProgress { passage_index: 0, extractor: "ID3", status: "running", timestamp: 1766627317 }
[  2486.749s] EVENT ExtractionProgress { passage_index: 0, extractor: "ID3", status: "completed", timestamp: 1766627317 }
[  2486.749s] EVENT ExtractionProgress { passage_index: 0, extractor: "Chromaprint", status: "running", timestamp: 1766627317 }
[  2487.024s] EVENT ExtractionProgress { passage_index: 0, extractor: "Chromaprint", status: "completed", timestamp: 1766627317 }
[  2487.024s] EVENT ExtractionProgress { passage_index: 0, extractor: "AudioDerived", status: "running", timestamp: 1766627317 }
[  2487.485s] EVENT ExtractionProgress { passage_index: 0, extractor: "AudioDerived", status: "completed", timestamp: 1766627317 }
[  2487.485s] EVENT ExtractionProgress { passage_index: 0, extractor: "ID3GenreMapper", status: "running", timestamp: 1766627317 }
[  2487.485s] EVENT ExtractionProgress { passage_index: 0, extractor: "ID3GenreMapper", status: "completed", timestamp: 1766627317 }
[  2487.485s] EVENT FusionStarted { passage_index: 0, timestamp: 1766627317 }
[  2487.485s] EVENT ExtractionProgress { passage_index: 0, extractor: "MusicBrainz-Pass2", status: "running", timestamp: 1766627317 }
[  2487.492s] FILE_COMPLETE [107/5737] 13 - It Isn't, It Wasn't, It Ain't Never Gonna Be (single version).mp3 - 1 passages in 9.45s (total_elapsed: 2487.5s)
[  2487.492s] FILE_START [108/5737] 14 - Ever Changing Times (single edit).mp3
[  2487.494s] EVENT ExtractionProgress { passage_index: 0, extractor: "MusicBrainz-Pass2", status: "completed", timestamp: 1766627317 }
[  2487.494s] EVENT FusionStarted { passage_index: 0, timestamp: 1766627317 }
[  2487.494s] EVENT ValidationStarted { passage_index: 0, timestamp: 1766627317 }
[  2487.494s] EVENT PassageCompleted: passage #0
[  2487.494s] EVENT FileCompleted: "C:\\Users\\Mango Cat\\Music\\Aretha Franklin\\Knew You Were Waiting\u{f03a} The Best of Aretha Franklin 1980–1998\\13 - It Isn't, It Wasn't, It Ain't Never Gonna Be (single version).mp3"
[  2487.494s] EVENT FileStarted: "C:\\Users\\Mango Cat\\Music\\Aretha Franklin\\Knew You Were Waiting\u{f03a} The Best of Aretha Franklin 1980–1998\\14 - Ever Changing Times (single edit).mp3"
[  2487.494s] EVENT SingleTrackCheckCompleted { file_path: "C:\\Users\\Mango Cat\\Music\\Aretha Franklin\\Knew You Were Waiting\u{f03a} The Best of Aretha Franklin 1980–1998\\14 - Ever Changing Times (single edit).mp3", score: 2.8, is_single_track: true }
[  2496.686s] EVENT BoundaryDetected { passage_index: 0, start_time: 0, end_time: 7593984000, confidence: 0.5, timestamp: 1766627327 }
[  2496.686s] EVENT PassageStarted: passage #0
[  2496.686s] EVENT ExtractionProgress { passage_index: 0, extractor: "ID3", status: "running", timestamp: 1766627327 }
[  2496.686s] EVENT ExtractionProgress { passage_index: 0, extractor: "ID3", status: "completed", timestamp: 1766627327 }
[  2496.686s] EVENT ExtractionProgress { passage_index: 0, extractor: "Chromaprint", status: "running", timestamp: 1766627327 }
[  2496.977s] EVENT ExtractionProgress { passage_index: 0, extractor: "Chromaprint", status: "completed", timestamp: 1766627327 }
[  2496.977s] EVENT ExtractionProgress { passage_index: 0, extractor: "AudioDerived", status: "running", timestamp: 1766627327 }
[  2497.460s] EVENT ExtractionProgress { passage_index: 0, extractor: "AudioDerived", status: "completed", timestamp: 1766627327 }
[  2497.460s] EVENT ExtractionProgress { passage_index: 0, extractor: "ID3GenreMapper", status: "running", timestamp: 1766627327 }
[  2497.460s] EVENT ExtractionProgress { passage_index: 0, extractor: "ID3GenreMapper", status: "completed", timestamp: 1766627327 }
[  2497.460s] EVENT FusionStarted { passage_index: 0, timestamp: 1766627327 }
[  2497.460s] EVENT ExtractionProgress { passage_index: 0, extractor: "MusicBrainz-Pass2", status: "running", timestamp: 1766627327 }
[  2497.463s] FILE_COMPLETE [108/5737] 14 - Ever Changing Times (single edit).mp3 - 1 passages in 9.97s (total_elapsed: 2497.5s)
[  2497.463s] FILE_START [109/5737] 15 - Willing to Forgive.mp3
[  2497.468s] EVENT ExtractionProgress { passage_index: 0, extractor: "MusicBrainz-Pass2", status: "completed", timestamp: 1766627327 }
[  2497.468s] EVENT FusionStarted { passage_index: 0, timestamp: 1766627327 }
[  2497.468s] EVENT ValidationStarted { passage_index: 0, timestamp: 1766627327 }
[  2497.468s] EVENT PassageCompleted: passage #0
[  2497.468s] EVENT FileCompleted: "C:\\Users\\Mango Cat\\Music\\Aretha Franklin\\Knew You Were Waiting\u{f03a} The Best of Aretha Franklin 1980–1998\\14 - Ever Changing Times (single edit).mp3"
[  2497.468s] EVENT FileStarted: "C:\\Users\\Mango Cat\\Music\\Aretha Franklin\\Knew You Were Waiting\u{f03a} The Best of Aretha Franklin 1980–1998\\15 - Willing to Forgive.mp3"
[  2497.468s] EVENT SingleTrackCheckCompleted { file_path: "C:\\Users\\Mango Cat\\Music\\Aretha Franklin\\Knew You Were Waiting\u{f03a} The Best of Aretha Franklin 1980–1998\\15 - Willing to Forgive.mp3", score: 2.8, is_single_track: true }
[  2506.088s] EVENT BoundaryDetected { passage_index: 0, start_time: 0, end_time: 7123599360, confidence: 0.5, timestamp: 1766627336 }
[  2506.088s] EVENT PassageStarted: passage #0
[  2506.088s] EVENT ExtractionProgress { passage_index: 0, extractor: "ID3", status: "running", timestamp: 1766627336 }
[  2506.088s] EVENT ExtractionProgress { passage_index: 0, extractor: "ID3", status: "completed", timestamp: 1766627336 }
[  2506.088s] EVENT ExtractionProgress { passage_index: 0, extractor: "Chromaprint", status: "running", timestamp: 1766627336 }
[  2506.359s] EVENT ExtractionProgress { passage_index: 0, extractor: "Chromaprint", status: "completed", timestamp: 1766627336 }
[  2506.360s] EVENT ExtractionProgress { passage_index: 0, extractor: "AudioDerived", status: "running", timestamp: 1766627336 }
[  2506.811s] EVENT ExtractionProgress { passage_index: 0, extractor: "AudioDerived", status: "completed", timestamp: 1766627337 }
[  2506.812s] EVENT ExtractionProgress { passage_index: 0, extractor: "ID3GenreMapper", status: "running", timestamp: 1766627337 }
[  2506.812s] EVENT ExtractionProgress { passage_index: 0, extractor: "ID3GenreMapper", status: "completed", timestamp: 1766627337 }
[  2506.812s] EVENT FusionStarted { passage_index: 0, timestamp: 1766627337 }
[  2506.812s] EVENT ExtractionProgress { passage_index: 0, extractor: "MusicBrainz-Pass2", status: "running", timestamp: 1766627337 }
[  2506.814s] FILE_COMPLETE [109/5737] 15 - Willing to Forgive.mp3 - 1 passages in 9.35s (total_elapsed: 2506.8s)
[  2506.814s] FILE_START [110/5737] 16 - A Rose Is Still a Rose (original radio edit).mp3
[  2506.819s] EVENT ExtractionProgress { passage_index: 0, extractor: "MusicBrainz-Pass2", status: "completed", timestamp: 1766627337 }
[  2506.819s] EVENT FusionStarted { passage_index: 0, timestamp: 1766627337 }
[  2506.819s] EVENT ValidationStarted { passage_index: 0, timestamp: 1766627337 }
[  2506.819s] EVENT PassageCompleted: passage #0
[  2506.819s] EVENT FileCompleted: "C:\\Users\\Mango Cat\\Music\\Aretha Franklin\\Knew You Were Waiting\u{f03a} The Best of Aretha Franklin 1980–1998\\15 - Willing to Forgive.mp3"
[  2506.819s] EVENT FileStarted: "C:\\Users\\Mango Cat\\Music\\Aretha Franklin\\Knew You Were Waiting\u{f03a} The Best of Aretha Franklin 1980–1998\\16 - A Rose Is Still a Rose (original radio edit).mp3"
[  2506.819s] EVENT SingleTrackCheckCompleted { file_path: "C:\\Users\\Mango Cat\\Music\\Aretha Franklin\\Knew You Were Waiting\u{f03a} The Best of Aretha Franklin 1980–1998\\16 - A Rose Is Still a Rose (original radio edit).mp3", score: 2.8, is_single_track: true }
[  2514.773s] EVENT BoundaryDetected { passage_index: 0, start_time: 0, end_time: 6591283200, confidence: 0.5, timestamp: 1766627345 }
[  2514.773s] EVENT PassageStarted: passage #0
[  2514.773s] EVENT ExtractionProgress { passage_index: 0, extractor: "ID3", status: "running", timestamp: 1766627345 }
[  2514.773s] EVENT ExtractionProgress { passage_index: 0, extractor: "ID3", status: "completed", timestamp: 1766627345 }
[  2514.773s] EVENT ExtractionProgress { passage_index: 0, extractor: "Chromaprint", status: "running", timestamp: 1766627345 }
[  2515.030s] EVENT ExtractionProgress { passage_index: 0, extractor: "Chromaprint", status: "completed", timestamp: 1766627345 }
[  2515.030s] EVENT ExtractionProgress { passage_index: 0, extractor: "AudioDerived", status: "running", timestamp: 1766627345 }
[  2515.450s] EVENT ExtractionProgress { passage_index: 0, extractor: "AudioDerived", status: "completed", timestamp: 1766627345 }
[  2515.450s] EVENT ExtractionProgress { passage_index: 0, extractor: "ID3GenreMapper", status: "running", timestamp: 1766627345 }
[  2515.450s] EVENT ExtractionProgress { passage_index: 0, extractor: "ID3GenreMapper", status: "completed", timestamp: 1766627345 }
[  2515.450s] EVENT FusionStarted { passage_index: 0, timestamp: 1766627345 }
[  2515.450s] EVENT ExtractionProgress { passage_index: 0, extractor: "MusicBrainz-Pass2", status: "running", timestamp: 1766627345 }
[  2515.452s] FILE_COMPLETE [110/5737] 16 - A Rose Is Still a Rose (original radio edit).mp3 - 1 passages in 8.64s (total_elapsed: 2515.4s)
[  2515.452s] PROGRESS 110/5737 (1.9%) - 0.04 files/sec - ETA: 2144.6min
[  2515.452s] FILE_START [111/5737] 101 - I Never Loved a Man (The Way I Love You).mp3
[  2515.458s] EVENT ExtractionProgress { passage_index: 0, extractor: "MusicBrainz-Pass2", status: "completed", timestamp: 1766627345 }
[  2515.458s] EVENT FusionStarted { passage_index: 0, timestamp: 1766627345 }
[  2515.458s] EVENT ValidationStarted { passage_index: 0, timestamp: 1766627345 }
[  2515.458s] EVENT PassageCompleted: passage #0
[  2515.458s] EVENT FileCompleted: "C:\\Users\\Mango Cat\\Music\\Aretha Franklin\\Knew You Were Waiting\u{f03a} The Best of Aretha Franklin 1980–1998\\16 - A Rose Is Still a Rose (original radio edit).mp3"
[  2515.458s] EVENT FileStarted: "C:\\Users\\Mango Cat\\Music\\Aretha Franklin\\The Atlantic Singles Collection 1967–1970\\101 - I Never Loved a Man (The Way I Love You).mp3"
[  2515.458s] EVENT SingleTrackCheckCompleted { file_path: "C:\\Users\\Mango Cat\\Music\\Aretha Franklin\\The Atlantic Singles Collection 1967–1970\\101 - I Never Loved a Man (The Way I Love You).mp3", score: 1.8, is_single_track: true }
[  2521.248s] EVENT BoundaryDetected { passage_index: 0, start_time: 0, end_time: 4854988800, confidence: 0.5, timestamp: 1766627351 }
[  2521.248s] EVENT PassageStarted: passage #0
[  2521.248s] EVENT ExtractionProgress { passage_index: 0, extractor: "ID3", status: "running", timestamp: 1766627351 }
[  2521.248s] EVENT ExtractionProgress { passage_index: 0, extractor: "ID3", status: "completed", timestamp: 1766627351 }
[  2521.248s] EVENT ExtractionProgress { passage_index: 0, extractor: "Chromaprint", status: "running", timestamp: 1766627351 }
[  2521.429s] EVENT ExtractionProgress { passage_index: 0, extractor: "Chromaprint", status: "completed", timestamp: 1766627351 }
[  2521.429s] EVENT ExtractionProgress { passage_index: 0, extractor: "AudioDerived", status: "running", timestamp: 1766627351 }
[  2521.737s] EVENT ExtractionProgress { passage_index: 0, extractor: "AudioDerived", status: "completed", timestamp: 1766627352 }
[  2521.737s] EVENT ExtractionProgress { passage_index: 0, extractor: "ID3GenreMapper", status: "running", timestamp: 1766627352 }
[  2521.737s] EVENT ExtractionProgress { passage_index: 0, extractor: "ID3GenreMapper", status: "completed", timestamp: 1766627352 }
[  2521.737s] EVENT FusionStarted { passage_index: 0, timestamp: 1766627352 }
[  2521.737s] EVENT ExtractionProgress { passage_index: 0, extractor: "MusicBrainz-Pass2", status: "running", timestamp: 1766627352 }
[  2521.743s] FILE_COMPLETE [111/5737] 101 - I Never Loved a Man (The Way I Love You).mp3 - 1 passages in 6.29s (total_elapsed: 2521.7s)
[  2521.743s] FILE_START [112/5737] 102 - Do Right Woman – Do Right Man.mp3
[  2521.745s] EVENT ExtractionProgress { passage_index: 0, extractor: "MusicBrainz-Pass2", status: "completed", timestamp: 1766627352 }
[  2521.745s] EVENT FusionStarted { passage_index: 0, timestamp: 1766627352 }
[  2521.745s] EVENT ValidationStarted { passage_index: 0, timestamp: 1766627352 }
[  2521.745s] EVENT PassageCompleted: passage #0
[  2521.745s] EVENT FileCompleted: "C:\\Users\\Mango Cat\\Music\\Aretha Franklin\\The Atlantic Singles Collection 1967–1970\\101 - I Never Loved a Man (The Way I Love You).mp3"
[  2521.745s] EVENT FileStarted: "C:\\Users\\Mango Cat\\Music\\Aretha Franklin\\The Atlantic Singles Collection 1967–1970\\102 - Do Right Woman – Do Right Man.mp3"
[  2521.745s] EVENT SingleTrackCheckCompleted { file_path: "C:\\Users\\Mango Cat\\Music\\Aretha Franklin\\The Atlantic Singles Collection 1967–1970\\102 - Do Right Woman – Do Right Man.mp3", score: 1.8, is_single_track: true }
[  2528.293s] EVENT BoundaryDetected { passage_index: 0, start_time: 0, end_time: 5514117120, confidence: 0.5, timestamp: 1766627358 }
[  2528.293s] EVENT PassageStarted: passage #0
[  2528.293s] EVENT ExtractionProgress { passage_index: 0, extractor: "ID3", status: "running", timestamp: 1766627358 }
[  2528.293s] EVENT ExtractionProgress { passage_index: 0, extractor: "ID3", status: "completed", timestamp: 1766627358 }
[  2528.293s] EVENT ExtractionProgress { passage_index: 0, extractor: "Chromaprint", status: "running", timestamp: 1766627358 }
[  2528.506s] EVENT ExtractionProgress { passage_index: 0, extractor: "Chromaprint", status: "completed", timestamp: 1766627358 }
[  2528.506s] EVENT ExtractionProgress { passage_index: 0, extractor: "AudioDerived", status: "running", timestamp: 1766627358 }
[  2528.852s] EVENT ExtractionProgress { passage_index: 0, extractor: "AudioDerived", status: "completed", timestamp: 1766627359 }
[  2528.852s] EVENT ExtractionProgress { passage_index: 0, extractor: "ID3GenreMapper", status: "running", timestamp: 1766627359 }
[  2528.852s] EVENT ExtractionProgress { passage_index: 0, extractor: "ID3GenreMapper", status: "completed", timestamp: 1766627359 }
[  2528.852s] EVENT FusionStarted { passage_index: 0, timestamp: 1766627359 }
[  2528.852s] EVENT ExtractionProgress { passage_index: 0, extractor: "MusicBrainz-Pass2", status: "running", timestamp: 1766627359 }
[  2528.855s] FILE_COMPLETE [112/5737] 102 - Do Right Woman – Do Right Man.mp3 - 1 passages in 7.11s (total_elapsed: 2528.9s)
[  2528.855s] FILE_START [113/5737] 103 - Respect (mono version).mp3
[  2528.860s] EVENT ExtractionProgress { passage_index: 0, extractor: "MusicBrainz-Pass2", status: "completed", timestamp: 1766627359 }
[  2528.860s] EVENT FusionStarted { passage_index: 0, timestamp: 1766627359 }
[  2528.860s] EVENT ValidationStarted { passage_index: 0, timestamp: 1766627359 }
[  2528.860s] EVENT PassageCompleted: passage #0
[  2528.860s] EVENT FileCompleted: "C:\\Users\\Mango Cat\\Music\\Aretha Franklin\\The Atlantic Singles Collection 1967–1970\\102 - Do Right Woman – Do Right Man.mp3"
[  2528.860s] EVENT FileStarted: "C:\\Users\\Mango Cat\\Music\\Aretha Franklin\\The Atlantic Singles Collection 1967–1970\\103 - Respect (mono version).mp3"
[  2528.860s] EVENT SingleTrackCheckCompleted { file_path: "C:\\Users\\Mango Cat\\Music\\Aretha Franklin\\The Atlantic Singles Collection 1967–1970\\103 - Respect (mono version).mp3", score: 1.8, is_single_track: true }
[  2533.780s] EVENT BoundaryDetected { passage_index: 0, start_time: 0, end_time: 4143513600, confidence: 0.5, timestamp: 1766627364 }
[  2533.780s] EVENT PassageStarted: passage #0
[  2533.780s] EVENT ExtractionProgress { passage_index: 0, extractor: "ID3", status: "running", timestamp: 1766627364 }
[  2533.780s] EVENT ExtractionProgress { passage_index: 0, extractor: "ID3", status: "completed", timestamp: 1766627364 }
[  2533.780s] EVENT ExtractionProgress { passage_index: 0, extractor: "Chromaprint", status: "running", timestamp: 1766627364 }
[  2533.942s] EVENT ExtractionProgress { passage_index: 0, extractor: "Chromaprint", status: "completed", timestamp: 1766627364 }
[  2533.942s] EVENT ExtractionProgress { passage_index: 0, extractor: "AudioDerived", status: "running", timestamp: 1766627364 }
[  2534.205s] EVENT ExtractionProgress { passage_index: 0, extractor: "AudioDerived", status: "completed", timestamp: 1766627364 }
[  2534.205s] EVENT ExtractionProgress { passage_index: 0, extractor: "ID3GenreMapper", status: "running", timestamp: 1766627364 }
[  2534.205s] EVENT ExtractionProgress { passage_index: 0, extractor: "ID3GenreMapper", status: "completed", timestamp: 1766627364 }
[  2534.205s] EVENT FusionStarted { passage_index: 0, timestamp: 1766627364 }
[  2534.206s] EVENT ExtractionProgress { passage_index: 0, extractor: "MusicBrainz-Pass2", status: "running", timestamp: 1766627364 }
[  2534.207s] FILE_COMPLETE [113/5737] 103 - Respect (mono version).mp3 - 1 passages in 5.35s (total_elapsed: 2534.2s)
[  2534.207s] FILE_START [114/5737] 104 - Dr. Feelgood (Love Is Serious Business).mp3
[  2534.213s] EVENT ExtractionProgress { passage_index: 0, extractor: "MusicBrainz-Pass2", status: "completed", timestamp: 1766627364 }
[  2534.213s] EVENT FusionStarted { passage_index: 0, timestamp: 1766627364 }
[  2534.213s] EVENT ValidationStarted { passage_index: 0, timestamp: 1766627364 }
[  2534.213s] EVENT PassageCompleted: passage #0
[  2534.213s] EVENT FileCompleted: "C:\\Users\\Mango Cat\\Music\\Aretha Franklin\\The Atlantic Singles Collection 1967–1970\\103 - Respect (mono version).mp3"
[  2534.213s] EVENT FileStarted: "C:\\Users\\Mango Cat\\Music\\Aretha Franklin\\The Atlantic Singles Collection 1967–1970\\104 - Dr. Feelgood (Love Is Serious Business).mp3"
[  2534.213s] EVENT SingleTrackCheckCompleted { file_path: "C:\\Users\\Mango Cat\\Music\\Aretha Franklin\\The Atlantic Singles Collection 1967–1970\\104 - Dr. Feelgood (Love Is Serious Business).mp3", score: 1.8, is_single_track: true }
[  2541.017s] EVENT BoundaryDetected { passage_index: 0, start_time: 0, end_time: 5704335360, confidence: 0.5, timestamp: 1766627371 }
[  2541.017s] EVENT PassageStarted: passage #0
[  2541.017s] EVENT ExtractionProgress { passage_index: 0, extractor: "ID3", status: "running", timestamp: 1766627371 }
[  2541.017s] EVENT ExtractionProgress { passage_index: 0, extractor: "ID3", status: "completed", timestamp: 1766627371 }
[  2541.017s] EVENT ExtractionProgress { passage_index: 0, extractor: "Chromaprint", status: "running", timestamp: 1766627371 }
[  2541.243s] EVENT ExtractionProgress { passage_index: 0, extractor: "Chromaprint", status: "completed", timestamp: 1766627371 }
[  2541.243s] EVENT ExtractionProgress { passage_index: 0, extractor: "AudioDerived", status: "running", timestamp: 1766627371 }
[  2541.604s] EVENT ExtractionProgress { passage_index: 0, extractor: "AudioDerived", status: "completed", timestamp: 1766627372 }
[  2541.604s] EVENT ExtractionProgress { passage_index: 0, extractor: "ID3GenreMapper", status: "running", timestamp: 1766627372 }
[  2541.604s] EVENT ExtractionProgress { passage_index: 0, extractor: "ID3GenreMapper", status: "completed", timestamp: 1766627372 }
[  2541.604s] EVENT FusionStarted { passage_index: 0, timestamp: 1766627372 }
[  2541.604s] EVENT ExtractionProgress { passage_index: 0, extractor: "MusicBrainz-Pass2", status: "running", timestamp: 1766627372 }
[  2541.606s] FILE_COMPLETE [114/5737] 104 - Dr. Feelgood (Love Is Serious Business).mp3 - 1 passages in 7.40s (total_elapsed: 2541.6s)
[  2541.610s] FILE_START [115/5737] 105 - Baby I Love You.mp3
[  2541.612s] EVENT ExtractionProgress { passage_index: 0, extractor: "MusicBrainz-Pass2", status: "completed", timestamp: 1766627372 }
[  2541.612s] EVENT FusionStarted { passage_index: 0, timestamp: 1766627372 }
[  2541.612s] EVENT ValidationStarted { passage_index: 0, timestamp: 1766627372 }
[  2541.612s] EVENT PassageCompleted: passage #0
[  2541.612s] EVENT FileCompleted: "C:\\Users\\Mango Cat\\Music\\Aretha Franklin\\The Atlantic Singles Collection 1967–1970\\104 - Dr. Feelgood (Love Is Serious Business).mp3"
[  2541.612s] EVENT FileStarted: "C:\\Users\\Mango Cat\\Music\\Aretha Franklin\\The Atlantic Singles Collection 1967–1970\\105 - Baby I Love You.mp3"
[  2541.612s] EVENT SingleTrackCheckCompleted { file_path: "C:\\Users\\Mango Cat\\Music\\Aretha Franklin\\The Atlantic Singles Collection 1967–1970\\105 - Baby I Love You.mp3", score: 1.8, is_single_track: true }
[  2547.133s] EVENT BoundaryDetected { passage_index: 0, start_time: 0, end_time: 4633804800, confidence: 0.5, timestamp: 1766627377 }
[  2547.133s] EVENT PassageStarted: passage #0
[  2547.133s] EVENT ExtractionProgress { passage_index: 0, extractor: "ID3", status: "running", timestamp: 1766627377 }
[  2547.133s] EVENT ExtractionProgress { passage_index: 0, extractor: "ID3", status: "completed", timestamp: 1766627377 }
[  2547.133s] EVENT ExtractionProgress { passage_index: 0, extractor: "Chromaprint", status: "running", timestamp: 1766627377 }
[  2547.312s] EVENT ExtractionProgress { passage_index: 0, extractor: "Chromaprint", status: "completed", timestamp: 1766627377 }
[  2547.312s] EVENT ExtractionProgress { passage_index: 0, extractor: "AudioDerived", status: "running", timestamp: 1766627377 }
[  2547.606s] EVENT ExtractionProgress { passage_index: 0, extractor: "AudioDerived", status: "completed", timestamp: 1766627378 }
[  2547.606s] EVENT ExtractionProgress { passage_index: 0, extractor: "ID3GenreMapper", status: "running", timestamp: 1766627378 }
[  2547.606s] EVENT ExtractionProgress { passage_index: 0, extractor: "ID3GenreMapper", status: "completed", timestamp: 1766627378 }
[  2547.606s] EVENT FusionStarted { passage_index: 0, timestamp: 1766627378 }
[  2547.606s] EVENT ExtractionProgress { passage_index: 0, extractor: "MusicBrainz-Pass2", status: "running", timestamp: 1766627378 }
[  2547.612s] FILE_COMPLETE [115/5737] 105 - Baby I Love You.mp3 - 1 passages in 6.00s (total_elapsed: 2547.6s)
[  2547.612s] FILE_START [116/5737] 106 - Going Down Slow.mp3
[  2547.613s] EVENT ExtractionProgress { passage_index: 0, extractor: "MusicBrainz-Pass2", status: "completed", timestamp: 1766627378 }
[  2547.613s] EVENT FusionStarted { passage_index: 0, timestamp: 1766627378 }
[  2547.613s] EVENT ValidationStarted { passage_index: 0, timestamp: 1766627378 }
[  2547.613s] EVENT PassageCompleted: passage #0
[  2547.613s] EVENT FileCompleted: "C:\\Users\\Mango Cat\\Music\\Aretha Franklin\\The Atlantic Singles Collection 1967–1970\\105 - Baby I Love You.mp3"
[  2547.613s] EVENT FileStarted: "C:\\Users\\Mango Cat\\Music\\Aretha Franklin\\The Atlantic Singles Collection 1967–1970\\106 - Going Down Slow.mp3"
[  2547.613s] EVENT SingleTrackCheckCompleted { file_path: "C:\\Users\\Mango Cat\\Music\\Aretha Franklin\\The Atlantic Singles Collection 1967–1970\\106 - Going Down Slow.mp3", score: 1.8, is_single_track: true }
[  2556.768s] EVENT BoundaryDetected { passage_index: 0, start_time: 0, end_time: 7214054400, confidence: 0.8, timestamp: 1766627387 }
[  2556.768s] EVENT PassageStarted: passage #0
[  2556.768s] EVENT ExtractionProgress { passage_index: 0, extractor: "ID3", status: "running", timestamp: 1766627387 }
[  2556.768s] EVENT ExtractionProgress { passage_index: 0, extractor: "ID3", status: "completed", timestamp: 1766627387 }
[  2556.768s] EVENT ExtractionProgress { passage_index: 0, extractor: "Chromaprint", status: "running", timestamp: 1766627387 }
[  2557.063s] EVENT ExtractionProgress { passage_index: 0, extractor: "Chromaprint", status: "completed", timestamp: 1766627387 }
[  2557.063s] EVENT ExtractionProgress { passage_index: 0, extractor: "AudioDerived", status: "running", timestamp: 1766627387 }
[  2557.551s] EVENT ExtractionProgress { passage_index: 0, extractor: "AudioDerived", status: "completed", timestamp: 1766627387 }
[  2557.551s] EVENT ExtractionProgress { passage_index: 0, extractor: "ID3GenreMapper", status: "running", timestamp: 1766627387 }
[  2557.551s] EVENT ExtractionProgress { passage_index: 0, extractor: "ID3GenreMapper", status: "completed", timestamp: 1766627387 }
[  2557.551s] EVENT FusionStarted { passage_index: 0, timestamp: 1766627387 }
[  2557.551s] EVENT ExtractionProgress { passage_index: 0, extractor: "MusicBrainz-Pass2", status: "running", timestamp: 1766627387 }
[  2557.554s] FILE_COMPLETE [116/5737] 106 - Going Down Slow.mp3 - 1 passages in 9.94s (total_elapsed: 2557.6s)
[  2557.554s] FILE_START [117/5737] 107 - A Natural Woman (You Make Me Feel Like).mp3
[  2557.559s] EVENT ExtractionProgress { passage_index: 0, extractor: "MusicBrainz-Pass2", status: "completed", timestamp: 1766627388 }
[  2557.560s] EVENT FusionStarted { passage_index: 0, timestamp: 1766627388 }
[  2557.560s] EVENT ValidationStarted { passage_index: 0, timestamp: 1766627388 }
[  2557.560s] EVENT PassageCompleted: passage #0
[  2557.560s] EVENT FileCompleted: "C:\\Users\\Mango Cat\\Music\\Aretha Franklin\\The Atlantic Singles Collection 1967–1970\\106 - Going Down Slow.mp3"
[  2557.560s] EVENT FileStarted: "C:\\Users\\Mango Cat\\Music\\Aretha Franklin\\The Atlantic Singles Collection 1967–1970\\107 - A Natural Woman (You Make Me Feel Like).mp3"
[  2557.560s] EVENT SingleTrackCheckCompleted { file_path: "C:\\Users\\Mango Cat\\Music\\Aretha Franklin\\The Atlantic Singles Collection 1967–1970\\107 - A Natural Woman (You Make Me Feel Like).mp3", score: 1.8, is_single_track: true }
[  2563.181s] EVENT BoundaryDetected { passage_index: 0, start_time: 0, end_time: 4713431040, confidence: 0.5, timestamp: 1766627393 }
[  2563.181s] EVENT PassageStarted: passage #0
[  2563.181s] EVENT ExtractionProgress { passage_index: 0, extractor: "ID3", status: "running", timestamp: 1766627393 }
[  2563.181s] EVENT ExtractionProgress { passage_index: 0, extractor: "ID3", status: "completed", timestamp: 1766627393 }
[  2563.181s] EVENT ExtractionProgress { passage_index: 0, extractor: "Chromaprint", status: "running", timestamp: 1766627393 }
[  2563.367s] EVENT ExtractionProgress { passage_index: 0, extractor: "Chromaprint", status: "completed", timestamp: 1766627393 }
[  2563.367s] EVENT ExtractionProgress { passage_index: 0, extractor: "AudioDerived", status: "running", timestamp: 1766627393 }
[  2563.664s] EVENT ExtractionProgress { passage_index: 0, extractor: "AudioDerived", status: "completed", timestamp: 1766627394 }
[  2563.664s] EVENT ExtractionProgress { passage_index: 0, extractor: "ID3GenreMapper", status: "running", timestamp: 1766627394 }
[  2563.664s] EVENT ExtractionProgress { passage_index: 0, extractor: "ID3GenreMapper", status: "completed", timestamp: 1766627394 }
[  2563.664s] EVENT FusionStarted { passage_index: 0, timestamp: 1766627394 }
[  2563.664s] EVENT ExtractionProgress { passage_index: 0, extractor: "MusicBrainz-Pass2", status: "running", timestamp: 1766627394 }
[  2563.666s] FILE_COMPLETE [117/5737] 107 - A Natural Woman (You Make Me Feel Like).mp3 - 1 passages in 6.11s (total_elapsed: 2563.7s)
[  2563.666s] FILE_START [118/5737] 108 - Baby, Baby, Baby.mp3
[  2563.672s] EVENT ExtractionProgress { passage_index: 0, extractor: "MusicBrainz-Pass2", status: "completed", timestamp: 1766627394 }
[  2563.672s] EVENT FusionStarted { passage_index: 0, timestamp: 1766627394 }
[  2563.672s] EVENT ValidationStarted { passage_index: 0, timestamp: 1766627394 }
[  2563.672s] EVENT PassageCompleted: passage #0
[  2563.672s] EVENT FileCompleted: "C:\\Users\\Mango Cat\\Music\\Aretha Franklin\\The Atlantic Singles Collection 1967–1970\\107 - A Natural Woman (You Make Me Feel Like).mp3"
[  2563.672s] EVENT FileStarted: "C:\\Users\\Mango Cat\\Music\\Aretha Franklin\\The Atlantic Singles Collection 1967–1970\\108 - Baby, Baby, Baby.mp3"
[  2563.672s] EVENT SingleTrackCheckCompleted { file_path: "C:\\Users\\Mango Cat\\Music\\Aretha Franklin\\The Atlantic Singles Collection 1967–1970\\108 - Baby, Baby, Baby.mp3", score: 1.8, is_single_track: true }
[  2569.535s] EVENT BoundaryDetected { passage_index: 0, start_time: 0, end_time: 4925030400, confidence: 0.5, timestamp: 1766627399 }
[  2569.535s] EVENT PassageStarted: passage #0
[  2569.535s] EVENT ExtractionProgress { passage_index: 0, extractor: "ID3", status: "running", timestamp: 1766627399 }
[  2569.535s] EVENT ExtractionProgress { passage_index: 0, extractor: "ID3", status: "completed", timestamp: 1766627399 }
[  2569.535s] EVENT ExtractionProgress { passage_index: 0, extractor: "Chromaprint", status: "running", timestamp: 1766627399 }
[  2569.726s] EVENT ExtractionProgress { passage_index: 0, extractor: "Chromaprint", status: "completed", timestamp: 1766627400 }
[  2569.726s] EVENT ExtractionProgress { passage_index: 0, extractor: "AudioDerived", status: "running", timestamp: 1766627400 }
[  2570.035s] EVENT ExtractionProgress { passage_index: 0, extractor: "AudioDerived", status: "completed", timestamp: 1766627400 }
[  2570.035s] EVENT ExtractionProgress { passage_index: 0, extractor: "ID3GenreMapper", status: "running", timestamp: 1766627400 }
[  2570.035s] EVENT ExtractionProgress { passage_index: 0, extractor: "ID3GenreMapper", status: "completed", timestamp: 1766627400 }
[  2570.035s] EVENT FusionStarted { passage_index: 0, timestamp: 1766627400 }
[  2570.035s] EVENT ExtractionProgress { passage_index: 0, extractor: "MusicBrainz-Pass2", status: "running", timestamp: 1766627400 }
[  2570.037s] FILE_COMPLETE [118/5737] 108 - Baby, Baby, Baby.mp3 - 1 passages in 6.37s (total_elapsed: 2570.0s)
[  2570.037s] FILE_START [119/5737] 109 - Chain of Fools.mp3
[  2570.043s] EVENT ExtractionProgress { passage_index: 0, extractor: "MusicBrainz-Pass2", status: "completed", timestamp: 1766627400 }
[  2570.043s] EVENT FusionStarted { passage_index: 0, timestamp: 1766627400 }
[  2570.043s] EVENT ValidationStarted { passage_index: 0, timestamp: 1766627400 }
[  2570.043s] EVENT PassageCompleted: passage #0
[  2570.043s] EVENT FileCompleted: "C:\\Users\\Mango Cat\\Music\\Aretha Franklin\\The Atlantic Singles Collection 1967–1970\\108 - Baby, Baby, Baby.mp3"
[  2570.043s] EVENT FileStarted: "C:\\Users\\Mango Cat\\Music\\Aretha Franklin\\The Atlantic Singles Collection 1967–1970\\109 - Chain of Fools.mp3"
[  2570.043s] EVENT SingleTrackCheckCompleted { file_path: "C:\\Users\\Mango Cat\\Music\\Aretha Franklin\\The Atlantic Singles Collection 1967–1970\\109 - Chain of Fools.mp3", score: 1.8, is_single_track: true }
[  2575.717s] EVENT BoundaryDetected { passage_index: 0, start_time: 0, end_time: 4767252480, confidence: 0.5, timestamp: 1766627406 }
[  2575.717s] EVENT PassageStarted: passage #0
[  2575.717s] EVENT ExtractionProgress { passage_index: 0, extractor: "ID3", status: "running", timestamp: 1766627406 }
[  2575.717s] EVENT ExtractionProgress { passage_index: 0, extractor: "ID3", status: "completed", timestamp: 1766627406 }
[  2575.717s] EVENT ExtractionProgress { passage_index: 0, extractor: "Chromaprint", status: "running", timestamp: 1766627406 }
[  2575.896s] EVENT ExtractionProgress { passage_index: 0, extractor: "Chromaprint", status: "completed", timestamp: 1766627406 }
[  2575.896s] EVENT ExtractionProgress { passage_index: 0, extractor: "AudioDerived", status: "running", timestamp: 1766627406 }
[  2576.199s] EVENT ExtractionProgress { passage_index: 0, extractor: "AudioDerived", status: "completed", timestamp: 1766627406 }
[  2576.199s] EVENT ExtractionProgress { passage_index: 0, extractor: "ID3GenreMapper", status: "running", timestamp: 1766627406 }
[  2576.199s] EVENT ExtractionProgress { passage_index: 0, extractor: "ID3GenreMapper", status: "completed", timestamp: 1766627406 }
[  2576.199s] EVENT FusionStarted { passage_index: 0, timestamp: 1766627406 }
[  2576.199s] EVENT ExtractionProgress { passage_index: 0, extractor: "MusicBrainz-Pass2", status: "running", timestamp: 1766627406 }
[  2576.201s] FILE_COMPLETE [119/5737] 109 - Chain of Fools.mp3 - 1 passages in 6.16s (total_elapsed: 2576.2s)
[  2576.201s] FILE_START [120/5737] 110 - Prove It (mono version).mp3
[  2576.203s] EVENT ExtractionProgress { passage_index: 0, extractor: "MusicBrainz-Pass2", status: "completed", timestamp: 1766627406 }
[  2576.203s] EVENT FusionStarted { passage_index: 0, timestamp: 1766627406 }
[  2576.203s] EVENT ValidationStarted { passage_index: 0, timestamp: 1766627406 }
[  2576.203s] EVENT PassageCompleted: passage #0
[  2576.203s] EVENT FileCompleted: "C:\\Users\\Mango Cat\\Music\\Aretha Franklin\\The Atlantic Singles Collection 1967–1970\\109 - Chain of Fools.mp3"
[  2576.203s] EVENT FileStarted: "C:\\Users\\Mango Cat\\Music\\Aretha Franklin\\The Atlantic Singles Collection 1967–1970\\110 - Prove It (mono version).mp3"
[  2576.203s] EVENT SingleTrackCheckCompleted { file_path: "C:\\Users\\Mango Cat\\Music\\Aretha Franklin\\The Atlantic Singles Collection 1967–1970\\110 - Prove It (mono version).mp3", score: 1.8, is_single_track: true }
[  2582.256s] EVENT BoundaryDetected { passage_index: 0, start_time: 0, end_time: 5082808320, confidence: 0.5, timestamp: 1766627412 }
[  2582.256s] EVENT PassageStarted: passage #0
[  2582.256s] EVENT ExtractionProgress { passage_index: 0, extractor: "ID3", status: "running", timestamp: 1766627412 }
[  2582.256s] EVENT ExtractionProgress { passage_index: 0, extractor: "ID3", status: "completed", timestamp: 1766627412 }
[  2582.256s] EVENT ExtractionProgress { passage_index: 0, extractor: "Chromaprint", status: "running", timestamp: 1766627412 }
[  2582.456s] EVENT ExtractionProgress { passage_index: 0, extractor: "Chromaprint", status: "completed", timestamp: 1766627412 }
[  2582.456s] EVENT ExtractionProgress { passage_index: 0, extractor: "AudioDerived", status: "running", timestamp: 1766627412 }
[  2582.778s] EVENT ExtractionProgress { passage_index: 0, extractor: "AudioDerived", status: "completed", timestamp: 1766627413 }
[  2582.778s] EVENT ExtractionProgress { passage_index: 0, extractor: "ID3GenreMapper", status: "running", timestamp: 1766627413 }
[  2582.778s] EVENT ExtractionProgress { passage_index: 0, extractor: "ID3GenreMapper", status: "completed", timestamp: 1766627413 }
[  2582.778s] EVENT FusionStarted { passage_index: 0, timestamp: 1766627413 }
[  2582.778s] EVENT ExtractionProgress { passage_index: 0, extractor: "MusicBrainz-Pass2", status: "running", timestamp: 1766627413 }
[  2582.781s] FILE_COMPLETE [120/5737] 110 - Prove It (mono version).mp3 - 1 passages in 6.58s (total_elapsed: 2582.8s)
[  2582.781s] PROGRESS 120/5737 (2.1%) - 0.05 files/sec - ETA: 2014.9min
[  2582.781s] FILE_START [121/5737] 111 - (Sweet Sweet Baby) Since You’ve Been Gone.mp3
[  2582.786s] EVENT ExtractionProgress { passage_index: 0, extractor: "MusicBrainz-Pass2", status: "completed", timestamp: 1766627413 }
[  2582.786s] EVENT FusionStarted { passage_index: 0, timestamp: 1766627413 }
[  2582.786s] EVENT ValidationStarted { passage_index: 0, timestamp: 1766627413 }
[  2582.786s] EVENT PassageCompleted: passage #0
[  2582.786s] EVENT FileCompleted: "C:\\Users\\Mango Cat\\Music\\Aretha Franklin\\The Atlantic Singles Collection 1967–1970\\110 - Prove It (mono version).mp3"
[  2582.786s] EVENT FileStarted: "C:\\Users\\Mango Cat\\Music\\Aretha Franklin\\The Atlantic Singles Collection 1967–1970\\111 - (Sweet Sweet Baby) Since You’ve Been Gone.mp3"
[  2582.786s] EVENT SingleTrackCheckCompleted { file_path: "C:\\Users\\Mango Cat\\Music\\Aretha Franklin\\The Atlantic Singles Collection 1967–1970\\111 - (Sweet Sweet Baby) Since You’ve Been Gone.mp3", score: 1.8, is_single_track: true }
[  2587.739s] EVENT BoundaryDetected { passage_index: 0, start_time: 0, end_time: 4158259200, confidence: 0.5, timestamp: 1766627418 }
[  2587.739s] EVENT PassageStarted: passage #0
[  2587.739s] EVENT ExtractionProgress { passage_index: 0, extractor: "ID3", status: "running", timestamp: 1766627418 }
[  2587.739s] EVENT ExtractionProgress { passage_index: 0, extractor: "ID3", status: "completed", timestamp: 1766627418 }
[  2587.739s] EVENT ExtractionProgress { passage_index: 0, extractor: "Chromaprint", status: "running", timestamp: 1766627418 }
[  2587.897s] EVENT ExtractionProgress { passage_index: 0, extractor: "Chromaprint", status: "completed", timestamp: 1766627418 }
[  2587.897s] EVENT ExtractionProgress { passage_index: 0, extractor: "AudioDerived", status: "running", timestamp: 1766627418 }
[  2588.160s] EVENT ExtractionProgress { passage_index: 0, extractor: "AudioDerived", status: "completed", timestamp: 1766627418 }
[  2588.160s] EVENT ExtractionProgress { passage_index: 0, extractor: "ID3GenreMapper", status: "running", timestamp: 1766627418 }
[  2588.160s] EVENT ExtractionProgress { passage_index: 0, extractor: "ID3GenreMapper", status: "completed", timestamp: 1766627418 }
[  2588.160s] EVENT FusionStarted { passage_index: 0, timestamp: 1766627418 }
[  2588.160s] EVENT ExtractionProgress { passage_index: 0, extractor: "MusicBrainz-Pass2", status: "running", timestamp: 1766627418 }
[  2588.166s] FILE_COMPLETE [121/5737] 111 - (Sweet Sweet Baby) Since You’ve Been Gone.mp3 - 1 passages in 5.39s (total_elapsed: 2588.2s)
[  2588.166s] FILE_START [122/5737] 112 - Ain’t No Way.mp3
[  2588.168s] EVENT ExtractionProgress { passage_index: 0, extractor: "MusicBrainz-Pass2", status: "completed", timestamp: 1766627418 }
[  2588.168s] EVENT FusionStarted { passage_index: 0, timestamp: 1766627418 }
[  2588.168s] EVENT ValidationStarted { passage_index: 0, timestamp: 1766627418 }
[  2588.168s] EVENT PassageCompleted: passage #0
[  2588.168s] EVENT FileCompleted: "C:\\Users\\Mango Cat\\Music\\Aretha Franklin\\The Atlantic Singles Collection 1967–1970\\111 - (Sweet Sweet Baby) Since You’ve Been Gone.mp3"
[  2588.168s] EVENT FileStarted: "C:\\Users\\Mango Cat\\Music\\Aretha Franklin\\The Atlantic Singles Collection 1967–1970\\112 - Ain’t No Way.mp3"
[  2588.168s] EVENT SingleTrackCheckCompleted { file_path: "C:\\Users\\Mango Cat\\Music\\Aretha Franklin\\The Atlantic Singles Collection 1967–1970\\112 - Ain’t No Way.mp3", score: 1.8, is_single_track: true }
[  2596.799s] EVENT BoundaryDetected { passage_index: 0, start_time: 0, end_time: 7233454080, confidence: 0.5, timestamp: 1766627427 }
[  2596.799s] EVENT PassageStarted: passage #0
[  2596.799s] EVENT ExtractionProgress { passage_index: 0, extractor: "ID3", status: "running", timestamp: 1766627427 }
[  2596.799s] EVENT ExtractionProgress { passage_index: 0, extractor: "ID3", status: "completed", timestamp: 1766627427 }
[  2596.799s] EVENT ExtractionProgress { passage_index: 0, extractor: "Chromaprint", status: "running", timestamp: 1766627427 }
[  2597.071s] EVENT ExtractionProgress { passage_index: 0, extractor: "Chromaprint", status: "completed", timestamp: 1766627427 }
[  2597.071s] EVENT ExtractionProgress { passage_index: 0, extractor: "AudioDerived", status: "running", timestamp: 1766627427 }
[  2597.536s] EVENT ExtractionProgress { passage_index: 0, extractor: "AudioDerived", status: "completed", timestamp: 1766627427 }
[  2597.536s] EVENT ExtractionProgress { passage_index: 0, extractor: "ID3GenreMapper", status: "running", timestamp: 1766627427 }
[  2597.536s] EVENT ExtractionProgress { passage_index: 0, extractor: "ID3GenreMapper", status: "completed", timestamp: 1766627427 }
[  2597.536s] EVENT FusionStarted { passage_index: 0, timestamp: 1766627427 }
[  2597.536s] EVENT ExtractionProgress { passage_index: 0, extractor: "MusicBrainz-Pass2", status: "running", timestamp: 1766627427 }
[  2597.539s] FILE_COMPLETE [122/5737] 112 - Ain’t No Way.mp3 - 1 passages in 9.37s (total_elapsed: 2597.5s)
[  2597.539s] FILE_START [123/5737] 113 - Think.mp3
[  2597.541s] EVENT ExtractionProgress { passage_index: 0, extractor: "MusicBrainz-Pass2", status: "completed", timestamp: 1766627427 }
[  2597.541s] EVENT FusionStarted { passage_index: 0, timestamp: 1766627427 }
[  2597.541s] EVENT ValidationStarted { passage_index: 0, timestamp: 1766627427 }
[  2597.541s] EVENT PassageCompleted: passage #0
[  2597.541s] EVENT FileCompleted: "C:\\Users\\Mango Cat\\Music\\Aretha Franklin\\The Atlantic Singles Collection 1967–1970\\112 - Ain’t No Way.mp3"
[  2597.541s] EVENT FileStarted: "C:\\Users\\Mango Cat\\Music\\Aretha Franklin\\The Atlantic Singles Collection 1967–1970\\113 - Think.mp3"
[  2597.541s] EVENT SingleTrackCheckCompleted { file_path: "C:\\Users\\Mango Cat\\Music\\Aretha Franklin\\The Atlantic Singles Collection 1967–1970\\113 - Think.mp3", score: 1.8, is_single_track: true }
[  2602.242s] EVENT BoundaryDetected { passage_index: 0, start_time: 0, end_time: 3957719040, confidence: 0.5, timestamp: 1766627432 }
[  2602.242s] EVENT PassageStarted: passage #0
[  2602.242s] EVENT ExtractionProgress { passage_index: 0, extractor: "ID3", status: "running", timestamp: 1766627432 }
[  2602.242s] EVENT ExtractionProgress { passage_index: 0, extractor: "ID3", status: "completed", timestamp: 1766627432 }
[  2602.242s] EVENT ExtractionProgress { passage_index: 0, extractor: "Chromaprint", status: "running", timestamp: 1766627432 }
[  2602.401s] EVENT ExtractionProgress { passage_index: 0, extractor: "Chromaprint", status: "completed", timestamp: 1766627432 }
[  2602.401s] EVENT ExtractionProgress { passage_index: 0, extractor: "AudioDerived", status: "running", timestamp: 1766627432 }
[  2602.653s] EVENT ExtractionProgress { passage_index: 0, extractor: "AudioDerived", status: "completed", timestamp: 1766627433 }
[  2602.653s] EVENT ExtractionProgress { passage_index: 0, extractor: "ID3GenreMapper", status: "running", timestamp: 1766627433 }
[  2602.653s] EVENT ExtractionProgress { passage_index: 0, extractor: "ID3GenreMapper", status: "completed", timestamp: 1766627433 }
[  2602.653s] EVENT FusionStarted { passage_index: 0, timestamp: 1766627433 }
[  2602.653s] EVENT ExtractionProgress { passage_index: 0, extractor: "MusicBrainz-Pass2", status: "running", timestamp: 1766627433 }
[  2602.655s] FILE_COMPLETE [123/5737] 113 - Think.mp3 - 1 passages in 5.12s (total_elapsed: 2602.7s)
[  2602.655s] FILE_START [124/5737] 114 - You Send Me.mp3
[  2602.660s] EVENT ExtractionProgress { passage_index: 0, extractor: "MusicBrainz-Pass2", status: "completed", timestamp: 1766627433 }
[  2602.660s] EVENT FusionStarted { passage_index: 0, timestamp: 1766627433 }
[  2602.660s] EVENT ValidationStarted { passage_index: 0, timestamp: 1766627433 }
[  2602.660s] EVENT PassageCompleted: passage #0
[  2602.660s] EVENT FileCompleted: "C:\\Users\\Mango Cat\\Music\\Aretha Franklin\\The Atlantic Singles Collection 1967–1970\\113 - Think.mp3"
[  2602.660s] EVENT FileStarted: "C:\\Users\\Mango Cat\\Music\\Aretha Franklin\\The Atlantic Singles Collection 1967–1970\\114 - You Send Me.mp3"
[  2602.660s] EVENT SingleTrackCheckCompleted { file_path: "C:\\Users\\Mango Cat\\Music\\Aretha Franklin\\The Atlantic Singles Collection 1967–1970\\114 - You Send Me.mp3", score: 1.8, is_single_track: true }
[  2607.720s] EVENT BoundaryDetected { passage_index: 0, start_time: 0, end_time: 4246732800, confidence: 0.5, timestamp: 1766627438 }
[  2607.720s] EVENT PassageStarted: passage #0
[  2607.720s] EVENT ExtractionProgress { passage_index: 0, extractor: "ID3", status: "running", timestamp: 1766627438 }
[  2607.720s] EVENT ExtractionProgress { passage_index: 0, extractor: "ID3", status: "completed", timestamp: 1766627438 }
[  2607.720s] EVENT ExtractionProgress { passage_index: 0, extractor: "Chromaprint", status: "running", timestamp: 1766627438 }
[  2607.885s] EVENT ExtractionProgress { passage_index: 0, extractor: "Chromaprint", status: "completed", timestamp: 1766627438 }
[  2607.885s] EVENT ExtractionProgress { passage_index: 0, extractor: "AudioDerived", status: "running", timestamp: 1766627438 }
[  2608.153s] EVENT ExtractionProgress { passage_index: 0, extractor: "AudioDerived", status: "completed", timestamp: 1766627438 }
[  2608.153s] EVENT ExtractionProgress { passage_index: 0, extractor: "ID3GenreMapper", status: "running", timestamp: 1766627438 }
[  2608.153s] EVENT ExtractionProgress { passage_index: 0, extractor: "ID3GenreMapper", status: "completed", timestamp: 1766627438 }
[  2608.153s] EVENT FusionStarted { passage_index: 0, timestamp: 1766627438 }
[  2608.153s] EVENT ExtractionProgress { passage_index: 0, extractor: "MusicBrainz-Pass2", status: "running", timestamp: 1766627438 }
[  2608.155s] FILE_COMPLETE [124/5737] 114 - You Send Me.mp3 - 1 passages in 5.50s (total_elapsed: 2608.2s)
[  2608.155s] FILE_START [125/5737] 115 - The House That Jack Built (mono version).mp3
[  2608.160s] EVENT ExtractionProgress { passage_index: 0, extractor: "MusicBrainz-Pass2", status: "completed", timestamp: 1766627438 }
[  2608.160s] EVENT FusionStarted { passage_index: 0, timestamp: 1766627438 }
[  2608.160s] EVENT ValidationStarted { passage_index: 0, timestamp: 1766627438 }
[  2608.160s] EVENT PassageCompleted: passage #0
[  2608.160s] EVENT FileCompleted: "C:\\Users\\Mango Cat\\Music\\Aretha Franklin\\The Atlantic Singles Collection 1967–1970\\114 - You Send Me.mp3"
[  2608.160s] EVENT FileStarted: "C:\\Users\\Mango Cat\\Music\\Aretha Franklin\\The Atlantic Singles Collection 1967–1970\\115 - The House That Jack Built (mono version).mp3"
[  2608.160s] EVENT SingleTrackCheckCompleted { file_path: "C:\\Users\\Mango Cat\\Music\\Aretha Franklin\\The Atlantic Singles Collection 1967–1970\\115 - The House That Jack Built (mono version).mp3", score: 1.8, is_single_track: true }
[  2612.924s] EVENT BoundaryDetected { passage_index: 0, start_time: 0, end_time: 3990159360, confidence: 0.5, timestamp: 1766627443 }
[  2612.924s] EVENT PassageStarted: passage #0
[  2612.924s] EVENT ExtractionProgress { passage_index: 0, extractor: "ID3", status: "running", timestamp: 1766627443 }
[  2612.924s] EVENT ExtractionProgress { passage_index: 0, extractor: "ID3", status: "completed", timestamp: 1766627443 }
[  2612.924s] EVENT ExtractionProgress { passage_index: 0, extractor: "Chromaprint", status: "running", timestamp: 1766627443 }
[  2613.080s] EVENT ExtractionProgress { passage_index: 0, extractor: "Chromaprint", status: "completed", timestamp: 1766627443 }
[  2613.080s] EVENT ExtractionProgress { passage_index: 0, extractor: "AudioDerived", status: "running", timestamp: 1766627443 }
[  2613.333s] EVENT ExtractionProgress { passage_index: 0, extractor: "AudioDerived", status: "completed", timestamp: 1766627443 }
[  2613.333s] EVENT ExtractionProgress { passage_index: 0, extractor: "ID3GenreMapper", status: "running", timestamp: 1766627443 }
[  2613.333s] EVENT ExtractionProgress { passage_index: 0, extractor: "ID3GenreMapper", status: "completed", timestamp: 1766627443 }
[  2613.333s] EVENT FusionStarted { passage_index: 0, timestamp: 1766627443 }
[  2613.333s] EVENT ExtractionProgress { passage_index: 0, extractor: "MusicBrainz-Pass2", status: "running", timestamp: 1766627443 }
[  2613.335s] FILE_COMPLETE [125/5737] 115 - The House That Jack Built (mono version).mp3 - 1 passages in 5.18s (total_elapsed: 2613.3s)
[  2613.335s] FILE_START [126/5737] 116 - I Say a Little Prayer.mp3
[  2613.337s] EVENT ExtractionProgress { passage_index: 0, extractor: "MusicBrainz-Pass2", status: "completed", timestamp: 1766627443 }
[  2613.337s] EVENT FusionStarted { passage_index: 0, timestamp: 1766627443 }
[  2613.337s] EVENT ValidationStarted { passage_index: 0, timestamp: 1766627443 }
[  2613.337s] EVENT PassageCompleted: passage #0
[  2613.337s] EVENT FileCompleted: "C:\\Users\\Mango Cat\\Music\\Aretha Franklin\\The Atlantic Singles Collection 1967–1970\\115 - The House That Jack Built (mono version).mp3"
[  2613.337s] EVENT FileStarted: "C:\\Users\\Mango Cat\\Music\\Aretha Franklin\\The Atlantic Singles Collection 1967–1970\\116 - I Say a Little Prayer.mp3"
[  2613.337s] EVENT SingleTrackCheckCompleted { file_path: "C:\\Users\\Mango Cat\\Music\\Aretha Franklin\\The Atlantic Singles Collection 1967–1970\\116 - I Say a Little Prayer.mp3", score: 1.8, is_single_track: true }
[  2618.926s] EVENT BoundaryDetected { passage_index: 0, start_time: 0, end_time: 4678041600, confidence: 0.5, timestamp: 1766627449 }
[  2618.926s] EVENT PassageStarted: passage #0
[  2618.926s] EVENT ExtractionProgress { passage_index: 0, extractor: "ID3", status: "running", timestamp: 1766627449 }
[  2618.926s] EVENT ExtractionProgress { passage_index: 0, extractor: "ID3", status: "completed", timestamp: 1766627449 }
[  2618.926s] EVENT ExtractionProgress { passage_index: 0, extractor: "Chromaprint", status: "running", timestamp: 1766627449 }
[  2619.110s] EVENT ExtractionProgress { passage_index: 0, extractor: "Chromaprint", status: "completed", timestamp: 1766627449 }
[  2619.110s] EVENT ExtractionProgress { passage_index: 0, extractor: "AudioDerived", status: "running", timestamp: 1766627449 }
[  2619.405s] EVENT ExtractionProgress { passage_index: 0, extractor: "AudioDerived", status: "completed", timestamp: 1766627449 }
[  2619.405s] EVENT ExtractionProgress { passage_index: 0, extractor: "ID3GenreMapper", status: "running", timestamp: 1766627449 }
[  2619.405s] EVENT ExtractionProgress { passage_index: 0, extractor: "ID3GenreMapper", status: "completed", timestamp: 1766627449 }
[  2619.405s] EVENT FusionStarted { passage_index: 0, timestamp: 1766627449 }
[  2619.405s] EVENT ExtractionProgress { passage_index: 0, extractor: "MusicBrainz-Pass2", status: "running", timestamp: 1766627449 }
[  2619.407s] FILE_COMPLETE [126/5737] 116 - I Say a Little Prayer.mp3 - 1 passages in 6.07s (total_elapsed: 2619.4s)
[  2619.407s] FILE_START [127/5737] 117 - See Saw.mp3
[  2619.409s] EVENT ExtractionProgress { passage_index: 0, extractor: "MusicBrainz-Pass2", status: "completed", timestamp: 1766627449 }
[  2619.409s] EVENT FusionStarted { passage_index: 0, timestamp: 1766627449 }
[  2619.409s] EVENT ValidationStarted { passage_index: 0, timestamp: 1766627449 }
[  2619.409s] EVENT PassageCompleted: passage #0
[  2619.409s] EVENT FileCompleted: "C:\\Users\\Mango Cat\\Music\\Aretha Franklin\\The Atlantic Singles Collection 1967–1970\\116 - I Say a Little Prayer.mp3"
[  2619.409s] EVENT FileStarted: "C:\\Users\\Mango Cat\\Music\\Aretha Franklin\\The Atlantic Singles Collection 1967–1970\\117 - See Saw.mp3"
[  2619.409s] EVENT SingleTrackCheckCompleted { file_path: "C:\\Users\\Mango Cat\\Music\\Aretha Franklin\\The Atlantic Singles Collection 1967–1970\\117 - See Saw.mp3", score: 1.8, is_single_track: true }
[  2625.081s] EVENT BoundaryDetected { passage_index: 0, start_time: 0, end_time: 4737761280, confidence: 0.5, timestamp: 1766627455 }
[  2625.081s] EVENT PassageStarted: passage #0
[  2625.081s] EVENT ExtractionProgress { passage_index: 0, extractor: "ID3", status: "running", timestamp: 1766627455 }
[  2625.081s] EVENT ExtractionProgress { passage_index: 0, extractor: "ID3", status: "completed", timestamp: 1766627455 }
[  2625.081s] EVENT ExtractionProgress { passage_index: 0, extractor: "Chromaprint", status: "running", timestamp: 1766627455 }
[  2625.262s] EVENT ExtractionProgress { passage_index: 0, extractor: "Chromaprint", status: "completed", timestamp: 1766627455 }
[  2625.262s] EVENT ExtractionProgress { passage_index: 0, extractor: "AudioDerived", status: "running", timestamp: 1766627455 }
[  2625.573s] EVENT ExtractionProgress { passage_index: 0, extractor: "AudioDerived", status: "completed", timestamp: 1766627456 }
[  2625.573s] EVENT ExtractionProgress { passage_index: 0, extractor: "ID3GenreMapper", status: "running", timestamp: 1766627456 }
[  2625.573s] EVENT ExtractionProgress { passage_index: 0, extractor: "ID3GenreMapper", status: "completed", timestamp: 1766627456 }
[  2625.573s] EVENT FusionStarted { passage_index: 0, timestamp: 1766627456 }
[  2625.573s] EVENT ExtractionProgress { passage_index: 0, extractor: "MusicBrainz-Pass2", status: "running", timestamp: 1766627456 }
[  2625.579s] FILE_COMPLETE [127/5737] 117 - See Saw.mp3 - 1 passages in 6.17s (total_elapsed: 2625.6s)
[  2625.579s] FILE_START [128/5737] 118 - My Song.mp3
[  2625.580s] EVENT ExtractionProgress { passage_index: 0, extractor: "MusicBrainz-Pass2", status: "completed", timestamp: 1766627456 }
[  2625.580s] EVENT FusionStarted { passage_index: 0, timestamp: 1766627456 }
[  2625.580s] EVENT ValidationStarted { passage_index: 0, timestamp: 1766627456 }
[  2625.580s] EVENT PassageCompleted: passage #0
[  2625.580s] EVENT FileCompleted: "C:\\Users\\Mango Cat\\Music\\Aretha Franklin\\The Atlantic Singles Collection 1967–1970\\117 - See Saw.mp3"
[  2625.580s] EVENT FileStarted: "C:\\Users\\Mango Cat\\Music\\Aretha Franklin\\The Atlantic Singles Collection 1967–1970\\118 - My Song.mp3"
[  2625.580s] EVENT SingleTrackCheckCompleted { file_path: "C:\\Users\\Mango Cat\\Music\\Aretha Franklin\\The Atlantic Singles Collection 1967–1970\\118 - My Song.mp3", score: 1.8, is_single_track: true }
[  2632.781s] EVENT BoundaryDetected { passage_index: 0, start_time: 0, end_time: 5994086400, confidence: 0.5, timestamp: 1766627463 }
[  2632.781s] EVENT PassageStarted: passage #0
[  2632.781s] EVENT ExtractionProgress { passage_index: 0, extractor: "ID3", status: "running", timestamp: 1766627463 }
[  2632.781s] EVENT ExtractionProgress { passage_index: 0, extractor: "ID3", status: "completed", timestamp: 1766627463 }
[  2632.781s] EVENT ExtractionProgress { passage_index: 0, extractor: "Chromaprint", status: "running", timestamp: 1766627463 }
[  2633.015s] EVENT ExtractionProgress { passage_index: 0, extractor: "Chromaprint", status: "completed", timestamp: 1766627463 }
[  2633.015s] EVENT ExtractionProgress { passage_index: 0, extractor: "AudioDerived", status: "running", timestamp: 1766627463 }
[  2633.403s] EVENT ExtractionProgress { passage_index: 0, extractor: "AudioDerived", status: "completed", timestamp: 1766627463 }
[  2633.403s] EVENT ExtractionProgress { passage_index: 0, extractor: "ID3GenreMapper", status: "running", timestamp: 1766627463 }
[  2633.403s] EVENT ExtractionProgress { passage_index: 0, extractor: "ID3GenreMapper", status: "completed", timestamp: 1766627463 }
[  2633.403s] EVENT FusionStarted { passage_index: 0, timestamp: 1766627463 }
[  2633.403s] EVENT ExtractionProgress { passage_index: 0, extractor: "MusicBrainz-Pass2", status: "running", timestamp: 1766627463 }
[  2633.407s] FILE_COMPLETE [128/5737] 118 - My Song.mp3 - 1 passages in 7.83s (total_elapsed: 2633.4s)
[  2633.407s] FILE_START [129/5737] 201 - The Weight.mp3
[  2633.413s] EVENT ExtractionProgress { passage_index: 0, extractor: "MusicBrainz-Pass2", status: "completed", timestamp: 1766627463 }
[  2633.413s] EVENT FusionStarted { passage_index: 0, timestamp: 1766627463 }
[  2633.413s] EVENT ValidationStarted { passage_index: 0, timestamp: 1766627463 }
[  2633.413s] EVENT PassageCompleted: passage #0
[  2633.413s] EVENT FileCompleted: "C:\\Users\\Mango Cat\\Music\\Aretha Franklin\\The Atlantic Singles Collection 1967–1970\\118 - My Song.mp3"
[  2633.413s] EVENT FileStarted: "C:\\Users\\Mango Cat\\Music\\Aretha Franklin\\The Atlantic Singles Collection 1967–1970\\201 - The Weight.mp3"
[  2633.413s] EVENT SingleTrackCheckCompleted { file_path: "C:\\Users\\Mango Cat\\Music\\Aretha Franklin\\The Atlantic Singles Collection 1967–1970\\201 - The Weight.mp3", score: 1.8, is_single_track: true }
[  2639.374s] EVENT BoundaryDetected { passage_index: 0, start_time: 0, end_time: 4929454080, confidence: 0.5, timestamp: 1766627469 }
[  2639.374s] EVENT PassageStarted: passage #0
[  2639.374s] EVENT ExtractionProgress { passage_index: 0, extractor: "ID3", status: "running", timestamp: 1766627469 }
[  2639.374s] EVENT ExtractionProgress { passage_index: 0, extractor: "ID3", status: "completed", timestamp: 1766627469 }
[  2639.374s] EVENT ExtractionProgress { passage_index: 0, extractor: "Chromaprint", status: "running", timestamp: 1766627469 }
[  2639.568s] EVENT ExtractionProgress { passage_index: 0, extractor: "Chromaprint", status: "completed", timestamp: 1766627470 }
[  2639.568s] EVENT ExtractionProgress { passage_index: 0, extractor: "AudioDerived", status: "running", timestamp: 1766627470 }
[  2639.894s] EVENT ExtractionProgress { passage_index: 0, extractor: "AudioDerived", status: "completed", timestamp: 1766627470 }
[  2639.894s] EVENT ExtractionProgress { passage_index: 0, extractor: "ID3GenreMapper", status: "running", timestamp: 1766627470 }
[  2639.894s] EVENT ExtractionProgress { passage_index: 0, extractor: "ID3GenreMapper", status: "completed", timestamp: 1766627470 }
[  2639.894s] EVENT FusionStarted { passage_index: 0, timestamp: 1766627470 }
[  2639.894s] EVENT ExtractionProgress { passage_index: 0, extractor: "MusicBrainz-Pass2", status: "running", timestamp: 1766627470 }
[  2639.897s] FILE_COMPLETE [129/5737] 201 - The Weight.mp3 - 1 passages in 6.49s (total_elapsed: 2639.9s)
[  2639.897s] FILE_START [130/5737] 202 - Tracks of My Tears.mp3
[  2639.900s] EVENT ExtractionProgress { passage_index: 0, extractor: "MusicBrainz-Pass2", status: "completed", timestamp: 1766627470 }
[  2639.900s] EVENT FusionStarted { passage_index: 0, timestamp: 1766627470 }
[  2639.900s] EVENT ValidationStarted { passage_index: 0, timestamp: 1766627470 }
[  2639.900s] EVENT PassageCompleted: passage #0
[  2639.900s] EVENT FileCompleted: "C:\\Users\\Mango Cat\\Music\\Aretha Franklin\\The Atlantic Singles Collection 1967–1970\\201 - The Weight.mp3"
[  2639.900s] EVENT FileStarted: "C:\\Users\\Mango Cat\\Music\\Aretha Franklin\\The Atlantic Singles Collection 1967–1970\\202 - Tracks of My Tears.mp3"
[  2639.900s] EVENT SingleTrackCheckCompleted { file_path: "C:\\Users\\Mango Cat\\Music\\Aretha Franklin\\The Atlantic Singles Collection 1967–1970\\202 - Tracks of My Tears.mp3", score: 1.8, is_single_track: true }
[  2646.037s] EVENT BoundaryDetected { passage_index: 0, start_time: 0, end_time: 4972953600, confidence: 0.5, timestamp: 1766627476 }
[  2646.037s] EVENT PassageStarted: passage #0
[  2646.037s] EVENT ExtractionProgress { passage_index: 0, extractor: "ID3", status: "running", timestamp: 1766627476 }
[  2646.037s] EVENT ExtractionProgress { passage_index: 0, extractor: "ID3", status: "completed", timestamp: 1766627476 }
[  2646.037s] EVENT ExtractionProgress { passage_index: 0, extractor: "Chromaprint", status: "running", timestamp: 1766627476 }
[  2646.235s] EVENT ExtractionProgress { passage_index: 0, extractor: "Chromaprint", status: "completed", timestamp: 1766627476 }
[  2646.235s] EVENT ExtractionProgress { passage_index: 0, extractor: "AudioDerived", status: "running", timestamp: 1766627476 }
[  2646.556s] EVENT ExtractionProgress { passage_index: 0, extractor: "AudioDerived", status: "completed", timestamp: 1766627477 }
[  2646.556s] EVENT ExtractionProgress { passage_index: 0, extractor: "ID3GenreMapper", status: "running", timestamp: 1766627477 }
[  2646.556s] EVENT ExtractionProgress { passage_index: 0, extractor: "ID3GenreMapper", status: "completed", timestamp: 1766627477 }
[  2646.556s] EVENT FusionStarted { passage_index: 0, timestamp: 1766627477 }
[  2646.556s] EVENT ExtractionProgress { passage_index: 0, extractor: "MusicBrainz-Pass2", status: "running", timestamp: 1766627477 }
[  2646.558s] FILE_COMPLETE [130/5737] 202 - Tracks of My Tears.mp3 - 1 passages in 6.66s (total_elapsed: 2646.6s)
[  2646.558s] PROGRESS 130/5737 (2.3%) - 0.05 files/sec - ETA: 1902.5min
[  2646.558s] FILE_START [131/5737] 203 - I Can’t See Myself Leaving You.mp3
[  2646.560s] EVENT ExtractionProgress { passage_index: 0, extractor: "MusicBrainz-Pass2", status: "completed", timestamp: 1766627477 }
[  2646.560s] EVENT FusionStarted { passage_index: 0, timestamp: 1766627477 }
[  2646.560s] EVENT ValidationStarted { passage_index: 0, timestamp: 1766627477 }
[  2646.560s] EVENT PassageCompleted: passage #0
[  2646.560s] EVENT FileCompleted: "C:\\Users\\Mango Cat\\Music\\Aretha Franklin\\The Atlantic Singles Collection 1967–1970\\202 - Tracks of My Tears.mp3"
[  2646.560s] EVENT FileStarted: "C:\\Users\\Mango Cat\\Music\\Aretha Franklin\\The Atlantic Singles Collection 1967–1970\\203 - I Can’t See Myself Leaving You.mp3"
[  2646.560s] EVENT SingleTrackCheckCompleted { file_path: "C:\\Users\\Mango Cat\\Music\\Aretha Franklin\\The Atlantic Singles Collection 1967–1970\\203 - I Can’t See Myself Leaving You.mp3", score: 1.8, is_single_track: true }
[  2653.032s] EVENT BoundaryDetected { passage_index: 0, start_time: 0, end_time: 5200035840, confidence: 0.5, timestamp: 1766627483 }
[  2653.032s] EVENT PassageStarted: passage #0
[  2653.032s] EVENT ExtractionProgress { passage_index: 0, extractor: "ID3", status: "running", timestamp: 1766627483 }
[  2653.032s] EVENT ExtractionProgress { passage_index: 0, extractor: "ID3", status: "completed", timestamp: 1766627483 }
[  2653.032s] EVENT ExtractionProgress { passage_index: 0, extractor: "Chromaprint", status: "running", timestamp: 1766627483 }
[  2653.232s] EVENT ExtractionProgress { passage_index: 0, extractor: "Chromaprint", status: "completed", timestamp: 1766627483 }
[  2653.232s] EVENT ExtractionProgress { passage_index: 0, extractor: "AudioDerived", status: "running", timestamp: 1766627483 }
[  2653.570s] EVENT ExtractionProgress { passage_index: 0, extractor: "AudioDerived", status: "completed", timestamp: 1766627484 }
[  2653.570s] EVENT ExtractionProgress { passage_index: 0, extractor: "ID3GenreMapper", status: "running", timestamp: 1766627484 }
[  2653.570s] EVENT ExtractionProgress { passage_index: 0, extractor: "ID3GenreMapper", status: "completed", timestamp: 1766627484 }
[  2653.570s] EVENT FusionStarted { passage_index: 0, timestamp: 1766627484 }
[  2653.570s] EVENT ExtractionProgress { passage_index: 0, extractor: "MusicBrainz-Pass2", status: "running", timestamp: 1766627484 }
[  2653.573s] FILE_COMPLETE [131/5737] 203 - I Can’t See Myself Leaving You.mp3 - 1 passages in 7.01s (total_elapsed: 2653.6s)
[  2653.573s] FILE_START [132/5737] 204 - Gentle on My Mind.mp3
[  2653.579s] EVENT ExtractionProgress { passage_index: 0, extractor: "MusicBrainz-Pass2", status: "completed", timestamp: 1766627484 }
[  2653.579s] EVENT FusionStarted { passage_index: 0, timestamp: 1766627484 }
[  2653.579s] EVENT ValidationStarted { passage_index: 0, timestamp: 1766627484 }
[  2653.579s] EVENT PassageCompleted: passage #0
[  2653.579s] EVENT FileCompleted: "C:\\Users\\Mango Cat\\Music\\Aretha Franklin\\The Atlantic Singles Collection 1967–1970\\203 - I Can’t See Myself Leaving You.mp3"
[  2653.579s] EVENT FileStarted: "C:\\Users\\Mango Cat\\Music\\Aretha Franklin\\The Atlantic Singles Collection 1967–1970\\204 - Gentle on My Mind.mp3"
[  2653.579s] EVENT SingleTrackCheckCompleted { file_path: "C:\\Users\\Mango Cat\\Music\\Aretha Franklin\\The Atlantic Singles Collection 1967–1970\\204 - Gentle on My Mind.mp3", score: 1.8, is_single_track: true }
[  2658.720s] EVENT BoundaryDetected { passage_index: 0, start_time: 0, end_time: 4187013120, confidence: 0.5, timestamp: 1766627489 }
[  2658.720s] EVENT PassageStarted: passage #0
[  2658.720s] EVENT ExtractionProgress { passage_index: 0, extractor: "ID3", status: "running", timestamp: 1766627489 }
[  2658.720s] EVENT ExtractionProgress { passage_index: 0, extractor: "ID3", status: "completed", timestamp: 1766627489 }
[  2658.720s] EVENT ExtractionProgress { passage_index: 0, extractor: "Chromaprint", status: "running", timestamp: 1766627489 }
[  2658.890s] EVENT ExtractionProgress { passage_index: 0, extractor: "Chromaprint", status: "completed", timestamp: 1766627489 }
[  2658.890s] EVENT ExtractionProgress { passage_index: 0, extractor: "AudioDerived", status: "running", timestamp: 1766627489 }
[  2659.183s] EVENT ExtractionProgress { passage_index: 0, extractor: "AudioDerived", status: "completed", timestamp: 1766627489 }
[  2659.183s] EVENT ExtractionProgress { passage_index: 0, extractor: "ID3GenreMapper", status: "running", timestamp: 1766627489 }
[  2659.183s] EVENT ExtractionProgress { passage_index: 0, extractor: "ID3GenreMapper", status: "completed", timestamp: 1766627489 }
[  2659.183s] EVENT FusionStarted { passage_index: 0, timestamp: 1766627489 }
[  2659.183s] EVENT ExtractionProgress { passage_index: 0, extractor: "MusicBrainz-Pass2", status: "running", timestamp: 1766627489 }
[  2659.185s] FILE_COMPLETE [132/5737] 204 - Gentle on My Mind.mp3 - 1 passages in 5.61s (total_elapsed: 2659.2s)
[  2659.185s] FILE_START [133/5737] 205 - Share Your Love With Me.mp3
[  2659.191s] EVENT ExtractionProgress { passage_index: 0, extractor: "MusicBrainz-Pass2", status: "completed", timestamp: 1766627489 }
[  2659.191s] EVENT FusionStarted { passage_index: 0, timestamp: 1766627489 }
[  2659.191s] EVENT ValidationStarted { passage_index: 0, timestamp: 1766627489 }
[  2659.191s] EVENT PassageCompleted: passage #0
[  2659.191s] EVENT FileCompleted: "C:\\Users\\Mango Cat\\Music\\Aretha Franklin\\The Atlantic Singles Collection 1967–1970\\204 - Gentle on My Mind.mp3"
[  2659.191s] EVENT FileStarted: "C:\\Users\\Mango Cat\\Music\\Aretha Franklin\\The Atlantic Singles Collection 1967–1970\\205 - Share Your Love With Me.mp3"
[  2659.191s] EVENT SingleTrackCheckCompleted { file_path: "C:\\Users\\Mango Cat\\Music\\Aretha Franklin\\The Atlantic Singles Collection 1967–1970\\205 - Share Your Love With Me.mp3", score: 1.8, is_single_track: true }
[  2666.031s] EVENT BoundaryDetected { passage_index: 0, start_time: 0, end_time: 5656412160, confidence: 0.5, timestamp: 1766627496 }
[  2666.031s] EVENT PassageStarted: passage #0
[  2666.031s] EVENT ExtractionProgress { passage_index: 0, extractor: "ID3", status: "running", timestamp: 1766627496 }
[  2666.031s] EVENT ExtractionProgress { passage_index: 0, extractor: "ID3", status: "completed", timestamp: 1766627496 }
[  2666.031s] EVENT ExtractionProgress { passage_index: 0, extractor: "Chromaprint", status: "running", timestamp: 1766627496 }
[  2666.255s] EVENT ExtractionProgress { passage_index: 0, extractor: "Chromaprint", status: "completed", timestamp: 1766627496 }
[  2666.255s] EVENT ExtractionProgress { passage_index: 0, extractor: "AudioDerived", status: "running", timestamp: 1766627496 }
[  2666.620s] EVENT ExtractionProgress { passage_index: 0, extractor: "AudioDerived", status: "completed", timestamp: 1766627497 }
[  2666.620s] EVENT ExtractionProgress { passage_index: 0, extractor: "ID3GenreMapper", status: "running", timestamp: 1766627497 }
[  2666.620s] EVENT ExtractionProgress { passage_index: 0, extractor: "ID3GenreMapper", status: "completed", timestamp: 1766627497 }
[  2666.620s] EVENT FusionStarted { passage_index: 0, timestamp: 1766627497 }
[  2666.620s] EVENT ExtractionProgress { passage_index: 0, extractor: "MusicBrainz-Pass2", status: "running", timestamp: 1766627497 }
[  2666.627s] FILE_COMPLETE [133/5737] 205 - Share Your Love With Me.mp3 - 1 passages in 7.44s (total_elapsed: 2666.6s)
[  2666.627s] FILE_START [134/5737] 206 - Pledging My Love - The Clock.mp3
[  2666.628s] EVENT ExtractionProgress { passage_index: 0, extractor: "MusicBrainz-Pass2", status: "completed", timestamp: 1766627497 }
[  2666.628s] EVENT FusionStarted { passage_index: 0, timestamp: 1766627497 }
[  2666.628s] EVENT ValidationStarted { passage_index: 0, timestamp: 1766627497 }
[  2666.628s] EVENT PassageCompleted: passage #0
[  2666.628s] EVENT FileCompleted: "C:\\Users\\Mango Cat\\Music\\Aretha Franklin\\The Atlantic Singles Collection 1967–1970\\205 - Share Your Love With Me.mp3"
[  2666.628s] EVENT FileStarted: "C:\\Users\\Mango Cat\\Music\\Aretha Franklin\\The Atlantic Singles Collection 1967–1970\\206 - Pledging My Love - The Clock.mp3"
[  2666.628s] EVENT SingleTrackCheckCompleted { file_path: "C:\\Users\\Mango Cat\\Music\\Aretha Franklin\\The Atlantic Singles Collection 1967–1970\\206 - Pledging My Love - The Clock.mp3", score: 1.8, is_single_track: true }
[  2675.279s] EVENT BoundaryDetected { passage_index: 0, start_time: 0, end_time: 7169310720, confidence: 0.5, timestamp: 1766627505 }
[  2675.279s] EVENT PassageStarted: passage #0
[  2675.279s] EVENT ExtractionProgress { passage_index: 0, extractor: "ID3", status: "running", timestamp: 1766627505 }
[  2675.279s] EVENT ExtractionProgress { passage_index: 0, extractor: "ID3", status: "completed", timestamp: 1766627505 }
[  2675.279s] EVENT ExtractionProgress { passage_index: 0, extractor: "Chromaprint", status: "running", timestamp: 1766627505 }
[  2675.576s] EVENT ExtractionProgress { passage_index: 0, extractor: "Chromaprint", status: "completed", timestamp: 1766627506 }
[  2675.576s] EVENT ExtractionProgress { passage_index: 0, extractor: "AudioDerived", status: "running", timestamp: 1766627506 }
[  2676.048s] EVENT ExtractionProgress { passage_index: 0, extractor: "AudioDerived", status: "completed", timestamp: 1766627506 }
[  2676.048s] EVENT ExtractionProgress { passage_index: 0, extractor: "ID3GenreMapper", status: "running", timestamp: 1766627506 }
[  2676.048s] EVENT ExtractionProgress { passage_index: 0, extractor: "ID3GenreMapper", status: "completed", timestamp: 1766627506 }
[  2676.048s] EVENT FusionStarted { passage_index: 0, timestamp: 1766627506 }
[  2676.048s] EVENT ExtractionProgress { passage_index: 0, extractor: "MusicBrainz-Pass2", status: "running", timestamp: 1766627506 }
[  2676.051s] FILE_COMPLETE [134/5737] 206 - Pledging My Love - The Clock.mp3 - 1 passages in 9.42s (total_elapsed: 2676.0s)
[  2676.051s] FILE_START [135/5737] 207 - Eleanor Rigby.mp3
[  2676.056s] EVENT ExtractionProgress { passage_index: 0, extractor: "MusicBrainz-Pass2", status: "completed", timestamp: 1766627506 }
[  2676.056s] EVENT FusionStarted { passage_index: 0, timestamp: 1766627506 }
[  2676.056s] EVENT ValidationStarted { passage_index: 0, timestamp: 1766627506 }
[  2676.056s] EVENT PassageCompleted: passage #0
[  2676.056s] EVENT FileCompleted: "C:\\Users\\Mango Cat\\Music\\Aretha Franklin\\The Atlantic Singles Collection 1967–1970\\206 - Pledging My Love - The Clock.mp3"
[  2676.056s] EVENT FileStarted: "C:\\Users\\Mango Cat\\Music\\Aretha Franklin\\The Atlantic Singles Collection 1967–1970\\207 - Eleanor Rigby.mp3"
[  2676.056s] EVENT SingleTrackCheckCompleted { file_path: "C:\\Users\\Mango Cat\\Music\\Aretha Franklin\\The Atlantic Singles Collection 1967–1970\\207 - Eleanor Rigby.mp3", score: 1.8, is_single_track: true }
[  2681.411s] EVENT BoundaryDetected { passage_index: 0, start_time: 0, end_time: 4473815040, confidence: 0.5, timestamp: 1766627511 }
[  2681.411s] EVENT PassageStarted: passage #0
[  2681.411s] EVENT ExtractionProgress { passage_index: 0, extractor: "ID3", status: "running", timestamp: 1766627511 }
[  2681.411s] EVENT ExtractionProgress { passage_index: 0, extractor: "ID3", status: "completed", timestamp: 1766627511 }
[  2681.411s] EVENT ExtractionProgress { passage_index: 0, extractor: "Chromaprint", status: "running", timestamp: 1766627511 }
[  2681.588s] EVENT ExtractionProgress { passage_index: 0, extractor: "Chromaprint", status: "completed", timestamp: 1766627512 }
[  2681.588s] EVENT ExtractionProgress { passage_index: 0, extractor: "AudioDerived", status: "running", timestamp: 1766627512 }
[  2681.873s] EVENT ExtractionProgress { passage_index: 0, extractor: "AudioDerived", status: "completed", timestamp: 1766627512 }
[  2681.873s] EVENT ExtractionProgress { passage_index: 0, extractor: "ID3GenreMapper", status: "running", timestamp: 1766627512 }
[  2681.873s] EVENT ExtractionProgress { passage_index: 0, extractor: "ID3GenreMapper", status: "completed", timestamp: 1766627512 }
[  2681.873s] EVENT FusionStarted { passage_index: 0, timestamp: 1766627512 }
[  2681.873s] EVENT ExtractionProgress { passage_index: 0, extractor: "MusicBrainz-Pass2", status: "running", timestamp: 1766627512 }
[  2681.875s] FILE_COMPLETE [135/5737] 207 - Eleanor Rigby.mp3 - 1 passages in 5.82s (total_elapsed: 2681.9s)
[  2681.875s] FILE_START [136/5737] 208 - It Ain’t Fair.mp3
[  2681.889s] EVENT ExtractionProgress { passage_index: 0, extractor: "MusicBrainz-Pass2", status: "completed", timestamp: 1766627512 }
[  2681.889s] EVENT FusionStarted { passage_index: 0, timestamp: 1766627512 }
[  2681.889s] EVENT ValidationStarted { passage_index: 0, timestamp: 1766627512 }
[  2681.889s] EVENT PassageCompleted: passage #0
[  2681.889s] EVENT FileCompleted: "C:\\Users\\Mango Cat\\Music\\Aretha Franklin\\The Atlantic Singles Collection 1967–1970\\207 - Eleanor Rigby.mp3"
[  2681.889s] EVENT FileStarted: "C:\\Users\\Mango Cat\\Music\\Aretha Franklin\\The Atlantic Singles Collection 1967–1970\\208 - It Ain’t Fair.mp3"
[  2681.889s] EVENT SingleTrackCheckCompleted { file_path: "C:\\Users\\Mango Cat\\Music\\Aretha Franklin\\The Atlantic Singles Collection 1967–1970\\208 - It Ain’t Fair.mp3", score: 1.8, is_single_track: true }
[  2688.819s] EVENT BoundaryDetected { passage_index: 0, start_time: 0, end_time: 5749309440, confidence: 0.5, timestamp: 1766627519 }
[  2688.819s] EVENT PassageStarted: passage #0
[  2688.819s] EVENT ExtractionProgress { passage_index: 0, extractor: "ID3", status: "running", timestamp: 1766627519 }
[  2688.819s] EVENT ExtractionProgress { passage_index: 0, extractor: "ID3", status: "completed", timestamp: 1766627519 }
[  2688.819s] EVENT ExtractionProgress { passage_index: 0, extractor: "Chromaprint", status: "running", timestamp: 1766627519 }
[  2689.047s] EVENT ExtractionProgress { passage_index: 0, extractor: "Chromaprint", status: "completed", timestamp: 1766627519 }
[  2689.047s] EVENT ExtractionProgress { passage_index: 0, extractor: "AudioDerived", status: "running", timestamp: 1766627519 }
[  2689.418s] EVENT ExtractionProgress { passage_index: 0, extractor: "AudioDerived", status: "completed", timestamp: 1766627519 }
[  2689.418s] EVENT ExtractionProgress { passage_index: 0, extractor: "ID3GenreMapper", status: "running", timestamp: 1766627519 }
[  2689.418s] EVENT ExtractionProgress { passage_index: 0, extractor: "ID3GenreMapper", status: "completed", timestamp: 1766627519 }
[  2689.418s] EVENT FusionStarted { passage_index: 0, timestamp: 1766627519 }
[  2689.418s] EVENT ExtractionProgress { passage_index: 0, extractor: "MusicBrainz-Pass2", status: "running", timestamp: 1766627519 }
[  2689.425s] FILE_COMPLETE [136/5737] 208 - It Ain’t Fair.mp3 - 1 passages in 7.55s (total_elapsed: 2689.4s)
[  2689.425s] FILE_START [137/5737] 209 - Call Me.mp3
[  2689.427s] EVENT ExtractionProgress { passage_index: 0, extractor: "MusicBrainz-Pass2", status: "completed", timestamp: 1766627519 }
[  2689.427s] EVENT FusionStarted { passage_index: 0, timestamp: 1766627519 }
[  2689.427s] EVENT ValidationStarted { passage_index: 0, timestamp: 1766627519 }
[  2689.427s] EVENT PassageCompleted: passage #0
[  2689.427s] EVENT FileCompleted: "C:\\Users\\Mango Cat\\Music\\Aretha Franklin\\The Atlantic Singles Collection 1967–1970\\208 - It Ain’t Fair.mp3"
[  2689.427s] EVENT FileStarted: "C:\\Users\\Mango Cat\\Music\\Aretha Franklin\\The Atlantic Singles Collection 1967–1970\\209 - Call Me.mp3"
[  2689.427s] EVENT SingleTrackCheckCompleted { file_path: "C:\\Users\\Mango Cat\\Music\\Aretha Franklin\\The Atlantic Singles Collection 1967–1970\\209 - Call Me.mp3", score: 1.8, is_single_track: true }
[  2696.141s] EVENT BoundaryDetected { passage_index: 0, start_time: 0, end_time: 5584896000, confidence: 0.5, timestamp: 1766627526 }
[  2696.141s] EVENT PassageStarted: passage #0
[  2696.141s] EVENT ExtractionProgress { passage_index: 0, extractor: "ID3", status: "running", timestamp: 1766627526 }
[  2696.141s] EVENT ExtractionProgress { passage_index: 0, extractor: "ID3", status: "completed", timestamp: 1766627526 }
[  2696.141s] EVENT ExtractionProgress { passage_index: 0, extractor: "Chromaprint", status: "running", timestamp: 1766627526 }
[  2696.360s] EVENT ExtractionProgress { passage_index: 0, extractor: "Chromaprint", status: "completed", timestamp: 1766627526 }
[  2696.360s] EVENT ExtractionProgress { passage_index: 0, extractor: "AudioDerived", status: "running", timestamp: 1766627526 }
[  2696.716s] EVENT ExtractionProgress { passage_index: 0, extractor: "AudioDerived", status: "completed", timestamp: 1766627527 }
[  2696.716s] EVENT ExtractionProgress { passage_index: 0, extractor: "ID3GenreMapper", status: "running", timestamp: 1766627527 }
[  2696.716s] EVENT ExtractionProgress { passage_index: 0, extractor: "ID3GenreMapper", status: "completed", timestamp: 1766627527 }
[  2696.716s] EVENT FusionStarted { passage_index: 0, timestamp: 1766627527 }
[  2696.716s] EVENT ExtractionProgress { passage_index: 0, extractor: "MusicBrainz-Pass2", status: "running", timestamp: 1766627527 }
[  2696.718s] FILE_COMPLETE [137/5737] 209 - Call Me.mp3 - 1 passages in 7.29s (total_elapsed: 2696.7s)
[  2696.718s] FILE_START [138/5737] 210 - Son of a Preacher Man.mp3
[  2696.724s] EVENT ExtractionProgress { passage_index: 0, extractor: "MusicBrainz-Pass2", status: "completed", timestamp: 1766627527 }
[  2696.724s] EVENT FusionStarted { passage_index: 0, timestamp: 1766627527 }
[  2696.724s] EVENT ValidationStarted { passage_index: 0, timestamp: 1766627527 }
[  2696.724s] EVENT PassageCompleted: passage #0
[  2696.724s] EVENT FileCompleted: "C:\\Users\\Mango Cat\\Music\\Aretha Franklin\\The Atlantic Singles Collection 1967–1970\\209 - Call Me.mp3"
[  2696.724s] EVENT FileStarted: "C:\\Users\\Mango Cat\\Music\\Aretha Franklin\\The Atlantic Singles Collection 1967–1970\\210 - Son of a Preacher Man.mp3"
[  2696.724s] EVENT SingleTrackCheckCompleted { file_path: "C:\\Users\\Mango Cat\\Music\\Aretha Franklin\\The Atlantic Singles Collection 1967–1970\\210 - Son of a Preacher Man.mp3", score: 1.8, is_single_track: true }
[  2703.068s] EVENT BoundaryDetected { passage_index: 0, start_time: 0, end_time: 5302517760, confidence: 0.5, timestamp: 1766627533 }
[  2703.068s] EVENT PassageStarted: passage #0
[  2703.068s] EVENT ExtractionProgress { passage_index: 0, extractor: "ID3", status: "running", timestamp: 1766627533 }
[  2703.068s] EVENT ExtractionProgress { passage_index: 0, extractor: "ID3", status: "completed", timestamp: 1766627533 }
[  2703.068s] EVENT ExtractionProgress { passage_index: 0, extractor: "Chromaprint", status: "running", timestamp: 1766627533 }
[  2703.271s] EVENT ExtractionProgress { passage_index: 0, extractor: "Chromaprint", status: "completed", timestamp: 1766627533 }
[  2703.271s] EVENT ExtractionProgress { passage_index: 0, extractor: "AudioDerived", status: "running", timestamp: 1766627533 }
[  2703.607s] EVENT ExtractionProgress { passage_index: 0, extractor: "AudioDerived", status: "completed", timestamp: 1766627534 }
[  2703.607s] EVENT ExtractionProgress { passage_index: 0, extractor: "ID3GenreMapper", status: "running", timestamp: 1766627534 }
[  2703.607s] EVENT ExtractionProgress { passage_index: 0, extractor: "ID3GenreMapper", status: "completed", timestamp: 1766627534 }
[  2703.607s] EVENT FusionStarted { passage_index: 0, timestamp: 1766627534 }
[  2703.607s] EVENT ExtractionProgress { passage_index: 0, extractor: "MusicBrainz-Pass2", status: "running", timestamp: 1766627534 }
[  2703.609s] FILE_COMPLETE [138/5737] 210 - Son of a Preacher Man.mp3 - 1 passages in 6.89s (total_elapsed: 2703.6s)
[  2703.609s] FILE_START [139/5737] 211 - Spirit in the Dark.mp3
[  2703.615s] EVENT ExtractionProgress { passage_index: 0, extractor: "MusicBrainz-Pass2", status: "completed", timestamp: 1766627534 }
[  2703.615s] EVENT FusionStarted { passage_index: 0, timestamp: 1766627534 }
[  2703.615s] EVENT ValidationStarted { passage_index: 0, timestamp: 1766627534 }
[  2703.615s] EVENT PassageCompleted: passage #0
[  2703.615s] EVENT FileCompleted: "C:\\Users\\Mango Cat\\Music\\Aretha Franklin\\The Atlantic Singles Collection 1967–1970\\210 - Son of a Preacher Man.mp3"
[  2703.615s] EVENT FileStarted: "C:\\Users\\Mango Cat\\Music\\Aretha Franklin\\The Atlantic Singles Collection 1967–1970\\211 - Spirit in the Dark.mp3"
[  2703.615s] EVENT SingleTrackCheckCompleted { file_path: "C:\\Users\\Mango Cat\\Music\\Aretha Franklin\\The Atlantic Singles Collection 1967–1970\\211 - Spirit in the Dark.mp3", score: 1.8, is_single_track: true }
[  2709.674s] EVENT BoundaryDetected { passage_index: 0, start_time: 0, end_time: 5054791680, confidence: 0.5, timestamp: 1766627540 }
[  2709.674s] EVENT PassageStarted: passage #0
[  2709.674s] EVENT ExtractionProgress { passage_index: 0, extractor: "ID3", status: "running", timestamp: 1766627540 }
[  2709.674s] EVENT ExtractionProgress { passage_index: 0, extractor: "ID3", status: "completed", timestamp: 1766627540 }
[  2709.674s] EVENT ExtractionProgress { passage_index: 0, extractor: "Chromaprint", status: "running", timestamp: 1766627540 }
[  2709.885s] EVENT ExtractionProgress { passage_index: 0, extractor: "Chromaprint", status: "completed", timestamp: 1766627540 }
[  2709.885s] EVENT ExtractionProgress { passage_index: 0, extractor: "AudioDerived", status: "running", timestamp: 1766627540 }
[  2710.214s] EVENT ExtractionProgress { passage_index: 0, extractor: "AudioDerived", status: "completed", timestamp: 1766627540 }
[  2710.214s] EVENT ExtractionProgress { passage_index: 0, extractor: "ID3GenreMapper", status: "running", timestamp: 1766627540 }
[  2710.214s] EVENT ExtractionProgress { passage_index: 0, extractor: "ID3GenreMapper", status: "completed", timestamp: 1766627540 }
[  2710.214s] EVENT FusionStarted { passage_index: 0, timestamp: 1766627540 }
[  2710.214s] EVENT ExtractionProgress { passage_index: 0, extractor: "MusicBrainz-Pass2", status: "running", timestamp: 1766627540 }
[  2710.217s] FILE_COMPLETE [139/5737] 211 - Spirit in the Dark.mp3 - 1 passages in 6.61s (total_elapsed: 2710.2s)
[  2710.217s] FILE_START [140/5737] 212 - The Thrill Is Gone.mp3
[  2710.220s] EVENT ExtractionProgress { passage_index: 0, extractor: "MusicBrainz-Pass2", status: "completed", timestamp: 1766627540 }
[  2710.220s] EVENT FusionStarted { passage_index: 0, timestamp: 1766627540 }
[  2710.220s] EVENT ValidationStarted { passage_index: 0, timestamp: 1766627540 }
[  2710.220s] EVENT PassageCompleted: passage #0
[  2710.220s] EVENT FileCompleted: "C:\\Users\\Mango Cat\\Music\\Aretha Franklin\\The Atlantic Singles Collection 1967–1970\\211 - Spirit in the Dark.mp3"
[  2710.220s] EVENT FileStarted: "C:\\Users\\Mango Cat\\Music\\Aretha Franklin\\The Atlantic Singles Collection 1967–1970\\212 - The Thrill Is Gone.mp3"
[  2710.220s] EVENT SingleTrackCheckCompleted { file_path: "C:\\Users\\Mango Cat\\Music\\Aretha Franklin\\The Atlantic Singles Collection 1967–1970\\212 - The Thrill Is Gone.mp3", score: 1.8, is_single_track: true }
[  2715.728s] EVENT BoundaryDetected { passage_index: 0, start_time: 0, end_time: 4584407040, confidence: 0.5, timestamp: 1766627546 }
[  2715.728s] EVENT PassageStarted: passage #0
[  2715.728s] EVENT ExtractionProgress { passage_index: 0, extractor: "ID3", status: "running", timestamp: 1766627546 }
[  2715.728s] EVENT ExtractionProgress { passage_index: 0, extractor: "ID3", status: "completed", timestamp: 1766627546 }
[  2715.728s] EVENT ExtractionProgress { passage_index: 0, extractor: "Chromaprint", status: "running", timestamp: 1766627546 }
[  2715.909s] EVENT ExtractionProgress { passage_index: 0, extractor: "Chromaprint", status: "completed", timestamp: 1766627546 }
[  2715.909s] EVENT ExtractionProgress { passage_index: 0, extractor: "AudioDerived", status: "running", timestamp: 1766627546 }
[  2716.202s] EVENT ExtractionProgress { passage_index: 0, extractor: "AudioDerived", status: "completed", timestamp: 1766627546 }
[  2716.202s] EVENT ExtractionProgress { passage_index: 0, extractor: "ID3GenreMapper", status: "running", timestamp: 1766627546 }
[  2716.202s] EVENT ExtractionProgress { passage_index: 0, extractor: "ID3GenreMapper", status: "completed", timestamp: 1766627546 }
[  2716.202s] EVENT FusionStarted { passage_index: 0, timestamp: 1766627546 }
[  2716.202s] EVENT ExtractionProgress { passage_index: 0, extractor: "MusicBrainz-Pass2", status: "running", timestamp: 1766627546 }
[  2716.204s] FILE_COMPLETE [140/5737] 212 - The Thrill Is Gone.mp3 - 1 passages in 5.99s (total_elapsed: 2716.2s)
[  2716.204s] PROGRESS 140/5737 (2.4%) - 0.05 files/sec - ETA: 1809.8min
[  2716.205s] FILE_START [141/5737] 213 - Don’t Play That Song.mp3
[  2716.210s] EVENT ExtractionProgress { passage_index: 0, extractor: "MusicBrainz-Pass2", status: "completed", timestamp: 1766627546 }
[  2716.210s] EVENT FusionStarted { passage_index: 0, timestamp: 1766627546 }
[  2716.210s] EVENT ValidationStarted { passage_index: 0, timestamp: 1766627546 }
[  2716.210s] EVENT PassageCompleted: passage #0
[  2716.210s] EVENT FileCompleted: "C:\\Users\\Mango Cat\\Music\\Aretha Franklin\\The Atlantic Singles Collection 1967–1970\\212 - The Thrill Is Gone.mp3"
[  2716.210s] EVENT FileStarted: "C:\\Users\\Mango Cat\\Music\\Aretha Franklin\\The Atlantic Singles Collection 1967–1970\\213 - Don’t Play That Song.mp3"
[  2716.210s] EVENT SingleTrackCheckCompleted { file_path: "C:\\Users\\Mango Cat\\Music\\Aretha Franklin\\The Atlantic Singles Collection 1967–1970\\213 - Don’t Play That Song.mp3", score: 1.8, is_single_track: true }
