[     0.005s] === Full Library Import Test Started ===
Total files: 5737
Album matching: true
Cache database: C:\Users\Mango Cat\Dev\McRhythm\wkmp-ai\test_recording_cache.db (existing)
[     0.005s] FILE_START [1/5737] 01-These_Are_Days.mp3
[     0.006s] EVENT FileStarted: "C:\\Users\\Mango Cat\\Music\\10,000_Maniacs\\MTV_Unplugged\\01-These_Are_Days.mp3"
[     0.006s] EVENT SingleTrackCheckCompleted { file_path: "C:\\Users\\Mango Cat\\Music\\10,000_Maniacs\\MTV_Unplugged\\01-These_Are_Days.mp3", score: 2.8, is_single_track: tru[   [    12.215s] EVENT BoundaryDetected { passage_index: 0, start_time: 0, end_time: 8286289920, confidence: 0.8, timestamp: 1766329396 }
[    12.215s] EVENT PassageStarted: passage #0
[    12.215s] EVENT ExtractionProgress { passage_index: 0, extractor: "ID3", status: "running", timestamp: 1766329396 }
[    12.215s] EVENT ExtractionProgress { passage_index: 0, extractor: "ID3", status: "completed", timestamp: 1766329396 }
[    12.215s] EVENT ExtractionProgress { passage_index: 0, extractor: "Chromaprint", status: "running", timestamp: 176632939[   [    12.605s] EVENT ExtractionProgress { passage_index: 0, extractor: "Chromaprint", status: "completed", timestamp: 1766329397 }
[    12.605s] EVENT ExtractionProgress { passage_index: 0, extractor: "AudioDerived", status: "running", timestamp: 176632939[   [    13.273s] EVENT ExtractionProgress { passage_index: 0, extractor: "AudioDerived", status: "completed", timestamp: 1766329397 }
[    13.273s] EVENT ExtractionProgress { passage_index: 0, extractor: "ID3GenreMapper", status: "running", timestamp: 1766329397 }
[    13.273s] EVENT ExtractionProgress { passage_index: 0, extractor: "ID3GenreMapper", status: "completed", timestamp: 1766329397 }
[    13.273s] EVENT FusionStarted { passage_index: 0, timestamp: 1766329397 }
[    13.273s] EVENT ExtractionProgress { passage_index: 0, extractor: "MusicBrainz-Pass2", status: "running", timestamp: 1766329397 }
[    13.277s] FILE_COMPLETE [1/5737] 01-These_Are_Days.mp3 - 1 passages in 13.27s (total_elapsed: 13.3s)
[    13.278s] FILE_START [2/5737] 02-Eat_For_Two.mp3
[    13.278s] EVENT ExtractionProgress { passage_index: 0, extractor: "MusicBrainz-Pass2", status: "completed", timestamp: 1766329397 }
[    13.278s] EVENT FusionStarted { passage_index: 0, timestamp: 1766329397 }
[    13.278s] EVENT ValidationStarted { passage_index: 0, timestamp: 1766329397 }
[    13.278s] EVENT PassageCompleted: passage #0
[    13.278s] EVENT FileCompleted: "C:\\Users\\Mango Cat\\Music\\10,000_Maniacs\\MTV_Unplugged\\01-These_Are_Days.mp3"
[    13.278s] EVENT FileStarted: "C:\\Users\\Mango Cat\\Music\\10,000_Maniacs\\MTV_Unplugged\\02-Eat_For_Two.mp3"
[    13.278s] EVENT SingleTrackCheckCompleted { file_path: "C:\\Users\\Mango Cat\\Music\\10,000_Maniacs\\MTV_Unplugged\\02-Eat_For_Two.mp3", score: 2.8, is_single_track:[    24.[    24.429s] EVENT BoundaryDetected { passage_index: 0, start_time: 0, end_time: 7410401280, confidence: 0.5, timestamp: 1766329409 }
[    24.429s] EVENT PassageStarted: passage #0
[    24.429s] EVENT ExtractionProgress { passage_index: 0, extractor: "ID3", status: "running", timestamp: 1766329409 }
[    24.429s] EVENT ExtractionProgress { passage_index: 0, extractor: "ID3", status: "completed", timestamp: 1766329409 }
[    24.429s] EVENT ExtractionProgress { passage_index: 0, extractor: "Chromaprint", status: "running", timestamp: 1766329409 }
[    24.753s] EVENT ExtractionProgress { passage_index: 0, extractor: "Chromaprint", status: "completed", timestamp: 1766329409 }
[    24.753s] EVENT ExtractionProgress { passage_index: 0, extractor: "AudioDerived", status: "running", timestamp: 17663[    25.[    25.272s] EVENT ExtractionProgress { passage_index: 0, extractor: "AudioDerived", status: "completed", timestamp: 1766329409 }
[    25.272s] EVENT ExtractionProgress { passage_index: 0, extractor: "ID3GenreMapper", status: "running", timestamp: 1766329409 }
[    25.272s] EVENT ExtractionProgress { passage_index: 0, extractor: "ID3GenreMapper", status: "completed", timestamp: 1766329409 }
[    25.272s] EVENT FusionStarted { passage_index: 0, timestamp: 1766329409 }
[    25.272s] EVENT ExtractionProgress { passage_index: 0, extractor: "MusicBrainz-Pass2", status: "running", timestamp: 1766329409 }
[    25.276s] FILE_COMPLETE [2/5737] 02-Eat_For_Two.mp3 - 1 passages in 12.00s (total_elapsed: 25.3s)
[    25.276s] FILE_START [3/5737] 03-Candy_Everybody_Wants.mp3
[    25.277s] EVENT ExtractionProgress { passage_index: 0, extractor: "MusicBrainz-Pass2", status: "completed", timestamp: 1766329409 }
[    25.277s] EVENT FusionStarted { passage_index: 0, timestamp: 1766329409 }
[    25.277s] EVENT ValidationStarted { passage_index: 0, timestamp: 1766329409 }
[    25.277s] EVENT PassageCompleted: passage #0
[    25.277s] EVENT FileCompleted: "C:\\Users\\Mango Cat\\Music\\10,000_Maniacs\\MTV_Unplugged\\02-Eat_For_Two.mp3"
[    25.277s] EVENT FileStarted: "C:\\Users\\Mango Cat\\Music\\10,000_Maniacs\\MTV_Unplugged\\03-Candy_Everybody_Wants.mp3"
[    25.277s] EVENT SingleTrackCheckCompleted { file_path: "C:\\Users\\Mango Cat\\Music\\10,000_Maniacs\\MTV_Unplugged\\03-Candy_Everybody_Wants.mp3", score: 2.8, is_single_tr[    33.248s[    33.422s] EVENT BoundaryDetected { passage_index: 0, start_time: 0, end_time: 5635031040, confidence: 0.5, timestamp: 1766329418 }
[    33.422s] EVENT PassageStarted: passage #0
[    33.422s] EVENT ExtractionProgress { passage_index: 0, extractor: "ID3", status: "running", timestamp: 1766329418 }
[    33.422s] EVENT ExtractionProgress { passage_index: 0, extractor: "ID3", status: "completed", timestamp: 1766329418 }
[    33.422s] EVENT ExtractionProgress { passage_index: 0, extractor: "Chromaprint", status: "running", timestamp: 1766329418 }
[    33.681s] EVENT ExtractionProgress { passage_index: 0, extractor: "Chromaprint", status: "completed", timestamp: 1766329418 }
[    33.681s] EVENT ExtractionProgress { passage_index: 0, extractor: "AudioDerived", status: "running", timestamp: 1[    33.923s[    34.113s] EVENT ExtractionProgress { passage_index: 0, extractor: "AudioDerived", status: "completed", timestamp: 1766329418 }
[    34.113s] EVENT ExtractionProgress { passage_index: 0, extractor: "ID3GenreMapper", status: "running", timestamp: 1766329418 }
[    34.113s] EVENT ExtractionProgress { passage_index: 0, extractor: "ID3GenreMapper", status: "completed", timestamp: 1766329418 }
[    34.113s] EVENT FusionStarted { passage_index: 0, timestamp: 1766329418 }
[    34.113s] EVENT ExtractionProgress { passage_index: 0, extractor: "MusicBrainz-Pass2", status: "running", timestamp: 1766329418 }
[    34.116s] FILE_COMPLETE [3/5737] 03-Candy_Everybody_Wants.mp3 - 1 passages in 8.84s (total_elapsed: 34.1s)
[    34.116s] FILE_START [4/5737] 04-I'm_Not_The_Man.mp3
[    34.117s] EVENT ExtractionProgress { passage_index: 0, extractor: "MusicBrainz-Pass2", status: "completed", timestamp: 1766329418 }
[    34.117s] EVENT FusionStarted { passage_index: 0, timestamp: 1766329418 }
[    34.117s] EVENT ValidationStarted { passage_index: 0, timestamp: 1766329418 }
[    34.117s] EVENT PassageCompleted: passage #0
[    34.117s] EVENT FileCompleted: "C:\\Users\\Mango Cat\\Music\\10,000_Maniacs\\MTV_Unplugged\\03-Candy_Everybody_Wants.mp3"
[    34.117s] EVENT FileStarted: "C:\\Users\\Mango Cat\\Music\\10,000_Maniacs\\MTV_Unplugged\\04-I'm_Not_The_Man.mp3"
[    34.117s] EVENT SingleTrackCheckCompleted { file_path: "C:\\Users\\Mango Cat\\Music\\10,000_Maniacs\\MTV_Unplugged\\04-I'm_Not_The_Man.mp3", score: 2.8, is_singl[    43.254s] EV[    43.462s] EVENT BoundaryDetected { passage_index: 0, start_time: 0, end_time: 6390005760, confidence: 0.8, timestamp: 1766329428 }
[    43.462s] EVENT PassageStarted: passage #0
[    43.462s] EVENT ExtractionProgress { passage_index: 0, extractor: "ID3", status: "running", timestamp: 1766329428 }
[    43.462s] EVENT ExtractionProgress { passage_index: 0, extractor: "ID3", status: "completed", timestamp: 1766329428 }
[    43.462s] EVENT ExtractionProgress { passage_index: 0, extractor: "Chromaprint", status: "running", timestamp: 1766329428 }
[    43.755s] EVENT ExtractionProgress { passage_index: 0, extractor: "Chromaprint", status: "completed", timestamp: 1766329428 }
[    43.755s] EVENT ExtractionProgress { passage_index: 0, extractor: "AudioDerived", status: "running", timestam[    44.025s] EV[    44.225s] EVENT ExtractionProgress { passage_index: 0, extractor: "AudioDerived", status: "completed", timestamp: 1766329428 }
[    44.225s] EVENT ExtractionProgress { passage_index: 0, extractor: "ID3GenreMapper", status: "running", timestamp: 1766329428 }
[    44.225s] EVENT ExtractionProgress { passage_index: 0, extractor: "ID3GenreMapper", status: "completed", timestamp: 1766329428 }
[    44.225s] EVENT FusionStarted { passage_index: 0, timestamp: 1766329428 }
[    44.225s] EVENT ExtractionProgress { passage_index: 0, extractor: "MusicBrainz-Pass2", status: "running", timestamp: 1766329428 }
[    44.229s] FILE_COMPLETE [4/5737] 04-I'm_Not_The_Man.mp3 - 1 passages in 10.11s (total_elapsed: 44.2s)
[    44.229s] FILE_START [5/5737] 05-Don't_Talk.mp3
[    44.229s] EVENT ExtractionProgress { passage_index: 0, extractor: "MusicBrainz-Pass2", status: "completed", timestamp: 1766329428 }
[    44.229s] EVENT FusionStarted { passage_index: 0, timestamp: 1766329428 }
[    44.229s] EVENT ValidationStarted { passage_index: 0, timestamp: 1766329428 }
[    44.229s] EVENT PassageCompleted: passage #0
[    44.229s] EVENT FileCompleted: "C:\\Users\\Mango Cat\\Music\\10,000_Maniacs\\MTV_Unplugged\\04-I'm_Not_The_Man.mp3"
[    44.229s] EVENT FileStarted: "C:\\Users\\Mango Cat\\Music\\10,000_Maniacs\\MTV_Unplugged\\05-Don't_Talk.mp3"
[    44.229s] EVENT SingleTrackCheckCompleted { file_path: "C:\\Users\\Mango Cat\\Music\\10,000_Maniacs\\MTV_Unplugged\\05-Don't_Talk.mp3", score: 2.8, is_s[    57.375s] EVENT [    57.616s] EVENT BoundaryDetected { passage_index: 0, start_time: 0, end_time: 9086976000, confidence: 0.5, timestamp: 1766329442 }
[    57.616s] EVENT PassageStarted: passage #0
[    57.616s] EVENT ExtractionProgress { passage_index: 0, extractor: "ID3", status: "running", timestamp: 1766329442 }
[    57.616s] EVENT ExtractionProgress { passage_index: 0, extractor: "ID3", status: "completed", timestamp: 1766329442 }
[    57.616s] EVENT ExtractionProgress { passage_index: 0, extractor: "Chromaprint", status: "running", timestamp: 1766329442 }
[    57.991s] EVENT ExtractionProgress { passage_index: 0, extractor: "Chromaprint", status: "completed", timestamp: 1766329442 }
[    57.991s] EVENT ExtractionProgress { passage_index: 0, extractor: "AudioDerived", status: "running", time[    58.391s] EVENT [    58.654s] EVENT ExtractionProgress { passage_index: 0, extractor: "AudioDerived", status: "completed", timestamp: 1766329443 }
[    58.655s] EVENT ExtractionProgress { passage_index: 0, extractor: "ID3GenreMapper", status: "running", timestamp: 1766329443 }
[    58.655s] EVENT ExtractionProgress { passage_index: 0, extractor: "ID3GenreMapper", status: "completed", timestamp: 1766329443 }
[    58.655s] EVENT FusionStarted { passage_index: 0, timestamp: 1766329443 }
[    58.655s] EVENT ExtractionProgress { passage_index: 0, extractor: "MusicBrainz-Pass2", status: "running", timestamp: 1766329443 }
[    58.658s] FILE_COMPLETE [5/5737] 05-Don't_Talk.mp3 - 1 passages in 14.43s (total_elapsed: 58.7s)
[    58.658s] FILE_START [6/5737] 06-Hey_Jack_Kerouac.mp3
[    58.659s] EVENT ExtractionProgress { passage_index: 0, extractor: "MusicBrainz-Pass2", status: "completed", timestamp: 1766329443 }
[    58.659s] EVENT FusionStarted { passage_index: 0, timestamp: 1766329443 }
[    58.659s] EVENT ValidationStarted { passage_index: 0, timestamp: 1766329443 }
[    58.659s] EVENT PassageCompleted: passage #0
[    58.659s] EVENT FileCompleted: "C:\\Users\\Mango Cat\\Music\\10,000_Maniacs\\MTV_Unplugged\\05-Don't_Talk.mp3"
[    58.659s] EVENT FileStarted: "C:\\Users\\Mango Cat\\Music\\10,000_Maniacs\\MTV_Unplugged\\06-Hey_Jack_Kerouac.mp3"
[    58.659s] EVENT SingleTrackCheckCompleted { file_path: "C:\\Users\\Mango Cat\\Music\\10,000_Maniacs\\MTV_Unplugged\\06-Hey_Jack_Kerouac.mp3", score: 2.8, [    67.386s] EVENT Boun[    67.670s] EVENT BoundaryDetected { passage_index: 0, start_time: 0, end_time: 6457835520, confidence: 0.5, timestamp: 1766329452 }
[    67.670s] EVENT PassageStarted: passage #0
[    67.670s] EVENT ExtractionProgress { passage_index: 0, extractor: "ID3", status: "running", timestamp: 1766329452 }
[    67.670s] EVENT ExtractionProgress { passage_index: 0, extractor: "ID3", status: "completed", timestamp: 1766329452 }
[    67.670s] EVENT ExtractionProgress { passage_index: 0, extractor: "Chromaprint", status: "running", timestamp: 1766329452 }
[    67.941s] EVENT ExtractionProgress { passage_index: 0, extractor: "Chromaprint", status: "completed", timestamp: 1766329452 }
[    67.941s] EVENT ExtractionProgress { passage_index: 0, extractor: "AudioDerived", status: "running", timestamp: 1766329452 }
[    68.394s] EVENT ExtractionProgress { passage_index: 0, extractor: "AudioDerived", status: "completed", timestamp: 1766329453 }
[    68.394s] EVENT ExtractionProgress { passage_index: 0, extractor: "ID3GenreMapper", status: "running", timestamp: 1766329453 }
[    68.394s] EVENT ExtractionProgress { passage_index: 0, extractor: "ID3GenreMapper", status: "completed", timestamp: 1766329453 }
[    68.394s] EVENT FusionStarted { passage_index: 0, timestamp: 1766329453 }
[    68.394s] EVENT ExtractionProgress { passage_index: 0, extractor: "MusicBrainz-Pass2", status: "running", timestamp: 1766329453 }
[    68.398s] FILE_COMPLETE [6/5737] 06-Hey_Jack_Kerouac.mp3 - 1 passages in 9.74s (total_elapsed: 68.4s)
[    68.398s] FILE_START [7/5737] 07-What's_The_Matter_Here-.mp3
[    68.399s] EVENT ExtractionProgress { passage_index: 0, extractor: "MusicBrainz-Pass2", status: "completed", timestamp: 1766329453 }
[    68.399s] EVENT FusionStarted { passage_index: 0, timestamp: 1766329453 }
[    68.399s] EVENT ValidationStarted { passage_index: 0, timestamp: 1766329453 }
[    68.399s] EVENT PassageCompleted: passage #0
[    68.399s] EVENT FileCompleted: "C:\\Users\\Mango Cat\\Music\\10,000_Maniacs\\MTV_Unplugged\\06-Hey_Jack_Kerouac.mp3"
[    68.399s] EVENT FileStarted: "C:\\Users\\Mango Cat\\Music\\10,000_Maniacs\\MTV_Unplugged\\07-What's_The_Matter_Here-.mp3"
[    68.399s] EVENT SingleTrackCheckCompleted { file_path: "C:\\Users\\Mango Cat\\Music\\10,000_Maniacs\\MTV_Unplugged\\07-What's_The_Matter_Here-.mp3", score: 2[    79.585s] EVENT Boundary[    79.983s] EVENT BoundaryDetected { passage_index: 0, start_time: 0, end_time: 8204451840, confidence: 0.8, timestamp: 1766329464 }
[    79.983s] EVENT PassageStarted: passage #0
[    79.983s] EVENT ExtractionProgress { passage_index: 0, extractor: "ID3", status: "running", timestamp: 1766329464 }
[    79.983s] EVENT ExtractionProgress { passage_index: 0, extractor: "ID3", status: "completed", timestamp: 1766329464 }
[    79.983s] EVENT ExtractionProgress { passage_index: 0, extractor: "Chromaprint", status: "running", timestamp: 1766329464 }
[    80.356s] EVENT ExtractionProgress { passage_index: 0, extractor: "Chromaprint", status: "completed", timestamp: 1766329464 }
[    80.356s] EVENT ExtractionProgress { passage_index: 0, extractor: "AudioDerived", status: "running", timestamp: 1766329464 }
[    80.959s] EVENT ExtractionProgress { passage_index: 0, extractor: "AudioDerived", status: "completed", timestamp: 1766329465 }
[    80.959s] EVENT ExtractionProgress { passage_index: 0, extractor: "ID3GenreMapper", status: "running", timestamp: 1766329465 }
[    80.959s] EVENT ExtractionProgress { passage_index: 0, extractor: "ID3GenreMapper", status: "completed", timestamp: 1766329465 }
[    80.959s] EVENT FusionStarted { passage_index: 0, timestamp: 1766329465 }
[    80.959s] EVENT ExtractionProgress { passage_index: 0, extractor: "MusicBrainz-Pass2", status: "running", timestamp: 1766329465 }
[    80.962s] FILE_COMPLETE [7/5737] 07-What's_The_Matter_Here-.mp3 - 1 passages in 12.56s (total_elapsed: 81.0s)
[    80.962s] FILE_START [8/5737] 08-Gold_Rush_Brides.mp3
[    80.963s] EVENT ExtractionProgress { passage_index: 0, extractor: "MusicBrainz-Pass2", status: "completed", timestamp: 1766329465 }
[    80.963s] EVENT FusionStarted { passage_index: 0, timestamp: 1766329465 }
[    80.963s] EVENT ValidationStarted { passage_index: 0, timestamp: 1766329465 }
[    80.963s] EVENT PassageCompleted: passage #0
[    80.963s] EVENT FileCompleted: "C:\\Users\\Mango Cat\\Music\\10,000_Maniacs\\MTV_Unplugged\\07-What's_The_Matter_Here-.mp3"
[    80.963s] EVENT FileStarted: "C:\\Users\\Mango Cat\\Music\\10,000_Maniacs\\MTV_Unplugged\\08-Gold_Rush_Brides.mp3"
[    80.963s] EVENT SingleTrackCheckCompleted { file_path: "C:\\Users\\Mango Cat\\Music\\10,000_Maniacs\\MTV_Unplugged\\08-Gold_Rush_Brides.mp3", scor[    90.936s] EVENT BoundaryDete[    91.296s] EVENT BoundaryDetected { passage_index: 0, start_time: 0, end_time: 7106641920, confidence: 0.5, timestamp: 1766329475 }
[    91.296s] EVENT PassageStarted: passage #0
[    91.296s] EVENT ExtractionProgress { passage_index: 0, extractor: "ID3", status: "running", timestamp: 1766329475 }
[    91.296s] EVENT ExtractionProgress { passage_index: 0, extractor: "ID3", status: "completed", timestamp: 1766329475 }
[    91.296s] EVENT ExtractionProgress { passage_index: 0, extractor: "Chromaprint", status: "running", timestamp: 1766329475 }
[    91.715s] EVENT ExtractionProgress { passage_index: 0, extractor: "Chromaprint", status: "completed", timestamp: 1766329476 }
[    91.715s] EVENT ExtractionProgress { passage_index: 0, extractor: "AudioDerived", status: "running", timestamp: 1766329476 }
[    92.403s] EVENT ExtractionProgress { passage_index: 0, extractor: "AudioDerived", status: "completed", timestamp: 1766329477 }
[    92.403s] EVENT ExtractionProgress { passage_index: 0, extractor: "ID3GenreMapper", status: "running", timestamp: 1766329477 }
[    92.403s] EVENT ExtractionProgress { passage_index: 0, extractor: "ID3GenreMapper", status: "completed", timestamp: 1766329477 }
[    92.403s] EVENT FusionStarted { passage_index: 0, timestamp: 1766329477 }
[    92.403s] EVENT ExtractionProgress { passage_index: 0, extractor: "MusicBrainz-Pass2", status: "running", timestamp: 1766329477 }
[    92.406s] FILE_COMPLETE [8/5737] 08-Gold_Rush_Brides.mp3 - 1 passages in 11.44s (total_elapsed: 92.4s)
[    92.406s] FILE_START [9/5737] 09-Like_The_Weather.mp3
[    92.407s] EVENT ExtractionProgress { passage_index: 0, extractor: "MusicBrainz-Pass2", status: "completed", timestamp: 1766329477 }
[    92.407s] EVENT FusionStarted { passage_index: 0, timestamp: 1766329477 }
[    92.407s] EVENT ValidationStarted { passage_index: 0, timestamp: 1766329477 }
[    92.407s] EVENT PassageCompleted: passage #0
[    92.407s] EVENT FileCompleted: "C:\\Users\\Mango Cat\\Music\\10,000_Maniacs\\MTV_Unplugged\\08-Gold_Rush_Brides.mp3"
[    92.407s] EVENT FileStarted: "C:\\Users\\Mango Cat\\Music\\10,000_Maniacs\\MTV_Unplugged\\09-Like_The_Weather.mp3"
[    92.407s] EVENT SingleTrackCheckCompleted { file_path: "C:\\Users\\Mango Cat\\Music\\10,000_Maniacs\\MTV_Unplugged\\09-Like_The_Weather.mp3", [   102.356s] EVENT BoundaryDetected[   102.682s] EVENT BoundaryDetected { passage_index: 0, start_time: 0, end_time: 7196590080, confidence: 0.5, timestamp: 1766329487 }
[   102.682s] EVENT PassageStarted: passage #0
[   102.682s] EVENT ExtractionProgress { passage_index: 0, extractor: "ID3", status: "running", timestamp: 1766329487 }
[   102.682s] EVENT ExtractionProgress { passage_index: 0, extractor: "ID3", status: "completed", timestamp: 1766329487 }
[   102.682s] EVENT ExtractionProgress { passage_index: 0, extractor: "Chromaprint", status: "running", timestamp: 1766329487 }
[   102.986s] EVENT ExtractionProgress { passage_index: 0, extractor: "Chromaprint", status: "completed", timestamp: 1766329487 }
[   102.986s] EVENT ExtractionProgress { passage_index: 0, extractor: "AudioDerived", status: "running", timestamp: 1766329487 }
[   103.477s] EVENT ExtractionProgress { passage_index: 0, extractor: "AudioDerived", status: "completed", timestamp: 1766329488 }
[   103.477s] EVENT ExtractionProgress { passage_index: 0, extractor: "ID3GenreMapper", status: "running", timestamp: 1766329488 }
[   103.477s] EVENT ExtractionProgress { passage_index: 0, extractor: "ID3GenreMapper", status: "completed", timestamp: 1766329488 }
[   103.477s] EVENT FusionStarted { passage_index: 0, timestamp: 1766329488 }
[   103.477s] EVENT ExtractionProgress { passage_index: 0, extractor: "MusicBrainz-Pass2", status: "running", timestamp: 1766329488 }
[   103.481s] FILE_COMPLETE [9/5737] 09-Like_The_Weather.mp3 - 1 passages in 11.07s (total_elapsed: 103.5s)
[   103.481s] FILE_START [10/5737] 10-Trouble_Me.mp3
[   103.482s] EVENT ExtractionProgress { passage_index: 0, extractor: "MusicBrainz-Pass2", status: "completed", timestamp: 1766329488 }
[   103.482s] EVENT FusionStarted { passage_index: 0, timestamp: 1766329488 }
[   103.482s] EVENT ValidationStarted { passage_index: 0, timestamp: 1766329488 }
[   103.482s] EVENT PassageCompleted: passage #0
[   103.482s] EVENT FileCompleted: "C:\\Users\\Mango Cat\\Music\\10,000_Maniacs\\MTV_Unplugged\\09-Like_The_Weather.mp3"
[   103.482s] EVENT FileStarted: "C:\\Users\\Mango Cat\\Music\\10,000_Maniacs\\MTV_Unplugged\\10-Trouble_Me.mp3"
[   103.482s] EVENT SingleTrackCheckCompleted { file_path: "C:\\Users\\Mango Cat\\Music\\10,000_Maniacs\\MTV_Unplugged\\10-Trouble_Me.mp[   112.075s] EVENT BoundaryDetected { p[   112.405s] EVENT BoundaryDetected { passage_index: 0, start_time: 0, end_time: 6231490560, confidence: 0.5, timestamp: 1766329497 }
[   112.405s] EVENT PassageStarted: passage #0
[   112.405s] EVENT ExtractionProgress { passage_index: 0, extractor: "ID3", status: "running", timestamp: 1766329497 }
[   112.405s] EVENT ExtractionProgress { passage_index: 0, extractor: "ID3", status: "completed", timestamp: 1766329497 }
[   112.405s] EVENT ExtractionProgress { passage_index: 0, extractor: "Chromaprint", status: "running", timestamp: 1766329497 }
[   112.708s] EVENT ExtractionProgress { passage_index: 0, extractor: "Chromaprint", status: "completed", timestamp: 1766329497 }
[   112.708s] EVENT ExtractionProgress { passage_index: 0, extractor: "AudioDerived", status: "running", timestamp: 1766329497 }
[   113.151s] EVENT ExtractionProgress { passage_index: 0, extractor: "AudioDerived", status: "completed", timestamp: 1766329497 }
[   113.151s] EVENT ExtractionProgress { passage_index: 0, extractor: "ID3GenreMapper", status: "running", timestamp: 1766329497 }
[   113.151s] EVENT ExtractionProgress { passage_index: 0, extractor: "ID3GenreMapper", status: "completed", timestamp: 1766329497 }
[   113.151s] EVENT FusionStarted { passage_index: 0, timestamp: 1766329497 }
[   113.151s] EVENT ExtractionProgress { passage_index: 0, extractor: "MusicBrainz-Pass2", status: "running", timestamp: 1766329497 }
[   113.154s] FILE_COMPLETE [10/5737] 10-Trouble_Me.mp3 - 1 passages in 9.67s (total_elapsed: 113.1s)
[   113.155s] PROGRESS 10/5737 (0.2%) - 0.09 files/sec - ETA: 1080.0min
[   113.155s] FILE_START [11/5737] 11-Jezebel.mp3
[   113.156s] EVENT ExtractionProgress { passage_index: 0, extractor: "MusicBrainz-Pass2", status: "completed", timestamp: 1766329497 }
[   113.156s] EVENT FusionStarted { passage_index: 0, timestamp: 1766329497 }
[   113.156s] EVENT ValidationStarted { passage_index: 0, timestamp: 1766329497 }
[   113.156s] EVENT PassageCompleted: passage #0
[   113.156s] EVENT FileCompleted: "C:\\Users\\Mango Cat\\Music\\10,000_Maniacs\\MTV_Unplugged\\10-Trouble_Me.mp3"
[   113.156s] EVENT FileStarted: "C:\\Users\\Mango Cat\\Music\\10,000_Maniacs\\MTV_Unplugged\\11-Jezebel.mp3"
[   113.156s] EVENT SingleTrackCheckCompleted { file_path: "C:\\Users\\Mango Cat\\Music\\10,000_Maniacs\\MTV_Unplugged\\11-Je[   123.034s] EVENT BoundaryDetected { passage_i[   123.420s] EVENT BoundaryDetected { passage_index: 0, start_time: 0, end_time: 7449477120, confidence: 0.5, timestamp: 1766329508 }
[   123.420s] EVENT PassageStarted: passage #0
[   123.420s] EVENT ExtractionProgress { passage_index: 0, extractor: "ID3", status: "running", timestamp: 1766329508 }
[   123.421s] EVENT ExtractionProgress { passage_index: 0, extractor: "ID3", status: "completed", timestamp: 1766329508 }
[   123.421s] EVENT ExtractionProgress { passage_index: 0, extractor: "Chromaprint", status: "running", timestamp: 1766329508 }
[   123.747s] EVENT ExtractionProgress { passage_index: 0, extractor: "Chromaprint", status: "completed", timestamp: 1766329508 }
[   123.747s] EVENT ExtractionProgress { passage_index: 0, extractor: "AudioDerived", status: "running", timestamp: 1766329508 }
[   124.316s] EVENT ExtractionProgress { passage_index: 0, extractor: "AudioDerived", status: "completed", timestamp: 1766329508 }
[   124.316s] EVENT ExtractionProgress { passage_index: 0, extractor: "ID3GenreMapper", status: "running", timestamp: 1766329508 }
[   124.316s] EVENT ExtractionProgress { passage_index: 0, extractor: "ID3GenreMapper", status: "completed", timestamp: 1766329508 }
[   124.316s] EVENT FusionStarted { passage_index: 0, timestamp: 1766329508 }
[   124.316s] EVENT ExtractionProgress { passage_index: 0, extractor: "MusicBrainz-Pass2", status: "running", timestamp: 1766329508 }
[   124.322s] FILE_COMPLETE [11/5737] 11-Jezebel.mp3 - 1 passages in 11.17s (total_elapsed: 124.3s)
[   124.322s] FILE_START [12/5737] 12-Because_The_Night.mp3
[   124.323s] EVENT ExtractionProgress { passage_index: 0, extractor: "MusicBrainz-Pass2", status: "completed", timestamp: 1766329508 }
[   124.323s] EVENT FusionStarted { passage_index: 0, timestamp: 1766329508 }
[   124.323s] EVENT ValidationStarted { passage_index: 0, timestamp: 1766329508 }
[   124.323s] EVENT PassageCompleted: passage #0
[   124.323s] EVENT FileCompleted: "C:\\Users\\Mango Cat\\Music\\10,000_Maniacs\\MTV_Unplugged\\11-Jezebel.mp3"
[   124.323s] EVENT FileStarted: "C:\\Users\\Mango Cat\\Music\\10,000_Maniacs\\MTV_Unplugged\\12-Because_The_Night.mp3"
[   124.323s] EVENT SingleTrackCheckCompleted { file_path: "C:\\Users\\Mango Cat\\Music\\10,000_Maniacs\\MTV_Unplugged\\12-Because_[   133.230s] EVENT BoundaryDetected { passage_index[   133.602s] EVENT BoundaryDetected { passage_index: 0, start_time: 0, end_time: 6305955840, confidence: 0.5, timestamp: 1766329518 }
[   133.602s] EVENT PassageStarted: passage #0
[   133.602s] EVENT ExtractionProgress { passage_index: 0, extractor: "ID3", status: "running", timestamp: 1766329518 }
[   133.602s] EVENT ExtractionProgress { passage_index: 0, extractor: "ID3", status: "completed", timestamp: 1766329518 }
[   133.602s] EVENT ExtractionProgress { passage_index: 0, extractor: "Chromaprint", status: "running", timestamp: 1766329518 }
[   133.872s] EVENT ExtractionProgress { passage_index: 0, extractor: "Chromaprint", status: "completed", timestamp: 1766329518 }
[   133.872s] EVENT ExtractionProgress { passage_index: 0, extractor: "AudioDerived", status: "running", timestamp: 1766329518 }
[   134.350s] EVENT ExtractionProgress { passage_index: 0, extractor: "AudioDerived", status: "completed", timestamp: 1766329518 }
[   134.350s] EVENT ExtractionProgress { passage_index: 0, extractor: "ID3GenreMapper", status: "running", timestamp: 1766329518 }
[   134.350s] EVENT ExtractionProgress { passage_index: 0, extractor: "ID3GenreMapper", status: "completed", timestamp: 1766329518 }
[   134.350s] EVENT FusionStarted { passage_index: 0, timestamp: 1766329518 }
[   134.350s] EVENT ExtractionProgress { passage_index: 0, extractor: "MusicBrainz-Pass2", status: "running", timestamp: 1766329518 }
[   134.354s] FILE_COMPLETE [12/5737] 12-Because_The_Night.mp3 - 1 passages in 10.03s (total_elapsed: 134.3s)
[   134.354s] FILE_START [13/5737] 13-Stockton_Gala_Days.mp3
[   134.355s] EVENT ExtractionProgress { passage_index: 0, extractor: "MusicBrainz-Pass2", status: "completed", timestamp: 1766329518 }
[   134.355s] EVENT FusionStarted { passage_index: 0, timestamp: 1766329518 }
[   134.355s] EVENT ValidationStarted { passage_index: 0, timestamp: 1766329518 }
[   134.355s] EVENT PassageCompleted: passage #0
[   134.355s] EVENT FileCompleted: "C:\\Users\\Mango Cat\\Music\\10,000_Maniacs\\MTV_Unplugged\\12-Because_The_Night.mp3"
[   134.355s] EVENT FileStarted: "C:\\Users\\Mango Cat\\Music\\10,000_Maniacs\\MTV_Unplugged\\13-Stockton_Gala_Days.mp3"
[   134.355s] EVENT SingleTrackCheckCompleted { file_path: "C:\\Users\\Mango Cat\\Music\\10,000_Maniacs\\MTV_Unplugged\\13-Stock[   147.385s] EVENT BoundaryDetected { passage_index: 0,[   147.711s] EVENT BoundaryDetected { passage_index: 0, start_time: 0, end_time: 9292677120, confidence: 0.5, timestamp: 1766329532 }
[   147.711s] EVENT PassageStarted: passage #0
[   147.711s] EVENT ExtractionProgress { passage_index: 0, extractor: "ID3", status: "running", timestamp: 1766329532 }
[   147.711s] EVENT ExtractionProgress { passage_index: 0, extractor: "ID3", status: "completed", timestamp: 1766329532 }
[   147.711s] EVENT ExtractionProgress { passage_index: 0, extractor: "Chromaprint", status: "running", timestamp: 1766329532 }
[   148.134s] EVENT ExtractionProgress { passage_index: 0, extractor: "Chromaprint", status: "completed", timestamp: 1766329532 }
[   148.134s] EVENT ExtractionProgress { passage_index: 0, extractor: "Au[   148.509s] EVENT ExtractionProgress { passage_index: [   148.838s] EVENT ExtractionProgress { passage_index: 0, extractor: "AudioDerived", status: "completed", timestamp: 1766329533 }
[   148.838s] EVENT ExtractionProgress { passage_index: 0, extractor: "ID3GenreMapper", status: "running", timestamp: 1766329533 }
[   148.838s] EVENT ExtractionProgress { passage_index: 0, extractor: "ID3GenreMapper", status: "completed", timestamp: 1766329533 }
[   148.838s] EVENT FusionStarted { passage_index: 0, timestamp: 1766329533 }
[   148.838s] EVENT ExtractionProgress { passage_index: 0, extractor: "MusicBrainz-Pass2", status: "running", timestamp: 1766329533 }
[   148.844s] FILE_COMPLETE [13/5737] 13-Stockton_Gala_Days.mp3 - 1 passages in 14.49s (total_elapsed: 148.8s)
[   148.844s] FILE_START [14/5737] 14-Noah's_Dove.mp3
[   148.845s] EVENT ExtractionProgress { passage_index: 0, extractor: "MusicBrainz-Pass2", status: "completed", timestamp: 1766329533 }
[   148.845s] EVENT FusionStarted { passage_index: 0, timestamp: 1766329533 }
[   148.845s] EVENT ValidationStarted { passage_index: 0, timestamp: 1766329533 }
[   148.845s] EVENT PassageCompleted: passage #0
[   148.845s] EVENT FileCompleted: "C:\\Users\\Mango Cat\\Music\\10,000_Maniacs\\MTV_Unplugged\\13-Stockton_Gala_Days.mp3"
[   148.845s] EVENT FileStarted: "C:\\Users\\Mango Cat\\Music\\10,000_Maniacs\\MTV_Unplugged\\14-Noah's_Dove.mp3"
[   148.845s] EVENT SingleTrackCheckCompleted { file_path: "C:\\Users\\Mango Cat\\Music\\10,000_Maniacs\\MTV_Unplugge[   161.820s] EVENT BoundaryDetected { passage_index: 0, sta[   162.152s] EVENT BoundaryDetected { passage_index: 0, start_time: 0, end_time: 8682946560, confidence: 0.5, timestamp: 1766329546 }
[   162.152s] EVENT PassageStarted: passage #0
[   162.152s] EVENT ExtractionProgress { passage_index: 0, extractor: "ID3", status: "running", timestamp: 1766329546 }
[   162.152s] EVENT ExtractionProgress { passage_index: 0, extractor: "ID3", status: "completed", timestamp: 1766329546 }
[   162.152s] EVENT ExtractionProgress { passage_index: 0, extractor: "Chromaprint", status: "running", timestamp: 1766329546 }
[   162.543s] EVENT ExtractionProgress { passage_index: 0, extractor: "Chromaprint", status: "completed", timestamp: 1766329547 }
[   162.543s] EVENT ExtractionProgress { passage_index: 0, extractor:[   162.858s] EVENT ExtractionProgress { passage_index: 0, e[   163.199s] EVENT ExtractionProgress { passage_index: 0, extractor: "AudioDerived", status: "completed", timestamp: 1766329547 }
[   163.199s] EVENT ExtractionProgress { passage_index: 0, extractor: "ID3GenreMapper", status: "running", timestamp: 1766329547 }
[   163.199s] EVENT ExtractionProgress { passage_index: 0, extractor: "ID3GenreMapper", status: "completed", timestamp: 1766329547 }
[   163.199s] EVENT FusionStarted { passage_index: 0, timestamp: 1766329547 }
[   163.199s] EVENT ExtractionProgress { passage_index: 0, extractor: "MusicBrainz-Pass2", status: "running", timestamp: 1766329547 }
[   163.204s] FILE_COMPLETE [14/5737] 14-Noah's_Dove.mp3 - 1 passages in 14.36s (total_elapsed: 163.2s)
[   163.204s] FILE_START [15/5737] Anthology.mp3
[   163.205s] EVENT ExtractionProgress { passage_index: 0, extractor: "MusicBrainz-Pass2", status: "completed", timestamp: 1766329547 }
[   163.205s] EVENT FusionStarted { passage_index: 0, timestamp: 1766329547 }
[   163.205s] EVENT ValidationStarted { passage_index: 0, timestamp: 1766329547 }
[   163.205s] EVENT PassageCompleted: passage #0
[   163.205s] EVENT FileCompleted: "C:\\Users\\Mango Cat\\Music\\10,000_Maniacs\\MTV_Unplugged\\14-Noah's_Dove.mp3"
[   163.205s] EVENT FileStarted: "C:\\Users\\Mango Cat\\Music\\38 Special\\Anthology.mp3"
[   163.205s] EVENT SingleTrackCheckCompleted { file_path: "C:\\Users\\Mango Cat\\Music\\38 Special\\Anthology.mp3", score: -0.5, is_single_track: false }
[   163.205s] EVENT AlbumMatchingSt[   552.229s] FILE_COMPLETE [15/20] Anthology.mp3 - 34 passages [   553.247s] FILE_COMPLETE [15/5737] Anthology.mp3 - 34 passages in 390.04s (total_elapsed: 553.2s)
[   553.247s] FILE_START [16/5737] (4_Non_Blondes)Bigger,_Better,_Faster,_More-01-Train_.mp3
[   553.248s] EVENT AlbumMatchingCompleted: "C:\\Users\\Mango Cat\\Music\\38 Special\\Anthology.mp3"
[   553.248s] EVENT BoundaryDetected { passage_index: 0, start_time: 0, end_time: 6636332160, confidence: 0.95, timestamp: 1766329937 }
[   553.248s] EVENT PassageStarted: passage #0
[   553.248s] EVENT PassageCompleted: passage #0
[   553.248s] EVENT BoundaryDetected { passage_index: 1, start_time: 6636332160, end_time: 13688426880, confidence: 0.95, timestamp: 1766329937 }
[   553.248s] EVENT PassageStarted: passage #1
[   553.248s] EVENT PassageCompleted: passage #1
[   553.248s] EVENT BoundaryDetected { passage_index: 2, start_time: 13688426880, end_time: 18930420480, confidence: 0.95, timestamp: 1766329937 }
[   553.248s] EVENT PassageStarted: passage #2
[   553.248s] EVENT PassageCompleted: passage #2
[   553.248s] EVENT BoundaryDetected { passage_index: 3, start_time: 18930420480, end_time: 26688147839, confidence: 0.95, timestamp: 1766329937 }
[   553.248s] EVENT PassageStarted: passage #3
[   553.248s] EVENT PassageCompleted: passage #3
[   553.248s] EVENT BoundaryDetected { passage_index: 4, start_time: 26688147839, end_time: 33472941440, confidence: 0.95, timestamp: 1766329937 }
[   553.248s] EVENT PassageStarted: passage #4
[   553.248s] EVENT PassageCompleted: passage #4
[   553.248s] EVENT BoundaryDetected { passage_index: 5, start_time: 33472941440, end_time: 42341837440, confidence: 0.95, timestamp: 1766329937 }
[   553.248s] EVENT PassageStarted: passage #5
[   553.248s] EVENT PassageCompleted: passage #5
[   553.248s] EVENT BoundaryDetected { passage_index: 6, start_time: 42341837440, end_time: 49499371520, confidence: 0.95, timestamp: 1766329937 }
[   553.248s] EVENT PassageStarted: passage #6
[   553.248s] EVENT PassageCompleted: passage #6
[   553.248s] EVENT BoundaryDetected { passage_index: 7, start_time: 49499371520, end_time: 56295096960, confidence: 0.95, timestamp: 1766329937 }
[   553.248s] EVENT PassageStarted: passage #7
[   553.248s] EVENT PassageCompleted: passage #7
[   553.248s] EVENT BoundaryDetected { passage_index: 8, start_time: 56295096960, end_time: 64507024640, confidence: 0.95, timestamp: 1766329937 }
[   553.248s] EVENT PassageStarted: passage #8
[   553.248s] EVENT PassageCompleted: passage #8
[   553.248s] EVENT BoundaryDetected { passage_index: 9, start_time: 64507024640, end_time: 72256641280, confidence: 0.95, timestamp: 1766329937 }
[   553.248s] EVENT PassageStarted: passage #9
[   553.248s] EVENT PassageCompleted: passage #9
[   553.248s] EVENT BoundaryDetected { passage_index: 10, start_time: 72256641280, end_time: 80695669120, confidence: 0.95, timestamp: 1766329937 }
[   553.248s] EVENT PassageStarted: passage #10
[   553.248s] EVENT PassageCompleted: passage #10
[   553.248s] EVENT BoundaryDetected { passage_index: 11, start_time: 80695669120, end_time: 87624692480, confidence: 0.95, timestamp: 1766329937 }
[   553.248s] EVENT PassageStarted: passage #11
[   553.248s] EVENT PassageCompleted: passage #11
[   553.248s] EVENT BoundaryDetected { passage_index: 12, start_time: 87624692480, end_time: 94232460800, confidence: 0.95, timestamp: 1766329937 }
[   553.248s] EVENT PassageStarted: passage #12
[   553.248s] EVENT PassageCompleted: passage #12
[   553.248s] EVENT BoundaryDetected { passage_index: 13, start_time: 94232460800, end_time: 100746779520, confidence: 0.95, timestamp: 1766329937 }
[   553.248s] EVENT PassageStarted: passage #13
[   553.248s] EVENT PassageCompleted: passage #13
[   553.248s] EVENT BoundaryDetected { passage_index: 14, start_time: 100746779520, end_time: 106988860160, confidence: 0.95, timestamp: 1766329937 }
[   553.248s] EVENT PassageStarted: passage #14
[   553.248s] EVENT PassageCompleted: passage #14
[   553.248s] EVENT BoundaryDetected { passage_index: 15, start_time: 106988860160, end_time: 113574412160, confidence: 0.95, timestamp: 1766329937 }
[   553.248s] EVENT PassageStarted: passage #15
[   553.248s] EVENT PassageCompleted: passage #15
[   553.248s] EVENT BoundaryDetected { passage_index: 16, start_time: 113574412160, end_time: 121135719039, confidence: 0.95, timestamp: 1766329937 }
[   553.248s] EVENT PassageStarted: passage #16
[   553.248s] EVENT PassageCompleted: passage #16
[   553.248s] EVENT BoundaryDetected { passage_index: 17, start_time: 121135719039, end_time: 128287610880, confidence: 0.95, timestamp: 1766329937 }
[   553.248s] EVENT PassageStarted: passage #17
[   553.248s] EVENT PassageCompleted: passage #17
[   553.248s] EVENT BoundaryDetected { passage_index: 18, start_time: 128287610880, end_time: 134789939840, confidence: 0.95, timestamp: 1766329937 }
[   553.248s] EVENT PassageStarted: passage #18
[   553.248s] EVENT PassageCompleted: passage #18
[   553.248s] EVENT BoundaryDetected { passage_index: 19, start_time: 134789939840, end_time: 141562038400, confidence: 0.95, timestamp: 1766329937 }
[   553.248s] EVENT PassageStarted: passage #19
[   553.248s] EVENT PassageCompleted: passage #19
[   553.248s] EVENT BoundaryDetected { passage_index: 20, start_time: 141562038400, end_time: 146950024960, confidence: 0.95, timestamp: 1766329937 }
[   553.248s] EVENT PassageStarted: passage #20
[   553.248s] EVENT PassageCompleted: passage #20
[   553.248s] EVENT BoundaryDetected { passage_index: 21, start_time: 146950024960, end_time: 153858947840, confidence: 0.95, timestamp: 1766329937 }
[   553.248s] EVENT PassageStarted: passage #21
[   553.248s] EVENT PassageCompleted: passage #21
[   553.248s] EVENT BoundaryDetected { passage_index: 22, start_time: 153858947840, end_time: 160419815040, confidence: 0.95, timestamp: 1766329937 }
[   553.248s] EVENT PassageStarted: passage #22
[   553.248s] EVENT PassageCompleted: passage #22
[   553.248s] EVENT BoundaryDetected { passage_index: 23, start_time: 160419815040, end_time: 166539882240, confidence: 0.95, timestamp: 1766329937 }
[   553.248s] EVENT PassageStarted: passage #23
[   553.248s] EVENT PassageCompleted: passage #23
[   553.248s] EVENT BoundaryDetected { passage_index: 24, start_time: 166539882240, end_time: 174148795519, confidence: 0.95, timestamp: 1766329937 }
[   553.248s] EVENT PassageStarted: passage #24
[   553.248s] EVENT PassageCompleted: passage #24
[   553.248s] EVENT BoundaryDetected { passage_index: 25, start_time: 174148795519, end_time: 182587118080, confidence: 0.95, timestamp: 1766329937 }
[   553.248s] EVENT PassageStarted: passage #25
[   553.248s] EVENT PassageCompleted: passage #25
[   553.248s] EVENT BoundaryDetected { passage_index: 26, start_time: 182587118080, end_time: 190794461440, confidence: 0.95, timestamp: 1766329937 }
[   553.248s] EVENT PassageStarted: passage #26
[   553.248s] EVENT PassageCompleted: passage #26
[   553.248s] EVENT BoundaryDetected { passage_index: 27, start_time: 190794461440, end_time: 199715548160, confidence: 0.95, timestamp: 1766329937 }
[   553.248s] EVENT PassageStarted: passage #27
[   553.248s] EVENT PassageCompleted: passage #27
[   553.248s] EVENT BoundaryDetected { passage_index: 28, start_time: 199715548160, end_time: 208931441920, confidence: 0.95, timestamp: 1766329937 }
[   553.248s] EVENT PassageStarted: passage #28
[   553.248s] EVENT PassageCompleted: passage #28
[   553.248s] EVENT BoundaryDetected { passage_index: 29, start_time: 208931441920, end_time: 216547760640, confidence: 0.95, timestamp: 1766329937 }
[   553.248s] EVENT PassageStarted: passage #29
[   553.248s] EVENT PassageCompleted: passage #29
[   553.248s] EVENT BoundaryDetected { passage_index: 30, start_time: 216547760640, end_time: 226535583360, confidence: 0.95, timestamp: 1766329937 }
[   553.248s] EVENT PassageStarted: passage #30
[   553.248s] EVENT PassageCompleted: passage #30
[   553.248s] EVENT BoundaryDetected { passage_index: 31, start_time: 226535583360, end_time: 235297982080, confidence: 0.95, timestamp: 1766329937 }
[   553.248s] EVENT PassageStarted: passage #31
[   553.248s] EVENT PassageCompleted: passage #31
[   553.248s] EVENT BoundaryDetected { passage_index: 32, start_time: 235297982080, end_time: 242280959360, confidence: 0.95, timestamp: 1766329937 }
[   553.248s] EVENT PassageStarted: passage #32
[   553.248s] EVENT PassageCompleted: passage #32
[   553.248s] EVENT BoundaryDetected { passage_index: 33, start_time: 242280959360, end_time: 249993290880, confidence: 0.95, timestamp: 1766329937 }
[   553.248s] EVENT PassageStarted: passage #33
[   553.248s] EVENT PassageCompleted: passage #33
[   553.248s] EVENT FileStarted: "C:\\Users\\Mango Cat\\Music\\4 Non Blondes\\Bigger,_Better,_Faster,_More\\(4_Non_Blondes)Bigger,_Better,_Faster,_More-01-Train_.mp3"
[   553.248s] EVENT SingleTrackCheckCompleted { file_path: "C:\\Users\\Mango Cat\\Music\\4 Non Blondes\\Bigger,_Better,_Faster,_More\\(4_Non_Blondes)Bigger,_Bette[   560.701s] EVENT BoundaryDetected { passage_index: 0, start_time:[   561.762s] EVENT BoundaryDetected { passage_index: 0, start_time: 0, end_time: 6280151040, confidence: 0.8, timestamp: 1766329946 }
[   561.762s] EVENT PassageStarted: passage #0
[   561.762s] EVENT ExtractionProgress { passage_index: 0, extractor: "ID3", status: "running", timestamp: 1766329946 }
[   561.762s] EVENT ExtractionProgress { passage_index: 0, extractor: "ID3", status: "completed", timestamp: 1766329946 }
[   561.762s] EVENT ExtractionProgress { passage_index: 0, extractor: "Chromaprint", status: "running", timestamp: 1766329946 }
[   562.051s] EVENT ExtractionProgress { passage_index: 0, extractor: "Chromaprint", status: "completed", timestamp: 1766329946 }
[   562.051s] EVENT ExtractionProgress { passage_index: 0, extractor: "AudioDerived", status: "running", timestamp: 1766329946 }
[   562.488s] EVENT ExtractionProgress { passage_index: 0, extractor: "AudioDerived", status: "completed", timestamp: 1766329947 }
[   562.488s] EVENT ExtractionProgress { passage_index: 0, extractor: "ID3GenreMapper", status: "running", timestamp: 1766329947 }
[   562.488s] EVENT ExtractionProgress { passage_index: 0, extractor: "ID3GenreMapper", status: "completed", timestamp: 1766329947 }
[   562.488s] EVENT FusionStarted { passage_index: 0, timestamp: 1766329947 }
[   562.488s] EVENT ExtractionProgress { passage_index: 0, extractor: "MusicBrainz-Pass2", status: "running", timestamp: 1766329947 }
[   562.491s] FILE_COMPLETE [16/5737] (4_Non_Blondes)Bigger,_Better,_Faster,_More-01-Train_.mp3 - 1 passages in 9.24s (total_elapsed: 562.5s)
[   562.491s] FILE_START [17/5737] (4_Non_Blondes)Bigger,_Better,_Faster,_More-02-Superfly_.mp3
[   562.492s] EVENT ExtractionProgress { passage_index: 0, extractor: "MusicBrainz-Pass2", status: "completed", timestamp: 1766329947 }
[   562.492s] EVENT FusionStarted { passage_index: 0, timestamp: 1766329947 }
[   562.492s] EVENT ValidationStarted { passage_index: 0, timestamp: 1766329947 }
[   562.492s] EVENT PassageCompleted: passage #0
[   562.492s] EVENT FileCompleted: "C:\\Users\\Mango Cat\\Music\\4 Non Blondes\\Bigger,_Better,_Faster,_More\\(4_Non_Blondes)Bigger,_Better,_Faster,_More-01-Train_.mp3"
[   562.492s] EVENT FileStarted: "C:\\Users\\Mango Cat\\Music\\4 Non Blondes\\Bigger,_Better,_Faster,_More\\(4_Non_Blondes)Bigger,_Better,_Faster,_More-02-Superfly_.mp3"
[   562.492s] EVENT SingleTrackCheckCompleted { file_path: "C:\\Users\\Mango Cat\\Music\\4 Non Blondes\\Bigger,_Better,_Faster,_More\\(4_Non_Blondes)Bigger,_Bett[   572.422s] EVENT BoundaryDetected { passage_index: 0, start_time: 0, [   573.623s] EVENT BoundaryDetected { passage_index: 0, start_time: 0, end_time: 7833600000, confidence: 0.5, timestamp: 1766329958 }
[   573.623s] EVENT PassageStarted: passage #0
[   573.623s] EVENT ExtractionProgress { passage_index: 0, extractor: "ID3", status: "running", timestamp: 1766329958 }
[   573.623s] EVENT ExtractionProgress { passage_index: 0, extractor: "ID3", status: "completed", timestamp: 1766329958 }
[   573.623s] EVENT ExtractionProgress { passage_index: 0, extractor: "Chromaprint", status: "running", timestamp: 1766329958 }
[   573.972s] EVENT ExtractionProgress { passage_index: 0, extractor: "Chromaprint", status: "completed", timestamp: 1766329958 }
[   573.972s] EVENT ExtractionProgress { passage_index: 0, extractor: "AudioDerived", status: "running", timestamp: 1766329958 }
[   574.523s] EVENT ExtractionProgress { passage_index: 0, extractor: "AudioDerived", status: "completed", timestamp: 1766329959 }
[   574.523s] EVENT ExtractionProgress { passage_index: 0, extractor: "ID3GenreMapper", status: "running", timestamp: 1766329959 }
[   574.523s] EVENT ExtractionProgress { passage_index: 0, extractor: "ID3GenreMapper", status: "completed", timestamp: 1766329959 }
[   574.523s] EVENT FusionStarted { passage_index: 0, timestamp: 1766329959 }
[   574.523s] EVENT ExtractionProgress { passage_index: 0, extractor: "MusicBrainz-Pass2", status: "running", timestamp: 1766329959 }
[   574.527s] FILE_COMPLETE [17/5737] (4_Non_Blondes)Bigger,_Better,_Faster,_More-02-Superfly_.mp3 - 1 passages in 12.04s (total_elapsed: 574.5s)
[   574.527s] FILE_START [18/5737] (4_Non_Blondes)Bigger,_Better,_Faster,_More-03-What's_Up_.mp3
[   574.528s] EVENT ExtractionProgress { passage_index: 0, extractor: "MusicBrainz-Pass2", status: "completed", timestamp: 1766329959 }
[   574.528s] EVENT FusionStarted { passage_index: 0, timestamp: 1766329959 }
[   574.528s] EVENT ValidationStarted { passage_index: 0, timestamp: 1766329959 }
[   574.528s] EVENT PassageCompleted: passage #0
[   574.528s] EVENT FileCompleted: "C:\\Users\\Mango Cat\\Music\\4 Non Blondes\\Bigger,_Better,_Faster,_More\\(4_Non_Blondes)Bigger,_Better,_Faster,_More-02-Superfly_.mp3"
[   574.528s] EVENT FileStarted: "C:\\Users\\Mango Cat\\Music\\4 Non Blondes\\Bigger,_Better,_Faster,_More\\(4_Non_Blondes)Bigger,_Better,_Faster,_More-03-What's_Up_.mp3"
[   574.528s] EVENT SingleTrackCheckCompleted { file_path: "C:\\Users\\Mango Cat\\Music\\4 Non Blondes\\Bigger,_Better,_Faster,_More\\(4_Non_Blondes)Bigger,_B[   585.483s] EVENT BoundaryDetected { passage_index: 0, start_time: 0, end_[   586.656s] EVENT BoundaryDetected { passage_index: 0, start_time: 0, end_time: 8341585920, confidence: 0.5, timestamp: 1766329971 }
[   586.656s] EVENT PassageStarted: passage #0
[   586.656s] EVENT ExtractionProgress { passage_index: 0, extractor: "ID3", status: "running", timestamp: 1766329971 }
[   586.656s] EVENT ExtractionProgress { passage_index: 0, extractor: "ID3", status: "completed", timestamp: 1766329971 }
[   586.656s] EVENT ExtractionProgress { passage_index: 0, extractor: "Chromaprint", status: "running", timestamp: 1766329971 }
[   587.014s] EVENT ExtractionProgress { passage_index: 0, extractor: "Chromaprint", status: "completed", timestamp: 1766329971 }
[   587.014s] EVENT ExtractionProgress { passage_index: 0, extractor: "AudioDerived", status: "running", timestamp: 1766329971 }
[   587.609s] EVENT ExtractionProgress { passage_index: 0, extractor: "AudioDerived", status: "completed", timestamp: 1766329972 }
[   587.609s] EVENT ExtractionProgress { passage_index: 0, extractor: "ID3GenreMapper", status: "running", timestamp: 1766329972 }
[   587.609s] EVENT ExtractionProgress { passage_index: 0, extractor: "ID3GenreMapper", status: "completed", timestamp: 1766329972 }
[   587.609s] EVENT FusionStarted { passage_index: 0, timestamp: 1766329972 }
[   587.609s] EVENT ExtractionProgress { passage_index: 0, extractor: "MusicBrainz-Pass2", status: "running", timestamp: 1766329972 }
[   587.613s] FILE_COMPLETE [18/5737] (4_Non_Blondes)Bigger,_Better,_Faster,_More-03-What's_Up_.mp3 - 1 passages in 13.09s (total_elapsed: 587.6s)
[   587.613s] FILE_START [19/5737] (4_Non_Blondes)Bigger,_Better,_Faster,_More-04-Pleasantly_Blue_.mp3
[   587.614s] EVENT ExtractionProgress { passage_index: 0, extractor: "MusicBrainz-Pass2", status: "completed", timestamp: 1766329972 }
[   587.614s] EVENT FusionStarted { passage_index: 0, timestamp: 1766329972 }
[   587.614s] EVENT ValidationStarted { passage_index: 0, timestamp: 1766329972 }
[   587.614s] EVENT PassageCompleted: passage #0
[   587.614s] EVENT FileCompleted: "C:\\Users\\Mango Cat\\Music\\4 Non Blondes\\Bigger,_Better,_Faster,_More\\(4_Non_Blondes)Bigger,_Better,_Faster,_More-03-What's_Up_.mp3"
[   587.614s] EVENT FileStarted: "C:\\Users\\Mango Cat\\Music\\4 Non Blondes\\Bigger,_Better,_Faster,_More\\(4_Non_Blondes)Bigger,_Better,_Faster,_More-04-Pleasantly_Blue_.mp3"
[   587.614s] EVENT SingleTrackCheckCompleted { file_path: "C:\\Users\\Mango Cat\\Music\\4 Non Blondes\\Bigger,_Better,_Faster,_More\\(4_Non_Blondes)Bigger,_Bet[   592.228s] EVENT BoundaryDetected { passage_index: 0, start_time: 0, end_time[   593.513s] EVENT BoundaryDetected { passage_index: 0, start_time: 0, end_time: 4187750400, confidence: 0.5, timestamp: 1766329978 }
[   593.513s] EVENT PassageStarted: passage #0
[   593.513s] EVENT ExtractionProgress { passage_index: 0, extractor: "ID3", status: "running", timestamp: 1766329978 }
[   593.513s] EVENT ExtractionProgress { passage_index: 0, extractor: "ID3", status: "completed", timestamp: 1766329978 }
[   593.513s] EVENT ExtractionProgress { passage_index: 0, extractor: "Chromaprint", status: "running", timestamp: 1766329978 }
[   593.701s] EVENT ExtractionProgress { passage_index: 0, extractor: "Chromaprint", status: "completed", timestamp: 1766329978 }
[   593.701s] EVENT ExtractionProgress { passage_index: 0, extractor: "AudioDerived", status: "running", timestamp: 1766329978 }
[   594.013s] EVENT ExtractionProgress { passage_index: 0, extractor: "AudioDerived", status: "completed", timestamp: 1766329978 }
[   594.013s] EVENT ExtractionProgress { passage_index: 0, extractor: "ID3GenreMapper", status: "running", timestamp: 1766329978 }
[   594.013s] EVENT ExtractionProgress { passage_index: 0, extractor: "ID3GenreMapper", status: "completed", timestamp: 1766329978 }
[   594.013s] EVENT FusionStarted { passage_index: 0, timestamp: 1766329978 }
[   594.013s] EVENT ExtractionProgress { passage_index: 0, extractor: "MusicBrainz-Pass2", status: "running", timestamp: 1766329978 }
[   594.015s] FILE_COMPLETE [19/5737] (4_Non_Blondes)Bigger,_Better,_Faster,_More-04-Pleasantly_Blue_.mp3 - 1 passages in 6.40s (total_elapsed: 594.0s)
[   594.015s] FILE_START [20/5737] (4_Non_Blondes)Bigger,_Better,_Faster,_More-05-Morphine_&_Chocolate.mp3
[   594.016s] EVENT ExtractionProgress { passage_index: 0, extractor: "MusicBrainz-Pass2", status: "completed", timestamp: 1766329978 }
[   594.016s] EVENT FusionStarted { passage_index: 0, timestamp: 1766329978 }
[   594.016s] EVENT ValidationStarted { passage_index: 0, timestamp: 1766329978 }
[   594.016s] EVENT PassageCompleted: passage #0
[   594.016s] EVENT FileCompleted: "C:\\Users\\Mango Cat\\Music\\4 Non Blondes\\Bigger,_Better,_Faster,_More\\(4_Non_Blondes)Bigger,_Better,_Faster,_More-04-Pleasantly_Blue_.mp3"
[   594.016s] EVENT FileStarted: "C:\\Users\\Mango Cat\\Music\\4 Non Blondes\\Bigger,_Better,_Faster,_More\\(4_Non_Blondes)Bigger,_Better,_Faster,_More-05-Morphine_&_Chocolate.mp3"
[   594.016s] EVENT SingleTrackCheckCompleted { file_path: "C:\\Users\\Mango Cat\\Music\\4 Non Blondes\\Bigger,_Better,_Faster,_More\\(4_Non_Blondes)Bigger,_Bet[   603.248s] EVENT BoundaryDetected { passage_index: 0, start_time: 0, end_time: 80[   604.398s] EVENT BoundaryDetected { passage_index: 0, start_time: 0, end_time: 8017182720, confidence: 0.8, timestamp: 1766329988 }
[   604.398s] EVENT PassageStarted: passage #0
[   604.398s] EVENT ExtractionProgress { passage_index: 0, extractor: "ID3", status: "running", timestamp: 1766329989 }
[   604.399s] EVENT ExtractionProgress { passage_index: 0, extractor: "ID3", status: "completed", timestamp: 1766329989 }
[   604.399s] EVENT ExtractionProgress { passage_index: 0, extractor: "Chromaprint", status: "running", timestamp: 1766329989 }
[   604.718s] EVENT ExtractionProgress { passage_index: 0, extractor: "Chromaprint", status: "completed", timestamp: 1766329989 }
[   604.718s] EVENT ExtractionProgress { passage_index: 0, extractor: "AudioDerived", status: "running", timestamp: 1766329989 }
[   605.229s] EVENT ExtractionProgress { passage_index: 0, extractor: "AudioDerived", status: "completed", timestamp: 1766329989 }
[   605.229s] EVENT ExtractionProgress { passage_index: 0, extractor: "ID3GenreMapper", status: "running", timestamp: 1766329989 }
[   605.229s] EVENT ExtractionProgress { passage_index: 0, extractor: "ID3GenreMapper", status: "completed", timestamp: 1766329989 }
[   605.229s] EVENT FusionStarted { passage_index: 0, timestamp: 1766329989 }
[   605.229s] EVENT ExtractionProgress { passage_index: 0, extractor: "MusicBrainz-Pass2", status: "running", timestamp: 1766329989 }
[   605.233s] FILE_COMPLETE [20/5737] (4_Non_Blondes)Bigger,_Better,_Faster,_More-05-Morphine_&_Chocolate.mp3 - 1 passages in 11.22s (total_elapsed: 605.2s)
[   605.233s] PROGRESS 20/5737 (0.3%) - 0.03 files/sec - ETA: 2883.4min
[   605.233s] FILE_START [21/5737] (4_Non_Blondes)Bigger,_Better,_Faster,_More-06-Spaceman.mp3
[   605.234s] EVENT ExtractionProgress { passage_index: 0, extractor: "MusicBrainz-Pass2", status: "completed", timestamp: 1766329989 }
[   605.234s] EVENT FusionStarted { passage_index: 0, timestamp: 1766329989 }
[   605.234s] EVENT ValidationStarted { passage_index: 0, timestamp: 1766329989 }
[   605.234s] EVENT PassageCompleted: passage #0
[   605.234s] EVENT FileCompleted: "C:\\Users\\Mango Cat\\Music\\4 Non Blondes\\Bigger,_Better,_Faster,_More\\(4_Non_Blondes)Bigger,_Better,_Faster,_More-05-Morphine_&_Chocolate.mp3"
[   605.234s] EVENT FileStarted: "C:\\Users\\Mango Cat\\Music\\4 Non Blondes\\Bigger,_Better,_Faster,_More\\(4_Non_Blondes)Bigger,_Better,_Faster,_More-06-Spaceman.mp3"
[   605.234s] EVENT SingleTrackCheckCompleted { file_path: "C:\\Users\\Mango Cat\\Music\\4 Non Blondes\\Bigger,_Better,_Faster,_More\\(4_Non_Blondes)Bigger,_Better,_Faster,_More-06-Spaceman.mp3", score: 1.8, is_single_track: true }
[   612.857s] EVENT BoundaryDetected { passage_index: 0, start_time: 0, end_time: 6212321280, confidence: 0.5, timestamp: 1766329997 }
[   612.857s] EVENT PassageStarted: passage #0
[   612.857s] EVENT ExtractionProgress { passage_index: 0, extractor: "ID3", status: "running", timestamp: 1766329997 }
[   612.857s] EVENT ExtractionProgress { passage_index: 0, extractor: "ID3", status: "completed", timestamp: 1766329997 }
[   612.857s] EVENT ExtractionProgress { passage_index: 0, extractor: "Chromaprint", status: "running", timestamp: 1766329997 }
[   613.111s] EVENT ExtractionProgress { passage_index: 0, extractor: "Chromaprint", status: "completed", timestamp: 1766329997 }
[   613.111s] EVENT ExtractionProgress { passage_index: 0, extractor: "AudioDerived", status: "running", timestamp: 1766329997 }
[   613.516s] EVENT ExtractionProgress { passage_index: 0, extractor: "AudioDerived", status: "completed", timestamp: 1766329998 }
[   613.516s] EVENT ExtractionProgress { passage_index: 0, extractor: "ID3GenreMapper", status: "running", timestamp: 1766329998 }
[   613.516s] EVENT ExtractionProgress { passage_index: 0, extractor: "ID3GenreMapper", status: "completed", timestamp: 1766329998 }
[   613.516s] EVENT FusionStarted { passage_index: 0, timestamp: 1766329998 }
[   613.516s] EVENT ExtractionProgress { passage_index: 0, extractor: "MusicBrainz-Pass2", status: "running", timestamp: 1766329998 }
[   613.520s] FILE_COMPLETE [21/5737] (4_Non_Blondes)Bigger,_Better,_Faster,_More-06-Spaceman.mp3 - 1 passages in 8.29s (total_elapsed: 613.5s)
[   613.520s] FILE_START [22/5737] (4_Non_Blondes)Bigger,_Better,_Faster,_More-07-Old_Mr._Heffer.mp3
[   613.525s] EVENT ExtractionProgress { passage_index: 0, extractor: "MusicBrainz-Pass2", status: "completed", timestamp: 1766329998 }
[   613.525s] EVENT FusionStarted { passage_index: 0, timestamp: 1766329998 }
[   613.525s] EVENT ValidationStarted { passage_index: 0, timestamp: 1766329998 }
[   613.525s] EVENT PassageCompleted: passage #0
[   613.525s] EVENT FileCompleted: "C:\\Users\\Mango Cat\\Music\\4 Non Blondes\\Bigger,_Better,_Faster,_More\\(4_Non_Blondes)Bigger,_Better,_Faster,_More-06-Spaceman.mp3"
[   613.525s] EVENT FileStarted: "C:\\Users\\Mango Cat\\Music\\4 Non Blondes\\Bigger,_Better,_Faster,_More\\(4_Non_Blondes)Bigger,_Better,_Faster,_More-07-Old_Mr._Heffer.mp3"
[   613.525s] EVENT SingleTrackCheckCompleted { file_path: "C:\\Users\\Mango Cat\\Music\\4 Non Blondes\\Bigger,_Better,_Faster,_More\\(4_Non_Blondes)Bigger,_Better,_Faster,_More-07-Old_Mr._Heffer.mp3", score: 1.8, is_single_track: true }
[   618.232s] EVENT BoundaryDetected { passage_index: 0, start_time: 0, end_time: 3860398080, confidence: 0.5, timestamp: 1766330002 }
[   618.232s] EVENT PassageStarted: passage #0
[   618.232s] EVENT ExtractionProgress { passage_index: 0, extractor: "ID3", status: "running", timestamp: 1766330002 }
[   618.232s] EVENT ExtractionProgress { passage_index: 0, extractor: "ID3", status: "completed", timestamp: 1766330002 }
[   618.232s] EVENT ExtractionProgress { passage_index: 0, extractor: "Chromaprint", status: "running", timestamp: 1766330002 }
[   618.386s] EVENT ExtractionProgress { passage_index: 0, extractor: "Chromaprint", status: "completed", timestamp: 1766330003 }
[   618.386s] EVENT ExtractionProgress { passage_index: 0, extractor: "AudioDerived", status: "running", timestamp: 1766330003 }
[   618.638s] EVENT ExtractionProgress { passage_index: 0, extractor: "AudioDerived", status: "completed", timestamp: 1766330003 }
[   618.638s] EVENT ExtractionProgress { passage_index: 0, extractor: "ID3GenreMapper", status: "running", timestamp: 1766330003 }
[   618.638s] EVENT ExtractionProgress { passage_index: 0, extractor: "ID3GenreMapper", status: "completed", timestamp: 1766330003 }
[   618.638s] EVENT FusionStarted { passage_index: 0, timestamp: 1766330003 }
[   618.638s] EVENT ExtractionProgress { passage_index: 0, extractor: "MusicBrainz-Pass2", status: "running", timestamp: 1766330003 }
[   618.640s] FILE_COMPLETE [22/5737] (4_Non_Blondes)Bigger,_Better,_Faster,_More-07-Old_Mr._Heffer.mp3 - 1 passages in 5.12s (total_elapsed: 618.6s)
[   618.640s] FILE_START [23/5737] (4_Non_Blondes)Bigger,_Better,_Faster,_More-08-Calling_All_The_People.mp3
[   618.641s] EVENT ExtractionProgress { passage_index: 0, extractor: "MusicBrainz-Pass2", status: "completed", timestamp: 1766330003 }
[   618.641s] EVENT FusionStarted { passage_index: 0, timestamp: 1766330003 }
[   618.641s] EVENT ValidationStarted { passage_index: 0, timestamp: 1766330003 }
[   618.641s] EVENT PassageCompleted: passage #0
[   618.641s] EVENT FileCompleted: "C:\\Users\\Mango Cat\\Music\\4 Non Blondes\\Bigger,_Better,_Faster,_More\\(4_Non_Blondes)Bigger,_Better,_Faster,_More-07-Old_Mr._Heffer.mp3"
[   618.641s] EVENT FileStarted: "C:\\Users\\Mango Cat\\Music\\4 Non Blondes\\Bigger,_Better,_Faster,_More\\(4_Non_Blondes)Bigger,_Better,_Faster,_More-08-Calling_All_The_People.mp3"
[   618.641s] EVENT SingleTrackCheckCompleted { file_path: "C:\\Users\\Mango Cat\\Music\\4 Non Blondes\\Bigger,_Better,_Faster,_More\\(4_Non_Blondes)Bigger,_Better,_Faster,_More-08-Calling_All_The_People.mp3", score: 1.8, is_single_track: true }
[   625.533s] EVENT BoundaryDetected { passage_index: 0, start_time: 0, end_time: 5578997760, confidence: 0.5, timestamp: 1766330010 }
[   625.533s] EVENT PassageStarted: passage #0
[   625.533s] EVENT ExtractionProgress { passage_index: 0, extractor: "ID3", status: "running", timestamp: 1766330010 }
[   625.533s] EVENT ExtractionProgress { passage_index: 0, extractor: "ID3", status: "completed", timestamp: 1766330010 }
[   625.533s] EVENT ExtractionProgress { passage_index: 0, extractor: "Chromaprint", status: "running", timestamp: 1766330010 }
[   625.757s] EVENT ExtractionProgress { passage_index: 0, extractor: "Chromaprint", status: "completed", timestamp: 1766330010 }
[   625.757s] EVENT ExtractionProgress { passage_index: 0, extractor: "AudioDerived", status: "running", timestamp: 1766330010 }
[   626.116s] EVENT ExtractionProgress { passage_index: 0, extractor: "AudioDerived", status: "completed", timestamp: 1766330010 }
[   626.116s] EVENT ExtractionProgress { passage_index: 0, extractor: "ID3GenreMapper", status: "running", timestamp: 1766330010 }
[   626.116s] EVENT ExtractionProgress { passage_index: 0, extractor: "ID3GenreMapper", status: "completed", timestamp: 1766330010 }
[   626.116s] EVENT FusionStarted { passage_index: 0, timestamp: 1766330010 }
[   626.116s] EVENT ExtractionProgress { passage_index: 0, extractor: "MusicBrainz-Pass2", status: "running", timestamp: 1766330010 }
[   626.119s] FILE_COMPLETE [23/5737] (4_Non_Blondes)Bigger,_Better,_Faster,_More-08-Calling_All_The_People.mp3 - 1 passages in 7.48s (total_elapsed: 626.1s)
[   626.119s] FILE_START [24/5737] (4_Non_Blondes)Bigger,_Better,_Faster,_More-09-Dear_Mr._President.mp3
[   626.120s] EVENT ExtractionProgress { passage_index: 0, extractor: "MusicBrainz-Pass2", status: "completed", timestamp: 1766330010 }
[   626.120s] EVENT FusionStarted { passage_index: 0, timestamp: 1766330010 }
[   626.120s] EVENT ValidationStarted { passage_index: 0, timestamp: 1766330010 }
[   626.120s] EVENT PassageCompleted: passage #0
[   626.120s] EVENT FileCompleted: "C:\\Users\\Mango Cat\\Music\\4 Non Blondes\\Bigger,_Better,_Faster,_More\\(4_Non_Blondes)Bigger,_Better,_Faster,_More-08-Calling_All_The_People.mp3"
[   626.120s] EVENT FileStarted: "C:\\Users\\Mango Cat\\Music\\4 Non Blondes\\Bigger,_Better,_Faster,_More\\(4_Non_Blondes)Bigger,_Better,_Faster,_More-09-Dear_Mr._President.mp3"
[   626.120s] EVENT SingleTrackCheckCompleted { file_path: "C:\\Users\\Mango Cat\\Music\\4 Non Blondes\\Bigger,_Better,_Faster,_More\\(4_Non_Blondes)Bigger,_Better,_Faster,_More-09-Dear_Mr._President.mp3", score: 1.8, is_single_track: true }
[   635.787s] EVENT BoundaryDetected { passage_index: 0, start_time: 0, end_time: 7997276160, confidence: 0.5, timestamp: 1766330020 }
[   635.787s] EVENT PassageStarted: passage #0
[   635.787s] EVENT ExtractionProgress { passage_index: 0, extractor: "ID3", status: "running", timestamp: 1766330020 }
[   635.787s] EVENT ExtractionProgress { passage_index: 0, extractor: "ID3", status: "completed", timestamp: 1766330020 }
[   635.787s] EVENT ExtractionProgress { passage_index: 0, extractor: "Chromaprint", status: "running", timestamp: 1766330020 }
[   636.114s] EVENT ExtractionProgress { passage_index: 0, extractor: "Chromaprint", status: "completed", timestamp: 1766330020 }
[   636.114s] EVENT ExtractionProgress { passage_index: 0, extractor: "AudioDerived", status: "running", timestamp: 1766330020 }
[   636.634s] EVENT ExtractionProgress { passage_index: 0, extractor: "AudioDerived", status: "completed", timestamp: 1766330021 }
[   636.634s] EVENT ExtractionProgress { passage_index: 0, extractor: "ID3GenreMapper", status: "running", timestamp: 1766330021 }
[   636.634s] EVENT ExtractionProgress { passage_index: 0, extractor: "ID3GenreMapper", status: "completed", timestamp: 1766330021 }
[   636.634s] EVENT FusionStarted { passage_index: 0, timestamp: 1766330021 }
[   636.634s] EVENT ExtractionProgress { passage_index: 0, extractor: "MusicBrainz-Pass2", status: "running", timestamp: 1766330021 }
[   636.638s] FILE_COMPLETE [24/5737] (4_Non_Blondes)Bigger,_Better,_Faster,_More-09-Dear_Mr._President.mp3 - 1 passages in 10.52s (total_elapsed: 636.6s)
[   636.638s] FILE_START [25/5737] (4_Non_Blondes)Bigger,_Better,_Faster,_More-10-Drifting.mp3
[   636.639s] EVENT ExtractionProgress { passage_index: 0, extractor: "MusicBrainz-Pass2", status: "completed", timestamp: 1766330021 }
[   636.639s] EVENT FusionStarted { passage_index: 0, timestamp: 1766330021 }
[   636.639s] EVENT ValidationStarted { passage_index: 0, timestamp: 1766330021 }
[   636.639s] EVENT PassageCompleted: passage #0
[   636.639s] EVENT FileCompleted: "C:\\Users\\Mango Cat\\Music\\4 Non Blondes\\Bigger,_Better,_Faster,_More\\(4_Non_Blondes)Bigger,_Better,_Faster,_More-09-Dear_Mr._President.mp3"
[   636.639s] EVENT FileStarted: "C:\\Users\\Mango Cat\\Music\\4 Non Blondes\\Bigger,_Better,_Faster,_More\\(4_Non_Blondes)Bigger,_Better,_Faster,_More-10-Drifting.mp3"
[   636.639s] EVENT SingleTrackCheckCompleted { file_path: "C:\\Users\\Mango Cat\\Music\\4 Non Blondes\\Bigger,_Better,_Faster,_More\\(4_Non_Blondes)Bigger,_Better,_Faster,_More-10-Drifting.mp3", score: 1.8, is_single_track: true }
[   644.012s] EVENT BoundaryDetected { passage_index: 0, start_time: 0, end_time: 5955747840, confidence: 0.5, timestamp: 1766330028 }
[   644.012s] EVENT PassageStarted: passage #0
[   644.012s] EVENT ExtractionProgress { passage_index: 0, extractor: "ID3", status: "running", timestamp: 1766330028 }
[   644.012s] EVENT ExtractionProgress { passage_index: 0, extractor: "ID3", status: "completed", timestamp: 1766330028 }
[   644.012s] EVENT ExtractionProgress { passage_index: 0, extractor: "Chromaprint", status: "running", timestamp: 1766330028 }
[   644.253s] EVENT ExtractionProgress { passage_index: 0, extractor: "Chromaprint", status: "completed", timestamp: 1766330028 }
[   644.253s] EVENT ExtractionProgress { passage_index: 0, extractor: "AudioDerived", status: "running", timestamp: 1766330028 }
[   644.637s] EVENT ExtractionProgress { passage_index: 0, extractor: "AudioDerived", status: "completed", timestamp: 1766330029 }
[   644.637s] EVENT ExtractionProgress { passage_index: 0, extractor: "ID3GenreMapper", status: "running", timestamp: 1766330029 }
[   644.637s] EVENT ExtractionProgress { passage_index: 0, extractor: "ID3GenreMapper", status: "completed", timestamp: 1766330029 }
[   644.637s] EVENT FusionStarted { passage_index: 0, timestamp: 1766330029 }
[   644.637s] EVENT ExtractionProgress { passage_index: 0, extractor: "MusicBrainz-Pass2", status: "running", timestamp: 1766330029 }
[   644.640s] FILE_COMPLETE [25/5737] (4_Non_Blondes)Bigger,_Better,_Faster,_More-10-Drifting.mp3 - 1 passages in 8.00s (total_elapsed: 644.6s)
[   644.640s] FILE_START [26/5737] (4_Non_Blondes)Bigger,_Better,_Faster,_More-11-No_Place_Like_Home.mp3
[   644.641s] EVENT ExtractionProgress { passage_index: 0, extractor: "MusicBrainz-Pass2", status: "completed", timestamp: 1766330029 }
[   644.641s] EVENT FusionStarted { passage_index: 0, timestamp: 1766330029 }
[   644.641s] EVENT ValidationStarted { passage_index: 0, timestamp: 1766330029 }
[   644.641s] EVENT PassageCompleted: passage #0
[   644.641s] EVENT FileCompleted: "C:\\Users\\Mango Cat\\Music\\4 Non Blondes\\Bigger,_Better,_Faster,_More\\(4_Non_Blondes)Bigger,_Better,_Faster,_More-10-Drifting.mp3"
[   644.641s] EVENT FileStarted: "C:\\Users\\Mango Cat\\Music\\4 Non Blondes\\Bigger,_Better,_Faster,_More\\(4_Non_Blondes)Bigger,_Better,_Faster,_More-11-No_Place_Like_Home.mp3"
[   644.641s] EVENT SingleTrackCheckCompleted { file_path: "C:\\Users\\Mango Cat\\Music\\4 Non Blondes\\Bigger,_Better,_Faster,_More\\(4_Non_Blondes)Bigger,_Better,_Faster,_More-11-No_Place_Like_Home.mp3", score: 1.8, is_single_track: true }
[   651.626s] EVENT BoundaryDetected { passage_index: 0, start_time: 0, end_time: 5323161600, confidence: 0.5, timestamp: 1766330036 }
[   651.626s] EVENT PassageStarted: passage #0
[   651.626s] EVENT ExtractionProgress { passage_index: 0, extractor: "ID3", status: "running", timestamp: 1766330036 }
[   651.626s] EVENT ExtractionProgress { passage_index: 0, extractor: "ID3", status: "completed", timestamp: 1766330036 }
[   651.626s] EVENT ExtractionProgress { passage_index: 0, extractor: "Chromaprint", status: "running", timestamp: 1766330036 }
[   651.849s] EVENT ExtractionProgress { passage_index: 0, extractor: "Chromaprint", status: "completed", timestamp: 1766330036 }
[   651.849s] EVENT ExtractionProgress { passage_index: 0, extractor: "AudioDerived", status: "running", timestamp: 1766330036 }
[   652.213s] EVENT ExtractionProgress { passage_index: 0, extractor: "AudioDerived", status: "completed", timestamp: 1766330036 }
[   652.213s] EVENT ExtractionProgress { passage_index: 0, extractor: "ID3GenreMapper", status: "running", timestamp: 1766330036 }
[   652.213s] EVENT ExtractionProgress { passage_index: 0, extractor: "ID3GenreMapper", status: "completed", timestamp: 1766330036 }
[   652.213s] EVENT FusionStarted { passage_index: 0, timestamp: 1766330036 }
[   652.213s] EVENT ExtractionProgress { passage_index: 0, extractor: "MusicBrainz-Pass2", status: "running", timestamp: 1766330036 }
[   652.216s] FILE_COMPLETE [26/5737] (4_Non_Blondes)Bigger,_Better,_Faster,_More-11-No_Place_Like_Home.mp3 - 1 passages in 7.58s (total_elapsed: 652.2s)
[   652.216s] FILE_START [27/5737] (Paula_Abdul)Shut_up_and_dance_(The_Dance_Mixes)-01-Coldhearted_(Quiverin'_12-).mp3
[   652.217s] EVENT ExtractionProgress { passage_index: 0, extractor: "MusicBrainz-Pass2", status: "completed", timestamp: 1766330036 }
[   652.217s] EVENT FusionStarted { passage_index: 0, timestamp: 1766330036 }
[   652.217s] EVENT ValidationStarted { passage_index: 0, timestamp: 1766330036 }
[   652.217s] EVENT PassageCompleted: passage #0
[   652.217s] EVENT FileCompleted: "C:\\Users\\Mango Cat\\Music\\4 Non Blondes\\Bigger,_Better,_Faster,_More\\(4_Non_Blondes)Bigger,_Better,_Faster,_More-11-No_Place_Like_Home.mp3"
[   652.217s] EVENT FileStarted: "C:\\Users\\Mango Cat\\Music\\Abdul, Paula\\Shut_up_and_dance_(The_Dance_Mixes)\\(Paula_Abdul)Shut_up_and_dance_(The_Dance_Mixes)-01-Coldhearted_(Quiverin'_12-).mp3"
[   652.217s] EVENT SingleTrackCheckCompleted { file_path: "C:\\Users\\Mango Cat\\Music\\Abdul, Paula\\Shut_up_and_dance_(The_Dance_Mixes)\\(Paula_Abdul)Shut_up_and_dance_(The_Dance_Mixes)-01-Coldhearted_(Quiverin'_12-).mp3", score: 1.8, is_single_track: true }
[   663.861s] EVENT BoundaryDetected { passage_index: 0, start_time: 0, end_time: 8828190720, confidence: 0.5, timestamp: 1766330048 }
[   663.861s] EVENT PassageStarted: passage #0
[   663.861s] EVENT ExtractionProgress { passage_index: 0, extractor: "ID3", status: "running", timestamp: 1766330048 }
[   663.861s] EVENT ExtractionProgress { passage_index: 0, extractor: "ID3", status: "completed", timestamp: 1766330048 }
[   663.861s] EVENT ExtractionProgress { passage_index: 0, extractor: "Chromaprint", status: "running", timestamp: 1766330048 }
[   664.223s] EVENT ExtractionProgress { passage_index: 0, extractor: "Chromaprint", status: "completed", timestamp: 1766330048 }
[   664.224s] EVENT ExtractionProgress { passage_index: 0, extractor: "AudioDerived", status: "running", timestamp: 1766330048 }
[   664.820s] EVENT ExtractionProgress { passage_index: 0, extractor: "AudioDerived", status: "completed", timestamp: 1766330049 }
[   664.820s] EVENT ExtractionProgress { passage_index: 0, extractor: "ID3GenreMapper", status: "running", timestamp: 1766330049 }
[   664.820s] EVENT ExtractionProgress { passage_index: 0, extractor: "ID3GenreMapper", status: "completed", timestamp: 1766330049 }
[   664.820s] EVENT FusionStarted { passage_index: 0, timestamp: 1766330049 }
[   664.820s] EVENT ExtractionProgress { passage_index: 0, extractor: "MusicBrainz-Pass2", status: "running", timestamp: 1766330049 }
[   664.824s] FILE_COMPLETE [27/5737] (Paula_Abdul)Shut_up_and_dance_(The_Dance_Mixes)-01-Coldhearted_(Quiverin'_12-).mp3 - 1 passages in 12.61s (total_elapsed: 664.8s)
[   664.824s] FILE_START [28/5737] (Paula_Abdul)Shut_up_and_dance_(The_Dance_Mixes)-02-Straight_up_(Ultimix_Mix).mp3
[   664.825s] EVENT ExtractionProgress { passage_index: 0, extractor: "MusicBrainz-Pass2", status: "completed", timestamp: 1766330049 }
[   664.825s] EVENT FusionStarted { passage_index: 0, timestamp: 1766330049 }
[   664.825s] EVENT ValidationStarted { passage_index: 0, timestamp: 1766330049 }
[   664.825s] EVENT PassageCompleted: passage #0
[   664.825s] EVENT FileCompleted: "C:\\Users\\Mango Cat\\Music\\Abdul, Paula\\Shut_up_and_dance_(The_Dance_Mixes)\\(Paula_Abdul)Shut_up_and_dance_(The_Dance_Mixes)-01-Coldhearted_(Quiverin'_12-).mp3"
[   664.825s] EVENT FileStarted: "C:\\Users\\Mango Cat\\Music\\Abdul, Paula\\Shut_up_and_dance_(The_Dance_Mixes)\\(Paula_Abdul)Shut_up_and_dance_(The_Dance_Mixes)-02-Straight_up_(Ultimix_Mix).mp3"
[   664.825s] EVENT SingleTrackCheckCompleted { file_path: "C:\\Users\\Mango Cat\\Music\\Abdul, Paula\\Shut_up_and_dance_(The_Dance_Mixes)\\(Paula_Abdul)Shut_up_and_dance_(The_Dance_Mixes)-02-Straight_up_(Ultimix_Mix).mp3", score: 1.8, is_single_track: true }
[   680.092s] EVENT BoundaryDetected { passage_index: 0, start_time: 0, end_time: 11715379200, confidence: 0.5, timestamp: 1766330064 }
[   680.092s] EVENT PassageStarted: passage #0
[   680.092s] EVENT ExtractionProgress { passage_index: 0, extractor: "ID3", status: "running", timestamp: 1766330064 }
[   680.092s] EVENT ExtractionProgress { passage_index: 0, extractor: "ID3", status: "completed", timestamp: 1766330064 }
[   680.092s] EVENT ExtractionProgress { passage_index: 0, extractor: "Chromaprint", status: "running", timestamp: 1766330064 }
[   680.577s] EVENT ExtractionProgress { passage_index: 0, extractor: "Chromaprint", status: "completed", timestamp: 1766330065 }
[   680.577s] EVENT ExtractionProgress { passage_index: 0, extractor: "AudioDerived", status: "running", timestamp: 1766330065 }
[   681.364s] EVENT ExtractionProgress { passage_index: 0, extractor: "AudioDerived", status: "completed", timestamp: 1766330065 }
[   681.364s] EVENT ExtractionProgress { passage_index: 0, extractor: "ID3GenreMapper", status: "running", timestamp: 1766330065 }
[   681.364s] EVENT ExtractionProgress { passage_index: 0, extractor: "ID3GenreMapper", status: "completed", timestamp: 1766330065 }
[   681.364s] EVENT FusionStarted { passage_index: 0, timestamp: 1766330065 }
[   681.364s] EVENT ExtractionProgress { passage_index: 0, extractor: "MusicBrainz-Pass2", status: "running", timestamp: 1766330065 }
[   681.369s] FILE_COMPLETE [28/5737] (Paula_Abdul)Shut_up_and_dance_(The_Dance_Mixes)-02-Straight_up_(Ultimix_Mix).mp3 - 1 passages in 16.54s (total_elapsed: 681.4s)
[   681.369s] FILE_START [29/5737] (Paula_Abdul)Shut_up_and_dance_(The_Dance_Mixes)-03-One_or_the_other_(1990_Mix).mp3
[   681.370s] EVENT ExtractionProgress { passage_index: 0, extractor: "MusicBrainz-Pass2", status: "completed", timestamp: 1766330065 }
[   681.370s] EVENT FusionStarted { passage_index: 0, timestamp: 1766330065 }
[   681.370s] EVENT ValidationStarted { passage_index: 0, timestamp: 1766330065 }
[   681.370s] EVENT PassageCompleted: passage #0
[   681.370s] EVENT FileCompleted: "C:\\Users\\Mango Cat\\Music\\Abdul, Paula\\Shut_up_and_dance_(The_Dance_Mixes)\\(Paula_Abdul)Shut_up_and_dance_(The_Dance_Mixes)-02-Straight_up_(Ultimix_Mix).mp3"
[   681.370s] EVENT FileStarted: "C:\\Users\\Mango Cat\\Music\\Abdul, Paula\\Shut_up_and_dance_(The_Dance_Mixes)\\(Paula_Abdul)Shut_up_and_dance_(The_Dance_Mixes)-03-One_or_the_other_(1990_Mix).mp3"
[   681.370s] EVENT SingleTrackCheckCompleted { file_path: "C:\\Users\\Mango Cat\\Music\\Abdul, Paula\\Shut_up_and_dance_(The_Dance_Mixes)\\(Paula_Abdul)Shut_up_and_dance_(The_Dance_Mixes)-03-One_or_the_other_(1990_Mix).mp3", score: 1.8, is_single_track: true }
[   696.320s] EVENT BoundaryDetected { passage_index: 0, start_time: 0, end_time: 11365908480, confidence: 0.5, timestamp: 1766330080 }
[   696.320s] EVENT PassageStarted: passage #0
[   696.320s] EVENT ExtractionProgress { passage_index: 0, extractor: "ID3", status: "running", timestamp: 1766330080 }
[   696.320s] EVENT ExtractionProgress { passage_index: 0, extractor: "ID3", status: "completed", timestamp: 1766330080 }
[   696.320s] EVENT ExtractionProgress { passage_index: 0, extractor: "Chromaprint", status: "running", timestamp: 1766330080 }
[   696.790s] EVENT ExtractionProgress { passage_index: 0, extractor: "Chromaprint", status: "completed", timestamp: 1766330081 }
[   696.790s] EVENT ExtractionProgress { passage_index: 0, extractor: "AudioDerived", status: "running", timestamp: 1766330081 }
[   697.569s] EVENT ExtractionProgress { passage_index: 0, extractor: "AudioDerived", status: "completed", timestamp: 1766330082 }
[   697.569s] EVENT ExtractionProgress { passage_index: 0, extractor: "ID3GenreMapper", status: "running", timestamp: 1766330082 }
[   697.569s] EVENT ExtractionProgress { passage_index: 0, extractor: "ID3GenreMapper", status: "completed", timestamp: 1766330082 }
[   697.569s] EVENT FusionStarted { passage_index: 0, timestamp: 1766330082 }
[   697.569s] EVENT ExtractionProgress { passage_index: 0, extractor: "MusicBrainz-Pass2", status: "running", timestamp: 1766330082 }
[   697.574s] FILE_COMPLETE [29/5737] (Paula_Abdul)Shut_up_and_dance_(The_Dance_Mixes)-03-One_or_the_other_(1990_Mix).mp3 - 1 passages in 16.20s (total_elapsed: 697.6s)
[   697.574s] FILE_START [30/5737] (Paula_Abdul)Shut_up_and_dance_(The_Dance_Mixes)-04-Forever_your_Girl_(Frankie_Foncett_Mix).mp3
[   697.575s] EVENT ExtractionProgress { passage_index: 0, extractor: "MusicBrainz-Pass2", status: "completed", timestamp: 1766330082 }
[   697.575s] EVENT FusionStarted { passage_index: 0, timestamp: 1766330082 }
[   697.575s] EVENT ValidationStarted { passage_index: 0, timestamp: 1766330082 }
[   697.575s] EVENT PassageCompleted: passage #0
[   697.575s] EVENT FileCompleted: "C:\\Users\\Mango Cat\\Music\\Abdul, Paula\\Shut_up_and_dance_(The_Dance_Mixes)\\(Paula_Abdul)Shut_up_and_dance_(The_Dance_Mixes)-03-One_or_the_other_(1990_Mix).mp3"
[   697.575s] EVENT FileStarted: "C:\\Users\\Mango Cat\\Music\\Abdul, Paula\\Shut_up_and_dance_(The_Dance_Mixes)\\(Paula_Abdul)Shut_up_and_dance_(The_Dance_Mixes)-04-Forever_your_Girl_(Frankie_Foncett_Mix).mp3"
[   697.575s] EVENT SingleTrackCheckCompleted { file_path: "C:\\Users\\Mango Cat\\Music\\Abdul, Paula\\Shut_up_and_dance_(The_Dance_Mixes)\\(Paula_Abdul)Shut_up_and_dance_(The_Dance_Mixes)-04-Forever_your_Girl_(Frankie_Foncett_Mix).mp3", score: 1.8, is_single_track: true }
[   711.154s] EVENT BoundaryDetected { passage_index: 0, start_time: 0, end_time: 10356572160, confidence: 0.5, timestamp: 1766330095 }
[   711.154s] EVENT PassageStarted: passage #0
[   711.154s] EVENT ExtractionProgress { passage_index: 0, extractor: "ID3", status: "running", timestamp: 1766330095 }
[   711.154s] EVENT ExtractionProgress { passage_index: 0, extractor: "ID3", status: "completed", timestamp: 1766330095 }
[   711.154s] EVENT ExtractionProgress { passage_index: 0, extractor: "Chromaprint", status: "running", timestamp: 1766330095 }
[   711.573s] EVENT ExtractionProgress { passage_index: 0, extractor: "Chromaprint", status: "completed", timestamp: 1766330096 }
[   711.573s] EVENT ExtractionProgress { passage_index: 0, extractor: "AudioDerived", status: "running", timestamp: 1766330096 }
[   712.251s] EVENT ExtractionProgress { passage_index: 0, extractor: "AudioDerived", status: "completed", timestamp: 1766330096 }
[   712.251s] EVENT ExtractionProgress { passage_index: 0, extractor: "ID3GenreMapper", status: "running", timestamp: 1766330096 }
[   712.251s] EVENT ExtractionProgress { passage_index: 0, extractor: "ID3GenreMapper", status: "completed", timestamp: 1766330096 }
[   712.251s] EVENT FusionStarted { passage_index: 0, timestamp: 1766330096 }
[   712.251s] EVENT ExtractionProgress { passage_index: 0, extractor: "MusicBrainz-Pass2", status: "running", timestamp: 1766330096 }
[   712.256s] FILE_COMPLETE [30/5737] (Paula_Abdul)Shut_up_and_dance_(The_Dance_Mixes)-04-Forever_your_Girl_(Frankie_Foncett_Mix).mp3 - 1 passages in 14.68s (total_elapsed: 712.3s)
[   712.256s] PROGRESS 30/5737 (0.5%) - 0.04 files/sec - ETA: 2258.2min
[   712.256s] FILE_START [31/5737] (Paula_Abdul)Shut_up_and_dance_(The_Dance_Mixes)-05-Knocked_out_(Pettibone_12-).mp3
[   712.257s] EVENT ExtractionProgress { passage_index: 0, extractor: "MusicBrainz-Pass2", status: "completed", timestamp: 1766330096 }
[   712.257s] EVENT FusionStarted { passage_index: 0, timestamp: 1766330096 }
[   712.257s] EVENT ValidationStarted { passage_index: 0, timestamp: 1766330096 }
[   712.257s] EVENT PassageCompleted: passage #0
[   712.257s] EVENT FileCompleted: "C:\\Users\\Mango Cat\\Music\\Abdul, Paula\\Shut_up_and_dance_(The_Dance_Mixes)\\(Paula_Abdul)Shut_up_and_dance_(The_Dance_Mixes)-04-Forever_your_Girl_(Frankie_Foncett_Mix).mp3"
[   712.257s] EVENT FileStarted: "C:\\Users\\Mango Cat\\Music\\Abdul, Paula\\Shut_up_and_dance_(The_Dance_Mixes)\\(Paula_Abdul)Shut_up_and_dance_(The_Dance_Mixes)-05-Knocked_out_(Pettibone_12-).mp3"
[   712.257s] EVENT SingleTrackCheckCompleted { file_path: "C:\\Users\\Mango Cat\\Music\\Abdul, Paula\\Shut_up_and_dance_(The_Dance_Mixes)\\(Paula_Abdul)Shut_up_and_dance_(The_Dance_Mixes)-05-Knocked_out_(Pettibone_12-).mp3", score: 1.8, is_single_track: true }
[   726.393s] EVENT BoundaryDetected { passage_index: 0, start_time: 0, end_time: 10467164160, confidence: 0.5, timestamp: 1766330110 }
[   726.393s] EVENT PassageStarted: passage #0
[   726.393s] EVENT ExtractionProgress { passage_index: 0, extractor: "ID3", status: "running", timestamp: 1766330111 }
[   726.393s] EVENT ExtractionProgress { passage_index: 0, extractor: "ID3", status: "completed", timestamp: 1766330111 }
[   726.393s] EVENT ExtractionProgress { passage_index: 0, extractor: "Chromaprint", status: "running", timestamp: 1766330111 }
[   726.816s] EVENT ExtractionProgress { passage_index: 0, extractor: "Chromaprint", status: "completed", timestamp: 1766330111 }
[   726.816s] EVENT ExtractionProgress { passage_index: 0, extractor: "AudioDerived", status: "running", timestamp: 1766330111 }
[   727.526s] EVENT ExtractionProgress { passage_index: 0, extractor: "AudioDerived", status: "completed", timestamp: 1766330112 }
[   727.526s] EVENT ExtractionProgress { passage_index: 0, extractor: "ID3GenreMapper", status: "running", timestamp: 1766330112 }
[   727.526s] EVENT ExtractionProgress { passage_index: 0, extractor: "ID3GenreMapper", status: "completed", timestamp: 1766330112 }
[   727.526s] EVENT FusionStarted { passage_index: 0, timestamp: 1766330112 }
[   727.526s] EVENT ExtractionProgress { passage_index: 0, extractor: "MusicBrainz-Pass2", status: "running", timestamp: 1766330112 }
[   727.531s] FILE_COMPLETE [31/5737] (Paula_Abdul)Shut_up_and_dance_(The_Dance_Mixes)-05-Knocked_out_(Pettibone_12-).mp3 - 1 passages in 15.27s (total_elapsed: 727.5s)
[   727.531s] FILE_START [32/5737] (Paula_Abdul)Shut_up_and_dance_(The_Dance_Mixes)-06-The_Way_that_you_love_me_(HouseAFire_Mix).mp3
[   727.532s] EVENT ExtractionProgress { passage_index: 0, extractor: "MusicBrainz-Pass2", status: "completed", timestamp: 1766330112 }
[   727.532s] EVENT FusionStarted { passage_index: 0, timestamp: 1766330112 }
[   727.532s] EVENT ValidationStarted { passage_index: 0, timestamp: 1766330112 }
[   727.532s] EVENT PassageCompleted: passage #0
[   727.532s] EVENT FileCompleted: "C:\\Users\\Mango Cat\\Music\\Abdul, Paula\\Shut_up_and_dance_(The_Dance_Mixes)\\(Paula_Abdul)Shut_up_and_dance_(The_Dance_Mixes)-05-Knocked_out_(Pettibone_12-).mp3"
[   727.532s] EVENT FileStarted: "C:\\Users\\Mango Cat\\Music\\Abdul, Paula\\Shut_up_and_dance_(The_Dance_Mixes)\\(Paula_Abdul)Shut_up_and_dance_(The_Dance_Mixes)-06-The_Way_that_you_love_me_(HouseAFire_Mix).mp3"
[   727.532s] EVENT SingleTrackCheckCompleted { file_path: "C:\\Users\\Mango Cat\\Music\\Abdul, Paula\\Shut_up_and_dance_(The_Dance_Mixes)\\(Paula_Abdul)Shut_up_and_dance_(The_Dance_Mixes)-06-The_Way_that_you_love_me_(HouseAFire_Mix).mp3", score: 1.8, is_single_track: true }
[   738.093s] EVENT BoundaryDetected { passage_index: 0, start_time: 0, end_time: 7974420480, confidence: 0.5, timestamp: 1766330122 }
[   738.093s] EVENT PassageStarted: passage #0
[   738.093s] EVENT ExtractionProgress { passage_index: 0, extractor: "ID3", status: "running", timestamp: 1766330122 }
[   738.093s] EVENT ExtractionProgress { passage_index: 0, extractor: "ID3", status: "completed", timestamp: 1766330122 }
[   738.093s] EVENT ExtractionProgress { passage_index: 0, extractor: "Chromaprint", status: "running", timestamp: 1766330122 }
[   738.416s] EVENT ExtractionProgress { passage_index: 0, extractor: "Chromaprint", status: "completed", timestamp: 1766330123 }
[   738.416s] EVENT ExtractionProgress { passage_index: 0, extractor: "AudioDerived", status: "running", timestamp: 1766330123 }
[   738.943s] EVENT ExtractionProgress { passage_index: 0, extractor: "AudioDerived", status: "completed", timestamp: 1766330123 }
[   738.943s] EVENT ExtractionProgress { passage_index: 0, extractor: "ID3GenreMapper", status: "running", timestamp: 1766330123 }
[   738.943s] EVENT ExtractionProgress { passage_index: 0, extractor: "ID3GenreMapper", status: "completed", timestamp: 1766330123 }
[   738.943s] EVENT FusionStarted { passage_index: 0, timestamp: 1766330123 }
[   738.943s] EVENT ExtractionProgress { passage_index: 0, extractor: "MusicBrainz-Pass2", status: "running", timestamp: 1766330123 }
[   738.947s] FILE_COMPLETE [32/5737] (Paula_Abdul)Shut_up_and_dance_(The_Dance_Mixes)-06-The_Way_that_you_love_me_(HouseAFire_Mix).mp3 - 1 passages in 11.42s (total_elapsed: 738.9s)
[   738.947s] FILE_START [33/5737] (Paula_Abdul)Shut_up_and_dance_(The_Dance_Mixes)-07-Opposites_attract_(1990_Mix).mp3
[   738.952s] EVENT ExtractionProgress { passage_index: 0, extractor: "MusicBrainz-Pass2", status: "completed", timestamp: 1766330123 }
[   738.952s] EVENT FusionStarted { passage_index: 0, timestamp: 1766330123 }
[   738.952s] EVENT ValidationStarted { passage_index: 0, timestamp: 1766330123 }
[   738.952s] EVENT PassageCompleted: passage #0
[   738.952s] EVENT FileCompleted: "C:\\Users\\Mango Cat\\Music\\Abdul, Paula\\Shut_up_and_dance_(The_Dance_Mixes)\\(Paula_Abdul)Shut_up_and_dance_(The_Dance_Mixes)-06-The_Way_that_you_love_me_(HouseAFire_Mix).mp3"
[   738.952s] EVENT FileStarted: "C:\\Users\\Mango Cat\\Music\\Abdul, Paula\\Shut_up_and_dance_(The_Dance_Mixes)\\(Paula_Abdul)Shut_up_and_dance_(The_Dance_Mixes)-07-Opposites_attract_(1990_Mix).mp3"
[   738.952s] EVENT SingleTrackCheckCompleted { file_path: "C:\\Users\\Mango Cat\\Music\\Abdul, Paula\\Shut_up_and_dance_(The_Dance_Mixes)\\(Paula_Abdul)Shut_up_and_dance_(The_Dance_Mixes)-07-Opposites_attract_(1990_Mix).mp3", score: 1.8, is_single_track: true }
[   776.133s] EVENT BoundaryDetected { passage_index: 0, start_time: 0, end_time: 11520000000, confidence: 0.5, timestamp: 1766330160 }
[   776.133s] EVENT PassageStarted: passage #0
[   776.133s] EVENT ExtractionProgress { passage_index: 0, extractor: "ID3", status: "running", timestamp: 1766330160 }
[   776.133s] EVENT ExtractionProgress { passage_index: 0, extractor: "ID3", status: "completed", timestamp: 1766330160 }
[   776.133s] EVENT ExtractionProgress { passage_index: 0, extractor: "Chromaprint", status: "running", timestamp: 1766330160 }
[   777.189s] EVENT ExtractionProgress { passage_index: 0, extractor: "Chromaprint", status: "completed", timestamp: 1766330161 }
[   777.189s] EVENT ExtractionProgress { passage_index: 0, extractor: "AudioDerived", status: "running", timestamp: 1766330161 }
[   778.976s] FILE_COMPLETE [33/5737] (Paula_Abdul)Shut_up_and_dance_(The_Dance_Mixes)-07-Opposites_attract_(1990_Mix).mp3 - 1 passages in 40.03s (total_elapsed: 779.0s)
[   778.976s] FILE_START [34/5737] (Paula_Abdul)Shut_up_and_dance_(The_Dance_Mixes)-08-1990_Medley_Mix.mp3
[   778.977s] EVENT ExtractionProgress { passage_index: 0, extractor: "AudioDerived", status: "completed", timestamp: 1766330163 }
[   778.977s] EVENT ExtractionProgress { passage_index: 0, extractor: "ID3GenreMapper", status: "running", timestamp: 1766330163 }
[   778.977s] EVENT ExtractionProgress { passage_index: 0, extractor: "ID3GenreMapper", status: "completed", timestamp: 1766330163 }
[   778.977s] EVENT FusionStarted { passage_index: 0, timestamp: 1766330163 }
[   778.977s] EVENT ExtractionProgress { passage_index: 0, extractor: "MusicBrainz-Pass2", status: "running", timestamp: 1766330163 }
[   778.977s] EVENT ExtractionProgress { passage_index: 0, extractor: "MusicBrainz-Pass2", status: "completed", timestamp: 1766330163 }
[   778.977s] EVENT FusionStarted { passage_index: 0, timestamp: 1766330163 }
[   778.977s] EVENT ValidationStarted { passage_index: 0, timestamp: 1766330163 }
[   778.977s] EVENT PassageCompleted: passage #0
[   778.977s] EVENT FileCompleted: "C:\\Users\\Mango Cat\\Music\\Abdul, Paula\\Shut_up_and_dance_(The_Dance_Mixes)\\(Paula_Abdul)Shut_up_and_dance_(The_Dance_Mixes)-07-Opposites_attract_(1990_Mix).mp3"
[   778.977s] EVENT FileStarted: "C:\\Users\\Mango Cat\\Music\\Abdul, Paula\\Shut_up_and_dance_(The_Dance_Mixes)\\(Paula_Abdul)Shut_up_and_dance_(The_Dance_Mixes)-08-1990_Medley_Mix.mp3"
[   778.977s] EVENT SingleTrackCheckCompleted { file_path: "C:\\Users\\Mango Cat\\Music\\Abdul, Paula\\Shut_up_and_dance_(The_Dance_Mixes)\\(Paula_Abdul)Shut_up_and_dance_(The_Dance_Mixes)-08-1990_Medley_Mix.mp3", score: 1.8, is_single_track: true }
[   826.328s] EVENT BoundaryDetected { passage_index: 0, start_time: 0, end_time: 12277923840, confidence: 0.5, timestamp: 1766330210 }
[   826.328s] EVENT PassageStarted: passage #0
[   826.328s] EVENT ExtractionProgress { passage_index: 0, extractor: "ID3", status: "running", timestamp: 1766330210 }
[   826.328s] EVENT ExtractionProgress { passage_index: 0, extractor: "ID3", status: "completed", timestamp: 1766330210 }
[   826.328s] EVENT ExtractionProgress { passage_index: 0, extractor: "Chromaprint", status: "running", timestamp: 1766330210 }
[   827.404s] EVENT ExtractionProgress { passage_index: 0, extractor: "Chromaprint", status: "completed", timestamp: 1766330212 }
[   827.404s] EVENT ExtractionProgress { passage_index: 0, extractor: "AudioDerived", status: "running", timestamp: 1766330212 }
[   829.328s] FILE_COMPLETE [34/5737] (Paula_Abdul)Shut_up_and_dance_(The_Dance_Mixes)-08-1990_Medley_Mix.mp3 - 1 passages in 50.35s (total_elapsed: 829.3s)
[   829.328s] FILE_START [35/5737] Disc 1 - 1 - Hells Bells.mp3
[   829.329s] EVENT ExtractionProgress { passage_index: 0, extractor: "AudioDerived", status: "completed", timestamp: 1766330213 }
[   829.329s] EVENT ExtractionProgress { passage_index: 0, extractor: "ID3GenreMapper", status: "running", timestamp: 1766330213 }
[   829.329s] EVENT ExtractionProgress { passage_index: 0, extractor: "ID3GenreMapper", status: "completed", timestamp: 1766330213 }
[   829.329s] EVENT FusionStarted { passage_index: 0, timestamp: 1766330213 }
[   829.329s] EVENT ExtractionProgress { passage_index: 0, extractor: "MusicBrainz-Pass2", status: "running", timestamp: 1766330213 }
[   829.329s] EVENT ExtractionProgress { passage_index: 0, extractor: "MusicBrainz-Pass2", status: "completed", timestamp: 1766330213 }
[   829.329s] EVENT FusionStarted { passage_index: 0, timestamp: 1766330213 }
[   829.329s] EVENT ValidationStarted { passage_index: 0, timestamp: 1766330213 }
[   829.329s] EVENT PassageCompleted: passage #0
[   829.329s] EVENT FileCompleted: "C:\\Users\\Mango Cat\\Music\\Abdul, Paula\\Shut_up_and_dance_(The_Dance_Mixes)\\(Paula_Abdul)Shut_up_and_dance_(The_Dance_Mixes)-08-1990_Medley_Mix.mp3"
[   829.329s] EVENT FileStarted: "C:\\Users\\Mango Cat\\Music\\AC-DC\\Back in Black\\Disc 1 - 1 - Hells Bells.mp3"
[   829.329s] EVENT SingleTrackCheckCompleted { file_path: "C:\\Users\\Mango Cat\\Music\\AC-DC\\Back in Black\\Disc 1 - 1 - Hells Bells.mp3", score: 1.8, is_single_track: true }
[   863.053s] EVENT BoundaryDetected { passage_index: 0, start_time: 0, end_time: 8818606080, confidence: 0.5, timestamp: 1766330247 }
[   863.053s] EVENT PassageStarted: passage #0
[   863.053s] EVENT ExtractionProgress { passage_index: 0, extractor: "ID3", status: "running", timestamp: 1766330247 }
[   863.053s] EVENT ExtractionProgress { passage_index: 0, extractor: "ID3", status: "completed", timestamp: 1766330247 }
[   863.053s] EVENT ExtractionProgress { passage_index: 0, extractor: "Chromaprint", status: "running", timestamp: 1766330247 }
[   863.834s] EVENT ExtractionProgress { passage_index: 0, extractor: "Chromaprint", status: "completed", timestamp: 1766330248 }
[   863.834s] EVENT ExtractionProgress { passage_index: 0, extractor: "AudioDerived", status: "running", timestamp: 1766330248 }
[   865.188s] EVENT ExtractionProgress { passage_index: 0, extractor: "AudioDerived", status: "completed", timestamp: 1766330249 }
[   865.188s] EVENT ExtractionProgress { passage_index: 0, extractor: "ID3GenreMapper", status: "running", timestamp: 1766330249 }
[   865.188s] EVENT ExtractionProgress { passage_index: 0, extractor: "ID3GenreMapper", status: "completed", timestamp: 1766330249 }
[   865.188s] EVENT FusionStarted { passage_index: 0, timestamp: 1766330249 }
[   865.188s] EVENT ExtractionProgress { passage_index: 0, extractor: "MusicBrainz-Pass2", status: "running", timestamp: 1766330249 }
[   865.197s] FILE_COMPLETE [35/5737] Disc 1 - 1 - Hells Bells.mp3 - 1 passages in 35.87s (total_elapsed: 865.2s)
[   865.197s] FILE_START [36/5737] Disc 1 - 10 - Rock and Roll Ain't Noise Pollution.mp3
[   865.199s] EVENT ExtractionProgress { passage_index: 0, extractor: "MusicBrainz-Pass2", status: "completed", timestamp: 1766330249 }
[   865.199s] EVENT FusionStarted { passage_index: 0, timestamp: 1766330249 }
[   865.199s] EVENT ValidationStarted { passage_index: 0, timestamp: 1766330249 }
[   865.199s] EVENT PassageCompleted: passage #0
[   865.199s] EVENT FileCompleted: "C:\\Users\\Mango Cat\\Music\\AC-DC\\Back in Black\\Disc 1 - 1 - Hells Bells.mp3"
[   865.199s] EVENT FileStarted: "C:\\Users\\Mango Cat\\Music\\AC-DC\\Back in Black\\Disc 1 - 10 - Rock and Roll Ain't Noise Pollution.mp3"
[   865.199s] EVENT SingleTrackCheckCompleted { file_path: "C:\\Users\\Mango Cat\\Music\\AC-DC\\Back in Black\\Disc 1 - 10 - Rock and Roll Ain't Noise Pollution.mp3", score: 1.8, is_single_track: true }
[   893.798s] EVENT BoundaryDetected { passage_index: 0, start_time: 0, end_time: 7509934080, confidence: 0.5, timestamp: 1766330278 }
[   893.798s] EVENT PassageStarted: passage #0
[   893.798s] EVENT ExtractionProgress { passage_index: 0, extractor: "ID3", status: "running", timestamp: 1766330278 }
[   893.798s] EVENT ExtractionProgress { passage_index: 0, extractor: "ID3", status: "completed", timestamp: 1766330278 }
[   893.798s] EVENT ExtractionProgress { passage_index: 0, extractor: "Chromaprint", status: "running", timestamp: 1766330278 }
[   894.463s] EVENT ExtractionProgress { passage_index: 0, extractor: "Chromaprint", status: "completed", timestamp: 1766330279 }
[   894.463s] EVENT ExtractionProgress { passage_index: 0, extractor: "AudioDerived", status: "running", timestamp: 1766330279 }
[   895.638s] FILE_COMPLETE [36/5737] Disc 1 - 10 - Rock and Roll Ain't Noise Pollution.mp3 - 1 passages in 30.44s (total_elapsed: 895.6s)
[   895.638s] FILE_START [37/5737] Disc 1 - 2 - Shoot to Thrill.mp3
[   895.651s] EVENT ExtractionProgress { passage_index: 0, extractor: "AudioDerived", status: "completed", timestamp: 1766330280 }
[   895.651s] EVENT ExtractionProgress { passage_index: 0, extractor: "ID3GenreMapper", status: "running", timestamp: 1766330280 }
[   895.651s] EVENT ExtractionProgress { passage_index: 0, extractor: "ID3GenreMapper", status: "completed", timestamp: 1766330280 }
[   895.651s] EVENT FusionStarted { passage_index: 0, timestamp: 1766330280 }
[   895.651s] EVENT ExtractionProgress { passage_index: 0, extractor: "MusicBrainz-Pass2", status: "running", timestamp: 1766330280 }
[   895.651s] EVENT ExtractionProgress { passage_index: 0, extractor: "MusicBrainz-Pass2", status: "completed", timestamp: 1766330280 }
[   895.651s] EVENT FusionStarted { passage_index: 0, timestamp: 1766330280 }
[   895.651s] EVENT ValidationStarted { passage_index: 0, timestamp: 1766330280 }
[   895.651s] EVENT PassageCompleted: passage #0
[   895.651s] EVENT FileCompleted: "C:\\Users\\Mango Cat\\Music\\AC-DC\\Back in Black\\Disc 1 - 10 - Rock and Roll Ain't Noise Pollution.mp3"
[   895.651s] EVENT FileStarted: "C:\\Users\\Mango Cat\\Music\\AC-DC\\Back in Black\\Disc 1 - 2 - Shoot to Thrill.mp3"
[   895.651s] EVENT SingleTrackCheckCompleted { file_path: "C:\\Users\\Mango Cat\\Music\\AC-DC\\Back in Black\\Disc 1 - 2 - Shoot to Thrill.mp3", score: 1.8, is_single_track: true }
[   929.915s] EVENT BoundaryDetected { passage_index: 0, start_time: 0, end_time: 8960163840, confidence: 0.5, timestamp: 1766330314 }
[   929.915s] EVENT PassageStarted: passage #0
[   929.915s] EVENT ExtractionProgress { passage_index: 0, extractor: "ID3", status: "running", timestamp: 1766330314 }
[   929.915s] EVENT ExtractionProgress { passage_index: 0, extractor: "ID3", status: "completed", timestamp: 1766330314 }
[   929.915s] EVENT ExtractionProgress { passage_index: 0, extractor: "Chromaprint", status: "running", timestamp: 1766330314 }
[   930.711s] EVENT ExtractionProgress { passage_index: 0, extractor: "Chromaprint", status: "completed", timestamp: 1766330315 }
[   930.712s] EVENT ExtractionProgress { passage_index: 0, extractor: "AudioDerived", status: "running", timestamp: 1766330315 }
[   932.121s] FILE_COMPLETE [37/5737] Disc 1 - 2 - Shoot to Thrill.mp3 - 1 passages in 36.48s (total_elapsed: 932.1s)
[   932.121s] FILE_START [38/5737] Disc 1 - 3 - What Do You Do for Money Honey.mp3
[   932.123s] EVENT ExtractionProgress { passage_index: 0, extractor: "AudioDerived", status: "completed", timestamp: 1766330316 }
[   932.123s] EVENT ExtractionProgress { passage_index: 0, extractor: "ID3GenreMapper", status: "running", timestamp: 1766330316 }
[   932.123s] EVENT ExtractionProgress { passage_index: 0, extractor: "ID3GenreMapper", status: "completed", timestamp: 1766330316 }
[   932.123s] EVENT FusionStarted { passage_index: 0, timestamp: 1766330316 }
[   932.123s] EVENT ExtractionProgress { passage_index: 0, extractor: "MusicBrainz-Pass2", status: "running", timestamp: 1766330316 }
[   932.123s] EVENT ExtractionProgress { passage_index: 0, extractor: "MusicBrainz-Pass2", status: "completed", timestamp: 1766330316 }
[   932.123s] EVENT FusionStarted { passage_index: 0, timestamp: 1766330316 }
[   932.123s] EVENT ValidationStarted { passage_index: 0, timestamp: 1766330316 }
[   932.123s] EVENT PassageCompleted: passage #0
[   932.123s] EVENT FileCompleted: "C:\\Users\\Mango Cat\\Music\\AC-DC\\Back in Black\\Disc 1 - 2 - Shoot to Thrill.mp3"
[   932.123s] EVENT FileStarted: "C:\\Users\\Mango Cat\\Music\\AC-DC\\Back in Black\\Disc 1 - 3 - What Do You Do for Money Honey.mp3"
[   932.123s] EVENT SingleTrackCheckCompleted { file_path: "C:\\Users\\Mango Cat\\Music\\AC-DC\\Back in Black\\Disc 1 - 3 - What Do You Do for Money Honey.mp3", score: 1.8, is_single_track: true }
[   955.451s] EVENT BoundaryDetected { passage_index: 0, start_time: 0, end_time: 6085509120, confidence: 0.5, timestamp: 1766330340 }
[   955.451s] EVENT PassageStarted: passage #0
[   955.452s] EVENT ExtractionProgress { passage_index: 0, extractor: "ID3", status: "running", timestamp: 1766330340 }
[   955.452s] EVENT ExtractionProgress { passage_index: 0, extractor: "ID3", status: "completed", timestamp: 1766330340 }
[   955.452s] EVENT ExtractionProgress { passage_index: 0, extractor: "Chromaprint", status: "running", timestamp: 1766330340 }
[   955.974s] EVENT ExtractionProgress { passage_index: 0, extractor: "Chromaprint", status: "completed", timestamp: 1766330340 }
[   955.974s] EVENT ExtractionProgress { passage_index: 0, extractor: "AudioDerived", status: "running", timestamp: 1766330340 }
[   956.920s] FILE_COMPLETE [38/5737] Disc 1 - 3 - What Do You Do for Money Honey.mp3 - 1 passages in 24.80s (total_elapsed: 956.9s)
[   956.921s] FILE_START [39/5737] Disc 1 - 4 - Givin the Dog a Bone.mp3
[   956.927s] EVENT ExtractionProgress { passage_index: 0, extractor: "AudioDerived", status: "completed", timestamp: 1766330341 }
[   956.927s] EVENT ExtractionProgress { passage_index: 0, extractor: "ID3GenreMapper", status: "running", timestamp: 1766330341 }
[   956.927s] EVENT ExtractionProgress { passage_index: 0, extractor: "ID3GenreMapper", status: "completed", timestamp: 1766330341 }
[   956.927s] EVENT FusionStarted { passage_index: 0, timestamp: 1766330341 }
[   956.927s] EVENT ExtractionProgress { passage_index: 0, extractor: "MusicBrainz-Pass2", status: "running", timestamp: 1766330341 }
[   956.927s] EVENT ExtractionProgress { passage_index: 0, extractor: "MusicBrainz-Pass2", status: "completed", timestamp: 1766330341 }
[   956.927s] EVENT FusionStarted { passage_index: 0, timestamp: 1766330341 }
[   956.927s] EVENT ValidationStarted { passage_index: 0, timestamp: 1766330341 }
[   956.927s] EVENT PassageCompleted: passage #0
[   956.927s] EVENT FileCompleted: "C:\\Users\\Mango Cat\\Music\\AC-DC\\Back in Black\\Disc 1 - 3 - What Do You Do for Money Honey.mp3"
[   956.927s] EVENT FileStarted: "C:\\Users\\Mango Cat\\Music\\AC-DC\\Back in Black\\Disc 1 - 4 - Givin the Dog a Bone.mp3"
[   956.927s] EVENT SingleTrackCheckCompleted { file_path: "C:\\Users\\Mango Cat\\Music\\AC-DC\\Back in Black\\Disc 1 - 4 - Givin the Dog a Bone.mp3", score: 1.8, is_single_track: true }
[   980.000s] EVENT BoundaryDetected { passage_index: 0, start_time: 0, end_time: 5977866240, confidence: 0.5, timestamp: 1766330364 }
[   980.000s] EVENT PassageStarted: passage #0
[   980.000s] EVENT ExtractionProgress { passage_index: 0, extractor: "ID3", status: "running", timestamp: 1766330364 }
[   980.000s] EVENT ExtractionProgress { passage_index: 0, extractor: "ID3", status: "completed", timestamp: 1766330364 }
[   980.000s] EVENT ExtractionProgress { passage_index: 0, extractor: "Chromaprint", status: "running", timestamp: 1766330364 }
[   980.521s] EVENT ExtractionProgress { passage_index: 0, extractor: "Chromaprint", status: "completed", timestamp: 1766330365 }
[   980.521s] EVENT ExtractionProgress { passage_index: 0, extractor: "AudioDerived", status: "running", timestamp: 1766330365 }
[   981.443s] FILE_COMPLETE [39/5737] Disc 1 - 4 - Givin the Dog a Bone.mp3 - 1 passages in 24.52s (total_elapsed: 981.4s)
[   981.444s] FILE_START [40/5737] Disc 1 - 5 - Let Me Put My Love Into You.mp3
[   981.444s] EVENT ExtractionProgress { passage_index: 0, extractor: "AudioDerived", status: "completed", timestamp: 1766330366 }
[   981.444s] EVENT ExtractionProgress { passage_index: 0, extractor: "ID3GenreMapper", status: "running", timestamp: 1766330366 }
[   981.444s] EVENT ExtractionProgress { passage_index: 0, extractor: "ID3GenreMapper", status: "completed", timestamp: 1766330366 }
[   981.445s] EVENT FusionStarted { passage_index: 0, timestamp: 1766330366 }
[   981.445s] EVENT ExtractionProgress { passage_index: 0, extractor: "MusicBrainz-Pass2", status: "running", timestamp: 1766330366 }
[   981.445s] EVENT ExtractionProgress { passage_index: 0, extractor: "MusicBrainz-Pass2", status: "completed", timestamp: 1766330366 }
[   981.445s] EVENT FusionStarted { passage_index: 0, timestamp: 1766330366 }
[   981.445s] EVENT ValidationStarted { passage_index: 0, timestamp: 1766330366 }
[   981.445s] EVENT PassageCompleted: passage #0
[   981.445s] EVENT FileCompleted: "C:\\Users\\Mango Cat\\Music\\AC-DC\\Back in Black\\Disc 1 - 4 - Givin the Dog a Bone.mp3"
[   981.445s] EVENT FileStarted: "C:\\Users\\Mango Cat\\Music\\AC-DC\\Back in Black\\Disc 1 - 5 - Let Me Put My Love Into You.mp3"
[   981.445s] EVENT SingleTrackCheckCompleted { file_path: "C:\\Users\\Mango Cat\\Music\\AC-DC\\Back in Black\\Disc 1 - 5 - Let Me Put My Love Into You.mp3", score: 1.8, is_single_track: true }
[  1009.349s] EVENT BoundaryDetected { passage_index: 0, start_time: 0, end_time: 7206912000, confidence: 0.5, timestamp: 1766330393 }
[  1009.349s] EVENT PassageStarted: passage #0
[  1009.349s] EVENT ExtractionProgress { passage_index: 0, extractor: "ID3", status: "running", timestamp: 1766330393 }
[  1009.349s] EVENT ExtractionProgress { passage_index: 0, extractor: "ID3", status: "completed", timestamp: 1766330393 }
[  1009.349s] EVENT ExtractionProgress { passage_index: 0, extractor: "Chromaprint", status: "running", timestamp: 1766330393 }
[  1010.018s] EVENT ExtractionProgress { passage_index: 0, extractor: "Chromaprint", status: "completed", timestamp: 1766330394 }
[  1010.018s] EVENT ExtractionProgress { passage_index: 0, extractor: "AudioDerived", status: "running", timestamp: 1766330394 }
[  1011.142s] FILE_COMPLETE [40/5737] Disc 1 - 5 - Let Me Put My Love Into You.mp3 - 1 passages in 29.70s (total_elapsed: 1011.1s)
[  1011.142s] PROGRESS 40/5737 (0.7%) - 0.04 files/sec - ETA: 2400.2min
[  1011.142s] FILE_START [41/5737] Disc 1 - 6 - Back in Black.mp3
[  1011.143s] EVENT ExtractionProgress { passage_index: 0, extractor: "AudioDerived", status: "completed", timestamp: 1766330395 }
[  1011.144s] EVENT ExtractionProgress { passage_index: 0, extractor: "ID3GenreMapper", status: "running", timestamp: 1766330395 }
[  1011.144s] EVENT ExtractionProgress { passage_index: 0, extractor: "ID3GenreMapper", status: "completed", timestamp: 1766330395 }
[  1011.144s] EVENT FusionStarted { passage_index: 0, timestamp: 1766330395 }
[  1011.144s] EVENT ExtractionProgress { passage_index: 0, extractor: "MusicBrainz-Pass2", status: "running", timestamp: 1766330395 }
[  1011.144s] EVENT ExtractionProgress { passage_index: 0, extractor: "MusicBrainz-Pass2", status: "completed", timestamp: 1766330395 }
[  1011.144s] EVENT FusionStarted { passage_index: 0, timestamp: 1766330395 }
[  1011.144s] EVENT ValidationStarted { passage_index: 0, timestamp: 1766330395 }
[  1011.144s] EVENT PassageCompleted: passage #0
[  1011.144s] EVENT FileCompleted: "C:\\Users\\Mango Cat\\Music\\AC-DC\\Back in Black\\Disc 1 - 5 - Let Me Put My Love Into You.mp3"
[  1011.144s] EVENT FileStarted: "C:\\Users\\Mango Cat\\Music\\AC-DC\\Back in Black\\Disc 1 - 6 - Back in Black.mp3"
[  1011.144s] EVENT SingleTrackCheckCompleted { file_path: "C:\\Users\\Mango Cat\\Music\\AC-DC\\Back in Black\\Disc 1 - 6 - Back in Black.mp3", score: 1.8, is_single_track: true }
[  1038.796s] EVENT BoundaryDetected { passage_index: 0, start_time: 0, end_time: 7215759360, confidence: 0.5, timestamp: 1766330423 }
[  1038.796s] EVENT PassageStarted: passage #0
[  1038.796s] EVENT ExtractionProgress { passage_index: 0, extractor: "ID3", status: "running", timestamp: 1766330423 }
[  1038.796s] EVENT ExtractionProgress { passage_index: 0, extractor: "ID3", status: "completed", timestamp: 1766330423 }
[  1038.796s] EVENT ExtractionProgress { passage_index: 0, extractor: "Chromaprint", status: "running", timestamp: 1766330423 }
[  1039.425s] EVENT ExtractionProgress { passage_index: 0, extractor: "Chromaprint", status: "completed", timestamp: 1766330424 }
[  1039.425s] EVENT ExtractionProgress { passage_index: 0, extractor: "AudioDerived", status: "running", timestamp: 1766330424 }
[  1040.548s] EVENT ExtractionProgress { passage_index: 0, extractor: "AudioDerived", status: "completed", timestamp: 1766330425 }
[  1040.548s] EVENT ExtractionProgress { passage_index: 0, extractor: "ID3GenreMapper", status: "running", timestamp: 1766330425 }
[  1040.548s] EVENT ExtractionProgress { passage_index: 0, extractor: "ID3GenreMapper", status: "completed", timestamp: 1766330425 }
[  1040.548s] EVENT FusionStarted { passage_index: 0, timestamp: 1766330425 }
[  1040.548s] EVENT ExtractionProgress { passage_index: 0, extractor: "MusicBrainz-Pass2", status: "running", timestamp: 1766330425 }
[  1040.555s] FILE_COMPLETE [41/5737] Disc 1 - 6 - Back in Black.mp3 - 1 passages in 29.41s (total_elapsed: 1040.5s)
[  1040.555s] FILE_START [42/5737] Disc 1 - 7 - You Shook Me All Night Long.mp3
[  1040.564s] EVENT ExtractionProgress { passage_index: 0, extractor: "MusicBrainz-Pass2", status: "completed", timestamp: 1766330425 }
[  1040.564s] EVENT FusionStarted { passage_index: 0, timestamp: 1766330425 }
[  1040.564s] EVENT ValidationStarted { passage_index: 0, timestamp: 1766330425 }
[  1040.564s] EVENT PassageCompleted: passage #0
[  1040.564s] EVENT FileCompleted: "C:\\Users\\Mango Cat\\Music\\AC-DC\\Back in Black\\Disc 1 - 6 - Back in Black.mp3"
[  1040.564s] EVENT FileStarted: "C:\\Users\\Mango Cat\\Music\\AC-DC\\Back in Black\\Disc 1 - 7 - You Shook Me All Night Long.mp3"
[  1040.564s] EVENT SingleTrackCheckCompleted { file_path: "C:\\Users\\Mango Cat\\Music\\AC-DC\\Back in Black\\Disc 1 - 7 - You Shook Me All Night Long.mp3", score: 1.8, is_single_track: true }
[  1063.452s] EVENT BoundaryDetected { passage_index: 0, start_time: 0, end_time: 5933629440, confidence: 0.5, timestamp: 1766330448 }
[  1063.452s] EVENT PassageStarted: passage #0
[  1063.452s] EVENT ExtractionProgress { passage_index: 0, extractor: "ID3", status: "running", timestamp: 1766330448 }
[  1063.452s] EVENT ExtractionProgress { passage_index: 0, extractor: "ID3", status: "completed", timestamp: 1766330448 }
[  1063.452s] EVENT ExtractionProgress { passage_index: 0, extractor: "Chromaprint", status: "running", timestamp: 1766330448 }
[  1063.995s] EVENT ExtractionProgress { passage_index: 0, extractor: "Chromaprint", status: "completed", timestamp: 1766330448 }
[  1063.995s] EVENT ExtractionProgress { passage_index: 0, extractor: "AudioDerived", status: "running", timestamp: 1766330448 }
[  1064.933s] EVENT ExtractionProgress { passage_index: 0, extractor: "AudioDerived", status: "completed", timestamp: 1766330449 }
[  1064.933s] EVENT ExtractionProgress { passage_index: 0, extractor: "ID3GenreMapper", status: "running", timestamp: 1766330449 }
[  1064.933s] EVENT ExtractionProgress { passage_index: 0, extractor: "ID3GenreMapper", status: "completed", timestamp: 1766330449 }
[  1064.933s] EVENT FusionStarted { passage_index: 0, timestamp: 1766330449 }
[  1064.933s] EVENT ExtractionProgress { passage_index: 0, extractor: "MusicBrainz-Pass2", status: "running", timestamp: 1766330449 }
[  1064.939s] FILE_COMPLETE [42/5737] Disc 1 - 7 - You Shook Me All Night Long.mp3 - 1 passages in 24.38s (total_elapsed: 1064.9s)
[  1064.939s] FILE_START [43/5737] Disc 1 - 8 - Have a Drink on Me.mp3
[  1064.941s] EVENT ExtractionProgress { passage_index: 0, extractor: "MusicBrainz-Pass2", status: "completed", timestamp: 1766330449 }
[  1064.941s] EVENT FusionStarted { passage_index: 0, timestamp: 1766330449 }
[  1064.941s] EVENT ValidationStarted { passage_index: 0, timestamp: 1766330449 }
[  1064.941s] EVENT PassageCompleted: passage #0
[  1064.941s] EVENT FileCompleted: "C:\\Users\\Mango Cat\\Music\\AC-DC\\Back in Black\\Disc 1 - 7 - You Shook Me All Night Long.mp3"
[  1064.941s] EVENT FileStarted: "C:\\Users\\Mango Cat\\Music\\AC-DC\\Back in Black\\Disc 1 - 8 - Have a Drink on Me.mp3"
[  1064.941s] EVENT SingleTrackCheckCompleted { file_path: "C:\\Users\\Mango Cat\\Music\\AC-DC\\Back in Black\\Disc 1 - 8 - Have a Drink on Me.mp3", score: 1.8, is_single_track: true }
[  1090.668s] EVENT BoundaryDetected { passage_index: 0, start_time: 0, end_time: 6731366400, confidence: 0.5, timestamp: 1766330475 }
[  1090.668s] EVENT PassageStarted: passage #0
[  1090.668s] EVENT ExtractionProgress { passage_index: 0, extractor: "ID3", status: "running", timestamp: 1766330475 }
[  1090.668s] EVENT ExtractionProgress { passage_index: 0, extractor: "ID3", status: "completed", timestamp: 1766330475 }
[  1090.668s] EVENT ExtractionProgress { passage_index: 0, extractor: "Chromaprint", status: "running", timestamp: 1766330475 }
[  1091.274s] EVENT ExtractionProgress { passage_index: 0, extractor: "Chromaprint", status: "completed", timestamp: 1766330475 }
[  1091.274s] EVENT ExtractionProgress { passage_index: 0, extractor: "AudioDerived", status: "running", timestamp: 1766330475 }
[  1092.310s] EVENT ExtractionProgress { passage_index: 0, extractor: "AudioDerived", status: "completed", timestamp: 1766330476 }
[  1092.310s] EVENT ExtractionProgress { passage_index: 0, extractor: "ID3GenreMapper", status: "running", timestamp: 1766330476 }
[  1092.310s] EVENT ExtractionProgress { passage_index: 0, extractor: "ID3GenreMapper", status: "completed", timestamp: 1766330476 }
[  1092.310s] EVENT FusionStarted { passage_index: 0, timestamp: 1766330476 }
[  1092.310s] EVENT ExtractionProgress { passage_index: 0, extractor: "MusicBrainz-Pass2", status: "running", timestamp: 1766330476 }
[  1092.318s] FILE_COMPLETE [43/5737] Disc 1 - 8 - Have a Drink on Me.mp3 - 1 passages in 27.38s (total_elapsed: 1092.3s)
[  1092.318s] FILE_START [44/5737] Disc 1 - 9 - Shake a Leg.mp3
[  1092.323s] EVENT ExtractionProgress { passage_index: 0, extractor: "MusicBrainz-Pass2", status: "completed", timestamp: 1766330476 }
[  1092.323s] EVENT FusionStarted { passage_index: 0, timestamp: 1766330476 }
[  1092.323s] EVENT ValidationStarted { passage_index: 0, timestamp: 1766330476 }
[  1092.323s] EVENT PassageCompleted: passage #0
[  1092.323s] EVENT FileCompleted: "C:\\Users\\Mango Cat\\Music\\AC-DC\\Back in Black\\Disc 1 - 8 - Have a Drink on Me.mp3"
[  1092.323s] EVENT FileStarted: "C:\\Users\\Mango Cat\\Music\\AC-DC\\Back in Black\\Disc 1 - 9 - Shake a Leg.mp3"
[  1092.323s] EVENT SingleTrackCheckCompleted { file_path: "C:\\Users\\Mango Cat\\Music\\AC-DC\\Back in Black\\Disc 1 - 9 - Shake a Leg.mp3", score: 1.8, is_single_track: true }
[  1118.726s] EVENT BoundaryDetected { passage_index: 0, start_time: 0, end_time: 6934855680, confidence: 0.5, timestamp: 1766330503 }
[  1118.726s] EVENT PassageStarted: passage #0
[  1118.726s] EVENT ExtractionProgress { passage_index: 0, extractor: "ID3", status: "running", timestamp: 1766330503 }
[  1118.726s] EVENT ExtractionProgress { passage_index: 0, extractor: "ID3", status: "completed", timestamp: 1766330503 }
[  1118.726s] EVENT ExtractionProgress { passage_index: 0, extractor: "Chromaprint", status: "running", timestamp: 1766330503 }
[  1119.357s] EVENT ExtractionProgress { passage_index: 0, extractor: "Chromaprint", status: "completed", timestamp: 1766330503 }
[  1119.357s] EVENT ExtractionProgress { passage_index: 0, extractor: "AudioDerived", status: "running", timestamp: 1766330503 }
[  1120.427s] FILE_COMPLETE [44/5737] Disc 1 - 9 - Shake a Leg.mp3 - 1 passages in 28.11s (total_elapsed: 1120.4s)
[  1120.428s] FILE_START [45/5737] HappyNation.mp3
[  1120.435s] EVENT ExtractionProgress { passage_index: 0, extractor: "AudioDerived", status: "completed", timestamp: 1766330505 }
[  1120.435s] EVENT ExtractionProgress { passage_index: 0, extractor: "ID3GenreMapper", status: "running", timestamp: 1766330505 }
[  1120.435s] EVENT ExtractionProgress { passage_index: 0, extractor: "ID3GenreMapper", status: "completed", timestamp: 1766330505 }
[  1120.435s] EVENT FusionStarted { passage_index: 0, timestamp: 1766330505 }
[  1120.435s] EVENT ExtractionProgress { passage_index: 0, extractor: "MusicBrainz-Pass2", status: "running", timestamp: 1766330505 }
[  1120.435s] EVENT ExtractionProgress { passage_index: 0, extractor: "MusicBrainz-Pass2", status: "completed", timestamp: 1766330505 }
[  1120.435s] EVENT FusionStarted { passage_index: 0, timestamp: 1766330505 }
[  1120.435s] EVENT ValidationStarted { passage_index: 0, timestamp: 1766330505 }
[  1120.435s] EVENT PassageCompleted: passage #0
[  1120.435s] EVENT FileCompleted: "C:\\Users\\Mango Cat\\Music\\AC-DC\\Back in Black\\Disc 1 - 9 - Shake a Leg.mp3"
[  1120.435s] EVENT FileStarted: "C:\\Users\\Mango Cat\\Music\\Ace of Base\\HappyNation.mp3"
[  1120.435s] EVENT SingleTrackCheckCompleted { file_path: "C:\\Users\\Mango Cat\\Music\\Ace of Base\\HappyNation.mp3", score: -0.5, is_single_track: false }
[  1120.435s] EVENT AlbumMatchingStarted: "C:\\Users\\Mango Cat\\Music\\Ace of Base\\HappyNation.mp3"
[  1533.652s] EVENT AlbumMatchingFailed: "C:\\Users\\Mango Cat\\Music\\Ace of Base\\HappyNation.mp3" - No match found (0.0% confidence)
[  1533.652s] EVENT AlbumMatchingFallback { file_path: "C:\\Users\\Mango Cat\\Music\\Ace of Base\\HappyNation.mp3", reason: "No match found (0.0% confidence)", timestamp: 1766330918 }
[  1930.592s] EVENT BoundaryDetected { passage_index: 0, start_time: 0, end_time: 5890348800, confidence: 0.8, timestamp: 1766331315 }
[  1930.592s] EVENT BoundaryDetected { passage_index: 1, start_time: 6039936000, end_time: 12370579200, confidence: 0.8, timestamp: 1766331315 }
[  1930.592s] EVENT BoundaryDetected { passage_index: 2, start_time: 12539923200, end_time: 19070956800, confidence: 0.8, timestamp: 1766331315 }
[  1930.592s] EVENT BoundaryDetected { passage_index: 3, start_time: 19231833600, end_time: 24487142400, confidence: 0.8, timestamp: 1766331315 }
[  1930.592s] EVENT BoundaryDetected { passage_index: 4, start_time: 24633907200, end_time: 30761337600, confidence: 0.8, timestamp: 1766331315 }
[  1930.592s] EVENT BoundaryDetected { passage_index: 5, start_time: 30941971200, end_time: 36456940800, confidence: 0.8, timestamp: 1766331315 }
[  1930.592s] EVENT BoundaryDetected { passage_index: 6, start_time: 36595238400, end_time: 43687929600, confidence: 0.8, timestamp: 1766331315 }
[  1930.592s] EVENT BoundaryDetected { passage_index: 7, start_time: 43809292800, end_time: 50142758400, confidence: 0.8, timestamp: 1766331315 }
[  1930.592s] EVENT BoundaryDetected { passage_index: 8, start_time: 50351616000, end_time: 56727417600, confidence: 0.8, timestamp: 1766331315 }
[  1930.592s] EVENT BoundaryDetected { passage_index: 9, start_time: 56896761600, end_time: 63930182400, confidence: 0.8, timestamp: 1766331315 }
[  1930.592s] EVENT BoundaryDetected { passage_index: 10, start_time: 64043078400, end_time: 70455571200, confidence: 0.8, timestamp: 1766331315 }
[  1930.592s] EVENT BoundaryDetected { passage_index: 11, start_time: 70658784000, end_time: 76763635200, confidence: 0.8, timestamp: 1766331315 }
[  1930.592s] EVENT BoundaryDetected { passage_index: 12, start_time: 76899110400, end_time: 83678515200, confidence: 0.8, timestamp: 1766331315 }
[  1930.592s] EVENT BoundaryDetected { passage_index: 13, start_time: 83994624000, end_time: 91149408000, confidence: 0.8, timestamp: 1766331315 }
[  1930.592s] EVENT BoundaryDetected { passage_index: 14, start_time: 91256659200, end_time: 97550611200, confidence: 0.8, timestamp: 1766331315 }
[  1930.592s] EVENT BoundaryDetected { passage_index: 15, start_time: 97657862400, end_time: 103496417280, confidence: 0.8, timestamp: 1766331315 }
[  1930.592s] EVENT PassageStarted: passage #0
[  1930.592s] EVENT ExtractionProgress { passage_index: 0, extractor: "ID3", status: "running", timestamp: 1766331315 }
[  1930.592s] EVENT ExtractionProgress { passage_index: 0, extractor: "ID3", status: "completed", timestamp: 1766331315 }
[  1930.592s] EVENT ExtractionProgress { passage_index: 0, extractor: "Chromaprint", status: "running", timestamp: 1766331315 }
[  1930.592s] EVENT ExtractionProgress { passage_index: 0, extractor: "Chromaprint", status: "failed", timestamp: 1766331315 }
[  1930.592s] EVENT ExtractionProgress { passage_index: 0, extractor: "AudioDerived", status: "running", timestamp: 1766331315 }
[  1930.592s] EVENT ExtractionProgress { passage_index: 0, extractor: "AudioDerived", status: "failed", timestamp: 1766331315 }
[  1930.592s] EVENT ExtractionProgress { passage_index: 0, extractor: "ID3GenreMapper", status: "running", timestamp: 1766331315 }
[  1930.592s] EVENT ExtractionProgress { passage_index: 0, extractor: "ID3GenreMapper", status: "failed", timestamp: 1766331315 }
[  1930.592s] EVENT FusionStarted { passage_index: 0, timestamp: 1766331315 }
[  1930.593s] EVENT FusionStarted { passage_index: 0, timestamp: 1766331315 }
[  1930.593s] EVENT ValidationStarted { passage_index: 0, timestamp: 1766331315 }
[  1930.593s] EVENT PassageCompleted: passage #0
[  1930.593s] EVENT PassageStarted: passage #1
[  1930.593s] EVENT ExtractionProgress { passage_index: 1, extractor: "ID3", status: "running", timestamp: 1766331315 }
[  1930.593s] EVENT ExtractionProgress { passage_index: 1, extractor: "ID3", status: "completed", timestamp: 1766331315 }
[  1930.593s] EVENT ExtractionProgress { passage_index: 1, extractor: "Chromaprint", status: "running", timestamp: 1766331315 }
[  1930.593s] EVENT ExtractionProgress { passage_index: 1, extractor: "Chromaprint", status: "failed", timestamp: 1766331315 }
[  1930.593s] EVENT ExtractionProgress { passage_index: 1, extractor: "AudioDerived", status: "running", timestamp: 1766331315 }
[  1930.593s] EVENT ExtractionProgress { passage_index: 1, extractor: "AudioDerived", status: "failed", timestamp: 1766331315 }
[  1930.593s] EVENT ExtractionProgress { passage_index: 1, extractor: "ID3GenreMapper", status: "running", timestamp: 1766331315 }
[  1930.593s] EVENT ExtractionProgress { passage_index: 1, extractor: "ID3GenreMapper", status: "failed", timestamp: 1766331315 }
[  1930.593s] EVENT FusionStarted { passage_index: 1, timestamp: 1766331315 }
[  1930.593s] EVENT FusionStarted { passage_index: 1, timestamp: 1766331315 }
[  1930.593s] EVENT ValidationStarted { passage_index: 1, timestamp: 1766331315 }
[  1930.593s] EVENT PassageCompleted: passage #1
[  1930.593s] EVENT PassageStarted: passage #2
[  1930.593s] EVENT ExtractionProgress { passage_index: 2, extractor: "ID3", status: "running", timestamp: 1766331315 }
[  1930.593s] EVENT ExtractionProgress { passage_index: 2, extractor: "ID3", status: "completed", timestamp: 1766331315 }
[  1930.593s] EVENT ExtractionProgress { passage_index: 2, extractor: "Chromaprint", status: "running", timestamp: 1766331315 }
[  1930.593s] EVENT ExtractionProgress { passage_index: 2, extractor: "Chromaprint", status: "failed", timestamp: 1766331315 }
[  1930.593s] EVENT ExtractionProgress { passage_index: 2, extractor: "AudioDerived", status: "running", timestamp: 1766331315 }
[  1930.593s] EVENT ExtractionProgress { passage_index: 2, extractor: "AudioDerived", status: "failed", timestamp: 1766331315 }
[  1930.593s] EVENT ExtractionProgress { passage_index: 2, extractor: "ID3GenreMapper", status: "running", timestamp: 1766331315 }
[  1930.593s] EVENT ExtractionProgress { passage_index: 2, extractor: "ID3GenreMapper", status: "failed", timestamp: 1766331315 }
[  1930.593s] EVENT FusionStarted { passage_index: 2, timestamp: 1766331315 }
[  1930.593s] EVENT FusionStarted { passage_index: 2, timestamp: 1766331315 }
[  1930.593s] EVENT ValidationStarted { passage_index: 2, timestamp: 1766331315 }
[  1930.593s] EVENT PassageCompleted: passage #2
[  1930.593s] EVENT PassageStarted: passage #3
[  1930.593s] EVENT ExtractionProgress { passage_index: 3, extractor: "ID3", status: "running", timestamp: 1766331315 }
[  1930.593s] EVENT ExtractionProgress { passage_index: 3, extractor: "ID3", status: "completed", timestamp: 1766331315 }
[  1930.593s] EVENT ExtractionProgress { passage_index: 3, extractor: "Chromaprint", status: "running", timestamp: 1766331315 }
[  1930.593s] EVENT ExtractionProgress { passage_index: 3, extractor: "Chromaprint", status: "failed", timestamp: 1766331315 }
[  1930.593s] EVENT ExtractionProgress { passage_index: 3, extractor: "AudioDerived", status: "running", timestamp: 1766331315 }
[  1930.593s] EVENT ExtractionProgress { passage_index: 3, extractor: "AudioDerived", status: "failed", timestamp: 1766331315 }
[  1930.593s] EVENT ExtractionProgress { passage_index: 3, extractor: "ID3GenreMapper", status: "running", timestamp: 1766331315 }
[  1930.593s] EVENT ExtractionProgress { passage_index: 3, extractor: "ID3GenreMapper", status: "failed", timestamp: 1766331315 }
[  1930.593s] EVENT FusionStarted { passage_index: 3, timestamp: 1766331315 }
[  1930.593s] EVENT FusionStarted { passage_index: 3, timestamp: 1766331315 }
[  1930.593s] EVENT ValidationStarted { passage_index: 3, timestamp: 1766331315 }
[  1930.593s] EVENT PassageCompleted: passage #3
[  1930.593s] EVENT PassageStarted: passage #4
[  1930.593s] EVENT ExtractionProgress { passage_index: 4, extractor: "ID3", status: "running", timestamp: 1766331315 }
[  1930.593s] EVENT ExtractionProgress { passage_index: 4, extractor: "ID3", status: "completed", timestamp: 1766331315 }
[  1930.593s] EVENT ExtractionProgress { passage_index: 4, extractor: "Chromaprint", status: "running", timestamp: 1766331315 }
[  1930.593s] EVENT ExtractionProgress { passage_index: 4, extractor: "Chromaprint", status: "failed", timestamp: 1766331315 }
[  1930.593s] EVENT ExtractionProgress { passage_index: 4, extractor: "AudioDerived", status: "running", timestamp: 1766331315 }
[  1930.593s] EVENT ExtractionProgress { passage_index: 4, extractor: "AudioDerived", status: "failed", timestamp: 1766331315 }
[  1930.593s] EVENT ExtractionProgress { passage_index: 4, extractor: "ID3GenreMapper", status: "running", timestamp: 1766331315 }
[  1930.593s] EVENT ExtractionProgress { passage_index: 4, extractor: "ID3GenreMapper", status: "failed", timestamp: 1766331315 }
[  1930.593s] EVENT FusionStarted { passage_index: 4, timestamp: 1766331315 }
[  1930.593s] EVENT FusionStarted { passage_index: 4, timestamp: 1766331315 }
[  1930.593s] EVENT ValidationStarted { passage_index: 4, timestamp: 1766331315 }
[  1930.593s] EVENT PassageCompleted: passage #4
[  1930.593s] EVENT PassageStarted: passage #5
[  1930.593s] EVENT ExtractionProgress { passage_index: 5, extractor: "ID3", status: "running", timestamp: 1766331315 }
[  1930.593s] EVENT ExtractionProgress { passage_index: 5, extractor: "ID3", status: "completed", timestamp: 1766331315 }
[  1930.593s] EVENT ExtractionProgress { passage_index: 5, extractor: "Chromaprint", status: "running", timestamp: 1766331315 }
[  1930.593s] EVENT ExtractionProgress { passage_index: 5, extractor: "Chromaprint", status: "failed", timestamp: 1766331315 }
[  1930.593s] EVENT ExtractionProgress { passage_index: 5, extractor: "AudioDerived", status: "running", timestamp: 1766331315 }
[  1930.593s] EVENT ExtractionProgress { passage_index: 5, extractor: "AudioDerived", status: "failed", timestamp: 1766331315 }
[  1930.593s] EVENT ExtractionProgress { passage_index: 5, extractor: "ID3GenreMapper", status: "running", timestamp: 1766331315 }
[  1930.593s] EVENT ExtractionProgress { passage_index: 5, extractor: "ID3GenreMapper", status: "failed", timestamp: 1766331315 }
[  1930.593s] EVENT FusionStarted { passage_index: 5, timestamp: 1766331315 }
[  1930.593s] EVENT FusionStarted { passage_index: 5, timestamp: 1766331315 }
[  1930.593s] EVENT ValidationStarted { passage_index: 5, timestamp: 1766331315 }
[  1930.593s] EVENT PassageCompleted: passage #5
[  1930.593s] EVENT PassageStarted: passage #6
[  1930.593s] EVENT ExtractionProgress { passage_index: 6, extractor: "ID3", status: "running", timestamp: 1766331315 }
[  1930.593s] EVENT ExtractionProgress { passage_index: 6, extractor: "ID3", status: "completed", timestamp: 1766331315 }
[  1930.593s] EVENT ExtractionProgress { passage_index: 6, extractor: "Chromaprint", status: "running", timestamp: 1766331315 }
[  1930.593s] EVENT ExtractionProgress { passage_index: 6, extractor: "Chromaprint", status: "failed", timestamp: 1766331315 }
[  1930.593s] EVENT ExtractionProgress { passage_index: 6, extractor: "AudioDerived", status: "running", timestamp: 1766331315 }
[  1930.593s] EVENT ExtractionProgress { passage_index: 6, extractor: "AudioDerived", status: "failed", timestamp: 1766331315 }
[  1930.593s] EVENT ExtractionProgress { passage_index: 6, extractor: "ID3GenreMapper", status: "running", timestamp: 1766331315 }
[  1930.593s] EVENT ExtractionProgress { passage_index: 6, extractor: "ID3GenreMapper", status: "failed", timestamp: 1766331315 }
[  1930.593s] EVENT FusionStarted { passage_index: 6, timestamp: 1766331315 }
[  1930.593s] EVENT FusionStarted { passage_index: 6, timestamp: 1766331315 }
[  1930.593s] EVENT ValidationStarted { passage_index: 6, timestamp: 1766331315 }
[  1930.593s] EVENT PassageCompleted: passage #6
[  1930.593s] EVENT PassageStarted: passage #7
[  1930.593s] EVENT ExtractionProgress { passage_index: 7, extractor: "ID3", status: "running", timestamp: 1766331315 }
[  1930.593s] EVENT ExtractionProgress { passage_index: 7, extractor: "ID3", status: "completed", timestamp: 1766331315 }
[  1930.593s] EVENT ExtractionProgress { passage_index: 7, extractor: "Chromaprint", status: "running", timestamp: 1766331315 }
[  1930.593s] EVENT ExtractionProgress { passage_index: 7, extractor: "Chromaprint", status: "failed", timestamp: 1766331315 }
[  1930.603s] EVENT ExtractionProgress { passage_index: 7, extractor: "AudioDerived", status: "running", timestamp: 1766331315 }
[  1930.603s] EVENT ExtractionProgress { passage_index: 7, extractor: "AudioDerived", status: "failed", timestamp: 1766331315 }
[  1930.603s] EVENT ExtractionProgress { passage_index: 7, extractor: "ID3GenreMapper", status: "running", timestamp: 1766331315 }
[  1930.603s] EVENT ExtractionProgress { passage_index: 7, extractor: "ID3GenreMapper", status: "failed", timestamp: 1766331315 }
[  1930.603s] EVENT FusionStarted { passage_index: 7, timestamp: 1766331315 }
[  1930.603s] EVENT FusionStarted { passage_index: 7, timestamp: 1766331315 }
[  1930.603s] EVENT ValidationStarted { passage_index: 7, timestamp: 1766331315 }
[  1930.603s] EVENT PassageCompleted: passage #7
[  1930.603s] EVENT PassageStarted: passage #8
[  1930.603s] EVENT ExtractionProgress { passage_index: 8, extractor: "ID3", status: "running", timestamp: 1766331315 }
[  1930.603s] EVENT ExtractionProgress { passage_index: 8, extractor: "ID3", status: "completed", timestamp: 1766331315 }
[  1930.603s] EVENT ExtractionProgress { passage_index: 8, extractor: "Chromaprint", status: "running", timestamp: 1766331315 }
[  1930.603s] EVENT ExtractionProgress { passage_index: 8, extractor: "Chromaprint", status: "failed", timestamp: 1766331315 }
[  1930.603s] EVENT ExtractionProgress { passage_index: 8, extractor: "AudioDerived", status: "running", timestamp: 1766331315 }
[  1930.603s] EVENT ExtractionProgress { passage_index: 8, extractor: "AudioDerived", status: "failed", timestamp: 1766331315 }
[  1930.603s] EVENT ExtractionProgress { passage_index: 8, extractor: "ID3GenreMapper", status: "running", timestamp: 1766331315 }
[  1930.603s] EVENT ExtractionProgress { passage_index: 8, extractor: "ID3GenreMapper", status: "failed", timestamp: 1766331315 }
[  1930.603s] EVENT FusionStarted { passage_index: 8, timestamp: 1766331315 }
[  1930.603s] EVENT FusionStarted { passage_index: 8, timestamp: 1766331315 }
[  1930.603s] EVENT ValidationStarted { passage_index: 8, timestamp: 1766331315 }
[  1930.603s] EVENT PassageCompleted: passage #8
[  1930.603s] EVENT PassageStarted: passage #9
[  1930.603s] EVENT ExtractionProgress { passage_index: 9, extractor: "ID3", status: "running", timestamp: 1766331315 }
[  1930.603s] EVENT ExtractionProgress { passage_index: 9, extractor: "ID3", status: "completed", timestamp: 1766331315 }
[  1930.603s] EVENT ExtractionProgress { passage_index: 9, extractor: "Chromaprint", status: "running", timestamp: 1766331315 }
[  1930.603s] EVENT ExtractionProgress { passage_index: 9, extractor: "Chromaprint", status: "failed", timestamp: 1766331315 }
[  1930.603s] EVENT ExtractionProgress { passage_index: 9, extractor: "AudioDerived", status: "running", timestamp: 1766331315 }
[  1930.603s] EVENT ExtractionProgress { passage_index: 9, extractor: "AudioDerived", status: "failed", timestamp: 1766331315 }
[  1930.603s] EVENT ExtractionProgress { passage_index: 9, extractor: "ID3GenreMapper", status: "running", timestamp: 1766331315 }
[  1930.603s] EVENT ExtractionProgress { passage_index: 9, extractor: "ID3GenreMapper", status: "failed", timestamp: 1766331315 }
[  1930.603s] EVENT FusionStarted { passage_index: 9, timestamp: 1766331315 }
[  1930.603s] EVENT FusionStarted { passage_index: 9, timestamp: 1766331315 }
[  1930.603s] EVENT ValidationStarted { passage_index: 9, timestamp: 1766331315 }
[  1930.603s] EVENT PassageCompleted: passage #9
[  1930.603s] EVENT PassageStarted: passage #10
[  1930.603s] EVENT ExtractionProgress { passage_index: 10, extractor: "ID3", status: "running", timestamp: 1766331315 }
[  1930.603s] EVENT ExtractionProgress { passage_index: 10, extractor: "ID3", status: "completed", timestamp: 1766331315 }
[  1930.603s] EVENT ExtractionProgress { passage_index: 10, extractor: "Chromaprint", status: "running", timestamp: 1766331315 }
[  1930.603s] EVENT ExtractionProgress { passage_index: 10, extractor: "Chromaprint", status: "failed", timestamp: 1766331315 }
[  1930.603s] EVENT ExtractionProgress { passage_index: 10, extractor: "AudioDerived", status: "running", timestamp: 1766331315 }
[  1930.603s] EVENT ExtractionProgress { passage_index: 10, extractor: "AudioDerived", status: "failed", timestamp: 1766331315 }
[  1930.603s] EVENT ExtractionProgress { passage_index: 10, extractor: "ID3GenreMapper", status: "running", timestamp: 1766331315 }
[  1930.603s] EVENT ExtractionProgress { passage_index: 10, extractor: "ID3GenreMapper", status: "failed", timestamp: 1766331315 }
[  1930.603s] EVENT FusionStarted { passage_index: 10, timestamp: 1766331315 }
[  1930.604s] EVENT FusionStarted { passage_index: 10, timestamp: 1766331315 }
[  1930.604s] EVENT ValidationStarted { passage_index: 10, timestamp: 1766331315 }
[  1930.604s] EVENT PassageCompleted: passage #10
[  1930.604s] EVENT PassageStarted: passage #11
[  1930.604s] EVENT ExtractionProgress { passage_index: 11, extractor: "ID3", status: "running", timestamp: 1766331315 }
[  1930.604s] EVENT ExtractionProgress { passage_index: 11, extractor: "ID3", status: "completed", timestamp: 1766331315 }
[  1930.604s] EVENT ExtractionProgress { passage_index: 11, extractor: "Chromaprint", status: "running", timestamp: 1766331315 }
[  1930.604s] EVENT ExtractionProgress { passage_index: 11, extractor: "Chromaprint", status: "failed", timestamp: 1766331315 }
[  1930.604s] EVENT ExtractionProgress { passage_index: 11, extractor: "AudioDerived", status: "running", timestamp: 1766331315 }
[  1930.604s] EVENT ExtractionProgress { passage_index: 11, extractor: "AudioDerived", status: "failed", timestamp: 1766331315 }
[  1930.604s] EVENT ExtractionProgress { passage_index: 11, extractor: "ID3GenreMapper", status: "running", timestamp: 1766331315 }
[  1930.604s] EVENT ExtractionProgress { passage_index: 11, extractor: "ID3GenreMapper", status: "failed", timestamp: 1766331315 }
[  1930.604s] EVENT FusionStarted { passage_index: 11, timestamp: 1766331315 }
[  1930.604s] EVENT FusionStarted { passage_index: 11, timestamp: 1766331315 }
[  1930.604s] EVENT ValidationStarted { passage_index: 11, timestamp: 1766331315 }
[  1930.604s] EVENT PassageCompleted: passage #11
[  1930.604s] EVENT PassageStarted: passage #12
[  1930.604s] EVENT ExtractionProgress { passage_index: 12, extractor: "ID3", status: "running", timestamp: 1766331315 }
[  1930.604s] EVENT ExtractionProgress { passage_index: 12, extractor: "ID3", status: "completed", timestamp: 1766331315 }
[  1930.604s] EVENT ExtractionProgress { passage_index: 12, extractor: "Chromaprint", status: "running", timestamp: 1766331315 }
[  1930.604s] EVENT ExtractionProgress { passage_index: 12, extractor: "Chromaprint", status: "failed", timestamp: 1766331315 }
[  1930.604s] EVENT ExtractionProgress { passage_index: 12, extractor: "AudioDerived", status: "running", timestamp: 1766331315 }
[  1930.604s] EVENT ExtractionProgress { passage_index: 12, extractor: "AudioDerived", status: "failed", timestamp: 1766331315 }
[  1930.604s] EVENT ExtractionProgress { passage_index: 12, extractor: "ID3GenreMapper", status: "running", timestamp: 1766331315 }
[  1930.604s] EVENT ExtractionProgress { passage_index: 12, extractor: "ID3GenreMapper", status: "failed", timestamp: 1766331315 }
[  1930.604s] EVENT FusionStarted { passage_index: 12, timestamp: 1766331315 }
[  1930.604s] EVENT FusionStarted { passage_index: 12, timestamp: 1766331315 }
[  1930.604s] EVENT ValidationStarted { passage_index: 12, timestamp: 1766331315 }
[  1930.604s] EVENT PassageCompleted: passage #12
[  1930.604s] EVENT PassageStarted: passage #13
[  1930.604s] EVENT ExtractionProgress { passage_index: 13, extractor: "ID3", status: "running", timestamp: 1766331315 }
[  1930.604s] EVENT ExtractionProgress { passage_index: 13, extractor: "ID3", status: "completed", timestamp: 1766331315 }
[  1930.604s] EVENT ExtractionProgress { passage_index: 13, extractor: "Chromaprint", status: "running", timestamp: 1766331315 }
[  1930.604s] EVENT ExtractionProgress { passage_index: 13, extractor: "Chromaprint", status: "failed", timestamp: 1766331315 }
[  1930.604s] EVENT ExtractionProgress { passage_index: 13, extractor: "AudioDerived", status: "running", timestamp: 1766331315 }
[  1930.604s] EVENT ExtractionProgress { passage_index: 13, extractor: "AudioDerived", status: "failed", timestamp: 1766331315 }
[  1930.604s] EVENT ExtractionProgress { passage_index: 13, extractor: "ID3GenreMapper", status: "running", timestamp: 1766331315 }
[  1930.604s] EVENT ExtractionProgress { passage_index: 13, extractor: "ID3GenreMapper", status: "failed", timestamp: 1766331315 }
[  1930.604s] EVENT FusionStarted { passage_index: 13, timestamp: 1766331315 }
[  1930.604s] EVENT FusionStarted { passage_index: 13, timestamp: 1766331315 }
[  1930.604s] EVENT ValidationStarted { passage_index: 13, timestamp: 1766331315 }
[  1930.604s] EVENT PassageCompleted: passage #13
[  1930.604s] EVENT PassageStarted: passage #14
[  1930.604s] EVENT ExtractionProgress { passage_index: 14, extractor: "ID3", status: "running", timestamp: 1766331315 }
[  1930.604s] EVENT ExtractionProgress { passage_index: 14, extractor: "ID3", status: "completed", timestamp: 1766331315 }
[  1930.604s] EVENT ExtractionProgress { passage_index: 14, extractor: "Chromaprint", status: "running", timestamp: 1766331315 }
[  1930.604s] EVENT ExtractionProgress { passage_index: 14, extractor: "Chromaprint", status: "failed", timestamp: 1766331315 }
[  1930.604s] EVENT ExtractionProgress { passage_index: 14, extractor: "AudioDerived", status: "running", timestamp: 1766331315 }
[  1930.604s] EVENT ExtractionProgress { passage_index: 14, extractor: "AudioDerived", status: "failed", timestamp: 1766331315 }
[  1930.604s] EVENT ExtractionProgress { passage_index: 14, extractor: "ID3GenreMapper", status: "running", timestamp: 1766331315 }
[  1930.604s] EVENT ExtractionProgress { passage_index: 14, extractor: "ID3GenreMapper", status: "failed", timestamp: 1766331315 }
[  1930.604s] EVENT FusionStarted { passage_index: 14, timestamp: 1766331315 }
[  1930.604s] EVENT FusionStarted { passage_index: 14, timestamp: 1766331315 }
[  1930.604s] EVENT ValidationStarted { passage_index: 14, timestamp: 1766331315 }
[  1930.604s] EVENT PassageCompleted: passage #14
[  1930.604s] EVENT PassageStarted: passage #15
[  1930.604s] EVENT ExtractionProgress { passage_index: 15, extractor: "ID3", status: "running", timestamp: 1766331315 }
[  1930.604s] EVENT ExtractionProgress { passage_index: 15, extractor: "ID3", status: "completed", timestamp: 1766331315 }
[  1930.604s] EVENT ExtractionProgress { passage_index: 15, extractor: "Chromaprint", status: "running", timestamp: 1766331315 }
[  1930.604s] EVENT ExtractionProgress { passage_index: 15, extractor: "Chromaprint", status: "failed", timestamp: 1766331315 }
[  1930.604s] EVENT ExtractionProgress { passage_index: 15, extractor: "AudioDerived", status: "running", timestamp: 1766331315 }
[  1930.605s] FILE_COMPLETE [45/5737] HappyNation.mp3 - 16 passages in 810.18s (total_elapsed: 1930.6s)
[  1930.605s] FILE_START [46/5737] (Aerosmith)Single-03-Angel.mp3
[  1930.608s] EVENT ExtractionProgress { passage_index: 15, extractor: "AudioDerived", status: "failed", timestamp: 1766331315 }
[  1930.608s] EVENT ExtractionProgress { passage_index: 15, extractor: "ID3GenreMapper", status: "running", timestamp: 1766331315 }
[  1930.608s] EVENT ExtractionProgress { passage_index: 15, extractor: "ID3GenreMapper", status: "failed", timestamp: 1766331315 }
[  1930.608s] EVENT FusionStarted { passage_index: 15, timestamp: 1766331315 }
[  1930.608s] EVENT FusionStarted { passage_index: 15, timestamp: 1766331315 }
[  1930.608s] EVENT ValidationStarted { passage_index: 15, timestamp: 1766331315 }
[  1930.608s] EVENT PassageCompleted: passage #15
[  1930.608s] EVENT FileCompleted: "C:\\Users\\Mango Cat\\Music\\Ace of Base\\HappyNation.mp3"
[  1930.608s] EVENT FileStarted: "C:\\Users\\Mango Cat\\Music\\Aerosmith\\(Aerosmith)Single-03-Angel.mp3"
[  1930.608s] EVENT SingleTrackCheckCompleted { file_path: "C:\\Users\\Mango Cat\\Music\\Aerosmith\\(Aerosmith)Single-03-Angel.mp3", score: 1.3, is_single_track: true }
[  1964.248s] EVENT BoundaryDetected { passage_index: 0, start_time: 0, end_time: 8788377600, confidence: 0.5, timestamp: 1766331348 }
[  1964.248s] EVENT PassageStarted: passage #0
[  1964.248s] EVENT ExtractionProgress { passage_index: 0, extractor: "ID3", status: "running", timestamp: 1766331348 }
[  1964.248s] EVENT ExtractionProgress { passage_index: 0, extractor: "ID3", status: "completed", timestamp: 1766331348 }
[  1964.248s] EVENT ExtractionProgress { passage_index: 0, extractor: "Chromaprint", status: "running", timestamp: 1766331348 }
[  1965.012s] EVENT ExtractionProgress { passage_index: 0, extractor: "Chromaprint", status: "completed", timestamp: 1766331349 }
[  1965.012s] EVENT ExtractionProgress { passage_index: 0, extractor: "AudioDerived", status: "running", timestamp: 1766331349 }
[  1966.385s] EVENT ExtractionProgress { passage_index: 0, extractor: "AudioDerived", status: "completed", timestamp: 1766331351 }
[  1966.385s] EVENT ExtractionProgress { passage_index: 0, extractor: "ID3GenreMapper", status: "running", timestamp: 1766331351 }
[  1966.385s] EVENT ExtractionProgress { passage_index: 0, extractor: "ID3GenreMapper", status: "completed", timestamp: 1766331351 }
[  1966.385s] EVENT FusionStarted { passage_index: 0, timestamp: 1766331351 }
[  1966.385s] EVENT ExtractionProgress { passage_index: 0, extractor: "MusicBrainz-Pass2", status: "running", timestamp: 1766331351 }
[  1966.393s] FILE_COMPLETE [46/5737] (Aerosmith)Single-03-Angel.mp3 - 1 passages in 35.79s (total_elapsed: 1966.4s)
[  1966.393s] FILE_START [47/5737] Pump.mp3
[  1966.402s] EVENT ExtractionProgress { passage_index: 0, extractor: "MusicBrainz-Pass2", status: "completed", timestamp: 1766331351 }
[  1966.402s] EVENT FusionStarted { passage_index: 0, timestamp: 1766331351 }
[  1966.402s] EVENT ValidationStarted { passage_index: 0, timestamp: 1766331351 }
[  1966.402s] EVENT PassageCompleted: passage #0
[  1966.402s] EVENT FileCompleted: "C:\\Users\\Mango Cat\\Music\\Aerosmith\\(Aerosmith)Single-03-Angel.mp3"
[  1966.402s] EVENT FileStarted: "C:\\Users\\Mango Cat\\Music\\Aerosmith\\Pump.mp3"
[  1966.402s] EVENT SingleTrackCheckCompleted { file_path: "C:\\Users\\Mango Cat\\Music\\Aerosmith\\Pump.mp3", score: 0.3, is_single_track: false }
[  1966.402s] EVENT AlbumMatchingStarted: "C:\\Users\\Mango Cat\\Music\\Aerosmith\\Pump.mp3"
[  2288.694s] FILE_COMPLETE [47/5737] Pump.mp3 - 10 passages in 322.30s (total_elapsed: 2288.7s)
[  2288.695s] FILE_START [48/5737] (Aerosmith)Toys_In_The_Attic-01-Toys_In_The_Attic.mp3
[  2288.699s] EVENT AlbumMatchingCompleted: "C:\\Users\\Mango Cat\\Music\\Aerosmith\\Pump.mp3"
[  2288.699s] EVENT BoundaryDetected { passage_index: 0, start_time: 0, end_time: 7277558400, confidence: 0.95, timestamp: 1766331673 }
[  2288.699s] EVENT PassageStarted: passage #0
[  2288.699s] EVENT PassageCompleted: passage #0
[  2288.699s] EVENT BoundaryDetected { passage_index: 1, start_time: 7277558400, end_time: 14334969600, confidence: 0.95, timestamp: 1766331673 }
[  2288.699s] EVENT PassageStarted: passage #1
[  2288.699s] EVENT PassageCompleted: passage #1
[  2288.699s] EVENT BoundaryDetected { passage_index: 2, start_time: 14334969600, end_time: 23905728000, confidence: 0.95, timestamp: 1766331673 }
[  2288.699s] EVENT PassageStarted: passage #2
[  2288.699s] EVENT PassageCompleted: passage #2
[  2288.699s] EVENT BoundaryDetected { passage_index: 3, start_time: 23905728000, end_time: 30639974399, confidence: 0.95, timestamp: 1766331673 }
[  2288.699s] EVENT PassageStarted: passage #3
[  2288.699s] EVENT PassageCompleted: passage #3
[  2288.699s] EVENT BoundaryDetected { passage_index: 4, start_time: 30639974399, end_time: 40241779200, confidence: 0.95, timestamp: 1766331673 }
[  2288.699s] EVENT PassageStarted: passage #4
[  2288.699s] EVENT PassageCompleted: passage #4
[  2288.699s] EVENT BoundaryDetected { passage_index: 5, start_time: 40241779200, end_time: 48597494400, confidence: 0.95, timestamp: 1766331673 }
[  2288.699s] EVENT PassageStarted: passage #5
[  2288.699s] EVENT PassageCompleted: passage #5
[  2288.699s] EVENT BoundaryDetected { passage_index: 6, start_time: 48597494400, end_time: 53934652799, confidence: 0.95, timestamp: 1766331673 }
[  2288.699s] EVENT PassageStarted: passage #6
[  2288.699s] EVENT PassageCompleted: passage #6
[  2288.699s] EVENT BoundaryDetected { passage_index: 7, start_time: 53934652799, end_time: 62091388799, confidence: 0.95, timestamp: 1766331673 }
[  2288.699s] EVENT PassageStarted: passage #7
[  2288.699s] EVENT PassageCompleted: passage #7
[  2288.699s] EVENT BoundaryDetected { passage_index: 8, start_time: 62091388799, end_time: 69639897599, confidence: 0.95, timestamp: 1766331673 }
[  2288.699s] EVENT PassageStarted: passage #8
[  2288.699s] EVENT PassageCompleted: passage #8
[  2288.699s] EVENT BoundaryDetected { passage_index: 9, start_time: 69639897599, end_time: 80663592960, confidence: 0.95, timestamp: 1766331673 }
[  2288.699s] EVENT PassageStarted: passage #9
[  2288.699s] EVENT PassageCompleted: passage #9
[  2288.699s] EVENT FileStarted: "C:\\Users\\Mango Cat\\Music\\Aerosmith\\Toys_In_The_Attic\\(Aerosmith)Toys_In_The_Attic-01-Toys_In_The_Attic.mp3"
[  2288.699s] EVENT SingleTrackCheckCompleted { file_path: "C:\\Users\\Mango Cat\\Music\\Aerosmith\\Toys_In_The_Attic\\(Aerosmith)Toys_In_The_Attic-01-Toys_In_The_Attic.mp3", score: 1.8, is_single_track: true }
[  2308.739s] EVENT BoundaryDetected { passage_index: 0, start_time: 0, end_time: 5270814720, confidence: 0.5, timestamp: 1766331693 }
[  2308.739s] EVENT PassageStarted: passage #0
[  2308.739s] EVENT ExtractionProgress { passage_index: 0, extractor: "ID3", status: "running", timestamp: 1766331693 }
[  2308.739s] EVENT ExtractionProgress { passage_index: 0, extractor: "ID3", status: "completed", timestamp: 1766331693 }
[  2308.739s] EVENT ExtractionProgress { passage_index: 0, extractor: "Chromaprint", status: "running", timestamp: 1766331693 }
[  2309.238s] EVENT ExtractionProgress { passage_index: 0, extractor: "Chromaprint", status: "completed", timestamp: 1766331693 }
[  2309.238s] EVENT ExtractionProgress { passage_index: 0, extractor: "AudioDerived", status: "running", timestamp: 1766331693 }
[  2310.052s] FILE_COMPLETE [48/5737] (Aerosmith)Toys_In_The_Attic-01-Toys_In_The_Attic.mp3 - 1 passages in 21.36s (total_elapsed: 2310.0s)
[  2310.052s] FILE_START [49/5737] (Aerosmith)Toys_In_The_Attic-02-Uncle_Salty.mp3
[  2310.053s] EVENT ExtractionProgress { passage_index: 0, extractor: "AudioDerived", status: "completed", timestamp: 1766331694 }
[  2310.053s] EVENT ExtractionProgress { passage_index: 0, extractor: "ID3GenreMapper", status: "running", timestamp: 1766331694 }
[  2310.053s] EVENT ExtractionProgress { passage_index: 0, extractor: "ID3GenreMapper", status: "completed", timestamp: 1766331694 }
[  2310.053s] EVENT FusionStarted { passage_index: 0, timestamp: 1766331694 }
[  2310.053s] EVENT ExtractionProgress { passage_index: 0, extractor: "MusicBrainz-Pass2", status: "running", timestamp: 1766331694 }
[  2310.053s] EVENT ExtractionProgress { passage_index: 0, extractor: "MusicBrainz-Pass2", status: "completed", timestamp: 1766331694 }
[  2310.053s] EVENT FusionStarted { passage_index: 0, timestamp: 1766331694 }
[  2310.053s] EVENT ValidationStarted { passage_index: 0, timestamp: 1766331694 }
[  2310.053s] EVENT PassageCompleted: passage #0
[  2310.053s] EVENT FileCompleted: "C:\\Users\\Mango Cat\\Music\\Aerosmith\\Toys_In_The_Attic\\(Aerosmith)Toys_In_The_Attic-01-Toys_In_The_Attic.mp3"
[  2310.053s] EVENT FileStarted: "C:\\Users\\Mango Cat\\Music\\Aerosmith\\Toys_In_The_Attic\\(Aerosmith)Toys_In_The_Attic-02-Uncle_Salty.mp3"
[  2310.053s] EVENT SingleTrackCheckCompleted { file_path: "C:\\Users\\Mango Cat\\Music\\Aerosmith\\Toys_In_The_Attic\\(Aerosmith)Toys_In_The_Attic-02-Uncle_Salty.mp3", score: 1.8, is_single_track: true }
[  2336.982s] EVENT BoundaryDetected { passage_index: 0, start_time: 0, end_time: 7073464320, confidence: 0.5, timestamp: 1766331721 }
[  2336.982s] EVENT PassageStarted: passage #0
[  2336.982s] EVENT ExtractionProgress { passage_index: 0, extractor: "ID3", status: "running", timestamp: 1766331721 }
[  2336.982s] EVENT ExtractionProgress { passage_index: 0, extractor: "ID3", status: "completed", timestamp: 1766331721 }
[  2336.982s] EVENT ExtractionProgress { passage_index: 0, extractor: "Chromaprint", status: "running", timestamp: 1766331721 }
[  2337.592s] EVENT ExtractionProgress { passage_index: 0, extractor: "Chromaprint", status: "completed", timestamp: 1766331722 }
[  2337.592s] EVENT ExtractionProgress { passage_index: 0, extractor: "AudioDerived", status: "running", timestamp: 1766331722 }
[  2338.673s] EVENT ExtractionProgress { passage_index: 0, extractor: "AudioDerived", status: "completed", timestamp: 1766331723 }
[  2338.673s] EVENT ExtractionProgress { passage_index: 0, extractor: "ID3GenreMapper", status: "running", timestamp: 1766331723 }
[  2338.673s] EVENT ExtractionProgress { passage_index: 0, extractor: "ID3GenreMapper", status: "completed", timestamp: 1766331723 }
[  2338.673s] EVENT FusionStarted { passage_index: 0, timestamp: 1766331723 }
[  2338.673s] EVENT ExtractionProgress { passage_index: 0, extractor: "MusicBrainz-Pass2", status: "running", timestamp: 1766331723 }
[  2338.679s] FILE_COMPLETE [49/5737] (Aerosmith)Toys_In_The_Attic-02-Uncle_Salty.mp3 - 1 passages in 28.63s (total_elapsed: 2338.7s)
[  2338.679s] FILE_START [50/5737] (Aerosmith)Toys_In_The_Attic-03-Adam's_Apple.mp3
[  2338.681s] EVENT ExtractionProgress { passage_index: 0, extractor: "MusicBrainz-Pass2", status: "completed", timestamp: 1766331723 }
[  2338.681s] EVENT FusionStarted { passage_index: 0, timestamp: 1766331723 }
[  2338.681s] EVENT ValidationStarted { passage_index: 0, timestamp: 1766331723 }
[  2338.681s] EVENT PassageCompleted: passage #0
[  2338.681s] EVENT FileCompleted: "C:\\Users\\Mango Cat\\Music\\Aerosmith\\Toys_In_The_Attic\\(Aerosmith)Toys_In_The_Attic-02-Uncle_Salty.mp3"
[  2338.681s] EVENT FileStarted: "C:\\Users\\Mango Cat\\Music\\Aerosmith\\Toys_In_The_Attic\\(Aerosmith)Toys_In_The_Attic-03-Adam's_Apple.mp3"
[  2338.681s] EVENT SingleTrackCheckCompleted { file_path: "C:\\Users\\Mango Cat\\Music\\Aerosmith\\Toys_In_The_Attic\\(Aerosmith)Toys_In_The_Attic-03-Adam's_Apple.mp3", score: 1.8, is_single_track: true }
[  2368.402s] EVENT BoundaryDetected { passage_index: 0, start_time: 0, end_time: 7753973760, confidence: 0.5, timestamp: 1766331752 }
[  2368.402s] EVENT PassageStarted: passage #0
[  2368.402s] EVENT ExtractionProgress { passage_index: 0, extractor: "ID3", status: "running", timestamp: 1766331753 }
[  2368.402s] EVENT ExtractionProgress { passage_index: 0, extractor: "ID3", status: "completed", timestamp: 1766331753 }
[  2368.402s] EVENT ExtractionProgress { passage_index: 0, extractor: "Chromaprint", status: "running", timestamp: 1766331753 }
[  2369.089s] EVENT ExtractionProgress { passage_index: 0, extractor: "Chromaprint", status: "completed", timestamp: 1766331753 }
[  2369.089s] EVENT ExtractionProgress { passage_index: 0, extractor: "AudioDerived", status: "running", timestamp: 1766331753 }
[  2370.288s] EVENT ExtractionProgress { passage_index: 0, extractor: "AudioDerived", status: "completed", timestamp: 1766331754 }
[  2370.288s] EVENT ExtractionProgress { passage_index: 0, extractor: "ID3GenreMapper", status: "running", timestamp: 1766331754 }
[  2370.288s] EVENT ExtractionProgress { passage_index: 0, extractor: "ID3GenreMapper", status: "completed", timestamp: 1766331754 }
[  2370.288s] EVENT FusionStarted { passage_index: 0, timestamp: 1766331754 }
[  2370.288s] EVENT ExtractionProgress { passage_index: 0, extractor: "MusicBrainz-Pass2", status: "running", timestamp: 1766331754 }
[  2370.295s] FILE_COMPLETE [50/5737] (Aerosmith)Toys_In_The_Attic-03-Adam's_Apple.mp3 - 1 passages in 31.62s (total_elapsed: 2370.3s)
[  2370.295s] PROGRESS 50/5737 (0.9%) - 0.02 files/sec - ETA: 4493.3min
[  2370.295s] FILE_START [51/5737] (Aerosmith)Toys_In_The_Attic-04-Walk_This_Way.mp3
[  2370.302s] EVENT ExtractionProgress { passage_index: 0, extractor: "MusicBrainz-Pass2", status: "completed", timestamp: 1766331754 }
[  2370.302s] EVENT FusionStarted { passage_index: 0, timestamp: 1766331754 }
[  2370.302s] EVENT ValidationStarted { passage_index: 0, timestamp: 1766331754 }
[  2370.302s] EVENT PassageCompleted: passage #0
[  2370.302s] EVENT FileCompleted: "C:\\Users\\Mango Cat\\Music\\Aerosmith\\Toys_In_The_Attic\\(Aerosmith)Toys_In_The_Attic-03-Adam's_Apple.mp3"
[  2370.302s] EVENT FileStarted: "C:\\Users\\Mango Cat\\Music\\Aerosmith\\Toys_In_The_Attic\\(Aerosmith)Toys_In_The_Attic-04-Walk_This_Way.mp3"
[  2370.302s] EVENT SingleTrackCheckCompleted { file_path: "C:\\Users\\Mango Cat\\Music\\Aerosmith\\Toys_In_The_Attic\\(Aerosmith)Toys_In_The_Attic-04-Walk_This_Way.mp3", score: 1.8, is_single_track: true }
[  2394.272s] EVENT BoundaryDetected { passage_index: 0, start_time: 0, end_time: 6241812480, confidence: 0.5, timestamp: 1766331778 }
[  2394.272s] EVENT PassageStarted: passage #0
[  2394.272s] EVENT ExtractionProgress { passage_index: 0, extractor: "ID3", status: "running", timestamp: 1766331778 }
[  2394.272s] EVENT ExtractionProgress { passage_index: 0, extractor: "ID3", status: "completed", timestamp: 1766331778 }
[  2394.272s] EVENT ExtractionProgress { passage_index: 0, extractor: "Chromaprint", status: "running", timestamp: 1766331778 }
[  2394.848s] EVENT ExtractionProgress { passage_index: 0, extractor: "Chromaprint", status: "completed", timestamp: 1766331779 }
[  2394.848s] EVENT ExtractionProgress { passage_index: 0, extractor: "AudioDerived", status: "running", timestamp: 1766331779 }
[  2395.817s] EVENT ExtractionProgress { passage_index: 0, extractor: "AudioDerived", status: "completed", timestamp: 1766331780 }
[  2395.817s] EVENT ExtractionProgress { passage_index: 0, extractor: "ID3GenreMapper", status: "running", timestamp: 1766331780 }
[  2395.817s] EVENT ExtractionProgress { passage_index: 0, extractor: "ID3GenreMapper", status: "completed", timestamp: 1766331780 }
[  2395.817s] EVENT FusionStarted { passage_index: 0, timestamp: 1766331780 }
[  2395.817s] EVENT ExtractionProgress { passage_index: 0, extractor: "MusicBrainz-Pass2", status: "running", timestamp: 1766331780 }
[  2395.823s] FILE_COMPLETE [51/5737] (Aerosmith)Toys_In_The_Attic-04-Walk_This_Way.mp3 - 1 passages in 25.53s (total_elapsed: 2395.8s)
[  2395.823s] FILE_START [52/5737] (Aerosmith)Toys_In_The_Attic-05-Big_Ten_Inch_Record.mp3
[  2395.825s] EVENT ExtractionProgress { passage_index: 0, extractor: "MusicBrainz-Pass2", status: "completed", timestamp: 1766331780 }
[  2395.825s] EVENT FusionStarted { passage_index: 0, timestamp: 1766331780 }
[  2395.825s] EVENT ValidationStarted { passage_index: 0, timestamp: 1766331780 }
[  2395.825s] EVENT PassageCompleted: passage #0
[  2395.825s] EVENT FileCompleted: "C:\\Users\\Mango Cat\\Music\\Aerosmith\\Toys_In_The_Attic\\(Aerosmith)Toys_In_The_Attic-04-Walk_This_Way.mp3"
[  2395.825s] EVENT FileStarted: "C:\\Users\\Mango Cat\\Music\\Aerosmith\\Toys_In_The_Attic\\(Aerosmith)Toys_In_The_Attic-05-Big_Ten_Inch_Record.mp3"
[  2395.825s] EVENT SingleTrackCheckCompleted { file_path: "C:\\Users\\Mango Cat\\Music\\Aerosmith\\Toys_In_The_Attic\\(Aerosmith)Toys_In_The_Attic-05-Big_Ten_Inch_Record.mp3", score: 1.8, is_single_track: true }
[  2410.189s] EVENT BoundaryDetected { passage_index: 0, start_time: 0, end_time: 3784458240, confidence: 0.5, timestamp: 1766331794 }
[  2410.189s] EVENT PassageStarted: passage #0
[  2410.189s] EVENT ExtractionProgress { passage_index: 0, extractor: "ID3", status: "running", timestamp: 1766331794 }
[  2410.189s] EVENT ExtractionProgress { passage_index: 0, extractor: "ID3", status: "completed", timestamp: 1766331794 }
[  2410.189s] EVENT ExtractionProgress { passage_index: 0, extractor: "Chromaprint", status: "running", timestamp: 1766331794 }
[  2410.520s] EVENT ExtractionProgress { passage_index: 0, extractor: "Chromaprint", status: "completed", timestamp: 1766331795 }
[  2410.521s] EVENT ExtractionProgress { passage_index: 0, extractor: "AudioDerived", status: "running", timestamp: 1766331795 }
[  2411.105s] FILE_COMPLETE [52/5737] (Aerosmith)Toys_In_The_Attic-05-Big_Ten_Inch_Record.mp3 - 1 passages in 15.28s (total_elapsed: 2411.1s)
[  2411.105s] FILE_START [53/5737] (Aerosmith)Toys_In_The_Attic-06-Sweet_Emotion.mp3
[  2411.107s] EVENT ExtractionProgress { passage_index: 0, extractor: "AudioDerived", status: "completed", timestamp: 1766331795 }
[  2411.107s] EVENT ExtractionProgress { passage_index: 0, extractor: "ID3GenreMapper", status: "running", timestamp: 1766331795 }
[  2411.107s] EVENT ExtractionProgress { passage_index: 0, extractor: "ID3GenreMapper", status: "completed", timestamp: 1766331795 }
[  2411.107s] EVENT FusionStarted { passage_index: 0, timestamp: 1766331795 }
[  2411.107s] EVENT ExtractionProgress { passage_index: 0, extractor: "MusicBrainz-Pass2", status: "running", timestamp: 1766331795 }
[  2411.107s] EVENT ExtractionProgress { passage_index: 0, extractor: "MusicBrainz-Pass2", status: "completed", timestamp: 1766331795 }
[  2411.107s] EVENT FusionStarted { passage_index: 0, timestamp: 1766331795 }
[  2411.107s] EVENT ValidationStarted { passage_index: 0, timestamp: 1766331795 }
[  2411.107s] EVENT PassageCompleted: passage #0
[  2411.107s] EVENT FileCompleted: "C:\\Users\\Mango Cat\\Music\\Aerosmith\\Toys_In_The_Attic\\(Aerosmith)Toys_In_The_Attic-05-Big_Ten_Inch_Record.mp3"
[  2411.107s] EVENT FileStarted: "C:\\Users\\Mango Cat\\Music\\Aerosmith\\Toys_In_The_Attic\\(Aerosmith)Toys_In_The_Attic-06-Sweet_Emotion.mp3"
[  2411.107s] EVENT SingleTrackCheckCompleted { file_path: "C:\\Users\\Mango Cat\\Music\\Aerosmith\\Toys_In_The_Attic\\(Aerosmith)Toys_In_The_Attic-06-Sweet_Emotion.mp3", score: 1.8, is_single_track: true }
[  2440.839s] EVENT BoundaryDetected { passage_index: 0, start_time: 0, end_time: 7753236480, confidence: 0.5, timestamp: 1766331825 }
[  2440.839s] EVENT PassageStarted: passage #0
[  2440.839s] EVENT ExtractionProgress { passage_index: 0, extractor: "ID3", status: "running", timestamp: 1766331825 }
[  2440.839s] EVENT ExtractionProgress { passage_index: 0, extractor: "ID3", status: "completed", timestamp: 1766331825 }
[  2440.839s] EVENT ExtractionProgress { passage_index: 0, extractor: "Chromaprint", status: "running", timestamp: 1766331825 }
[  2441.550s] EVENT ExtractionProgress { passage_index: 0, extractor: "Chromaprint", status: "completed", timestamp: 1766331826 }
[  2441.550s] EVENT ExtractionProgress { passage_index: 0, extractor: "AudioDerived", status: "running", timestamp: 1766331826 }
[  2442.759s] FILE_COMPLETE [53/5737] (Aerosmith)Toys_In_The_Attic-06-Sweet_Emotion.mp3 - 1 passages in 31.65s (total_elapsed: 2442.8s)
[  2442.759s] FILE_START [54/5737] (Aerosmith)Toys_In_The_Attic-07-No_More_No_More.mp3
[  2442.761s] EVENT ExtractionProgress { passage_index: 0, extractor: "AudioDerived", status: "completed", timestamp: 1766331827 }
[  2442.761s] EVENT ExtractionProgress { passage_index: 0, extractor: "ID3GenreMapper", status: "running", timestamp: 1766331827 }
[  2442.761s] EVENT ExtractionProgress { passage_index: 0, extractor: "ID3GenreMapper", status: "completed", timestamp: 1766331827 }
[  2442.761s] EVENT FusionStarted { passage_index: 0, timestamp: 1766331827 }
[  2442.761s] EVENT ExtractionProgress { passage_index: 0, extractor: "MusicBrainz-Pass2", status: "running", timestamp: 1766331827 }
[  2442.761s] EVENT ExtractionProgress { passage_index: 0, extractor: "MusicBrainz-Pass2", status: "completed", timestamp: 1766331827 }
[  2442.761s] EVENT FusionStarted { passage_index: 0, timestamp: 1766331827 }
[  2442.761s] EVENT ValidationStarted { passage_index: 0, timestamp: 1766331827 }
[  2442.761s] EVENT PassageCompleted: passage #0
[  2442.761s] EVENT FileCompleted: "C:\\Users\\Mango Cat\\Music\\Aerosmith\\Toys_In_The_Attic\\(Aerosmith)Toys_In_The_Attic-06-Sweet_Emotion.mp3"
[  2442.761s] EVENT FileStarted: "C:\\Users\\Mango Cat\\Music\\Aerosmith\\Toys_In_The_Attic\\(Aerosmith)Toys_In_The_Attic-07-No_More_No_More.mp3"
[  2442.761s] EVENT SingleTrackCheckCompleted { file_path: "C:\\Users\\Mango Cat\\Music\\Aerosmith\\Toys_In_The_Attic\\(Aerosmith)Toys_In_The_Attic-07-No_More_No_More.mp3", score: 1.8, is_single_track: true }
[  2472.476s] EVENT BoundaryDetected { passage_index: 0, start_time: 0, end_time: 7755448320, confidence: 0.5, timestamp: 1766331857 }
[  2472.476s] EVENT PassageStarted: passage #0
[  2472.476s] EVENT ExtractionProgress { passage_index: 0, extractor: "ID3", status: "running", timestamp: 1766331857 }
[  2472.476s] EVENT ExtractionProgress { passage_index: 0, extractor: "ID3", status: "completed", timestamp: 1766331857 }
[  2472.476s] EVENT ExtractionProgress { passage_index: 0, extractor: "Chromaprint", status: "running", timestamp: 1766331857 }
[  2473.171s] EVENT ExtractionProgress { passage_index: 0, extractor: "Chromaprint", status: "completed", timestamp: 1766331857 }
[  2473.171s] EVENT ExtractionProgress { passage_index: 0, extractor: "AudioDerived", status: "running", timestamp: 1766331857 }
[  2474.379s] FILE_COMPLETE [54/5737] (Aerosmith)Toys_In_The_Attic-07-No_More_No_More.mp3 - 1 passages in 31.62s (total_elapsed: 2474.4s)
[  2474.379s] FILE_START [55/5737] (Aerosmith)Toys_In_The_Attic-08-Round_And_Round.mp3
[  2474.381s] EVENT ExtractionProgress { passage_index: 0, extractor: "AudioDerived", status: "completed", timestamp: 1766331858 }
[  2474.381s] EVENT ExtractionProgress { passage_index: 0, extractor: "ID3GenreMapper", status: "running", timestamp: 1766331858 }
[  2474.381s] EVENT ExtractionProgress { passage_index: 0, extractor: "ID3GenreMapper", status: "completed", timestamp: 1766331858 }
[  2474.381s] EVENT FusionStarted { passage_index: 0, timestamp: 1766331858 }
[  2474.381s] EVENT ExtractionProgress { passage_index: 0, extractor: "MusicBrainz-Pass2", status: "running", timestamp: 1766331858 }
[  2474.381s] EVENT ExtractionProgress { passage_index: 0, extractor: "MusicBrainz-Pass2", status: "completed", timestamp: 1766331858 }
[  2474.381s] EVENT FusionStarted { passage_index: 0, timestamp: 1766331858 }
[  2474.381s] EVENT ValidationStarted { passage_index: 0, timestamp: 1766331858 }
[  2474.381s] EVENT PassageCompleted: passage #0
[  2474.381s] EVENT FileCompleted: "C:\\Users\\Mango Cat\\Music\\Aerosmith\\Toys_In_The_Attic\\(Aerosmith)Toys_In_The_Attic-07-No_More_No_More.mp3"
[  2474.381s] EVENT FileStarted: "C:\\Users\\Mango Cat\\Music\\Aerosmith\\Toys_In_The_Attic\\(Aerosmith)Toys_In_The_Attic-08-Round_And_Round.mp3"
[  2474.381s] EVENT SingleTrackCheckCompleted { file_path: "C:\\Users\\Mango Cat\\Music\\Aerosmith\\Toys_In_The_Attic\\(Aerosmith)Toys_In_The_Attic-08-Round_And_Round.mp3", score: 1.8, is_single_track: true }
[  2507.269s] EVENT BoundaryDetected { passage_index: 0, start_time: 0, end_time: 8567930880, confidence: 0.8, timestamp: 1766331891 }
[  2507.269s] EVENT PassageStarted: passage #0
[  2507.269s] EVENT ExtractionProgress { passage_index: 0, extractor: "ID3", status: "running", timestamp: 1766331891 }
[  2507.269s] EVENT ExtractionProgress { passage_index: 0, extractor: "ID3", status: "completed", timestamp: 1766331891 }
[  2507.269s] EVENT ExtractionProgress { passage_index: 0, extractor: "Chromaprint", status: "running", timestamp: 1766331891 }
[  2508.038s] EVENT ExtractionProgress { passage_index: 0, extractor: "Chromaprint", status: "completed", timestamp: 1766331892 }
[  2508.038s] EVENT ExtractionProgress { passage_index: 0, extractor: "AudioDerived", status: "running", timestamp: 1766331892 }
[  2509.353s] EVENT ExtractionProgress { passage_index: 0, extractor: "AudioDerived", status: "completed", timestamp: 1766331893 }
[  2509.353s] EVENT ExtractionProgress { passage_index: 0, extractor: "ID3GenreMapper", status: "running", timestamp: 1766331893 }
[  2509.353s] EVENT ExtractionProgress { passage_index: 0, extractor: "ID3GenreMapper", status: "completed", timestamp: 1766331893 }
[  2509.353s] EVENT FusionStarted { passage_index: 0, timestamp: 1766331893 }
[  2509.353s] EVENT ExtractionProgress { passage_index: 0, extractor: "MusicBrainz-Pass2", status: "running", timestamp: 1766331893 }
[  2509.360s] FILE_COMPLETE [55/5737] (Aerosmith)Toys_In_The_Attic-08-Round_And_Round.mp3 - 1 passages in 34.98s (total_elapsed: 2509.4s)
[  2509.360s] FILE_START [56/5737] (Aerosmith)Toys_In_The_Attic-09-You_See_Me_Crying.mp3
[  2509.371s] EVENT ExtractionProgress { passage_index: 0, extractor: "MusicBrainz-Pass2", status: "completed", timestamp: 1766331893 }
[  2509.371s] EVENT FusionStarted { passage_index: 0, timestamp: 1766331893 }
[  2509.371s] EVENT ValidationStarted { passage_index: 0, timestamp: 1766331893 }
[  2509.371s] EVENT PassageCompleted: passage #0
[  2509.371s] EVENT FileCompleted: "C:\\Users\\Mango Cat\\Music\\Aerosmith\\Toys_In_The_Attic\\(Aerosmith)Toys_In_The_Attic-08-Round_And_Round.mp3"
[  2509.371s] EVENT FileStarted: "C:\\Users\\Mango Cat\\Music\\Aerosmith\\Toys_In_The_Attic\\(Aerosmith)Toys_In_The_Attic-09-You_See_Me_Crying.mp3"
[  2509.371s] EVENT SingleTrackCheckCompleted { file_path: "C:\\Users\\Mango Cat\\Music\\Aerosmith\\Toys_In_The_Attic\\(Aerosmith)Toys_In_The_Attic-09-You_See_Me_Crying.mp3", score: 1.8, is_single_track: true }
[  2542.786s] EVENT BoundaryDetected { passage_index: 0, start_time: 0, end_time: 8797962240, confidence: 0.5, timestamp: 1766331927 }
[  2542.787s] EVENT PassageStarted: passage #0
[  2542.787s] EVENT ExtractionProgress { passage_index: 0, extractor: "ID3", status: "running", timestamp: 1766331927 }
[  2542.787s] EVENT ExtractionProgress { passage_index: 0, extractor: "ID3", status: "completed", timestamp: 1766331927 }
[  2542.787s] EVENT ExtractionProgress { passage_index: 0, extractor: "Chromaprint", status: "running", timestamp: 1766331927 }
[  2543.587s] EVENT ExtractionProgress { passage_index: 0, extractor: "Chromaprint", status: "completed", timestamp: 1766331928 }
[  2543.587s] EVENT ExtractionProgress { passage_index: 0, extractor: "AudioDerived", status: "running", timestamp: 1766331928 }
[  2544.942s] FILE_COMPLETE [56/5737] (Aerosmith)Toys_In_The_Attic-09-You_See_Me_Crying.mp3 - 1 passages in 35.58s (total_elapsed: 2544.9s)
[  2544.942s] FILE_START [57/5737] AliceInChainsGreatestHits.mp3
[  2544.947s] EVENT ExtractionProgress { passage_index: 0, extractor: "AudioDerived", status: "completed", timestamp: 1766331929 }
[  2544.947s] EVENT ExtractionProgress { passage_index: 0, extractor: "ID3GenreMapper", status: "running", timestamp: 1766331929 }
[  2544.947s] EVENT ExtractionProgress { passage_index: 0, extractor: "ID3GenreMapper", status: "completed", timestamp: 1766331929 }
[  2544.947s] EVENT FusionStarted { passage_index: 0, timestamp: 1766331929 }
[  2544.947s] EVENT ExtractionProgress { passage_index: 0, extractor: "MusicBrainz-Pass2", status: "running", timestamp: 1766331929 }
[  2544.947s] EVENT ExtractionProgress { passage_index: 0, extractor: "MusicBrainz-Pass2", status: "completed", timestamp: 1766331929 }
[  2544.947s] EVENT FusionStarted { passage_index: 0, timestamp: 1766331929 }
[  2544.947s] EVENT ValidationStarted { passage_index: 0, timestamp: 1766331929 }
[  2544.947s] EVENT PassageCompleted: passage #0
[  2544.947s] EVENT FileCompleted: "C:\\Users\\Mango Cat\\Music\\Aerosmith\\Toys_In_The_Attic\\(Aerosmith)Toys_In_The_Attic-09-You_See_Me_Crying.mp3"
[  2544.947s] EVENT FileStarted: "C:\\Users\\Mango Cat\\Music\\Alice In Chains\\AliceInChainsGreatestHits.mp3"
[  2544.947s] EVENT SingleTrackCheckCompleted { file_path: "C:\\Users\\Mango Cat\\Music\\Alice In Chains\\AliceInChainsGreatestHits.mp3", score: -0.5, is_single_track: false }
[  2544.947s] EVENT AlbumMatchingStarted: "C:\\Users\\Mango Cat\\Music\\Alice In Chains\\AliceInChainsGreatestHits.mp3"
[  2847.694s] FILE_COMPLETE [57/5737] AliceInChainsGreatestHits.mp3 - 10 passages in 302.75s (total_elapsed: 2847.7s)
[  2847.694s] FILE_START [58/5737] AtFillmoreEast.mp3
[  2847.700s] EVENT AlbumMatchingCompleted: "C:\\Users\\Mango Cat\\Music\\Alice In Chains\\AliceInChainsGreatestHits.mp3"
[  2847.700s] EVENT BoundaryDetected { passage_index: 0, start_time: 0, end_time: 8082861440, confidence: 0.95, timestamp: 1766332232 }
[  2847.700s] EVENT PassageStarted: passage #0
[  2847.700s] EVENT PassageCompleted: passage #0
[  2847.700s] EVENT BoundaryDetected { passage_index: 1, start_time: 8082861440, end_time: 12276808960, confidence: 0.95, timestamp: 1766332232 }
[  2847.700s] EVENT PassageStarted: passage #1
[  2847.700s] EVENT PassageCompleted: passage #1
[  2847.700s] EVENT BoundaryDetected { passage_index: 2, start_time: 12276808960, end_time: 22787949439, confidence: 0.95, timestamp: 1766332232 }
[  2847.700s] EVENT PassageStarted: passage #2
[  2847.700s] EVENT PassageCompleted: passage #2
[  2847.700s] EVENT BoundaryDetected { passage_index: 3, start_time: 22787949439, end_time: 30896906240, confidence: 0.95, timestamp: 1766332232 }
[  2847.700s] EVENT PassageStarted: passage #3
[  2847.700s] EVENT PassageCompleted: passage #3
[  2847.700s] EVENT BoundaryDetected { passage_index: 4, start_time: 30896906240, end_time: 36710881920, confidence: 0.95, timestamp: 1766332232 }
[  2847.700s] EVENT PassageStarted: passage #4
[  2847.700s] EVENT PassageCompleted: passage #4
[  2847.700s] EVENT BoundaryDetected { passage_index: 5, start_time: 36710881920, end_time: 43868768640, confidence: 0.95, timestamp: 1766332232 }
[  2847.700s] EVENT PassageStarted: passage #5
[  2847.700s] EVENT PassageCompleted: passage #5
[  2847.700s] EVENT BoundaryDetected { passage_index: 6, start_time: 43868768640, end_time: 50991744000, confidence: 0.95, timestamp: 1766332232 }
[  2847.700s] EVENT PassageStarted: passage #6
[  2847.700s] EVENT PassageCompleted: passage #6
[  2847.700s] EVENT BoundaryDetected { passage_index: 7, start_time: 50991744000, end_time: 58998787840, confidence: 0.95, timestamp: 1766332232 }
[  2847.700s] EVENT PassageStarted: passage #7
[  2847.700s] EVENT PassageCompleted: passage #7
[  2847.700s] EVENT BoundaryDetected { passage_index: 8, start_time: 58998787840, end_time: 68182944000, confidence: 0.95, timestamp: 1766332232 }
[  2847.700s] EVENT PassageStarted: passage #8
[  2847.700s] EVENT PassageCompleted: passage #8
[  2847.700s] EVENT BoundaryDetected { passage_index: 9, start_time: 68182944000, end_time: 75080757120, confidence: 0.95, timestamp: 1766332232 }
[  2847.700s] EVENT PassageStarted: passage #9
[  2847.700s] EVENT PassageCompleted: passage #9
[  2847.700s] EVENT FileStarted: "C:\\Users\\Mango Cat\\Music\\Allman Brothers\\AtFillmoreEast.mp3"
[  2847.700s] EVENT SingleTrackCheckCompleted { file_path: "C:\\Users\\Mango Cat\\Music\\Allman Brothers\\AtFillmoreEast.mp3", score: 0.3, is_single_track: false }
[  2847.700s] EVENT AlbumMatchingStarted: "C:\\Users\\Mango Cat\\Music\\Allman Brothers\\AtFillmoreEast.mp3"
[  3748.657s] FILE_COMPLETE [58/5737] AtFillmoreEast.mp3 - 13 passages in 900.96s (total_elapsed: 3748.7s)
[  3748.657s] FILE_START [59/5737] EatAPeach.mp3
[  3748.660s] EVENT AlbumMatchingCompleted: "C:\\Users\\Mango Cat\\Music\\Allman Brothers\\AtFillmoreEast.mp3"
[  3748.660s] EVENT BoundaryDetected { passage_index: 0, start_time: 0, end_time: 7260152320, confidence: 0.95, timestamp: 1766333133 }
[  3748.660s] EVENT PassageStarted: passage #0
[  3748.660s] EVENT PassageCompleted: passage #0
[  3748.660s] EVENT BoundaryDetected { passage_index: 1, start_time: 7260152320, end_time: 13540670720, confidence: 0.95, timestamp: 1766333133 }
[  3748.660s] EVENT PassageStarted: passage #1
[  3748.660s] EVENT PassageCompleted: passage #1
[  3748.660s] EVENT BoundaryDetected { passage_index: 2, start_time: 13540670720, end_time: 19339130240, confidence: 0.95, timestamp: 1766333133 }
[  3748.660s] EVENT PassageStarted: passage #2
[  3748.660s] EVENT PassageCompleted: passage #2
[  3748.660s] EVENT BoundaryDetected { passage_index: 3, start_time: 19339130240, end_time: 27010813440, confidence: 0.95, timestamp: 1766333133 }
[  3748.660s] EVENT PassageStarted: passage #3
[  3748.660s] EVENT PassageCompleted: passage #3
[  3748.660s] EVENT BoundaryDetected { passage_index: 4, start_time: 27010813440, end_time: 41890810880, confidence: 0.95, timestamp: 1766333133 }
[  3748.660s] EVENT PassageStarted: passage #4
[  3748.660s] EVENT PassageCompleted: passage #4
[  3748.660s] EVENT BoundaryDetected { passage_index: 5, start_time: 41890810880, end_time: 50224046720, confidence: 0.95, timestamp: 1766333133 }
[  3748.660s] EVENT PassageStarted: passage #5
[  3748.660s] EVENT PassageCompleted: passage #5
[  3748.660s] EVENT BoundaryDetected { passage_index: 6, start_time: 50224046720, end_time: 72334222080, confidence: 0.95, timestamp: 1766333133 }
[  3748.660s] EVENT PassageStarted: passage #6
[  3748.660s] EVENT PassageCompleted: passage #6
[  3748.660s] EVENT BoundaryDetected { passage_index: 7, start_time: 72334222080, end_time: 104938963840, confidence: 0.95, timestamp: 1766333133 }
[  3748.660s] EVENT PassageStarted: passage #7
[  3748.660s] EVENT PassageCompleted: passage #7
[  3748.660s] EVENT BoundaryDetected { passage_index: 8, start_time: 104938963840, end_time: 109850886400, confidence: 0.95, timestamp: 1766333133 }
[  3748.660s] EVENT PassageStarted: passage #8
[  3748.660s] EVENT PassageCompleted: passage #8
[  3748.660s] EVENT BoundaryDetected { passage_index: 9, start_time: 109850886400, end_time: 118873886079, confidence: 0.95, timestamp: 1766333133 }
[  3748.660s] EVENT PassageStarted: passage #9
[  3748.660s] EVENT PassageCompleted: passage #9
[  3748.660s] EVENT BoundaryDetected { passage_index: 10, start_time: 118873886079, end_time: 157608568960, confidence: 0.95, timestamp: 1766333133 }
[  3748.660s] EVENT PassageStarted: passage #10
[  3748.660s] EVENT PassageCompleted: passage #10
[  3748.660s] EVENT BoundaryDetected { passage_index: 11, start_time: 157608568960, end_time: 214523959680, confidence: 0.95, timestamp: 1766333133 }
[  3748.660s] EVENT PassageStarted: passage #11
[  3748.660s] EVENT PassageCompleted: passage #11
[  3748.660s] EVENT BoundaryDetected { passage_index: 12, start_time: 214523959680, end_time: 226169543040, confidence: 0.95, timestamp: 1766333133 }
[  3748.660s] EVENT PassageStarted: passage #12
[  3748.660s] EVENT PassageCompleted: passage #12
[  3748.660s] EVENT FileStarted: "C:\\Users\\Mango Cat\\Music\\Allman Brothers\\EatAPeach.mp3"
[  3748.661s] EVENT SingleTrackCheckCompleted { file_path: "C:\\Users\\Mango Cat\\Music\\Allman Brothers\\EatAPeach.mp3", score: 0.3, is_single_track: false }
[  3748.661s] EVENT AlbumMatchingStarted: "C:\\Users\\Mango Cat\\Music\\Allman Brothers\\EatAPeach.mp3"
[  4730.858s] FILE_COMPLETE [59/5737] EatAPeach.mp3 - 27 passages in 982.20s (total_elapsed: 4730.9s)
[  4730.858s] FILE_START [60/5737] TheEssentialsAmbrosia.mp3
[  4730.863s] EVENT AlbumMatchingCompleted: "C:\\Users\\Mango Cat\\Music\\Allman Brothers\\EatAPeach.mp3"
[  4730.863s] EVENT BoundaryDetected { passage_index: 0, start_time: 0, end_time: 6151420800, confidence: 0.95, timestamp: 1766334115 }
[  4730.863s] EVENT PassageStarted: passage #0
[  4730.863s] EVENT PassageCompleted: passage #0
[  4730.863s] EVENT BoundaryDetected { passage_index: 1, start_time: 6151420800, end_time: 21681676800, confidence: 0.95, timestamp: 1766334115 }
[  4730.863s] EVENT PassageStarted: passage #1
[  4730.863s] EVENT PassageCompleted: passage #1
[  4730.863s] EVENT BoundaryDetected { passage_index: 2, start_time: 21681676800, end_time: 28305849600, confidence: 0.95, timestamp: 1766334115 }
[  4730.863s] EVENT PassageStarted: passage #2
[  4730.863s] EVENT PassageCompleted: passage #2
[  4730.863s] EVENT BoundaryDetected { passage_index: 3, start_time: 28305849600, end_time: 85292928000, confidence: 0.95, timestamp: 1766334115 }
[  4730.863s] EVENT PassageStarted: passage #3
[  4730.863s] EVENT PassageCompleted: passage #3
[  4730.863s] EVENT BoundaryDetected { passage_index: 4, start_time: 85292928000, end_time: 93827865600, confidence: 0.95, timestamp: 1766334115 }
[  4730.863s] EVENT PassageStarted: passage #4
[  4730.863s] EVENT PassageCompleted: passage #4
[  4730.863s] EVENT BoundaryDetected { passage_index: 5, start_time: 93827865600, end_time: 100148630400, confidence: 0.95, timestamp: 1766334115 }
[  4730.863s] EVENT PassageStarted: passage #5
[  4730.863s] EVENT PassageCompleted: passage #5
[  4730.863s] EVENT BoundaryDetected { passage_index: 6, start_time: 100148630400, end_time: 105934550400, confidence: 0.95, timestamp: 1766334115 }
[  4730.863s] EVENT PassageStarted: passage #6
[  4730.863s] EVENT PassageCompleted: passage #6
[  4730.863s] EVENT BoundaryDetected { passage_index: 7, start_time: 105934550400, end_time: 114964819199, confidence: 0.95, timestamp: 1766334115 }
[  4730.863s] EVENT PassageStarted: passage #7
[  4730.863s] EVENT PassageCompleted: passage #7
[  4730.863s] EVENT BoundaryDetected { passage_index: 8, start_time: 114964819199, end_time: 118368633599, confidence: 0.95, timestamp: 1766334115 }
[  4730.863s] EVENT PassageStarted: passage #8
[  4730.863s] EVENT PassageCompleted: passage #8
[  4730.863s] EVENT BoundaryDetected { passage_index: 9, start_time: 118368633599, end_time: 124843219199, confidence: 0.95, timestamp: 1766334115 }
[  4730.863s] EVENT PassageStarted: passage #9
[  4730.863s] EVENT PassageCompleted: passage #9
[  4730.863s] EVENT BoundaryDetected { passage_index: 10, start_time: 124843219199, end_time: 140174495999, confidence: 0.95, timestamp: 1766334115 }
[  4730.863s] EVENT PassageStarted: passage #10
[  4730.863s] EVENT PassageCompleted: passage #10
[  4730.863s] EVENT BoundaryDetected { passage_index: 11, start_time: 140174495999, end_time: 146733753599, confidence: 0.95, timestamp: 1766334115 }
[  4730.863s] EVENT PassageStarted: passage #11
[  4730.863s] EVENT PassageCompleted: passage #11
[  4730.863s] EVENT BoundaryDetected { passage_index: 12, start_time: 146733753599, end_time: 203993193599, confidence: 0.95, timestamp: 1766334115 }
[  4730.863s] EVENT PassageStarted: passage #12
[  4730.863s] EVENT PassageCompleted: passage #12
[  4730.863s] EVENT BoundaryDetected { passage_index: 13, start_time: 203993193599, end_time: 212240246399, confidence: 0.95, timestamp: 1766334115 }
[  4730.863s] EVENT PassageStarted: passage #13
[  4730.863s] EVENT PassageCompleted: passage #13
[  4730.863s] EVENT BoundaryDetected { passage_index: 14, start_time: 212240246399, end_time: 218513030399, confidence: 0.95, timestamp: 1766334115 }
[  4730.863s] EVENT PassageStarted: passage #14
[  4730.863s] EVENT PassageCompleted: passage #14
[  4730.863s] EVENT BoundaryDetected { passage_index: 15, start_time: 218513030399, end_time: 224646105599, confidence: 0.95, timestamp: 1766334115 }
[  4730.863s] EVENT PassageStarted: passage #15
[  4730.863s] EVENT PassageCompleted: passage #15
[  4730.863s] EVENT BoundaryDetected { passage_index: 16, start_time: 224646105599, end_time: 233308051199, confidence: 0.95, timestamp: 1766334115 }
[  4730.863s] EVENT PassageStarted: passage #16
[  4730.863s] EVENT PassageCompleted: passage #16
[  4730.863s] EVENT BoundaryDetected { passage_index: 17, start_time: 233308051199, end_time: 236874153600, confidence: 0.95, timestamp: 1766334115 }
[  4730.863s] EVENT PassageStarted: passage #17
[  4730.863s] EVENT PassageCompleted: passage #17
[  4730.863s] EVENT BoundaryDetected { passage_index: 18, start_time: 236874153600, end_time: 243067910400, confidence: 0.95, timestamp: 1766334115 }
[  4730.863s] EVENT PassageStarted: passage #18
[  4730.863s] EVENT PassageCompleted: passage #18
[  4730.863s] EVENT BoundaryDetected { passage_index: 19, start_time: 243067910400, end_time: 258599802880, confidence: 0.95, timestamp: 1766334115 }
[  4730.863s] EVENT PassageStarted: passage #19
[  4730.863s] EVENT PassageCompleted: passage #19
[  4730.863s] EVENT BoundaryDetected { passage_index: 20, start_time: 258599802880, end_time: 265303172480, confidence: 0.95, timestamp: 1766334115 }
[  4730.863s] EVENT PassageStarted: passage #20
[  4730.863s] EVENT PassageCompleted: passage #20
[  4730.863s] EVENT BoundaryDetected { passage_index: 21, start_time: 265303172480, end_time: 322332586880, confidence: 0.95, timestamp: 1766334115 }
[  4730.863s] EVENT PassageStarted: passage #21
[  4730.863s] EVENT PassageCompleted: passage #21
[  4730.863s] EVENT BoundaryDetected { passage_index: 22, start_time: 322332586880, end_time: 330734673920, confidence: 0.95, timestamp: 1766334115 }
[  4730.863s] EVENT PassageStarted: passage #22
[  4730.863s] EVENT PassageCompleted: passage #22
[  4730.863s] EVENT BoundaryDetected { passage_index: 23, start_time: 330734673920, end_time: 337108782080, confidence: 0.95, timestamp: 1766334115 }
[  4730.863s] EVENT PassageStarted: passage #23
[  4730.863s] EVENT PassageCompleted: passage #23
[  4730.863s] EVENT BoundaryDetected { passage_index: 24, start_time: 337108782080, end_time: 342971838080, confidence: 0.95, timestamp: 1766334115 }
[  4730.863s] EVENT PassageStarted: passage #24
[  4730.863s] EVENT PassageCompleted: passage #24
[  4730.863s] EVENT BoundaryDetected { passage_index: 25, start_time: 342971838080, end_time: 351772815360, confidence: 0.95, timestamp: 1766334115 }
[  4730.863s] EVENT PassageStarted: passage #25
[  4730.863s] EVENT PassageCompleted: passage #25
[  4730.863s] EVENT BoundaryDetected { passage_index: 26, start_time: 351772815360, end_time: 351772815360, confidence: 0.7, timestamp: 1766334115 }
[  4730.863s] EVENT PassageStarted: passage #26
[  4730.863s] EVENT PassageCompleted: passage #26
[  4730.863s] EVENT FileStarted: "C:\\Users\\Mango Cat\\Music\\Ambrosia\\TheEssentialsAmbrosia.mp3"
[  4730.863s] EVENT SingleTrackCheckCompleted { file_path: "C:\\Users\\Mango Cat\\Music\\Ambrosia\\TheEssentialsAmbrosia.mp3", score: -0.5, is_single_track: false }
[  4730.863s] EVENT AlbumMatchingStarted: "C:\\Users\\Mango Cat\\Music\\Ambrosia\\TheEssentialsAmbrosia.mp3"
[  5132.675s] FILE_COMPLETE [60/5737] TheEssentialsAmbrosia.mp3 - 12 passages in 401.82s (total_elapsed: 5132.7s)
[  5132.675s] PROGRESS 60/5737 (1.0%) - 0.01 files/sec - ETA: 8093.9min
[  5132.675s] FILE_START [61/5737] 01 - A Horse With No Name.mp3
[  5132.676s] EVENT AlbumMatchingCompleted: "C:\\Users\\Mango Cat\\Music\\Ambrosia\\TheEssentialsAmbrosia.mp3"
[  5132.676s] EVENT BoundaryDetected { passage_index: 0, start_time: 0, end_time: 9844650880, confidence: 0.95, timestamp: 1766334517 }
[  5132.676s] EVENT PassageStarted: passage #0
[  5132.676s] EVENT PassageCompleted: passage #0
[  5132.676s] EVENT BoundaryDetected { passage_index: 1, start_time: 9844650880, end_time: 17017701120, confidence: 0.95, timestamp: 1766334517 }
[  5132.676s] EVENT PassageStarted: passage #1
[  5132.676s] EVENT PassageCompleted: passage #1
[  5132.676s] EVENT BoundaryDetected { passage_index: 2, start_time: 17017701120, end_time: 25377384960, confidence: 0.95, timestamp: 1766334517 }
[  5132.676s] EVENT PassageStarted: passage #2
[  5132.676s] EVENT PassageCompleted: passage #2
[  5132.676s] EVENT BoundaryDetected { passage_index: 3, start_time: 25377384960, end_time: 33275815679, confidence: 0.95, timestamp: 1766334517 }
[  5132.676s] EVENT PassageStarted: passage #3
[  5132.676s] EVENT PassageCompleted: passage #3
[  5132.676s] EVENT BoundaryDetected { passage_index: 4, start_time: 33275815679, end_time: 42367227520, confidence: 0.95, timestamp: 1766334517 }
[  5132.676s] EVENT PassageStarted: passage #4
[  5132.676s] EVENT PassageCompleted: passage #4
[  5132.676s] EVENT BoundaryDetected { passage_index: 5, start_time: 42367227520, end_time: 49576247040, confidence: 0.95, timestamp: 1766334517 }
[  5132.676s] EVENT PassageStarted: passage #5
[  5132.676s] EVENT PassageCompleted: passage #5
[  5132.676s] EVENT BoundaryDetected { passage_index: 6, start_time: 49576247040, end_time: 56368446080, confidence: 0.95, timestamp: 1766334517 }
[  5132.676s] EVENT PassageStarted: passage #6
[  5132.676s] EVENT PassageCompleted: passage #6
[  5132.676s] EVENT BoundaryDetected { passage_index: 7, start_time: 56368446080, end_time: 64374784640, confidence: 0.95, timestamp: 1766334517 }
[  5132.676s] EVENT PassageStarted: passage #7
[  5132.677s] EVENT PassageCompleted: passage #7
[  5132.677s] EVENT BoundaryDetected { passage_index: 8, start_time: 64374784640, end_time: 73685538560, confidence: 0.95, timestamp: 1766334517 }
[  5132.677s] EVENT PassageStarted: passage #8
[  5132.677s] EVENT PassageCompleted: passage #8
[  5132.677s] EVENT BoundaryDetected { passage_index: 9, start_time: 73685538560, end_time: 81323015680, confidence: 0.95, timestamp: 1766334517 }
[  5132.677s] EVENT PassageStarted: passage #9
[  5132.677s] EVENT PassageCompleted: passage #9
[  5132.677s] EVENT BoundaryDetected { passage_index: 10, start_time: 81323015680, end_time: 89479931520, confidence: 0.95, timestamp: 1766334517 }
[  5132.677s] EVENT PassageStarted: passage #10
[  5132.677s] EVENT PassageCompleted: passage #10
[  5132.677s] EVENT BoundaryDetected { passage_index: 11, start_time: 89479931520, end_time: 98735320960, confidence: 0.95, timestamp: 1766334517 }
[  5132.677s] EVENT PassageStarted: passage #11
[  5132.677s] EVENT PassageCompleted: passage #11
[  5132.677s] EVENT FileStarted: "C:\\Users\\Mango Cat\\Music\\America\\History\u{f03a} America’s Greatest Hits\\01 - A Horse With No Name.mp3"
[  5132.677s] EVENT SingleTrackCheckCompleted { file_path: "C:\\Users\\Mango Cat\\Music\\America\\History\u{f03a} America’s Greatest Hits\\01 - A Horse With No Name.mp3", score: 2.8, is_single_track: true }
[  5159.529s] EVENT BoundaryDetected { passage_index: 0, start_time: 0, end_time: 6996787200, confidence: 0.5, timestamp: 1766334544 }
[  5159.529s] EVENT PassageStarted: passage #0
[  5159.529s] EVENT ExtractionProgress { passage_index: 0, extractor: "ID3", status: "running", timestamp: 1766334544 }
[  5159.529s] EVENT ExtractionProgress { passage_index: 0, extractor: "ID3", status: "completed", timestamp: 1766334544 }
[  5159.529s] EVENT ExtractionProgress { passage_index: 0, extractor: "Chromaprint", status: "running", timestamp: 1766334544 }
[  5160.158s] EVENT ExtractionProgress { passage_index: 0, extractor: "Chromaprint", status: "completed", timestamp: 1766334544 }
[  5160.158s] EVENT ExtractionProgress { passage_index: 0, extractor: "AudioDerived", status: "running", timestamp: 1766334544 }
[  5161.269s] EVENT ExtractionProgress { passage_index: 0, extractor: "AudioDerived", status: "completed", timestamp: 1766334545 }
[  5161.269s] EVENT ExtractionProgress { passage_index: 0, extractor: "ID3GenreMapper", status: "running", timestamp: 1766334545 }
[  5161.269s] EVENT ExtractionProgress { passage_index: 0, extractor: "ID3GenreMapper", status: "completed", timestamp: 1766334545 }
[  5161.269s] EVENT FusionStarted { passage_index: 0, timestamp: 1766334545 }
[  5161.269s] EVENT ExtractionProgress { passage_index: 0, extractor: "MusicBrainz-Pass2", status: "running", timestamp: 1766334545 }
[  5161.275s] FILE_COMPLETE [61/5737] 01 - A Horse With No Name.mp3 - 1 passages in 28.60s (total_elapsed: 5161.3s)
[  5161.275s] FILE_START [62/5737] 02 - I Need You.mp3
[  5161.277s] EVENT ExtractionProgress { passage_index: 0, extractor: "MusicBrainz-Pass2", status: "completed", timestamp: 1766334545 }
[  5161.277s] EVENT FusionStarted { passage_index: 0, timestamp: 1766334545 }
[  5161.277s] EVENT ValidationStarted { passage_index: 0, timestamp: 1766334545 }
[  5161.277s] EVENT PassageCompleted: passage #0
[  5161.277s] EVENT FileCompleted: "C:\\Users\\Mango Cat\\Music\\America\\History\u{f03a} America’s Greatest Hits\\01 - A Horse With No Name.mp3"
[  5161.277s] EVENT FileStarted: "C:\\Users\\Mango Cat\\Music\\America\\History\u{f03a} America’s Greatest Hits\\02 - I Need You.mp3"
[  5161.277s] EVENT SingleTrackCheckCompleted { file_path: "C:\\Users\\Mango Cat\\Music\\America\\History\u{f03a} America’s Greatest Hits\\02 - I Need You.mp3", score: 2.8, is_single_track: true }
[  5181.226s] EVENT BoundaryDetected { passage_index: 0, start_time: 0, end_time: 5237637120, confidence: 0.5, timestamp: 1766334565 }
[  5181.226s] EVENT PassageStarted: passage #0
[  5181.226s] EVENT ExtractionProgress { passage_index: 0, extractor: "ID3", status: "running", timestamp: 1766334565 }
[  5181.226s] EVENT ExtractionProgress { passage_index: 0, extractor: "ID3", status: "completed", timestamp: 1766334565 }
[  5181.226s] EVENT ExtractionProgress { passage_index: 0, extractor: "Chromaprint", status: "running", timestamp: 1766334565 }
[  5181.721s] EVENT ExtractionProgress { passage_index: 0, extractor: "Chromaprint", status: "completed", timestamp: 1766334566 }
[  5181.721s] EVENT ExtractionProgress { passage_index: 0, extractor: "AudioDerived", status: "running", timestamp: 1766334566 }
[  5182.526s] EVENT ExtractionProgress { passage_index: 0, extractor: "AudioDerived", status: "completed", timestamp: 1766334567 }
[  5182.526s] EVENT ExtractionProgress { passage_index: 0, extractor: "ID3GenreMapper", status: "running", timestamp: 1766334567 }
[  5182.526s] EVENT ExtractionProgress { passage_index: 0, extractor: "ID3GenreMapper", status: "completed", timestamp: 1766334567 }
[  5182.526s] EVENT FusionStarted { passage_index: 0, timestamp: 1766334567 }
[  5182.526s] EVENT ExtractionProgress { passage_index: 0, extractor: "MusicBrainz-Pass2", status: "running", timestamp: 1766334567 }
[  5182.533s] FILE_COMPLETE [62/5737] 02 - I Need You.mp3 - 1 passages in 21.26s (total_elapsed: 5182.5s)
[  5182.533s] FILE_START [63/5737] 03 - Sandman.mp3
[  5182.535s] EVENT ExtractionProgress { passage_index: 0, extractor: "MusicBrainz-Pass2", status: "completed", timestamp: 1766334567 }
[  5182.535s] EVENT FusionStarted { passage_index: 0, timestamp: 1766334567 }
[  5182.535s] EVENT ValidationStarted { passage_index: 0, timestamp: 1766334567 }
[  5182.535s] EVENT PassageCompleted: passage #0
[  5182.535s] EVENT FileCompleted: "C:\\Users\\Mango Cat\\Music\\America\\History\u{f03a} America’s Greatest Hits\\02 - I Need You.mp3"
[  5182.535s] EVENT FileStarted: "C:\\Users\\Mango Cat\\Music\\America\\History\u{f03a} America’s Greatest Hits\\03 - Sandman.mp3"
[  5182.535s] EVENT SingleTrackCheckCompleted { file_path: "C:\\Users\\Mango Cat\\Music\\America\\History\u{f03a} America’s Greatest Hits\\03 - Sandman.mp3", score: 2.8, is_single_track: true }
[  5210.114s] EVENT BoundaryDetected { passage_index: 0, start_time: 0, end_time: 7010795520, confidence: 0.5, timestamp: 1766334594 }
[  5210.114s] EVENT PassageStarted: passage #0
[  5210.114s] EVENT ExtractionProgress { passage_index: 0, extractor: "ID3", status: "running", timestamp: 1766334594 }
[  5210.114s] EVENT ExtractionProgress { passage_index: 0, extractor: "ID3", status: "completed", timestamp: 1766334594 }
[  5210.114s] EVENT ExtractionProgress { passage_index: 0, extractor: "Chromaprint", status: "running", timestamp: 1766334594 }
[  5210.717s] EVENT ExtractionProgress { passage_index: 0, extractor: "Chromaprint", status: "completed", timestamp: 1766334595 }
[  5210.718s] EVENT ExtractionProgress { passage_index: 0, extractor: "AudioDerived", status: "running", timestamp: 1766334595 }
[  5211.792s] FILE_COMPLETE [63/5737] 03 - Sandman.mp3 - 1 passages in 29.26s (total_elapsed: 5211.8s)
[  5211.792s] FILE_START [64/5737] 04 - Ventura Highway.mp3
[  5211.794s] EVENT ExtractionProgress { passage_index: 0, extractor: "AudioDerived", status: "completed", timestamp: 1766334596 }
[  5211.794s] EVENT ExtractionProgress { passage_index: 0, extractor: "ID3GenreMapper", status: "running", timestamp: 1766334596 }
[  5211.794s] EVENT ExtractionProgress { passage_index: 0, extractor: "ID3GenreMapper", status: "completed", timestamp: 1766334596 }
[  5211.794s] EVENT FusionStarted { passage_index: 0, timestamp: 1766334596 }
[  5211.794s] EVENT ExtractionProgress { passage_index: 0, extractor: "MusicBrainz-Pass2", status: "running", timestamp: 1766334596 }
[  5211.794s] EVENT ExtractionProgress { passage_index: 0, extractor: "MusicBrainz-Pass2", status: "completed", timestamp: 1766334596 }
[  5211.794s] EVENT FusionStarted { passage_index: 0, timestamp: 1766334596 }
[  5211.794s] EVENT ValidationStarted { passage_index: 0, timestamp: 1766334596 }
[  5211.794s] EVENT PassageCompleted: passage #0
[  5211.794s] EVENT FileCompleted: "C:\\Users\\Mango Cat\\Music\\America\\History\u{f03a} America’s Greatest Hits\\03 - Sandman.mp3"
[  5211.794s] EVENT FileStarted: "C:\\Users\\Mango Cat\\Music\\America\\History\u{f03a} America’s Greatest Hits\\04 - Ventura Highway.mp3"
[  5211.794s] EVENT SingleTrackCheckCompleted { file_path: "C:\\Users\\Mango Cat\\Music\\America\\History\u{f03a} America’s Greatest Hits\\04 - Ventura Highway.mp3", score: 2.8, is_single_track: true }
[  5233.766s] EVENT BoundaryDetected { passage_index: 0, start_time: 0, end_time: 5717606400, confidence: 0.5, timestamp: 1766334618 }
[  5233.766s] EVENT PassageStarted: passage #0
[  5233.766s] EVENT ExtractionProgress { passage_index: 0, extractor: "ID3", status: "running", timestamp: 1766334618 }
[  5233.766s] EVENT ExtractionProgress { passage_index: 0, extractor: "ID3", status: "completed", timestamp: 1766334618 }
[  5233.766s] EVENT ExtractionProgress { passage_index: 0, extractor: "Chromaprint", status: "running", timestamp: 1766334618 }
[  5234.284s] EVENT ExtractionProgress { passage_index: 0, extractor: "Chromaprint", status: "completed", timestamp: 1766334618 }
[  5234.285s] EVENT ExtractionProgress { passage_index: 0, extractor: "AudioDerived", status: "running", timestamp: 1766334618 }
[  5235.158s] EVENT ExtractionProgress { passage_index: 0, extractor: "AudioDerived", status: "completed", timestamp: 1766334619 }
[  5235.158s] EVENT ExtractionProgress { passage_index: 0, extractor: "ID3GenreMapper", status: "running", timestamp: 1766334619 }
[  5235.158s] EVENT ExtractionProgress { passage_index: 0, extractor: "ID3GenreMapper", status: "completed", timestamp: 1766334619 }
[  5235.158s] EVENT FusionStarted { passage_index: 0, timestamp: 1766334619 }
[  5235.158s] EVENT ExtractionProgress { passage_index: 0, extractor: "MusicBrainz-Pass2", status: "running", timestamp: 1766334619 }
[  5235.165s] FILE_COMPLETE [64/5737] 04 - Ventura Highway.mp3 - 1 passages in 23.37s (total_elapsed: 5235.2s)
[  5235.165s] FILE_START [65/5737] 05 - Don’t Cross the River.mp3
[  5235.167s] EVENT ExtractionProgress { passage_index: 0, extractor: "MusicBrainz-Pass2", status: "completed", timestamp: 1766334619 }
[  5235.167s] EVENT FusionStarted { passage_index: 0, timestamp: 1766334619 }
[  5235.167s] EVENT ValidationStarted { passage_index: 0, timestamp: 1766334619 }
[  5235.167s] EVENT PassageCompleted: passage #0
[  5235.167s] EVENT FileCompleted: "C:\\Users\\Mango Cat\\Music\\America\\History\u{f03a} America’s Greatest Hits\\04 - Ventura Highway.mp3"
[  5235.167s] EVENT FileStarted: "C:\\Users\\Mango Cat\\Music\\America\\History\u{f03a} America’s Greatest Hits\\05 - Don’t Cross the River.mp3"
[  5235.167s] EVENT SingleTrackCheckCompleted { file_path: "C:\\Users\\Mango Cat\\Music\\America\\History\u{f03a} America’s Greatest Hits\\05 - Don’t Cross the River.mp3", score: 2.8, is_single_track: true }
[  5251.627s] EVENT BoundaryDetected { passage_index: 0, start_time: 0, end_time: 4269588480, confidence: 0.5, timestamp: 1766334636 }
[  5251.627s] EVENT PassageStarted: passage #0
[  5251.627s] EVENT ExtractionProgress { passage_index: 0, extractor: "ID3", status: "running", timestamp: 1766334636 }
[  5251.627s] EVENT ExtractionProgress { passage_index: 0, extractor: "ID3", status: "completed", timestamp: 1766334636 }
[  5251.627s] EVENT ExtractionProgress { passage_index: 0, extractor: "Chromaprint", status: "running", timestamp: 1766334636 }
[  5252.005s] EVENT ExtractionProgress { passage_index: 0, extractor: "Chromaprint", status: "completed", timestamp: 1766334636 }
[  5252.005s] EVENT ExtractionProgress { passage_index: 0, extractor: "AudioDerived", status: "running", timestamp: 1766334636 }
[  5252.678s] FILE_COMPLETE [65/5737] 05 - Don’t Cross the River.mp3 - 1 passages in 17.51s (total_elapsed: 5252.7s)
[  5252.678s] FILE_START [66/5737] 06 - Only in Your Heart.mp3
[  5252.679s] EVENT ExtractionProgress { passage_index: 0, extractor: "AudioDerived", status: "completed", timestamp: 1766334637 }
[  5252.679s] EVENT ExtractionProgress { passage_index: 0, extractor: "ID3GenreMapper", status: "running", timestamp: 1766334637 }
[  5252.679s] EVENT ExtractionProgress { passage_index: 0, extractor: "ID3GenreMapper", status: "completed", timestamp: 1766334637 }
[  5252.679s] EVENT FusionStarted { passage_index: 0, timestamp: 1766334637 }
[  5252.679s] EVENT ExtractionProgress { passage_index: 0, extractor: "MusicBrainz-Pass2", status: "running", timestamp: 1766334637 }
[  5252.679s] EVENT ExtractionProgress { passage_index: 0, extractor: "MusicBrainz-Pass2", status: "completed", timestamp: 1766334637 }
[  5252.679s] EVENT FusionStarted { passage_index: 0, timestamp: 1766334637 }
[  5252.679s] EVENT ValidationStarted { passage_index: 0, timestamp: 1766334637 }
[  5252.679s] EVENT PassageCompleted: passage #0
[  5252.679s] EVENT FileCompleted: "C:\\Users\\Mango Cat\\Music\\America\\History\u{f03a} America’s Greatest Hits\\05 - Don’t Cross the River.mp3"
[  5252.679s] EVENT FileStarted: "C:\\Users\\Mango Cat\\Music\\America\\History\u{f03a} America’s Greatest Hits\\06 - Only in Your Heart.mp3"
[  5252.679s] EVENT SingleTrackCheckCompleted { file_path: "C:\\Users\\Mango Cat\\Music\\America\\History\u{f03a} America’s Greatest Hits\\06 - Only in Your Heart.mp3", score: 2.8, is_single_track: true }
[  5273.321s] EVENT BoundaryDetected { passage_index: 0, start_time: 0, end_time: 3691699200, confidence: 0.8, timestamp: 1766334657 }
[  5273.321s] EVENT BoundaryDetected { passage_index: 1, start_time: 3804595200, end_time: 5435228160, confidence: 0.8, timestamp: 1766334657 }
[  5273.321s] EVENT PassageStarted: passage #0
[  5273.321s] EVENT ExtractionProgress { passage_index: 0, extractor: "ID3", status: "running", timestamp: 1766334657 }
[  5273.321s] EVENT ExtractionProgress { passage_index: 0, extractor: "ID3", status: "completed", timestamp: 1766334657 }
[  5273.321s] EVENT ExtractionProgress { passage_index: 0, extractor: "Chromaprint", status: "running", timestamp: 1766334657 }
[  5273.798s] EVENT ExtractionProgress { passage_index: 0, extractor: "Chromaprint", status: "completed", timestamp: 1766334658 }
[  5273.798s] EVENT ExtractionProgress { passage_index: 0, extractor: "AudioDerived", status: "running", timestamp: 1766334658 }
[  5274.654s] FILE_COMPLETE [66/5737] 06 - Only in Your Heart.mp3 - 2 passages in 21.98s (total_elapsed: 5274.6s)
[  5274.654s] FILE_START [67/5737] 07 - Muskrat Love.mp3
[  5274.656s] EVENT ExtractionProgress { passage_index: 0, extractor: "AudioDerived", status: "completed", timestamp: 1766334659 }
[  5274.656s] EVENT ExtractionProgress { passage_index: 0, extractor: "ID3GenreMapper", status: "running", timestamp: 1766334659 }
[  5274.656s] EVENT ExtractionProgress { passage_index: 0, extractor: "ID3GenreMapper", status: "completed", timestamp: 1766334659 }
[  5274.656s] EVENT FusionStarted { passage_index: 0, timestamp: 1766334659 }
[  5274.656s] EVENT ExtractionProgress { passage_index: 0, extractor: "MusicBrainz-Pass2", status: "running", timestamp: 1766334659 }
[  5274.656s] EVENT ExtractionProgress { passage_index: 0, extractor: "MusicBrainz-Pass2", status: "completed", timestamp: 1766334659 }
[  5274.656s] EVENT FusionStarted { passage_index: 0, timestamp: 1766334659 }
[  5274.656s] EVENT ValidationStarted { passage_index: 0, timestamp: 1766334659 }
[  5274.656s] EVENT PassageCompleted: passage #0
[  5274.656s] EVENT PassageStarted: passage #1
[  5274.656s] EVENT ExtractionProgress { passage_index: 1, extractor: "ID3", status: "running", timestamp: 1766334659 }
[  5274.656s] EVENT ExtractionProgress { passage_index: 1, extractor: "ID3", status: "completed", timestamp: 1766334659 }
[  5274.656s] EVENT ExtractionProgress { passage_index: 1, extractor: "Chromaprint", status: "running", timestamp: 1766334659 }
[  5274.656s] EVENT ExtractionProgress { passage_index: 1, extractor: "Chromaprint", status: "failed", timestamp: 1766334659 }
[  5274.656s] EVENT ExtractionProgress { passage_index: 1, extractor: "AudioDerived", status: "running", timestamp: 1766334659 }
[  5274.656s] EVENT ExtractionProgress { passage_index: 1, extractor: "AudioDerived", status: "failed", timestamp: 1766334659 }
[  5274.656s] EVENT ExtractionProgress { passage_index: 1, extractor: "ID3GenreMapper", status: "running", timestamp: 1766334659 }
[  5274.656s] EVENT ExtractionProgress { passage_index: 1, extractor: "ID3GenreMapper", status: "completed", timestamp: 1766334659 }
[  5274.656s] EVENT FusionStarted { passage_index: 1, timestamp: 1766334659 }
[  5274.656s] EVENT ExtractionProgress { passage_index: 1, extractor: "MusicBrainz-Pass2", status: "running", timestamp: 1766334659 }
[  5274.656s] EVENT ExtractionProgress { passage_index: 1, extractor: "MusicBrainz-Pass2", status: "completed", timestamp: 1766334659 }
[  5274.656s] EVENT FusionStarted { passage_index: 1, timestamp: 1766334659 }
[  5274.656s] EVENT ValidationStarted { passage_index: 1, timestamp: 1766334659 }
[  5274.656s] EVENT PassageCompleted: passage #1
[  5274.656s] EVENT FileCompleted: "C:\\Users\\Mango Cat\\Music\\America\\History\u{f03a} America’s Greatest Hits\\06 - Only in Your Heart.mp3"
[  5274.656s] EVENT FileStarted: "C:\\Users\\Mango Cat\\Music\\America\\History\u{f03a} America’s Greatest Hits\\07 - Muskrat Love.mp3"
[  5274.656s] EVENT SingleTrackCheckCompleted { file_path: "C:\\Users\\Mango Cat\\Music\\America\\History\u{f03a} America’s Greatest Hits\\07 - Muskrat Love.mp3", score: 2.8, is_single_track: true }
[  5294.686s] EVENT BoundaryDetected { passage_index: 0, start_time: 0, end_time: 5248696320, confidence: 0.5, timestamp: 1766334679 }
[  5294.686s] EVENT PassageStarted: passage #0
[  5294.686s] EVENT ExtractionProgress { passage_index: 0, extractor: "ID3", status: "running", timestamp: 1766334679 }
[  5294.686s] EVENT ExtractionProgress { passage_index: 0, extractor: "ID3", status: "completed", timestamp: 1766334679 }
[  5294.686s] EVENT ExtractionProgress { passage_index: 0, extractor: "Chromaprint", status: "running", timestamp: 1766334679 }
[  5295.163s] EVENT ExtractionProgress { passage_index: 0, extractor: "Chromaprint", status: "completed", timestamp: 1766334679 }
[  5295.163s] EVENT ExtractionProgress { passage_index: 0, extractor: "AudioDerived", status: "running", timestamp: 1766334679 }
[  5295.973s] FILE_COMPLETE [67/5737] 07 - Muskrat Love.mp3 - 1 passages in 21.32s (total_elapsed: 5296.0s)
[  5295.973s] FILE_START [68/5737] 08 - Tin Man.mp3
[  5295.976s] EVENT ExtractionProgress { passage_index: 0, extractor: "AudioDerived", status: "completed", timestamp: 1766334680 }
[  5295.977s] EVENT ExtractionProgress { passage_index: 0, extractor: "ID3GenreMapper", status: "running", timestamp: 1766334680 }
[  5295.977s] EVENT ExtractionProgress { passage_index: 0, extractor: "ID3GenreMapper", status: "completed", timestamp: 1766334680 }
[  5295.977s] EVENT FusionStarted { passage_index: 0, timestamp: 1766334680 }
[  5295.977s] EVENT ExtractionProgress { passage_index: 0, extractor: "MusicBrainz-Pass2", status: "running", timestamp: 1766334680 }
[  5295.977s] EVENT ExtractionProgress { passage_index: 0, extractor: "MusicBrainz-Pass2", status: "completed", timestamp: 1766334680 }
[  5295.977s] EVENT FusionStarted { passage_index: 0, timestamp: 1766334680 }
[  5295.977s] EVENT ValidationStarted { passage_index: 0, timestamp: 1766334680 }
[  5295.977s] EVENT PassageCompleted: passage #0
[  5295.977s] EVENT FileCompleted: "C:\\Users\\Mango Cat\\Music\\America\\History\u{f03a} America’s Greatest Hits\\07 - Muskrat Love.mp3"
[  5295.977s] EVENT FileStarted: "C:\\Users\\Mango Cat\\Music\\America\\History\u{f03a} America’s Greatest Hits\\08 - Tin Man.mp3"
[  5295.977s] EVENT SingleTrackCheckCompleted { file_path: "C:\\Users\\Mango Cat\\Music\\America\\History\u{f03a} America’s Greatest Hits\\08 - Tin Man.mp3", score: 2.8, is_single_track: true }
[  5318.492s] EVENT BoundaryDetected { passage_index: 0, start_time: 0, end_time: 5872435200, confidence: 0.5, timestamp: 1766334703 }
[  5318.492s] EVENT PassageStarted: passage #0
[  5318.492s] EVENT ExtractionProgress { passage_index: 0, extractor: "ID3", status: "running", timestamp: 1766334703 }
[  5318.492s] EVENT ExtractionProgress { passage_index: 0, extractor: "ID3", status: "completed", timestamp: 1766334703 }
[  5318.492s] EVENT ExtractionProgress { passage_index: 0, extractor: "Chromaprint", status: "running", timestamp: 1766334703 }
[  5319.012s] EVENT ExtractionProgress { passage_index: 0, extractor: "Chromaprint", status: "completed", timestamp: 1766334703 }
[  5319.013s] EVENT ExtractionProgress { passage_index: 0, extractor: "AudioDerived", status: "running", timestamp: 1766334703 }
[  5319.914s] EVENT ExtractionProgress { passage_index: 0, extractor: "AudioDerived", status: "completed", timestamp: 1766334704 }
[  5319.914s] EVENT ExtractionProgress { passage_index: 0, extractor: "ID3GenreMapper", status: "running", timestamp: 1766334704 }
[  5319.914s] EVENT ExtractionProgress { passage_index: 0, extractor: "ID3GenreMapper", status: "completed", timestamp: 1766334704 }
[  5319.914s] EVENT FusionStarted { passage_index: 0, timestamp: 1766334704 }
[  5319.914s] EVENT ExtractionProgress { passage_index: 0, extractor: "MusicBrainz-Pass2", status: "running", timestamp: 1766334704 }
[  5319.919s] FILE_COMPLETE [68/5737] 08 - Tin Man.mp3 - 1 passages in 23.95s (total_elapsed: 5319.9s)
[  5319.919s] FILE_START [69/5737] 09 - Lonely People.mp3
[  5319.939s] EVENT ExtractionProgress { passage_index: 0, extractor: "MusicBrainz-Pass2", status: "completed", timestamp: 1766334704 }
[  5319.939s] EVENT FusionStarted { passage_index: 0, timestamp: 1766334704 }
[  5319.939s] EVENT ValidationStarted { passage_index: 0, timestamp: 1766334704 }
[  5319.939s] EVENT PassageCompleted: passage #0
[  5319.939s] EVENT FileCompleted: "C:\\Users\\Mango Cat\\Music\\America\\History\u{f03a} America’s Greatest Hits\\08 - Tin Man.mp3"
[  5319.939s] EVENT FileStarted: "C:\\Users\\Mango Cat\\Music\\America\\History\u{f03a} America’s Greatest Hits\\09 - Lonely People.mp3"
[  5319.939s] EVENT SingleTrackCheckCompleted { file_path: "C:\\Users\\Mango Cat\\Music\\America\\History\u{f03a} America’s Greatest Hits\\09 - Lonely People.mp3", score: 2.8, is_single_track: true }
[  5336.010s] EVENT BoundaryDetected { passage_index: 0, start_time: 0, end_time: 4192911360, confidence: 0.5, timestamp: 1766334720 }
[  5336.010s] EVENT PassageStarted: passage #0
[  5336.010s] EVENT ExtractionProgress { passage_index: 0, extractor: "ID3", status: "running", timestamp: 1766334720 }
[  5336.010s] EVENT ExtractionProgress { passage_index: 0, extractor: "ID3", status: "completed", timestamp: 1766334720 }
[  5336.010s] EVENT ExtractionProgress { passage_index: 0, extractor: "Chromaprint", status: "running", timestamp: 1766334720 }
[  5336.395s] EVENT ExtractionProgress { passage_index: 0, extractor: "Chromaprint", status: "completed", timestamp: 1766334721 }
[  5336.395s] EVENT ExtractionProgress { passage_index: 0, extractor: "AudioDerived", status: "running", timestamp: 1766334721 }
[  5337.043s] EVENT ExtractionProgress { passage_index: 0, extractor: "AudioDerived", status: "completed", timestamp: 1766334721 }
[  5337.043s] EVENT ExtractionProgress { passage_index: 0, extractor: "ID3GenreMapper", status: "running", timestamp: 1766334721 }
[  5337.044s] EVENT ExtractionProgress { passage_index: 0, extractor: "ID3GenreMapper", status: "completed", timestamp: 1766334721 }
[  5337.044s] EVENT FusionStarted { passage_index: 0, timestamp: 1766334721 }
[  5337.044s] EVENT ExtractionProgress { passage_index: 0, extractor: "MusicBrainz-Pass2", status: "running", timestamp: 1766334721 }
[  5337.048s] FILE_COMPLETE [69/5737] 09 - Lonely People.mp3 - 1 passages in 17.13s (total_elapsed: 5337.0s)
[  5337.048s] FILE_START [70/5737] 10 - Sister Golden Hair.mp3
[  5337.050s] EVENT ExtractionProgress { passage_index: 0, extractor: "MusicBrainz-Pass2", status: "completed", timestamp: 1766334721 }
[  5337.050s] EVENT FusionStarted { passage_index: 0, timestamp: 1766334721 }
[  5337.050s] EVENT ValidationStarted { passage_index: 0, timestamp: 1766334721 }
[  5337.050s] EVENT PassageCompleted: passage #0
[  5337.050s] EVENT FileCompleted: "C:\\Users\\Mango Cat\\Music\\America\\History\u{f03a} America’s Greatest Hits\\09 - Lonely People.mp3"
[  5337.050s] EVENT FileStarted: "C:\\Users\\Mango Cat\\Music\\America\\History\u{f03a} America’s Greatest Hits\\10 - Sister Golden Hair.mp3"
[  5337.050s] EVENT SingleTrackCheckCompleted { file_path: "C:\\Users\\Mango Cat\\Music\\America\\History\u{f03a} America’s Greatest Hits\\10 - Sister Golden Hair.mp3", score: 2.8, is_single_track: true }
[  5358.633s] EVENT BoundaryDetected { passage_index: 0, start_time: 0, end_time: 5646827520, confidence: 0.5, timestamp: 1766334743 }
[  5358.634s] EVENT PassageStarted: passage #0
[  5358.634s] EVENT ExtractionProgress { passage_index: 0, extractor: "ID3", status: "running", timestamp: 1766334743 }
[  5358.634s] EVENT ExtractionProgress { passage_index: 0, extractor: "ID3", status: "completed", timestamp: 1766334743 }
[  5358.634s] EVENT ExtractionProgress { passage_index: 0, extractor: "Chromaprint", status: "running", timestamp: 1766334743 }
[  5359.145s] EVENT ExtractionProgress { passage_index: 0, extractor: "Chromaprint", status: "completed", timestamp: 1766334743 }
[  5359.145s] EVENT ExtractionProgress { passage_index: 0, extractor: "AudioDerived", status: "running", timestamp: 1766334743 }
[  5360.022s] FILE_COMPLETE [70/5737] 10 - Sister Golden Hair.mp3 - 1 passages in 22.97s (total_elapsed: 5360.0s)
[  5360.022s] PROGRESS 70/5737 (1.2%) - 0.01 files/sec - ETA: 7232.2min
[  5360.022s] FILE_START [71/5737] 11 - Daisy Jane.mp3
[  5360.024s] EVENT ExtractionProgress { passage_index: 0, extractor: "AudioDerived", status: "completed", timestamp: 1766334744 }
[  5360.024s] EVENT ExtractionProgress { passage_index: 0, extractor: "ID3GenreMapper", status: "running", timestamp: 1766334744 }
[  5360.024s] EVENT ExtractionProgress { passage_index: 0, extractor: "ID3GenreMapper", status: "completed", timestamp: 1766334744 }
[  5360.024s] EVENT FusionStarted { passage_index: 0, timestamp: 1766334744 }
[  5360.024s] EVENT ExtractionProgress { passage_index: 0, extractor: "MusicBrainz-Pass2", status: "running", timestamp: 1766334744 }
[  5360.024s] EVENT ExtractionProgress { passage_index: 0, extractor: "MusicBrainz-Pass2", status: "completed", timestamp: 1766334744 }
[  5360.024s] EVENT FusionStarted { passage_index: 0, timestamp: 1766334744 }
[  5360.024s] EVENT ValidationStarted { passage_index: 0, timestamp: 1766334744 }
[  5360.024s] EVENT PassageCompleted: passage #0
[  5360.024s] EVENT FileCompleted: "C:\\Users\\Mango Cat\\Music\\America\\History\u{f03a} America’s Greatest Hits\\10 - Sister Golden Hair.mp3"
[  5360.024s] EVENT FileStarted: "C:\\Users\\Mango Cat\\Music\\America\\History\u{f03a} America’s Greatest Hits\\11 - Daisy Jane.mp3"
[  5360.024s] EVENT SingleTrackCheckCompleted { file_path: "C:\\Users\\Mango Cat\\Music\\America\\History\u{f03a} America’s Greatest Hits\\11 - Daisy Jane.mp3", score: 2.8, is_single_track: true }
[  5380.414s] EVENT BoundaryDetected { passage_index: 0, start_time: 0, end_time: 5321687040, confidence: 0.8, timestamp: 1766334765 }
[  5380.414s] EVENT PassageStarted: passage #0
[  5380.414s] EVENT ExtractionProgress { passage_index: 0, extractor: "ID3", status: "running", timestamp: 1766334765 }
[  5380.414s] EVENT ExtractionProgress { passage_index: 0, extractor: "ID3", status: "completed", timestamp: 1766334765 }
[  5380.414s] EVENT ExtractionProgress { passage_index: 0, extractor: "Chromaprint", status: "running", timestamp: 1766334765 }
[  5380.903s] EVENT ExtractionProgress { passage_index: 0, extractor: "Chromaprint", status: "completed", timestamp: 1766334765 }
[  5380.903s] EVENT ExtractionProgress { passage_index: 0, extractor: "AudioDerived", status: "running", timestamp: 1766334765 }
[  5381.719s] FILE_COMPLETE [71/5737] 11 - Daisy Jane.mp3 - 1 passages in 21.70s (total_elapsed: 5381.7s)
[  5381.719s] FILE_START [72/5737] 12 - Woman Tonight.mp3
[  5381.725s] EVENT ExtractionProgress { passage_index: 0, extractor: "AudioDerived", status: "completed", timestamp: 1766334766 }
[  5381.725s] EVENT ExtractionProgress { passage_index: 0, extractor: "ID3GenreMapper", status: "running", timestamp: 1766334766 }
[  5381.725s] EVENT ExtractionProgress { passage_index: 0, extractor: "ID3GenreMapper", status: "completed", timestamp: 1766334766 }
[  5381.725s] EVENT FusionStarted { passage_index: 0, timestamp: 1766334766 }
[  5381.725s] EVENT ExtractionProgress { passage_index: 0, extractor: "MusicBrainz-Pass2", status: "running", timestamp: 1766334766 }
[  5381.725s] EVENT ExtractionProgress { passage_index: 0, extractor: "MusicBrainz-Pass2", status: "completed", timestamp: 1766334766 }
[  5381.725s] EVENT FusionStarted { passage_index: 0, timestamp: 1766334766 }
[  5381.725s] EVENT ValidationStarted { passage_index: 0, timestamp: 1766334766 }
[  5381.725s] EVENT PassageCompleted: passage #0
[  5381.725s] EVENT FileCompleted: "C:\\Users\\Mango Cat\\Music\\America\\History\u{f03a} America’s Greatest Hits\\11 - Daisy Jane.mp3"
[  5381.725s] EVENT FileStarted: "C:\\Users\\Mango Cat\\Music\\America\\History\u{f03a} America’s Greatest Hits\\12 - Woman Tonight.mp3"
[  5381.725s] EVENT SingleTrackCheckCompleted { file_path: "C:\\Users\\Mango Cat\\Music\\America\\History\u{f03a} America’s Greatest Hits\\12 - Woman Tonight.mp3", score: 2.8, is_single_track: true }
[  5397.126s] EVENT BoundaryDetected { passage_index: 0, start_time: 0, end_time: 4021862400, confidence: 0.5, timestamp: 1766334781 }
[  5397.126s] EVENT PassageStarted: passage #0
[  5397.126s] EVENT ExtractionProgress { passage_index: 0, extractor: "ID3", status: "running", timestamp: 1766334781 }
[  5397.126s] EVENT ExtractionProgress { passage_index: 0, extractor: "ID3", status: "completed", timestamp: 1766334781 }
[  5397.126s] EVENT ExtractionProgress { passage_index: 0, extractor: "Chromaprint", status: "running", timestamp: 1766334781 }
[  5397.473s] EVENT ExtractionProgress { passage_index: 0, extractor: "Chromaprint", status: "completed", timestamp: 1766334782 }
[  5397.474s] EVENT ExtractionProgress { passage_index: 0, extractor: "AudioDerived", status: "running", timestamp: 1766334782 }
[  5398.088s] FILE_COMPLETE [72/5737] 12 - Woman Tonight.mp3 - 1 passages in 16.37s (total_elapsed: 5398.1s)
[  5398.088s] FILE_START [73/5737] 01-Spark.mp3
[  5398.090s] EVENT ExtractionProgress { passage_index: 0, extractor: "AudioDerived", status: "completed", timestamp: 1766334782 }
[  5398.090s] EVENT ExtractionProgress { passage_index: 0, extractor: "ID3GenreMapper", status: "running", timestamp: 1766334782 }
[  5398.090s] EVENT ExtractionProgress { passage_index: 0, extractor: "ID3GenreMapper", status: "completed", timestamp: 1766334782 }
[  5398.090s] EVENT FusionStarted { passage_index: 0, timestamp: 1766334782 }
[  5398.090s] EVENT ExtractionProgress { passage_index: 0, extractor: "MusicBrainz-Pass2", status: "running", timestamp: 1766334782 }
[  5398.090s] EVENT ExtractionProgress { passage_index: 0, extractor: "MusicBrainz-Pass2", status: "completed", timestamp: 1766334782 }
[  5398.090s] EVENT FusionStarted { passage_index: 0, timestamp: 1766334782 }
[  5398.090s] EVENT ValidationStarted { passage_index: 0, timestamp: 1766334782 }
[  5398.090s] EVENT PassageCompleted: passage #0
[  5398.090s] EVENT FileCompleted: "C:\\Users\\Mango Cat\\Music\\America\\History\u{f03a} America’s Greatest Hits\\12 - Woman Tonight.mp3"
[  5398.090s] EVENT FileStarted: "C:\\Users\\Mango Cat\\Music\\Amos, Tori\\From_The_Choirgirl_Hotel\\01-Spark.mp3"
[  5398.090s] EVENT SingleTrackCheckCompleted { file_path: "C:\\Users\\Mango Cat\\Music\\Amos, Tori\\From_The_Choirgirl_Hotel\\01-Spark.mp3", score: 2.8, is_single_track: true }
[  5425.413s] EVENT BoundaryDetected { passage_index: 0, start_time: 0, end_time: 7158251520, confidence: 0.5, timestamp: 1766334809 }
[  5425.413s] EVENT PassageStarted: passage #0
[  5425.413s] EVENT ExtractionProgress { passage_index: 0, extractor: "ID3", status: "running", timestamp: 1766334810 }
[  5425.413s] EVENT ExtractionProgress { passage_index: 0, extractor: "ID3", status: "completed", timestamp: 1766334810 }
[  5425.413s] EVENT ExtractionProgress { passage_index: 0, extractor: "Chromaprint", status: "running", timestamp: 1766334810 }
[  5426.056s] EVENT ExtractionProgress { passage_index: 0, extractor: "Chromaprint", status: "completed", timestamp: 1766334810 }
[  5426.056s] EVENT ExtractionProgress { passage_index: 0, extractor: "AudioDerived", status: "running", timestamp: 1766334810 }
[  5427.163s] EVENT ExtractionProgress { passage_index: 0, extractor: "AudioDerived", status: "completed", timestamp: 1766334811 }
[  5427.163s] EVENT ExtractionProgress { passage_index: 0, extractor: "ID3GenreMapper", status: "running", timestamp: 1766334811 }
[  5427.163s] EVENT ExtractionProgress { passage_index: 0, extractor: "ID3GenreMapper", status: "completed", timestamp: 1766334811 }
[  5427.163s] EVENT FusionStarted { passage_index: 0, timestamp: 1766334811 }
[  5427.163s] EVENT ExtractionProgress { passage_index: 0, extractor: "MusicBrainz-Pass2", status: "running", timestamp: 1766334811 }
[  5427.171s] FILE_COMPLETE [73/5737] 01-Spark.mp3 - 1 passages in 29.08s (total_elapsed: 5427.2s)
[  5427.171s] FILE_START [74/5737] 02-Cruel.mp3
[  5427.173s] EVENT ExtractionProgress { passage_index: 0, extractor: "MusicBrainz-Pass2", status: "completed", timestamp: 1766334811 }
[  5427.173s] EVENT FusionStarted { passage_index: 0, timestamp: 1766334811 }
[  5427.173s] EVENT ValidationStarted { passage_index: 0, timestamp: 1766334811 }
[  5427.174s] EVENT PassageCompleted: passage #0
[  5427.174s] EVENT FileCompleted: "C:\\Users\\Mango Cat\\Music\\Amos, Tori\\From_The_Choirgirl_Hotel\\01-Spark.mp3"
[  5427.174s] EVENT FileStarted: "C:\\Users\\Mango Cat\\Music\\Amos, Tori\\From_The_Choirgirl_Hotel\\02-Cruel.mp3"
[  5427.174s] EVENT SingleTrackCheckCompleted { file_path: "C:\\Users\\Mango Cat\\Music\\Amos, Tori\\From_The_Choirgirl_Hotel\\02-Cruel.mp3", score: 2.8, is_single_track: true }
[  5453.786s] EVENT BoundaryDetected { passage_index: 0, start_time: 0, end_time: 6984253440, confidence: 0.5, timestamp: 1766334838 }
[  5453.786s] EVENT PassageStarted: passage #0
[  5453.786s] EVENT ExtractionProgress { passage_index: 0, extractor: "ID3", status: "running", timestamp: 1766334838 }
[  5453.786s] EVENT ExtractionProgress { passage_index: 0, extractor: "ID3", status: "completed", timestamp: 1766334838 }
[  5453.786s] EVENT ExtractionProgress { passage_index: 0, extractor: "Chromaprint", status: "running", timestamp: 1766334838 }
[  5454.416s] EVENT ExtractionProgress { passage_index: 0, extractor: "Chromaprint", status: "completed", timestamp: 1766334839 }
[  5454.416s] EVENT ExtractionProgress { passage_index: 0, extractor: "AudioDerived", status: "running", timestamp: 1766334839 }
[  5455.503s] FILE_COMPLETE [74/5737] 02-Cruel.mp3 - 1 passages in 28.33s (total_elapsed: 5455.5s)
[  5455.503s] FILE_START [75/5737] 03-Black-Dove_(January).mp3
[  5455.511s] EVENT ExtractionProgress { passage_index: 0, extractor: "AudioDerived", status: "completed", timestamp: 1766334840 }
[  5455.511s] EVENT ExtractionProgress { passage_index: 0, extractor: "ID3GenreMapper", status: "running", timestamp: 1766334840 }
[  5455.511s] EVENT ExtractionProgress { passage_index: 0, extractor: "ID3GenreMapper", status: "completed", timestamp: 1766334840 }
[  5455.511s] EVENT FusionStarted { passage_index: 0, timestamp: 1766334840 }
[  5455.511s] EVENT ExtractionProgress { passage_index: 0, extractor: "MusicBrainz-Pass2", status: "running", timestamp: 1766334840 }
[  5455.511s] EVENT ExtractionProgress { passage_index: 0, extractor: "MusicBrainz-Pass2", status: "completed", timestamp: 1766334840 }
[  5455.511s] EVENT FusionStarted { passage_index: 0, timestamp: 1766334840 }
[  5455.511s] EVENT ValidationStarted { passage_index: 0, timestamp: 1766334840 }
[  5455.511s] EVENT PassageCompleted: passage #0
[  5455.511s] EVENT FileCompleted: "C:\\Users\\Mango Cat\\Music\\Amos, Tori\\From_The_Choirgirl_Hotel\\02-Cruel.mp3"
[  5455.511s] EVENT FileStarted: "C:\\Users\\Mango Cat\\Music\\Amos, Tori\\From_The_Choirgirl_Hotel\\03-Black-Dove_(January).mp3"
[  5455.511s] EVENT SingleTrackCheckCompleted { file_path: "C:\\Users\\Mango Cat\\Music\\Amos, Tori\\From_The_Choirgirl_Hotel\\03-Black-Dove_(January).mp3", score: 2.8, is_single_track: true }
[  5468.213s] EVENT BoundaryDetected { passage_index: 0, start_time: 0, end_time: 7864565760, confidence: 0.5, timestamp: 1766334852 }
[  5468.213s] EVENT PassageStarted: passage #0
[  5468.213s] EVENT ExtractionProgress { passage_index: 0, extractor: "ID3", status: "running", timestamp: 1766334852 }
[  5468.213s] EVENT ExtractionProgress { passage_index: 0, extractor: "ID3", status: "completed", timestamp: 1766334852 }
[  5468.213s] EVENT ExtractionProgress { passage_index: 0, extractor: "Chromaprint", status: "running", timestamp: 1766334852 }
[  5468.527s] EVENT ExtractionProgress { passage_index: 0, extractor: "Chromaprint", status: "completed", timestamp: 1766334853 }
[  5468.527s] EVENT ExtractionProgress { passage_index: 0, extractor: "AudioDerived", status: "running", timestamp: 1766334853 }
[  5469.046s] EVENT ExtractionProgress { passage_index: 0, extractor: "AudioDerived", status: "completed", timestamp: 1766334853 }
[  5469.046s] EVENT ExtractionProgress { passage_index: 0, extractor: "ID3GenreMapper", status: "running", timestamp: 1766334853 }
[  5469.046s] EVENT ExtractionProgress { passage_index: 0, extractor: "ID3GenreMapper", status: "completed", timestamp: 1766334853 }
[  5469.046s] EVENT FusionStarted { passage_index: 0, timestamp: 1766334853 }
[  5469.046s] EVENT ExtractionProgress { passage_index: 0, extractor: "MusicBrainz-Pass2", status: "running", timestamp: 1766334853 }
[  5469.050s] FILE_COMPLETE [75/5737] 03-Black-Dove_(January).mp3 - 1 passages in 13.55s (total_elapsed: 5469.0s)
[  5469.050s] FILE_START [76/5737] 04-Raspberry_Swirl.mp3
[  5469.051s] EVENT ExtractionProgress { passage_index: 0, extractor: "MusicBrainz-Pass2", status: "completed", timestamp: 1766334853 }
[  5469.051s] EVENT FusionStarted { passage_index: 0, timestamp: 1766334853 }
[  5469.051s] EVENT ValidationStarted { passage_index: 0, timestamp: 1766334853 }
[  5469.051s] EVENT PassageCompleted: passage #0
[  5469.051s] EVENT FileCompleted: "C:\\Users\\Mango Cat\\Music\\Amos, Tori\\From_The_Choirgirl_Hotel\\03-Black-Dove_(January).mp3"
[  5469.051s] EVENT FileStarted: "C:\\Users\\Mango Cat\\Music\\Amos, Tori\\From_The_Choirgirl_Hotel\\04-Raspberry_Swirl.mp3"
[  5469.051s] EVENT SingleTrackCheckCompleted { file_path: "C:\\Users\\Mango Cat\\Music\\Amos, Tori\\From_The_Choirgirl_Hotel\\04-Raspberry_Swirl.mp3", score: 2.8, is_single_track: true }
[  5477.799s] EVENT BoundaryDetected { passage_index: 0, start_time: 0, end_time: 6732840960, confidence: 0.5, timestamp: 1766334862 }
[  5477.799s] EVENT PassageStarted: passage #0
[  5477.799s] EVENT ExtractionProgress { passage_index: 0, extractor: "ID3", status: "running", timestamp: 1766334862 }
[  5477.799s] EVENT ExtractionProgress { passage_index: 0, extractor: "ID3", status: "completed", timestamp: 1766334862 }
[  5477.799s] EVENT ExtractionProgress { passage_index: 0, extractor: "Chromaprint", status: "running", timestamp: 1766334862 }
[  5478.079s] EVENT ExtractionProgress { passage_index: 0, extractor: "Chromaprint", status: "completed", timestamp: 1766334862 }
[  5478.079s] EVENT ExtractionProgress { passage_index: 0, extractor: "AudioDerived", status: "running", timestamp: 1766334862 }
[  5478.543s] EVENT ExtractionProgress { passage_index: 0, extractor: "AudioDerived", status: "completed", timestamp: 1766334863 }
[  5478.543s] EVENT ExtractionProgress { passage_index: 0, extractor: "ID3GenreMapper", status: "running", timestamp: 1766334863 }
[  5478.543s] EVENT ExtractionProgress { passage_index: 0, extractor: "ID3GenreMapper", status: "completed", timestamp: 1766334863 }
[  5478.543s] EVENT FusionStarted { passage_index: 0, timestamp: 1766334863 }
[  5478.543s] EVENT ExtractionProgress { passage_index: 0, extractor: "MusicBrainz-Pass2", status: "running", timestamp: 1766334863 }
[  5478.546s] FILE_COMPLETE [76/5737] 04-Raspberry_Swirl.mp3 - 1 passages in 9.50s (total_elapsed: 5478.5s)
[  5478.546s] FILE_START [77/5737] 05-Jackie's_Strength.mp3
[  5478.547s] EVENT ExtractionProgress { passage_index: 0, extractor: "MusicBrainz-Pass2", status: "completed", timestamp: 1766334863 }
[  5478.547s] EVENT FusionStarted { passage_index: 0, timestamp: 1766334863 }
[  5478.547s] EVENT ValidationStarted { passage_index: 0, timestamp: 1766334863 }
[  5478.547s] EVENT PassageCompleted: passage #0
[  5478.547s] EVENT FileCompleted: "C:\\Users\\Mango Cat\\Music\\Amos, Tori\\From_The_Choirgirl_Hotel\\04-Raspberry_Swirl.mp3"
[  5478.547s] EVENT FileStarted: "C:\\Users\\Mango Cat\\Music\\Amos, Tori\\From_The_Choirgirl_Hotel\\05-Jackie's_Strength.mp3"
[  5478.547s] EVENT SingleTrackCheckCompleted { file_path: "C:\\Users\\Mango Cat\\Music\\Amos, Tori\\From_The_Choirgirl_Hotel\\05-Jackie's_Strength.mp3", score: 2.8, is_single_track: true }
[  5488.423s] EVENT BoundaryDetected { passage_index: 0, start_time: 0, end_time: 7535001600, confidence: 0.5, timestamp: 1766334873 }
[  5488.423s] EVENT PassageStarted: passage #0
[  5488.423s] EVENT ExtractionProgress { passage_index: 0, extractor: "ID3", status: "running", timestamp: 1766334873 }
[  5488.423s] EVENT ExtractionProgress { passage_index: 0, extractor: "ID3", status: "completed", timestamp: 1766334873 }
[  5488.423s] EVENT ExtractionProgress { passage_index: 0, extractor: "Chromaprint", status: "running", timestamp: 1766334873 }
[  5488.735s] EVENT ExtractionProgress { passage_index: 0, extractor: "Chromaprint", status: "completed", timestamp: 1766334873 }
[  5488.735s] EVENT ExtractionProgress { passage_index: 0, extractor: "AudioDerived", status: "running", timestamp: 1766334873 }
[  5489.240s] EVENT ExtractionProgress { passage_index: 0, extractor: "AudioDerived", status: "completed", timestamp: 1766334873 }
[  5489.240s] EVENT ExtractionProgress { passage_index: 0, extractor: "ID3GenreMapper", status: "running", timestamp: 1766334873 }
[  5489.240s] EVENT ExtractionProgress { passage_index: 0, extractor: "ID3GenreMapper", status: "completed", timestamp: 1766334873 }
[  5489.240s] EVENT FusionStarted { passage_index: 0, timestamp: 1766334873 }
[  5489.240s] EVENT ExtractionProgress { passage_index: 0, extractor: "MusicBrainz-Pass2", status: "running", timestamp: 1766334873 }
[  5489.243s] FILE_COMPLETE [77/5737] 05-Jackie's_Strength.mp3 - 1 passages in 10.70s (total_elapsed: 5489.2s)
[  5489.243s] FILE_START [78/5737] 06-i_i_e_e_e.mp3
[  5489.244s] EVENT ExtractionProgress { passage_index: 0, extractor: "MusicBrainz-Pass2", status: "completed", timestamp: 1766334873 }
[  5489.244s] EVENT FusionStarted { passage_index: 0, timestamp: 1766334873 }
[  5489.244s] EVENT ValidationStarted { passage_index: 0, timestamp: 1766334873 }
[  5489.244s] EVENT PassageCompleted: passage #0
[  5489.244s] EVENT FileCompleted: "C:\\Users\\Mango Cat\\Music\\Amos, Tori\\From_The_Choirgirl_Hotel\\05-Jackie's_Strength.mp3"
[  5489.244s] EVENT FileStarted: "C:\\Users\\Mango Cat\\Music\\Amos, Tori\\From_The_Choirgirl_Hotel\\06-i_i_e_e_e.mp3"
[  5489.244s] EVENT SingleTrackCheckCompleted { file_path: "C:\\Users\\Mango Cat\\Music\\Amos, Tori\\From_The_Choirgirl_Hotel\\06-i_i_e_e_e.mp3", score: 2.8, is_single_track: true }
[  5498.535s] EVENT BoundaryDetected { passage_index: 0, start_time: 0, end_time: 6996049920, confidence: 0.5, timestamp: 1766334883 }
[  5498.535s] EVENT PassageStarted: passage #0
[  5498.535s] EVENT ExtractionProgress { passage_index: 0, extractor: "ID3", status: "running", timestamp: 1766334883 }
[  5498.535s] EVENT ExtractionProgress { passage_index: 0, extractor: "ID3", status: "completed", timestamp: 1766334883 }
[  5498.535s] EVENT ExtractionProgress { passage_index: 0, extractor: "Chromaprint", status: "running", timestamp: 1766334883 }
[  5498.835s] EVENT ExtractionProgress { passage_index: 0, extractor: "Chromaprint", status: "completed", timestamp: 1766334883 }
[  5498.835s] EVENT ExtractionProgress { passage_index: 0, extractor: "AudioDerived", status: "running", timestamp: 1766334883 }
[  5499.304s] EVENT ExtractionProgress { passage_index: 0, extractor: "AudioDerived", status: "completed", timestamp: 1766334883 }
[  5499.304s] EVENT ExtractionProgress { passage_index: 0, extractor: "ID3GenreMapper", status: "running", timestamp: 1766334883 }
[  5499.304s] EVENT ExtractionProgress { passage_index: 0, extractor: "ID3GenreMapper", status: "completed", timestamp: 1766334883 }
[  5499.304s] EVENT FusionStarted { passage_index: 0, timestamp: 1766334883 }
[  5499.304s] EVENT ExtractionProgress { passage_index: 0, extractor: "MusicBrainz-Pass2", status: "running", timestamp: 1766334883 }
[  5499.308s] FILE_COMPLETE [78/5737] 06-i_i_e_e_e.mp3 - 1 passages in 10.06s (total_elapsed: 5499.3s)
[  5499.308s] FILE_START [79/5737] 07-Liquid_Diamonds.mp3
[  5499.309s] EVENT ExtractionProgress { passage_index: 0, extractor: "MusicBrainz-Pass2", status: "completed", timestamp: 1766334883 }
[  5499.309s] EVENT FusionStarted { passage_index: 0, timestamp: 1766334883 }
[  5499.309s] EVENT ValidationStarted { passage_index: 0, timestamp: 1766334883 }
[  5499.309s] EVENT PassageCompleted: passage #0
[  5499.309s] EVENT FileCompleted: "C:\\Users\\Mango Cat\\Music\\Amos, Tori\\From_The_Choirgirl_Hotel\\06-i_i_e_e_e.mp3"
[  5499.309s] EVENT FileStarted: "C:\\Users\\Mango Cat\\Music\\Amos, Tori\\From_The_Choirgirl_Hotel\\07-Liquid_Diamonds.mp3"
[  5499.309s] EVENT SingleTrackCheckCompleted { file_path: "C:\\Users\\Mango Cat\\Music\\Amos, Tori\\From_The_Choirgirl_Hotel\\07-Liquid_Diamonds.mp3", score: 2.8, is_single_track: true }
[  5513.589s] EVENT BoundaryDetected { passage_index: 0, start_time: 0, end_time: 10771660800, confidence: 0.8, timestamp: 1766334898 }
[  5513.589s] EVENT PassageStarted: passage #0
[  5513.589s] EVENT ExtractionProgress { passage_index: 0, extractor: "ID3", status: "running", timestamp: 1766334898 }
[  5513.589s] EVENT ExtractionProgress { passage_index: 0, extractor: "ID3", status: "completed", timestamp: 1766334898 }
[  5513.589s] EVENT ExtractionProgress { passage_index: 0, extractor: "Chromaprint", status: "running", timestamp: 1766334898 }
[  5514.028s] EVENT ExtractionProgress { passage_index: 0, extractor: "Chromaprint", status: "completed", timestamp: 1766334898 }
[  5514.028s] EVENT ExtractionProgress { passage_index: 0, extractor: "AudioDerived", status: "running", timestamp: 1766334898 }
[  5514.744s] EVENT ExtractionProgress { passage_index: 0, extractor: "AudioDerived", status: "completed", timestamp: 1766334899 }
[  5514.744s] EVENT ExtractionProgress { passage_index: 0, extractor: "ID3GenreMapper", status: "running", timestamp: 1766334899 }
[  5514.744s] EVENT ExtractionProgress { passage_index: 0, extractor: "ID3GenreMapper", status: "completed", timestamp: 1766334899 }
[  5514.744s] EVENT FusionStarted { passage_index: 0, timestamp: 1766334899 }
[  5514.744s] EVENT ExtractionProgress { passage_index: 0, extractor: "MusicBrainz-Pass2", status: "running", timestamp: 1766334899 }
[  5514.748s] FILE_COMPLETE [79/5737] 07-Liquid_Diamonds.mp3 - 1 passages in 15.44s (total_elapsed: 5514.7s)
[  5514.748s] FILE_START [80/5737] 08-She's_Your_Cocaine.mp3
[  5514.749s] EVENT ExtractionProgress { passage_index: 0, extractor: "MusicBrainz-Pass2", status: "completed", timestamp: 1766334899 }
[  5514.749s] EVENT FusionStarted { passage_index: 0, timestamp: 1766334899 }
[  5514.749s] EVENT ValidationStarted { passage_index: 0, timestamp: 1766334899 }
[  5514.749s] EVENT PassageCompleted: passage #0
[  5514.749s] EVENT FileCompleted: "C:\\Users\\Mango Cat\\Music\\Amos, Tori\\From_The_Choirgirl_Hotel\\07-Liquid_Diamonds.mp3"
[  5514.749s] EVENT FileStarted: "C:\\Users\\Mango Cat\\Music\\Amos, Tori\\From_The_Choirgirl_Hotel\\08-She's_Your_Cocaine.mp3"
[  5514.749s] EVENT SingleTrackCheckCompleted { file_path: "C:\\Users\\Mango Cat\\Music\\Amos, Tori\\From_The_Choirgirl_Hotel\\08-She's_Your_Cocaine.mp3", score: 2.8, is_single_track: true }
[  5522.845s] EVENT BoundaryDetected { passage_index: 0, start_time: 0, end_time: 6268354560, confidence: 0.5, timestamp: 1766334907 }
[  5522.845s] EVENT PassageStarted: passage #0
[  5522.845s] EVENT ExtractionProgress { passage_index: 0, extractor: "ID3", status: "running", timestamp: 1766334907 }
[  5522.845s] EVENT ExtractionProgress { passage_index: 0, extractor: "ID3", status: "completed", timestamp: 1766334907 }
[  5522.845s] EVENT ExtractionProgress { passage_index: 0, extractor: "Chromaprint", status: "running", timestamp: 1766334907 }
[  5523.102s] EVENT ExtractionProgress { passage_index: 0, extractor: "Chromaprint", status: "completed", timestamp: 1766334907 }
[  5523.102s] EVENT ExtractionProgress { passage_index: 0, extractor: "AudioDerived", status: "running", timestamp: 1766334907 }
[  5523.516s] EVENT ExtractionProgress { passage_index: 0, extractor: "AudioDerived", status: "completed", timestamp: 1766334908 }
[  5523.516s] EVENT ExtractionProgress { passage_index: 0, extractor: "ID3GenreMapper", status: "running", timestamp: 1766334908 }
[  5523.516s] EVENT ExtractionProgress { passage_index: 0, extractor: "ID3GenreMapper", status: "completed", timestamp: 1766334908 }
[  5523.516s] EVENT FusionStarted { passage_index: 0, timestamp: 1766334908 }
[  5523.516s] EVENT ExtractionProgress { passage_index: 0, extractor: "MusicBrainz-Pass2", status: "running", timestamp: 1766334908 }
[  5523.519s] FILE_COMPLETE [80/5737] 08-She's_Your_Cocaine.mp3 - 1 passages in 8.77s (total_elapsed: 5523.5s)
[  5523.519s] PROGRESS 80/5737 (1.4%) - 0.01 files/sec - ETA: 6509.7min
[  5523.519s] FILE_START [81/5737] 09-Northern_Lad.mp3
[  5523.520s] EVENT ExtractionProgress { passage_index: 0, extractor: "MusicBrainz-Pass2", status: "completed", timestamp: 1766334908 }
[  5523.520s] EVENT FusionStarted { passage_index: 0, timestamp: 1766334908 }
[  5523.520s] EVENT ValidationStarted { passage_index: 0, timestamp: 1766334908 }
[  5523.520s] EVENT PassageCompleted: passage #0
[  5523.520s] EVENT FileCompleted: "C:\\Users\\Mango Cat\\Music\\Amos, Tori\\From_The_Choirgirl_Hotel\\08-She's_Your_Cocaine.mp3"
[  5523.520s] EVENT FileStarted: "C:\\Users\\Mango Cat\\Music\\Amos, Tori\\From_The_Choirgirl_Hotel\\09-Northern_Lad.mp3"
[  5523.520s] EVENT SingleTrackCheckCompleted { file_path: "C:\\Users\\Mango Cat\\Music\\Amos, Tori\\From_The_Choirgirl_Hotel\\09-Northern_Lad.mp3", score: 2.8, is_single_track: true }
[  5532.910s] EVENT BoundaryDetected { passage_index: 0, start_time: 0, end_time: 7315292160, confidence: 0.5, timestamp: 1766334917 }
[  5532.910s] EVENT PassageStarted: passage #0
[  5532.910s] EVENT ExtractionProgress { passage_index: 0, extractor: "ID3", status: "running", timestamp: 1766334917 }
[  5532.910s] EVENT ExtractionProgress { passage_index: 0, extractor: "ID3", status: "completed", timestamp: 1766334917 }
[  5532.910s] EVENT ExtractionProgress { passage_index: 0, extractor: "Chromaprint", status: "running", timestamp: 1766334917 }
[  5533.204s] EVENT ExtractionProgress { passage_index: 0, extractor: "Chromaprint", status: "completed", timestamp: 1766334917 }
[  5533.204s] EVENT ExtractionProgress { passage_index: 0, extractor: "AudioDerived", status: "running", timestamp: 1766334917 }
[  5533.691s] EVENT ExtractionProgress { passage_index: 0, extractor: "AudioDerived", status: "completed", timestamp: 1766334918 }
[  5533.691s] EVENT ExtractionProgress { passage_index: 0, extractor: "ID3GenreMapper", status: "running", timestamp: 1766334918 }
[  5533.691s] EVENT ExtractionProgress { passage_index: 0, extractor: "ID3GenreMapper", status: "completed", timestamp: 1766334918 }
[  5533.691s] EVENT FusionStarted { passage_index: 0, timestamp: 1766334918 }
[  5533.691s] EVENT ExtractionProgress { passage_index: 0, extractor: "MusicBrainz-Pass2", status: "running", timestamp: 1766334918 }
[  5533.696s] FILE_COMPLETE [81/5737] 09-Northern_Lad.mp3 - 1 passages in 10.18s (total_elapsed: 5533.7s)
[  5533.696s] FILE_START [82/5737] 10-Hotel.mp3
[  5533.697s] EVENT ExtractionProgress { passage_index: 0, extractor: "MusicBrainz-Pass2", status: "completed", timestamp: 1766334918 }
[  5533.697s] EVENT FusionStarted { passage_index: 0, timestamp: 1766334918 }
[  5533.697s] EVENT ValidationStarted { passage_index: 0, timestamp: 1766334918 }
[  5533.697s] EVENT PassageCompleted: passage #0
[  5533.697s] EVENT FileCompleted: "C:\\Users\\Mango Cat\\Music\\Amos, Tori\\From_The_Choirgirl_Hotel\\09-Northern_Lad.mp3"
[  5533.697s] EVENT FileStarted: "C:\\Users\\Mango Cat\\Music\\Amos, Tori\\From_The_Choirgirl_Hotel\\10-Hotel.mp3"
[  5533.697s] EVENT SingleTrackCheckCompleted { file_path: "C:\\Users\\Mango Cat\\Music\\Amos, Tori\\From_The_Choirgirl_Hotel\\10-Hotel.mp3", score: 2.8, is_single_track: true }
[  5545.271s] EVENT BoundaryDetected { passage_index: 0, start_time: 0, end_time: 8117222400, confidence: 0.8, timestamp: 1766334929 }
[  5545.271s] EVENT PassageStarted: passage #0
[  5545.271s] EVENT ExtractionProgress { passage_index: 0, extractor: "ID3", status: "running", timestamp: 1766334929 }
[  5545.271s] EVENT ExtractionProgress { passage_index: 0, extractor: "ID3", status: "completed", timestamp: 1766334929 }
[  5545.271s] EVENT ExtractionProgress { passage_index: 0, extractor: "Chromaprint", status: "running", timestamp: 1766334929 }
[  5545.637s] EVENT ExtractionProgress { passage_index: 0, extractor: "Chromaprint", status: "completed", timestamp: 1766334930 }
[  5545.637s] EVENT ExtractionProgress { passage_index: 0, extractor: "AudioDerived", status: "running", timestamp: 1766334930 }
[  5546.244s] EVENT ExtractionProgress { passage_index: 0, extractor: "AudioDerived", status: "completed", timestamp: 1766334930 }
[  5546.244s] EVENT ExtractionProgress { passage_index: 0, extractor: "ID3GenreMapper", status: "running", timestamp: 1766334930 }
[  5546.244s] EVENT ExtractionProgress { passage_index: 0, extractor: "ID3GenreMapper", status: "completed", timestamp: 1766334930 }
[  5546.244s] EVENT FusionStarted { passage_index: 0, timestamp: 1766334930 }
[  5546.244s] EVENT ExtractionProgress { passage_index: 0, extractor: "MusicBrainz-Pass2", status: "running", timestamp: 1766334930 }
[  5546.247s] FILE_COMPLETE [82/5737] 10-Hotel.mp3 - 1 passages in 12.55s (total_elapsed: 5546.2s)
[  5546.247s] FILE_START [83/5737] 11-Playboy_Mommy.mp3
[  5546.248s] EVENT ExtractionProgress { passage_index: 0, extractor: "MusicBrainz-Pass2", status: "completed", timestamp: 1766334930 }
[  5546.249s] EVENT FusionStarted { passage_index: 0, timestamp: 1766334930 }
[  5546.249s] EVENT ValidationStarted { passage_index: 0, timestamp: 1766334930 }
[  5546.249s] EVENT PassageCompleted: passage #0
[  5546.249s] EVENT FileCompleted: "C:\\Users\\Mango Cat\\Music\\Amos, Tori\\From_The_Choirgirl_Hotel\\10-Hotel.mp3"
[  5546.249s] EVENT FileStarted: "C:\\Users\\Mango Cat\\Music\\Amos, Tori\\From_The_Choirgirl_Hotel\\11-Playboy_Mommy.mp3"
[  5546.249s] EVENT SingleTrackCheckCompleted { file_path: "C:\\Users\\Mango Cat\\Music\\Amos, Tori\\From_The_Choirgirl_Hotel\\11-Playboy_Mommy.mp3", score: 2.8, is_single_track: true }
[  5555.208s] EVENT BoundaryDetected { passage_index: 0, start_time: 0, end_time: 7027015680, confidence: 0.5, timestamp: 1766334939 }
[  5555.208s] EVENT PassageStarted: passage #0
[  5555.208s] EVENT ExtractionProgress { passage_index: 0, extractor: "ID3", status: "running", timestamp: 1766334939 }
[  5555.208s] EVENT ExtractionProgress { passage_index: 0, extractor: "ID3", status: "completed", timestamp: 1766334939 }
[  5555.208s] EVENT ExtractionProgress { passage_index: 0, extractor: "Chromaprint", status: "running", timestamp: 1766334939 }
[  5555.495s] EVENT ExtractionProgress { passage_index: 0, extractor: "Chromaprint", status: "completed", timestamp: 1766334940 }
[  5555.495s] EVENT ExtractionProgress { passage_index: 0, extractor: "AudioDerived", status: "running", timestamp: 1766334940 }
[  5555.953s] EVENT ExtractionProgress { passage_index: 0, extractor: "AudioDerived", status: "completed", timestamp: 1766334940 }
[  5555.954s] EVENT ExtractionProgress { passage_index: 0, extractor: "ID3GenreMapper", status: "running", timestamp: 1766334940 }
[  5555.954s] EVENT ExtractionProgress { passage_index: 0, extractor: "ID3GenreMapper", status: "completed", timestamp: 1766334940 }
[  5555.954s] EVENT FusionStarted { passage_index: 0, timestamp: 1766334940 }
[  5555.954s] EVENT ExtractionProgress { passage_index: 0, extractor: "MusicBrainz-Pass2", status: "running", timestamp: 1766334940 }
[  5555.958s] FILE_COMPLETE [83/5737] 11-Playboy_Mommy.mp3 - 1 passages in 9.71s (total_elapsed: 5556.0s)
[  5555.958s] FILE_START [84/5737] 12-Pandora's_Aquarium.mp3
[  5555.959s] EVENT ExtractionProgress { passage_index: 0, extractor: "MusicBrainz-Pass2", status: "completed", timestamp: 1766334940 }
[  5555.959s] EVENT FusionStarted { passage_index: 0, timestamp: 1766334940 }
[  5555.959s] EVENT ValidationStarted { passage_index: 0, timestamp: 1766334940 }
[  5555.959s] EVENT PassageCompleted: passage #0
[  5555.959s] EVENT FileCompleted: "C:\\Users\\Mango Cat\\Music\\Amos, Tori\\From_The_Choirgirl_Hotel\\11-Playboy_Mommy.mp3"
[  5555.959s] EVENT FileStarted: "C:\\Users\\Mango Cat\\Music\\Amos, Tori\\From_The_Choirgirl_Hotel\\12-Pandora's_Aquarium.mp3"
[  5555.959s] EVENT SingleTrackCheckCompleted { file_path: "C:\\Users\\Mango Cat\\Music\\Amos, Tori\\From_The_Choirgirl_Hotel\\12-Pandora's_Aquarium.mp3", score: 2.8, is_single_track: true }
[  5566.192s] EVENT BoundaryDetected { passage_index: 0, start_time: 0, end_time: 8054046720, confidence: 0.5, timestamp: 1766334950 }
[  5566.193s] EVENT PassageStarted: passage #0
[  5566.193s] EVENT ExtractionProgress { passage_index: 0, extractor: "ID3", status: "running", timestamp: 1766334950 }
[  5566.193s] EVENT ExtractionProgress { passage_index: 0, extractor: "ID3", status: "completed", timestamp: 1766334950 }
[  5566.193s] EVENT ExtractionProgress { passage_index: 0, extractor: "Chromaprint", status: "running", timestamp: 1766334950 }
[  5566.519s] EVENT ExtractionProgress { passage_index: 0, extractor: "Chromaprint", status: "completed", timestamp: 1766334951 }
[  5566.519s] EVENT ExtractionProgress { passage_index: 0, extractor: "AudioDerived", status: "running", timestamp: 1766334951 }
[  5567.051s] EVENT ExtractionProgress { passage_index: 0, extractor: "AudioDerived", status: "completed", timestamp: 1766334951 }
[  5567.051s] EVENT ExtractionProgress { passage_index: 0, extractor: "ID3GenreMapper", status: "running", timestamp: 1766334951 }
[  5567.051s] EVENT ExtractionProgress { passage_index: 0, extractor: "ID3GenreMapper", status: "completed", timestamp: 1766334951 }
[  5567.051s] EVENT FusionStarted { passage_index: 0, timestamp: 1766334951 }
[  5567.051s] EVENT ExtractionProgress { passage_index: 0, extractor: "MusicBrainz-Pass2", status: "running", timestamp: 1766334951 }
[  5567.055s] FILE_COMPLETE [84/5737] 12-Pandora's_Aquarium.mp3 - 1 passages in 11.10s (total_elapsed: 5567.0s)
[  5567.055s] FILE_START [85/5737] (Fiona_Apple)Tidal-01-Sleep_to_Dream.mp3
[  5567.056s] EVENT ExtractionProgress { passage_index: 0, extractor: "MusicBrainz-Pass2", status: "completed", timestamp: 1766334951 }
[  5567.056s] EVENT FusionStarted { passage_index: 0, timestamp: 1766334951 }
[  5567.056s] EVENT ValidationStarted { passage_index: 0, timestamp: 1766334951 }
[  5567.056s] EVENT PassageCompleted: passage #0
[  5567.056s] EVENT FileCompleted: "C:\\Users\\Mango Cat\\Music\\Amos, Tori\\From_The_Choirgirl_Hotel\\12-Pandora's_Aquarium.mp3"
[  5567.056s] EVENT FileStarted: "C:\\Users\\Mango Cat\\Music\\Apple, Fiona\\Tidal\\(Fiona_Apple)Tidal-01-Sleep_to_Dream.mp3"
[  5567.056s] EVENT SingleTrackCheckCompleted { file_path: "C:\\Users\\Mango Cat\\Music\\Apple, Fiona\\Tidal\\(Fiona_Apple)Tidal-01-Sleep_to_Dream.mp3", score: 1.8, is_single_track: true }
[  5575.888s] EVENT BoundaryDetected { passage_index: 0, start_time: 0, end_time: 7056506880, confidence: 0.5, timestamp: 1766334960 }
[  5575.888s] EVENT PassageStarted: passage #0
[  5575.888s] EVENT ExtractionProgress { passage_index: 0, extractor: "ID3", status: "running", timestamp: 1766334960 }
[  5575.888s] EVENT ExtractionProgress { passage_index: 0, extractor: "ID3", status: "completed", timestamp: 1766334960 }
[  5575.888s] EVENT ExtractionProgress { passage_index: 0, extractor: "Chromaprint", status: "running", timestamp: 1766334960 }
[  5576.178s] EVENT ExtractionProgress { passage_index: 0, extractor: "Chromaprint", status: "completed", timestamp: 1766334960 }
[  5576.178s] EVENT ExtractionProgress { passage_index: 0, extractor: "AudioDerived", status: "running", timestamp: 1766334960 }
[  5576.644s] EVENT ExtractionProgress { passage_index: 0, extractor: "AudioDerived", status: "completed", timestamp: 1766334961 }
[  5576.644s] EVENT ExtractionProgress { passage_index: 0, extractor: "ID3GenreMapper", status: "running", timestamp: 1766334961 }
[  5576.644s] EVENT ExtractionProgress { passage_index: 0, extractor: "ID3GenreMapper", status: "completed", timestamp: 1766334961 }
[  5576.644s] EVENT FusionStarted { passage_index: 0, timestamp: 1766334961 }
[  5576.644s] EVENT ExtractionProgress { passage_index: 0, extractor: "MusicBrainz-Pass2", status: "running", timestamp: 1766334961 }
[  5576.648s] FILE_COMPLETE [85/5737] (Fiona_Apple)Tidal-01-Sleep_to_Dream.mp3 - 1 passages in 9.59s (total_elapsed: 5576.6s)
[  5576.648s] FILE_START [86/5737] (Fiona_Apple)Tidal-02-Sullen_Girl.mp3
[  5576.649s] EVENT ExtractionProgress { passage_index: 0, extractor: "MusicBrainz-Pass2", status: "completed", timestamp: 1766334961 }
[  5576.649s] EVENT FusionStarted { passage_index: 0, timestamp: 1766334961 }
[  5576.649s] EVENT ValidationStarted { passage_index: 0, timestamp: 1766334961 }
[  5576.649s] EVENT PassageCompleted: passage #0
[  5576.649s] EVENT FileCompleted: "C:\\Users\\Mango Cat\\Music\\Apple, Fiona\\Tidal\\(Fiona_Apple)Tidal-01-Sleep_to_Dream.mp3"
[  5576.649s] EVENT FileStarted: "C:\\Users\\Mango Cat\\Music\\Apple, Fiona\\Tidal\\(Fiona_Apple)Tidal-02-Sullen_Girl.mp3"
[  5576.649s] EVENT SingleTrackCheckCompleted { file_path: "C:\\Users\\Mango Cat\\Music\\Apple, Fiona\\Tidal\\(Fiona_Apple)Tidal-02-Sullen_Girl.mp3", score: 1.8, is_single_track: true }
[  5585.033s] EVENT BoundaryDetected { passage_index: 0, start_time: 0, end_time: 6624460800, confidence: 0.5, timestamp: 1766334969 }
[  5585.033s] EVENT PassageStarted: passage #0
[  5585.033s] EVENT ExtractionProgress { passage_index: 0, extractor: "ID3", status: "running", timestamp: 1766334969 }
[  5585.033s] EVENT ExtractionProgress { passage_index: 0, extractor: "ID3", status: "completed", timestamp: 1766334969 }
[  5585.033s] EVENT ExtractionProgress { passage_index: 0, extractor: "Chromaprint", status: "running", timestamp: 1766334969 }
[  5585.307s] EVENT ExtractionProgress { passage_index: 0, extractor: "Chromaprint", status: "completed", timestamp: 1766334969 }
[  5585.307s] EVENT ExtractionProgress { passage_index: 0, extractor: "AudioDerived", status: "running", timestamp: 1766334969 }
[  5585.739s] EVENT ExtractionProgress { passage_index: 0, extractor: "AudioDerived", status: "completed", timestamp: 1766334970 }
[  5585.739s] EVENT ExtractionProgress { passage_index: 0, extractor: "ID3GenreMapper", status: "running", timestamp: 1766334970 }
[  5585.739s] EVENT ExtractionProgress { passage_index: 0, extractor: "ID3GenreMapper", status: "completed", timestamp: 1766334970 }
[  5585.739s] EVENT FusionStarted { passage_index: 0, timestamp: 1766334970 }
[  5585.739s] EVENT ExtractionProgress { passage_index: 0, extractor: "MusicBrainz-Pass2", status: "running", timestamp: 1766334970 }
[  5585.743s] FILE_COMPLETE [86/5737] (Fiona_Apple)Tidal-02-Sullen_Girl.mp3 - 1 passages in 9.09s (total_elapsed: 5585.7s)
[  5585.743s] FILE_START [87/5737] (Fiona_Apple)Tidal-03-Shadowboxer.mp3
[  5585.750s] EVENT ExtractionProgress { passage_index: 0, extractor: "MusicBrainz-Pass2", status: "completed", timestamp: 1766334970 }
[  5585.750s] EVENT FusionStarted { passage_index: 0, timestamp: 1766334970 }
[  5585.750s] EVENT ValidationStarted { passage_index: 0, timestamp: 1766334970 }
[  5585.750s] EVENT PassageCompleted: passage #0
[  5585.750s] EVENT FileCompleted: "C:\\Users\\Mango Cat\\Music\\Apple, Fiona\\Tidal\\(Fiona_Apple)Tidal-02-Sullen_Girl.mp3"
[  5585.750s] EVENT FileStarted: "C:\\Users\\Mango Cat\\Music\\Apple, Fiona\\Tidal\\(Fiona_Apple)Tidal-03-Shadowboxer.mp3"
[  5585.750s] EVENT SingleTrackCheckCompleted { file_path: "C:\\Users\\Mango Cat\\Music\\Apple, Fiona\\Tidal\\(Fiona_Apple)Tidal-03-Shadowboxer.mp3", score: 1.8, is_single_track: true }
[  5597.325s] EVENT BoundaryDetected { passage_index: 0, start_time: 0, end_time: 9152593920, confidence: 0.5, timestamp: 1766334981 }
[  5597.325s] EVENT PassageStarted: passage #0
[  5597.325s] EVENT ExtractionProgress { passage_index: 0, extractor: "ID3", status: "running", timestamp: 1766334981 }
[  5597.325s] EVENT ExtractionProgress { passage_index: 0, extractor: "ID3", status: "completed", timestamp: 1766334981 }
[  5597.325s] EVENT ExtractionProgress { passage_index: 0, extractor: "Chromaprint", status: "running", timestamp: 1766334981 }
[  5597.691s] EVENT ExtractionProgress { passage_index: 0, extractor: "Chromaprint", status: "completed", timestamp: 1766334982 }
[  5597.691s] EVENT ExtractionProgress { passage_index: 0, extractor: "AudioDerived", status: "running", timestamp: 1766334982 }
[  5598.299s] EVENT ExtractionProgress { passage_index: 0, extractor: "AudioDerived", status: "completed", timestamp: 1766334982 }
[  5598.299s] EVENT ExtractionProgress { passage_index: 0, extractor: "ID3GenreMapper", status: "running", timestamp: 1766334982 }
[  5598.299s] EVENT ExtractionProgress { passage_index: 0, extractor: "ID3GenreMapper", status: "completed", timestamp: 1766334982 }
[  5598.299s] EVENT FusionStarted { passage_index: 0, timestamp: 1766334982 }
[  5598.299s] EVENT ExtractionProgress { passage_index: 0, extractor: "MusicBrainz-Pass2", status: "running", timestamp: 1766334982 }
[  5598.303s] FILE_COMPLETE [87/5737] (Fiona_Apple)Tidal-03-Shadowboxer.mp3 - 1 passages in 12.56s (total_elapsed: 5598.3s)
[  5598.303s] FILE_START [88/5737] (Fiona_Apple)Tidal-04-Criminal.mp3
[  5598.304s] EVENT ExtractionProgress { passage_index: 0, extractor: "MusicBrainz-Pass2", status: "completed", timestamp: 1766334982 }
[  5598.304s] EVENT FusionStarted { passage_index: 0, timestamp: 1766334982 }
[  5598.304s] EVENT ValidationStarted { passage_index: 0, timestamp: 1766334982 }
[  5598.304s] EVENT PassageCompleted: passage #0
[  5598.304s] EVENT FileCompleted: "C:\\Users\\Mango Cat\\Music\\Apple, Fiona\\Tidal\\(Fiona_Apple)Tidal-03-Shadowboxer.mp3"
[  5598.304s] EVENT FileStarted: "C:\\Users\\Mango Cat\\Music\\Apple, Fiona\\Tidal\\(Fiona_Apple)Tidal-04-Criminal.mp3"
[  5598.304s] EVENT SingleTrackCheckCompleted { file_path: "C:\\Users\\Mango Cat\\Music\\Apple, Fiona\\Tidal\\(Fiona_Apple)Tidal-04-Criminal.mp3", score: 1.8, is_single_track: true }
[  5610.573s] EVENT BoundaryDetected { passage_index: 0, start_time: 0, end_time: 9693757440, confidence: 0.5, timestamp: 1766334995 }
[  5610.573s] EVENT PassageStarted: passage #0
[  5610.573s] EVENT ExtractionProgress { passage_index: 0, extractor: "ID3", status: "running", timestamp: 1766334995 }
[  5610.573s] EVENT ExtractionProgress { passage_index: 0, extractor: "ID3", status: "completed", timestamp: 1766334995 }
[  5610.573s] EVENT ExtractionProgress { passage_index: 0, extractor: "Chromaprint", status: "running", timestamp: 1766334995 }
[  5610.958s] EVENT ExtractionProgress { passage_index: 0, extractor: "Chromaprint", status: "completed", timestamp: 1766334995 }
[  5610.958s] EVENT ExtractionProgress { passage_index: 0, extractor: "AudioDerived", status: "running", timestamp: 1766334995 }
[  5611.600s] EVENT ExtractionProgress { passage_index: 0, extractor: "AudioDerived", status: "completed", timestamp: 1766334996 }
[  5611.600s] EVENT ExtractionProgress { passage_index: 0, extractor: "ID3GenreMapper", status: "running", timestamp: 1766334996 }
[  5611.600s] EVENT ExtractionProgress { passage_index: 0, extractor: "ID3GenreMapper", status: "completed", timestamp: 1766334996 }
[  5611.600s] EVENT FusionStarted { passage_index: 0, timestamp: 1766334996 }
[  5611.600s] EVENT ExtractionProgress { passage_index: 0, extractor: "MusicBrainz-Pass2", status: "running", timestamp: 1766334996 }
[  5611.604s] FILE_COMPLETE [88/5737] (Fiona_Apple)Tidal-04-Criminal.mp3 - 1 passages in 13.30s (total_elapsed: 5611.6s)
[  5611.604s] FILE_START [89/5737] (Fiona_Apple)Tidal-05-Slow_Like_Honey.mp3
[  5611.605s] EVENT ExtractionProgress { passage_index: 0, extractor: "MusicBrainz-Pass2", status: "completed", timestamp: 1766334996 }
[  5611.605s] EVENT FusionStarted { passage_index: 0, timestamp: 1766334996 }
[  5611.605s] EVENT ValidationStarted { passage_index: 0, timestamp: 1766334996 }
[  5611.605s] EVENT PassageCompleted: passage #0
[  5611.605s] EVENT FileCompleted: "C:\\Users\\Mango Cat\\Music\\Apple, Fiona\\Tidal\\(Fiona_Apple)Tidal-04-Criminal.mp3"
[  5611.605s] EVENT FileStarted: "C:\\Users\\Mango Cat\\Music\\Apple, Fiona\\Tidal\\(Fiona_Apple)Tidal-05-Slow_Like_Honey.mp3"
[  5611.605s] EVENT SingleTrackCheckCompleted { file_path: "C:\\Users\\Mango Cat\\Music\\Apple, Fiona\\Tidal\\(Fiona_Apple)Tidal-05-Slow_Like_Honey.mp3", score: 1.8, is_single_track: true }
[  5624.449s] EVENT BoundaryDetected { passage_index: 0, start_time: 0, end_time: 10092625920, confidence: 0.5, timestamp: 1766335009 }
[  5624.449s] EVENT PassageStarted: passage #0
[  5624.449s] EVENT ExtractionProgress { passage_index: 0, extractor: "ID3", status: "running", timestamp: 1766335009 }
[  5624.449s] EVENT ExtractionProgress { passage_index: 0, extractor: "ID3", status: "completed", timestamp: 1766335009 }
[  5624.449s] EVENT ExtractionProgress { passage_index: 0, extractor: "Chromaprint", status: "running", timestamp: 1766335009 }
[  5624.856s] EVENT ExtractionProgress { passage_index: 0, extractor: "Chromaprint", status: "completed", timestamp: 1766335009 }
[  5624.856s] EVENT ExtractionProgress { passage_index: 0, extractor: "AudioDerived", status: "running", timestamp: 1766335009 }
[  5625.526s] EVENT ExtractionProgress { passage_index: 0, extractor: "AudioDerived", status: "completed", timestamp: 1766335010 }
[  5625.526s] EVENT ExtractionProgress { passage_index: 0, extractor: "ID3GenreMapper", status: "running", timestamp: 1766335010 }
[  5625.526s] EVENT ExtractionProgress { passage_index: 0, extractor: "ID3GenreMapper", status: "completed", timestamp: 1766335010 }
[  5625.526s] EVENT FusionStarted { passage_index: 0, timestamp: 1766335010 }
[  5625.526s] EVENT ExtractionProgress { passage_index: 0, extractor: "MusicBrainz-Pass2", status: "running", timestamp: 1766335010 }
[  5625.530s] FILE_COMPLETE [89/5737] (Fiona_Apple)Tidal-05-Slow_Like_Honey.mp3 - 1 passages in 13.93s (total_elapsed: 5625.5s)
[  5625.530s] FILE_START [90/5737] (Fiona_Apple)Tidal-06-The_First_Taste.mp3
[  5625.531s] EVENT ExtractionProgress { passage_index: 0, extractor: "MusicBrainz-Pass2", status: "completed", timestamp: 1766335010 }
[  5625.531s] EVENT FusionStarted { passage_index: 0, timestamp: 1766335010 }
[  5625.531s] EVENT ValidationStarted { passage_index: 0, timestamp: 1766335010 }
[  5625.531s] EVENT PassageCompleted: passage #0
[  5625.531s] EVENT FileCompleted: "C:\\Users\\Mango Cat\\Music\\Apple, Fiona\\Tidal\\(Fiona_Apple)Tidal-05-Slow_Like_Honey.mp3"
[  5625.531s] EVENT FileStarted: "C:\\Users\\Mango Cat\\Music\\Apple, Fiona\\Tidal\\(Fiona_Apple)Tidal-06-The_First_Taste.mp3"
[  5625.531s] EVENT SingleTrackCheckCompleted { file_path: "C:\\Users\\Mango Cat\\Music\\Apple, Fiona\\Tidal\\(Fiona_Apple)Tidal-06-The_First_Taste.mp3", score: 1.8, is_single_track: true }
[  5635.690s] EVENT BoundaryDetected { passage_index: 0, start_time: 0, end_time: 8031191040, confidence: 0.8, timestamp: 1766335020 }
[  5635.690s] EVENT PassageStarted: passage #0
[  5635.690s] EVENT ExtractionProgress { passage_index: 0, extractor: "ID3", status: "running", timestamp: 1766335020 }
[  5635.690s] EVENT ExtractionProgress { passage_index: 0, extractor: "ID3", status: "completed", timestamp: 1766335020 }
[  5635.690s] EVENT ExtractionProgress { passage_index: 0, extractor: "Chromaprint", status: "running", timestamp: 1766335020 }
[  5636.008s] EVENT ExtractionProgress { passage_index: 0, extractor: "Chromaprint", status: "completed", timestamp: 1766335020 }
[  5636.008s] EVENT ExtractionProgress { passage_index: 0, extractor: "AudioDerived", status: "running", timestamp: 1766335020 }
[  5636.536s] EVENT ExtractionProgress { passage_index: 0, extractor: "AudioDerived", status: "completed", timestamp: 1766335021 }
[  5636.536s] EVENT ExtractionProgress { passage_index: 0, extractor: "ID3GenreMapper", status: "running", timestamp: 1766335021 }
[  5636.536s] EVENT ExtractionProgress { passage_index: 0, extractor: "ID3GenreMapper", status: "completed", timestamp: 1766335021 }
[  5636.536s] EVENT FusionStarted { passage_index: 0, timestamp: 1766335021 }
[  5636.536s] EVENT ExtractionProgress { passage_index: 0, extractor: "MusicBrainz-Pass2", status: "running", timestamp: 1766335021 }
[  5636.540s] FILE_COMPLETE [90/5737] (Fiona_Apple)Tidal-06-The_First_Taste.mp3 - 1 passages in 11.01s (total_elapsed: 5636.5s)
[  5636.540s] PROGRESS 90/5737 (1.6%) - 0.02 files/sec - ETA: 5894.4min
[  5636.540s] FILE_START [91/5737] (Fiona_Apple)Tidal-07-Never_Is_a_Promise.mp3
[  5636.541s] EVENT ExtractionProgress { passage_index: 0, extractor: "MusicBrainz-Pass2", status: "completed", timestamp: 1766335021 }
[  5636.541s] EVENT FusionStarted { passage_index: 0, timestamp: 1766335021 }
[  5636.541s] EVENT ValidationStarted { passage_index: 0, timestamp: 1766335021 }
[  5636.541s] EVENT PassageCompleted: passage #0
[  5636.541s] EVENT FileCompleted: "C:\\Users\\Mango Cat\\Music\\Apple, Fiona\\Tidal\\(Fiona_Apple)Tidal-06-The_First_Taste.mp3"
[  5636.541s] EVENT FileStarted: "C:\\Users\\Mango Cat\\Music\\Apple, Fiona\\Tidal\\(Fiona_Apple)Tidal-07-Never_Is_a_Promise.mp3"
[  5636.541s] EVENT SingleTrackCheckCompleted { file_path: "C:\\Users\\Mango Cat\\Music\\Apple, Fiona\\Tidal\\(Fiona_Apple)Tidal-07-Never_Is_a_Promise.mp3", score: 1.8, is_single_track: true }
[  5649.057s] EVENT BoundaryDetected { passage_index: 0, start_time: 0, end_time: 10006364160, confidence: 0.5, timestamp: 1766335033 }
[  5649.057s] EVENT PassageStarted: passage #0
[  5649.057s] EVENT ExtractionProgress { passage_index: 0, extractor: "ID3", status: "running", timestamp: 1766335033 }
[  5649.057s] EVENT ExtractionProgress { passage_index: 0, extractor: "ID3", status: "completed", timestamp: 1766335033 }
[  5649.057s] EVENT ExtractionProgress { passage_index: 0, extractor: "Chromaprint", status: "running", timestamp: 1766335033 }
[  5649.459s] EVENT ExtractionProgress { passage_index: 0, extractor: "Chromaprint", status: "completed", timestamp: 1766335034 }
[  5649.459s] EVENT ExtractionProgress { passage_index: 0, extractor: "AudioDerived", status: "running", timestamp: 1766335034 }
[  5650.115s] EVENT ExtractionProgress { passage_index: 0, extractor: "AudioDerived", status: "completed", timestamp: 1766335034 }
[  5650.115s] EVENT ExtractionProgress { passage_index: 0, extractor: "ID3GenreMapper", status: "running", timestamp: 1766335034 }
[  5650.115s] EVENT ExtractionProgress { passage_index: 0, extractor: "ID3GenreMapper", status: "completed", timestamp: 1766335034 }
[  5650.115s] EVENT FusionStarted { passage_index: 0, timestamp: 1766335034 }
[  5650.115s] EVENT ExtractionProgress { passage_index: 0, extractor: "MusicBrainz-Pass2", status: "running", timestamp: 1766335034 }
[  5650.120s] FILE_COMPLETE [91/5737] (Fiona_Apple)Tidal-07-Never_Is_a_Promise.mp3 - 1 passages in 13.58s (total_elapsed: 5650.1s)
[  5650.120s] FILE_START [92/5737] (Fiona_Apple)Tidal-08-The_Child_Is_Gone.mp3
[  5650.123s] EVENT ExtractionProgress { passage_index: 0, extractor: "MusicBrainz-Pass2", status: "completed", timestamp: 1766335034 }
[  5650.123s] EVENT FusionStarted { passage_index: 0, timestamp: 1766335034 }
[  5650.123s] EVENT ValidationStarted { passage_index: 0, timestamp: 1766335034 }
[  5650.123s] EVENT PassageCompleted: passage #0
[  5650.123s] EVENT FileCompleted: "C:\\Users\\Mango Cat\\Music\\Apple, Fiona\\Tidal\\(Fiona_Apple)Tidal-07-Never_Is_a_Promise.mp3"
[  5650.123s] EVENT FileStarted: "C:\\Users\\Mango Cat\\Music\\Apple, Fiona\\Tidal\\(Fiona_Apple)Tidal-08-The_Child_Is_Gone.mp3"
[  5650.123s] EVENT SingleTrackCheckCompleted { file_path: "C:\\Users\\Mango Cat\\Music\\Apple, Fiona\\Tidal\\(Fiona_Apple)Tidal-08-The_Child_Is_Gone.mp3", score: 1.8, is_single_track: true }
[  5659.193s] EVENT BoundaryDetected { passage_index: 0, start_time: 0, end_time: 7193640960, confidence: 0.5, timestamp: 1766335043 }
[  5659.193s] EVENT PassageStarted: passage #0
[  5659.193s] EVENT ExtractionProgress { passage_index: 0, extractor: "ID3", status: "running", timestamp: 1766335043 }
[  5659.193s] EVENT ExtractionProgress { passage_index: 0, extractor: "ID3", status: "completed", timestamp: 1766335043 }
[  5659.193s] EVENT ExtractionProgress { passage_index: 0, extractor: "Chromaprint", status: "running", timestamp: 1766335043 }
[  5659.487s] EVENT ExtractionProgress { passage_index: 0, extractor: "Chromaprint", status: "completed", timestamp: 1766335044 }
[  5659.487s] EVENT ExtractionProgress { passage_index: 0, extractor: "AudioDerived", status: "running", timestamp: 1766335044 }
[  5659.960s] EVENT ExtractionProgress { passage_index: 0, extractor: "AudioDerived", status: "completed", timestamp: 1766335044 }
[  5659.960s] EVENT ExtractionProgress { passage_index: 0, extractor: "ID3GenreMapper", status: "running", timestamp: 1766335044 }
[  5659.960s] EVENT ExtractionProgress { passage_index: 0, extractor: "ID3GenreMapper", status: "completed", timestamp: 1766335044 }
[  5659.960s] EVENT FusionStarted { passage_index: 0, timestamp: 1766335044 }
[  5659.960s] EVENT ExtractionProgress { passage_index: 0, extractor: "MusicBrainz-Pass2", status: "running", timestamp: 1766335044 }
[  5659.963s] FILE_COMPLETE [92/5737] (Fiona_Apple)Tidal-08-The_Child_Is_Gone.mp3 - 1 passages in 9.84s (total_elapsed: 5660.0s)
[  5659.963s] FILE_START [93/5737] (Fiona_Apple)Tidal-09-Pale_September.mp3
[  5659.964s] EVENT ExtractionProgress { passage_index: 0, extractor: "MusicBrainz-Pass2", status: "completed", timestamp: 1766335044 }
[  5659.964s] EVENT FusionStarted { passage_index: 0, timestamp: 1766335044 }
[  5659.964s] EVENT ValidationStarted { passage_index: 0, timestamp: 1766335044 }
[  5659.964s] EVENT PassageCompleted: passage #0
[  5659.964s] EVENT FileCompleted: "C:\\Users\\Mango Cat\\Music\\Apple, Fiona\\Tidal\\(Fiona_Apple)Tidal-08-The_Child_Is_Gone.mp3"
[  5659.964s] EVENT FileStarted: "C:\\Users\\Mango Cat\\Music\\Apple, Fiona\\Tidal\\(Fiona_Apple)Tidal-09-Pale_September.mp3"
[  5659.964s] EVENT SingleTrackCheckCompleted { file_path: "C:\\Users\\Mango Cat\\Music\\Apple, Fiona\\Tidal\\(Fiona_Apple)Tidal-09-Pale_September.mp3", score: 1.8, is_single_track: true }
[  5672.485s] EVENT BoundaryDetected { passage_index: 0, start_time: 0, end_time: 9905356800, confidence: 0.5, timestamp: 1766335057 }
[  5672.485s] EVENT PassageStarted: passage #0
[  5672.485s] EVENT ExtractionProgress { passage_index: 0, extractor: "ID3", status: "running", timestamp: 1766335057 }
[  5672.485s] EVENT ExtractionProgress { passage_index: 0, extractor: "ID3", status: "completed", timestamp: 1766335057 }
[  5672.485s] EVENT ExtractionProgress { passage_index: 0, extractor: "Chromaprint", status: "running", timestamp: 1766335057 }
[  5672.892s] EVENT ExtractionProgress { passage_index: 0, extractor: "Chromaprint", status: "completed", timestamp: 1766335057 }
[  5672.892s] EVENT ExtractionProgress { passage_index: 0, extractor: "AudioDerived", status: "running", timestamp: 1766335057 }
[  5673.546s] EVENT ExtractionProgress { passage_index: 0, extractor: "AudioDerived", status: "completed", timestamp: 1766335058 }
[  5673.546s] EVENT ExtractionProgress { passage_index: 0, extractor: "ID3GenreMapper", status: "running", timestamp: 1766335058 }
[  5673.546s] EVENT ExtractionProgress { passage_index: 0, extractor: "ID3GenreMapper", status: "completed", timestamp: 1766335058 }
[  5673.546s] EVENT FusionStarted { passage_index: 0, timestamp: 1766335058 }
[  5673.546s] EVENT ExtractionProgress { passage_index: 0, extractor: "MusicBrainz-Pass2", status: "running", timestamp: 1766335058 }
[  5673.550s] FILE_COMPLETE [93/5737] (Fiona_Apple)Tidal-09-Pale_September.mp3 - 1 passages in 13.59s (total_elapsed: 5673.5s)
[  5673.550s] FILE_START [94/5737] (Fiona_Apple)Tidal-10-Carrion.mp3
[  5673.551s] EVENT ExtractionProgress { passage_index: 0, extractor: "MusicBrainz-Pass2", status: "completed", timestamp: 1766335058 }
[  5673.551s] EVENT FusionStarted { passage_index: 0, timestamp: 1766335058 }
[  5673.551s] EVENT ValidationStarted { passage_index: 0, timestamp: 1766335058 }
[  5673.551s] EVENT PassageCompleted: passage #0
[  5673.551s] EVENT FileCompleted: "C:\\Users\\Mango Cat\\Music\\Apple, Fiona\\Tidal\\(Fiona_Apple)Tidal-09-Pale_September.mp3"
[  5673.551s] EVENT FileStarted: "C:\\Users\\Mango Cat\\Music\\Apple, Fiona\\Tidal\\(Fiona_Apple)Tidal-10-Carrion.mp3"
[  5673.551s] EVENT SingleTrackCheckCompleted { file_path: "C:\\Users\\Mango Cat\\Music\\Apple, Fiona\\Tidal\\(Fiona_Apple)Tidal-10-Carrion.mp3", score: 1.8, is_single_track: true }
[  5685.784s] EVENT BoundaryDetected { passage_index: 0, start_time: 0, end_time: 9671639040, confidence: 0.5, timestamp: 1766335070 }
[  5685.784s] EVENT PassageStarted: passage #0
[  5685.784s] EVENT ExtractionProgress { passage_index: 0, extractor: "ID3", status: "running", timestamp: 1766335070 }
[  5685.784s] EVENT ExtractionProgress { passage_index: 0, extractor: "ID3", status: "completed", timestamp: 1766335070 }
[  5685.784s] EVENT ExtractionProgress { passage_index: 0, extractor: "Chromaprint", status: "running", timestamp: 1766335070 }
[  5686.169s] EVENT ExtractionProgress { passage_index: 0, extractor: "Chromaprint", status: "completed", timestamp: 1766335070 }
[  5686.169s] EVENT ExtractionProgress { passage_index: 0, extractor: "AudioDerived", status: "running", timestamp: 1766335070 }
[  5686.809s] EVENT ExtractionProgress { passage_index: 0, extractor: "AudioDerived", status: "completed", timestamp: 1766335071 }
[  5686.809s] EVENT ExtractionProgress { passage_index: 0, extractor: "ID3GenreMapper", status: "running", timestamp: 1766335071 }
[  5686.809s] EVENT ExtractionProgress { passage_index: 0, extractor: "ID3GenreMapper", status: "completed", timestamp: 1766335071 }
[  5686.809s] EVENT FusionStarted { passage_index: 0, timestamp: 1766335071 }
[  5686.809s] EVENT ExtractionProgress { passage_index: 0, extractor: "MusicBrainz-Pass2", status: "running", timestamp: 1766335071 }
[  5686.812s] FILE_COMPLETE [94/5737] (Fiona_Apple)Tidal-10-Carrion.mp3 - 1 passages in 13.26s (total_elapsed: 5686.8s)
[  5686.812s] FILE_START [95/5737] 01 - United Together (single version).mp3
[  5686.813s] EVENT ExtractionProgress { passage_index: 0, extractor: "MusicBrainz-Pass2", status: "completed", timestamp: 1766335071 }
[  5686.813s] EVENT FusionStarted { passage_index: 0, timestamp: 1766335071 }
[  5686.813s] EVENT ValidationStarted { passage_index: 0, timestamp: 1766335071 }
[  5686.813s] EVENT PassageCompleted: passage #0
[  5686.813s] EVENT FileCompleted: "C:\\Users\\Mango Cat\\Music\\Apple, Fiona\\Tidal\\(Fiona_Apple)Tidal-10-Carrion.mp3"
[  5686.813s] EVENT FileStarted: "C:\\Users\\Mango Cat\\Music\\Aretha Franklin\\Knew You Were Waiting\u{f03a} The Best of Aretha Franklin 1980–1998\\01 - United Together (single version).mp3"
[  5686.813s] EVENT SingleTrackCheckCompleted { file_path: "C:\\Users\\Mango Cat\\Music\\Aretha Franklin\\Knew You Were Waiting\u{f03a} The Best of Aretha Franklin 1980–1998\\01 - United Together (single version).mp3", score: 2.8, is_single_track: true }
[  5695.736s] EVENT BoundaryDetected { passage_index: 0, start_time: 0, end_time: 7052083200, confidence: 0.5, timestamp: 1766335080 }
[  5695.736s] EVENT PassageStarted: passage #0
[  5695.736s] EVENT ExtractionProgress { passage_index: 0, extractor: "ID3", status: "running", timestamp: 1766335080 }
[  5695.736s] EVENT ExtractionProgress { passage_index: 0, extractor: "ID3", status: "completed", timestamp: 1766335080 }
[  5695.736s] EVENT ExtractionProgress { passage_index: 0, extractor: "Chromaprint", status: "running", timestamp: 1766335080 }
[  5696.022s] EVENT ExtractionProgress { passage_index: 0, extractor: "Chromaprint", status: "completed", timestamp: 1766335080 }
[  5696.022s] EVENT ExtractionProgress { passage_index: 0, extractor: "AudioDerived", status: "running", timestamp: 1766335080 }
[  5696.485s] EVENT ExtractionProgress { passage_index: 0, extractor: "AudioDerived", status: "completed", timestamp: 1766335081 }
[  5696.485s] EVENT ExtractionProgress { passage_index: 0, extractor: "ID3GenreMapper", status: "running", timestamp: 1766335081 }
[  5696.485s] EVENT ExtractionProgress { passage_index: 0, extractor: "ID3GenreMapper", status: "completed", timestamp: 1766335081 }
[  5696.485s] EVENT FusionStarted { passage_index: 0, timestamp: 1766335081 }
[  5696.485s] EVENT ExtractionProgress { passage_index: 0, extractor: "MusicBrainz-Pass2", status: "running", timestamp: 1766335081 }
[  5696.488s] FILE_COMPLETE [95/5737] 01 - United Together (single version).mp3 - 1 passages in 9.68s (total_elapsed: 5696.5s)
[  5696.488s] FILE_START [96/5737] 02 - Love All the Hurt Away.mp3
[  5696.489s] EVENT ExtractionProgress { passage_index: 0, extractor: "MusicBrainz-Pass2", status: "completed", timestamp: 1766335081 }
[  5696.489s] EVENT FusionStarted { passage_index: 0, timestamp: 1766335081 }
[  5696.489s] EVENT ValidationStarted { passage_index: 0, timestamp: 1766335081 }
[  5696.489s] EVENT PassageCompleted: passage #0
[  5696.489s] EVENT FileCompleted: "C:\\Users\\Mango Cat\\Music\\Aretha Franklin\\Knew You Were Waiting\u{f03a} The Best of Aretha Franklin 1980–1998\\01 - United Together (single version).mp3"
[  5696.489s] EVENT FileStarted: "C:\\Users\\Mango Cat\\Music\\Aretha Franklin\\Knew You Were Waiting\u{f03a} The Best of Aretha Franklin 1980–1998\\02 - Love All the Hurt Away.mp3"
[  5696.489s] EVENT SingleTrackCheckCompleted { file_path: "C:\\Users\\Mango Cat\\Music\\Aretha Franklin\\Knew You Were Waiting\u{f03a} The Best of Aretha Franklin 1980–1998\\02 - Love All the Hurt Away.mp3", score: 2.8, is_single_track: true }
[  5705.254s] EVENT BoundaryDetected { passage_index: 0, start_time: 0, end_time: 6994575360, confidence: 0.5, timestamp: 1766335089 }
[  5705.254s] EVENT PassageStarted: passage #0
[  5705.254s] EVENT ExtractionProgress { passage_index: 0, extractor: "ID3", status: "running", timestamp: 1766335089 }
[  5705.254s] EVENT ExtractionProgress { passage_index: 0, extractor: "ID3", status: "completed", timestamp: 1766335089 }
[  5705.254s] EVENT ExtractionProgress { passage_index: 0, extractor: "Chromaprint", status: "running", timestamp: 1766335089 }
[  5705.537s] EVENT ExtractionProgress { passage_index: 0, extractor: "Chromaprint", status: "completed", timestamp: 1766335090 }
[  5705.537s] EVENT ExtractionProgress { passage_index: 0, extractor: "AudioDerived", status: "running", timestamp: 1766335090 }
[  5705.993s] EVENT ExtractionProgress { passage_index: 0, extractor: "AudioDerived", status: "completed", timestamp: 1766335090 }
[  5705.993s] EVENT ExtractionProgress { passage_index: 0, extractor: "ID3GenreMapper", status: "running", timestamp: 1766335090 }
[  5705.993s] EVENT ExtractionProgress { passage_index: 0, extractor: "ID3GenreMapper", status: "completed", timestamp: 1766335090 }
[  5705.993s] EVENT FusionStarted { passage_index: 0, timestamp: 1766335090 }
[  5705.993s] EVENT ExtractionProgress { passage_index: 0, extractor: "MusicBrainz-Pass2", status: "running", timestamp: 1766335090 }
[  5705.996s] FILE_COMPLETE [96/5737] 02 - Love All the Hurt Away.mp3 - 1 passages in 9.51s (total_elapsed: 5706.0s)
[  5705.996s] FILE_START [97/5737] 03 - Jump to It (original radio mix).mp3
[  5705.997s] EVENT ExtractionProgress { passage_index: 0, extractor: "MusicBrainz-Pass2", status: "completed", timestamp: 1766335090 }
[  5705.997s] EVENT FusionStarted { passage_index: 0, timestamp: 1766335090 }
[  5705.997s] EVENT ValidationStarted { passage_index: 0, timestamp: 1766335090 }
[  5705.997s] EVENT PassageCompleted: passage #0
[  5705.997s] EVENT FileCompleted: "C:\\Users\\Mango Cat\\Music\\Aretha Franklin\\Knew You Were Waiting\u{f03a} The Best of Aretha Franklin 1980–1998\\02 - Love All the Hurt Away.mp3"
[  5705.997s] EVENT FileStarted: "C:\\Users\\Mango Cat\\Music\\Aretha Franklin\\Knew You Were Waiting\u{f03a} The Best of Aretha Franklin 1980–1998\\03 - Jump to It (original radio mix).mp3"
[  5705.997s] EVENT SingleTrackCheckCompleted { file_path: "C:\\Users\\Mango Cat\\Music\\Aretha Franklin\\Knew You Were Waiting\u{f03a} The Best of Aretha Franklin 1980–1998\\03 - Jump to It (original radio mix).mp3", score: 2.8, is_single_track: true }
[  5715.069s] EVENT BoundaryDetected { passage_index: 0, start_time: 0, end_time: 7237140480, confidence: 0.5, timestamp: 1766335099 }
[  5715.069s] EVENT PassageStarted: passage #0
[  5715.069s] EVENT ExtractionProgress { passage_index: 0, extractor: "ID3", status: "running", timestamp: 1766335099 }
[  5715.069s] EVENT ExtractionProgress { passage_index: 0, extractor: "ID3", status: "completed", timestamp: 1766335099 }
[  5715.069s] EVENT ExtractionProgress { passage_index: 0, extractor: "Chromaprint", status: "running", timestamp: 1766335099 }
[  5715.360s] EVENT ExtractionProgress { passage_index: 0, extractor: "Chromaprint", status: "completed", timestamp: 1766335099 }
[  5715.361s] EVENT ExtractionProgress { passage_index: 0, extractor: "AudioDerived", status: "running", timestamp: 1766335099 }
[  5715.833s] EVENT ExtractionProgress { passage_index: 0, extractor: "AudioDerived", status: "completed", timestamp: 1766335100 }
[  5715.833s] EVENT ExtractionProgress { passage_index: 0, extractor: "ID3GenreMapper", status: "running", timestamp: 1766335100 }
[  5715.833s] EVENT ExtractionProgress { passage_index: 0, extractor: "ID3GenreMapper", status: "completed", timestamp: 1766335100 }
[  5715.833s] EVENT FusionStarted { passage_index: 0, timestamp: 1766335100 }
[  5715.833s] EVENT ExtractionProgress { passage_index: 0, extractor: "MusicBrainz-Pass2", status: "running", timestamp: 1766335100 }
[  5715.836s] FILE_COMPLETE [97/5737] 03 - Jump to It (original radio mix).mp3 - 1 passages in 9.84s (total_elapsed: 5715.8s)
[  5715.836s] FILE_START [98/5737] 04 - Get It Right.mp3
[  5715.837s] EVENT ExtractionProgress { passage_index: 0, extractor: "MusicBrainz-Pass2", status: "completed", timestamp: 1766335100 }
[  5715.837s] EVENT FusionStarted { passage_index: 0, timestamp: 1766335100 }
[  5715.837s] EVENT ValidationStarted { passage_index: 0, timestamp: 1766335100 }
[  5715.837s] EVENT PassageCompleted: passage #0
[  5715.837s] EVENT FileCompleted: "C:\\Users\\Mango Cat\\Music\\Aretha Franklin\\Knew You Were Waiting\u{f03a} The Best of Aretha Franklin 1980–1998\\03 - Jump to It (original radio mix).mp3"
[  5715.837s] EVENT FileStarted: "C:\\Users\\Mango Cat\\Music\\Aretha Franklin\\Knew You Were Waiting\u{f03a} The Best of Aretha Franklin 1980–1998\\04 - Get It Right.mp3"
[  5715.837s] EVENT SingleTrackCheckCompleted { file_path: "C:\\Users\\Mango Cat\\Music\\Aretha Franklin\\Knew You Were Waiting\u{f03a} The Best of Aretha Franklin 1980–1998\\04 - Get It Right.mp3", score: 2.8, is_single_track: true }
[  5725.025s] EVENT BoundaryDetected { passage_index: 0, start_time: 0, end_time: 7195115520, confidence: 0.5, timestamp: 1766335109 }
[  5725.025s] EVENT PassageStarted: passage #0
[  5725.025s] EVENT ExtractionProgress { passage_index: 0, extractor: "ID3", status: "running", timestamp: 1766335109 }
[  5725.025s] EVENT ExtractionProgress { passage_index: 0, extractor: "ID3", status: "completed", timestamp: 1766335109 }
[  5725.025s] EVENT ExtractionProgress { passage_index: 0, extractor: "Chromaprint", status: "running", timestamp: 1766335109 }
[  5725.315s] EVENT ExtractionProgress { passage_index: 0, extractor: "Chromaprint", status: "completed", timestamp: 1766335109 }
[  5725.315s] EVENT ExtractionProgress { passage_index: 0, extractor: "AudioDerived", status: "running", timestamp: 1766335109 }
[  5725.795s] EVENT ExtractionProgress { passage_index: 0, extractor: "AudioDerived", status: "completed", timestamp: 1766335110 }
[  5725.795s] EVENT ExtractionProgress { passage_index: 0, extractor: "ID3GenreMapper", status: "running", timestamp: 1766335110 }
[  5725.795s] EVENT ExtractionProgress { passage_index: 0, extractor: "ID3GenreMapper", status: "completed", timestamp: 1766335110 }
[  5725.795s] EVENT FusionStarted { passage_index: 0, timestamp: 1766335110 }
[  5725.795s] EVENT ExtractionProgress { passage_index: 0, extractor: "MusicBrainz-Pass2", status: "running", timestamp: 1766335110 }
[  5725.798s] FILE_COMPLETE [98/5737] 04 - Get It Right.mp3 - 1 passages in 9.96s (total_elapsed: 5725.8s)
[  5725.798s] FILE_START [99/5737] 05 - Freeway of Love (single version).mp3
[  5725.803s] EVENT ExtractionProgress { passage_index: 0, extractor: "MusicBrainz-Pass2", status: "completed", timestamp: 1766335110 }
[  5725.803s] EVENT FusionStarted { passage_index: 0, timestamp: 1766335110 }
[  5725.803s] EVENT ValidationStarted { passage_index: 0, timestamp: 1766335110 }
[  5725.803s] EVENT PassageCompleted: passage #0
[  5725.803s] EVENT FileCompleted: "C:\\Users\\Mango Cat\\Music\\Aretha Franklin\\Knew You Were Waiting\u{f03a} The Best of Aretha Franklin 1980–1998\\04 - Get It Right.mp3"
[  5725.803s] EVENT FileStarted: "C:\\Users\\Mango Cat\\Music\\Aretha Franklin\\Knew You Were Waiting\u{f03a} The Best of Aretha Franklin 1980–1998\\05 - Freeway of Love (single version).mp3"
[  5725.803s] EVENT SingleTrackCheckCompleted { file_path: "C:\\Users\\Mango Cat\\Music\\Aretha Franklin\\Knew You Were Waiting\u{f03a} The Best of Aretha Franklin 1980–1998\\05 - Freeway of Love (single version).mp3", score: 2.8, is_single_track: true }
[  5736.223s] EVENT BoundaryDetected { passage_index: 0, start_time: 0, end_time: 6984253440, confidence: 0.5, timestamp: 1766335120 }
[  5736.223s] EVENT PassageStarted: passage #0
[  5736.223s] EVENT ExtractionProgress { passage_index: 0, extractor: "ID3", status: "running", timestamp: 1766335120 }
[  5736.223s] EVENT ExtractionProgress { passage_index: 0, extractor: "ID3", status: "completed", timestamp: 1766335120 }
[  5736.223s] EVENT ExtractionProgress { passage_index: 0, extractor: "Chromaprint", status: "running", timestamp: 1766335120 }
[  5736.856s] EVENT ExtractionProgress { passage_index: 0, extractor: "Chromaprint", status: "completed", timestamp: 1766335121 }
[  5736.856s] EVENT ExtractionProgress { passage_index: 0, extractor: "AudioDerived", status: "running", timestamp: 1766335121 }
[  5737.920s] FILE_COMPLETE [99/5737] 05 - Freeway of Love (single version).mp3 - 1 passages in 12.12s (total_elapsed: 5737.9s)
[  5737.920s] FILE_START [100/5737] 06 - Who's Zoomin' Who (single version).mp3
[  5737.923s] EVENT ExtractionProgress { passage_index: 0, extractor: "AudioDerived", status: "completed", timestamp: 1766335122 }
[  5737.923s] EVENT ExtractionProgress { passage_index: 0, extractor: "ID3GenreMapper", status: "running", timestamp: 1766335122 }
[  5737.923s] EVENT ExtractionProgress { passage_index: 0, extractor: "ID3GenreMapper", status: "completed", timestamp: 1766335122 }
[  5737.923s] EVENT FusionStarted { passage_index: 0, timestamp: 1766335122 }
[  5737.923s] EVENT ExtractionProgress { passage_index: 0, extractor: "MusicBrainz-Pass2", status: "running", timestamp: 1766335122 }
[  5737.924s] EVENT ExtractionProgress { passage_index: 0, extractor: "MusicBrainz-Pass2", status: "completed", timestamp: 1766335122 }
[  5737.924s] EVENT FusionStarted { passage_index: 0, timestamp: 1766335122 }
[  5737.924s] EVENT ValidationStarted { passage_index: 0, timestamp: 1766335122 }
[  5737.924s] EVENT PassageCompleted: passage #0
[  5737.924s] EVENT FileCompleted: "C:\\Users\\Mango Cat\\Music\\Aretha Franklin\\Knew You Were Waiting\u{f03a} The Best of Aretha Franklin 1980–1998\\05 - Freeway of Love (single version).mp3"
[  5737.924s] EVENT FileStarted: "C:\\Users\\Mango Cat\\Music\\Aretha Franklin\\Knew You Were Waiting\u{f03a} The Best of Aretha Franklin 1980–1998\\06 - Who's Zoomin' Who (single version).mp3"
[  5737.924s] EVENT SingleTrackCheckCompleted { file_path: "C:\\Users\\Mango Cat\\Music\\Aretha Franklin\\Knew You Were Waiting\u{f03a} The Best of Aretha Franklin 1980–1998\\06 - Who's Zoomin' Who (single version).mp3", score: 2.8, is_single_track: true }
[  5748.635s] EVENT BoundaryDetected { passage_index: 0, start_time: 0, end_time: 7025541120, confidence: 0.5, timestamp: 1766335133 }
[  5748.635s] EVENT PassageStarted: passage #0
[  5748.635s] EVENT ExtractionProgress { passage_index: 0, extractor: "ID3", status: "running", timestamp: 1766335133 }
[  5748.635s] EVENT ExtractionProgress { passage_index: 0, extractor: "ID3", status: "completed", timestamp: 1766335133 }
[  5748.635s] EVENT ExtractionProgress { passage_index: 0, extractor: "Chromaprint", status: "running", timestamp: 1766335133 }
[  5748.921s] EVENT ExtractionProgress { passage_index: 0, extractor: "Chromaprint", status: "completed", timestamp: 1766335133 }
[  5748.921s] EVENT ExtractionProgress { passage_index: 0, extractor: "AudioDerived", status: "running", timestamp: 1766335133 }
[  5749.383s] EVENT ExtractionProgress { passage_index: 0, extractor: "AudioDerived", status: "completed", timestamp: 1766335134 }
[  5749.383s] EVENT ExtractionProgress { passage_index: 0, extractor: "ID3GenreMapper", status: "running", timestamp: 1766335134 }
[  5749.383s] EVENT ExtractionProgress { passage_index: 0, extractor: "ID3GenreMapper", status: "completed", timestamp: 1766335134 }
[  5749.383s] EVENT FusionStarted { passage_index: 0, timestamp: 1766335134 }
[  5749.383s] EVENT ExtractionProgress { passage_index: 0, extractor: "MusicBrainz-Pass2", status: "running", timestamp: 1766335134 }
[  5749.386s] FILE_COMPLETE [100/5737] 06 - Who's Zoomin' Who (single version).mp3 - 1 passages in 11.47s (total_elapsed: 5749.4s)
[  5749.386s] PROGRESS 100/5737 (1.7%) - 0.02 files/sec - ETA: 5401.5min
[  5749.386s] FILE_START [101/5737] 07 - Sisters Are Doin' It for Themselves.mp3
[  5749.387s] EVENT ExtractionProgress { passage_index: 0, extractor: "MusicBrainz-Pass2", status: "completed", timestamp: 1766335134 }
[  5749.387s] EVENT FusionStarted { passage_index: 0, timestamp: 1766335134 }
[  5749.387s] EVENT ValidationStarted { passage_index: 0, timestamp: 1766335134 }
[  5749.387s] EVENT PassageCompleted: passage #0
[  5749.387s] EVENT FileCompleted: "C:\\Users\\Mango Cat\\Music\\Aretha Franklin\\Knew You Were Waiting\u{f03a} The Best of Aretha Franklin 1980–1998\\06 - Who's Zoomin' Who (single version).mp3"
[  5749.387s] EVENT FileStarted: "C:\\Users\\Mango Cat\\Music\\Aretha Franklin\\Knew You Were Waiting\u{f03a} The Best of Aretha Franklin 1980–1998\\07 - Sisters Are Doin' It for Themselves.mp3"
[  5749.387s] EVENT SingleTrackCheckCompleted { file_path: "C:\\Users\\Mango Cat\\Music\\Aretha Franklin\\Knew You Were Waiting\u{f03a} The Best of Aretha Franklin 1980–1998\\07 - Sisters Are Doin' It for Themselves.mp3", score: 2.8, is_single_track: true }
[  5759.970s] EVENT BoundaryDetected { passage_index: 0, start_time: 0, end_time: 8326840320, confidence: 0.5, timestamp: 1766335144 }
[  5759.970s] EVENT PassageStarted: passage #0
[  5759.970s] EVENT ExtractionProgress { passage_index: 0, extractor: "ID3", status: "running", timestamp: 1766335144 }
[  5759.970s] EVENT ExtractionProgress { passage_index: 0, extractor: "ID3", status: "completed", timestamp: 1766335144 }
[  5759.970s] EVENT ExtractionProgress { passage_index: 0, extractor: "Chromaprint", status: "running", timestamp: 1766335144 }
[  5760.302s] EVENT ExtractionProgress { passage_index: 0, extractor: "Chromaprint", status: "completed", timestamp: 1766335144 }
[  5760.302s] EVENT ExtractionProgress { passage_index: 0, extractor: "AudioDerived", status: "running", timestamp: 1766335144 }
[  5760.865s] EVENT ExtractionProgress { passage_index: 0, extractor: "AudioDerived", status: "completed", timestamp: 1766335145 }
[  5760.865s] EVENT ExtractionProgress { passage_index: 0, extractor: "ID3GenreMapper", status: "running", timestamp: 1766335145 }
[  5760.865s] EVENT ExtractionProgress { passage_index: 0, extractor: "ID3GenreMapper", status: "completed", timestamp: 1766335145 }
[  5760.865s] EVENT FusionStarted { passage_index: 0, timestamp: 1766335145 }
[  5760.865s] EVENT ExtractionProgress { passage_index: 0, extractor: "MusicBrainz-Pass2", status: "running", timestamp: 1766335145 }
[  5760.868s] FILE_COMPLETE [101/5737] 07 - Sisters Are Doin' It for Themselves.mp3 - 1 passages in 11.48s (total_elapsed: 5760.9s)
[  5760.868s] FILE_START [102/5737] 08 - Another Night (single mix).mp3
[  5760.870s] EVENT ExtractionProgress { passage_index: 0, extractor: "MusicBrainz-Pass2", status: "completed", timestamp: 1766335145 }
[  5760.870s] EVENT FusionStarted { passage_index: 0, timestamp: 1766335145 }
[  5760.870s] EVENT ValidationStarted { passage_index: 0, timestamp: 1766335145 }
[  5760.870s] EVENT PassageCompleted: passage #0
[  5760.870s] EVENT FileCompleted: "C:\\Users\\Mango Cat\\Music\\Aretha Franklin\\Knew You Were Waiting\u{f03a} The Best of Aretha Franklin 1980–1998\\07 - Sisters Are Doin' It for Themselves.mp3"
[  5760.870s] EVENT FileStarted: "C:\\Users\\Mango Cat\\Music\\Aretha Franklin\\Knew You Were Waiting\u{f03a} The Best of Aretha Franklin 1980–1998\\08 - Another Night (single mix).mp3"
[  5760.870s] EVENT SingleTrackCheckCompleted { file_path: "C:\\Users\\Mango Cat\\Music\\Aretha Franklin\\Knew You Were Waiting\u{f03a} The Best of Aretha Franklin 1980–1998\\08 - Another Night (single mix).mp3", score: 2.8, is_single_track: true }
[  5769.697s] EVENT BoundaryDetected { passage_index: 0, start_time: 0, end_time: 6925271040, confidence: 0.5, timestamp: 1766335154 }
[  5769.697s] EVENT PassageStarted: passage #0
[  5769.697s] EVENT ExtractionProgress { passage_index: 0, extractor: "ID3", status: "running", timestamp: 1766335154 }
[  5769.697s] EVENT ExtractionProgress { passage_index: 0, extractor: "ID3", status: "completed", timestamp: 1766335154 }
[  5769.697s] EVENT ExtractionProgress { passage_index: 0, extractor: "Chromaprint", status: "running", timestamp: 1766335154 }
[  5769.981s] EVENT ExtractionProgress { passage_index: 0, extractor: "Chromaprint", status: "completed", timestamp: 1766335154 }
[  5769.981s] EVENT ExtractionProgress { passage_index: 0, extractor: "AudioDerived", status: "running", timestamp: 1766335154 }
[  5770.444s] EVENT ExtractionProgress { passage_index: 0, extractor: "AudioDerived", status: "completed", timestamp: 1766335155 }
[  5770.444s] EVENT ExtractionProgress { passage_index: 0, extractor: "ID3GenreMapper", status: "running", timestamp: 1766335155 }
[  5770.444s] EVENT ExtractionProgress { passage_index: 0, extractor: "ID3GenreMapper", status: "completed", timestamp: 1766335155 }
[  5770.445s] EVENT FusionStarted { passage_index: 0, timestamp: 1766335155 }
[  5770.445s] EVENT ExtractionProgress { passage_index: 0, extractor: "MusicBrainz-Pass2", status: "running", timestamp: 1766335155 }
[  5770.448s] FILE_COMPLETE [102/5737] 08 - Another Night (single mix).mp3 - 1 passages in 9.58s (total_elapsed: 5770.4s)
[  5770.448s] FILE_START [103/5737] 09 - Jumpin' Jack Flash (single version).mp3
[  5770.448s] EVENT ExtractionProgress { passage_index: 0, extractor: "MusicBrainz-Pass2", status: "completed", timestamp: 1766335155 }
[  5770.448s] EVENT FusionStarted { passage_index: 0, timestamp: 1766335155 }
[  5770.448s] EVENT ValidationStarted { passage_index: 0, timestamp: 1766335155 }
[  5770.448s] EVENT PassageCompleted: passage #0
[  5770.448s] EVENT FileCompleted: "C:\\Users\\Mango Cat\\Music\\Aretha Franklin\\Knew You Were Waiting\u{f03a} The Best of Aretha Franklin 1980–1998\\08 - Another Night (single mix).mp3"
[  5770.448s] EVENT FileStarted: "C:\\Users\\Mango Cat\\Music\\Aretha Franklin\\Knew You Were Waiting\u{f03a} The Best of Aretha Franklin 1980–1998\\09 - Jumpin' Jack Flash (single version).mp3"
[  5770.448s] EVENT SingleTrackCheckCompleted { file_path: "C:\\Users\\Mango Cat\\Music\\Aretha Franklin\\Knew You Were Waiting\u{f03a} The Best of Aretha Franklin 1980–1998\\09 - Jumpin' Jack Flash (single version).mp3", score: 2.8, is_single_track: true }
[  5780.111s] EVENT BoundaryDetected { passage_index: 0, start_time: 0, end_time: 7602094080, confidence: 0.5, timestamp: 1766335164 }
[  5780.111s] EVENT PassageStarted: passage #0
[  5780.111s] EVENT ExtractionProgress { passage_index: 0, extractor: "ID3", status: "running", timestamp: 1766335164 }
[  5780.111s] EVENT ExtractionProgress { passage_index: 0, extractor: "ID3", status: "completed", timestamp: 1766335164 }
[  5780.111s] EVENT ExtractionProgress { passage_index: 0, extractor: "Chromaprint", status: "running", timestamp: 1766335164 }
[  5780.416s] EVENT ExtractionProgress { passage_index: 0, extractor: "Chromaprint", status: "completed", timestamp: 1766335165 }
[  5780.416s] EVENT ExtractionProgress { passage_index: 0, extractor: "AudioDerived", status: "running", timestamp: 1766335165 }
[  5780.922s] EVENT ExtractionProgress { passage_index: 0, extractor: "AudioDerived", status: "completed", timestamp: 1766335165 }
[  5780.922s] EVENT ExtractionProgress { passage_index: 0, extractor: "ID3GenreMapper", status: "running", timestamp: 1766335165 }
[  5780.922s] EVENT ExtractionProgress { passage_index: 0, extractor: "ID3GenreMapper", status: "completed", timestamp: 1766335165 }
[  5780.922s] EVENT FusionStarted { passage_index: 0, timestamp: 1766335165 }
[  5780.922s] EVENT ExtractionProgress { passage_index: 0, extractor: "MusicBrainz-Pass2", status: "running", timestamp: 1766335165 }
[  5780.925s] FILE_COMPLETE [103/5737] 09 - Jumpin' Jack Flash (single version).mp3 - 1 passages in 10.48s (total_elapsed: 5780.9s)
[  5780.926s] FILE_START [104/5737] 10 - Jimmy Lee (single version).mp3
[  5780.926s] EVENT ExtractionProgress { passage_index: 0, extractor: "MusicBrainz-Pass2", status: "completed", timestamp: 1766335165 }
[  5780.926s] EVENT FusionStarted { passage_index: 0, timestamp: 1766335165 }
[  5780.926s] EVENT ValidationStarted { passage_index: 0, timestamp: 1766335165 }
[  5780.926s] EVENT PassageCompleted: passage #0
[  5780.926s] EVENT FileCompleted: "C:\\Users\\Mango Cat\\Music\\Aretha Franklin\\Knew You Were Waiting\u{f03a} The Best of Aretha Franklin 1980–1998\\09 - Jumpin' Jack Flash (single version).mp3"
[  5780.926s] EVENT FileStarted: "C:\\Users\\Mango Cat\\Music\\Aretha Franklin\\Knew You Were Waiting\u{f03a} The Best of Aretha Franklin 1980–1998\\10 - Jimmy Lee (single version).mp3"
[  5780.926s] EVENT SingleTrackCheckCompleted { file_path: "C:\\Users\\Mango Cat\\Music\\Aretha Franklin\\Knew You Were Waiting\u{f03a} The Best of Aretha Franklin 1980–1998\\10 - Jimmy Lee (single version).mp3", score: 2.8, is_single_track: true }
[  5790.753s] EVENT BoundaryDetected { passage_index: 0, start_time: 0, end_time: 7509196800, confidence: 0.5, timestamp: 1766335175 }
[  5790.753s] EVENT PassageStarted: passage #0
[  5790.753s] EVENT ExtractionProgress { passage_index: 0, extractor: "ID3", status: "running", timestamp: 1766335175 }
[  5790.753s] EVENT ExtractionProgress { passage_index: 0, extractor: "ID3", status: "completed", timestamp: 1766335175 }
[  5790.753s] EVENT ExtractionProgress { passage_index: 0, extractor: "Chromaprint", status: "running", timestamp: 1766335175 }
[  5791.059s] EVENT ExtractionProgress { passage_index: 0, extractor: "Chromaprint", status: "completed", timestamp: 1766335175 }
[  5791.059s] EVENT ExtractionProgress { passage_index: 0, extractor: "AudioDerived", status: "running", timestamp: 1766335175 }
[  5791.562s] EVENT ExtractionProgress { passage_index: 0, extractor: "AudioDerived", status: "completed", timestamp: 1766335176 }
[  5791.562s] EVENT ExtractionProgress { passage_index: 0, extractor: "ID3GenreMapper", status: "running", timestamp: 1766335176 }
[  5791.562s] EVENT ExtractionProgress { passage_index: 0, extractor: "ID3GenreMapper", status: "completed", timestamp: 1766335176 }
[  5791.562s] EVENT FusionStarted { passage_index: 0, timestamp: 1766335176 }
[  5791.562s] EVENT ExtractionProgress { passage_index: 0, extractor: "MusicBrainz-Pass2", status: "running", timestamp: 1766335176 }
[  5791.565s] FILE_COMPLETE [104/5737] 10 - Jimmy Lee (single version).mp3 - 1 passages in 10.64s (total_elapsed: 5791.6s)
[  5791.565s] FILE_START [105/5737] 11 - I Knew You Were Waiting (For Me).mp3
[  5791.566s] EVENT ExtractionProgress { passage_index: 0, extractor: "MusicBrainz-Pass2", status: "completed", timestamp: 1766335176 }
[  5791.566s] EVENT FusionStarted { passage_index: 0, timestamp: 1766335176 }
[  5791.566s] EVENT ValidationStarted { passage_index: 0, timestamp: 1766335176 }
[  5791.566s] EVENT PassageCompleted: passage #0
[  5791.566s] EVENT FileCompleted: "C:\\Users\\Mango Cat\\Music\\Aretha Franklin\\Knew You Were Waiting\u{f03a} The Best of Aretha Franklin 1980–1998\\10 - Jimmy Lee (single version).mp3"
[  5791.566s] EVENT FileStarted: "C:\\Users\\Mango Cat\\Music\\Aretha Franklin\\Knew You Were Waiting\u{f03a} The Best of Aretha Franklin 1980–1998\\11 - I Knew You Were Waiting (For Me).mp3"
[  5791.566s] EVENT SingleTrackCheckCompleted { file_path: "C:\\Users\\Mango Cat\\Music\\Aretha Franklin\\Knew You Were Waiting\u{f03a} The Best of Aretha Franklin 1980–1998\\11 - I Knew You Were Waiting (For Me).mp3", score: 2.8, is_single_track: true }
[  5800.352s] EVENT BoundaryDetected { passage_index: 0, start_time: 0, end_time: 6827950080, confidence: 0.5, timestamp: 1766335184 }
[  5800.352s] EVENT PassageStarted: passage #0
[  5800.352s] EVENT ExtractionProgress { passage_index: 0, extractor: "ID3", status: "running", timestamp: 1766335184 }
[  5800.352s] EVENT ExtractionProgress { passage_index: 0, extractor: "ID3", status: "completed", timestamp: 1766335184 }
[  5800.352s] EVENT ExtractionProgress { passage_index: 0, extractor: "Chromaprint", status: "running", timestamp: 1766335184 }
[  5800.628s] EVENT ExtractionProgress { passage_index: 0, extractor: "Chromaprint", status: "completed", timestamp: 1766335185 }
[  5800.628s] EVENT ExtractionProgress { passage_index: 0, extractor: "AudioDerived", status: "running", timestamp: 1766335185 }
[  5801.087s] FILE_COMPLETE [105/5737] 11 - I Knew You Were Waiting (For Me).mp3 - 1 passages in 9.52s (total_elapsed: 5801.1s)
[  5801.087s] FILE_START [106/5737] 12 - Through the Storm.mp3
[  5801.088s] EVENT ExtractionProgress { passage_index: 0, extractor: "AudioDerived", status: "completed", timestamp: 1766335185 }
[  5801.088s] EVENT ExtractionProgress { passage_index: 0, extractor: "ID3GenreMapper", status: "running", timestamp: 1766335185 }
[  5801.088s] EVENT ExtractionProgress { passage_index: 0, extractor: "ID3GenreMapper", status: "completed", timestamp: 1766335185 }
[  5801.088s] EVENT FusionStarted { passage_index: 0, timestamp: 1766335185 }
[  5801.088s] EVENT ExtractionProgress { passage_index: 0, extractor: "MusicBrainz-Pass2", status: "running", timestamp: 1766335185 }
[  5801.088s] EVENT ExtractionProgress { passage_index: 0, extractor: "MusicBrainz-Pass2", status: "completed", timestamp: 1766335185 }
[  5801.088s] EVENT FusionStarted { passage_index: 0, timestamp: 1766335185 }
[  5801.088s] EVENT ValidationStarted { passage_index: 0, timestamp: 1766335185 }
[  5801.088s] EVENT PassageCompleted: passage #0
[  5801.088s] EVENT FileCompleted: "C:\\Users\\Mango Cat\\Music\\Aretha Franklin\\Knew You Were Waiting\u{f03a} The Best of Aretha Franklin 1980–1998\\11 - I Knew You Were Waiting (For Me).mp3"
[  5801.088s] EVENT FileStarted: "C:\\Users\\Mango Cat\\Music\\Aretha Franklin\\Knew You Were Waiting\u{f03a} The Best of Aretha Franklin 1980–1998\\12 - Through the Storm.mp3"
[  5801.088s] EVENT SingleTrackCheckCompleted { file_path: "C:\\Users\\Mango Cat\\Music\\Aretha Franklin\\Knew You Were Waiting\u{f03a} The Best of Aretha Franklin 1980–1998\\12 - Through the Storm.mp3", score: 2.8, is_single_track: true }
[  5827.078s] EVENT BoundaryDetected { passage_index: 0, start_time: 0, end_time: 7413350400, confidence: 0.5, timestamp: 1766335211 }
[  5827.078s] EVENT PassageStarted: passage #0
[  5827.078s] EVENT ExtractionProgress { passage_index: 0, extractor: "ID3", status: "running", timestamp: 1766335211 }
[  5827.078s] EVENT ExtractionProgress { passage_index: 0, extractor: "ID3", status: "completed", timestamp: 1766335211 }
[  5827.078s] EVENT ExtractionProgress { passage_index: 0, extractor: "Chromaprint", status: "running", timestamp: 1766335211 }
[  5827.750s] EVENT ExtractionProgress { passage_index: 0, extractor: "Chromaprint", status: "completed", timestamp: 1766335212 }
[  5827.750s] EVENT ExtractionProgress { passage_index: 0, extractor: "AudioDerived", status: "running", timestamp: 1766335212 }
[  5828.899s] FILE_COMPLETE [106/5737] 12 - Through the Storm.mp3 - 1 passages in 27.81s (total_elapsed: 5828.9s)
[  5828.899s] FILE_START [107/5737] 13 - It Isn't, It Wasn't, It Ain't Never Gonna Be (single version).mp3
[  5828.901s] EVENT ExtractionProgress { passage_index: 0, extractor: "AudioDerived", status: "completed", timestamp: 1766335213 }
[  5828.901s] EVENT ExtractionProgress { passage_index: 0, extractor: "ID3GenreMapper", status: "running", timestamp: 1766335213 }
[  5828.901s] EVENT ExtractionProgress { passage_index: 0, extractor: "ID3GenreMapper", status: "completed", timestamp: 1766335213 }
[  5828.901s] EVENT FusionStarted { passage_index: 0, timestamp: 1766335213 }
[  5828.901s] EVENT ExtractionProgress { passage_index: 0, extractor: "MusicBrainz-Pass2", status: "running", timestamp: 1766335213 }
[  5828.901s] EVENT ExtractionProgress { passage_index: 0, extractor: "MusicBrainz-Pass2", status: "completed", timestamp: 1766335213 }
[  5828.901s] EVENT FusionStarted { passage_index: 0, timestamp: 1766335213 }
[  5828.901s] EVENT ValidationStarted { passage_index: 0, timestamp: 1766335213 }
[  5828.901s] EVENT PassageCompleted: passage #0
[  5828.901s] EVENT FileCompleted: "C:\\Users\\Mango Cat\\Music\\Aretha Franklin\\Knew You Were Waiting\u{f03a} The Best of Aretha Franklin 1980–1998\\12 - Through the Storm.mp3"
[  5828.901s] EVENT FileStarted: "C:\\Users\\Mango Cat\\Music\\Aretha Franklin\\Knew You Were Waiting\u{f03a} The Best of Aretha Franklin 1980–1998\\13 - It Isn't, It Wasn't, It Ain't Never Gonna Be (single version).mp3"
[  5828.901s] EVENT SingleTrackCheckCompleted { file_path: "C:\\Users\\Mango Cat\\Music\\Aretha Franklin\\Knew You Were Waiting\u{f03a} The Best of Aretha Franklin 1980–1998\\13 - It Isn't, It Wasn't, It Ain't Never Gonna Be (single version).mp3", score: 2.8, is_single_track: true }
[  5856.089s] EVENT BoundaryDetected { passage_index: 0, start_time: 0, end_time: 7238615040, confidence: 0.5, timestamp: 1766335240 }
[  5856.089s] EVENT PassageStarted: passage #0
[  5856.089s] EVENT ExtractionProgress { passage_index: 0, extractor: "ID3", status: "running", timestamp: 1766335240 }
[  5856.089s] EVENT ExtractionProgress { passage_index: 0, extractor: "ID3", status: "completed", timestamp: 1766335240 }
[  5856.089s] EVENT ExtractionProgress { passage_index: 0, extractor: "Chromaprint", status: "running", timestamp: 1766335240 }
[  5856.756s] EVENT ExtractionProgress { passage_index: 0, extractor: "Chromaprint", status: "completed", timestamp: 1766335241 }
[  5856.756s] EVENT ExtractionProgress { passage_index: 0, extractor: "AudioDerived", status: "running", timestamp: 1766335241 }
[  5857.940s] FILE_COMPLETE [107/5737] 13 - It Isn't, It Wasn't, It Ain't Never Gonna Be (single version).mp3 - 1 passages in 29.04s (total_elapsed: 5857.9s)
[  5857.940s] FILE_START [108/5737] 14 - Ever Changing Times (single edit).mp3
[  5857.941s] EVENT ExtractionProgress { passage_index: 0, extractor: "AudioDerived", status: "completed", timestamp: 1766335242 }
[  5857.941s] EVENT ExtractionProgress { passage_index: 0, extractor: "ID3GenreMapper", status: "running", timestamp: 1766335242 }
[  5857.941s] EVENT ExtractionProgress { passage_index: 0, extractor: "ID3GenreMapper", status: "completed", timestamp: 1766335242 }
[  5857.941s] EVENT FusionStarted { passage_index: 0, timestamp: 1766335242 }
[  5857.941s] EVENT ExtractionProgress { passage_index: 0, extractor: "MusicBrainz-Pass2", status: "running", timestamp: 1766335242 }
[  5857.941s] EVENT ExtractionProgress { passage_index: 0, extractor: "MusicBrainz-Pass2", status: "completed", timestamp: 1766335242 }
[  5857.941s] EVENT FusionStarted { passage_index: 0, timestamp: 1766335242 }
[  5857.941s] EVENT ValidationStarted { passage_index: 0, timestamp: 1766335242 }
[  5857.941s] EVENT PassageCompleted: passage #0
[  5857.941s] EVENT FileCompleted: "C:\\Users\\Mango Cat\\Music\\Aretha Franklin\\Knew You Were Waiting\u{f03a} The Best of Aretha Franklin 1980–1998\\13 - It Isn't, It Wasn't, It Ain't Never Gonna Be (single version).mp3"
[  5857.941s] EVENT FileStarted: "C:\\Users\\Mango Cat\\Music\\Aretha Franklin\\Knew You Were Waiting\u{f03a} The Best of Aretha Franklin 1980–1998\\14 - Ever Changing Times (single edit).mp3"
[  5857.941s] EVENT SingleTrackCheckCompleted { file_path: "C:\\Users\\Mango Cat\\Music\\Aretha Franklin\\Knew You Were Waiting\u{f03a} The Best of Aretha Franklin 1980–1998\\14 - Ever Changing Times (single edit).mp3", score: 2.8, is_single_track: true }
[  5886.706s] EVENT BoundaryDetected { passage_index: 0, start_time: 0, end_time: 7593984000, confidence: 0.5, timestamp: 1766335271 }
[  5886.706s] EVENT PassageStarted: passage #0
[  5886.706s] EVENT ExtractionProgress { passage_index: 0, extractor: "ID3", status: "running", timestamp: 1766335271 }
[  5886.706s] EVENT ExtractionProgress { passage_index: 0, extractor: "ID3", status: "completed", timestamp: 1766335271 }
[  5886.706s] EVENT ExtractionProgress { passage_index: 0, extractor: "Chromaprint", status: "running", timestamp: 1766335271 }
[  5887.395s] EVENT ExtractionProgress { passage_index: 0, extractor: "Chromaprint", status: "completed", timestamp: 1766335272 }
[  5887.395s] EVENT ExtractionProgress { passage_index: 0, extractor: "AudioDerived", status: "running", timestamp: 1766335272 }
[  5888.606s] FILE_COMPLETE [108/5737] 14 - Ever Changing Times (single edit).mp3 - 1 passages in 30.67s (total_elapsed: 5888.6s)
[  5888.606s] FILE_START [109/5737] 15 - Willing to Forgive.mp3
[  5888.608s] EVENT ExtractionProgress { passage_index: 0, extractor: "AudioDerived", status: "completed", timestamp: 1766335273 }
[  5888.608s] EVENT ExtractionProgress { passage_index: 0, extractor: "ID3GenreMapper", status: "running", timestamp: 1766335273 }
[  5888.608s] EVENT ExtractionProgress { passage_index: 0, extractor: "ID3GenreMapper", status: "completed", timestamp: 1766335273 }
[  5888.608s] EVENT FusionStarted { passage_index: 0, timestamp: 1766335273 }
[  5888.608s] EVENT ExtractionProgress { passage_index: 0, extractor: "MusicBrainz-Pass2", status: "running", timestamp: 1766335273 }
[  5888.608s] EVENT ExtractionProgress { passage_index: 0, extractor: "MusicBrainz-Pass2", status: "completed", timestamp: 1766335273 }
[  5888.608s] EVENT FusionStarted { passage_index: 0, timestamp: 1766335273 }
[  5888.608s] EVENT ValidationStarted { passage_index: 0, timestamp: 1766335273 }
[  5888.608s] EVENT PassageCompleted: passage #0
[  5888.608s] EVENT FileCompleted: "C:\\Users\\Mango Cat\\Music\\Aretha Franklin\\Knew You Were Waiting\u{f03a} The Best of Aretha Franklin 1980–1998\\14 - Ever Changing Times (single edit).mp3"
[  5888.608s] EVENT FileStarted: "C:\\Users\\Mango Cat\\Music\\Aretha Franklin\\Knew You Were Waiting\u{f03a} The Best of Aretha Franklin 1980–1998\\15 - Willing to Forgive.mp3"
[  5888.608s] EVENT SingleTrackCheckCompleted { file_path: "C:\\Users\\Mango Cat\\Music\\Aretha Franklin\\Knew You Were Waiting\u{f03a} The Best of Aretha Franklin 1980–1998\\15 - Willing to Forgive.mp3", score: 2.8, is_single_track: true }
[  5916.409s] EVENT BoundaryDetected { passage_index: 0, start_time: 0, end_time: 7123599360, confidence: 0.5, timestamp: 1766335300 }
[  5916.409s] EVENT PassageStarted: passage #0
[  5916.409s] EVENT ExtractionProgress { passage_index: 0, extractor: "ID3", status: "running", timestamp: 1766335301 }
[  5916.409s] EVENT ExtractionProgress { passage_index: 0, extractor: "ID3", status: "completed", timestamp: 1766335301 }
[  5916.409s] EVENT ExtractionProgress { passage_index: 0, extractor: "Chromaprint", status: "running", timestamp: 1766335301 }
[  5917.093s] EVENT ExtractionProgress { passage_index: 0, extractor: "Chromaprint", status: "completed", timestamp: 1766335301 }
[  5917.093s] EVENT ExtractionProgress { passage_index: 0, extractor: "AudioDerived", status: "running", timestamp: 1766335301 }
[  5918.199s] FILE_COMPLETE [109/5737] 15 - Willing to Forgive.mp3 - 1 passages in 29.59s (total_elapsed: 5918.2s)
[  5918.199s] FILE_START [110/5737] 16 - A Rose Is Still a Rose (original radio edit).mp3
[  5918.216s] EVENT ExtractionProgress { passage_index: 0, extractor: "AudioDerived", status: "completed", timestamp: 1766335302 }
[  5918.216s] EVENT ExtractionProgress { passage_index: 0, extractor: "ID3GenreMapper", status: "running", timestamp: 1766335302 }
[  5918.216s] EVENT ExtractionProgress { passage_index: 0, extractor: "ID3GenreMapper", status: "completed", timestamp: 1766335302 }
[  5918.216s] EVENT FusionStarted { passage_index: 0, timestamp: 1766335302 }
[  5918.216s] EVENT ExtractionProgress { passage_index: 0, extractor: "MusicBrainz-Pass2", status: "running", timestamp: 1766335302 }
[  5918.216s] EVENT ExtractionProgress { passage_index: 0, extractor: "MusicBrainz-Pass2", status: "completed", timestamp: 1766335302 }
[  5918.216s] EVENT FusionStarted { passage_index: 0, timestamp: 1766335302 }
[  5918.216s] EVENT ValidationStarted { passage_index: 0, timestamp: 1766335302 }
[  5918.216s] EVENT PassageCompleted: passage #0
[  5918.216s] EVENT FileCompleted: "C:\\Users\\Mango Cat\\Music\\Aretha Franklin\\Knew You Were Waiting\u{f03a} The Best of Aretha Franklin 1980–1998\\15 - Willing to Forgive.mp3"
[  5918.216s] EVENT FileStarted: "C:\\Users\\Mango Cat\\Music\\Aretha Franklin\\Knew You Were Waiting\u{f03a} The Best of Aretha Franklin 1980–1998\\16 - A Rose Is Still a Rose (original radio edit).mp3"
[  5918.216s] EVENT SingleTrackCheckCompleted { file_path: "C:\\Users\\Mango Cat\\Music\\Aretha Franklin\\Knew You Were Waiting\u{f03a} The Best of Aretha Franklin 1980–1998\\16 - A Rose Is Still a Rose (original radio edit).mp3", score: 2.8, is_single_track: true }
[  5943.570s] EVENT BoundaryDetected { passage_index: 0, start_time: 0, end_time: 6591283200, confidence: 0.5, timestamp: 1766335328 }
[  5943.570s] EVENT PassageStarted: passage #0
[  5943.570s] EVENT ExtractionProgress { passage_index: 0, extractor: "ID3", status: "running", timestamp: 1766335328 }
[  5943.570s] EVENT ExtractionProgress { passage_index: 0, extractor: "ID3", status: "completed", timestamp: 1766335328 }
[  5943.570s] EVENT ExtractionProgress { passage_index: 0, extractor: "Chromaprint", status: "running", timestamp: 1766335328 }
[  5944.143s] EVENT ExtractionProgress { passage_index: 0, extractor: "Chromaprint", status: "completed", timestamp: 1766335328 }
[  5944.143s] EVENT ExtractionProgress { passage_index: 0, extractor: "AudioDerived", status: "running", timestamp: 1766335328 }
[  5945.165s] EVENT ExtractionProgress { passage_index: 0, extractor: "AudioDerived", status: "completed", timestamp: 1766335329 }
[  5945.165s] EVENT ExtractionProgress { passage_index: 0, extractor: "ID3GenreMapper", status: "running", timestamp: 1766335329 }
[  5945.165s] EVENT ExtractionProgress { passage_index: 0, extractor: "ID3GenreMapper", status: "completed", timestamp: 1766335329 }
[  5945.165s] EVENT FusionStarted { passage_index: 0, timestamp: 1766335329 }
[  5945.165s] EVENT ExtractionProgress { passage_index: 0, extractor: "MusicBrainz-Pass2", status: "running", timestamp: 1766335329 }
[  5945.173s] FILE_COMPLETE [110/5737] 16 - A Rose Is Still a Rose (original radio edit).mp3 - 1 passages in 26.97s (total_elapsed: 5945.2s)
[  5945.173s] PROGRESS 110/5737 (1.9%) - 0.02 files/sec - ETA: 5068.7min
[  5945.173s] FILE_START [111/5737] 101 - I Never Loved a Man (The Way I Love You).mp3
[  5945.181s] EVENT ExtractionProgress { passage_index: 0, extractor: "MusicBrainz-Pass2", status: "completed", timestamp: 1766335329 }
[  5945.181s] EVENT FusionStarted { passage_index: 0, timestamp: 1766335329 }
[  5945.181s] EVENT ValidationStarted { passage_index: 0, timestamp: 1766335329 }
[  5945.181s] EVENT PassageCompleted: passage #0
[  5945.182s] EVENT FileCompleted: "C:\\Users\\Mango Cat\\Music\\Aretha Franklin\\Knew You Were Waiting\u{f03a} The Best of Aretha Franklin 1980–1998\\16 - A Rose Is Still a Rose (original radio edit).mp3"
[  5945.182s] EVENT FileStarted: "C:\\Users\\Mango Cat\\Music\\Aretha Franklin\\The Atlantic Singles Collection 1967–1970\\101 - I Never Loved a Man (The Way I Love You).mp3"
[  5945.182s] EVENT SingleTrackCheckCompleted { file_path: "C:\\Users\\Mango Cat\\Music\\Aretha Franklin\\The Atlantic Singles Collection 1967–1970\\101 - I Never Loved a Man (The Way I Love You).mp3", score: 1.8, is_single_track: true }
[  5963.605s] EVENT BoundaryDetected { passage_index: 0, start_time: 0, end_time: 4854988800, confidence: 0.5, timestamp: 1766335348 }
[  5963.605s] EVENT PassageStarted: passage #0
[  5963.605s] EVENT ExtractionProgress { passage_index: 0, extractor: "ID3", status: "running", timestamp: 1766335348 }
[  5963.605s] EVENT ExtractionProgress { passage_index: 0, extractor: "ID3", status: "completed", timestamp: 1766335348 }
[  5963.605s] EVENT ExtractionProgress { passage_index: 0, extractor: "Chromaprint", status: "running", timestamp: 1766335348 }
[  5964.086s] EVENT ExtractionProgress { passage_index: 0, extractor: "Chromaprint", status: "completed", timestamp: 1766335348 }
[  5964.086s] EVENT ExtractionProgress { passage_index: 0, extractor: "AudioDerived", status: "running", timestamp: 1766335348 }
[  5964.808s] EVENT ExtractionProgress { passage_index: 0, extractor: "AudioDerived", status: "completed", timestamp: 1766335349 }
[  5964.808s] EVENT ExtractionProgress { passage_index: 0, extractor: "ID3GenreMapper", status: "running", timestamp: 1766335349 }
[  5964.808s] EVENT ExtractionProgress { passage_index: 0, extractor: "ID3GenreMapper", status: "completed", timestamp: 1766335349 }
[  5964.808s] EVENT FusionStarted { passage_index: 0, timestamp: 1766335349 }
[  5964.808s] EVENT ExtractionProgress { passage_index: 0, extractor: "MusicBrainz-Pass2", status: "running", timestamp: 1766335349 }
[  5964.812s] FILE_COMPLETE [111/5737] 101 - I Never Loved a Man (The Way I Love You).mp3 - 1 passages in 19.64s (total_elapsed: 5964.8s)
[  5964.812s] FILE_START [112/5737] 102 - Do Right Woman – Do Right Man.mp3
[  5964.814s] EVENT ExtractionProgress { passage_index: 0, extractor: "MusicBrainz-Pass2", status: "completed", timestamp: 1766335349 }
[  5964.814s] EVENT FusionStarted { passage_index: 0, timestamp: 1766335349 }
[  5964.814s] EVENT ValidationStarted { passage_index: 0, timestamp: 1766335349 }
[  5964.814s] EVENT PassageCompleted: passage #0
[  5964.814s] EVENT FileCompleted: "C:\\Users\\Mango Cat\\Music\\Aretha Franklin\\The Atlantic Singles Collection 1967–1970\\101 - I Never Loved a Man (The Way I Love You).mp3"
[  5964.814s] EVENT FileStarted: "C:\\Users\\Mango Cat\\Music\\Aretha Franklin\\The Atlantic Singles Collection 1967–1970\\102 - Do Right Woman – Do Right Man.mp3"
[  5964.814s] EVENT SingleTrackCheckCompleted { file_path: "C:\\Users\\Mango Cat\\Music\\Aretha Franklin\\The Atlantic Singles Collection 1967–1970\\102 - Do Right Woman – Do Right Man.mp3", score: 1.8, is_single_track: true }
[  5986.005s] EVENT BoundaryDetected { passage_index: 0, start_time: 0, end_time: 5514117120, confidence: 0.5, timestamp: 1766335370 }
[  5986.005s] EVENT PassageStarted: passage #0
[  5986.005s] EVENT ExtractionProgress { passage_index: 0, extractor: "ID3", status: "running", timestamp: 1766335370 }
[  5986.005s] EVENT ExtractionProgress { passage_index: 0, extractor: "ID3", status: "completed", timestamp: 1766335370 }
[  5986.005s] EVENT ExtractionProgress { passage_index: 0, extractor: "Chromaprint", status: "running", timestamp: 1766335370 }
[  5986.495s] EVENT ExtractionProgress { passage_index: 0, extractor: "Chromaprint", status: "completed", timestamp: 1766335371 }
[  5986.496s] EVENT ExtractionProgress { passage_index: 0, extractor: "AudioDerived", status: "running", timestamp: 1766335371 }
[  5987.388s] EVENT ExtractionProgress { passage_index: 0, extractor: "AudioDerived", status: "completed", timestamp: 1766335372 }
[  5987.388s] EVENT ExtractionProgress { passage_index: 0, extractor: "ID3GenreMapper", status: "running", timestamp: 1766335372 }
[  5987.388s] EVENT ExtractionProgress { passage_index: 0, extractor: "ID3GenreMapper", status: "completed", timestamp: 1766335372 }
[  5987.388s] EVENT FusionStarted { passage_index: 0, timestamp: 1766335372 }
[  5987.388s] EVENT ExtractionProgress { passage_index: 0, extractor: "MusicBrainz-Pass2", status: "running", timestamp: 1766335372 }
[  5987.394s] FILE_COMPLETE [112/5737] 102 - Do Right Woman – Do Right Man.mp3 - 1 passages in 22.58s (total_elapsed: 5987.4s)
[  5987.394s] FILE_START [113/5737] 103 - Respect (mono version).mp3
[  5987.397s] EVENT ExtractionProgress { passage_index: 0, extractor: "MusicBrainz-Pass2", status: "completed", timestamp: 1766335372 }
[  5987.397s] EVENT FusionStarted { passage_index: 0, timestamp: 1766335372 }
[  5987.397s] EVENT ValidationStarted { passage_index: 0, timestamp: 1766335372 }
[  5987.397s] EVENT PassageCompleted: passage #0
[  5987.397s] EVENT FileCompleted: "C:\\Users\\Mango Cat\\Music\\Aretha Franklin\\The Atlantic Singles Collection 1967–1970\\102 - Do Right Woman – Do Right Man.mp3"
[  5987.397s] EVENT FileStarted: "C:\\Users\\Mango Cat\\Music\\Aretha Franklin\\The Atlantic Singles Collection 1967–1970\\103 - Respect (mono version).mp3"
[  5987.397s] EVENT SingleTrackCheckCompleted { file_path: "C:\\Users\\Mango Cat\\Music\\Aretha Franklin\\The Atlantic Singles Collection 1967–1970\\103 - Respect (mono version).mp3", score: 1.8, is_single_track: true }
[  6003.128s] EVENT BoundaryDetected { passage_index: 0, start_time: 0, end_time: 4143513600, confidence: 0.5, timestamp: 1766335387 }
[  6003.128s] EVENT PassageStarted: passage #0
[  6003.128s] EVENT ExtractionProgress { passage_index: 0, extractor: "ID3", status: "running", timestamp: 1766335387 }
[  6003.128s] EVENT ExtractionProgress { passage_index: 0, extractor: "ID3", status: "completed", timestamp: 1766335387 }
[  6003.128s] EVENT ExtractionProgress { passage_index: 0, extractor: "Chromaprint", status: "running", timestamp: 1766335387 }
[  6003.517s] EVENT ExtractionProgress { passage_index: 0, extractor: "Chromaprint", status: "completed", timestamp: 1766335388 }
[  6003.517s] EVENT ExtractionProgress { passage_index: 0, extractor: "AudioDerived", status: "running", timestamp: 1766335388 }
[  6004.126s] EVENT ExtractionProgress { passage_index: 0, extractor: "AudioDerived", status: "completed", timestamp: 1766335388 }
[  6004.126s] EVENT ExtractionProgress { passage_index: 0, extractor: "ID3GenreMapper", status: "running", timestamp: 1766335388 }
[  6004.126s] EVENT ExtractionProgress { passage_index: 0, extractor: "ID3GenreMapper", status: "completed", timestamp: 1766335388 }
[  6004.126s] EVENT FusionStarted { passage_index: 0, timestamp: 1766335388 }
[  6004.126s] EVENT ExtractionProgress { passage_index: 0, extractor: "MusicBrainz-Pass2", status: "running", timestamp: 1766335388 }
[  6004.130s] FILE_COMPLETE [113/5737] 103 - Respect (mono version).mp3 - 1 passages in 16.74s (total_elapsed: 6004.1s)
[  6004.130s] FILE_START [114/5737] 104 - Dr. Feelgood (Love Is Serious Business).mp3
[  6004.133s] EVENT ExtractionProgress { passage_index: 0, extractor: "MusicBrainz-Pass2", status: "completed", timestamp: 1766335388 }
[  6004.133s] EVENT FusionStarted { passage_index: 0, timestamp: 1766335388 }
[  6004.133s] EVENT ValidationStarted { passage_index: 0, timestamp: 1766335388 }
[  6004.133s] EVENT PassageCompleted: passage #0
[  6004.133s] EVENT FileCompleted: "C:\\Users\\Mango Cat\\Music\\Aretha Franklin\\The Atlantic Singles Collection 1967–1970\\103 - Respect (mono version).mp3"
[  6004.133s] EVENT FileStarted: "C:\\Users\\Mango Cat\\Music\\Aretha Franklin\\The Atlantic Singles Collection 1967–1970\\104 - Dr. Feelgood (Love Is Serious Business).mp3"
[  6004.133s] EVENT SingleTrackCheckCompleted { file_path: "C:\\Users\\Mango Cat\\Music\\Aretha Franklin\\The Atlantic Singles Collection 1967–1970\\104 - Dr. Feelgood (Love Is Serious Business).mp3", score: 1.8, is_single_track: true }
[  6026.613s] EVENT BoundaryDetected { passage_index: 0, start_time: 0, end_time: 5704335360, confidence: 0.5, timestamp: 1766335411 }
[  6026.613s] EVENT PassageStarted: passage #0
[  6026.613s] EVENT ExtractionProgress { passage_index: 0, extractor: "ID3", status: "running", timestamp: 1766335411 }
[  6026.613s] EVENT ExtractionProgress { passage_index: 0, extractor: "ID3", status: "completed", timestamp: 1766335411 }
[  6026.613s] EVENT ExtractionProgress { passage_index: 0, extractor: "Chromaprint", status: "running", timestamp: 1766335411 }
[  6027.149s] EVENT ExtractionProgress { passage_index: 0, extractor: "Chromaprint", status: "completed", timestamp: 1766335411 }
[  6027.149s] EVENT ExtractionProgress { passage_index: 0, extractor: "AudioDerived", status: "running", timestamp: 1766335411 }
[  6027.987s] FILE_COMPLETE [114/5737] 104 - Dr. Feelgood (Love Is Serious Business).mp3 - 1 passages in 23.86s (total_elapsed: 6028.0s)
[  6027.987s] FILE_START [115/5737] 105 - Baby I Love You.mp3
[  6027.990s] EVENT ExtractionProgress { passage_index: 0, extractor: "AudioDerived", status: "completed", timestamp: 1766335412 }
[  6027.990s] EVENT ExtractionProgress { passage_index: 0, extractor: "ID3GenreMapper", status: "running", timestamp: 1766335412 }
[  6027.990s] EVENT ExtractionProgress { passage_index: 0, extractor: "ID3GenreMapper", status: "completed", timestamp: 1766335412 }
[  6027.990s] EVENT FusionStarted { passage_index: 0, timestamp: 1766335412 }
[  6027.990s] EVENT ExtractionProgress { passage_index: 0, extractor: "MusicBrainz-Pass2", status: "running", timestamp: 1766335412 }
[  6027.990s] EVENT ExtractionProgress { passage_index: 0, extractor: "MusicBrainz-Pass2", status: "completed", timestamp: 1766335412 }
[  6027.990s] EVENT FusionStarted { passage_index: 0, timestamp: 1766335412 }
[  6027.990s] EVENT ValidationStarted { passage_index: 0, timestamp: 1766335412 }
[  6027.990s] EVENT PassageCompleted: passage #0
[  6027.990s] EVENT FileCompleted: "C:\\Users\\Mango Cat\\Music\\Aretha Franklin\\The Atlantic Singles Collection 1967–1970\\104 - Dr. Feelgood (Love Is Serious Business).mp3"
[  6027.990s] EVENT FileStarted: "C:\\Users\\Mango Cat\\Music\\Aretha Franklin\\The Atlantic Singles Collection 1967–1970\\105 - Baby I Love You.mp3"
[  6027.990s] EVENT SingleTrackCheckCompleted { file_path: "C:\\Users\\Mango Cat\\Music\\Aretha Franklin\\The Atlantic Singles Collection 1967–1970\\105 - Baby I Love You.mp3", score: 1.8, is_single_track: true }
[  6045.521s] EVENT BoundaryDetected { passage_index: 0, start_time: 0, end_time: 4633804800, confidence: 0.5, timestamp: 1766335430 }
[  6045.521s] EVENT PassageStarted: passage #0
[  6045.521s] EVENT ExtractionProgress { passage_index: 0, extractor: "ID3", status: "running", timestamp: 1766335430 }
[  6045.521s] EVENT ExtractionProgress { passage_index: 0, extractor: "ID3", status: "completed", timestamp: 1766335430 }
[  6045.521s] EVENT ExtractionProgress { passage_index: 0, extractor: "Chromaprint", status: "running", timestamp: 1766335430 }
[  6045.971s] EVENT ExtractionProgress { passage_index: 0, extractor: "Chromaprint", status: "completed", timestamp: 1766335430 }
[  6045.971s] EVENT ExtractionProgress { passage_index: 0, extractor: "AudioDerived", status: "running", timestamp: 1766335430 }
[  6046.746s] FILE_COMPLETE [115/5737] 105 - Baby I Love You.mp3 - 1 passages in 18.76s (total_elapsed: 6046.7s)
[  6046.746s] FILE_START [116/5737] 106 - Going Down Slow.mp3
[  6046.748s] EVENT ExtractionProgress { passage_index: 0, extractor: "AudioDerived", status: "completed", timestamp: 1766335431 }
[  6046.748s] EVENT ExtractionProgress { passage_index: 0, extractor: "ID3GenreMapper", status: "running", timestamp: 1766335431 }
[  6046.748s] EVENT ExtractionProgress { passage_index: 0, extractor: "ID3GenreMapper", status: "completed", timestamp: 1766335431 }
[  6046.748s] EVENT FusionStarted { passage_index: 0, timestamp: 1766335431 }
[  6046.748s] EVENT ExtractionProgress { passage_index: 0, extractor: "MusicBrainz-Pass2", status: "running", timestamp: 1766335431 }
[  6046.748s] EVENT ExtractionProgress { passage_index: 0, extractor: "MusicBrainz-Pass2", status: "completed", timestamp: 1766335431 }
[  6046.748s] EVENT FusionStarted { passage_index: 0, timestamp: 1766335431 }
[  6046.748s] EVENT ValidationStarted { passage_index: 0, timestamp: 1766335431 }
[  6046.748s] EVENT PassageCompleted: passage #0
[  6046.748s] EVENT FileCompleted: "C:\\Users\\Mango Cat\\Music\\Aretha Franklin\\The Atlantic Singles Collection 1967–1970\\105 - Baby I Love You.mp3"
[  6046.748s] EVENT FileStarted: "C:\\Users\\Mango Cat\\Music\\Aretha Franklin\\The Atlantic Singles Collection 1967–1970\\106 - Going Down Slow.mp3"
[  6046.748s] EVENT SingleTrackCheckCompleted { file_path: "C:\\Users\\Mango Cat\\Music\\Aretha Franklin\\The Atlantic Singles Collection 1967–1970\\106 - Going Down Slow.mp3", score: 1.8, is_single_track: true }
[  6076.590s] EVENT BoundaryDetected { passage_index: 0, start_time: 0, end_time: 7214054400, confidence: 0.8, timestamp: 1766335461 }
[  6076.590s] EVENT PassageStarted: passage #0
[  6076.590s] EVENT ExtractionProgress { passage_index: 0, extractor: "ID3", status: "running", timestamp: 1766335461 }
[  6076.590s] EVENT ExtractionProgress { passage_index: 0, extractor: "ID3", status: "completed", timestamp: 1766335461 }
[  6076.590s] EVENT ExtractionProgress { passage_index: 0, extractor: "Chromaprint", status: "running", timestamp: 1766335461 }
[  6077.348s] EVENT ExtractionProgress { passage_index: 0, extractor: "Chromaprint", status: "completed", timestamp: 1766335461 }
[  6077.348s] EVENT ExtractionProgress { passage_index: 0, extractor: "AudioDerived", status: "running", timestamp: 1766335461 }
[  6078.535s] FILE_COMPLETE [116/5737] 106 - Going Down Slow.mp3 - 1 passages in 31.79s (total_elapsed: 6078.5s)
[  6078.535s] FILE_START [117/5737] 107 - A Natural Woman (You Make Me Feel Like).mp3
[  6078.538s] EVENT ExtractionProgress { passage_index: 0, extractor: "AudioDerived", status: "completed", timestamp: 1766335463 }
[  6078.538s] EVENT ExtractionProgress { passage_index: 0, extractor: "ID3GenreMapper", status: "running", timestamp: 1766335463 }
[  6078.538s] EVENT ExtractionProgress { passage_index: 0, extractor: "ID3GenreMapper", status: "completed", timestamp: 1766335463 }
[  6078.538s] EVENT FusionStarted { passage_index: 0, timestamp: 1766335463 }
[  6078.538s] EVENT ExtractionProgress { passage_index: 0, extractor: "MusicBrainz-Pass2", status: "running", timestamp: 1766335463 }
[  6078.538s] EVENT ExtractionProgress { passage_index: 0, extractor: "MusicBrainz-Pass2", status: "completed", timestamp: 1766335463 }
[  6078.538s] EVENT FusionStarted { passage_index: 0, timestamp: 1766335463 }
[  6078.538s] EVENT ValidationStarted { passage_index: 0, timestamp: 1766335463 }
[  6078.538s] EVENT PassageCompleted: passage #0
[  6078.538s] EVENT FileCompleted: "C:\\Users\\Mango Cat\\Music\\Aretha Franklin\\The Atlantic Singles Collection 1967–1970\\106 - Going Down Slow.mp3"
[  6078.538s] EVENT FileStarted: "C:\\Users\\Mango Cat\\Music\\Aretha Franklin\\The Atlantic Singles Collection 1967–1970\\107 - A Natural Woman (You Make Me Feel Like).mp3"
[  6078.538s] EVENT SingleTrackCheckCompleted { file_path: "C:\\Users\\Mango Cat\\Music\\Aretha Franklin\\The Atlantic Singles Collection 1967–1970\\107 - A Natural Woman (You Make Me Feel Like).mp3", score: 1.8, is_single_track: true }
[  6096.357s] EVENT BoundaryDetected { passage_index: 0, start_time: 0, end_time: 4713431040, confidence: 0.5, timestamp: 1766335480 }
[  6096.357s] EVENT PassageStarted: passage #0
[  6096.357s] EVENT ExtractionProgress { passage_index: 0, extractor: "ID3", status: "running", timestamp: 1766335480 }
[  6096.357s] EVENT ExtractionProgress { passage_index: 0, extractor: "ID3", status: "completed", timestamp: 1766335480 }
[  6096.357s] EVENT ExtractionProgress { passage_index: 0, extractor: "Chromaprint", status: "running", timestamp: 1766335480 }
[  6096.780s] EVENT ExtractionProgress { passage_index: 0, extractor: "Chromaprint", status: "completed", timestamp: 1766335481 }
[  6096.780s] EVENT ExtractionProgress { passage_index: 0, extractor: "AudioDerived", status: "running", timestamp: 1766335481 }
[  6097.574s] FILE_COMPLETE [117/5737] 107 - A Natural Woman (You Make Me Feel Like).mp3 - 1 passages in 19.04s (total_elapsed: 6097.6s)
[  6097.574s] FILE_START [118/5737] 108 - Baby, Baby, Baby.mp3
[  6097.577s] EVENT ExtractionProgress { passage_index: 0, extractor: "AudioDerived", status: "completed", timestamp: 1766335482 }
[  6097.577s] EVENT ExtractionProgress { passage_index: 0, extractor: "ID3GenreMapper", status: "running", timestamp: 1766335482 }
[  6097.577s] EVENT ExtractionProgress { passage_index: 0, extractor: "ID3GenreMapper", status: "completed", timestamp: 1766335482 }
[  6097.577s] EVENT FusionStarted { passage_index: 0, timestamp: 1766335482 }
[  6097.577s] EVENT ExtractionProgress { passage_index: 0, extractor: "MusicBrainz-Pass2", status: "running", timestamp: 1766335482 }
[  6097.577s] EVENT ExtractionProgress { passage_index: 0, extractor: "MusicBrainz-Pass2", status: "completed", timestamp: 1766335482 }
[  6097.577s] EVENT FusionStarted { passage_index: 0, timestamp: 1766335482 }
[  6097.577s] EVENT ValidationStarted { passage_index: 0, timestamp: 1766335482 }
[  6097.577s] EVENT PassageCompleted: passage #0
[  6097.577s] EVENT FileCompleted: "C:\\Users\\Mango Cat\\Music\\Aretha Franklin\\The Atlantic Singles Collection 1967–1970\\107 - A Natural Woman (You Make Me Feel Like).mp3"
[  6097.577s] EVENT FileStarted: "C:\\Users\\Mango Cat\\Music\\Aretha Franklin\\The Atlantic Singles Collection 1967–1970\\108 - Baby, Baby, Baby.mp3"
[  6097.577s] EVENT SingleTrackCheckCompleted { file_path: "C:\\Users\\Mango Cat\\Music\\Aretha Franklin\\The Atlantic Singles Collection 1967–1970\\108 - Baby, Baby, Baby.mp3", score: 1.8, is_single_track: true }
[  6116.343s] EVENT BoundaryDetected { passage_index: 0, start_time: 0, end_time: 4925030400, confidence: 0.5, timestamp: 1766335500 }
[  6116.343s] EVENT PassageStarted: passage #0
[  6116.343s] EVENT ExtractionProgress { passage_index: 0, extractor: "ID3", status: "running", timestamp: 1766335500 }
[  6116.343s] EVENT ExtractionProgress { passage_index: 0, extractor: "ID3", status: "completed", timestamp: 1766335500 }
[  6116.343s] EVENT ExtractionProgress { passage_index: 0, extractor: "Chromaprint", status: "running", timestamp: 1766335500 }
[  6116.790s] EVENT ExtractionProgress { passage_index: 0, extractor: "Chromaprint", status: "completed", timestamp: 1766335501 }
[  6116.790s] EVENT ExtractionProgress { passage_index: 0, extractor: "AudioDerived", status: "running", timestamp: 1766335501 }
[  6117.507s] FILE_COMPLETE [118/5737] 108 - Baby, Baby, Baby.mp3 - 1 passages in 19.93s (total_elapsed: 6117.5s)
[  6117.507s] FILE_START [119/5737] 109 - Chain of Fools.mp3
[  6117.509s] EVENT ExtractionProgress { passage_index: 0, extractor: "AudioDerived", status: "completed", timestamp: 1766335502 }
[  6117.509s] EVENT ExtractionProgress { passage_index: 0, extractor: "ID3GenreMapper", status: "running", timestamp: 1766335502 }
[  6117.509s] EVENT ExtractionProgress { passage_index: 0, extractor: "ID3GenreMapper", status: "completed", timestamp: 1766335502 }
[  6117.509s] EVENT FusionStarted { passage_index: 0, timestamp: 1766335502 }
[  6117.509s] EVENT ExtractionProgress { passage_index: 0, extractor: "MusicBrainz-Pass2", status: "running", timestamp: 1766335502 }
[  6117.509s] EVENT ExtractionProgress { passage_index: 0, extractor: "MusicBrainz-Pass2", status: "completed", timestamp: 1766335502 }
[  6117.509s] EVENT FusionStarted { passage_index: 0, timestamp: 1766335502 }
[  6117.509s] EVENT ValidationStarted { passage_index: 0, timestamp: 1766335502 }
[  6117.509s] EVENT PassageCompleted: passage #0
[  6117.509s] EVENT FileCompleted: "C:\\Users\\Mango Cat\\Music\\Aretha Franklin\\The Atlantic Singles Collection 1967–1970\\108 - Baby, Baby, Baby.mp3"
[  6117.509s] EVENT FileStarted: "C:\\Users\\Mango Cat\\Music\\Aretha Franklin\\The Atlantic Singles Collection 1967–1970\\109 - Chain of Fools.mp3"
[  6117.509s] EVENT SingleTrackCheckCompleted { file_path: "C:\\Users\\Mango Cat\\Music\\Aretha Franklin\\The Atlantic Singles Collection 1967–1970\\109 - Chain of Fools.mp3", score: 1.8, is_single_track: true }
[  6135.280s] EVENT BoundaryDetected { passage_index: 0, start_time: 0, end_time: 4767252480, confidence: 0.5, timestamp: 1766335519 }
[  6135.280s] EVENT PassageStarted: passage #0
[  6135.280s] EVENT ExtractionProgress { passage_index: 0, extractor: "ID3", status: "running", timestamp: 1766335519 }
[  6135.280s] EVENT ExtractionProgress { passage_index: 0, extractor: "ID3", status: "completed", timestamp: 1766335519 }
[  6135.280s] EVENT ExtractionProgress { passage_index: 0, extractor: "Chromaprint", status: "running", timestamp: 1766335519 }
[  6135.705s] EVENT ExtractionProgress { passage_index: 0, extractor: "Chromaprint", status: "completed", timestamp: 1766335520 }
[  6135.705s] EVENT ExtractionProgress { passage_index: 0, extractor: "AudioDerived", status: "running", timestamp: 1766335520 }
[  6136.419s] FILE_COMPLETE [119/5737] 109 - Chain of Fools.mp3 - 1 passages in 18.91s (total_elapsed: 6136.4s)
[  6136.420s] FILE_START [120/5737] 110 - Prove It (mono version).mp3
[  6136.422s] EVENT ExtractionProgress { passage_index: 0, extractor: "AudioDerived", status: "completed", timestamp: 1766335521 }
[  6136.422s] EVENT ExtractionProgress { passage_index: 0, extractor: "ID3GenreMapper", status: "running", timestamp: 1766335521 }
[  6136.422s] EVENT ExtractionProgress { passage_index: 0, extractor: "ID3GenreMapper", status: "completed", timestamp: 1766335521 }
[  6136.422s] EVENT FusionStarted { passage_index: 0, timestamp: 1766335521 }
[  6136.422s] EVENT ExtractionProgress { passage_index: 0, extractor: "MusicBrainz-Pass2", status: "running", timestamp: 1766335521 }
[  6136.422s] EVENT ExtractionProgress { passage_index: 0, extractor: "MusicBrainz-Pass2", status: "completed", timestamp: 1766335521 }
[  6136.422s] EVENT FusionStarted { passage_index: 0, timestamp: 1766335521 }
[  6136.422s] EVENT ValidationStarted { passage_index: 0, timestamp: 1766335521 }
[  6136.422s] EVENT PassageCompleted: passage #0
[  6136.422s] EVENT FileCompleted: "C:\\Users\\Mango Cat\\Music\\Aretha Franklin\\The Atlantic Singles Collection 1967–1970\\109 - Chain of Fools.mp3"
[  6136.422s] EVENT FileStarted: "C:\\Users\\Mango Cat\\Music\\Aretha Franklin\\The Atlantic Singles Collection 1967–1970\\110 - Prove It (mono version).mp3"
[  6136.422s] EVENT SingleTrackCheckCompleted { file_path: "C:\\Users\\Mango Cat\\Music\\Aretha Franklin\\The Atlantic Singles Collection 1967–1970\\110 - Prove It (mono version).mp3", score: 1.8, is_single_track: true }
[  6155.481s] EVENT BoundaryDetected { passage_index: 0, start_time: 0, end_time: 5082808320, confidence: 0.5, timestamp: 1766335540 }
[  6155.481s] EVENT PassageStarted: passage #0
[  6155.481s] EVENT ExtractionProgress { passage_index: 0, extractor: "ID3", status: "running", timestamp: 1766335540 }
[  6155.481s] EVENT ExtractionProgress { passage_index: 0, extractor: "ID3", status: "completed", timestamp: 1766335540 }
[  6155.481s] EVENT ExtractionProgress { passage_index: 0, extractor: "Chromaprint", status: "running", timestamp: 1766335540 }
[  6155.958s] EVENT ExtractionProgress { passage_index: 0, extractor: "Chromaprint", status: "completed", timestamp: 1766335540 }
[  6155.959s] EVENT ExtractionProgress { passage_index: 0, extractor: "AudioDerived", status: "running", timestamp: 1766335540 }
[  6156.795s] FILE_COMPLETE [120/5737] 110 - Prove It (mono version).mp3 - 1 passages in 20.38s (total_elapsed: 6156.8s)
[  6156.795s] PROGRESS 120/5737 (2.1%) - 0.02 files/sec - ETA: 4803.2min
[  6156.795s] FILE_START [121/5737] 111 - (Sweet Sweet Baby) Since You’ve Been Gone.mp3
[  6156.797s] EVENT ExtractionProgress { passage_index: 0, extractor: "AudioDerived", status: "completed", timestamp: 1766335541 }
[  6156.797s] EVENT ExtractionProgress { passage_index: 0, extractor: "ID3GenreMapper", status: "running", timestamp: 1766335541 }
[  6156.797s] EVENT ExtractionProgress { passage_index: 0, extractor: "ID3GenreMapper", status: "completed", timestamp: 1766335541 }
[  6156.797s] EVENT FusionStarted { passage_index: 0, timestamp: 1766335541 }
[  6156.797s] EVENT ExtractionProgress { passage_index: 0, extractor: "MusicBrainz-Pass2", status: "running", timestamp: 1766335541 }
[  6156.797s] EVENT ExtractionProgress { passage_index: 0, extractor: "MusicBrainz-Pass2", status: "completed", timestamp: 1766335541 }
[  6156.797s] EVENT FusionStarted { passage_index: 0, timestamp: 1766335541 }
[  6156.797s] EVENT ValidationStarted { passage_index: 0, timestamp: 1766335541 }
[  6156.797s] EVENT PassageCompleted: passage #0
[  6156.798s] EVENT FileCompleted: "C:\\Users\\Mango Cat\\Music\\Aretha Franklin\\The Atlantic Singles Collection 1967–1970\\110 - Prove It (mono version).mp3"
[  6156.798s] EVENT FileStarted: "C:\\Users\\Mango Cat\\Music\\Aretha Franklin\\The Atlantic Singles Collection 1967–1970\\111 - (Sweet Sweet Baby) Since You’ve Been Gone.mp3"
[  6156.798s] EVENT SingleTrackCheckCompleted { file_path: "C:\\Users\\Mango Cat\\Music\\Aretha Franklin\\The Atlantic Singles Collection 1967–1970\\111 - (Sweet Sweet Baby) Since You’ve Been Gone.mp3", score: 1.8, is_single_track: true }
[  6173.108s] EVENT BoundaryDetected { passage_index: 0, start_time: 0, end_time: 4158259200, confidence: 0.5, timestamp: 1766335557 }
[  6173.108s] EVENT PassageStarted: passage #0
[  6173.108s] EVENT ExtractionProgress { passage_index: 0, extractor: "ID3", status: "running", timestamp: 1766335557 }
[  6173.108s] EVENT ExtractionProgress { passage_index: 0, extractor: "ID3", status: "completed", timestamp: 1766335557 }
[  6173.108s] EVENT ExtractionProgress { passage_index: 0, extractor: "Chromaprint", status: "running", timestamp: 1766335557 }
[  6173.481s] EVENT ExtractionProgress { passage_index: 0, extractor: "Chromaprint", status: "completed", timestamp: 1766335558 }
[  6173.481s] EVENT ExtractionProgress { passage_index: 0, extractor: "AudioDerived", status: "running", timestamp: 1766335558 }
[  6174.112s] FILE_COMPLETE [121/5737] 111 - (Sweet Sweet Baby) Since You’ve Been Gone.mp3 - 1 passages in 17.32s (total_elapsed: 6174.1s)
[  6174.112s] FILE_START [122/5737] 112 - Ain’t No Way.mp3
[  6174.114s] EVENT ExtractionProgress { passage_index: 0, extractor: "AudioDerived", status: "completed", timestamp: 1766335558 }
[  6174.114s] EVENT ExtractionProgress { passage_index: 0, extractor: "ID3GenreMapper", status: "running", timestamp: 1766335558 }
[  6174.114s] EVENT ExtractionProgress { passage_index: 0, extractor: "ID3GenreMapper", status: "completed", timestamp: 1766335558 }
[  6174.114s] EVENT FusionStarted { passage_index: 0, timestamp: 1766335558 }
[  6174.114s] EVENT ExtractionProgress { passage_index: 0, extractor: "MusicBrainz-Pass2", status: "running", timestamp: 1766335558 }
[  6174.114s] EVENT ExtractionProgress { passage_index: 0, extractor: "MusicBrainz-Pass2", status: "completed", timestamp: 1766335558 }
[  6174.114s] EVENT FusionStarted { passage_index: 0, timestamp: 1766335558 }
[  6174.114s] EVENT ValidationStarted { passage_index: 0, timestamp: 1766335558 }
[  6174.114s] EVENT PassageCompleted: passage #0
[  6174.114s] EVENT FileCompleted: "C:\\Users\\Mango Cat\\Music\\Aretha Franklin\\The Atlantic Singles Collection 1967–1970\\111 - (Sweet Sweet Baby) Since You’ve Been Gone.mp3"
[  6174.114s] EVENT FileStarted: "C:\\Users\\Mango Cat\\Music\\Aretha Franklin\\The Atlantic Singles Collection 1967–1970\\112 - Ain’t No Way.mp3"
[  6174.114s] EVENT SingleTrackCheckCompleted { file_path: "C:\\Users\\Mango Cat\\Music\\Aretha Franklin\\The Atlantic Singles Collection 1967–1970\\112 - Ain’t No Way.mp3", score: 1.8, is_single_track: true }
[  6200.896s] EVENT BoundaryDetected { passage_index: 0, start_time: 0, end_time: 7233454080, confidence: 0.5, timestamp: 1766335585 }
[  6200.896s] EVENT PassageStarted: passage #0
[  6200.896s] EVENT ExtractionProgress { passage_index: 0, extractor: "ID3", status: "running", timestamp: 1766335585 }
[  6200.896s] EVENT ExtractionProgress { passage_index: 0, extractor: "ID3", status: "completed", timestamp: 1766335585 }
[  6200.896s] EVENT ExtractionProgress { passage_index: 0, extractor: "Chromaprint", status: "running", timestamp: 1766335585 }
[  6201.528s] EVENT ExtractionProgress { passage_index: 0, extractor: "Chromaprint", status: "completed", timestamp: 1766335586 }
[  6201.528s] EVENT ExtractionProgress { passage_index: 0, extractor: "AudioDerived", status: "running", timestamp: 1766335586 }
[  6202.647s] FILE_COMPLETE [122/5737] 112 - Ain’t No Way.mp3 - 1 passages in 28.53s (total_elapsed: 6202.6s)
[  6202.647s] FILE_START [123/5737] 113 - Think.mp3
[  6202.649s] EVENT ExtractionProgress { passage_index: 0, extractor: "AudioDerived", status: "completed", timestamp: 1766335587 }
[  6202.649s] EVENT ExtractionProgress { passage_index: 0, extractor: "ID3GenreMapper", status: "running", timestamp: 1766335587 }
[  6202.649s] EVENT ExtractionProgress { passage_index: 0, extractor: "ID3GenreMapper", status: "completed", timestamp: 1766335587 }
[  6202.649s] EVENT FusionStarted { passage_index: 0, timestamp: 1766335587 }
[  6202.649s] EVENT ExtractionProgress { passage_index: 0, extractor: "MusicBrainz-Pass2", status: "running", timestamp: 1766335587 }
[  6202.649s] EVENT ExtractionProgress { passage_index: 0, extractor: "MusicBrainz-Pass2", status: "completed", timestamp: 1766335587 }
[  6202.649s] EVENT FusionStarted { passage_index: 0, timestamp: 1766335587 }
[  6202.649s] EVENT ValidationStarted { passage_index: 0, timestamp: 1766335587 }
[  6202.649s] EVENT PassageCompleted: passage #0
[  6202.649s] EVENT FileCompleted: "C:\\Users\\Mango Cat\\Music\\Aretha Franklin\\The Atlantic Singles Collection 1967–1970\\112 - Ain’t No Way.mp3"
[  6202.649s] EVENT FileStarted: "C:\\Users\\Mango Cat\\Music\\Aretha Franklin\\The Atlantic Singles Collection 1967–1970\\113 - Think.mp3"
[  6202.649s] EVENT SingleTrackCheckCompleted { file_path: "C:\\Users\\Mango Cat\\Music\\Aretha Franklin\\The Atlantic Singles Collection 1967–1970\\113 - Think.mp3", score: 1.8, is_single_track: true }
[  6217.343s] EVENT BoundaryDetected { passage_index: 0, start_time: 0, end_time: 3957719040, confidence: 0.5, timestamp: 1766335601 }
[  6217.343s] EVENT PassageStarted: passage #0
[  6217.343s] EVENT ExtractionProgress { passage_index: 0, extractor: "ID3", status: "running", timestamp: 1766335601 }
[  6217.343s] EVENT ExtractionProgress { passage_index: 0, extractor: "ID3", status: "completed", timestamp: 1766335601 }
[  6217.343s] EVENT ExtractionProgress { passage_index: 0, extractor: "Chromaprint", status: "running", timestamp: 1766335601 }
[  6217.693s] EVENT ExtractionProgress { passage_index: 0, extractor: "Chromaprint", status: "completed", timestamp: 1766335602 }
[  6217.693s] EVENT ExtractionProgress { passage_index: 0, extractor: "AudioDerived", status: "running", timestamp: 1766335602 }
[  6218.305s] FILE_COMPLETE [123/5737] 113 - Think.mp3 - 1 passages in 15.66s (total_elapsed: 6218.3s)
[  6218.305s] FILE_START [124/5737] 114 - You Send Me.mp3
[  6218.306s] EVENT ExtractionProgress { passage_index: 0, extractor: "AudioDerived", status: "completed", timestamp: 1766335602 }
[  6218.306s] EVENT ExtractionProgress { passage_index: 0, extractor: "ID3GenreMapper", status: "running", timestamp: 1766335602 }
[  6218.306s] EVENT ExtractionProgress { passage_index: 0, extractor: "ID3GenreMapper", status: "completed", timestamp: 1766335602 }
[  6218.306s] EVENT FusionStarted { passage_index: 0, timestamp: 1766335602 }
[  6218.306s] EVENT ExtractionProgress { passage_index: 0, extractor: "MusicBrainz-Pass2", status: "running", timestamp: 1766335602 }
[  6218.306s] EVENT ExtractionProgress { passage_index: 0, extractor: "MusicBrainz-Pass2", status: "completed", timestamp: 1766335602 }
[  6218.306s] EVENT FusionStarted { passage_index: 0, timestamp: 1766335602 }
[  6218.306s] EVENT ValidationStarted { passage_index: 0, timestamp: 1766335602 }
[  6218.306s] EVENT PassageCompleted: passage #0
[  6218.306s] EVENT FileCompleted: "C:\\Users\\Mango Cat\\Music\\Aretha Franklin\\The Atlantic Singles Collection 1967–1970\\113 - Think.mp3"
[  6218.306s] EVENT FileStarted: "C:\\Users\\Mango Cat\\Music\\Aretha Franklin\\The Atlantic Singles Collection 1967–1970\\114 - You Send Me.mp3"
[  6218.306s] EVENT SingleTrackCheckCompleted { file_path: "C:\\Users\\Mango Cat\\Music\\Aretha Franklin\\The Atlantic Singles Collection 1967–1970\\114 - You Send Me.mp3", score: 1.8, is_single_track: true }
[  6234.125s] EVENT BoundaryDetected { passage_index: 0, start_time: 0, end_time: 4246732800, confidence: 0.5, timestamp: 1766335618 }
[  6234.125s] EVENT PassageStarted: passage #0
[  6234.125s] EVENT ExtractionProgress { passage_index: 0, extractor: "ID3", status: "running", timestamp: 1766335618 }
[  6234.125s] EVENT ExtractionProgress { passage_index: 0, extractor: "ID3", status: "completed", timestamp: 1766335618 }
[  6234.125s] EVENT ExtractionProgress { passage_index: 0, extractor: "Chromaprint", status: "running", timestamp: 1766335618 }
[  6234.502s] EVENT ExtractionProgress { passage_index: 0, extractor: "Chromaprint", status: "completed", timestamp: 1766335619 }
[  6234.503s] EVENT ExtractionProgress { passage_index: 0, extractor: "AudioDerived", status: "running", timestamp: 1766335619 }
[  6235.152s] FILE_COMPLETE [124/5737] 114 - You Send Me.mp3 - 1 passages in 16.85s (total_elapsed: 6235.1s)
[  6235.152s] FILE_START [125/5737] 115 - The House That Jack Built (mono version).mp3
[  6235.159s] EVENT ExtractionProgress { passage_index: 0, extractor: "AudioDerived", status: "completed", timestamp: 1766335619 }
[  6235.159s] EVENT ExtractionProgress { passage_index: 0, extractor: "ID3GenreMapper", status: "running", timestamp: 1766335619 }
[  6235.159s] EVENT ExtractionProgress { passage_index: 0, extractor: "ID3GenreMapper", status: "completed", timestamp: 1766335619 }
[  6235.159s] EVENT FusionStarted { passage_index: 0, timestamp: 1766335619 }
[  6235.159s] EVENT ExtractionProgress { passage_index: 0, extractor: "MusicBrainz-Pass2", status: "running", timestamp: 1766335619 }
[  6235.159s] EVENT ExtractionProgress { passage_index: 0, extractor: "MusicBrainz-Pass2", status: "completed", timestamp: 1766335619 }
[  6235.159s] EVENT FusionStarted { passage_index: 0, timestamp: 1766335619 }
[  6235.159s] EVENT ValidationStarted { passage_index: 0, timestamp: 1766335619 }
[  6235.159s] EVENT PassageCompleted: passage #0
[  6235.159s] EVENT FileCompleted: "C:\\Users\\Mango Cat\\Music\\Aretha Franklin\\The Atlantic Singles Collection 1967–1970\\114 - You Send Me.mp3"
[  6235.159s] EVENT FileStarted: "C:\\Users\\Mango Cat\\Music\\Aretha Franklin\\The Atlantic Singles Collection 1967–1970\\115 - The House That Jack Built (mono version).mp3"
[  6235.159s] EVENT SingleTrackCheckCompleted { file_path: "C:\\Users\\Mango Cat\\Music\\Aretha Franklin\\The Atlantic Singles Collection 1967–1970\\115 - The House That Jack Built (mono version).mp3", score: 1.8, is_single_track: true }
[  6249.968s] EVENT BoundaryDetected { passage_index: 0, start_time: 0, end_time: 3990159360, confidence: 0.5, timestamp: 1766335634 }
[  6249.968s] EVENT PassageStarted: passage #0
[  6249.968s] EVENT ExtractionProgress { passage_index: 0, extractor: "ID3", status: "running", timestamp: 1766335634 }
[  6249.968s] EVENT ExtractionProgress { passage_index: 0, extractor: "ID3", status: "completed", timestamp: 1766335634 }
[  6249.968s] EVENT ExtractionProgress { passage_index: 0, extractor: "Chromaprint", status: "running", timestamp: 1766335634 }
[  6250.337s] EVENT ExtractionProgress { passage_index: 0, extractor: "Chromaprint", status: "completed", timestamp: 1766335634 }
[  6250.337s] EVENT ExtractionProgress { passage_index: 0, extractor: "AudioDerived", status: "running", timestamp: 1766335634 }
[  6250.959s] FILE_COMPLETE [125/5737] 115 - The House That Jack Built (mono version).mp3 - 1 passages in 15.81s (total_elapsed: 6251.0s)
[  6250.960s] FILE_START [126/5737] 116 - I Say a Little Prayer.mp3
[  6250.962s] EVENT ExtractionProgress { passage_index: 0, extractor: "AudioDerived", status: "completed", timestamp: 1766335635 }
[  6250.962s] EVENT ExtractionProgress { passage_index: 0, extractor: "ID3GenreMapper", status: "running", timestamp: 1766335635 }
[  6250.962s] EVENT ExtractionProgress { passage_index: 0, extractor: "ID3GenreMapper", status: "completed", timestamp: 1766335635 }
[  6250.962s] EVENT FusionStarted { passage_index: 0, timestamp: 1766335635 }
[  6250.962s] EVENT ExtractionProgress { passage_index: 0, extractor: "MusicBrainz-Pass2", status: "running", timestamp: 1766335635 }
[  6250.962s] EVENT ExtractionProgress { passage_index: 0, extractor: "MusicBrainz-Pass2", status: "completed", timestamp: 1766335635 }
[  6250.962s] EVENT FusionStarted { passage_index: 0, timestamp: 1766335635 }
[  6250.962s] EVENT ValidationStarted { passage_index: 0, timestamp: 1766335635 }
[  6250.962s] EVENT PassageCompleted: passage #0
[  6250.962s] EVENT FileCompleted: "C:\\Users\\Mango Cat\\Music\\Aretha Franklin\\The Atlantic Singles Collection 1967–1970\\115 - The House That Jack Built (mono version).mp3"
[  6250.962s] EVENT FileStarted: "C:\\Users\\Mango Cat\\Music\\Aretha Franklin\\The Atlantic Singles Collection 1967–1970\\116 - I Say a Little Prayer.mp3"
[  6250.962s] EVENT SingleTrackCheckCompleted { file_path: "C:\\Users\\Mango Cat\\Music\\Aretha Franklin\\The Atlantic Singles Collection 1967–1970\\116 - I Say a Little Prayer.mp3", score: 1.8, is_single_track: true }
[  6268.361s] EVENT BoundaryDetected { passage_index: 0, start_time: 0, end_time: 4678041600, confidence: 0.5, timestamp: 1766335652 }
[  6268.361s] EVENT PassageStarted: passage #0
[  6268.361s] EVENT ExtractionProgress { passage_index: 0, extractor: "ID3", status: "running", timestamp: 1766335652 }
[  6268.361s] EVENT ExtractionProgress { passage_index: 0, extractor: "ID3", status: "completed", timestamp: 1766335652 }
[  6268.361s] EVENT ExtractionProgress { passage_index: 0, extractor: "Chromaprint", status: "running", timestamp: 1766335652 }
[  6268.790s] EVENT ExtractionProgress { passage_index: 0, extractor: "Chromaprint", status: "completed", timestamp: 1766335653 }
[  6268.790s] EVENT ExtractionProgress { passage_index: 0, extractor: "AudioDerived", status: "running", timestamp: 1766335653 }
[  6269.501s] FILE_COMPLETE [126/5737] 116 - I Say a Little Prayer.mp3 - 1 passages in 18.54s (total_elapsed: 6269.5s)
[  6269.501s] FILE_START [127/5737] 117 - See Saw.mp3
[  6269.504s] EVENT ExtractionProgress { passage_index: 0, extractor: "AudioDerived", status: "completed", timestamp: 1766335654 }
[  6269.504s] EVENT ExtractionProgress { passage_index: 0, extractor: "ID3GenreMapper", status: "running", timestamp: 1766335654 }
[  6269.504s] EVENT ExtractionProgress { passage_index: 0, extractor: "ID3GenreMapper", status: "completed", timestamp: 1766335654 }
[  6269.504s] EVENT FusionStarted { passage_index: 0, timestamp: 1766335654 }
[  6269.504s] EVENT ExtractionProgress { passage_index: 0, extractor: "MusicBrainz-Pass2", status: "running", timestamp: 1766335654 }
[  6269.504s] EVENT ExtractionProgress { passage_index: 0, extractor: "MusicBrainz-Pass2", status: "completed", timestamp: 1766335654 }
[  6269.504s] EVENT FusionStarted { passage_index: 0, timestamp: 1766335654 }
[  6269.504s] EVENT ValidationStarted { passage_index: 0, timestamp: 1766335654 }
[  6269.504s] EVENT PassageCompleted: passage #0
[  6269.504s] EVENT FileCompleted: "C:\\Users\\Mango Cat\\Music\\Aretha Franklin\\The Atlantic Singles Collection 1967–1970\\116 - I Say a Little Prayer.mp3"
[  6269.504s] EVENT FileStarted: "C:\\Users\\Mango Cat\\Music\\Aretha Franklin\\The Atlantic Singles Collection 1967–1970\\117 - See Saw.mp3"
[  6269.504s] EVENT SingleTrackCheckCompleted { file_path: "C:\\Users\\Mango Cat\\Music\\Aretha Franklin\\The Atlantic Singles Collection 1967–1970\\117 - See Saw.mp3", score: 1.8, is_single_track: true }
[  6287.116s] EVENT BoundaryDetected { passage_index: 0, start_time: 0, end_time: 4737761280, confidence: 0.5, timestamp: 1766335671 }
[  6287.116s] EVENT PassageStarted: passage #0
[  6287.116s] EVENT ExtractionProgress { passage_index: 0, extractor: "ID3", status: "running", timestamp: 1766335671 }
[  6287.116s] EVENT ExtractionProgress { passage_index: 0, extractor: "ID3", status: "completed", timestamp: 1766335671 }
[  6287.116s] EVENT ExtractionProgress { passage_index: 0, extractor: "Chromaprint", status: "running", timestamp: 1766335671 }
[  6287.536s] EVENT ExtractionProgress { passage_index: 0, extractor: "Chromaprint", status: "completed", timestamp: 1766335672 }
[  6287.536s] EVENT ExtractionProgress { passage_index: 0, extractor: "AudioDerived", status: "running", timestamp: 1766335672 }
[  6288.268s] FILE_COMPLETE [127/5737] 117 - See Saw.mp3 - 1 passages in 18.77s (total_elapsed: 6288.3s)
[  6288.268s] FILE_START [128/5737] 118 - My Song.mp3
[  6288.270s] EVENT ExtractionProgress { passage_index: 0, extractor: "AudioDerived", status: "completed", timestamp: 1766335672 }
[  6288.270s] EVENT ExtractionProgress { passage_index: 0, extractor: "ID3GenreMapper", status: "running", timestamp: 1766335672 }
[  6288.270s] EVENT ExtractionProgress { passage_index: 0, extractor: "ID3GenreMapper", status: "completed", timestamp: 1766335672 }
[  6288.270s] EVENT FusionStarted { passage_index: 0, timestamp: 1766335672 }
[  6288.270s] EVENT ExtractionProgress { passage_index: 0, extractor: "MusicBrainz-Pass2", status: "running", timestamp: 1766335672 }
[  6288.270s] EVENT ExtractionProgress { passage_index: 0, extractor: "MusicBrainz-Pass2", status: "completed", timestamp: 1766335672 }
[  6288.270s] EVENT FusionStarted { passage_index: 0, timestamp: 1766335672 }
[  6288.270s] EVENT ValidationStarted { passage_index: 0, timestamp: 1766335672 }
[  6288.270s] EVENT PassageCompleted: passage #0
[  6288.270s] EVENT FileCompleted: "C:\\Users\\Mango Cat\\Music\\Aretha Franklin\\The Atlantic Singles Collection 1967–1970\\117 - See Saw.mp3"
[  6288.270s] EVENT FileStarted: "C:\\Users\\Mango Cat\\Music\\Aretha Franklin\\The Atlantic Singles Collection 1967–1970\\118 - My Song.mp3"
[  6288.270s] EVENT SingleTrackCheckCompleted { file_path: "C:\\Users\\Mango Cat\\Music\\Aretha Franklin\\The Atlantic Singles Collection 1967–1970\\118 - My Song.mp3", score: 1.8, is_single_track: true }
[  6310.491s] EVENT BoundaryDetected { passage_index: 0, start_time: 0, end_time: 5994086400, confidence: 0.5, timestamp: 1766335695 }
[  6310.491s] EVENT PassageStarted: passage #0
[  6310.491s] EVENT ExtractionProgress { passage_index: 0, extractor: "ID3", status: "running", timestamp: 1766335695 }
[  6310.491s] EVENT ExtractionProgress { passage_index: 0, extractor: "ID3", status: "completed", timestamp: 1766335695 }
[  6310.491s] EVENT ExtractionProgress { passage_index: 0, extractor: "Chromaprint", status: "running", timestamp: 1766335695 }
[  6311.015s] EVENT ExtractionProgress { passage_index: 0, extractor: "Chromaprint", status: "completed", timestamp: 1766335695 }
[  6311.015s] EVENT ExtractionProgress { passage_index: 0, extractor: "AudioDerived", status: "running", timestamp: 1766335695 }
[  6311.926s] FILE_COMPLETE [128/5737] 118 - My Song.mp3 - 1 passages in 23.66s (total_elapsed: 6311.9s)
[  6311.926s] FILE_START [129/5737] 201 - The Weight.mp3
[  6311.933s] EVENT ExtractionProgress { passage_index: 0, extractor: "AudioDerived", status: "completed", timestamp: 1766335696 }
[  6311.933s] EVENT ExtractionProgress { passage_index: 0, extractor: "ID3GenreMapper", status: "running", timestamp: 1766335696 }
[  6311.933s] EVENT ExtractionProgress { passage_index: 0, extractor: "ID3GenreMapper", status: "completed", timestamp: 1766335696 }
[  6311.933s] EVENT FusionStarted { passage_index: 0, timestamp: 1766335696 }
[  6311.933s] EVENT ExtractionProgress { passage_index: 0, extractor: "MusicBrainz-Pass2", status: "running", timestamp: 1766335696 }
[  6311.933s] EVENT ExtractionProgress { passage_index: 0, extractor: "MusicBrainz-Pass2", status: "completed", timestamp: 1766335696 }
[  6311.933s] EVENT FusionStarted { passage_index: 0, timestamp: 1766335696 }
[  6311.933s] EVENT ValidationStarted { passage_index: 0, timestamp: 1766335696 }
[  6311.933s] EVENT PassageCompleted: passage #0
[  6311.933s] EVENT FileCompleted: "C:\\Users\\Mango Cat\\Music\\Aretha Franklin\\The Atlantic Singles Collection 1967–1970\\118 - My Song.mp3"
[  6311.933s] EVENT FileStarted: "C:\\Users\\Mango Cat\\Music\\Aretha Franklin\\The Atlantic Singles Collection 1967–1970\\201 - The Weight.mp3"
[  6311.933s] EVENT SingleTrackCheckCompleted { file_path: "C:\\Users\\Mango Cat\\Music\\Aretha Franklin\\The Atlantic Singles Collection 1967–1970\\201 - The Weight.mp3", score: 1.8, is_single_track: true }
[  6330.209s] EVENT BoundaryDetected { passage_index: 0, start_time: 0, end_time: 4929454080, confidence: 0.5, timestamp: 1766335714 }
[  6330.209s] EVENT PassageStarted: passage #0
[  6330.209s] EVENT ExtractionProgress { passage_index: 0, extractor: "ID3", status: "running", timestamp: 1766335714 }
[  6330.209s] EVENT ExtractionProgress { passage_index: 0, extractor: "ID3", status: "completed", timestamp: 1766335714 }
[  6330.209s] EVENT ExtractionProgress { passage_index: 0, extractor: "Chromaprint", status: "running", timestamp: 1766335714 }
[  6330.663s] EVENT ExtractionProgress { passage_index: 0, extractor: "Chromaprint", status: "completed", timestamp: 1766335715 }
[  6330.663s] EVENT ExtractionProgress { passage_index: 0, extractor: "AudioDerived", status: "running", timestamp: 1766335715 }
[  6331.423s] FILE_COMPLETE [129/5737] 201 - The Weight.mp3 - 1 passages in 19.50s (total_elapsed: 6331.4s)
[  6331.423s] FILE_START [130/5737] 202 - Tracks of My Tears.mp3
[  6331.424s] EVENT ExtractionProgress { passage_index: 0, extractor: "AudioDerived", status: "completed", timestamp: 1766335716 }
[  6331.424s] EVENT ExtractionProgress { passage_index: 0, extractor: "ID3GenreMapper", status: "running", timestamp: 1766335716 }
[  6331.424s] EVENT ExtractionProgress { passage_index: 0, extractor: "ID3GenreMapper", status: "completed", timestamp: 1766335716 }
[  6331.424s] EVENT FusionStarted { passage_index: 0, timestamp: 1766335716 }
[  6331.424s] EVENT ExtractionProgress { passage_index: 0, extractor: "MusicBrainz-Pass2", status: "running", timestamp: 1766335716 }
[  6331.424s] EVENT ExtractionProgress { passage_index: 0, extractor: "MusicBrainz-Pass2", status: "completed", timestamp: 1766335716 }
[  6331.424s] EVENT FusionStarted { passage_index: 0, timestamp: 1766335716 }
[  6331.424s] EVENT ValidationStarted { passage_index: 0, timestamp: 1766335716 }
[  6331.424s] EVENT PassageCompleted: passage #0
[  6331.424s] EVENT FileCompleted: "C:\\Users\\Mango Cat\\Music\\Aretha Franklin\\The Atlantic Singles Collection 1967–1970\\201 - The Weight.mp3"
[  6331.424s] EVENT FileStarted: "C:\\Users\\Mango Cat\\Music\\Aretha Franklin\\The Atlantic Singles Collection 1967–1970\\202 - Tracks of My Tears.mp3"
[  6331.424s] EVENT SingleTrackCheckCompleted { file_path: "C:\\Users\\Mango Cat\\Music\\Aretha Franklin\\The Atlantic Singles Collection 1967–1970\\202 - Tracks of My Tears.mp3", score: 1.8, is_single_track: true }
[  6349.966s] EVENT BoundaryDetected { passage_index: 0, start_time: 0, end_time: 4972953600, confidence: 0.5, timestamp: 1766335734 }
[  6349.966s] EVENT PassageStarted: passage #0
[  6349.966s] EVENT ExtractionProgress { passage_index: 0, extractor: "ID3", status: "running", timestamp: 1766335734 }
[  6349.966s] EVENT ExtractionProgress { passage_index: 0, extractor: "ID3", status: "completed", timestamp: 1766335734 }
[  6349.966s] EVENT ExtractionProgress { passage_index: 0, extractor: "Chromaprint", status: "running", timestamp: 1766335734 }
[  6350.411s] EVENT ExtractionProgress { passage_index: 0, extractor: "Chromaprint", status: "completed", timestamp: 1766335735 }
[  6350.411s] EVENT ExtractionProgress { passage_index: 0, extractor: "AudioDerived", status: "running", timestamp: 1766335735 }
[  6351.175s] FILE_COMPLETE [130/5737] 202 - Tracks of My Tears.mp3 - 1 passages in 19.75s (total_elapsed: 6351.2s)
[  6351.175s] PROGRESS 130/5737 (2.3%) - 0.02 files/sec - ETA: 4565.5min
[  6351.175s] FILE_START [131/5737] 203 - I Can’t See Myself Leaving You.mp3
[  6351.177s] EVENT ExtractionProgress { passage_index: 0, extractor: "AudioDerived", status: "completed", timestamp: 1766335735 }
[  6351.177s] EVENT ExtractionProgress { passage_index: 0, extractor: "ID3GenreMapper", status: "running", timestamp: 1766335735 }
[  6351.177s] EVENT ExtractionProgress { passage_index: 0, extractor: "ID3GenreMapper", status: "completed", timestamp: 1766335735 }
[  6351.177s] EVENT FusionStarted { passage_index: 0, timestamp: 1766335735 }
[  6351.177s] EVENT ExtractionProgress { passage_index: 0, extractor: "MusicBrainz-Pass2", status: "running", timestamp: 1766335735 }
[  6351.177s] EVENT ExtractionProgress { passage_index: 0, extractor: "MusicBrainz-Pass2", status: "completed", timestamp: 1766335735 }
[  6351.177s] EVENT FusionStarted { passage_index: 0, timestamp: 1766335735 }
[  6351.177s] EVENT ValidationStarted { passage_index: 0, timestamp: 1766335735 }
[  6351.177s] EVENT PassageCompleted: passage #0
[  6351.177s] EVENT FileCompleted: "C:\\Users\\Mango Cat\\Music\\Aretha Franklin\\The Atlantic Singles Collection 1967–1970\\202 - Tracks of My Tears.mp3"
[  6351.177s] EVENT FileStarted: "C:\\Users\\Mango Cat\\Music\\Aretha Franklin\\The Atlantic Singles Collection 1967–1970\\203 - I Can’t See Myself Leaving You.mp3"
[  6351.177s] EVENT SingleTrackCheckCompleted { file_path: "C:\\Users\\Mango Cat\\Music\\Aretha Franklin\\The Atlantic Singles Collection 1967–1970\\203 - I Can’t See Myself Leaving You.mp3", score: 1.8, is_single_track: true }
[  6370.415s] EVENT BoundaryDetected { passage_index: 0, start_time: 0, end_time: 5200035840, confidence: 0.5, timestamp: 1766335755 }
[  6370.415s] EVENT PassageStarted: passage #0
[  6370.415s] EVENT ExtractionProgress { passage_index: 0, extractor: "ID3", status: "running", timestamp: 1766335755 }
[  6370.415s] EVENT ExtractionProgress { passage_index: 0, extractor: "ID3", status: "completed", timestamp: 1766335755 }
[  6370.415s] EVENT ExtractionProgress { passage_index: 0, extractor: "Chromaprint", status: "running", timestamp: 1766335755 }
[  6370.877s] EVENT ExtractionProgress { passage_index: 0, extractor: "Chromaprint", status: "completed", timestamp: 1766335755 }
[  6370.877s] EVENT ExtractionProgress { passage_index: 0, extractor: "AudioDerived", status: "running", timestamp: 1766335755 }
[  6371.661s] FILE_COMPLETE [131/5737] 203 - I Can’t See Myself Leaving You.mp3 - 1 passages in 20.49s (total_elapsed: 6371.7s)
[  6371.662s] FILE_START [132/5737] 204 - Gentle on My Mind.mp3
[  6371.663s] EVENT ExtractionProgress { passage_index: 0, extractor: "AudioDerived", status: "completed", timestamp: 1766335756 }
[  6371.663s] EVENT ExtractionProgress { passage_index: 0, extractor: "ID3GenreMapper", status: "running", timestamp: 1766335756 }
[  6371.663s] EVENT ExtractionProgress { passage_index: 0, extractor: "ID3GenreMapper", status: "completed", timestamp: 1766335756 }
[  6371.663s] EVENT FusionStarted { passage_index: 0, timestamp: 1766335756 }
[  6371.663s] EVENT ExtractionProgress { passage_index: 0, extractor: "MusicBrainz-Pass2", status: "running", timestamp: 1766335756 }
[  6371.663s] EVENT ExtractionProgress { passage_index: 0, extractor: "MusicBrainz-Pass2", status: "completed", timestamp: 1766335756 }
[  6371.663s] EVENT FusionStarted { passage_index: 0, timestamp: 1766335756 }
[  6371.663s] EVENT ValidationStarted { passage_index: 0, timestamp: 1766335756 }
[  6371.663s] EVENT PassageCompleted: passage #0
[  6371.663s] EVENT FileCompleted: "C:\\Users\\Mango Cat\\Music\\Aretha Franklin\\The Atlantic Singles Collection 1967–1970\\203 - I Can’t See Myself Leaving You.mp3"
[  6371.663s] EVENT FileStarted: "C:\\Users\\Mango Cat\\Music\\Aretha Franklin\\The Atlantic Singles Collection 1967–1970\\204 - Gentle on My Mind.mp3"
[  6371.663s] EVENT SingleTrackCheckCompleted { file_path: "C:\\Users\\Mango Cat\\Music\\Aretha Franklin\\The Atlantic Singles Collection 1967–1970\\204 - Gentle on My Mind.mp3", score: 1.8, is_single_track: true }
[  6387.235s] EVENT BoundaryDetected { passage_index: 0, start_time: 0, end_time: 4187013120, confidence: 0.5, timestamp: 1766335771 }
[  6387.235s] EVENT PassageStarted: passage #0
[  6387.235s] EVENT ExtractionProgress { passage_index: 0, extractor: "ID3", status: "running", timestamp: 1766335771 }
[  6387.235s] EVENT ExtractionProgress { passage_index: 0, extractor: "ID3", status: "completed", timestamp: 1766335771 }
[  6387.235s] EVENT ExtractionProgress { passage_index: 0, extractor: "Chromaprint", status: "running", timestamp: 1766335771 }
[  6387.622s] EVENT ExtractionProgress { passage_index: 0, extractor: "Chromaprint", status: "completed", timestamp: 1766335772 }
[  6387.622s] EVENT ExtractionProgress { passage_index: 0, extractor: "AudioDerived", status: "running", timestamp: 1766335772 }
[  6388.265s] FILE_COMPLETE [132/5737] 204 - Gentle on My Mind.mp3 - 1 passages in 16.60s (total_elapsed: 6388.3s)
[  6388.265s] FILE_START [133/5737] 205 - Share Your Love With Me.mp3
[  6388.268s] EVENT ExtractionProgress { passage_index: 0, extractor: "AudioDerived", status: "completed", timestamp: 1766335772 }
[  6388.268s] EVENT ExtractionProgress { passage_index: 0, extractor: "ID3GenreMapper", status: "running", timestamp: 1766335772 }
[  6388.268s] EVENT ExtractionProgress { passage_index: 0, extractor: "ID3GenreMapper", status: "completed", timestamp: 1766335772 }
[  6388.268s] EVENT FusionStarted { passage_index: 0, timestamp: 1766335772 }
[  6388.268s] EVENT ExtractionProgress { passage_index: 0, extractor: "MusicBrainz-Pass2", status: "running", timestamp: 1766335772 }
[  6388.268s] EVENT ExtractionProgress { passage_index: 0, extractor: "MusicBrainz-Pass2", status: "completed", timestamp: 1766335772 }
[  6388.268s] EVENT FusionStarted { passage_index: 0, timestamp: 1766335772 }
[  6388.268s] EVENT ValidationStarted { passage_index: 0, timestamp: 1766335772 }
[  6388.268s] EVENT PassageCompleted: passage #0
[  6388.268s] EVENT FileCompleted: "C:\\Users\\Mango Cat\\Music\\Aretha Franklin\\The Atlantic Singles Collection 1967–1970\\204 - Gentle on My Mind.mp3"
[  6388.268s] EVENT FileStarted: "C:\\Users\\Mango Cat\\Music\\Aretha Franklin\\The Atlantic Singles Collection 1967–1970\\205 - Share Your Love With Me.mp3"
[  6388.268s] EVENT SingleTrackCheckCompleted { file_path: "C:\\Users\\Mango Cat\\Music\\Aretha Franklin\\The Atlantic Singles Collection 1967–1970\\205 - Share Your Love With Me.mp3", score: 1.8, is_single_track: true }
[  6409.328s] EVENT BoundaryDetected { passage_index: 0, start_time: 0, end_time: 5656412160, confidence: 0.5, timestamp: 1766335793 }
[  6409.328s] EVENT PassageStarted: passage #0
[  6409.328s] EVENT ExtractionProgress { passage_index: 0, extractor: "ID3", status: "running", timestamp: 1766335793 }
[  6409.328s] EVENT ExtractionProgress { passage_index: 0, extractor: "ID3", status: "completed", timestamp: 1766335793 }
[  6409.328s] EVENT ExtractionProgress { passage_index: 0, extractor: "Chromaprint", status: "running", timestamp: 1766335793 }
[  6409.815s] EVENT ExtractionProgress { passage_index: 0, extractor: "Chromaprint", status: "completed", timestamp: 1766335794 }
[  6409.815s] EVENT ExtractionProgress { passage_index: 0, extractor: "AudioDerived", status: "running", timestamp: 1766335794 }
[  6410.658s] FILE_COMPLETE [133/5737] 205 - Share Your Love With Me.mp3 - 1 passages in 22.39s (total_elapsed: 6410.7s)
[  6410.658s] FILE_START [134/5737] 206 - Pledging My Love - The Clock.mp3
[  6410.660s] EVENT ExtractionProgress { passage_index: 0, extractor: "AudioDerived", status: "completed", timestamp: 1766335795 }
[  6410.660s] EVENT ExtractionProgress { passage_index: 0, extractor: "ID3GenreMapper", status: "running", timestamp: 1766335795 }
[  6410.660s] EVENT ExtractionProgress { passage_index: 0, extractor: "ID3GenreMapper", status: "completed", timestamp: 1766335795 }
[  6410.660s] EVENT FusionStarted { passage_index: 0, timestamp: 1766335795 }
[  6410.660s] EVENT ExtractionProgress { passage_index: 0, extractor: "MusicBrainz-Pass2", status: "running", timestamp: 1766335795 }
[  6410.660s] EVENT ExtractionProgress { passage_index: 0, extractor: "MusicBrainz-Pass2", status: "completed", timestamp: 1766335795 }
[  6410.660s] EVENT FusionStarted { passage_index: 0, timestamp: 1766335795 }
[  6410.660s] EVENT ValidationStarted { passage_index: 0, timestamp: 1766335795 }
[  6410.660s] EVENT PassageCompleted: passage #0
[  6410.660s] EVENT FileCompleted: "C:\\Users\\Mango Cat\\Music\\Aretha Franklin\\The Atlantic Singles Collection 1967–1970\\205 - Share Your Love With Me.mp3"
[  6410.660s] EVENT FileStarted: "C:\\Users\\Mango Cat\\Music\\Aretha Franklin\\The Atlantic Singles Collection 1967–1970\\206 - Pledging My Love - The Clock.mp3"
[  6410.660s] EVENT SingleTrackCheckCompleted { file_path: "C:\\Users\\Mango Cat\\Music\\Aretha Franklin\\The Atlantic Singles Collection 1967–1970\\206 - Pledging My Love - The Clock.mp3", score: 1.8, is_single_track: true }
[  6437.223s] EVENT BoundaryDetected { passage_index: 0, start_time: 0, end_time: 7169310720, confidence: 0.5, timestamp: 1766335821 }
[  6437.223s] EVENT PassageStarted: passage #0
[  6437.223s] EVENT ExtractionProgress { passage_index: 0, extractor: "ID3", status: "running", timestamp: 1766335821 }
[  6437.223s] EVENT ExtractionProgress { passage_index: 0, extractor: "ID3", status: "completed", timestamp: 1766335821 }
[  6437.223s] EVENT ExtractionProgress { passage_index: 0, extractor: "Chromaprint", status: "running", timestamp: 1766335821 }
[  6437.867s] EVENT ExtractionProgress { passage_index: 0, extractor: "Chromaprint", status: "completed", timestamp: 1766335822 }
[  6437.867s] EVENT ExtractionProgress { passage_index: 0, extractor: "AudioDerived", status: "running", timestamp: 1766335822 }
[  6438.946s] FILE_COMPLETE [134/5737] 206 - Pledging My Love - The Clock.mp3 - 1 passages in 28.29s (total_elapsed: 6438.9s)
[  6438.947s] FILE_START [135/5737] 207 - Eleanor Rigby.mp3
[  6438.948s] EVENT ExtractionProgress { passage_index: 0, extractor: "AudioDerived", status: "completed", timestamp: 1766335823 }
[  6438.948s] EVENT ExtractionProgress { passage_index: 0, extractor: "ID3GenreMapper", status: "running", timestamp: 1766335823 }
[  6438.948s] EVENT ExtractionProgress { passage_index: 0, extractor: "ID3GenreMapper", status: "completed", timestamp: 1766335823 }
[  6438.948s] EVENT FusionStarted { passage_index: 0, timestamp: 1766335823 }
[  6438.948s] EVENT ExtractionProgress { passage_index: 0, extractor: "MusicBrainz-Pass2", status: "running", timestamp: 1766335823 }
[  6438.948s] EVENT ExtractionProgress { passage_index: 0, extractor: "MusicBrainz-Pass2", status: "completed", timestamp: 1766335823 }
[  6438.948s] EVENT FusionStarted { passage_index: 0, timestamp: 1766335823 }
[  6438.948s] EVENT ValidationStarted { passage_index: 0, timestamp: 1766335823 }
[  6438.948s] EVENT PassageCompleted: passage #0
[  6438.948s] EVENT FileCompleted: "C:\\Users\\Mango Cat\\Music\\Aretha Franklin\\The Atlantic Singles Collection 1967–1970\\206 - Pledging My Love - The Clock.mp3"
[  6438.948s] EVENT FileStarted: "C:\\Users\\Mango Cat\\Music\\Aretha Franklin\\The Atlantic Singles Collection 1967–1970\\207 - Eleanor Rigby.mp3"
[  6438.948s] EVENT SingleTrackCheckCompleted { file_path: "C:\\Users\\Mango Cat\\Music\\Aretha Franklin\\The Atlantic Singles Collection 1967–1970\\207 - Eleanor Rigby.mp3", score: 1.8, is_single_track: true }
[  6455.479s] EVENT BoundaryDetected { passage_index: 0, start_time: 0, end_time: 4473815040, confidence: 0.5, timestamp: 1766335840 }
[  6455.479s] EVENT PassageStarted: passage #0
[  6455.479s] EVENT ExtractionProgress { passage_index: 0, extractor: "ID3", status: "running", timestamp: 1766335840 }
[  6455.479s] EVENT ExtractionProgress { passage_index: 0, extractor: "ID3", status: "completed", timestamp: 1766335840 }
[  6455.479s] EVENT ExtractionProgress { passage_index: 0, extractor: "Chromaprint", status: "running", timestamp: 1766335840 }
[  6455.873s] EVENT ExtractionProgress { passage_index: 0, extractor: "Chromaprint", status: "completed", timestamp: 1766335840 }
[  6455.873s] EVENT ExtractionProgress { passage_index: 0, extractor: "AudioDerived", status: "running", timestamp: 1766335840 }
[  6456.571s] FILE_COMPLETE [135/5737] 207 - Eleanor Rigby.mp3 - 1 passages in 17.62s (total_elapsed: 6456.6s)
[  6456.571s] FILE_START [136/5737] 208 - It Ain’t Fair.mp3
[  6456.573s] EVENT ExtractionProgress { passage_index: 0, extractor: "AudioDerived", status: "completed", timestamp: 1766335841 }
[  6456.573s] EVENT ExtractionProgress { passage_index: 0, extractor: "ID3GenreMapper", status: "running", timestamp: 1766335841 }
[  6456.573s] EVENT ExtractionProgress { passage_index: 0, extractor: "ID3GenreMapper", status: "completed", timestamp: 1766335841 }
[  6456.573s] EVENT FusionStarted { passage_index: 0, timestamp: 1766335841 }
[  6456.573s] EVENT ExtractionProgress { passage_index: 0, extractor: "MusicBrainz-Pass2", status: "running", timestamp: 1766335841 }
[  6456.573s] EVENT ExtractionProgress { passage_index: 0, extractor: "MusicBrainz-Pass2", status: "completed", timestamp: 1766335841 }
[  6456.573s] EVENT FusionStarted { passage_index: 0, timestamp: 1766335841 }
[  6456.573s] EVENT ValidationStarted { passage_index: 0, timestamp: 1766335841 }
[  6456.573s] EVENT PassageCompleted: passage #0
[  6456.573s] EVENT FileCompleted: "C:\\Users\\Mango Cat\\Music\\Aretha Franklin\\The Atlantic Singles Collection 1967–1970\\207 - Eleanor Rigby.mp3"
[  6456.573s] EVENT FileStarted: "C:\\Users\\Mango Cat\\Music\\Aretha Franklin\\The Atlantic Singles Collection 1967–1970\\208 - It Ain’t Fair.mp3"
[  6456.573s] EVENT SingleTrackCheckCompleted { file_path: "C:\\Users\\Mango Cat\\Music\\Aretha Franklin\\The Atlantic Singles Collection 1967–1970\\208 - It Ain’t Fair.mp3", score: 1.8, is_single_track: true }
[  6477.831s] EVENT BoundaryDetected { passage_index: 0, start_time: 0, end_time: 5749309440, confidence: 0.5, timestamp: 1766335862 }
[  6477.831s] EVENT PassageStarted: passage #0
[  6477.831s] EVENT ExtractionProgress { passage_index: 0, extractor: "ID3", status: "running", timestamp: 1766335862 }
[  6477.831s] EVENT ExtractionProgress { passage_index: 0, extractor: "ID3", status: "completed", timestamp: 1766335862 }
[  6477.831s] EVENT ExtractionProgress { passage_index: 0, extractor: "Chromaprint", status: "running", timestamp: 1766335862 }
[  6478.331s] EVENT ExtractionProgress { passage_index: 0, extractor: "Chromaprint", status: "completed", timestamp: 1766335862 }
[  6478.331s] EVENT ExtractionProgress { passage_index: 0, extractor: "AudioDerived", status: "running", timestamp: 1766335862 }
[  6479.213s] FILE_COMPLETE [136/5737] 208 - It Ain’t Fair.mp3 - 1 passages in 22.64s (total_elapsed: 6479.2s)
[  6479.213s] FILE_START [137/5737] 209 - Call Me.mp3
[  6479.215s] EVENT ExtractionProgress { passage_index: 0, extractor: "AudioDerived", status: "completed", timestamp: 1766335863 }
[  6479.215s] EVENT ExtractionProgress { passage_index: 0, extractor: "ID3GenreMapper", status: "running", timestamp: 1766335863 }
[  6479.215s] EVENT ExtractionProgress { passage_index: 0, extractor: "ID3GenreMapper", status: "completed", timestamp: 1766335863 }
[  6479.215s] EVENT FusionStarted { passage_index: 0, timestamp: 1766335863 }
[  6479.215s] EVENT ExtractionProgress { passage_index: 0, extractor: "MusicBrainz-Pass2", status: "running", timestamp: 1766335863 }
[  6479.215s] EVENT ExtractionProgress { passage_index: 0, extractor: "MusicBrainz-Pass2", status: "completed", timestamp: 1766335863 }
[  6479.215s] EVENT FusionStarted { passage_index: 0, timestamp: 1766335863 }
[  6479.215s] EVENT ValidationStarted { passage_index: 0, timestamp: 1766335863 }
[  6479.215s] EVENT PassageCompleted: passage #0
[  6479.215s] EVENT FileCompleted: "C:\\Users\\Mango Cat\\Music\\Aretha Franklin\\The Atlantic Singles Collection 1967–1970\\208 - It Ain’t Fair.mp3"
[  6479.215s] EVENT FileStarted: "C:\\Users\\Mango Cat\\Music\\Aretha Franklin\\The Atlantic Singles Collection 1967–1970\\209 - Call Me.mp3"
[  6479.215s] EVENT SingleTrackCheckCompleted { file_path: "C:\\Users\\Mango Cat\\Music\\Aretha Franklin\\The Atlantic Singles Collection 1967–1970\\209 - Call Me.mp3", score: 1.8, is_single_track: true }
[  6499.904s] EVENT BoundaryDetected { passage_index: 0, start_time: 0, end_time: 5584896000, confidence: 0.5, timestamp: 1766335884 }
[  6499.904s] EVENT PassageStarted: passage #0
[  6499.904s] EVENT ExtractionProgress { passage_index: 0, extractor: "ID3", status: "running", timestamp: 1766335884 }
[  6499.904s] EVENT ExtractionProgress { passage_index: 0, extractor: "ID3", status: "completed", timestamp: 1766335884 }
[  6499.904s] EVENT ExtractionProgress { passage_index: 0, extractor: "Chromaprint", status: "running", timestamp: 1766335884 }
[  6500.401s] EVENT ExtractionProgress { passage_index: 0, extractor: "Chromaprint", status: "completed", timestamp: 1766335885 }
[  6500.401s] EVENT ExtractionProgress { passage_index: 0, extractor: "AudioDerived", status: "running", timestamp: 1766335885 }
[  6501.241s] FILE_COMPLETE [137/5737] 209 - Call Me.mp3 - 1 passages in 22.03s (total_elapsed: 6501.2s)
[  6501.241s] FILE_START [138/5737] 210 - Son of a Preacher Man.mp3
[  6501.243s] EVENT ExtractionProgress { passage_index: 0, extractor: "AudioDerived", status: "completed", timestamp: 1766335885 }
[  6501.243s] EVENT ExtractionProgress { passage_index: 0, extractor: "ID3GenreMapper", status: "running", timestamp: 1766335885 }
[  6501.243s] EVENT ExtractionProgress { passage_index: 0, extractor: "ID3GenreMapper", status: "completed", timestamp: 1766335885 }
[  6501.243s] EVENT FusionStarted { passage_index: 0, timestamp: 1766335885 }
[  6501.243s] EVENT ExtractionProgress { passage_index: 0, extractor: "MusicBrainz-Pass2", status: "running", timestamp: 1766335885 }
[  6501.243s] EVENT ExtractionProgress { passage_index: 0, extractor: "MusicBrainz-Pass2", status: "completed", timestamp: 1766335885 }
[  6501.243s] EVENT FusionStarted { passage_index: 0, timestamp: 1766335885 }
[  6501.243s] EVENT ValidationStarted { passage_index: 0, timestamp: 1766335885 }
[  6501.244s] EVENT PassageCompleted: passage #0
[  6501.244s] EVENT FileCompleted: "C:\\Users\\Mango Cat\\Music\\Aretha Franklin\\The Atlantic Singles Collection 1967–1970\\209 - Call Me.mp3"
[  6501.244s] EVENT FileStarted: "C:\\Users\\Mango Cat\\Music\\Aretha Franklin\\The Atlantic Singles Collection 1967–1970\\210 - Son of a Preacher Man.mp3"
[  6501.244s] EVENT SingleTrackCheckCompleted { file_path: "C:\\Users\\Mango Cat\\Music\\Aretha Franklin\\The Atlantic Singles Collection 1967–1970\\210 - Son of a Preacher Man.mp3", score: 1.8, is_single_track: true }
[  6520.789s] EVENT BoundaryDetected { passage_index: 0, start_time: 0, end_time: 5302517760, confidence: 0.5, timestamp: 1766335905 }
[  6520.789s] EVENT PassageStarted: passage #0
[  6520.789s] EVENT ExtractionProgress { passage_index: 0, extractor: "ID3", status: "running", timestamp: 1766335905 }
[  6520.789s] EVENT ExtractionProgress { passage_index: 0, extractor: "ID3", status: "completed", timestamp: 1766335905 }
[  6520.789s] EVENT ExtractionProgress { passage_index: 0, extractor: "Chromaprint", status: "running", timestamp: 1766335905 }
[  6521.267s] EVENT ExtractionProgress { passage_index: 0, extractor: "Chromaprint", status: "completed", timestamp: 1766335905 }
[  6521.267s] EVENT ExtractionProgress { passage_index: 0, extractor: "AudioDerived", status: "running", timestamp: 1766335905 }
[  6522.065s] FILE_COMPLETE [138/5737] 210 - Son of a Preacher Man.mp3 - 1 passages in 20.82s (total_elapsed: 6522.1s)
[  6522.066s] FILE_START [139/5737] 211 - Spirit in the Dark.mp3
[  6522.072s] EVENT ExtractionProgress { passage_index: 0, extractor: "AudioDerived", status: "completed", timestamp: 1766335906 }
[  6522.072s] EVENT ExtractionProgress { passage_index: 0, extractor: "ID3GenreMapper", status: "running", timestamp: 1766335906 }
[  6522.072s] EVENT ExtractionProgress { passage_index: 0, extractor: "ID3GenreMapper", status: "completed", timestamp: 1766335906 }
[  6522.072s] EVENT FusionStarted { passage_index: 0, timestamp: 1766335906 }
[  6522.072s] EVENT ExtractionProgress { passage_index: 0, extractor: "MusicBrainz-Pass2", status: "running", timestamp: 1766335906 }
[  6522.072s] EVENT ExtractionProgress { passage_index: 0, extractor: "MusicBrainz-Pass2", status: "completed", timestamp: 1766335906 }
[  6522.072s] EVENT FusionStarted { passage_index: 0, timestamp: 1766335906 }
[  6522.072s] EVENT ValidationStarted { passage_index: 0, timestamp: 1766335906 }
[  6522.072s] EVENT PassageCompleted: passage #0
[  6522.072s] EVENT FileCompleted: "C:\\Users\\Mango Cat\\Music\\Aretha Franklin\\The Atlantic Singles Collection 1967–1970\\210 - Son of a Preacher Man.mp3"
[  6522.072s] EVENT FileStarted: "C:\\Users\\Mango Cat\\Music\\Aretha Franklin\\The Atlantic Singles Collection 1967–1970\\211 - Spirit in the Dark.mp3"
[  6522.072s] EVENT SingleTrackCheckCompleted { file_path: "C:\\Users\\Mango Cat\\Music\\Aretha Franklin\\The Atlantic Singles Collection 1967–1970\\211 - Spirit in the Dark.mp3", score: 1.8, is_single_track: true }
[  6540.710s] EVENT BoundaryDetected { passage_index: 0, start_time: 0, end_time: 5054791680, confidence: 0.5, timestamp: 1766335925 }
[  6540.710s] EVENT PassageStarted: passage #0
[  6540.710s] EVENT ExtractionProgress { passage_index: 0, extractor: "ID3", status: "running", timestamp: 1766335925 }
[  6540.710s] EVENT ExtractionProgress { passage_index: 0, extractor: "ID3", status: "completed", timestamp: 1766335925 }
[  6540.710s] EVENT ExtractionProgress { passage_index: 0, extractor: "Chromaprint", status: "running", timestamp: 1766335925 }
[  6541.164s] EVENT ExtractionProgress { passage_index: 0, extractor: "Chromaprint", status: "completed", timestamp: 1766335925 }
[  6541.164s] EVENT ExtractionProgress { passage_index: 0, extractor: "AudioDerived", status: "running", timestamp: 1766335925 }
[  6541.936s] FILE_COMPLETE [139/5737] 211 - Spirit in the Dark.mp3 - 1 passages in 19.87s (total_elapsed: 6541.9s)
[  6541.936s] FILE_START [140/5737] 212 - The Thrill Is Gone.mp3
[  6541.938s] EVENT ExtractionProgress { passage_index: 0, extractor: "AudioDerived", status: "completed", timestamp: 1766335926 }
[  6541.938s] EVENT ExtractionProgress { passage_index: 0, extractor: "ID3GenreMapper", status: "running", timestamp: 1766335926 }
[  6541.938s] EVENT ExtractionProgress { passage_index: 0, extractor: "ID3GenreMapper", status: "completed", timestamp: 1766335926 }
[  6541.938s] EVENT FusionStarted { passage_index: 0, timestamp: 1766335926 }
[  6541.938s] EVENT ExtractionProgress { passage_index: 0, extractor: "MusicBrainz-Pass2", status: "running", timestamp: 1766335926 }
[  6541.938s] EVENT ExtractionProgress { passage_index: 0, extractor: "MusicBrainz-Pass2", status: "completed", timestamp: 1766335926 }
[  6541.938s] EVENT FusionStarted { passage_index: 0, timestamp: 1766335926 }
[  6541.938s] EVENT ValidationStarted { passage_index: 0, timestamp: 1766335926 }
[  6541.938s] EVENT PassageCompleted: passage #0
[  6541.938s] EVENT FileCompleted: "C:\\Users\\Mango Cat\\Music\\Aretha Franklin\\The Atlantic Singles Collection 1967–1970\\211 - Spirit in the Dark.mp3"
[  6541.938s] EVENT FileStarted: "C:\\Users\\Mango Cat\\Music\\Aretha Franklin\\The Atlantic Singles Collection 1967–1970\\212 - The Thrill Is Gone.mp3"
[  6541.938s] EVENT SingleTrackCheckCompleted { file_path: "C:\\Users\\Mango Cat\\Music\\Aretha Franklin\\The Atlantic Singles Collection 1967–1970\\212 - The Thrill Is Gone.mp3", score: 1.8, is_single_track: true }
[  6558.918s] EVENT BoundaryDetected { passage_index: 0, start_time: 0, end_time: 4584407040, confidence: 0.5, timestamp: 1766335943 }
[  6558.918s] EVENT PassageStarted: passage #0
[  6558.918s] EVENT ExtractionProgress { passage_index: 0, extractor: "ID3", status: "running", timestamp: 1766335943 }
[  6558.918s] EVENT ExtractionProgress { passage_index: 0, extractor: "ID3", status: "completed", timestamp: 1766335943 }
[  6558.918s] EVENT ExtractionProgress { passage_index: 0, extractor: "Chromaprint", status: "running", timestamp: 1766335943 }
[  6559.322s] EVENT ExtractionProgress { passage_index: 0, extractor: "Chromaprint", status: "completed", timestamp: 1766335943 }
[  6559.322s] EVENT ExtractionProgress { passage_index: 0, extractor: "AudioDerived", status: "running", timestamp: 1766335943 }
[  6560.018s] FILE_COMPLETE [140/5737] 212 - The Thrill Is Gone.mp3 - 1 passages in 18.08s (total_elapsed: 6560.0s)
[  6560.019s] PROGRESS 140/5737 (2.4%) - 0.02 files/sec - ETA: 4371.0min
[  6560.019s] FILE_START [141/5737] 213 - Don’t Play That Song.mp3
[  6560.020s] EVENT ExtractionProgress { passage_index: 0, extractor: "AudioDerived", status: "completed", timestamp: 1766335944 }
[  6560.020s] EVENT ExtractionProgress { passage_index: 0, extractor: "ID3GenreMapper", status: "running", timestamp: 1766335944 }
[  6560.020s] EVENT ExtractionProgress { passage_index: 0, extractor: "ID3GenreMapper", status: "completed", timestamp: 1766335944 }
[  6560.020s] EVENT FusionStarted { passage_index: 0, timestamp: 1766335944 }
[  6560.020s] EVENT ExtractionProgress { passage_index: 0, extractor: "MusicBrainz-Pass2", status: "running", timestamp: 1766335944 }
[  6560.020s] EVENT ExtractionProgress { passage_index: 0, extractor: "MusicBrainz-Pass2", status: "completed", timestamp: 1766335944 }
[  6560.020s] EVENT FusionStarted { passage_index: 0, timestamp: 1766335944 }
[  6560.020s] EVENT ValidationStarted { passage_index: 0, timestamp: 1766335944 }
[  6560.020s] EVENT PassageCompleted: passage #0
[  6560.020s] EVENT FileCompleted: "C:\\Users\\Mango Cat\\Music\\Aretha Franklin\\The Atlantic Singles Collection 1967–1970\\212 - The Thrill Is Gone.mp3"
[  6560.020s] EVENT FileStarted: "C:\\Users\\Mango Cat\\Music\\Aretha Franklin\\The Atlantic Singles Collection 1967–1970\\213 - Don’t Play That Song.mp3"
[  6560.020s] EVENT SingleTrackCheckCompleted { file_path: "C:\\Users\\Mango Cat\\Music\\Aretha Franklin\\The Atlantic Singles Collection 1967–1970\\213 - Don’t Play That Song.mp3", score: 1.8, is_single_track: true }
[  6579.222s] EVENT BoundaryDetected { passage_index: 0, start_time: 0, end_time: 5191188480, confidence: 0.5, timestamp: 1766335963 }
[  6579.222s] EVENT PassageStarted: passage #0
[  6579.222s] EVENT ExtractionProgress { passage_index: 0, extractor: "ID3", status: "running", timestamp: 1766335963 }
[  6579.222s] EVENT ExtractionProgress { passage_index: 0, extractor: "ID3", status: "completed", timestamp: 1766335963 }
[  6579.222s] EVENT ExtractionProgress { passage_index: 0, extractor: "Chromaprint", status: "running", timestamp: 1766335963 }
[  6579.670s] EVENT ExtractionProgress { passage_index: 0, extractor: "Chromaprint", status: "completed", timestamp: 1766335964 }
[  6579.670s] EVENT ExtractionProgress { passage_index: 0, extractor: "AudioDerived", status: "running", timestamp: 1766335964 }
[  6580.473s] FILE_COMPLETE [141/5737] 213 - Don’t Play That Song.mp3 - 1 passages in 20.45s (total_elapsed: 6580.5s)
[  6580.473s] FILE_START [142/5737] 214 - Let It Be.mp3
[  6580.475s] EVENT ExtractionProgress { passage_index: 0, extractor: "AudioDerived", status: "completed", timestamp: 1766335965 }
[  6580.475s] EVENT ExtractionProgress { passage_index: 0, extractor: "ID3GenreMapper", status: "running", timestamp: 1766335965 }
[  6580.475s] EVENT ExtractionProgress { passage_index: 0, extractor: "ID3GenreMapper", status: "completed", timestamp: 1766335965 }
[  6580.475s] EVENT FusionStarted { passage_index: 0, timestamp: 1766335965 }
[  6580.475s] EVENT ExtractionProgress { passage_index: 0, extractor: "MusicBrainz-Pass2", status: "running", timestamp: 1766335965 }
[  6580.475s] EVENT ExtractionProgress { passage_index: 0, extractor: "MusicBrainz-Pass2", status: "completed", timestamp: 1766335965 }
[  6580.475s] EVENT FusionStarted { passage_index: 0, timestamp: 1766335965 }
[  6580.475s] EVENT ValidationStarted { passage_index: 0, timestamp: 1766335965 }
[  6580.475s] EVENT PassageCompleted: passage #0
[  6580.475s] EVENT FileCompleted: "C:\\Users\\Mango Cat\\Music\\Aretha Franklin\\The Atlantic Singles Collection 1967–1970\\213 - Don’t Play That Song.mp3"
[  6580.475s] EVENT FileStarted: "C:\\Users\\Mango Cat\\Music\\Aretha Franklin\\The Atlantic Singles Collection 1967–1970\\214 - Let It Be.mp3"
[  6580.475s] EVENT SingleTrackCheckCompleted { file_path: "C:\\Users\\Mango Cat\\Music\\Aretha Franklin\\The Atlantic Singles Collection 1967–1970\\214 - Let It Be.mp3", score: 1.8, is_single_track: true }
[  6591.707s] EVENT BoundaryDetected { passage_index: 0, start_time: 0, end_time: 6028001280, confidence: 0.5, timestamp: 1766335976 }
[  6591.707s] EVENT PassageStarted: passage #0
[  6591.707s] EVENT ExtractionProgress { passage_index: 0, extractor: "ID3", status: "running", timestamp: 1766335976 }
[  6591.707s] EVENT ExtractionProgress { passage_index: 0, extractor: "ID3", status: "completed", timestamp: 1766335976 }
[  6591.707s] EVENT ExtractionProgress { passage_index: 0, extractor: "Chromaprint", status: "running", timestamp: 1766335976 }
[  6591.956s] EVENT ExtractionProgress { passage_index: 0, extractor: "Chromaprint", status: "completed", timestamp: 1766335976 }
[  6591.956s] EVENT ExtractionProgress { passage_index: 0, extractor: "AudioDerived", status: "running", timestamp: 1766335976 }
[  6592.361s] EVENT ExtractionProgress { passage_index: 0, extractor: "AudioDerived", status: "completed", timestamp: 1766335976 }
[  6592.362s] EVENT ExtractionProgress { passage_index: 0, extractor: "ID3GenreMapper", status: "running", timestamp: 1766335976 }
[  6592.362s] EVENT ExtractionProgress { passage_index: 0, extractor: "ID3GenreMapper", status: "completed", timestamp: 1766335976 }
[  6592.362s] EVENT FusionStarted { passage_index: 0, timestamp: 1766335976 }
[  6592.362s] EVENT ExtractionProgress { passage_index: 0, extractor: "MusicBrainz-Pass2", status: "running", timestamp: 1766335976 }
[  6592.364s] FILE_COMPLETE [142/5737] 214 - Let It Be.mp3 - 1 passages in 11.89s (total_elapsed: 6592.4s)
[  6592.364s] FILE_START [143/5737] 215 - Border Song (Holy Moses).mp3
[  6592.365s] EVENT ExtractionProgress { passage_index: 0, extractor: "MusicBrainz-Pass2", status: "completed", timestamp: 1766335976 }
[  6592.365s] EVENT FusionStarted { passage_index: 0, timestamp: 1766335976 }
[  6592.365s] EVENT ValidationStarted { passage_index: 0, timestamp: 1766335976 }
[  6592.365s] EVENT PassageCompleted: passage #0
[  6592.365s] EVENT FileCompleted: "C:\\Users\\Mango Cat\\Music\\Aretha Franklin\\The Atlantic Singles Collection 1967–1970\\214 - Let It Be.mp3"
[  6592.365s] EVENT FileStarted: "C:\\Users\\Mango Cat\\Music\\Aretha Franklin\\The Atlantic Singles Collection 1967–1970\\215 - Border Song (Holy Moses).mp3"
[  6592.365s] EVENT SingleTrackCheckCompleted { file_path: "C:\\Users\\Mango Cat\\Music\\Aretha Franklin\\The Atlantic Singles Collection 1967–1970\\215 - Border Song (Holy Moses).mp3", score: 1.8, is_single_track: true }
[  6599.873s] EVENT BoundaryDetected { passage_index: 0, start_time: 0, end_time: 5804605440, confidence: 0.5, timestamp: 1766335984 }
[  6599.874s] EVENT PassageStarted: passage #0
[  6599.874s] EVENT ExtractionProgress { passage_index: 0, extractor: "ID3", status: "running", timestamp: 1766335984 }
[  6599.874s] EVENT ExtractionProgress { passage_index: 0, extractor: "ID3", status: "completed", timestamp: 1766335984 }
[  6599.874s] EVENT ExtractionProgress { passage_index: 0, extractor: "Chromaprint", status: "running", timestamp: 1766335984 }
[  6600.108s] EVENT ExtractionProgress { passage_index: 0, extractor: "Chromaprint", status: "completed", timestamp: 1766335984 }
[  6600.108s] EVENT ExtractionProgress { passage_index: 0, extractor: "AudioDerived", status: "running", timestamp: 1766335984 }
[  6600.500s] EVENT ExtractionProgress { passage_index: 0, extractor: "AudioDerived", status: "completed", timestamp: 1766335985 }
[  6600.500s] EVENT ExtractionProgress { passage_index: 0, extractor: "ID3GenreMapper", status: "running", timestamp: 1766335985 }
[  6600.500s] EVENT ExtractionProgress { passage_index: 0, extractor: "ID3GenreMapper", status: "completed", timestamp: 1766335985 }
[  6600.500s] EVENT FusionStarted { passage_index: 0, timestamp: 1766335985 }
[  6600.500s] EVENT ExtractionProgress { passage_index: 0, extractor: "MusicBrainz-Pass2", status: "running", timestamp: 1766335985 }
[  6600.503s] FILE_COMPLETE [143/5737] 215 - Border Song (Holy Moses).mp3 - 1 passages in 8.14s (total_elapsed: 6600.5s)
[  6600.503s] FILE_START [144/5737] 216 - You and Me.mp3
[  6600.504s] EVENT ExtractionProgress { passage_index: 0, extractor: "MusicBrainz-Pass2", status: "completed", timestamp: 1766335985 }
[  6600.504s] EVENT FusionStarted { passage_index: 0, timestamp: 1766335985 }
[  6600.504s] EVENT ValidationStarted { passage_index: 0, timestamp: 1766335985 }
[  6600.504s] EVENT PassageCompleted: passage #0
[  6600.504s] EVENT FileCompleted: "C:\\Users\\Mango Cat\\Music\\Aretha Franklin\\The Atlantic Singles Collection 1967–1970\\215 - Border Song (Holy Moses).mp3"
[  6600.504s] EVENT FileStarted: "C:\\Users\\Mango Cat\\Music\\Aretha Franklin\\The Atlantic Singles Collection 1967–1970\\216 - You and Me.mp3"
[  6600.504s] EVENT SingleTrackCheckCompleted { file_path: "C:\\Users\\Mango Cat\\Music\\Aretha Franklin\\The Atlantic Singles Collection 1967–1970\\216 - You and Me.mp3", score: 1.8, is_single_track: true }
[  6608.186s] EVENT BoundaryDetected { passage_index: 0, start_time: 0, end_time: 6036111360, confidence: 0.5, timestamp: 1766335992 }
[  6608.186s] EVENT PassageStarted: passage #0
[  6608.186s] EVENT ExtractionProgress { passage_index: 0, extractor: "ID3", status: "running", timestamp: 1766335992 }
[  6608.186s] EVENT ExtractionProgress { passage_index: 0, extractor: "ID3", status: "completed", timestamp: 1766335992 }
[  6608.186s] EVENT ExtractionProgress { passage_index: 0, extractor: "Chromaprint", status: "running", timestamp: 1766335992 }
[  6608.439s] EVENT ExtractionProgress { passage_index: 0, extractor: "Chromaprint", status: "completed", timestamp: 1766335993 }
[  6608.439s] EVENT ExtractionProgress { passage_index: 0, extractor: "AudioDerived", status: "running", timestamp: 1766335993 }
[  6608.840s] EVENT ExtractionProgress { passage_index: 0, extractor: "AudioDerived", status: "completed", timestamp: 1766335993 }
[  6608.840s] EVENT ExtractionProgress { passage_index: 0, extractor: "ID3GenreMapper", status: "running", timestamp: 1766335993 }
[  6608.840s] EVENT ExtractionProgress { passage_index: 0, extractor: "ID3GenreMapper", status: "completed", timestamp: 1766335993 }
[  6608.840s] EVENT FusionStarted { passage_index: 0, timestamp: 1766335993 }
[  6608.840s] EVENT ExtractionProgress { passage_index: 0, extractor: "MusicBrainz-Pass2", status: "running", timestamp: 1766335993 }
[  6608.843s] FILE_COMPLETE [144/5737] 216 - You and Me.mp3 - 1 passages in 8.34s (total_elapsed: 6608.8s)
[  6608.843s] FILE_START [145/5737] GoldAsia.mp3
[  6608.844s] EVENT ExtractionProgress { passage_index: 0, extractor: "MusicBrainz-Pass2", status: "completed", timestamp: 1766335993 }
[  6608.844s] EVENT FusionStarted { passage_index: 0, timestamp: 1766335993 }
[  6608.844s] EVENT ValidationStarted { passage_index: 0, timestamp: 1766335993 }
[  6608.844s] EVENT PassageCompleted: passage #0
[  6608.844s] EVENT FileCompleted: "C:\\Users\\Mango Cat\\Music\\Aretha Franklin\\The Atlantic Singles Collection 1967–1970\\216 - You and Me.mp3"
[  6608.844s] EVENT FileStarted: "C:\\Users\\Mango Cat\\Music\\Asia\\GoldAsia.mp3"
[  6608.844s] EVENT SingleTrackCheckCompleted { file_path: "C:\\Users\\Mango Cat\\Music\\Asia\\GoldAsia.mp3", score: -0.5, is_single_track: false }
[  6608.844s] EVENT AlbumMatchingStarted: "C:\\Users\\Mango Cat\\Music\\Asia\\GoldAsia.mp3"
